track_id,A_source,C_source,B_source,A_ra,A_dec,C_ra,C_dec,B_ra,B_dec,total_motion_arcsec,motion_arcsec_per_day,C_prediction_error_arcsec,C_gate_arcsec,motion_significance_chi2,flux_A,flux_C,flux_B,A_class,C_class,B_class,A_counterpart_epochs,C_counterpart_epochs,B_counterpart_epochs,passes_fixed_4arcsec_C_gate,rejection_reason,rejection_detail
REJ-0001,18995,16396,19991,156.57566171838172,-43.41738828268953,156.57679278279414,-43.418088949115855,156.57775778442388,-43.41860574616627,7.0178872528849015,0.22756377130169422,0.19304558697691285,2.126434786049085,104.08305419454521,58.52017878446244,142.1457416266525,72.91987190459945,BLEND_FRAGMENT,BLEND_FRAGMENT,BLEND_FRAGMENT,,,,True,BLEND_MISLINK,0 stationary + 3 blend-fragment detection(s): the path is built from detections around persistent sources
REJ-0002,26804,24441,28110,154.50512155094603,-43.388710767530384,154.50644570270282,-43.389276930710615,154.50726951453842,-43.38981723324208,6.887936075413743,0.2233499418449334,0.3435248337069683,2.1260523344960074,100.26410236369455,54.19405502692915,132.47201522107562,57.24732502984395,BLEND_FRAGMENT,STATIONARY,BLEND_FRAGMENT,,B,,True,BLEND_MISLINK,1 stationary + 2 blend-fragment detection(s): the path is built from detections around persistent sources
REJ-0003,20658,18089,21720,153.15284255495192,-42.09283401891059,153.15184945061978,-42.09207928831728,153.15089470238237,-42.0916269844304,6.77930686207333,0.21982750374205298,0.4029857712950397,2.125738067907703,97.12652240074739,73.36021684096973,173.44188687212986,74.09289194744684,BLEND_FRAGMENT,STATIONARY,BLEND_FRAGMENT,,B,,True,BLEND_MISLINK,1 stationary + 2 blend-fragment detection(s): the path is built from detections around persistent sources
REJ-0004,13193,10346,13899,156.596613504895,-42.74247240261758,156.5950467432388,-42.741513032829495,156.59369842890882,-42.741049774409205,9.253668768528495,0.3000617831922849,0.5854690780822015,2.1469018705399243,175.76494640223544,65.35514813147299,120.85094538257518,85.40649285929194,BLEND_FRAGMENT,BLEND_FRAGMENT,STATIONARY,,,A,True,BLEND_MISLINK,1 stationary + 2 blend-fragment detection(s): the path is built from detections around persistent sources
REJ-0005,32673,30455,34206,155.3084152575931,-44.37118446476163,155.30744483336474,-44.370811201195316,155.30618014161854,-44.370351617789545,6.486362354502987,0.21032841170442854,0.8937237315592738,2.1447429815897516,83.94651492209687,86.6351520201022,188.22933262538706,89.03879331351564,BLEND_FRAGMENT,STATIONARY,BLEND_FRAGMENT,,A,,True,BLEND_MISLINK,1 stationary + 2 blend-fragment detection(s): the path is built from detections around persistent sources
REJ-0006,33617,31390,35165,153.54641552857728,-43.6908627754678,153.5482729636926,-43.6909667035618,153.5490496669661,-43.69111778093244,6.918034892316413,0.22432593362697226,0.906615361499804,2.3137705467562326,87.86553085135974,4.277102965000357,3.6404545041721272,4.254719761669792,BLEND_FRAGMENT,BLEND_FRAGMENT,STATIONARY,,,C,True,BLEND_MISLINK,1 stationary + 2 blend-fragment detection(s): the path is built from detections around persistent sources
REJ-0007,24937,22548,26177,156.25390182999286,-43.95220806523186,156.25499655562984,-43.952676351243184,156.25566805561292,-43.95345058911666,6.4001521751668555,0.20753293881816057,0.9090582750560918,2.1246799723849232,86.56610053432665,67.4971228684455,142.90505686911678,63.13784521407764,BLEND_FRAGMENT,BLEND_FRAGMENT,BLEND_FRAGMENT,,,,True,BLEND_MISLINK,0 stationary + 3 blend-fragment detection(s): the path is built from detections around persistent sources
REJ-0008,22240,19736,23360,154.67564307576532,-42.961887427153876,154.6765825402556,-42.962359705534396,154.67782459057065,-42.962994418539395,6.993671592382054,0.22677854822386204,1.0175646068473032,2.1263629817325915,103.3660032230048,58.328753274220354,140.2140084020846,58.88013108411331,BLEND_FRAGMENT,STATIONARY,BLEND_FRAGMENT,,A,,True,BLEND_MISLINK,1 stationary + 2 blend-fragment detection(s): the path is built from detections around persistent sources
REJ-0009,31617,29342,33068,153.87006652274653,-43.62261006632736,153.87198566267145,-43.623291301712996,153.87373905558002,-43.62332975395205,9.915192621149997,0.3215125214677811,1.0852791730648494,2.362788346015588,162.36691311459893,2.5904045547559105,3.466456016965385,2.18419438452869,BLEND_FRAGMENT,BLEND_FRAGMENT,BLEND_FRAGMENT,,,,True,BLEND_MISLINK,0 stationary + 3 blend-fragment detection(s): the path is built from detections around persistent sources
REJ-0010,29196,26905,30612,155.93557120222422,-44.27270599226295,155.9341716259102,-44.273202774194964,155.93366721902837,-44.27404427640958,6.877366070876214,0.22300719622811727,1.257347804050216,2.145839042847699,94.37230040165066,9.146585867858825,12.009618195932944,9.323233207088919,BLEND_FRAGMENT,BLEND_FRAGMENT,BLEND_FRAGMENT,,,,True,BLEND_MISLINK,0 stationary + 3 blend-fragment detection(s): the path is built from detections around persistent sources
REJ-0011,7029,3951,7390,155.40471734127436,-41.43779970749392,155.40471315508591,-41.436727208376944,155.40534042702936,-41.435488946978275,8.487006798159342,0.2752018099547448,1.3432692919009463,2.4884845767807717,111.5458639372738,2.3899567684787515,1.9656388125481454,1.8424653196587513,BLEND_FRAGMENT,BLEND_FRAGMENT,BLEND_FRAGMENT,,,,True,BLEND_MISLINK,0 stationary + 3 blend-fragment detection(s): the path is built from detections around persistent sources
REJ-0012,25006,22615,26249,156.9223551765206,-44.24317425860255,156.92306103260267,-44.244207741425065,156.92402989770494,-44.244363367650735,6.081059532778157,0.19718596080611783,1.4233100395001654,2.1436739972955423,73.78341770668547,105.89650192793039,188.72120689777512,87.82815142917451,BLEND_FRAGMENT,BLEND_FRAGMENT,STATIONARY,,,C,True,BLEND_MISLINK,1 stationary + 2 blend-fragment detection(s): the path is built from detections around persistent sources
REJ-0013,14347,11552,15106,156.56201965503982,-42.8650350307686,156.56227009060058,-42.865835160393374,156.5615788796827,-42.86670681413373,6.129766159464056,0.19876533409278194,1.4500092305941434,2.1546187730853426,71.85193966937855,6.5060315566058575,8.939274303168814,11.370422110291013,STATIONARY,BLEND_FRAGMENT,BLEND_FRAGMENT,B,,,True,BLEND_MISLINK,1 stationary + 2 blend-fragment detection(s): the path is built from detections around persistent sources
REJ-0014,9448,6488,9973,157.6184038073303,-42.71549513011077,157.6190940573299,-42.71643183017264,157.62028583427804,-42.71657457335042,6.315158986201407,0.20477692836672673,1.5390326737671196,2.1314851388690843,81.86022670480176,82.3442497863813,185.06313165056304,78.99548476900556,BLEND_FRAGMENT,BLEND_FRAGMENT,BLEND_FRAGMENT,,,,True,BLEND_MISLINK,0 stationary + 3 blend-fragment detection(s): the path is built from detections around persistent sources
REJ-0015,11278,8388,11893,155.38292360870432,-41.97424244521332,155.38323403124818,-41.97493135148895,155.383444718274,-41.9762652521539,7.414457406454741,0.24042305451331136,1.7061561029111076,2.1474481625671187,109.68797207891467,166.8613231758992,100.52203571661292,147.78453503318227,BLEND_FRAGMENT,BLEND_FRAGMENT,BLEND_FRAGMENT,,,,True,BLEND_MISLINK,0 stationary + 3 blend-fragment detection(s): the path is built from detections around persistent sources
REJ-0016,13079,10226,13821,154.06034732524762,-41.60684828691408,154.05826804909177,-41.60737858841774,154.05665518232922,-41.60686894748093,9.938740601869835,0.3222760941935958,1.8699293529129395,2.1823086921319237,178.51431621723523,3.7886379886615904,8.288821676561408,9.122056911599984,BLEND_FRAGMENT,STATIONARY,BLEND_FRAGMENT,,B,,True,BLEND_MISLINK,1 stationary + 2 blend-fragment detection(s): the path is built from detections around persistent sources
REJ-0017,9545,6571,10055,154.888188796892,-41.5396397134537,154.8908628604906,-41.538039282090615,154.89192434986168,-41.536047663305894,16.387379327555145,0.5313812700534464,2.1930959400126753,2.146673211208593,551.2179851969697,23.714018935223915,20.283497691382845,17.759874951026703,STATIONARY,BLEND_FRAGMENT,BLEND_FRAGMENT,C,,,True,BLEND_MISLINK,1 stationary + 2 blend-fragment detection(s): the path is built from detections around persistent sources
REJ-0018,23284,20858,24488,156.768719168868,-43.99187993638816,156.7686418589329,-43.9929284058033,156.77006301302796,-43.99379304053065,7.716660647904197,0.2502223725766736,2.2086178581028837,2.102404923181396,122.22587915663449,74.53779243097469,73.66109692182857,141.80357045120869,BLEND_FRAGMENT,BLEND_FRAGMENT,BLEND_FRAGMENT,,,,True,BLEND_MISLINK,0 stationary + 3 blend-fragment detection(s): the path is built from detections around persistent sources
REJ-0019,12996,10147,13725,154.2220528614651,-41.67198230567409,154.22083466172617,-41.67174064183285,154.2199245365908,-41.672651272247094,6.2092360157799575,0.20134224357513592,2.2543843750465165,2.1312050436808168,79.13720393147871,104.11513331441748,131.98363960241926,60.37966428401289,BLEND_FRAGMENT,BLEND_FRAGMENT,BLEND_FRAGMENT,,,,True,BLEND_MISLINK,0 stationary + 3 blend-fragment detection(s): the path is built from detections around persistent sources
REJ-0020,3202,6,3348,157.16601919264713,-41.68430211428692,157.16537314547202,-41.68463354196069,157.16399110755543,-41.6839334772496,5.61180542564345,0.18196980949583763,2.403873878028425,2.383265618231575,48.76964346328734,3.793711154858717,2.9883247424522623,1.7276913045910782,BLEND_FRAGMENT,STATIONARY,BLEND_FRAGMENT,,A,,True,BLEND_MISLINK,1 stationary + 2 blend-fragment detection(s): the path is built from detections around persistent sources
REJ-0021,24305,21885,25494,155.8524270640071,-43.70801508522325,155.85310447781768,-43.70869222085506,155.85501556187532,-43.70860940109487,7.067721668294959,0.22917971454824126,2.4305941063590675,2.1463956463724045,99.6687782574442,143.74764888148874,126.80184403036361,91.52566877912567,BLEND_FRAGMENT,STATIONARY,BLEND_FRAGMENT,,A,,True,BLEND_MISLINK,1 stationary + 2 blend-fragment detection(s): the path is built from detections around persistent sources
REJ-0022,11603,8740,12237,157.25820500648535,-42.83021533484947,157.26044019473352,-42.83000252722544,157.26099029342348,-42.83071117551007,7.567062331143275,0.2453714600561702,2.45250921588137,2.135151089874421,117.53277459452829,135.83172475800447,102.58665394950785,72.18057213243026,BLEND_FRAGMENT,STATIONARY,BLEND_FRAGMENT,,B,,True,BLEND_MISLINK,1 stationary + 2 blend-fragment detection(s): the path is built from detections around persistent sources
REJ-0023,29054,26766,30466,156.14029729367456,-44.34676350850951,156.13971277248655,-44.34743088959115,156.14078224767823,-44.34854865700408,6.54667969729175,0.21228427698201127,2.57050396151909,2.1449079149690817,85.51502840219216,187.62718325078438,93.38969772926518,115.60673137139234,BLEND_FRAGMENT,BLEND_FRAGMENT,BLEND_FRAGMENT,,,,True,BLEND_MISLINK,0 stationary + 3 blend-fragment detection(s): the path is built from detections around persistent sources
REJ-0024,30425,28124,31845,155.50013946838803,-44.21560617834283,155.49993585259517,-44.214297796731664,155.5012233309364,-44.21402359707406,6.346667708633447,0.20579863809889518,2.5708626446581615,2.1443668114498053,80.36959489153547,115.82610735044865,115.30242949903683,98.08291969173455,BLEND_FRAGMENT,BLEND_FRAGMENT,BLEND_FRAGMENT,,,,True,BLEND_MISLINK,0 stationary + 3 blend-fragment detection(s): the path is built from detections around persistent sources
REJ-0025,33207,31018,34773,153.35711538964998,-43.56402571227288,153.35818126513897,-43.565341521343775,153.36000183342227,-43.565260836559474,8.744327526483891,0.2835457563963981,2.6743417378277714,2.1391944102867884,156.94851042752873,128.0524330744471,102.78649927242346,68.38365723032003,BLEND_FRAGMENT,BLEND_FRAGMENT,BLEND_FRAGMENT,,,,True,BLEND_MISLINK,0 stationary + 3 blend-fragment detection(s): the path is built from detections around persistent sources
REJ-0026,7907,4927,8465,155.59452628038542,-41.63941490737611,155.59468998363602,-41.648298393214574,155.59629026249735,-41.6555573245324,58.30612078156323,1.8906488886053676,2.6945491768273255,2.760742689690365,6783.1052188920485,228.73563293941655,263.97753064469634,222.77265203332672,BLEND_FRAGMENT,BLEND_FRAGMENT,BLEND_FRAGMENT,,,,True,BLEND_MISLINK,0 stationary + 3 blend-fragment detection(s): the path is built from detections around persistent sources
REJ-0027,30661,28406,32138,156.50530728062893,-44.67305621789028,156.5047495434143,-44.67434435593707,156.5058938719744,-44.6745231560846,5.49033801266004,0.1780310767130614,2.795364980623969,2.1422386142743086,60.14484682982056,149.9108206167818,177.04300556732574,172.12319507005418,BLEND_FRAGMENT,BLEND_FRAGMENT,BLEND_FRAGMENT,,,,True,BLEND_MISLINK,0 stationary + 3 blend-fragment detection(s): the path is built from detections around persistent sources
REJ-0028,31363,29093,32825,155.6163260844805,-44.36413744362258,155.6143939540474,-44.36434441275119,155.614254482209,-44.363455094546495,5.8703372168514525,0.1903530261661383,2.8798105929960074,2.1361495892735474,70.73436600955729,78.12095870308778,108.51949030913866,101.79672355111865,BLEND_FRAGMENT,BLEND_FRAGMENT,BLEND_FRAGMENT,,,,True,BLEND_MISLINK,0 stationary + 3 blend-fragment detection(s): the path is built from detections around persistent sources
REJ-0029,7097,4006,7494,154.93036447476078,-41.23782399191888,154.929489194727,-41.235833812171116,154.92816485776723,-41.23570961461458,9.664253561740034,0.313375508622105,2.9814874080783014,2.14852933697285,191.70833620906117,75.90757974628596,116.63147340854047,86.07364419689297,BLEND_FRAGMENT,BLEND_FRAGMENT,BLEND_FRAGMENT,,,,True,BLEND_MISLINK,0 stationary + 3 blend-fragment detection(s): the path is built from detections around persistent sources
REJ-0030,29326,27014,30720,153.28719944500696,-43.115588989241104,153.28786956601323,-43.11674072848166,153.28924963292127,-43.11629976175834,5.96443979531452,0.19340441996495805,2.990418832533286,2.0913504907990905,73.02031201980057,126.51654222048376,77.82181560531711,77.36751214071673,BLEND_FRAGMENT,BLEND_FRAGMENT,BLEND_FRAGMENT,,,,True,BLEND_MISLINK,0 stationary + 3 blend-fragment detection(s): the path is built from detections around persistent sources
REJ-0031,15878,13180,16748,156.93478930798517,-43.2088632071459,156.93350394121688,-43.21004756880831,156.93277027189995,-43.209485155586,5.751449006017031,0.186497927238798,2.994597454665726,2.4015517336010546,48.22127643736627,1.400743843750105,2.7654565671431453,1.9716815338460751,BLEND_FRAGMENT,STATIONARY,BLEND_FRAGMENT,,B,,True,BLEND_MISLINK,1 stationary + 2 blend-fragment detection(s): the path is built from detections around persistent sources
REJ-0032,14218,11435,15037,155.7409293251436,-42.49286750688944,155.7365443734084,-42.492902391591514,155.7319915785535,-42.49403671284288,24.095523370062466,0.7813274810485835,3.04215150454794,2.198710543433205,1226.9870582200563,46.11460657406913,57.03209135655151,40.27672871057024,BLEND_FRAGMENT,BLEND_FRAGMENT,BLEND_FRAGMENT,,,,True,BLEND_MISLINK,0 stationary + 3 blend-fragment detection(s): the path is built from detections around persistent sources
REJ-0033,22770,20301,23947,155.63337201308977,-43.4436068310151,155.63237709968817,-43.44471718770302,155.63361275639363,-43.44502312033193,5.137323579664894,0.16658414221532047,3.1482765493647173,2.244909181492158,45.89235455424938,3.723575246072123,7.592603012048648,5.157597734166836,BLEND_FRAGMENT,BLEND_FRAGMENT,BLEND_FRAGMENT,,,,True,BLEND_MISLINK,0 stationary + 3 blend-fragment detection(s): the path is built from detections around persistent sources
REJ-0034,7222,4175,7652,157.22689148337702,-42.25963399258422,157.2253104282223,-42.26026452416118,157.22608640904951,-42.261237955301304,6.159801119206803,0.19973925522654543,3.158841830956213,2.1368830406606985,77.88211676388326,75.95785655832552,94.17808395958357,94.08585155932259,BLEND_FRAGMENT,BLEND_FRAGMENT,BLEND_FRAGMENT,,,,True,BLEND_MISLINK,0 stationary + 3 blend-fragment detection(s): the path is built from detections around persistent sources
REJ-0035,18164,15523,19116,154.69882158653274,-42.50331530396901,154.70017640664204,-42.50290250537534,154.70048623046665,-42.50405523550823,5.158935455936446,0.16728493433295363,3.1967802024498972,2.1414971407122265,53.103169958591394,142.68927010774235,88.18031131856004,124.2376475199641,BLEND_FRAGMENT,BLEND_FRAGMENT,BLEND_FRAGMENT,,,,True,BLEND_MISLINK,0 stationary + 3 blend-fragment detection(s): the path is built from detections around persistent sources
REJ-0036,29635,27292,31048,154.6211597123444,-43.74567479227241,154.62243803261737,-43.74534977287694,154.6232611547874,-43.74667315774917,6.541083427282251,0.21210281092781375,3.2412420876411465,2.0988143056927044,87.82208480811099,60.571108040799324,55.504254183800256,102.10406916682366,BLEND_FRAGMENT,BLEND_FRAGMENT,BLEND_FRAGMENT,,,,True,BLEND_MISLINK,0 stationary + 3 blend-fragment detection(s): the path is built from detections around persistent sources
REJ-0037,18034,15356,18956,153.56884764389184,-41.978442718736,153.57010346311236,-41.97778856310337,153.570929127753,-41.97888555156374,5.794134430100568,0.18788205550048653,3.2752026514002153,2.096837878576362,68.90988103272018,73.80408978735878,60.88602013688667,85.8530343433417,BLEND_FRAGMENT,BLEND_FRAGMENT,BLEND_FRAGMENT,,,,True,BLEND_MISLINK,0 stationary + 3 blend-fragment detection(s): the path is built from detections around persistent sources
REJ-0038,18021,15360,18960,154.1031035555498,-42.21931554422439,154.10490198659207,-42.21907506366559,154.105249265216,-42.220303635960235,6.736344812207709,0.2184344055434102,3.277194432698036,2.093458930761939,93.14359249891609,88.8152016858005,78.71038866958438,74.86716686958337,BLEND_FRAGMENT,BLEND_FRAGMENT,BLEND_FRAGMENT,,,,True,BLEND_MISLINK,0 stationary + 3 blend-fragment detection(s): the path is built from detections around persistent sources
REJ-0039,22175,19690,23307,155.88470415876375,-43.485640606304806,155.883939041494,-43.48653626950829,155.88272364315446,-43.4856747630262,5.174504564906504,0.16778978216327134,3.3010251799134305,2.3056687165909135,41.465023918155474,2.9952789469285657,4.481586716481062,1.8684655698584705,BLEND_FRAGMENT,BLEND_FRAGMENT,BLEND_FRAGMENT,,,,True,BLEND_MISLINK,0 stationary + 3 blend-fragment detection(s): the path is built from detections around persistent sources
REJ-0040,27373,25027,28729,156.76046799296228,-44.43230951949351,156.7602398358745,-44.431354860006834,156.75834570051543,-44.43167125223505,5.919890012298508,0.19195983753316873,3.3132859224140514,2.143267934283046,69.92420441737957,104.90896986813239,116.03622254945145,125.51260688095654,BLEND_FRAGMENT,BLEND_FRAGMENT,BLEND_FRAGMENT,,,,True,BLEND_MISLINK,0 stationary + 3 blend-fragment detection(s): the path is built from detections around persistent sources
REJ-0041,20972,18415,22063,155.5748632232113,-43.21293251854901,155.57201527869927,-43.21190857478587,155.5711127243567,-43.21253684550782,9.942891757911045,0.3224107006199974,3.3939586217041358,2.097800805327669,208.92609031977705,37.28024688923118,41.73389888467229,79.04978510759766,BLEND_FRAGMENT,BLEND_FRAGMENT,STATIONARY,,,A,True,BLEND_MISLINK,1 stationary + 2 blend-fragment detection(s): the path is built from detections around persistent sources
REJ-0042,30026,27723,31422,155.9838394359042,-44.3806641585388,155.98211747820304,-44.38074031726387,155.9818175139528,-44.37931082961934,7.127471826313624,0.23111718815028726,3.3952637814744073,2.10764599003613,101.36109103266195,99.58793223180002,74.5037397916427,159.53934837502297,BLEND_FRAGMENT,BLEND_FRAGMENT,BLEND_FRAGMENT,,,,True,BLEND_MISLINK,0 stationary + 3 blend-fragment detection(s): the path is built from detections around persistent sources
REJ-0043,4948,1845,5209,157.71961383206204,-42.165300788915495,157.71984105167064,-42.16649167416225,157.72160550544137,-42.16621168521986,6.244746576244206,0.20249371791051504,3.430181368331157,2.1440974847159673,77.80901098490743,129.49681249051147,113.5205795384371,116.04482675764017,BLEND_FRAGMENT,BLEND_FRAGMENT,BLEND_FRAGMENT,,,,True,BLEND_MISLINK,0 stationary + 3 blend-fragment detection(s): the path is built from detections around persistent sources
REJ-0044,20797,18243,21878,157.18042258201007,-43.88232871211535,157.18063896630463,-43.882653582589136,157.18186195584488,-43.884366204700925,8.231053516127155,0.2669022046693582,3.4346259109856154,2.2387126824872534,124.38382035449207,5.1359286579914825,5.542518834351574,6.928784871902695,STATIONARY,BLEND_FRAGMENT,BLEND_FRAGMENT,C,,,True,BLEND_MISLINK,1 stationary + 2 blend-fragment detection(s): the path is built from detections around persistent sources
REJ-0045,21465,18939,22572,156.09555684376213,-43.497692182347386,156.0979091755146,-43.498398630412694,156.0974206052883,-43.4994555091146,7.9990577618747425,0.2593794521854169,3.5232102732504935,2.136567859926496,131.33546973838722,146.1203474068246,140.24865035576886,61.346910957664086,BLEND_FRAGMENT,BLEND_FRAGMENT,BLEND_FRAGMENT,,,,True,BLEND_MISLINK,0 stationary + 3 blend-fragment detection(s): the path is built from detections around persistent sources
REJ-0046,25281,22883,26502,155.0109688522088,-43.448816781800495,155.01396031762044,-43.44826323899093,155.01723076325788,-43.446323915005834,18.665250709466985,0.6052440984987129,3.5424508465079247,2.150661679022846,736.2662778910911,28.257948713754917,42.87997340968605,25.502201314667744,BLEND_FRAGMENT,BLEND_FRAGMENT,BLEND_FRAGMENT,,,,True,BLEND_MISLINK,0 stationary + 3 blend-fragment detection(s): the path is built from detections around persistent sources
REJ-0047,21413,18861,22503,156.22252479339247,-43.54557291930637,156.22179552992122,-43.54429241788582,156.2201328701242,-43.54485305175958,6.758096350879715,0.21913972638905094,3.5459697869140707,2.132707309304269,93.74608168157303,134.58295098074777,89.01334661475322,64.9761351191123,BLEND_FRAGMENT,BLEND_FRAGMENT,BLEND_FRAGMENT,,,,True,BLEND_MISLINK,0 stationary + 3 blend-fragment detection(s): the path is built from detections around persistent sources
REJ-0048,24181,21744,25410,154.46714154118862,-43.08763057920501,154.4682488523954,-43.08781363472191,154.46725866908326,-43.08908911713372,5.259758617221831,0.1705542514350814,3.6113863918650893,2.1289044934287578,56.78530903114286,81.89075758460325,134.69323885306108,58.15332838111601,BLEND_FRAGMENT,BLEND_FRAGMENT,BLEND_FRAGMENT,,,,True,BLEND_MISLINK,0 stationary + 3 blend-fragment detection(s): the path is built from detections around persistent sources
REJ-0049,24744,22346,25995,154.84295525328073,-43.316499094015775,154.84265103704624,-43.31737167010832,154.84467890494767,-43.31875000547952,9.276045700701564,0.3007873832043644,3.715620034338783,2.1647184456497808,164.54187480980445,6.249516656451437,12.096061059422023,12.495088512759782,STATIONARY,BLEND_FRAGMENT,BLEND_FRAGMENT,CB,,,True,BLEND_MISLINK,1 stationary + 2 blend-fragment detection(s): the path is built from detections around persistent sources
REJ-0050,13384,10497,14093,153.93844805145795,-41.58893738946494,153.93791562907208,-41.587454362608725,153.93681863884325,-41.5880940377207,5.3353453971858835,0.17300524731024317,3.7548712899539343,2.230802227092085,52.26104874325481,5.514838208628178,4.345179302284317,5.4119693801370525,BLEND_FRAGMENT,BLEND_FRAGMENT,STATIONARY,,,A,True,BLEND_MISLINK,1 stationary + 2 blend-fragment detection(s): the path is built from detections around persistent sources
REJ-0051,26752,24413,28074,154.7414508635074,-43.487358804748354,154.7394338881938,-43.489311502937994,154.7385578035582,-43.488969043392075,9.523693475726901,0.30881767203752747,3.81132751209696,2.165686055539143,173.44488635558534,4.832009116072869,10.273584393428768,11.593727414501998,FREE,BLEND_FRAGMENT,BLEND_FRAGMENT,,,,True,BLEND_MISLINK,0 stationary + 2 blend-fragment detection(s): the path is built from detections around persistent sources
REJ-0052,21169,18569,22215,153.60845261619613,-42.35950158383639,153.61165231819209,-42.35768808377622,153.61281380922873,-42.358061618279315,12.707054023487817,0.4120421191620818,3.9987341985765563,2.199750169156196,296.44408799126796,5.758689531798184,10.731633121274134,6.893127986401743,STATIONARY,BLEND_FRAGMENT,BLEND_FRAGMENT,C,,,True,BLEND_MISLINK,1 stationary + 2 blend-fragment detection(s): the path is built from detections around persistent sources
REJ-0053,30363,28119,31921,154.10820606302227,-43.595567790593925,154.1228778979898,-43.60896267164955,154.13363045862687,-43.61891790759634,107.04383843076698,3.471030338639451,0.1787568696414177,3.930296711345971,18924.2453742121,2.576071365738893,4.305665840360221,2.8750846402678194,STATIONARY,STATIONARY,STATIONARY,CB,AB,AC,True,STATIONARY_SOURCE,3 of 3 detections are stationary sources present at the same sky position in other epochs
REJ-0054,22242,19928,23679,154.84899614447963,-43.03848954899822,154.83820188804575,-43.05337358953407,154.8301989769653,-43.064278435545106,105.18784401061252,3.4108473983119856,0.2172633792572276,4.0018130828166125,17134.65950658739,1.7666916376874082,1.85796937405695,2.7891352554720137,STATIONARY,STATIONARY,STATIONARY,CB,AB,AC,True,STATIONARY_SOURCE,3 of 3 detections are stationary sources present at the same sky position in other epochs
REJ-0055,32020,29763,33500,156.36718596009507,-44.7576826903226,156.35477465976666,-44.750744789906925,156.34563231175406,-44.74544513826386,70.5500692359263,2.287674230491992,0.35215626458011307,3.128904264949162,9137.93216079602,4.782215281501538,3.676019237599359,4.86859210830612,STATIONARY,STATIONARY,STATIONARY,CB,AB,AC,True,STATIONARY_SOURCE,3 of 3 detections are stationary sources present at the same sky position in other epochs
REJ-0056,28236,25908,29647,154.09797422185383,-43.36604358029771,154.09765752709652,-43.36694619483474,154.09761331960172,-43.36748311085945,5.2676799705070465,0.17081111122242776,0.3935508337690671,2.152565686459663,53.06271247321655,7.448300072766437,16.517143643949797,15.835962908109563,BLEND_FRAGMENT,STATIONARY,STATIONARY,,B,C,True,STATIONARY_SOURCE,2 of 3 detections are stationary sources present at the same sky position in other epochs
REJ-0057,28691,26384,30106,156.15600983674207,-44.31551261719695,156.15606017416027,-44.31634572314701,156.15581537339946,-44.316944674266914,5.179681579999819,0.16795765335245816,0.41911012330810127,2.141542210951525,53.53112650794336,9.232892115350426,13.279908424980551,10.723182884408253,BLEND_FRAGMENT,STATIONARY,STATIONARY,,AB,C,True,STATIONARY_SOURCE,2 of 3 detections are stationary sources present at the same sky position in other epochs
REJ-0058,27266,24816,28418,156.33953935695487,-44.239894796691395,156.3504855720801,-44.23335325109031,156.35833402824616,-44.228403487174454,63.73027884609884,2.066533997730598,0.43376443367775497,3.024844198540709,6707.904334409002,2.791854424584677,3.6064682085635855,3.028403803310447,STATIONARY,STATIONARY,STATIONARY,C,AB,AC,True,STATIONARY_SOURCE,3 of 3 detections are stationary sources present at the same sky position in other epochs
REJ-0059,10668,7921,11525,155.23261169081613,-41.83132316164713,155.22877213203392,-41.84871015642677,155.22584254176655,-41.861772231655976,111.10963534340816,3.602868888540216,0.4400094812165283,4.060330270861281,21466.93012016571,3.2647560121873207,2.634531590686532,5.029654012651707,STATIONARY,STATIONARY,STATIONARY,CB,B,AC,True,STATIONARY_SOURCE,3 of 3 detections are stationary sources present at the same sky position in other epochs
REJ-0060,22148,19659,23282,154.0593998502156,-42.67622358033979,154.05976013697028,-42.677321827167155,154.05977888262996,-42.67795599865063,6.316870832877582,0.20483243713617305,0.5272153235675894,2.1442876256582997,79.61671436429701,12.66945853809427,17.901086380687968,14.266421418274257,BLEND_FRAGMENT,STATIONARY,STATIONARY,,B,C,True,STATIONARY_SOURCE,2 of 3 detections are stationary sources present at the same sky position in other epochs
REJ-0061,26801,24232,27781,154.363509392455,-43.32652938317524,154.36948843794144,-43.307932179315756,154.37357064177493,-43.294252748783,119.14743302535238,3.8635045310851055,0.5357892957700495,4.224474151027842,24685.156121883807,4.473785812220915,6.312387309379932,3.141682841934929,STATIONARY,STATIONARY,STATIONARY,CB,AB,AC,True,STATIONARY_SOURCE,3 of 3 detections are stationary sources present at the same sky position in other epochs
REJ-0062,25649,23471,27265,155.63820875624026,-43.76358842885145,155.62009464940868,-43.77523583496761,155.60632870094398,-43.783827940195614,110.34764138722862,3.5781602815009634,0.5517974389771374,3.9563266132480046,22355.23042137679,4.845710608952017,9.111823206228177,4.19828841949302,STATIONARY,STATIONARY,STATIONARY,C,AB,AC,True,STATIONARY_SOURCE,3 of 3 detections are stationary sources present at the same sky position in other epochs
REJ-0063,14663,11782,15301,155.7425583365449,-42.546800667424016,155.73386736417405,-42.53271825435564,155.72713941033044,-42.52246647663349,96.68139343304749,3.1350150994920774,0.5695324353838955,3.7204631954052174,16253.702270955837,4.647230206934124,3.8401269368200723,2.833125771815008,BLEND_FRAGMENT,STATIONARY,STATIONARY,,AB,AC,True,STATIONARY_SOURCE,2 of 3 detections are stationary sources present at the same sky position in other epochs
REJ-0064,25920,23526,27198,154.17946143835448,-43.146738617377444,154.18074691898963,-43.14749970439717,154.18143612047638,-43.14784660005017,6.543005568445621,0.21216513875901835,0.5965468724698915,2.1250715427148976,90.47359218954655,53.140892880498036,125.09647967598818,56.0459106761645,BLEND_FRAGMENT,STATIONARY,STATIONARY,,B,C,True,STATIONARY_SOURCE,2 of 3 detections are stationary sources present at the same sky position in other epochs
REJ-0065,28148,25707,29355,154.09587795250354,-43.35499972208602,154.0912605967237,-43.3413939344711,154.08790803230048,-43.33161887813954,86.71885941401015,2.811967473988889,0.6042200672183403,3.4500480790974772,12420.021196322738,3.685282990474101,7.782055628318768,3.6902726196015236,STATIONARY,STATIONARY,STATIONARY,CB,AB,AC,True,STATIONARY_SOURCE,3 of 3 detections are stationary sources present at the same sky position in other epochs
REJ-0066,20143,17594,21218,156.05708438009617,-43.325317452818624,156.05502575759664,-43.32621943615349,156.05387977754262,-43.326995688362004,10.340874489233725,0.3353157884319322,0.6103343520259676,2.325231423670413,196.3213694926167,4.114694682645967,3.0040710322072366,4.052884893437885,STATIONARY,BLEND_FRAGMENT,STATIONARY,B,,A,True,STATIONARY_SOURCE,2 of 3 detections are stationary sources present at the same sky position in other epochs
REJ-0067,29467,27077,30747,154.08073945916732,-43.48720463093879,154.1000461482505,-43.4881748297216,154.11426468147786,-43.489184240446576,87.85266000986843,2.8487323763306236,0.6108978511956094,3.527119180230887,12746.913951566159,2.7388036675439165,2.7930047819132366,2.7312392857270265,STATIONARY,STATIONARY,STATIONARY,CB,AB,A,True,STATIONARY_SOURCE,3 of 3 detections are stationary sources present at the same sky position in other epochs
REJ-0068,16750,13910,17400,155.21393645248904,-42.565362166370434,155.23718481238416,-42.558755725172,155.2540419600335,-42.55403307383569,113.89875632868568,3.6933096247839536,0.6171899914904942,4.1626008584564245,20090.1109597995,2.204844547011605,2.7824290741622644,1.588273583997763,STATIONARY,STATIONARY,STATIONARY,CB,AB,AC,True,STATIONARY_SOURCE,3 of 3 detections are stationary sources present at the same sky position in other epochs
REJ-0069,27056,24701,28377,156.59488448661003,-44.32589231838234,156.59590509842147,-44.326261564227806,156.59655031876,-44.326828179748716,5.454870994778787,0.17688101430039374,0.6286990740688934,2.1421570684608273,59.370297663094924,116.01537435481909,235.04923012050222,115.32365068382921,BLEND_FRAGMENT,STATIONARY,STATIONARY,,A,C,True,STATIONARY_SOURCE,2 of 3 detections are stationary sources present at the same sky position in other epochs
REJ-0070,24959,22725,26463,155.36582057850845,-43.56800420824911,155.3596741093904,-43.58192095195647,155.3554625580253,-43.59202544746594,90.59721073523812,2.9377278661537445,0.6360640785932906,3.6547879844840043,13555.79139078226,2.93093315579018,1.4083165710261196,2.36136658258411,STATIONARY,STATIONARY,STATIONARY,CB,AB,AC,True,STATIONARY_SOURCE,3 of 3 detections are stationary sources present at the same sky position in other epochs
REJ-0071,31640,29541,33414,155.03776895364535,-44.14187825105145,155.03564369810303,-44.15823896551024,155.03371585264583,-44.17051929274125,103.63780258488895,3.3605853664780443,0.6455299521909601,3.8060546911869184,21430.714480171806,8.72932993401131,4.330534746501784,9.714517403884173,BLEND_FRAGMENT,STATIONARY,STATIONARY,,AB,C,True,STATIONARY_SOURCE,2 of 3 detections are stationary sources present at the same sky position in other epochs
REJ-0072,32972,30691,34358,155.3656645680111,-44.42915651228305,155.35331053309878,-44.41385246935879,155.34406039640464,-44.402220957314796,111.75398409433134,3.623762702662599,0.6666205147618289,4.109947633216685,19340.62040822506,3.3054446770844033,2.5343936669213454,1.6582431357301886,STATIONARY,STATIONARY,STATIONARY,CB,AB,AC,True,STATIONARY_SOURCE,3 of 3 detections are stationary sources present at the same sky position in other epochs
REJ-0073,31605,29348,33122,155.43971965588761,-44.313816385377656,155.4220038660883,-44.307807006124975,155.4090345479689,-44.30367599135058,87.0704628577526,2.823368655395416,0.6790450170060477,3.440785273884259,13182.816421139387,2.698788346959906,4.790665247629918,5.418606601219108,STATIONARY,STATIONARY,STATIONARY,CB,AB,AC,True,STATIONARY_SOURCE,3 of 3 detections are stationary sources present at the same sky position in other epochs
REJ-0074,31745,29445,33176,154.74983362686532,-44.02802449178484,154.738722090218,-44.01904817866487,154.73006551160339,-44.012313509070566,76.27461878707055,2.4732999092639463,0.6809953615256119,3.26578006911462,10116.413898244693,5.378521593555129,2.3571146123273685,2.4506168064130422,STATIONARY,STATIONARY,STATIONARY,CB,B,C,True,STATIONARY_SOURCE,3 of 3 detections are stationary sources present at the same sky position in other epochs
REJ-0075,14746,12052,15705,155.6108546070506,-42.500045862674085,155.60986321112372,-42.50895738280862,155.6086578326489,-42.51558376209205,56.239428865390984,1.8236338184545116,0.7238162493894066,2.983799540544937,4898.0833884942285,1.8051767247104502,1.2514789362878551,2.2255921519297104,STATIONARY,STATIONARY,STATIONARY,C,AB,AC,True,STATIONARY_SOURCE,3 of 3 detections are stationary sources present at the same sky position in other epochs
REJ-0076,23056,20402,23894,154.04396343619632,-42.77260276834581,154.04839227959204,-42.7549187144534,154.05119700739127,-42.741756010614935,112.68235023352157,3.6538661358142326,0.7359549246836855,4.171089417233708,20970.414555882562,2.931927328290146,1.1985495534610497,2.166064229145608,STATIONARY,STATIONARY,STATIONARY,CB,AB,AC,True,STATIONARY_SOURCE,3 of 3 detections are stationary sources present at the same sky position in other epochs
REJ-0077,17143,14573,18238,154.58258293538418,-42.33310133656636,154.56274671125126,-42.337466113123774,154.54799304090884,-42.341059851655594,96.40312478358042,3.125991890508245,0.7663606450665879,3.8068274657722134,14392.180393055263,3.0882076518148422,1.318818656112144,1.6175102771325982,STATIONARY,STATIONARY,STATIONARY,CB,B,AC,True,STATIONARY_SOURCE,3 of 3 detections are stationary sources present at the same sky position in other epochs
REJ-0078,29565,27478,31347,156.54543412104175,-44.57390459928127,156.52975801399535,-44.58888638696573,156.5184959829202,-44.599681038608914,115.676555159521,3.7509569753301344,0.7694865052515136,4.179981173168246,23267.900169666667,4.8332408560845925,2.0256214205213436,2.009259626913032,STATIONARY,STATIONARY,STATIONARY,CB,AB,AC,True,STATIONARY_SOURCE,3 of 3 detections are stationary sources present at the same sky position in other epochs
REJ-0079,3939,784,4144,157.41526272430676,-41.89406057405098,157.41505461430944,-41.893445844371854,157.41468665824334,-41.89265366538638,5.294908835221612,0.1716940412153773,0.7723199823561552,2.4978048730187616,40.86966982282441,0.9418891938678121,1.4818140471386327,1.3623331630769766,STATIONARY,STATIONARY,BLEND_FRAGMENT,C,A,,True,STATIONARY_SOURCE,2 of 3 detections are stationary sources present at the same sky position in other epochs
REJ-0080,27494,25215,28929,156.0182534805483,-44.12920492997759,155.99526604548086,-44.12279467801432,155.97818763439784,-44.118423712222594,110.57423054444602,3.5855077183141253,0.77463459697938,4.053797990807056,21260.542879840814,6.134056215170018,3.454219594277251,3.0617442979190206,STATIONARY,STATIONARY,STATIONARY,CB,AB,C,True,STATIONARY_SOURCE,3 of 3 detections are stationary sources present at the same sky position in other epochs
REJ-0081,30267,27866,31559,155.1802540879809,-44.06001574554632,155.20460638450842,-44.060635155611955,155.2220936737038,-44.06111716480698,108.31070261781592,3.512109994345433,0.7819439883950277,4.065525002903374,19374.833057270745,2.218324141089608,1.402503387823366,3.3170233275144168,STATIONARY,STATIONARY,STATIONARY,CB,AB,AC,True,STATIONARY_SOURCE,3 of 3 detections are stationary sources present at the same sky position in other epochs
REJ-0082,31697,29399,33130,152.8555202172409,-43.17324609727513,152.8429502177574,-43.1643975990855,152.83360773799896,-43.157470843658366,80.84395861134512,2.6214664678451625,0.7934423940462924,3.3552402340964234,11364.795887147155,3.444116361551263,3.160818957475584,7.0687102710960765,STATIONARY,STATIONARY,STATIONARY,CB,AB,AC,True,STATIONARY_SOURCE,3 of 3 detections are stationary sources present at the same sky position in other epochs
REJ-0083,12379,9614,13280,153.9627972910769,-41.47475529440676,153.9520802619869,-41.485411671642815,153.94397566709708,-41.49292721303325,82.802415639289,2.6849718863780705,0.8067654649720454,3.4967255693137766,10617.698406963036,1.151428238221395,1.0511072008454192,2.2426388932269106,STATIONARY,STATIONARY,STATIONARY,CB,B,AC,True,STATIONARY_SOURCE,3 of 3 detections are stationary sources present at the same sky position in other epochs
REJ-0084,22720,20416,24206,153.47435311367659,-42.47798045604726,153.4615627368786,-42.49218886237119,153.45158451503443,-42.50279046610941,107.84502569421188,3.4970098376850443,0.8130427078727723,3.9870764158856242,20223.98500260358,6.0383736392004606,3.1793956667047203,3.2107647709263842,STATIONARY,STATIONARY,STATIONARY,CB,AB,AC,True,STATIONARY_SOURCE,3 of 3 detections are stationary sources present at the same sky position in other epochs
REJ-0085,22619,20062,23614,154.6339904394898,-42.987668716194825,154.65576370587078,-42.98796622945098,154.67180480349086,-42.987780992890514,99.58113804137786,3.229042945067988,0.8441772743517166,3.808558673988849,15356.722687204992,1.4298899687745221,3.367054628721999,3.5551814029838273,STATIONARY,STATIONARY,STATIONARY,CB,AB,AC,True,STATIONARY_SOURCE,3 of 3 detections are stationary sources present at the same sky position in other epochs
REJ-0086,28511,26178,29906,153.02788403973537,-42.91124719601755,153.02708014151852,-42.911284195937846,153.0259493056186,-42.91142282465898,5.14028743734997,0.16668024900759476,0.8447231078565749,2.0953029838337627,54.23494143857372,23.534550166187703,21.592755250158948,13.814914101826716,STATIONARY,STATIONARY,BLEND_FRAGMENT,C,AB,,True,STATIONARY_SOURCE,2 of 3 detections are stationary sources present at the same sky position in other epochs
REJ-0087,22784,20214,23785,154.09924265990398,-42.766362783814515,154.0879506097906,-42.752445545575284,154.07957815865615,-42.74174061082899,102.75715606272396,3.3320293015903957,0.8513094551710125,3.848842769824661,19385.5083094804,5.9548227910384615,2.802988002908864,6.375877349951267,STATIONARY,STATIONARY,STATIONARY,CB,AB,C,True,STATIONARY_SOURCE,3 of 3 detections are stationary sources present at the same sky position in other epochs
REJ-0088,27556,25231,28929,155.9791167353589,-44.11698768160986,155.97882972366887,-44.11797947191762,155.97818763439784,-44.118423712222594,5.700164247042012,0.18483495478824227,0.8753340728407633,2.350219460608509,53.662383969624166,3.691380489383875,3.578164033437583,3.0617442979190206,BLEND_FRAGMENT,STATIONARY,STATIONARY,,B,C,True,STATIONARY_SOURCE,2 of 3 detections are stationary sources present at the same sky position in other epochs
REJ-0089,3954,815,4190,158.22671398652233,-42.24209647550598,158.22693431024243,-42.24266480115173,158.22752871693953,-42.243375844149035,5.091895834501862,0.16511109076286487,0.8937103227580521,2.4974249524121386,37.79576815864606,1.4041577575055983,1.129307597987639,1.2650108825988087,STATIONARY,STATIONARY,BLEND_FRAGMENT,C,A,,True,STATIONARY_SOURCE,2 of 3 detections are stationary sources present at the same sky position in other epochs
REJ-0090,20915,18200,21700,155.87275501351874,-43.336724313859605,155.8804275832888,-43.320450527319586,155.8860996996873,-43.30885217761553,106.25223291821433,3.445361539850237,0.907403832238336,3.9764551026031714,17483.18296868307,2.783160145158041,2.125095237902057,1.36254382363323,STATIONARY,STATIONARY,STATIONARY,CB,AB,AC,True,STATIONARY_SOURCE,3 of 3 detections are stationary sources present at the same sky position in other epochs
REJ-0091,31942,29765,33587,152.7456930161112,-43.15055837563606,152.75562973229623,-43.162829353747306,152.76258107310312,-43.171575672050196,87.70101835554395,2.8438152060340616,0.9096202063979254,3.4551680288346818,13374.445045361725,3.1684807869954383,4.074898517001466,4.649212050618479,STATIONARY,STATIONARY,STATIONARY,CB,AB,AC,True,STATIONARY_SOURCE,3 of 3 detections are stationary sources present at the same sky position in other epochs
REJ-0092,12242,9389,12912,157.4395078479543,-42.98268886890116,157.43873531668078,-42.98365735419761,157.43850967657255,-42.98399907693751,5.399829449118602,0.17509622334303587,0.9353849517174038,2.2309418637010854,53.53195782269261,4.020416505114694,7.498707403985057,7.814582947202739,BLEND_FRAGMENT,STATIONARY,STATIONARY,,B,C,True,STATIONARY_SOURCE,2 of 3 detections are stationary sources present at the same sky position in other epochs
REJ-0093,25569,23289,27047,154.9650261998801,-43.459534126705115,154.94617626364158,-43.46301882236077,154.93266561887899,-43.465926308672145,87.63224593618212,2.841585174324007,0.9416883695897954,3.512940820859669,13353.477619348258,5.911111682714555,3.4321917003297635,2.5887580214076173,STATIONARY,STATIONARY,STATIONARY,CB,AB,AC,True,STATIONARY_SOURCE,3 of 3 detections are stationary sources present at the same sky position in other epochs
REJ-0094,20074,17673,21412,154.88296397548902,-42.80384738807687,154.88253240819765,-42.82259169461817,154.88284647552447,-42.83649714386729,117.53953034784857,3.811366275796315,0.9649871174291407,4.290034166854333,22817.24076125216,2.058467430905965,1.85285134597091,3.222664118983192,STATIONARY,STATIONARY,STATIONARY,CB,AB,AC,True,STATIONARY_SOURCE,3 of 3 detections are stationary sources present at the same sky position in other epochs
REJ-0095,26459,24071,27744,154.6208659694413,-43.40211922317489,154.62189577186734,-43.401376276247845,154.62205153223096,-43.401010226387264,5.055206764416467,0.16392140177908238,0.9869766531458855,2.1521071142875186,48.86844603289887,4.815989787434321,9.736976120593242,8.807021281433013,BLEND_FRAGMENT,STATIONARY,STATIONARY,,B,C,True,STATIONARY_SOURCE,2 of 3 detections are stationary sources present at the same sky position in other epochs
REJ-0096,10819,7909,11397,155.81058517448238,-42.104684028600005,155.8100611154468,-42.10353838467794,155.81015126339045,-42.10301566862647,6.116891790070213,0.1983478665634782,0.9947054360414768,2.0845786050492605,79.07311536332809,66.53442312273171,64.58421504879911,33.45092016677865,BLEND_FRAGMENT,STATIONARY,STATIONARY,,B,C,True,STATIONARY_SOURCE,2 of 3 detections are stationary sources present at the same sky position in other epochs
REJ-0097,23148,20723,24368,155.22683847754783,-43.30925538921594,155.20809140082056,-43.30291115369902,155.19360939402918,-43.29803979062411,95.96196089343336,3.1116865996156444,0.9985462114743966,3.648424550837132,16642.116838651273,8.68503516097502,4.922321747834782,3.943046135269747,STATIONARY,STATIONARY,STATIONARY,CB,B,AC,True,STATIONARY_SOURCE,3 of 3 detections are stationary sources present at the same sky position in other epochs
REJ-0098,30382,28041,31757,155.23148508520669,-44.095218736958316,155.2190163665272,-44.084965267936894,155.20918950213016,-44.07759331490856,85.73193627847779,2.7799652569948337,0.99983236402446,3.453321483035389,13493.925434088318,7.513890145562902,3.141327505182998,7.767598098914043,STATIONARY,STATIONARY,STATIONARY,CB,AB,AC,True,STATIONARY_SOURCE,3 of 3 detections are stationary sources present at the same sky position in other epochs
REJ-0099,19547,16969,20595,156.34092506276306,-43.3805054627362,156.34202487552082,-43.381078524110116,156.3428566048477,-43.38200254833814,7.388373950496982,0.2395772658318404,1.0353928261023166,2.3544464509716856,90.15565224470438,3.91145605091017,2.694998656705555,2.5720363781250875,STATIONARY,BLEND_FRAGMENT,STATIONARY,C,,AC,True,STATIONARY_SOURCE,2 of 3 detections are stationary sources present at the same sky position in other epochs
REJ-0100,28982,26780,30597,155.87027180329198,-44.22308514151496,155.87091209247012,-44.23429985352987,155.87088997672618,-44.24294988350937,71.53084575574715,2.319477135784156,1.0393442612224826,3.0912545935302225,9393.76650554002,5.914391846931672,5.930023940029493,7.44500154227291,STATIONARY,STATIONARY,STATIONARY,CB,B,AC,True,STATIONARY_SOURCE,3 of 3 detections are stationary sources present at the same sky position in other epochs
REJ-0101,27009,24813,28610,155.8069953759728,-43.98312072899402,155.80450235741966,-43.99845088693731,155.8019680680765,-44.00987345811908,97.18586518446135,3.1513732269640906,1.0421505607628054,3.740972063556622,15599.167928366705,3.9243976719262834,3.743514046058187,2.4857591323131865,STATIONARY,STATIONARY,STATIONARY,CB,AB,AC,True,STATIONARY_SOURCE,3 of 3 detections are stationary sources present at the same sky position in other epochs
REJ-0102,32188,29916,33656,154.77981141029693,-44.08811537390307,154.79743094275543,-44.093073173065974,154.81075042770135,-44.096275446832216,85.21908346932199,2.7633353632435216,1.0522454763880027,3.398812633488049,12628.16408077854,2.952883027232457,4.336153775481877,4.664710434582566,STATIONARY,STATIONARY,STATIONARY,C,AB,C,True,STATIONARY_SOURCE,3 of 3 detections are stationary sources present at the same sky position in other epochs
REJ-0103,23346,20742,24239,155.2623947026802,-43.34727932421154,155.27911784044247,-43.33614590344954,155.29210440705722,-43.328150046216074,103.89330479383712,3.368870345154534,1.0525889407600948,3.876196300476678,19816.55528969663,6.760547123197975,3.331595921933349,7.23841707128769,STATIONARY,STATIONARY,STATIONARY,CB,AB,AC,True,STATIONARY_SOURCE,3 of 3 detections are stationary sources present at the same sky position in other epochs
REJ-0104,3754,604,3957,156.74539589613846,-41.57650673757394,156.74508724218765,-41.57778433433418,156.74518583155393,-41.57827694049967,6.397790179706005,0.20745634816124348,1.0641273502322548,2.1703476833778512,73.97250486526319,3.9484952205405994,9.256060170298637,9.380510199063723,BLEND_FRAGMENT,STATIONARY,STATIONARY,,B,C,True,STATIONARY_SOURCE,2 of 3 detections are stationary sources present at the same sky position in other epochs
REJ-0105,22376,19870,23477,156.25226439719177,-43.6661420882633,156.25182658521052,-43.66479773386157,156.25145926771128,-43.66432306972647,6.875944413991109,0.22296109722558077,1.0773913900368135,2.353048996143065,78.08361961342679,2.3473073633712875,3.2723743608870617,3.437534476164136,BLEND_FRAGMENT,STATIONARY,STATIONARY,,B,C,True,STATIONARY_SOURCE,2 of 3 detections are stationary sources present at the same sky position in other epochs
REJ-0106,25612,23404,27143,156.38532642700093,-44.08228930961009,156.36238078736483,-44.08835655433135,156.34609087364439,-44.0930280402772,108.57109222050332,3.5205534528764795,1.0823880693734451,3.952819020433336,20497.217603027504,3.3715243593760773,7.600770367431197,4.492672906550242,BLEND_FRAGMENT,STATIONARY,STATIONARY,,AB,C,True,STATIONARY_SOURCE,2 of 3 detections are stationary sources present at the same sky position in other epochs
REJ-0107,11826,8887,12385,155.21321813179253,-41.9655030083553,155.2355677622855,-41.970040065420385,155.25225577242665,-41.97390580951826,108.77866251770958,3.5272841793672836,1.0826074250487674,4.096003761002979,18324.48596503693,2.324877901175751,1.3314979741794186,1.3454001795241468,STATIONARY,STATIONARY,STATIONARY,CB,AB,AC,True,STATIONARY_SOURCE,3 of 3 detections are stationary sources present at the same sky position in other epochs
REJ-0108,23191,20751,24400,153.11654815514606,-42.36961818506701,153.11734327012888,-42.37091606425223,153.1179376829027,-42.37134637183102,7.2363670392566775,0.23464825162296354,1.0961201939101144,2.3722320569656543,81.09340664128716,1.7777117239152345,2.5469621131515923,2.571722967052723,BLEND_FRAGMENT,STATIONARY,STATIONARY,,B,C,True,STATIONARY_SOURCE,2 of 3 detections are stationary sources present at the same sky position in other epochs
REJ-0109,18854,16124,19596,155.41274897163112,-42.89773564282952,155.41238005678176,-42.88317762710537,155.41220149848476,-42.872950503513195,89.23818713486068,2.8936598262087077,1.1279120083732266,3.6462086846103237,12332.350219250819,2.007880416299658,1.5356952857526625,1.9555171368646111,STATIONARY,STATIONARY,STATIONARY,CB,AB,AC,True,STATIONARY_SOURCE,3 of 3 detections are stationary sources present at the same sky position in other epochs
REJ-0110,24139,21720,25347,156.16101638979458,-43.82411195663443,156.16179602384872,-43.82448489575166,156.16303024831768,-43.82504832160866,6.222660192962713,0.20177753930962838,1.1480390210268485,2.3514119540636425,63.951007991694034,2.5731196075501543,2.7950164929113663,2.6941852355806684,STATIONARY,STATIONARY,BLEND_FRAGMENT,C,AB,,True,STATIONARY_SOURCE,2 of 3 detections are stationary sources present at the same sky position in other epochs
REJ-0111,5893,2781,6209,155.92852646172827,-41.514267723321645,155.92942787897528,-41.514216307370944,155.93062276645745,-41.514571757862534,5.755906942785546,0.1866424814139667,1.1544707116270019,2.142865900705077,66.10400702887783,9.383972447901396,10.169377639915435,11.61783043864722,STATIONARY,STATIONARY,STATIONARY,C,A,A,True,STATIONARY_SOURCE,3 of 3 detections are stationary sources present at the same sky position in other epochs
REJ-0112,7071,4021,7487,157.090350940446,-42.1814967582418,157.08869369565008,-42.181239339488464,157.08814640969564,-42.181292681776426,5.926697798649396,0.19218058851995432,1.1562539154271267,2.350723718334608,58.012394179691235,3.2056392296320686,2.345271121830638,3.018335835511257,BLEND_FRAGMENT,STATIONARY,STATIONARY,,B,C,True,STATIONARY_SOURCE,2 of 3 detections are stationary sources present at the same sky position in other epochs
REJ-0113,11480,8745,12383,154.9467744964372,-41.80555548929276,154.9321898156784,-41.81816189196664,154.92191033206845,-41.8270748660036,102.23483281903923,3.3150923171550057,1.1568308673729857,3.7891455757631785,19188.932857594948,7.47194740921021,6.079251151244545,4.768848797957473,STATIONARY,STATIONARY,STATIONARY,CB,AB,AC,True,STATIONARY_SOURCE,3 of 3 detections are stationary sources present at the same sky position in other epochs
REJ-0114,7476,4391,7886,154.0911897089949,-40.90930634720364,154.09086411776735,-40.90877870377646,154.09102898329974,-40.90791672683267,5.02170909563764,0.16283519797408516,1.1642247979512492,2.1283870873311437,51.76157319210442,108.91024170383035,87.67615403367348,73.8595017286273,STATIONARY,STATIONARY,BLEND_FRAGMENT,C,A,,True,STATIONARY_SOURCE,2 of 3 detections are stationary sources present at the same sky position in other epochs
REJ-0115,29898,27562,31273,154.91606936531088,-43.903960820480144,154.93617781204964,-43.91053845734466,154.9508232125357,-43.914863565563394,98.3116092735206,3.18787688699676,1.1679254748352739,3.6830016893335107,18482.482024678033,7.263762265936081,7.625043058496933,11.896129305962196,STATIONARY,STATIONARY,STATIONARY,CB,AB,AC,True,STATIONARY_SOURCE,3 of 3 detections are stationary sources present at the same sky position in other epochs
REJ-0116,8735,5861,9439,155.37047318898536,-41.645839280068074,155.3723119596584,-41.66185609055854,155.37443795389242,-41.67374173147736,101.01325450523723,3.2754811125271637,1.1868968274633815,3.831135426344241,16852.019392371705,2.582271689909701,3.145953928289021,3.6411030111578886,STATIONARY,STATIONARY,STATIONARY,CB,AB,AC,True,STATIONARY_SOURCE,3 of 3 detections are stationary sources present at the same sky position in other epochs
REJ-0117,28436,26147,29828,156.7128907098447,-44.526892587566564,156.69907248339928,-44.52080607277168,156.68807667441286,-44.51610827683573,74.59140459664698,2.4187195839781768,1.2135475467121517,3.2222594285178916,9674.84617072963,2.4854982474158533,2.7618460216383833,4.72403357250079,STATIONARY,STATIONARY,STATIONARY,CB,AB,AC,True,STATIONARY_SOURCE,3 of 3 detections are stationary sources present at the same sky position in other epochs
REJ-0118,22482,20129,23875,153.84483391356792,-42.61817007905945,153.83910842430996,-42.631047850026086,153.83497709217428,-42.64115924940622,86.78130067628227,2.813992210012062,1.2237045326305682,3.451460844364977,12437.91352125658,2.4795480019850578,4.53610477795653,3.9618111710091615,STATIONARY,STATIONARY,STATIONARY,CB,AB,AC,True,STATIONARY_SOURCE,3 of 3 detections are stationary sources present at the same sky position in other epochs
REJ-0119,15727,13193,16894,155.26677090030643,-42.46528115952727,155.25799641686916,-42.48308614173014,155.25070865121157,-42.49618632795716,119.15166190120708,3.8636416576736616,1.225868996345243,4.3029160066747645,20695.902196795294,1.9872452594420202,2.529143083677226,1.5665939447451334,STATIONARY,STATIONARY,STATIONARY,CB,B,C,True,STATIONARY_SOURCE,3 of 3 detections are stationary sources present at the same sky position in other epochs
REJ-0120,8243,5245,8721,157.6817175111069,-42.58962514068226,157.66394170216424,-42.58070415885402,157.65048743715644,-42.57465499418085,98.77872639357979,3.203023743828431,1.228704327956141,3.8723778017135957,14223.648115150554,1.0876095496020217,1.7988676231652097,0.9141811639660204,STATIONARY,STATIONARY,STATIONARY,CB,AB,AC,True,STATIONARY_SOURCE,3 of 3 detections are stationary sources present at the same sky position in other epochs
REJ-0121,6260,3163,6581,157.87952092753736,-42.40613056006856,157.8607638474075,-42.39547617905414,157.84753180610966,-42.387955651327154,107.30199387674038,3.479401351844832,1.231296515705869,4.071380948890919,16784.164955989265,1.8904488252521319,0.8936096754900602,0.8097852012855681,STATIONARY,STATIONARY,STATIONARY,CB,AB,AC,True,STATIONARY_SOURCE,3 of 3 detections are stationary sources present at the same sky position in other epochs
REJ-0122,27399,25085,28826,153.7507373664809,-43.1176316129275,153.76255022075438,-43.128198153719154,153.7706162999356,-43.13565724869129,83.30099425062306,2.701138921412568,1.2536739708236888,3.3460438335100395,12739.530151539315,7.881649315724796,5.681818919806527,4.480907436657478,STATIONARY,STATIONARY,STATIONARY,CB,AB,AC,True,STATIONARY_SOURCE,3 of 3 detections are stationary sources present at the same sky position in other epochs
REJ-0123,28958,26621,30359,154.15477992742183,-43.46547416197458,154.1561486006756,-43.465239218497445,154.15659445774966,-43.46461721576872,5.656448259523006,0.1834174092182542,1.2586706052712557,2.246032104659954,55.635774201990806,3.507452390487483,4.647266413714505,5.656703252304915,BLEND_FRAGMENT,STATIONARY,STATIONARY,,B,C,True,STATIONARY_SOURCE,2 of 3 detections are stationary sources present at the same sky position in other epochs
REJ-0124,15173,12322,15843,155.2163118865426,-42.378532598294264,155.20630925234124,-42.36304638163798,155.1996343484776,-42.35188457979464,105.6929279691259,3.4272253773648758,1.2610437260752971,3.954017190830042,17299.60669972914,1.3485618281584661,2.017329987793013,2.4201395638826018,STATIONARY,STATIONARY,STATIONARY,CB,AB,AC,True,STATIONARY_SOURCE,3 of 3 detections are stationary sources present at the same sky position in other epochs
REJ-0125,11458,8481,11923,153.78713755657952,-41.28201189631829,153.8094414784147,-41.28096557057594,153.82526469187323,-41.280535946871574,103.28314414689189,3.349085123061993,1.2670826027908249,3.8852227614648953,17617.899300965986,2.5383319990444546,2.4975889270537928,2.421658742943015,STATIONARY,STATIONARY,STATIONARY,CB,B,AC,True,STATIONARY_SOURCE,3 of 3 detections are stationary sources present at the same sky position in other epochs
REJ-0126,29020,26688,30417,154.0545057334647,-43.42523036716798,154.05398031359638,-43.42665904642921,154.0540361968594,-43.42718936848597,7.158454136250703,0.23212182829893335,1.2778493768088117,2.328429742981427,89.10559851259221,3.551759565518808,3.443874759672617,4.294799284043377,BLEND_FRAGMENT,STATIONARY,STATIONARY,,B,C,True,STATIONARY_SOURCE,2 of 3 detections are stationary sources present at the same sky position in other epochs
REJ-0127,22353,19710,23193,156.31275437472019,-43.69060571776483,156.33218368601462,-43.68123050939822,156.34570964234365,-43.67438872488388,103.77622528767786,3.3650738957383957,1.2787925763694097,3.835155640962282,18726.74244975772,2.545021852816392,4.37583736614206,4.6309306793403024,STATIONARY,STATIONARY,STATIONARY,CB,AB,C,True,STATIONARY_SOURCE,3 of 3 detections are stationary sources present at the same sky position in other epochs
REJ-0128,30651,28212,31838,154.38711339912288,-43.75063315032745,154.3968138710386,-43.74010922351216,154.40370478704446,-43.73171583470538,80.6229550509907,2.614300150996074,1.3306722799542137,3.296349365886524,11302.74481178668,3.154682115194199,7.407639736606852,4.8857646175690475,STATIONARY,STATIONARY,STATIONARY,CB,AB,AC,True,STATIONARY_SOURCE,3 of 3 detections are stationary sources present at the same sky position in other epochs
REJ-0129,31646,29375,33105,156.3971716853185,-44.73088087370911,156.39756782540442,-44.7297676018302,156.39701527781773,-44.72919837005612,6.070207931272429,0.1968340840554203,1.3498118801473808,2.2324923155161036,67.64881237236904,4.921162899034574,7.19268321821889,5.501197365644259,BLEND_FRAGMENT,STATIONARY,STATIONARY,,B,C,True,STATIONARY_SOURCE,2 of 3 detections are stationary sources present at the same sky position in other epochs
REJ-0130,26243,23704,27273,153.4639867283922,-42.86145558666332,153.46223812953733,-42.84389758985113,153.46006463918582,-42.83101297784362,110.08123783524259,3.5695218131423863,1.3520455484858442,3.9902324969789853,21071.38619697267,2.3676558924224955,5.603629675458089,5.069263828382488,STATIONARY,STATIONARY,BLEND_FRAGMENT,CB,AB,,True,STATIONARY_SOURCE,2 of 3 detections are stationary sources present at the same sky position in other epochs
REJ-0131,11153,8409,12015,157.69356564458494,-42.95672213311502,157.6762548296342,-42.9683268850979,157.6637012985601,-42.97627919559783,105.57552214886944,3.423418346806021,1.3598765937856476,4.010990583916536,17261.194547192816,1.0288383908861727,0.827215509789691,2.04130552974766,STATIONARY,STATIONARY,STATIONARY,CB,AB,AC,True,STATIONARY_SOURCE,3 of 3 detections are stationary sources present at the same sky position in other epochs
REJ-0132,17044,14358,17923,153.83102118218608,-41.9826877708026,153.83057294609608,-41.98352160608544,153.82943120776366,-41.98440368459118,7.500810938735997,0.2432231757981136,1.3618890739801113,2.3547663952266724,92.92052627748639,2.483481067422654,3.3554197748662413,3.7267071270133387,STATIONARY,STATIONARY,BLEND_FRAGMENT,C,B,,True,STATIONARY_SOURCE,2 of 3 detections are stationary sources present at the same sky position in other epochs
REJ-0133,26168,23729,27346,153.98295828848666,-43.08818974542171,153.97347979882136,-43.07625980690323,153.9660416885306,-43.06801736759239,85.16130548808438,2.7614618399401625,1.365771366211086,3.381058094265571,13868.685599440198,8.709912547168717,7.444819729236746,7.22209156235369,STATIONARY,STATIONARY,STATIONARY,C,AB,AC,True,STATIONARY_SOURCE,3 of 3 detections are stationary sources present at the same sky position in other epochs
REJ-0134,33289,31082,34847,154.71259278818113,-44.17613229040658,154.71127857741482,-44.17532742238292,154.71068664955644,-44.17534001654672,5.688276709550597,0.18444948651758508,1.378717428824743,2.0906579419486184,66.41494165714543,130.1917229455343,75.59166903187531,57.682729424612326,BLEND_FRAGMENT,STATIONARY,STATIONARY,,B,C,True,STATIONARY_SOURCE,2 of 3 detections are stationary sources present at the same sky position in other epochs
REJ-0135,13527,10794,14422,155.89037683558988,-42.47560041209303,155.90206576457663,-42.49168700743642,155.9114687541151,-42.50395253493786,116.41661311590782,3.7749542801412055,1.3830015954503418,4.12431162914076,23566.572222674153,4.197478161516495,9.025678270451836,3.708059452326918,STATIONARY,STATIONARY,STATIONARY,CB,AB,AC,True,STATIONARY_SOURCE,3 of 3 detections are stationary sources present at the same sky position in other epochs
REJ-0136,32932,30874,34689,155.19769918777806,-44.351834373746655,155.20426532745296,-44.36722065794323,155.2099252608465,-44.378251326652354,100.17126679288582,3.2481786078974966,1.3914171371568687,3.8111865933887805,16572.25300138517,2.335510001616954,2.206897378827924,3.205055809217001,STATIONARY,STATIONARY,STATIONARY,CB,AB,AC,True,STATIONARY_SOURCE,3 of 3 detections are stationary sources present at the same sky position in other epochs
REJ-0137,21791,19215,22801,153.89037935937168,-42.56019474405073,153.87324260183814,-42.54598070294113,153.86099673532328,-42.53606777274315,116.69109614082933,3.7838547355145455,1.4043209655121125,4.15583867295583,23677.832112569497,2.3339864538235395,5.342782807883157,4.1685402811048595,STATIONARY,STATIONARY,STATIONARY,CB,AB,AC,True,STATIONARY_SOURCE,3 of 3 detections are stationary sources present at the same sky position in other epochs
REJ-0138,24650,22239,25881,155.19791900782369,-43.46035026202542,155.19618939765,-43.46006040710015,155.19582107438578,-43.45969024848577,5.974829692670033,0.193741325381141,1.405807460341141,2.350833375357512,58.95848075220724,2.7534614933383987,2.984507322973335,2.851786337703567,BLEND_FRAGMENT,STATIONARY,STATIONARY,,B,C,True,STATIONARY_SOURCE,2 of 3 detections are stationary sources present at the same sky position in other epochs
REJ-0139,8837,5863,9353,155.61881133835178,-41.77082707146828,155.61895055940417,-41.77210286771788,155.61900526959073,-41.77236388036052,5.556959926939664,0.18019137560623288,1.414576632894094,2.3681529190970743,47.821027282911686,1.5559828466532082,2.3891366419851914,3.017290250058437,BLEND_FRAGMENT,STATIONARY,STATIONARY,,B,C,True,STATIONARY_SOURCE,2 of 3 detections are stationary sources present at the same sky position in other epochs
REJ-0140,29665,27418,31219,153.64540130729716,-43.31414535915976,153.62374083794217,-43.312570130363696,153.60720360428024,-43.3108298549787,100.76613354403513,3.2674679062910945,1.4215188177427953,3.7535705081182833,18641.559031516535,7.395349671819564,4.067825680398519,5.706651626567778,STATIONARY,STATIONARY,BLEND_FRAGMENT,CB,AB,,True,STATIONARY_SOURCE,2 of 3 detections are stationary sources present at the same sky position in other epochs
REJ-0141,16374,13505,16953,154.64355818176648,-42.26592833960329,154.66072841118427,-42.25367007791377,154.6725640870777,-42.24486080980226,108.28479037698372,3.5112697575285434,1.426942913224015,4.094732344653172,17093.03080455386,1.5130573116905555,0.7130443713907445,0.8065001360544615,STATIONARY,STATIONARY,STATIONARY,C,AB,AC,True,STATIONARY_SOURCE,3 of 3 detections are stationary sources present at the same sky position in other epochs
REJ-0142,19414,16836,20463,155.50596148304388,-43.00285837858952,155.5051748770551,-43.003078986897194,155.50371765031113,-43.003514584778735,6.362254585898752,0.20630406208840874,1.4397944509818361,2.1316111846617503,83.08573246200612,83.06824211577606,97.23190244808444,48.291358042130746,STATIONARY,STATIONARY,BLEND_FRAGMENT,C,A,,True,STATIONARY_SOURCE,2 of 3 detections are stationary sources present at the same sky position in other epochs
REJ-0143,9773,6845,10313,156.34910043014466,-42.210784527290485,156.34941895176834,-42.210343122822245,156.35040916787594,-42.20959779884343,5.516332698334083,0.17887398690705972,1.4453735847963611,2.3498246235876543,50.256949628656876,2.023929327832859,2.035232004639416,2.1954247971037546,STATIONARY,STATIONARY,STATIONARY,CB,A,C,True,STATIONARY_SOURCE,3 of 3 detections are stationary sources present at the same sky position in other epochs
REJ-0144,16977,14369,17985,156.38914946109975,-43.10508742299259,156.40026461751884,-43.11886036191749,156.40756714686373,-43.12878944497458,98.09797013259013,3.1809493706580207,1.486954389254586,3.762336959596404,15893.343313365398,2.8219162051781455,3.3373106691281103,3.397930279389148,STATIONARY,STATIONARY,STATIONARY,C,AB,AC,True,STATIONARY_SOURCE,3 of 3 detections are stationary sources present at the same sky position in other epochs
REJ-0145,25153,22714,26366,153.36471489501443,-42.69663185297163,153.36553568016356,-42.69510724135396,153.36604417735944,-42.69469899899697,7.796646689981526,0.2528160200279248,1.496311627873037,2.2517933472211404,105.70175709605081,2.5951063178849267,5.6359324082153766,6.391022222587888,STATIONARY,STATIONARY,STATIONARY,B,B,C,True,STATIONARY_SOURCE,3 of 3 detections are stationary sources present at the same sky position in other epochs
REJ-0146,19989,17505,21198,155.35911615211816,-43.0041480635949,155.34344648818345,-43.007301210970994,155.33153859383089,-43.01032144742435,75.92513358055304,2.4619674143486736,1.502864069174632,3.34044449080154,9520.644571109451,3.6510643267351393,1.5454321121286576,2.7468586380081184,STATIONARY,STATIONARY,STATIONARY,CB,AB,AC,True,STATIONARY_SOURCE,3 of 3 detections are stationary sources present at the same sky position in other epochs
REJ-0147,26213,23832,27457,156.39427434508067,-44.15106367768135,156.38209060569184,-44.14197245347901,156.37283245692856,-44.13454047459091,81.28117950670341,2.635643902200315,1.5095519421059067,3.3950439691942416,10231.14797160679,1.5606239859749367,2.693510768004769,2.2884282019233644,STATIONARY,STATIONARY,STATIONARY,CB,AB,AC,True,STATIONARY_SOURCE,3 of 3 detections are stationary sources present at the same sky position in other epochs
REJ-0148,29453,27261,31085,154.76349519843555,-43.78895196339146,154.74739721887346,-43.79567961592194,154.7364955403479,-43.80073207347826,81.98130466881065,2.6583463362137483,1.5096543483945717,3.4205924584205145,10408.161499629286,3.009561578039784,3.3721485160047786,1.8922978382873883,STATIONARY,STATIONARY,STATIONARY,CB,AB,AC,True,STATIONARY_SOURCE,3 of 3 detections are stationary sources present at the same sky position in other epochs
REJ-0149,13041,10174,13751,155.5236570114358,-42.25679992841054,155.54410944567516,-42.26472034550827,155.55926705598733,-42.271309807671784,108.3016418732779,3.5118161883717014,1.5137548402151053,3.8559193846834767,24787.763022143557,62.079575468352175,29.69280017513379,57.081819934809545,STATIONARY,STATIONARY,STATIONARY,CB,A,AC,True,STATIONARY_SOURCE,3 of 3 detections are stationary sources present at the same sky position in other epochs
REJ-0150,20895,18250,21807,154.2197689530523,-42.60463420880638,154.2427146780328,-42.60453801788866,154.26004485867023,-42.60515747181451,106.73735285947951,3.4610921606752694,1.5298758371777594,3.9791874385187582,17643.194715877573,1.6210915511561428,3.816791099731504,2.7995471257010824,STATIONARY,STATIONARY,STATIONARY,CB,B,AC,True,STATIONARY_SOURCE,3 of 3 detections are stationary sources present at the same sky position in other epochs
REJ-0151,9944,6916,10335,154.19769521657446,-41.27892903734482,154.18867508120428,-41.26365798899991,154.18295322099706,-41.252163522929834,104.28702930493314,3.381637354849951,1.5339875467848207,3.8545931262518276,18911.54850194427,6.7664843446670835,4.320894975012495,3.633081014413442,STATIONARY,STATIONARY,STATIONARY,CB,AB,AC,True,STATIONARY_SOURCE,3 of 3 detections are stationary sources present at the same sky position in other epochs
REJ-0152,27155,24803,28493,153.9034897196089,-43.15994684705953,153.90577886366367,-43.159685297595026,153.90644640798473,-43.159447076440664,7.970052188449373,0.2584389101904266,1.5509442628450982,2.1492385648973267,126.74259310370078,12.243385781206428,12.771567921223674,15.797489814270582,BLEND_FRAGMENT,STATIONARY,STATIONARY,,B,C,True,STATIONARY_SOURCE,2 of 3 detections are stationary sources present at the same sky position in other epochs
REJ-0153,27499,25082,28751,152.91113268500285,-42.74850159783284,152.92672327142668,-42.74921969184824,152.9390001008242,-42.750265634522265,73.94315603869215,2.3976993137353846,1.5549032963809828,3.2087843868680186,9507.415285542887,3.321452334376039,3.1527824085531555,5.72001960170911,STATIONARY,STATIONARY,STATIONARY,CB,B,AC,True,STATIONARY_SOURCE,3 of 3 detections are stationary sources present at the same sky position in other epochs
REJ-0154,21000,18446,22126,154.02591499300945,-42.52957576892491,154.04112157605414,-42.538398043105374,154.05220890635798,-42.54566780251361,90.66817320555538,2.94002891300508,1.5596937056107718,3.540244779250914,13577.03551458514,2.9131075124333976,6.071322747022927,3.6627726291733773,STATIONARY,STATIONARY,STATIONARY,CB,B,AC,True,STATIONARY_SOURCE,3 of 3 detections are stationary sources present at the same sky position in other epochs
REJ-0155,23437,21166,24928,155.0716017817692,-43.27323325462734,155.05026157107758,-43.28255451614925,155.03350473906534,-43.28917205730816,115.15787385580549,3.7341380853531456,1.5733100989926385,4.093230987866996,26459.859507269473,12.682883001511737,5.8273415633968515,8.544453015944201,STATIONARY,STATIONARY,STATIONARY,CB,A,AC,True,STATIONARY_SOURCE,3 of 3 detections are stationary sources present at the same sky position in other epochs
REJ-0156,32653,30235,33840,155.006677546357,-44.237424067918376,155.02139450994574,-44.223895576069275,155.03306869237187,-44.21440238575967,107.25661221552505,3.477929794722017,1.5798457557969374,3.879067063676371,21120.35392364636,5.9918136807010045,12.652892876198788,6.830141477650122,STATIONARY,STATIONARY,STATIONARY,CB,AB,AC,True,STATIONARY_SOURCE,3 of 3 detections are stationary sources present at the same sky position in other epochs
REJ-0157,25908,23583,27284,155.83293020414197,-43.87404956638201,155.80964791988154,-43.869590618069054,155.79265264975274,-43.865544478760356,108.92422290838665,3.5320041570843674,1.5841938197082952,3.88258786799736,23672.7765353947,19.061271398582665,31.966525570139158,17.093357607960993,STATIONARY,STATIONARY,STATIONARY,CB,B,AC,True,STATIONARY_SOURCE,3 of 3 detections are stationary sources present at the same sky position in other epochs
REJ-0158,23994,21724,25498,152.88912047936603,-42.35379383024126,152.8816798700855,-42.368441788716304,152.87566334251002,-42.37994269480973,100.7113234279069,3.2656906197257545,1.5869443458563646,3.7608985560477763,17636.93458032756,3.1864341774865137,4.953017675619542,5.837556535155758,FREE,STATIONARY,STATIONARY,,AB,AC,True,STATIONARY_SOURCE,2 of 3 detections are stationary sources present at the same sky position in other epochs
REJ-0159,31021,28671,32409,153.331866899185,-43.315102907720814,153.31845798170963,-43.30603278585739,153.3095861832291,-43.29942023316213,81.20528861889304,2.633183045247895,1.5877458781929086,3.3534057116090814,12106.585388709156,5.119477002547097,2.9302776068496947,4.958380635642338,STATIONARY,STATIONARY,STATIONARY,CB,AB,AC,True,STATIONARY_SOURCE,3 of 3 detections are stationary sources present at the same sky position in other epochs
REJ-0160,28314,25992,29706,155.17744309632084,-43.8523122219069,155.17680999194465,-43.85197438002601,155.17537690234627,-43.851399325065884,6.290721336962703,0.20398450702649767,1.5892846332958663,2.137226275353954,81.22790662604436,63.76274165040244,119.84722795884946,81.24555673266248,STATIONARY,STATIONARY,BLEND_FRAGMENT,C,A,,True,STATIONARY_SOURCE,2 of 3 detections are stationary sources present at the same sky position in other epochs
REJ-0161,13885,10973,14436,156.26264801238662,-42.68125410297428,156.26229638803474,-42.66888524209294,156.26235210270607,-42.658999431243686,80.1206469243967,2.5980121817648456,1.5995106297833708,3.4503790212306282,9941.073069582051,2.1752706327571283,1.7968699415232328,1.0531143439223096,STATIONARY,STATIONARY,STATIONARY,CB,AB,AC,True,STATIONARY_SOURCE,3 of 3 detections are stationary sources present at the same sky position in other epochs
REJ-0162,33517,31311,35106,152.88919306280707,-43.3835280076215,152.88879051207655,-43.38379553744315,152.88819549604963,-43.38474586482241,5.102352089787906,0.16545014791793772,1.620023958319732,2.0821200323560074,55.018418457046685,44.35335131292028,51.23016608440489,23.27975606581153,STATIONARY,STATIONARY,BLEND_FRAGMENT,C,A,,True,STATIONARY_SOURCE,2 of 3 detections are stationary sources present at the same sky position in other epochs
REJ-0163,26983,24714,28428,154.73511918577688,-43.51105249152527,154.74537381740842,-43.52329487357747,154.7535165736475,-43.53167674110432,88.42544521695504,2.8673056530410563,1.6252554796273944,3.5399777193450057,12913.671457004091,2.0649030670458752,2.615062916110044,2.023088338758882,STATIONARY,STATIONARY,BLEND_FRAGMENT,CB,AB,,True,STATIONARY_SOURCE,2 of 3 detections are stationary sources present at the same sky position in other epochs
REJ-0164,29516,27277,31072,155.12679660051384,-43.95617973496149,155.1051933946308,-43.95527873186614,155.08991441241676,-43.95400885262371,95.90219545185873,3.109748630425181,1.6266750629532598,3.662266403617012,15189.809303982323,3.5535455213052973,6.010532877674098,2.717609580494867,STATIONARY,STATIONARY,STATIONARY,CB,AB,AC,True,STATIONARY_SOURCE,3 of 3 detections are stationary sources present at the same sky position in other epochs
REJ-0165,20375,17818,21451,156.19221929617072,-43.41132222005546,156.19049021068983,-43.41144276121568,156.19028663948697,-43.41169482477211,5.229199566705924,0.16956333600252868,1.6513121223348564,2.323806365478721,47.54851206155504,2.5224612934008377,3.388466764796238,4.1839869345195755,BLEND_FRAGMENT,STATIONARY,STATIONARY,,B,C,True,STATIONARY_SOURCE,2 of 3 detections are stationary sources present at the same sky position in other epochs
REJ-0166,24239,21983,25721,156.83105061807112,-44.12135505114007,156.8097550696691,-44.12970885833436,156.79504148737223,-44.135596546116304,106.2377794987237,3.4448928696466594,1.6547490330682855,3.9562745154199694,18640.312653326786,2.78746901410648,2.2259397316812404,2.1111975319119156,STATIONARY,STATIONARY,STATIONARY,CB,B,AC,True,STATIONARY_SOURCE,3 of 3 detections are stationary sources present at the same sky position in other epochs
REJ-0167,29982,27641,31382,153.2061036364276,-43.14940219465726,153.20635020837364,-43.14803749511755,153.20622301621623,-43.1477976205862,5.784970269960015,0.18758489614650295,1.6596063100665768,2.3249914498474435,58.192733889033825,3.802840493745644,3.1913583314098526,4.01451805944628,BLEND_FRAGMENT,STATIONARY,STATIONARY,,AB,AC,True,STATIONARY_SOURCE,2 of 3 detections are stationary sources present at the same sky position in other epochs
REJ-0168,25344,22940,26572,154.3456810950549,-43.15976375147582,154.36117765852921,-43.16529083419523,154.3725091885114,-43.170175646611575,79.79638932855717,2.587497723677459,1.660455819689081,3.168992049037365,13456.5501848941,29.537280454881724,37.6079761163961,27.26449051479412,FREE,STATIONARY,STATIONARY,,AB,AC,True,STATIONARY_SOURCE,2 of 3 detections are stationary sources present at the same sky position in other epochs
REJ-0169,16485,13680,17184,154.5164765569617,-42.22108894889155,154.5082276850161,-42.20640003881914,154.50206446167488,-42.194727603754934,102.38697598417272,3.320025749566779,1.6744477825714952,3.7928409962728025,19246.088275862498,4.6474772433903055,7.421601117172099,7.961644044308606,STATIONARY,STATIONARY,STATIONARY,C,AB,AC,True,STATIONARY_SOURCE,3 of 3 detections are stationary sources present at the same sky position in other epochs
REJ-0170,16869,14011,17457,157.2230380773623,-43.448667187399984,157.23209339590207,-43.433204037979785,157.23800265615438,-43.421184437101054,106.39110775098963,3.4498647299908662,1.690026264709124,3.9905940043676096,16500.413077852027,0.958771358615286,2.0220467302259575,1.360822369962187,STATIONARY,STATIONARY,STATIONARY,CB,A,AC,True,STATIONARY_SOURCE,3 of 3 detections are stationary sources present at the same sky position in other epochs
REJ-0171,32621,30453,34246,155.1263464784469,-44.286132611512414,155.10882744071483,-44.2839997537697,155.0964478910719,-44.283130848693744,77.80776146930994,2.523013978205503,1.698411104295012,3.2981702057660978,10527.187050966977,4.177881387568505,2.2942527180737318,2.7280445729452585,STATIONARY,STATIONARY,STATIONARY,CB,AB,AC,True,STATIONARY_SOURCE,3 of 3 detections are stationary sources present at the same sky position in other epochs
REJ-0172,5375,2260,5672,154.89197790378816,-40.98382318732515,154.8923224435776,-40.985385466646626,154.8928317681799,-40.98572978060609,7.245366862061323,0.23494008213329703,1.7251558623629957,2.354046438516728,86.69937838903535,2.7263184179598943,2.73339185316473,3.607435015283743,BLEND_FRAGMENT,STATIONARY,STATIONARY,,B,C,True,STATIONARY_SOURCE,2 of 3 detections are stationary sources present at the same sky position in other epochs
REJ-0173,33155,30949,34721,153.80639750009018,-43.75907599328987,153.8058742090738,-43.76043377659656,153.8059297058182,-43.76066576024752,5.850979896739208,0.1897253408516976,1.729640475319963,2.350552998126369,56.53956133791779,2.133995384768954,3.0215545175525285,3.6199501744058904,BLEND_FRAGMENT,STATIONARY,STATIONARY,,B,C,True,STATIONARY_SOURCE,2 of 3 detections are stationary sources present at the same sky position in other epochs
REJ-0174,14379,11489,14954,155.8991582764851,-42.58160699607076,155.8963014222588,-42.56842022316281,155.89531695134494,-42.55856109631044,83.58797104825277,2.7104445029916753,1.733840246370083,3.5012369373396033,11539.388365980663,3.8956834922978767,1.5804930816774319,3.301152329788554,STATIONARY,STATIONARY,STATIONARY,CB,AB,AC,True,STATIONARY_SOURCE,3 of 3 detections are stationary sources present at the same sky position in other epochs
REJ-0175,10775,7877,11378,156.31743049060194,-42.3211141238033,156.31812509385628,-42.32130209061538,156.31884828875832,-42.3222679727208,5.612158069672299,0.18198124441951768,1.7408272820033242,2.083300246808876,66.56210433744772,71.18502721298769,64.205924139342,75.84568370195757,STATIONARY,STATIONARY,BLEND_FRAGMENT,C,A,,True,STATIONARY_SOURCE,2 of 3 detections are stationary sources present at the same sky position in other epochs
REJ-0176,32441,30150,33832,156.27581740905322,-44.763150056360544,156.29974434700566,-44.765617441018904,156.3175813272289,-44.76827867739507,108.33232764829317,3.5128112130046376,1.7426171349355601,3.889005109596978,23416.19937169443,15.85409711567166,13.518848162542062,10.267394432894484,STATIONARY,STATIONARY,STATIONARY,CB,AB,C,True,STATIONARY_SOURCE,3 of 3 detections are stationary sources present at the same sky position in other epochs
REJ-0177,33626,31398,35134,154.67574055307762,-44.1944286492621,154.69714752394415,-44.20120736445714,154.71280641368827,-44.20538593104722,103.47628113280568,3.3553478313826943,1.747835841758082,3.874541602604071,18618.64717928293,3.973339089971573,3.3104079365146477,4.27067923088048,STATIONARY,STATIONARY,STATIONARY,C,AB,AC,True,STATIONARY_SOURCE,3 of 3 detections are stationary sources present at the same sky position in other epochs
REJ-0178,22228,19725,23345,155.6901551022235,-43.405552479619146,155.70903882487195,-43.41342537076675,155.7221371915361,-43.41981607693068,98.14208415595395,3.182379823038092,1.7565471188498811,3.74755223621616,16748.54370891963,3.3482806631992155,2.9708606381284786,4.488483415561662,STATIONARY,STATIONARY,STATIONARY,CB,B,AC,True,STATIONARY_SOURCE,3 of 3 detections are stationary sources present at the same sky position in other epochs
REJ-0179,31994,29757,33512,155.2031634093433,-44.253173020670005,155.2035090025614,-44.254430449364285,155.20316870198948,-44.254620507248724,5.210969553939464,0.16897220503867508,1.7678077346950525,2.152441453513178,51.92634489465589,5.048507522770396,9.979166881821563,12.169878394418753,BLEND_FRAGMENT,STATIONARY,STATIONARY,,B,C,True,STATIONARY_SOURCE,2 of 3 detections are stationary sources present at the same sky position in other epochs
REJ-0180,31895,29634,33389,154.1004690281588,-43.755517768239706,154.10134865864893,-43.75663372171811,154.10125006159788,-43.756797915152944,5.036168965291471,0.1633040773322715,1.7681404078522809,2.323422614808614,44.10289342939851,2.4342896226370896,3.5828588981812635,4.030498987652327,BLEND_FRAGMENT,STATIONARY,STATIONARY,,B,C,True,STATIONARY_SOURCE,2 of 3 detections are stationary sources present at the same sky position in other epochs
REJ-0181,27940,25509,29149,153.6708357184099,-43.14018547521495,153.6901575523965,-43.13887149425893,153.70326624252533,-43.137945525459315,85.57274061742258,2.7748031385823873,1.788313171871715,3.4763074333152755,12093.892539237459,2.031319873301703,2.624995617155797,2.9286708444060485,STATIONARY,STATIONARY,STATIONARY,CB,AB,AC,True,STATIONARY_SOURCE,3 of 3 detections are stationary sources present at the same sky position in other epochs
REJ-0182,22575,19975,23532,154.075467738447,-42.73155049190547,154.0994709665557,-42.73020332758453,154.11623382423585,-42.72967268754048,108.01308989868356,3.502459529709474,1.788413646493711,3.8525153624633144,23947.33259365923,15.493544085315715,33.9947467710763,24.732331379968027,STATIONARY,BLEND_FRAGMENT,STATIONARY,CB,,C,True,STATIONARY_SOURCE,2 of 3 detections are stationary sources present at the same sky position in other epochs
REJ-0183,14898,11975,15434,155.46562309063293,-42.45380058152849,155.4899223029578,-42.447360429158934,155.50678835761084,-42.44287974289118,116.2037620980012,3.7680523196772033,1.7884212481952824,4.2755949324133775,20911.478924080813,2.002370417911236,1.4475936636433357,1.4593817325941134,BLEND_FRAGMENT,STATIONARY,STATIONARY,,AB,AC,True,STATIONARY_SOURCE,2 of 3 detections are stationary sources present at the same sky position in other epochs
REJ-0184,18679,15962,19440,157.1590379126762,-43.63240206985216,157.15637697670098,-43.618613927449296,157.1549879984181,-43.60765852038042,89.69990969242195,2.9086317576045153,1.790896713796715,3.454713436146079,14771.92359207971,5.1524861016985035,9.193303930645502,6.421447135327974,STATIONARY,STATIONARY,STATIONARY,CB,AB,AC,True,STATIONARY_SOURCE,3 of 3 detections are stationary sources present at the same sky position in other epochs
REJ-0185,24796,22268,25783,155.93619939128882,-43.80071917755772,155.93830040509988,-43.78588962982335,155.94101561062774,-43.77469648280797,94.51417750686338,3.0647404125932796,1.795931763961247,3.67884840713001,14753.298907120448,3.307197095452854,3.860158934286734,3.3934074338983105,STATIONARY,STATIONARY,STATIONARY,CB,AB,AC,True,STATIONARY_SOURCE,3 of 3 detections are stationary sources present at the same sky position in other epochs
REJ-0186,10171,7201,10645,154.92211813694018,-41.633949045794445,154.9398742814188,-41.63564096295349,154.95184652875582,-41.63690937568732,80.69389130071492,2.616600347611887,1.7959895196208246,3.360005568410726,11322.643041746422,4.449381616133789,2.0567609387641164,2.222639116650554,STATIONARY,STATIONARY,STATIONARY,CB,AB,AC,True,STATIONARY_SOURCE,3 of 3 detections are stationary sources present at the same sky position in other epochs
REJ-0187,25403,22848,26348,154.15975311267755,-43.084323924318944,154.16551019023575,-43.06787136456335,154.17016247234764,-43.05487938194283,109.47826470556006,3.5499696552863687,1.8041477631282457,4.093573924637324,19794.796108983217,3.79828022714596,1.5618937016165182,3.191646446096694,STATIONARY,STATIONARY,FREE,CB,B,,True,STATIONARY_SOURCE,2 of 3 detections are stationary sources present at the same sky position in other epochs
REJ-0188,13815,10968,14525,155.68544765992308,-42.41843936602484,155.68495342262162,-42.41809100173661,155.68507759658854,-42.417038727582856,5.1373213175652,0.16658406886390872,1.8065595281701623,2.0821974198578657,55.7751457556568,58.793777850188114,48.61915818686806,37.998364093308325,STATIONARY,STATIONARY,BLEND_FRAGMENT,C,A,,True,STATIONARY_SOURCE,2 of 3 detections are stationary sources present at the same sky position in other epochs
REJ-0189,22377,19745,23232,156.60429384633812,-43.81766909505967,156.62712178961362,-43.8121630089088,156.64500542665354,-43.8075935777737,111.80711968262858,3.6254856905687216,1.8118996007993833,4.102573001850718,19359.016522972426,1.3310959993431535,2.3434548465435276,3.296085742497922,STATIONARY,STATIONARY,STATIONARY,CB,B,AC,True,STATIONARY_SOURCE,3 of 3 detections are stationary sources present at the same sky position in other epochs
REJ-0190,31352,29008,32735,153.2382801548129,-43.308529331567144,153.25515740922532,-43.31168248768734,153.26645233052233,-43.314176375033085,76.54574772000589,2.4820916040097414,1.8202430083981584,3.26324873301977,10188.462175322093,2.5788460274643037,3.1588982476661145,6.3279150890028655,STATIONARY,STATIONARY,STATIONARY,CB,B,AC,True,STATIONARY_SOURCE,3 of 3 detections are stationary sources present at the same sky position in other epochs
REJ-0191,21955,19361,22925,153.30436148644944,-42.31269716091032,153.3285351600282,-42.31514652753295,153.3470998873549,-42.31768202900604,115.17749747630715,3.7347744057907697,1.8280328941732518,4.250529315901402,20543.746512289275,2.7070646191399694,1.656280053231732,1.8008876989225457,STATIONARY,STATIONARY,STATIONARY,CB,AB,AC,True,STATIONARY_SOURCE,3 of 3 detections are stationary sources present at the same sky position in other epochs
REJ-0192,27185,24708,28300,153.77048374433045,-43.102463471452,153.79188486254844,-43.09926161603928,153.80864349043472,-43.097461132669785,101.90991205830417,3.304556355116475,1.8309754598473773,3.7357238369072743,19860.196254275757,6.437678463428558,8.794111889975921,9.403354082240405,STATIONARY,STATIONARY,STATIONARY,CB,AB,A,True,STATIONARY_SOURCE,3 of 3 detections are stationary sources present at the same sky position in other epochs
REJ-0193,19729,17127,20780,155.31330529189594,-42.954310334277864,155.31271765730477,-42.954493743144994,155.3111954029853,-42.95501838982578,6.1156964007301795,0.1983091045690788,1.8334301713064012,2.1309616035302406,76.77082390610396,120.92234740582602,129.66782364989226,58.38172905185089,STATIONARY,STATIONARY,BLEND_FRAGMENT,C,A,,True,STATIONARY_SOURCE,2 of 3 detections are stationary sources present at the same sky position in other epochs
REJ-0194,3542,363,3692,157.79337512699567,-41.999583740309404,157.79343958640888,-41.99914401467912,157.79420513411785,-41.99811100814763,5.748079722491311,0.18638867400658307,1.8341170405590346,2.142846991408971,65.92434504760924,167.11986946080202,231.6589153784549,125.12785994858949,STATIONARY,STATIONARY,BLEND_FRAGMENT,C,A,,True,STATIONARY_SOURCE,2 of 3 detections are stationary sources present at the same sky position in other epochs
REJ-0195,22855,20442,24141,154.7258883812206,-43.05429167435302,154.72929324857913,-43.06339877251299,154.7305884154975,-43.070164444570565,58.463881557064646,1.8957644790591506,1.8504050426204404,2.772145077286844,6536.209649806617,5.474099523326098,8.089601205161909,9.477886268970153,STATIONARY,STATIONARY,STATIONARY,CB,B,AC,True,STATIONARY_SOURCE,3 of 3 detections are stationary sources present at the same sky position in other epochs
REJ-0196,7769,4574,7925,156.7767529538015,-42.13860180756856,156.7863153694195,-42.12309331382653,156.79321178595058,-42.11073740725517,109.5159440941967,3.551191456587746,1.851550872618697,4.124095602652682,17483.92189856748,1.9369159920264634,0.8794844993724024,1.9142564168860137,BLEND_FRAGMENT,STATIONARY,STATIONARY,,AB,AC,True,STATIONARY_SOURCE,2 of 3 detections are stationary sources present at the same sky position in other epochs
REJ-0197,22558,19930,23436,155.03631683720243,-43.15775534693817,155.05115226064805,-43.14775789309977,155.06130745093827,-43.14103425053173,89.06040798072942,2.8878951147912786,1.8579798408361523,3.5451183870992558,13792.273436325542,5.599451856506617,3.2302131223245047,2.582708228582505,STATIONARY,STATIONARY,STATIONARY,CB,AB,AC,True,STATIONARY_SOURCE,3 of 3 detections are stationary sources present at the same sky position in other epochs
REJ-0198,15382,12715,16325,154.79198768218822,-42.215464877111145,154.77547051639996,-42.21491619345633,154.76409095984243,-42.21385844213448,74.60489245362815,2.419156944609776,1.861936144007489,3.230879867163175,9678.345360488756,5.638921578668616,2.3932738311179103,2.8407734311308053,STATIONARY,STATIONARY,STATIONARY,CB,AB,AC,True,STATIONARY_SOURCE,3 of 3 detections are stationary sources present at the same sky position in other epochs
REJ-0199,19246,16588,20168,155.33808811306994,-42.909074826901296,155.32096862816164,-42.89589060233152,155.30953439107725,-42.88615880108795,111.69818205383774,3.621953251709132,1.8622930790132302,4.176437742476158,18187.640640164922,1.441098917889025,1.0635242477584068,1.0610714215700783,STATIONARY,STATIONARY,STATIONARY,CB,B,AC,True,STATIONARY_SOURCE,3 of 3 detections are stationary sources present at the same sky position in other epochs
REJ-0200,30745,28245,31848,156.55677067136597,-44.702891916359434,156.57000324886067,-44.68808449029544,156.57985116035843,-44.67803238792053,107.23097213244763,3.4770983829607087,1.8648724159564423,3.9266162763691894,19994.335928230033,4.481595614388433,6.055678013389076,2.586446721501461,STATIONARY,STATIONARY,STATIONARY,CB,AB,AC,True,STATIONARY_SOURCE,3 of 3 detections are stationary sources present at the same sky position in other epochs
REJ-0201,16260,13561,17143,157.01381486387027,-43.285712697304845,157.01263263618551,-43.28680724904551,157.01264514635207,-43.286984669348485,5.510388286246989,0.17868123191058202,1.8698690878994115,2.090229109131233,62.32593041242223,19.63550650296628,35.85690002686963,37.733487733327514,BLEND_FRAGMENT,STATIONARY,STATIONARY,,B,C,True,STATIONARY_SOURCE,2 of 3 detections are stationary sources present at the same sky position in other epochs
REJ-0202,17586,14907,18454,156.48902101483117,-43.22011088187839,156.49006184572573,-43.21877688073747,156.49018300028158,-43.218561678266184,6.355883696844002,0.20609747804286885,1.8723803240653534,2.2332077352439668,74.16601152826716,4.113512042418852,6.258282767267774,5.911238203680639,BLEND_FRAGMENT,STATIONARY,STATIONARY,,B,C,True,STATIONARY_SOURCE,2 of 3 detections are stationary sources present at the same sky position in other epochs
REJ-0203,22325,19992,23762,153.8513254116339,-42.602256047302134,153.84432812651616,-42.61831306519444,153.8389687832106,-42.63109437052216,108.85675921782487,3.5298165625424547,1.8932000117348338,4.005031906690454,20605.222076049406,2.34927936289865,2.587928035623225,4.480122963907652,STATIONARY,STATIONARY,STATIONARY,CB,AB,AC,True,STATIONARY_SOURCE,3 of 3 detections are stationary sources present at the same sky position in other epochs
REJ-0204,9436,6326,9696,155.91501003907223,-41.980505371804206,155.93660695402454,-41.971125994386995,155.95379585013774,-41.96435387243426,118.98441004702269,3.858218307123287,1.9001250329877464,4.15976173608035,28247.523668200236,8.533337497939767,17.6895147026841,16.662682280982608,STATIONARY,STATIONARY,STATIONARY,CB,AB,AC,True,STATIONARY_SOURCE,3 of 3 detections are stationary sources present at the same sky position in other epochs
REJ-0205,23562,21065,24675,153.09774549160971,-42.403177538251036,153.08684181029457,-42.39326913242783,153.07946171878743,-42.385170887283365,81.0256414218434,2.627357760202515,1.905574294224495,3.446599075735826,10842.768321635265,2.1686401110994598,1.226142681395809,2.5775816341478657,STATIONARY,STATIONARY,STATIONARY,CB,AB,AC,True,STATIONARY_SOURCE,3 of 3 detections are stationary sources present at the same sky position in other epochs
REJ-0206,19589,16978,20586,154.25006039998752,-42.465883053749586,154.23148390271763,-42.455004084242546,154.21673800553492,-42.446407836284294,112.91093041560107,3.6612781340986813,1.9111431456590091,4.06077021456852,22168.610363579417,2.978596857696087,7.131653125721764,6.573667160871327,BLEND_FRAGMENT,STATIONARY,STATIONARY,,AB,AC,True,STATIONARY_SOURCE,2 of 3 detections are stationary sources present at the same sky position in other epochs
REJ-0207,19968,17235,20761,154.99182373959553,-42.84028256064554,155.0021085016339,-42.8288113715136,155.00941282276207,-42.81942876624494,88.27530508492939,2.862437171482957,1.9142554632824034,3.476055044857356,13550.176505994608,6.118123061016549,4.212517773605246,3.853310224730401,STATIONARY,STATIONARY,STATIONARY,CB,AB,AC,True,STATIONARY_SOURCE,3 of 3 detections are stationary sources present at the same sky position in other epochs
REJ-0208,32340,29913,33546,153.13352644545847,-43.36742823630951,153.13237497078268,-43.34895580250511,153.13065729592256,-43.33597049029355,113.49667215766763,3.6802715426603103,1.914490806843903,4.025159693634232,24632.979058004865,6.141242072546263,9.865880860736901,10.187372506307057,STATIONARY,STATIONARY,STATIONARY,C,AB,C,True,STATIONARY_SOURCE,3 of 3 detections are stationary sources present at the same sky position in other epochs
REJ-0209,17550,14998,18676,155.8787048032861,-42.95263484268218,155.87395343218986,-42.96196084027634,155.87046026841566,-42.96978400351002,65.446431089378,2.1221823805751536,1.9149284056944473,3.071688173149152,6633.096396007756,1.2220213822663986,2.797565190420224,2.996218138263555,FREE,STATIONARY,STATIONARY,,AB,AC,True,STATIONARY_SOURCE,2 of 3 detections are stationary sources present at the same sky position in other epochs
REJ-0210,33109,31076,34977,154.28900850662026,-43.96951826089413,154.26431804875443,-43.97719441866445,154.2473017267182,-43.98312586567754,118.63439768616992,3.8468687185693926,1.9282101893092847,4.261572140741995,23244.300545093698,2.077150785480066,2.3307503471145057,2.242416425090263,STATIONARY,STATIONARY,STATIONARY,CB,AB,AC,True,STATIONARY_SOURCE,3 of 3 detections are stationary sources present at the same sky position in other epochs
REJ-0211,18463,15885,19481,154.9179351580653,-42.636565219455264,154.9329633177334,-42.64654321542002,154.94371660396365,-42.65302451053148,90.39810558069038,2.931271632500822,1.9401342739087788,3.596525012881354,12655.025658543174,1.8919239729613733,3.045342679110354,3.8788499490624218,STATIONARY,STATIONARY,STATIONARY,CB,AB,AC,True,STATIONARY_SOURCE,3 of 3 detections are stationary sources present at the same sky position in other epochs
REJ-0212,28941,26554,30192,155.92834725676076,-44.243440004637314,155.91495251079357,-44.228889710892325,155.9058576310499,-44.217388778727575,110.27704069851846,3.5758709658707106,1.9466357744470377,4.046505513467772,21146.412735030557,6.079049987586298,3.5659347655287297,3.5195430869048843,STATIONARY,STATIONARY,STATIONARY,CB,AB,AC,True,STATIONARY_SOURCE,3 of 3 detections are stationary sources present at the same sky position in other epochs
REJ-0213,23741,21296,24926,154.0290096021088,-42.84347844618423,154.01369299043475,-42.83606354040136,154.00314790106836,-42.82983424093287,84.10507357494282,2.7272121991490694,1.946988961751157,3.434469507328103,12300.163608976683,5.8164676340533426,2.716036662532815,2.9442853296204796,STATIONARY,STATIONARY,STATIONARY,CB,AB,AC,True,STATIONARY_SOURCE,3 of 3 detections are stationary sources present at the same sky position in other epochs
REJ-0214,27272,24931,28645,154.16374956972567,-43.28899539716191,154.16229187924804,-43.289857866177634,154.16230486982874,-43.28999085640925,5.212908089730876,0.16903506448619834,1.9476390416588794,2.1524456780963908,51.96498637990973,4.033993044839484,8.217393747807304,9.234417073917134,BLEND_FRAGMENT,STATIONARY,STATIONARY,,B,C,True,STATIONARY_SOURCE,2 of 3 detections are stationary sources present at the same sky position in other epochs
REJ-0215,30890,28517,32175,155.3098444920237,-44.18187345081269,155.29960129733104,-44.16732390946562,155.2933325954658,-44.15648241298166,100.86292125231681,3.270606368782519,1.9480793722285679,3.889267549683356,16801.896589733056,2.0968164206593674,1.898659344313136,2.467862680661027,STATIONARY,STATIONARY,STATIONARY,CB,B,C,True,STATIONARY_SOURCE,3 of 3 detections are stationary sources present at the same sky position in other epochs
REJ-0216,11644,8645,12057,155.96789916811653,-42.27714647825968,155.96605809818976,-42.26223786110597,155.96565418439653,-42.25058007839491,95.82587984957549,3.1072740015747966,1.9634750077127463,3.7728961557237124,15165.643888225979,2.145120462109425,0.9239409168038796,2.1564920778551957,STATIONARY,STATIONARY,STATIONARY,CB,AB,AC,True,STATIONARY_SOURCE,3 of 3 detections are stationary sources present at the same sky position in other epochs
REJ-0217,27668,25393,29132,153.7651361918387,-43.154646508915256,153.74640742713737,-43.152394201274255,153.73366816157025,-43.15022420245687,84.1649193678674,2.7291527738325483,1.9782573843675222,3.4357887046214457,12317.674441729623,5.404541865763379,3.7896406107870053,2.9922527526307183,STATIONARY,STATIONARY,STATIONARY,CB,AB,AC,True,STATIONARY_SOURCE,3 of 3 detections are stationary sources present at the same sky position in other epochs
REJ-0218,20629,18072,21668,157.14759352480345,-43.84889715787461,157.1706608015078,-43.85790359530802,157.1885680785975,-43.86382533608058,119.17088439785847,3.8642649711687636,1.98400285702637,4.15798815617022,29150.411559611373,11.76084007566973,11.176610129763725,27.567245895099624,STATIONARY,STATIONARY,STATIONARY,CB,AB,AC,True,STATIONARY_SOURCE,3 of 3 detections are stationary sources present at the same sky position in other epochs
REJ-0219,30433,28130,31891,153.16726192687855,-43.18064414135647,153.16720522424941,-43.180925160703026,153.16658674494144,-43.18199759598682,5.18479401546836,0.1681234304665432,1.989458343443825,2.141553345174602,53.636850956947924,19.44569729515799,16.994504202560726,8.774077083989667,STATIONARY,STATIONARY,BLEND_FRAGMENT,C,A,,True,STATIONARY_SOURCE,2 of 3 detections are stationary sources present at the same sky position in other epochs
REJ-0220,25991,23614,27291,153.3097546946324,-42.763145490014054,153.30982744370866,-42.76454654992664,153.3097118747847,-42.7646284247379,5.339764424896306,0.17314853981054046,1.9917425488230442,2.1418960352561522,56.891116009963774,110.02984692233865,147.28432399200673,86.06330438678133,BLEND_FRAGMENT,STATIONARY,STATIONARY,,B,C,True,STATIONARY_SOURCE,2 of 3 detections are stationary sources present at the same sky position in other epochs
REJ-0221,15574,12701,16175,154.39486764906692,-42.058398592246924,154.39209683686883,-42.04250606274863,154.388751263926,-42.030730433092444,100.93865804159016,3.2730622288971487,1.9924287266489025,3.911199375055731,15778.27149211979,2.436016896051347,1.0783885324247844,1.0432700902927436,STATIONARY,STATIONARY,STATIONARY,CB,AB,C,True,STATIONARY_SOURCE,3 of 3 detections are stationary sources present at the same sky position in other epochs
REJ-0222,20182,17774,21531,153.90147592166687,-42.376789109192615,153.8780976620394,-42.38613297676585,153.86161792535702,-42.39229053921873,119.78013677419378,3.884020741450822,1.9929698063733834,4.216443907673759,27435.968241080926,6.89909194585625,7.833961009038827,11.664134232299727,STATIONARY,STATIONARY,STATIONARY,CB,AB,AC,True,STATIONARY_SOURCE,3 of 3 detections are stationary sources present at the same sky position in other epochs
REJ-0223,29970,27682,31421,155.87036893819555,-44.32854962666998,155.86935195535574,-44.32957489248149,155.8687975718518,-44.32937818187035,5.027146817189651,0.16301152289625537,1.997932891598133,2.0819553829475446,53.40850138458551,48.92863541120355,78.46513308274561,67.24437062155262,BLEND_FRAGMENT,STATIONARY,STATIONARY,,B,C,True,STATIONARY_SOURCE,2 of 3 detections are stationary sources present at the same sky position in other epochs
REJ-0224,28637,26180,29832,153.64305844635368,-43.203584861276845,153.64816175622892,-43.19327904964555,153.6507324271886,-43.1852539235895,68.99640736870157,2.237294801314364,1.9982623763949865,2.9743084333930483,9498.4603323081,9.119627604153557,18.931860941860837,15.813262298402261,STATIONARY,STATIONARY,STATIONARY,CB,AB,AC,True,STATIONARY_SOURCE,3 of 3 detections are stationary sources present at the same sky position in other epochs
REJ-0225,20960,18402,22029,155.2418289720842,-43.06497638091328,155.24212918340942,-43.065344180524235,155.24367432951894,-43.065548306216435,5.272093119015834,0.17095421308225905,2.0052459909227878,2.3354441130317527,48.33176363451232,4.002529223173043,3.0548535518813376,3.6140363529357553,STATIONARY,STATIONARY,BLEND_FRAGMENT,CB,AB,,True,STATIONARY_SOURCE,2 of 3 detections are stationary sources present at the same sky position in other epochs
REJ-0226,21359,18910,22635,154.2412332632739,-42.667386163388436,154.22467584654723,-42.67253471661442,154.211113533202,-42.67628312484961,85.91697328723974,2.785965313425912,2.0056303057871747,3.4962708839444323,11431.476021217431,1.0922822500169411,2.436849546051407,2.6124586691502985,STATIONARY,STATIONARY,STATIONARY,CB,AB,AC,True,STATIONARY_SOURCE,3 of 3 detections are stationary sources present at the same sky position in other epochs
REJ-0227,22582,20104,23719,156.06254605222696,-43.608243349204535,156.0629377816207,-43.6078320822038,156.06232187458616,-43.606814049301036,5.178555782874209,0.16792114797264898,2.0059101467748097,2.082289347802447,56.674092121566794,56.62804898902994,77.86396700348465,39.414462335686125,STATIONARY,STATIONARY,BLEND_FRAGMENT,C,A,,True,STATIONARY_SOURCE,2 of 3 detections are stationary sources present at the same sky position in other epochs
REJ-0228,13838,10882,14339,157.43732848522507,-43.17832279030029,157.4513030936152,-43.16928992621396,157.4629567073079,-43.16242582716233,88.33404060972286,2.864341744333695,2.023994442842221,3.6045829904747886,12886.987757623632,3.468106291719528,1.912340766352664,2.9929477939367537,STATIONARY,STATIONARY,STATIONARY,CB,AB,AC,True,STATIONARY_SOURCE,3 of 3 detections are stationary sources present at the same sky position in other epochs
REJ-0229,21120,18381,21896,153.49085910936842,-42.30121047515357,153.4937404868444,-42.282195381218365,153.49646742559054,-42.26900497549436,116.89798997494772,3.790563526843687,2.0256536445688784,4.21045244480796,23761.868348862095,6.782622261640869,3.082895850763139,3.2197475801756585,STATIONARY,STATIONARY,STATIONARY,CB,AB,AC,True,STATIONARY_SOURCE,3 of 3 detections are stationary sources present at the same sky position in other epochs
REJ-0230,7031,3953,7427,156.26721812680208,-41.81852917671947,156.26796542616745,-41.8171759830618,156.26807930948937,-41.81710009544854,5.639715225486108,0.18287481966194707,2.0303098055482254,2.3683289834825447,49.25595247216766,1.5318065271593766,2.4468185476842192,2.8258178599082364,BLEND_FRAGMENT,STATIONARY,STATIONARY,,B,C,True,STATIONARY_SOURCE,2 of 3 detections are stationary sources present at the same sky position in other epochs
REJ-0231,12798,9817,13253,156.15286827584947,-42.500573849203604,156.15966555678392,-42.48746846717365,156.16386102839698,-42.47700599082012,89.72264469619422,2.9093689685360316,2.0361153514238146,3.668642038167781,11735.140350203066,1.489725119319514,0.6096590990113921,0.6981951626132624,STATIONARY,STATIONARY,STATIONARY,CB,AB,AC,True,STATIONARY_SOURCE,3 of 3 detections are stationary sources present at the same sky position in other epochs
REJ-0232,19285,16668,20279,153.5034738287484,-42.093098443516475,153.50315118973106,-42.092383016307366,153.50399425503983,-42.091280759648285,6.689724504482036,0.21692268375834753,2.041006007641284,2.145305111795349,89.29285809263946,10.429759915411092,12.08678061646523,8.687128551905142,STATIONARY,STATIONARY,BLEND_FRAGMENT,C,A,,True,STATIONARY_SOURCE,2 of 3 detections are stationary sources present at the same sky position in other epochs
REJ-0233,16376,13763,17417,155.03540179893017,-42.43857626769899,155.02514563134548,-42.44636028287062,155.01874806181613,-42.45258098057191,67.075454490777,2.1750055017514995,2.05233388603964,3.190130729069397,6967.414042719762,3.3918907497523656,1.914232871877504,1.8253500496947588,STATIONARY,STATIONARY,STATIONARY,C,AB,AC,True,STATIONARY_SOURCE,3 of 3 detections are stationary sources present at the same sky position in other epochs
REJ-0234,7597,4725,8326,156.18859820206688,-41.86092007503292,156.17529157548628,-41.87695835372871,156.16669058225966,-41.8891850049756,117.48376487030477,3.8095580104422244,2.0554621683123817,4.114550679575087,28330.88079915898,9.735705433694294,9.420147590650076,20.2206430996612,STATIONARY,STATIONARY,STATIONARY,CB,AB,AC,True,STATIONARY_SOURCE,3 of 3 detections are stationary sources present at the same sky position in other epochs
REJ-0235,25916,23687,27477,153.54001416282065,-42.85859591947227,153.53344902451556,-42.87397794595885,153.529783817081,-42.88583392673233,101.7038033333837,3.2978730219349957,2.0596211654747827,3.9089261094387613,17083.215176184887,2.0372409771575914,1.3087681957087203,2.456648462192214,STATIONARY,STATIONARY,STATIONARY,C,AB,AC,True,STATIONARY_SOURCE,3 of 3 detections are stationary sources present at the same sky position in other epochs
REJ-0236,9657,6777,10282,157.11261796695936,-42.527683068523785,157.09088542959836,-42.523044931412386,157.0761181477739,-42.51936333311891,101.36717399420932,3.286957394596892,2.0600822008288393,3.839539346723653,16970.314889078225,3.3246258201280297,3.813861063485796,2.9331189654308107,STATIONARY,STATIONARY,STATIONARY,CB,AB,AC,True,STATIONARY_SOURCE,3 of 3 detections are stationary sources present at the same sky position in other epochs
REJ-0237,21599,18989,22583,154.40843264881934,-42.770328631467244,154.3931663639938,-42.755521175823816,154.38118678857245,-42.745428854391726,114.98532427025143,3.728542949237346,2.0638495202478078,4.112824657911301,22990.654059411616,2.735754025343206,4.221857758605084,4.2228014879643485,STATIONARY,STATIONARY,STATIONARY,CB,AB,AC,True,STATIONARY_SOURCE,3 of 3 detections are stationary sources present at the same sky position in other epochs
REJ-0238,24592,22100,25692,153.85848183788852,-42.8580555289261,153.8468053145622,-42.84713652939788,153.8393057439245,-42.83851095681285,86.6731871349373,2.8104864932185736,2.06590660550682,3.4744032708160884,13791.851562609345,6.5264034929446435,2.9031545286725557,4.080235806783261,STATIONARY,STATIONARY,STATIONARY,CB,AB,AC,True,STATIONARY_SOURCE,3 of 3 detections are stationary sources present at the same sky position in other epochs
REJ-0239,32273,29951,33668,154.00698243711543,-43.75437956164169,153.993575546959,-43.739986893586256,153.98347809948075,-43.730331838183474,105.97964765458985,3.4365226217604437,2.0673649092510296,3.950038730584288,18549.839890695952,3.0690684962752854,3.91206404150672,3.118565955284921,BLEND_FRAGMENT,STATIONARY,STATIONARY,,AB,A,True,STATIONARY_SOURCE,2 of 3 detections are stationary sources present at the same sky position in other epochs
REJ-0240,19192,16441,19914,155.3764595387672,-42.92069292193034,155.37719298673187,-42.901335930408614,155.3776362961595,-42.88802186399414,117.65673579702464,3.815166809072288,2.0815419056364806,4.156697526969427,27620.64708120715,13.56778124012547,5.835737625708222,8.822024866676953,STATIONARY,STATIONARY,STATIONARY,CB,A,C,True,STATIONARY_SOURCE,3 of 3 detections are stationary sources present at the same sky position in other epochs
REJ-0241,23101,20815,24571,154.71281867931518,-43.07624853302398,154.71102291182882,-43.09397400972517,154.70855914629192,-43.10649713669519,109.46923331857458,3.549676801267995,2.102924336934008,3.9899685420871287,19791.530308407033,3.5688313931384794,4.101639942590292,2.1582172414579706,STATIONARY,STATIONARY,STATIONARY,CB,AB,AC,True,STATIONARY_SOURCE,3 of 3 detections are stationary sources present at the same sky position in other epochs
REJ-0242,28737,26217,29813,154.0789397969565,-43.41116795351075,154.10010734837084,-43.39997783783852,154.1143932954234,-43.391497626181234,116.67834162778415,3.783441154477249,2.103281552993642,4.198561398080388,23672.656349823872,2.347125442019041,2.941639798186147,4.585842251428479,STATIONARY,STATIONARY,STATIONARY,B,AB,AC,True,STATIONARY_SOURCE,3 of 3 detections are stationary sources present at the same sky position in other epochs
REJ-0243,32727,30671,34537,155.49402864617156,-44.45921848633269,155.49490065446128,-44.47435449893101,155.4961590175045,-44.48647202518016,98.26525438084933,3.1863737716267853,2.112499455035648,3.709465774542795,16790.609585482292,7.539433242920657,5.744504154283277,3.221620771588595,STATIONARY,STATIONARY,STATIONARY,CB,AB,C,True,STATIONARY_SOURCE,3 of 3 detections are stationary sources present at the same sky position in other epochs
REJ-0244,26414,23919,27455,156.15995330707725,-44.0693707028948,156.16424144964105,-44.05665379538423,156.16830475176906,-44.04645272817326,85.28684035915795,2.765532465138598,2.1130930787886193,3.4699783071984274,12013.215656828786,2.758063128349019,2.443950298664835,3.833001790087056,STATIONARY,STATIONARY,STATIONARY,CB,AB,AC,True,STATIONARY_SOURCE,3 of 3 detections are stationary sources present at the same sky position in other epochs
REJ-0245,30551,28205,31936,153.01924152403325,-43.124978458294464,153.00464296438213,-43.11547618054615,152.99279012946877,-43.10777534809425,93.09816534711358,3.018824447336178,2.11590075175772,3.5281172715070053,16574.213439252424,13.959481406103402,12.142152769188478,5.934023332310031,STATIONARY,STATIONARY,STATIONARY,CB,AB,AC,True,STATIONARY_SOURCE,3 of 3 detections are stationary sources present at the same sky position in other epochs
REJ-0246,28802,26449,30132,156.5325240697976,-44.48937781327298,156.55166014028848,-44.491927211326114,156.56724165801697,-44.49368689105756,90.49683253223014,2.9344729773802616,2.123491917371895,3.5362969694800634,13525.769447185088,3.261900115830855,4.416696476856059,2.9802819052635168,STATIONARY,STATIONARY,BLEND_FRAGMENT,CB,AB,,True,STATIONARY_SOURCE,2 of 3 detections are stationary sources present at the same sky position in other epochs
REJ-0247,3659,488,3847,156.08714587332688,-41.27723114596793,156.08671583218575,-41.27857236808027,156.08646887524145,-41.27853765510848,5.047477280773413,0.1636707636048505,2.1276034193417095,2.141258082145612,50.83338186737801,9.26928387930064,19.27591055040703,17.336083134457667,BLEND_FRAGMENT,STATIONARY,STATIONARY,,B,C,True,STATIONARY_SOURCE,2 of 3 detections are stationary sources present at the same sky position in other epochs
REJ-0248,32676,30644,34500,155.9993869387701,-44.670423094339164,155.97856736736483,-44.6794465477209,155.9636624712236,-44.685153490395564,105.71259494115937,3.4278631035301372,2.1295511484492486,3.9202166155987768,20516.652764171944,6.606371302139232,3.4952492683074174,4.901950545302885,STATIONARY,STATIONARY,STATIONARY,CB,AB,AC,True,STATIONARY_SOURCE,3 of 3 detections are stationary sources present at the same sky position in other epochs
REJ-0249,26098,23591,27193,153.46176171682262,-42.84407599165981,153.48385587246972,-42.84196255286469,153.4995944793936,-42.84132901619458,100.35194887719551,3.2540374504565963,2.130468595663507,3.743570693341932,18488.627098562636,5.343651243301311,4.4747433900991656,4.388048590185592,STATIONARY,STATIONARY,STATIONARY,CB,B,AC,True,STATIONARY_SOURCE,3 of 3 detections are stationary sources present at the same sky position in other epochs
REJ-0250,32162,29732,33351,153.0005872941597,-43.28926839655115,153.0175307041118,-43.27844053063192,153.03135794169043,-43.27001739278022,106.33292859267003,3.4479781980188795,2.1312971987616316,3.958574410139147,18673.717024379177,2.7821925064595576,2.0034125028601717,2.4157937254806923,STATIONARY,STATIONARY,STATIONARY,CB,AB,AC,True,STATIONARY_SOURCE,3 of 3 detections are stationary sources present at the same sky position in other epochs
REJ-0251,13250,10280,13703,157.5242017545798,-43.145877076315344,157.5377324874016,-43.13405512118641,157.54681184471977,-43.12453225353444,97.1223854836398,3.149314818272199,2.136335946760068,3.6308484535672805,17317.760240234107,4.746159521941645,8.57495193507533,4.5136402233980375,STATIONARY,STATIONARY,STATIONARY,CB,AB,AC,True,STATIONARY_SOURCE,3 of 3 detections are stationary sources present at the same sky position in other epochs
REJ-0252,18005,15363,18912,154.6810018085379,-42.47650431292429,154.66374097513614,-42.46824657387755,154.65148820726756,-42.46117801917034,95.84739482958365,3.1079716517099034,2.137468518796036,3.805502268573307,13391.979664256643,1.1562869964772315,1.2588426757380873,1.4770983302180205,STATIONARY,STATIONARY,STATIONARY,CB,AB,AC,True,STATIONARY_SOURCE,3 of 3 detections are stationary sources present at the same sky position in other epochs
REJ-0253,21136,18599,22245,155.84932651026395,-43.351952830770784,155.84747117579587,-43.35278801541705,155.8473447044887,-43.352906578420985,6.221116954296367,0.20172749786577535,2.140400828830861,2.1548544020471962,74.0094904405153,7.384818868830504,12.608071734670606,14.60232659976534,BLEND_FRAGMENT,STATIONARY,STATIONARY,,B,C,True,STATIONARY_SOURCE,2 of 3 detections are stationary sources present at the same sky position in other epochs
REJ-0254,16808,14229,17903,154.6542680494574,-42.32266506892398,154.63590737828983,-42.32894578519304,154.6209440163977,-42.33379154765863,97.31677117034968,3.155618017277938,2.155982757472435,3.8389185047328476,13805.735146390785,1.087076460176082,0.9917310041214078,0.8391948324098419,STATIONARY,STATIONARY,STATIONARY,CB,AB,AC,True,STATIONARY_SOURCE,3 of 3 detections are stationary sources present at the same sky position in other epochs
REJ-0255,18387,15773,19352,153.88592358624078,-42.165210951396475,153.88415042884546,-42.16456536891936,153.88417038635063,-42.164424506603474,5.468208477732061,0.1773134988660686,2.157838124301487,2.082955689767591,63.19131338357588,44.723371708607175,42.123577129318726,48.57863090365561,BLEND_FRAGMENT,STATIONARY,STATIONARY,,AB,AC,True,STATIONARY_SOURCE,2 of 3 detections are stationary sources present at the same sky position in other epochs
REJ-0256,11790,8905,12423,155.81536894446137,-42.22818408638109,155.8013477080181,-42.22009474971342,155.78992472625367,-42.21480716470992,83.1897916391041,2.697533037655252,2.1616637846897215,3.361274970228775,12033.904790477567,4.210825076983914,6.625398887362652,3.753490068566301,STATIONARY,STATIONARY,STATIONARY,CB,B,AC,True,STATIONARY_SOURCE,3 of 3 detections are stationary sources present at the same sky position in other epochs
REJ-0257,25299,22806,26376,154.6596269429431,-43.29566886658195,154.680485084292,-43.2932274333183,154.6971469268196,-43.290888012988766,99.80770315651685,3.2363896022866885,2.1622350200505016,3.814711868459406,16188.817911099515,4.236870150959319,3.163460976783173,1.7639819460013617,FREE,STATIONARY,STATIONARY,,AB,C,True,STATIONARY_SOURCE,2 of 3 detections are stationary sources present at the same sky position in other epochs
REJ-0258,29943,27485,31098,153.41589999380548,-43.240167948068965,153.4179902295286,-43.2260973740219,153.4208572234903,-43.21527949003817,90.53710484964992,2.935778857640355,2.165543809183332,3.578624645715936,14253.440380492082,4.097827791072094,2.2559813730012586,3.381559022012908,STATIONARY,STATIONARY,STATIONARY,CB,AB,AC,True,STATIONARY_SOURCE,3 of 3 detections are stationary sources present at the same sky position in other epochs
REJ-0259,20433,17872,21496,156.7337035077254,-43.64982313970381,156.73177015679164,-43.649616673424326,156.73177972722664,-43.6495790771758,5.087629712798547,0.1649727564310844,2.168662558362825,2.3235235155743363,45.008805588163874,2.6307870275709453,3.8939951207139507,4.75185056529916,BLEND_FRAGMENT,STATIONARY,STATIONARY,,B,C,True,STATIONARY_SOURCE,2 of 3 detections are stationary sources present at the same sky position in other epochs
REJ-0260,30760,28351,32011,154.95729358213094,-44.01263473574427,154.9802484325738,-44.01108694349015,154.99587563332253,-44.009543795018295,100.51213918663952,3.2592318215870355,2.173467997064247,3.7360764565203963,19319.13664951497,6.896132315162412,5.448490617161464,8.092882100228737,STATIONARY,STATIONARY,STATIONARY,CB,AB,AC,True,STATIONARY_SOURCE,3 of 3 detections are stationary sources present at the same sky position in other epochs
REJ-0261,27338,25092,28908,154.78602242367026,-43.57184177237686,154.7870642762722,-43.58473546886417,154.78829200447382,-43.59526939862229,84.54686101987522,2.741537709585452,2.1743121103623255,3.4660800571314025,11069.789121275797,1.7055896263629535,2.500625251450473,2.6110859235236616,STATIONARY,STATIONARY,STATIONARY,CB,AB,AC,True,STATIONARY_SOURCE,3 of 3 detections are stationary sources present at the same sky position in other epochs
REJ-0262,24441,22036,25684,156.0158560004638,-43.794780424056135,156.03606585477655,-43.804083157167106,156.05051314025445,-43.811953035482446,109.22518037715457,3.541763079410469,2.179329830808572,3.958279587782825,21560.353654789596,3.6181378756497296,6.977338266291705,8.133775030074313,STATIONARY,STATIONARY,STATIONARY,CB,AB,AC,True,STATIONARY_SOURCE,3 of 3 detections are stationary sources present at the same sky position in other epochs
REJ-0263,23951,21519,25143,156.09273917281251,-43.77504734371347,156.07580577080884,-43.76580434027323,156.0620277514754,-43.75951155040323,97.48246217888266,3.1609907554559475,2.1850191665593006,3.7479109137005353,15694.525957385877,2.474734736800024,2.060141587939639,3.6733935755844933,STATIONARY,STATIONARY,STATIONARY,CB,AB,AC,True,STATIONARY_SOURCE,3 of 3 detections are stationary sources present at the same sky position in other epochs
REJ-0264,9227,6133,9551,154.6753274553642,-41.40238044939932,154.6805997197828,-41.39037979249425,154.6836888166767,-41.38236800635861,75.50088868703541,2.4482107430820226,2.1871031505091607,3.368106664483653,8309.75619818699,0.5778826132149699,0.9469458173969532,0.8515255390721255,STATIONARY,STATIONARY,STATIONARY,CB,AB,AC,True,STATIONARY_SOURCE,3 of 3 detections are stationary sources present at the same sky position in other epochs
REJ-0265,24639,22092,25610,156.7767672176634,-44.14263626640749,156.7949415096976,-44.135510527103754,156.80966217696957,-44.12970905752312,96.89709543421651,3.142009506654029,2.1933226618616573,3.7666725200485898,13686.918237251368,1.6334462614863379,2.2039441675702505,1.762039521779788,STATIONARY,STATIONARY,STATIONARY,CB,AB,C,True,STATIONARY_SOURCE,3 of 3 detections are stationary sources present at the same sky position in other epochs
REJ-0266,25600,23208,26858,154.4210860136494,-43.223298040174235,154.42051718213236,-43.2219060491601,154.42083156086264,-43.221795296865736,5.450901524363138,0.1767522992576315,2.2009528768264226,2.3679310631111745,46.01305233771474,1.9072995984993573,2.8273049747793033,3.344597255686646,BLEND_FRAGMENT,STATIONARY,STATIONARY,,B,C,True,STATIONARY_SOURCE,2 of 3 detections are stationary sources present at the same sky position in other epochs
REJ-0267,26101,23909,27739,153.7652163571075,-42.98083114626416,153.75961890287843,-42.99817187549456,153.75475857212206,-43.01192263655509,115.26662366435094,3.7376644339063754,2.2023599843142088,4.177564350875426,21943.3215533659,2.243795556770171,3.1494661425881905,3.12794098152602,STATIONARY,STATIONARY,STATIONARY,CB,A,AC,True,STATIONARY_SOURCE,3 of 3 detections are stationary sources present at the same sky position in other epochs
REJ-0268,26668,24419,28195,155.66516027427863,-43.88246061983161,155.66237701693368,-43.89401347359388,155.66068831508812,-43.90359169293812,76.95144122980426,2.4952467234574622,2.2081130251143466,3.289933237078473,9779.77220676034,2.104282772178076,2.6510871553615134,3.419205412476629,BLEND_FRAGMENT,STATIONARY,STATIONARY,,AB,AC,True,STATIONARY_SOURCE,2 of 3 detections are stationary sources present at the same sky position in other epochs
REJ-0269,32178,30018,33878,152.70204150566846,-43.15393288986277,152.7085415448604,-43.16877288750832,152.71298648559036,-43.178715479808176,93.73173927545238,3.0393688743604135,2.208183776762354,3.5948490095945718,15277.062299699843,3.195598043803641,4.1587724771601975,6.735864709499742,STATIONARY,STATIONARY,STATIONARY,CB,AB,AC,True,STATIONARY_SOURCE,3 of 3 detections are stationary sources present at the same sky position in other epochs
REJ-0270,21455,19026,22762,153.62192006946148,-42.400333973610906,153.61660391034485,-42.411110726057515,153.61124568026278,-42.41925812455598,73.79901950053846,2.3930255062171546,2.209366131410425,3.3103080560996303,8434.232233575634,0.9317553003084611,1.0981510903851126,2.0474065189862256,STATIONARY,STATIONARY,STATIONARY,CB,AB,AC,True,STATIONARY_SOURCE,3 of 3 detections are stationary sources present at the same sky position in other epochs
REJ-0271,32019,29807,33544,156.3063027097341,-44.73187433295069,156.30583748855952,-44.73330933671247,156.30574020295128,-44.73331664481583,5.3879230956301,0.17471014494014034,2.211282794982445,2.245437839865047,50.47882932450545,3.3450766489572277,7.180775911317008,7.865890203782843,BLEND_FRAGMENT,STATIONARY,STATIONARY,,B,C,True,STATIONARY_SOURCE,2 of 3 detections are stationary sources present at the same sky position in other epochs
REJ-0272,19933,17477,21235,154.15285575148243,-42.46220749872713,154.156407456729,-42.48007919278704,154.15805865559798,-42.49250068836763,109.92697491861627,3.564519645137328,2.2225355736481682,4.023183651068484,22185.11041508006,5.104786151146077,2.739034678911944,5.4891447346435935,STATIONARY,FREE,STATIONARY,CB,,AC,True,STATIONARY_SOURCE,2 of 3 detections are stationary sources present at the same sky position in other epochs
REJ-0273,13312,10370,13870,156.21250242395038,-42.59012012073709,156.20379455155594,-42.57534993662237,156.19598995262106,-42.56480816103326,101.09149267523493,3.2780180830402057,2.2242856770201764,3.925727656401634,14897.499290986585,1.9530435152511163,1.3488066939366408,1.2940915111333646,STATIONARY,STATIONARY,STATIONARY,CB,AB,AC,True,STATIONARY_SOURCE,3 of 3 detections are stationary sources present at the same sky position in other epochs
REJ-0274,32526,30281,34008,155.45523875159523,-44.41879962803973,155.46987531308073,-44.42236207870991,155.48104419356935,-44.42604391324308,71.29022980372196,2.3116748626063286,2.224932654924128,3.115887418817432,8393.734966140453,2.3180621402201695,5.282318116273167,3.587796653420375,STATIONARY,STATIONARY,STATIONARY,CB,AB,AC,True,STATIONARY_SOURCE,3 of 3 detections are stationary sources present at the same sky position in other epochs
REJ-0275,30496,28171,31940,153.75925499708953,-43.4538077811031,153.76118062627927,-43.454199873052936,153.76113101537732,-43.45436478655176,5.296883992045852,0.17175808814569118,2.229194228196097,2.230719735638059,51.51028632337095,7.043126670114186,5.727527553420451,6.295159445130046,BLEND_FRAGMENT,STATIONARY,STATIONARY,,B,C,True,STATIONARY_SOURCE,2 of 3 detections are stationary sources present at the same sky position in other epochs
REJ-0276,5706,2606,6043,156.77182641548583,-41.856518045709244,156.77097651301335,-41.858349580852945,156.77055480693338,-41.85863437961132,8.34693236508475,0.2706597212740956,2.236864561311646,2.505294569901285,101.56356668095573,1.432225235383686,1.1133032540561172,1.7078448768823498,STATIONARY,STATIONARY,STATIONARY,CB,B,C,True,STATIONARY_SOURCE,3 of 3 detections are stationary sources present at the same sky position in other epochs
REJ-0277,14832,12233,15910,156.62737616401841,-42.95190729929989,156.62042211141468,-42.967043661863116,156.61654152822572,-42.9788047908555,100.94998596166553,3.2734295508731885,2.242162205085174,3.8913000111683034,16830.915848559962,2.181778344635631,1.5405888711599498,2.7966016533748665,BLEND_FRAGMENT,STATIONARY,STATIONARY,,AB,C,True,STATIONARY_SOURCE,2 of 3 detections are stationary sources present at the same sky position in other epochs
REJ-0278,27177,24993,28819,155.60852282664504,-43.9144159995313,155.59161963206338,-43.924998651005055,155.57963169545857,-43.933845346155806,102.49055447037892,3.3233844115254927,2.2443311045761223,3.810979469362934,18265.610118704655,5.36517077887872,6.855771182775553,2.887573368852252,STATIONARY,STATIONARY,STATIONARY,CB,AB,AC,True,STATIONARY_SOURCE,3 of 3 detections are stationary sources present at the same sky position in other epochs
REJ-0279,8215,5213,8691,156.64830986707912,-42.14200290203183,156.6457633165441,-42.14109215169028,156.6453326247886,-42.14054785029639,9.518367428362998,0.30864496829057525,2.2453219907502704,2.1031569542361903,185.9641788886871,80.05035383308714,75.61965120766668,67.30698312696029,BLEND_FRAGMENT,STATIONARY,STATIONARY,,B,C,True,STATIONARY_SOURCE,2 of 3 detections are stationary sources present at the same sky position in other epochs
REJ-0280,31376,29149,32940,156.06335253610186,-44.559849732395826,156.05505938846827,-44.56110350741917,156.04746354310214,-44.56235223088532,41.73925993479553,1.3534477058176184,2.2556871420095024,2.7612357582928926,2697.9497733952785,1.9368670831013666,1.4212524612661597,2.3801425287454396,STATIONARY,STATIONARY,STATIONARY,CB,AB,AC,True,STATIONARY_SOURCE,3 of 3 detections are stationary sources present at the same sky position in other epochs
REJ-0281,28062,25738,29459,156.00553754595938,-44.18491654275328,156.00577086280566,-44.18533017215846,156.00586287713045,-44.18672655773755,6.569953868497362,0.21303897109187933,2.2597198632727897,2.3522620373323178,71.28856342621773,2.707805071299507,2.233972221875939,2.093720752931558,STATIONARY,STATIONARY,BLEND_FRAGMENT,C,A,,True,STATIONARY_SOURCE,2 of 3 detections are stationary sources present at the same sky position in other epochs
REJ-0282,23157,20578,24096,156.70043891204242,-43.948398760679424,156.72111933465803,-43.94289560442064,156.73754569140425,-43.93809509161819,103.08905922300829,3.342791676667055,2.2624547964040786,3.865240570427441,18479.56103317823,2.3322730324356398,2.9608420267779474,5.10473235307634,STATIONARY,STATIONARY,STATIONARY,CB,AB,AC,True,STATIONARY_SOURCE,3 of 3 detections are stationary sources present at the same sky position in other epochs
REJ-0283,11202,8169,11567,156.61015658415604,-42.500800603976806,156.60635165324717,-42.48180968012798,156.60374159985966,-42.468846414032,116.28894063708921,3.7708143403381746,2.263306559585441,4.287726982109182,19713.375002700082,1.1978131846318545,0.9442648914094405,1.4558735108307035,STATIONARY,STATIONARY,STATIONARY,CB,B,AC,True,STATIONARY_SOURCE,3 of 3 detections are stationary sources present at the same sky position in other epochs
REJ-0284,19515,17051,20807,153.20899940021545,-41.98551568617902,153.20055434950586,-41.99827631626062,153.19315990179558,-42.008400702327094,92.64630719065552,3.0041723814833445,2.2656263080357615,3.7334703885954514,12512.393147416315,0.6702278311908374,1.235288002736558,1.1613415986430424,STATIONARY,STATIONARY,STATIONARY,CB,AB,AC,True,STATIONARY_SOURCE,3 of 3 detections are stationary sources present at the same sky position in other epochs
REJ-0285,29752,27455,31192,155.50757543233382,-44.146754876804174,155.50716597738815,-44.14828345439608,155.50681337824423,-44.148317820820715,5.961013190812416,0.19329330802839373,2.2697455671687843,2.2467408972502287,61.78835936339028,2.864755914501505,4.4580550206487,4.915659629428389,BLEND_FRAGMENT,STATIONARY,STATIONARY,,B,C,True,STATIONARY_SOURCE,2 of 3 detections are stationary sources present at the same sky position in other epochs
REJ-0286,9033,6147,9699,157.02675007152033,-42.40978958011108,157.03264553713504,-42.423350625618454,157.0363191467479,-42.432402146149485,85.28487758109237,2.7654688196050157,2.2812894719778125,3.4699348895107156,12012.662722641893,2.5476176491371856,3.862921185796806,3.81974135762748,BLEND_FRAGMENT,STATIONARY,STATIONARY,,B,AC,True,STATIONARY_SOURCE,2 of 3 detections are stationary sources present at the same sky position in other epochs
REJ-0287,20513,17915,21548,153.30372738522112,-42.14520985041792,153.3191676323445,-42.14923237054051,153.33107658055673,-42.153250186482474,78.52546251807067,2.5462863323254745,2.2840343685296975,3.2954642001168346,11320.71995338772,5.6858542220071655,3.326303564768725,5.849928252975203,STATIONARY,STATIONARY,STATIONARY,CB,AB,AC,True,STATIONARY_SOURCE,3 of 3 detections are stationary sources present at the same sky position in other epochs
REJ-0288,19755,17169,20791,157.01251484272802,-43.69222506123354,157.0127783071317,-43.692329607649064,157.01448412186977,-43.69258970294551,5.291470165157913,0.17158253803788806,2.2922277651473233,2.3826060467019845,43.360778905126736,3.1064049715750044,2.746497468421951,1.7717843590531772,STATIONARY,STATIONARY,BLEND_FRAGMENT,C,A,,True,STATIONARY_SOURCE,2 of 3 detections are stationary sources present at the same sky position in other epochs
REJ-0289,23257,20799,24430,154.48901527085755,-42.99465148178538,154.47778898542975,-42.989078580742444,154.46967871819152,-42.983855012303444,64.05834540977641,2.0771719663639305,2.2983141484268876,3.1475262008495966,5981.850968065564,1.4843935397556582,0.8688364417804282,1.6657243999640012,STATIONARY,STATIONARY,STATIONARY,CB,AB,AC,True,STATIONARY_SOURCE,3 of 3 detections are stationary sources present at the same sky position in other epochs
REJ-0290,15808,13090,16653,155.82509825375553,-42.72052928894021,155.82374810310458,-42.71934732259987,155.82360253083237,-42.71939587138205,5.683169750875343,0.18428388699537204,2.3083832738547323,2.2460928132019315,56.162671068680254,2.8673573456662766,5.400097916686239,5.594502000275237,BLEND_FRAGMENT,STATIONARY,STATIONARY,,B,C,True,STATIONARY_SOURCE,2 of 3 detections are stationary sources present at the same sky position in other epochs
REJ-0291,30152,27809,31560,155.28250898308696,-44.09033928891239,155.28170744386287,-44.08887874848708,155.28164218822147,-44.08885055379177,5.809216920602764,0.18837112411838017,2.314101271067965,2.0837863453536665,71.31853960824276,50.741209197132406,49.173792324275574,53.75174075880082,STATIONARY,STATIONARY,STATIONARY,CB,B,C,True,STATIONARY_SOURCE,3 of 3 detections are stationary sources present at the same sky position in other epochs
REJ-0292,17559,14810,18282,153.8820886795598,-42.06857926102773,153.88231549300636,-42.05786819938204,153.88232361896112,-42.04883107429551,71.09624551322882,2.305384679374936,2.319822901528117,3.1938723199891,7827.763668147802,2.985709949623391,2.166408077416612,1.8858810840594755,STATIONARY,STATIONARY,STATIONARY,CB,AB,AC,True,STATIONARY_SOURCE,3 of 3 detections are stationary sources present at the same sky position in other epochs
REJ-0293,24972,22613,26282,156.49822009701234,-44.057793273625656,156.5077177706728,-44.06673031605876,156.51492647551078,-44.07445481733731,73.92781487162833,2.3972018572064586,2.3219681801753125,3.2084662347399266,9503.470641477821,2.952921891049798,3.691511980343911,4.727520841515756,STATIONARY,STATIONARY,STATIONARY,CB,AB,AC,True,STATIONARY_SOURCE,3 of 3 detections are stationary sources present at the same sky position in other epochs
REJ-0294,13458,10739,14397,156.91625308990086,-42.91193641946136,156.90874015568633,-42.92144370399348,156.90210975104878,-42.9292768115045,72.71282855125665,2.3578044062100654,2.3226064013630996,3.239771500027787,7707.370445663813,1.8984489633053845,2.053393391513004,1.733332940380991,STATIONARY,STATIONARY,STATIONARY,CB,AB,AC,True,STATIONARY_SOURCE,3 of 3 detections are stationary sources present at the same sky position in other epochs
REJ-0295,32248,30124,33932,155.28310541322728,-44.31369128295454,155.28355856131319,-44.325387491572556,155.28465668277738,-44.33305596906445,69.82725989798162,2.2642362337063986,2.3259675714754673,3.1142771969297636,8951.648926070218,5.527857406228076,2.573130343287895,5.281387626459276,STATIONARY,STATIONARY,STATIONARY,CB,AB,AC,True,STATIONARY_SOURCE,3 of 3 detections are stationary sources present at the same sky position in other epochs
REJ-0296,28925,26818,30668,156.180603311508,-44.350077482589754,156.15990531544384,-44.36168543976495,156.14348131866487,-44.36947508236632,118.34558520461522,3.837503612643165,2.331237815896192,4.2961253453108625,24354.017910914874,3.0364811649337766,1.7429779556516858,4.012743048871094,STATIONARY,STATIONARY,STATIONARY,CB,AB,AC,True,STATIONARY_SOURCE,3 of 3 detections are stationary sources present at the same sky position in other epochs
REJ-0297,31320,29034,32756,154.58282175587075,-43.90790333044631,154.5660493283139,-43.90047130461385,154.55379810422602,-43.89385178520332,90.70197037980951,2.9411248286496994,2.3341784575708697,3.5318330684683428,14305.397874842376,4.040548558186726,5.255040938973075,2.6311609674670535,STATIONARY,STATIONARY,STATIONARY,CB,AB,AC,True,STATIONARY_SOURCE,3 of 3 detections are stationary sources present at the same sky position in other epochs
REJ-0298,26455,24053,27725,153.85473012684332,-43.05893023184131,153.85634424001907,-43.05737796724497,153.8565997648393,-43.05712624669188,8.146285492192526,0.264153495475658,2.335398319202319,2.1498331611388477,132.4096111965753,9.796051737108648,13.850230956403772,14.797568718606026,STATIONARY,STATIONARY,STATIONARY,B,B,C,True,STATIONARY_SOURCE,3 of 3 detections are stationary sources present at the same sky position in other epochs
REJ-0299,27502,25349,29228,153.36502711558194,-42.95576421013695,153.35612686167863,-42.97279380637293,153.34809821546537,-42.98580570677739,116.98209713332405,3.7932908066451287,2.352063563017795,4.192884713934644,26169.142223552553,8.843015229775446,3.7650616044992646,4.388956055128793,STATIONARY,STATIONARY,STATIONARY,CB,AB,AC,True,STATIONARY_SOURCE,3 of 3 detections are stationary sources present at the same sky position in other epochs
REJ-0300,21668,19324,23083,154.0420554288965,-42.61487789579685,154.02009367134366,-42.62490763821764,154.00280691869807,-42.63148432568818,119.9305707549451,3.8888987514213618,2.3570662876302984,4.304110134093637,22274.305528759007,1.5860616718727343,3.4793661310204587,2.7393798104993046,STATIONARY,STATIONARY,STATIONARY,CB,AB,AC,True,STATIONARY_SOURCE,3 of 3 detections are stationary sources present at the same sky position in other epochs
REJ-0301,21213,18674,22319,155.60539343674668,-43.25487428644462,155.60380522830238,-43.25396705721261,155.60399918106347,-43.25385048854933,5.191153156417367,0.16832963356506125,2.3604537509647447,2.3421756573884873,43.794008649329264,1.8794938369793377,3.764538943865979,4.315448813667533,BLEND_FRAGMENT,STATIONARY,STATIONARY,,B,C,True,STATIONARY_SOURCE,2 of 3 detections are stationary sources present at the same sky position in other epochs
REJ-0302,7647,4591,8068,154.48764847241046,-41.113261597926446,154.48810850117326,-41.11280878062376,154.48987669987875,-41.11286177690903,6.212632126967584,0.20145236672784095,2.366619654590626,2.384606676387849,59.77170547134771,3.4893862327837777,2.7090446988337136,1.619405460583424,STATIONARY,STATIONARY,BLEND_FRAGMENT,C,A,,True,STATIONARY_SOURCE,2 of 3 detections are stationary sources present at the same sky position in other epochs
REJ-0303,27585,25290,28985,155.8762897130665,-44.0772544354388,155.8749469146878,-44.07894280786185,155.8747879607255,-44.07920360250496,8.020133070571276,0.26006284542835606,2.391299453848203,2.1494062275816264,128.34040526856597,12.051751265748397,10.419298307661531,11.622720554810762,STATIONARY,STATIONARY,STATIONARY,CB,AB,AC,True,STATIONARY_SOURCE,3 of 3 detections are stationary sources present at the same sky position in other epochs
REJ-0304,31799,29715,33626,153.30647891961473,-43.38850237441493,153.29707209217395,-43.40365324098012,153.2907158626587,-43.41593291052925,107.0112808704278,3.469974619026383,2.3983037194436783,3.9518013192870773,21023.84595373451,6.738303243637052,2.799442807675305,6.605204652128172,STATIONARY,STATIONARY,STATIONARY,CB,AB,AC,True,STATIONARY_SOURCE,3 of 3 detections are stationary sources present at the same sky position in other epochs
REJ-0305,23042,20590,24236,154.79849658281006,-43.108908018769455,154.80056681460863,-43.11040399770957,154.80101373828393,-43.11066118997504,9.143237122173467,0.2964808989446397,2.402570455309711,2.1642098636786846,159.86398996128415,6.035446011541963,11.977112955820122,11.722916886289674,STATIONARY,STATIONARY,STATIONARY,B,B,C,True,STATIONARY_SOURCE,3 of 3 detections are stationary sources present at the same sky position in other epochs
REJ-0306,15996,13174,16670,155.29146314232804,-42.507984698554814,155.28412739016886,-42.49256352729252,155.27753628814,-42.48194097288416,100.78222379158994,3.2679896526918,2.4064937807431597,3.8368877223736493,15729.403209845352,1.73723538726912,3.6872428878159895,3.701591266685514,STATIONARY,STATIONARY,STATIONARY,CB,AB,C,True,STATIONARY_SOURCE,3 of 3 detections are stationary sources present at the same sky position in other epochs
REJ-0307,10624,7776,11259,156.4598817574831,-42.366098300935626,156.4790923637969,-42.377712366999326,156.4945938517684,-42.385637677893264,116.06080012032238,3.7634165987513697,2.4077580519588695,4.154249104222868,22246.73816352774,2.999591628330415,4.5140700118057175,2.67610775356184,STATIONARY,STATIONARY,STATIONARY,CB,AB,AC,True,STATIONARY_SOURCE,3 of 3 detections are stationary sources present at the same sky position in other epochs
REJ-0308,20209,17630,21258,157.17137668806276,-43.81192219009945,157.17125366698284,-43.81008983028929,157.1712140457534,-43.80989782120676,7.2999660764420184,0.23671052994570282,2.40851456019443,2.1578985105246566,101.90426618982791,4.408017417406397,8.21724131402284,9.619141111712102,BLEND_FRAGMENT,STATIONARY,STATIONARY,,B,C,True,STATIONARY_SOURCE,2 of 3 detections are stationary sources present at the same sky position in other epochs
REJ-0309,5314,2196,5594,157.6970530664473,-42.20051303746149,157.69569151267717,-42.199327136997525,157.69577595673965,-42.19930565755919,5.522044099164861,0.17905918622212896,2.436260573885419,2.1531393594955386,58.31099113358289,7.353781297504324,12.09966597521819,14.086787670047642,BLEND_FRAGMENT,STATIONARY,STATIONARY,,B,C,True,STATIONARY_SOURCE,2 of 3 detections are stationary sources present at the same sky position in other epochs
REJ-0310,12614,9609,13058,156.66311399524324,-42.698217402060266,156.67472574995585,-42.687464356169805,156.68460955324804,-42.68020347939631,86.26083464415268,2.797115447984124,2.4363254019036495,3.5711779721986145,11523.162420698956,1.4199779245157587,1.2466607113145725,2.8480744816062935,STATIONARY,STATIONARY,STATIONARY,CB,AB,C,True,STATIONARY_SOURCE,3 of 3 detections are stationary sources present at the same sky position in other epochs
REJ-0311,23331,20791,24309,156.5262010796124,-43.89380737981194,156.5364275140053,-43.88487932625979,156.5431861301976,-43.87724804351164,74.13445379646497,2.40390238278333,2.4424333103017957,3.2127544980393394,9556.67203781657,3.945005459234137,3.0830636051178226,6.596160502308895,STATIONARY,STATIONARY,STATIONARY,CB,AB,AC,True,STATIONARY_SOURCE,3 of 3 detections are stationary sources present at the same sky position in other epochs
REJ-0312,25907,23535,27184,155.72450390719354,-43.827684959720465,155.72658305693363,-43.827864794088114,155.7264918045116,-43.8278700863563,5.205662623176937,0.16880012117143126,2.4463912823026104,2.3674343614920033,41.96588709651563,1.491833921330393,2.776175164980322,3.3506639746621687,BLEND_FRAGMENT,STATIONARY,STATIONARY,,B,C,True,STATIONARY_SOURCE,2 of 3 detections are stationary sources present at the same sky position in other epochs
REJ-0313,31428,29086,32793,153.17476291053876,-43.29073075071337,153.19361231160616,-43.29189614098845,153.20856938387033,-43.29368232628206,89.21870306539978,2.893028030888114,2.448686811226931,3.4806376622606434,14613.85697347568,4.180234752590367,7.321028153371899,4.120303020744649,STATIONARY,STATIONARY,STATIONARY,CB,AB,AC,True,STATIONARY_SOURCE,3 of 3 detections are stationary sources present at the same sky position in other epochs
REJ-0314,30524,28049,31671,152.619087295833,-42.94039320541071,152.6263950221076,-42.926693859347175,152.63331413470715,-42.91613558004784,95.03905128076967,3.0817601011609987,2.457351168177346,3.6748666765551805,15706.184064321367,2.333918223164528,3.217857608559614,5.484649915045017,STATIONARY,STATIONARY,STATIONARY,B,AB,AC,True,STATIONARY_SOURCE,3 of 3 detections are stationary sources present at the same sky position in other epochs
REJ-0315,28075,25899,29737,155.77328307748874,-44.08692989801962,155.7624358537885,-44.097247412750555,155.75276579117755,-44.10501792587278,83.98863646694289,2.7234365802966813,2.4645259012494063,3.3614790207527876,12950.725619707295,4.182340041839738,5.046251424433104,5.048645427128451,STATIONARY,STATIONARY,STATIONARY,CB,AB,AC,True,STATIONARY_SOURCE,3 of 3 detections are stationary sources present at the same sky position in other epochs
REJ-0316,27428,24902,28456,152.79838909356533,-42.68914932886316,152.80040226650303,-42.67010036376164,152.8028401324999,-42.65697679710927,116.41875664894583,3.775023786880835,2.4656976304520275,4.192071106107297,23567.440074604612,3.159301737496107,3.2411178798038183,6.752552291971748,STATIONARY,STATIONARY,STATIONARY,CB,AB,AC,True,STATIONARY_SOURCE,3 of 3 detections are stationary sources present at the same sky position in other epochs
REJ-0317,30712,28529,32354,153.64269959273832,-43.42351560806793,153.61786647533032,-43.42495787340091,153.60046028744472,-43.42505737151104,110.57911924978052,3.5856662406987994,2.468796432972629,4.0619276557412345,20194.8892517914,2.733332949040465,3.4884661977387137,3.8917470931582234,STATIONARY,STATIONARY,STATIONARY,CB,AB,AC,True,STATIONARY_SOURCE,3 of 3 detections are stationary sources present at the same sky position in other epochs
REJ-0318,15343,12637,16207,156.75419307521787,-43.06846678512969,156.75360877964317,-43.07013372959928,156.7536682810797,-43.07022807429535,6.489110785865808,0.21041753302877447,2.470666644880218,2.3520600610392877,69.54495017821053,3.549899536182298,3.214591087452877,3.336922165662351,STATIONARY,STATIONARY,STATIONARY,B,B,C,True,STATIONARY_SOURCE,3 of 3 detections are stationary sources present at the same sky position in other epochs
REJ-0319,29416,26974,30578,155.8939447220892,-44.27870800257644,155.90128435143586,-44.267437128622404,155.90658182984558,-44.25791012814689,81.65249132847845,2.6476841524134107,2.4713706955840284,3.309271167957528,12240.296031774602,7.9590874341557365,7.180830073673565,4.402036794330318,STATIONARY,STATIONARY,STATIONARY,C,AB,AC,True,STATIONARY_SOURCE,3 of 3 detections are stationary sources present at the same sky position in other epochs
REJ-0320,16576,13896,17472,156.29408505755097,-43.01680596972541,156.29419277330427,-43.017012650957966,156.29470504525807,-43.018319817365516,5.688929746363757,0.18447066205299148,2.476737766128638,2.38343017779337,50.11935954009247,2.282726910081045,2.0966489854920867,1.3338805520280295,STATIONARY,STATIONARY,BLEND_FRAGMENT,C,A,,True,STATIONARY_SOURCE,2 of 3 detections are stationary sources present at the same sky position in other epochs
REJ-0321,33014,30977,34804,155.83223896419457,-44.63523338777388,155.80610141217602,-44.6388165437342,155.78845065734504,-44.64142197871829,114.3593512008218,3.708244989569478,2.4780973271846953,4.078737704712656,25008.86877378239,5.440080765546839,5.9958205981656345,10.939127674435476,STATIONARY,STATIONARY,STATIONARY,CB,AB,AC,True,STATIONARY_SOURCE,3 of 3 detections are stationary sources present at the same sky position in other epochs
REJ-0322,23049,20577,24196,156.45990838200413,-43.83442543219658,156.46080812392253,-43.83267276253902,156.4609110805719,-43.83250323713169,7.3935975292102905,0.23974664690464165,2.47843890545527,2.2505695067967526,95.05568812424438,3.396202793119326,7.376275437500352,7.683300945925126,BLEND_FRAGMENT,STATIONARY,STATIONARY,,B,C,True,STATIONARY_SOURCE,2 of 3 detections are stationary sources present at the same sky position in other epochs
REJ-0323,31830,29644,33437,155.9565978221341,-44.56213951906533,155.96660503509668,-44.5727535349597,155.97233473426851,-44.58045195750663,77.29725013159137,2.5064600095939733,2.4849502254385745,3.391917971154107,9252.784757479447,3.5364775539967104,1.76194106454471,1.6015825965065391,STATIONARY,STATIONARY,STATIONARY,CB,B,AC,True,STATIONARY_SOURCE,3 of 3 detections are stationary sources present at the same sky position in other epochs
REJ-0324,22268,19681,23158,156.61754948735887,-43.81187372413963,156.6187850583909,-43.799040228324834,156.62090629306442,-43.788721790776926,83.80208966435936,2.71738756691267,2.4849916803276293,3.5403824565945254,10237.498506911736,0.9940159225158557,1.4363280189072671,1.6978875850244697,STATIONARY,STATIONARY,STATIONARY,CB,AB,AC,True,STATIONARY_SOURCE,3 of 3 detections are stationary sources present at the same sky position in other epochs
REJ-0325,26337,24080,27830,156.38330022315236,-44.15784640777413,156.3680641129036,-44.161950693981694,156.35565208013358,-44.165864552282045,77.01654350759088,2.49735774623677,2.485951292028098,3.3988512627844236,8646.736057750553,1.7939072327792316,1.5471153045541794,1.9569878104643497,STATIONARY,STATIONARY,STATIONARY,CB,AB,AC,True,STATIONARY_SOURCE,3 of 3 detections are stationary sources present at the same sky position in other epochs
REJ-0326,33682,31382,35100,156.3165022567848,-44.91143049128101,156.3132777888106,-44.90050576754296,156.31067071082117,-44.8936199373256,65.81969208672115,2.134285835243839,2.493423050764113,2.9605497559120253,8284.425078663075,5.35996636276684,7.162802608712722,8.502717683634192,STATIONARY,STATIONARY,STATIONARY,C,AB,AC,True,STATIONARY_SOURCE,3 of 3 detections are stationary sources present at the same sky position in other epochs
REJ-0327,10178,7388,10971,157.0382608601251,-42.56106950056817,157.0291597079494,-42.57128562324142,157.02324684688307,-42.57988751574873,78.57366609781184,2.5478493936858055,2.4977176620578154,3.418211233462373,9560.89184425316,2.2947116259308005,1.5231112058283702,1.8422209558879838,STATIONARY,STATIONARY,STATIONARY,CB,AB,AC,True,STATIONARY_SOURCE,3 of 3 detections are stationary sources present at the same sky position in other epochs
REJ-0328,18488,15887,19465,155.51217712576963,-42.90078631778733,155.51415457436585,-42.90135259571235,155.51411759361397,-42.90127054949269,5.406004803800703,0.17529646694199175,2.498377265723877,2.4488177712865578,48.266752270909535,2.035102935519702,1.7221466806761483,2.3958392066034864,BLEND_FRAGMENT,STATIONARY,STATIONARY,,B,C,True,STATIONARY_SOURCE,2 of 3 detections are stationary sources present at the same sky position in other epochs
REJ-0329,29577,27281,31019,155.71324301853693,-44.21792658437995,155.7146290246648,-44.21905887543451,155.71485373512334,-44.21883386652803,5.285693744736286,0.1713952303812669,2.498738443512217,2.141775327309287,55.74478575056932,205.45230612108384,183.88511483257122,187.33176900062344,BLEND_FRAGMENT,STATIONARY,STATIONARY,,B,C,True,STATIONARY_SOURCE,2 of 3 detections are stationary sources present at the same sky position in other epochs
REJ-0330,25537,23237,26960,156.2233867096028,-44.003996141121526,156.20759313985823,-44.00552021546785,156.19436288206302,-44.00711578020597,75.98824478700445,2.464013874149745,2.5004582685936074,3.2414892978646708,10600.976386903803,5.13301522192537,3.923818215430078,4.018596602007491,STATIONARY,STATIONARY,STATIONARY,CB,AB,AC,True,STATIONARY_SOURCE,3 of 3 detections are stationary sources present at the same sky position in other epochs
REJ-0331,28014,25602,29220,155.80320388044083,-44.09053006331142,155.8156350651886,-44.08602535574105,155.82649323951406,-44.08250986897238,66.7862283742238,2.1656269831931207,2.5017075343664783,3.1846647238495223,6907.457282408514,2.1089576737445097,0.9879445368639413,1.9583500881757394,STATIONARY,STATIONARY,STATIONARY,CB,AB,AC,True,STATIONARY_SOURCE,3 of 3 detections are stationary sources present at the same sky position in other epochs
REJ-0332,33124,30759,34416,154.07528178598855,-43.87576086130417,154.08472656405885,-43.863871607747726,154.0900463410931,-43.85521609146729,83.29928060292369,2.7010833542426917,2.502118794001433,3.426248963792937,11459.818102541834,3.737559156134424,3.624362961518151,2.7449519482168476,STATIONARY,STATIONARY,STATIONARY,CB,AB,C,True,STATIONARY_SOURCE,3 of 3 detections are stationary sources present at the same sky position in other epochs
REJ-0333,21380,18841,22481,155.37289389450603,-43.171805055919165,155.37364691941005,-43.17321765522214,155.3732911448121,-43.17324600497628,5.291226097033856,0.17157462382371455,2.514385019636192,2.245230882379531,48.6832022462052,3.609763787769647,7.271153279971761,7.617262297597022,BLEND_FRAGMENT,STATIONARY,STATIONARY,,B,C,True,STATIONARY_SOURCE,2 of 3 detections are stationary sources present at the same sky position in other epochs
REJ-0334,15524,12844,16466,153.97456149825476,-41.86275338617277,153.9544928101584,-41.86077341744218,153.93819817523408,-41.8587518237447,98.55468133570643,3.1957588026183523,2.5158852246687164,3.7251053568574943,16041.675942398086,3.6071571564642877,5.533796765963376,3.9880979026066554,STATIONARY,STATIONARY,STATIONARY,CB,AB,AC,True,STATIONARY_SOURCE,3 of 3 detections are stationary sources present at the same sky position in other epochs
REJ-0335,20157,17564,21166,157.19315185828788,-43.81492087170825,157.21128681590068,-43.818713464592584,157.22372016529414,-43.8225095203486,83.97018887007707,2.722838393896278,2.5191585678935837,3.4409565799080926,11645.160614917613,3.174644345576236,3.7923444664172545,3.207009460310241,STATIONARY,STATIONARY,STATIONARY,CB,AB,C,True,STATIONARY_SOURCE,3 of 3 detections are stationary sources present at the same sky position in other epochs
REJ-0336,27047,24719,28388,155.02249761225235,-43.64467682572512,155.02379612367608,-43.64644914034469,155.02422756116127,-43.64660409179485,8.273291780947938,0.2682718332326991,2.519823996272615,2.331752253166116,119.02088644162454,2.3529061993667097,3.674028419460412,4.114528665041232,BLEND_FRAGMENT,STATIONARY,STATIONARY,,B,C,True,STATIONARY_SOURCE,2 of 3 detections are stationary sources present at the same sky position in other epochs
REJ-0337,27758,25416,29099,155.32395234008365,-43.85448542868093,155.302978390103,-43.8442667315621,155.28894001546777,-43.83611498267864,112.41591309018786,3.645226578214195,2.520785772637466,4.107054004044094,20871.362809771035,2.3779737115692257,3.3672724254527164,2.066449964371694,BLEND_FRAGMENT,STATIONARY,STATIONARY,,AB,AC,True,STATIONARY_SOURCE,2 of 3 detections are stationary sources present at the same sky position in other epochs
REJ-0338,27593,25255,28995,153.94152595640617,-43.226800735511034,153.9418122969148,-43.22742493240442,153.94048576083784,-43.228374302825245,6.287714511550067,0.20388700695191841,2.5295841358042193,2.233034051541387,72.58362771798878,5.218782850335186,5.0991087063042135,6.3214492422535145,STATIONARY,STATIONARY,BLEND_FRAGMENT,CB,A,,True,STATIONARY_SOURCE,2 of 3 detections are stationary sources present at the same sky position in other epochs
REJ-0339,30845,28569,32387,152.74187208969494,-43.02851275324693,152.75266058510542,-43.03881252845138,152.75975177829125,-43.04746814243221,82.88502056058475,2.6876504542633577,2.532735909437584,3.2779552803752026,13707.313860625787,11.041791976252748,10.074703103723337,8.201208576840568,STATIONARY,STATIONARY,STATIONARY,CB,AB,C,True,STATIONARY_SOURCE,3 of 3 detections are stationary sources present at the same sky position in other epochs
REJ-0340,32341,30246,34114,153.35719523096066,-43.46804795083195,153.35026628871714,-43.48191191752313,153.3465869156064,-43.49153309202142,88.97205494757709,2.8850301571899974,2.53549626805294,3.47495081438251,14533.167659706702,4.3723751386455705,7.664992727474008,7.808823290283331,STATIONARY,STATIONARY,STATIONARY,CB,AB,C,True,STATIONARY_SOURCE,3 of 3 detections are stationary sources present at the same sky position in other epochs
REJ-0341,21208,18487,21998,154.23215307910843,-42.64540167943156,154.2419539993077,-42.63101517277623,154.2476580181352,-42.62084451816845,97.4779651385188,3.1608449332977937,2.545892995550487,3.674590803849337,17444.79821554056,7.562263017217399,7.8420774862526805,4.1289777796224545,STATIONARY,STATIONARY,STATIONARY,CB,AB,AC,True,STATIONARY_SOURCE,3 of 3 detections are stationary sources present at the same sky position in other epochs
REJ-0342,10949,8107,11621,155.68194577955754,-42.064420545068195,155.69168893189538,-42.074104887833755,155.7004289087254,-42.08080076715435,76.921217765733,2.4942666898350883,2.546167718832846,3.279400875789912,10288.659632351104,7.610273450672663,3.7841619892888763,3.2747069183207818,STATIONARY,STATIONARY,STATIONARY,CB,AB,C,True,STATIONARY_SOURCE,3 of 3 detections are stationary sources present at the same sky position in other epochs
REJ-0343,29400,26933,30524,154.79497030455966,-43.796439035254586,154.81239395845506,-43.78793342216025,154.8253207076174,-43.78041014178356,97.72999778385352,3.1690174070348056,2.55045754065545,3.745039513272652,16608.188902363352,4.012053937108651,2.091887115390995,3.6204193538188254,STATIONARY,STATIONARY,STATIONARY,CB,B,AC,True,STATIONARY_SOURCE,3 of 3 detections are stationary sources present at the same sky position in other epochs
REJ-0344,8380,5271,8670,155.50036120805393,-41.66230771513803,155.50285600364944,-41.648577442900674,155.5055158600993,-41.6395009751346,83.266855052849,2.700031915227553,2.563775702280324,3.325563085478446,13833.898399284482,8.716589181862057,6.965585206252919,11.074127882216597,STATIONARY,STATIONARY,STATIONARY,CB,AB,AC,True,STATIONARY_SOURCE,3 of 3 detections are stationary sources present at the same sky position in other epochs
REJ-0345,8539,5370,8753,155.49838939493415,-41.67985737462949,155.50013641950136,-41.66204553365524,155.50300215752299,-41.64847633626462,113.65082929945667,3.6852702807839792,2.5662082253143277,4.0608750384477315,24699.94011427141,7.484879748402878,5.2683503289620175,11.298941222146963,STATIONARY,STATIONARY,STATIONARY,C,AB,AC,True,STATIONARY_SOURCE,3 of 3 detections are stationary sources present at the same sky position in other epochs
REJ-0346,26637,24144,27725,153.82125545827734,-43.06561666631295,153.84138203138775,-43.06143715231986,153.8565997648393,-43.05712624669188,97.8599518572908,3.1732313303968898,2.5729157169385313,3.6305605641421432,19107.78093242234,16.833684408799954,10.199292857625622,14.797568718606026,STATIONARY,STATIONARY,STATIONARY,CB,AB,C,True,STATIONARY_SOURCE,3 of 3 detections are stationary sources present at the same sky position in other epochs
REJ-0347,23002,20584,24275,153.61449583895543,-42.57357988937551,153.62857617152116,-42.58558418571181,153.63729744484633,-42.59445233184107,96.43113207873567,3.1269000620818006,2.5798663387332876,3.723352755033013,15357.826374982516,2.039195676927882,2.0075505018626836,3.625478457388421,STATIONARY,BLEND_FRAGMENT,STATIONARY,CB,,C,True,STATIONARY_SOURCE,2 of 3 detections are stationary sources present at the same sky position in other epochs
REJ-0348,21852,19488,23157,156.20032299474047,-43.586015959345566,156.20731585565312,-43.60227458990478,156.21330566376477,-43.61319739160443,103.54134875164034,3.3574577303021376,2.5902328922141296,3.891403170965706,17706.097795886657,2.2723374186875156,3.1164099777635728,3.7487328956178074,STATIONARY,STATIONARY,STATIONARY,CB,AB,AC,True,STATIONARY_SOURCE,3 of 3 detections are stationary sources present at the same sky position in other epochs
REJ-0349,28958,26773,30590,154.15477992742183,-43.46547416197458,154.1541733465575,-43.47957976518533,154.1553597642622,-43.49041441967437,89.79770368800372,2.9118028502201883,2.5919804359146874,3.5033026100833045,14021.580189288838,3.507452390487483,6.854355826940947,5.197210081610939,BLEND_FRAGMENT,STATIONARY,STATIONARY,,B,AC,True,STATIONARY_SOURCE,2 of 3 detections are stationary sources present at the same sky position in other epochs
REJ-0350,32625,30473,34263,155.6811018531809,-44.52678634543702,155.66135058880423,-44.52559488587292,155.64846723846804,-44.52447828480368,84.17022902173503,2.7293249459998807,2.5919968591409925,3.4185706903846014,13006.787911607436,4.996882983499381,2.604026941534655,5.78026626678202,STATIONARY,STATIONARY,STATIONARY,CB,B,AC,True,STATIONARY_SOURCE,3 of 3 detections are stationary sources present at the same sky position in other epochs
REJ-0351,32788,30408,34042,152.82763186751524,-43.27938132623627,152.83447775777682,-43.26315234662986,152.83827856091713,-43.25200468491431,102.43157921999884,3.3214720652727885,2.5998040081733276,3.7877904190913196,20064.04157185049,9.630489728826376,7.7981706465567955,5.622997575432244,STATIONARY,STATIONARY,STATIONARY,CB,AB,C,True,STATIONARY_SOURCE,3 of 3 detections are stationary sources present at the same sky position in other epochs
REJ-0352,8032,4892,8295,155.45032045473556,-41.59552362401681,155.4752910189019,-41.59109554135683,155.49248588836792,-41.58863944893137,116.19996653155354,3.7679292436881013,2.6007976751802215,4.149924232508998,23478.940971991542,5.478417614124564,4.82139992838361,3.8499056138362358,STATIONARY,STATIONARY,STATIONARY,CB,AB,AC,True,STATIONARY_SOURCE,3 of 3 detections are stationary sources present at the same sky position in other epochs
REJ-0353,10963,8039,11530,155.83926547818652,-42.134827895253395,155.8406145389712,-42.13297898094048,155.84117276552217,-42.132829428166225,8.814057830557308,0.28580684871623235,2.609211339656849,2.3588572830335433,128.30601427259393,2.4853814580290927,3.135543260778796,3.0043375743361365,STATIONARY,STATIONARY,STATIONARY,CB,B,AC,True,STATIONARY_SOURCE,3 of 3 detections are stationary sources present at the same sky position in other epochs
REJ-0354,12485,9675,13292,155.6067946621374,-42.222562102125565,155.59123582409958,-42.22318172033374,155.57842105361402,-42.22444844070906,75.94554027928609,2.46262912707733,2.6093643115116607,3.268828751602846,9525.763061540956,2.3731942543342983,2.8369344467609596,3.654131399490088,STATIONARY,STATIONARY,STATIONARY,CB,B,AC,True,STATIONARY_SOURCE,3 of 3 detections are stationary sources present at the same sky position in other epochs
REJ-0355,20772,18217,21871,156.15810220046055,-43.44304270396527,156.15767458003273,-43.4434986138465,156.15595070374644,-43.44458220168844,7.895568383164739,0.2560236796487127,2.6188342688998336,2.355927593944247,102.95845607271853,2.762421669918,2.1960297778763986,2.423423996146154,STATIONARY,STATIONARY,STATIONARY,CB,A,AC,True,STATIONARY_SOURCE,3 of 3 detections are stationary sources present at the same sky position in other epochs
REJ-0356,7278,4205,7666,156.25152545638284,-41.84498011231101,156.25442770366834,-41.84504146759934,156.25498749160548,-41.845539357068034,9.500320781464007,0.30805978319430627,2.619369417735294,2.2387679100197193,163.11236263797016,3.4935764194097056,7.224330726736822,8.550319058010842,STATIONARY,STATIONARY,STATIONARY,B,B,C,True,STATIONARY_SOURCE,3 of 3 detections are stationary sources present at the same sky position in other epochs
REJ-0357,20121,17654,21397,155.69048888306904,-43.161685819699876,155.67007778359172,-43.16833645919086,155.65327297007698,-43.17302553072133,105.90193140863042,3.4340025752871024,2.621229930533697,3.9481623568812942,18522.64419094386,3.0825198757474985,2.042008771562345,2.7256321061616697,STATIONARY,STATIONARY,STATIONARY,B,AB,C,True,STATIONARY_SOURCE,3 of 3 detections are stationary sources present at the same sky position in other epochs
REJ-0358,25466,22938,26456,153.80551278182915,-42.93301773931191,153.80649759723423,-42.91627619452816,153.80849014059595,-42.904763072278115,102.01921360303439,3.308100594405541,2.628549233955287,3.772661411688365,19902.82045409746,7.787287013553389,5.071253058289284,11.168921642938724,STATIONARY,STATIONARY,STATIONARY,CB,AB,AC,True,STATIONARY_SOURCE,3 of 3 detections are stationary sources present at the same sky position in other epochs
REJ-0359,11006,8084,11606,155.3374663537984,-41.91828012629206,155.3395329903772,-41.91811814528574,155.33943973006478,-41.91839732233106,5.302995483129149,0.17195626088758298,2.6303013802594366,2.2307328037950085,51.62921898840474,4.781229176612176,4.447602439404987,6.655246299877523,BLEND_FRAGMENT,STATIONARY,STATIONARY,,B,C,True,STATIONARY_SOURCE,2 of 3 detections are stationary sources present at the same sky position in other epochs
REJ-0360,21785,19262,22864,156.84552356425178,-43.85473996870259,156.84819562053534,-43.855028179870295,156.848425437709,-43.855064892521646,7.623387933388094,0.2471978881542279,2.6317164773963277,2.158904784075408,111.13394291432164,4.273886000238217,8.719005292676826,9.816336067373811,BLEND_FRAGMENT,STATIONARY,STATIONARY,,B,C,True,STATIONARY_SOURCE,2 of 3 detections are stationary sources present at the same sky position in other epochs
REJ-0361,30495,28391,32313,153.5640575982113,-43.36592259810903,153.55702629122015,-43.3843722772199,153.55356099675598,-43.39785494696265,118.19157802370114,3.83250973718842,2.6317849170868146,4.236483229413425,24290.67371125448,3.3996286889013425,3.982991179933392,4.0861852148807225,STATIONARY,STATIONARY,STATIONARY,CB,AB,C,True,STATIONARY_SOURCE,3 of 3 detections are stationary sources present at the same sky position in other epochs
REJ-0362,21971,19585,23281,153.8639441915575,-42.56730220355441,153.86869031539862,-42.58346448819191,153.87314199599882,-42.59435042880907,100.37959839373684,3.2549340206111292,2.635368832368336,3.889078434704094,15603.976191215226,1.3955527332399629,1.9730504357666367,3.114614565769595,STATIONARY,STATIONARY,STATIONARY,CB,AB,AC,True,STATIONARY_SOURCE,3 of 3 detections are stationary sources present at the same sky position in other epochs
REJ-0363,16378,13538,17023,155.38595175404689,-42.592408414817584,155.38466128387438,-42.57872825586564,155.38217557848762,-42.567999300914096,88.44109849272176,2.8678132300850216,2.653317111876942,3.640527687355183,11402.298634524961,1.2592472860651382,0.9942384250653021,0.6204017835286695,STATIONARY,STATIONARY,STATIONARY,CB,AB,AC,True,STATIONARY_SOURCE,3 of 3 detections are stationary sources present at the same sky position in other epochs
REJ-0364,18535,16033,19729,153.77054950351427,-42.12945020096374,153.76274351644466,-42.14028148374729,153.75863631900015,-42.147950663606935,73.80481814229732,2.393213534428427,2.653332199894429,3.0839911625027185,10416.459054599607,7.231361399291669,13.791923893204592,14.106749044807527,STATIONARY,STATIONARY,STATIONARY,CB,AB,AC,True,STATIONARY_SOURCE,3 of 3 detections are stationary sources present at the same sky position in other epochs
REJ-0365,30471,28331,32188,153.74364912736456,-43.44499184543722,153.73773810346626,-43.45809377937998,153.73481402507502,-43.46704950778346,82.69604044852278,2.6815225377762184,2.654181471356819,3.403535710272774,11891.480537760719,6.242647487724102,3.892861229836505,2.84317173972786,STATIONARY,STATIONARY,STATIONARY,CB,B,AC,True,STATIONARY_SOURCE,3 of 3 detections are stationary sources present at the same sky position in other epochs
REJ-0366,31624,29506,33377,155.73909090673624,-44.44600825192049,155.73447731350782,-44.45944437368218,155.73166763482183,-44.470590869287165,90.52969427409518,2.9355385604597384,2.654641673324077,3.5709283022439493,14251.10715205029,2.481558516791063,3.8690552323321015,5.570066216533162,BLEND_FRAGMENT,STATIONARY,STATIONARY,,B,AC,True,STATIONARY_SOURCE,2 of 3 detections are stationary sources present at the same sky position in other epochs
REJ-0367,31078,28812,32589,153.09223484525214,-43.213186864511265,153.0749868533734,-43.20770207894954,153.0606975107582,-43.20427975953607,88.74659161272227,2.8777192265749854,2.6576464520332244,3.4868386693984608,13695.2468072462,6.694909268863811,5.47959583213111,2.805399698936961,STATIONARY,STATIONARY,STATIONARY,CB,AB,AC,True,STATIONARY_SOURCE,3 of 3 detections are stationary sources present at the same sky position in other epochs
REJ-0368,10241,7528,11128,157.67226952080546,-42.83991528767252,157.67057970532892,-42.8591571295807,157.66764419527055,-42.87303481598037,119.85348870159773,3.8863992694366383,2.660119883609791,4.250065894356655,23724.473480861452,3.107353160902393,5.692648883436871,3.0436830029377577,STATIONARY,STATIONARY,STATIONARY,CB,AB,AC,True,STATIONARY_SOURCE,3 of 3 detections are stationary sources present at the same sky position in other epochs
REJ-0369,16227,13459,16996,153.60238510526216,-41.777916500954476,153.58695305626418,-41.76599894073155,153.57529300085616,-41.7559072685608,107.56271405890958,3.4878555298290252,2.6695033182027643,3.9802069601933416,20118.240796867933,5.882069509777378,2.4167161081622615,2.4660148950926586,STATIONARY,STATIONARY,STATIONARY,CB,A,AC,True,STATIONARY_SOURCE,3 of 3 detections are stationary sources present at the same sky position in other epochs
REJ-0370,23113,20755,24461,153.77590438835793,-42.66000392233864,153.76647066697674,-42.66605810823664,153.75905087934368,-42.66928142442662,55.73109491719735,1.8071504544215442,2.6820946499978726,2.987153926319444,4809.938487264867,2.979901588767309,1.9629529613204388,1.6769502230044668,STATIONARY,STATIONARY,STATIONARY,CB,AB,AC,True,STATIONARY_SOURCE,3 of 3 detections are stationary sources present at the same sky position in other epochs
REJ-0371,4390,1340,4765,154.75345660018212,-40.78940533149083,154.7289870832289,-40.79100457062869,154.71218875611783,-40.79134200126128,112.6945746113959,3.6542625265555846,2.68553273706539,4.106013171920395,22083.73439539869,5.465471726473543,3.934957186110968,2.980601246519138,STATIONARY,STATIONARY,STATIONARY,CB,AB,AC,True,STATIONARY_SOURCE,3 of 3 detections are stationary sources present at the same sky position in other epochs
REJ-0372,27100,24738,28416,155.62510469972545,-43.91296800442383,155.62728923402108,-43.91228104751548,155.6273034985539,-43.91236752149192,6.098432758499481,0.197749309378467,2.6859208557199867,2.3511190147933743,61.42309586614298,3.1712987306048452,3.086935156124242,3.4784377850037775,BLEND_FRAGMENT,STATIONARY,STATIONARY,,B,C,True,STATIONARY_SOURCE,2 of 3 detections are stationary sources present at the same sky position in other epochs
REJ-0373,22403,19944,23583,153.76939768045344,-42.574213534475305,153.78359361173617,-42.58408790639934,153.79445304753142,-42.59011918284156,87.69051232385073,2.843474534816732,2.6891668487703195,3.4973024194941926,14117.514933250019,5.0525069117856365,3.798834140422386,4.22796919494422,STATIONARY,STATIONARY,STATIONARY,CB,AB,AC,True,STATIONARY_SOURCE,3 of 3 detections are stationary sources present at the same sky position in other epochs
REJ-0374,26168,23641,27151,153.98295828848666,-43.08818974542171,154.00150544123983,-43.07844124060452,154.01605977516013,-43.070083353548775,108.74158276139411,3.526081821893868,2.6898255175396857,3.9579580843911666,21369.858135462,8.709912547168717,7.797592408746976,3.757659673577515,STATIONARY,STATIONARY,STATIONARY,C,AB,AC,True,STATIONARY_SOURCE,3 of 3 detections are stationary sources present at the same sky position in other epochs
REJ-0375,14067,11146,14628,155.19617451853796,-42.23510156545298,155.1889453971664,-42.219871451602536,155.18184312975868,-42.20863481352512,102.65534267564098,3.3287278751783256,2.6906525086043787,3.9421797418216853,16319.523932829336,0.9942118654137128,1.0716032635955923,2.3158096209988797,STATIONARY,STATIONARY,STATIONARY,CB,AB,AC,True,STATIONARY_SOURCE,3 of 3 detections are stationary sources present at the same sky position in other epochs
REJ-0376,27844,25485,29189,154.695699992904,-43.58781784950767,154.7153903779311,-43.59653982498,154.73109895410408,-43.60198240371808,105.44348354029461,3.4191368297850167,2.7017043839228676,3.9136883187018867,20412.327684322943,5.586470724565185,2.352624051795441,4.959014156965329,STATIONARY,STATIONARY,STATIONARY,CB,AB,AC,True,STATIONARY_SOURCE,3 of 3 detections are stationary sources present at the same sky position in other epochs
REJ-0377,18982,16322,19875,156.90225034798112,-43.55578362376938,156.92537354120842,-43.558960921878786,156.9414433782596,-43.56238573586353,104.9725168581334,3.40386514608762,2.7104799201372534,3.9257604605734686,18198.95466285614,3.773590267994068,3.9487818403675075,3.4350772635376083,STATIONARY,STATIONARY,STATIONARY,CB,AB,AC,True,STATIONARY_SOURCE,3 of 3 detections are stationary sources present at the same sky position in other epochs
REJ-0378,26637,24252,27898,153.82125545827734,-43.06561666631295,153.83819906621744,-43.07126538589275,153.85152605432992,-43.07661904918519,88.91573424860916,2.883203888086825,2.713265444648358,3.392912888274076,15774.568789696974,16.833684408799954,26.775164102403902,15.879111898051015,STATIONARY,STATIONARY,BLEND_FRAGMENT,CB,AB,,True,STATIONARY_SOURCE,2 of 3 detections are stationary sources present at the same sky position in other epochs
REJ-0379,24932,22451,26044,154.54964764281635,-43.20652898617445,154.53455353081876,-43.19286799899809,154.52224275179717,-43.18175151611872,114.58480484538113,3.715555605964539,2.71649090412545,4.179512128733646,20332.858121246107,3.2419524186367896,2.964708282739564,1.5363367500279417,STATIONARY,STATIONARY,STATIONARY,CB,AB,AC,True,STATIONARY_SOURCE,3 of 3 detections are stationary sources present at the same sky position in other epochs
REJ-0380,8745,5779,9267,157.25788869949272,-42.470661611370915,157.25752207767871,-42.471010444603735,157.2554767058839,-42.471383401294176,6.911898590830289,0.2241269563767389,2.718600088578591,2.5013583585678454,69.64322442485731,1.5046851954780842,1.6304986749178296,1.4315384554633515,STATIONARY,STATIONARY,BLEND_FRAGMENT,C,A,,True,STATIONARY_SOURCE,2 of 3 detections are stationary sources present at the same sky position in other epochs
REJ-0381,17661,15002,18574,156.37798476724458,-43.18231323860311,156.37602034279166,-43.18150937297969,156.37637001123443,-43.18096076109636,6.4555629796178415,0.20932970345363452,2.7218106413222882,2.247970465328061,72.46607561699187,2.1810197290832405,4.353160964380484,5.060094541263092,STATIONARY,STATIONARY,STATIONARY,C,B,C,True,STATIONARY_SOURCE,3 of 3 detections are stationary sources present at the same sky position in other epochs
REJ-0382,30013,27667,31406,153.45842148552262,-43.26561998267339,153.45719101299625,-43.26391408748901,153.45700819995724,-43.26385814400887,7.3454284837111565,0.23818470536030012,2.7253804425878476,2.0881458329396487,114.02537879843305,27.06773254247986,55.47179322418111,56.96391793494112,BLEND_FRAGMENT,STATIONARY,STATIONARY,,B,C,True,STATIONARY_SOURCE,2 of 3 detections are stationary sources present at the same sky position in other epochs
REJ-0383,30933,28586,32321,155.4343853340305,-44.23764166322026,155.45634860898826,-44.245319434094334,155.47354380434837,-44.24986996192248,110.16593484543598,3.5722682196267117,2.7268504651809575,3.973502995822579,23208.406916808653,7.2267055275034835,5.32171225368539,10.37811712214657,FREE,STATIONARY,STATIONARY,,AB,AC,True,STATIONARY_SOURCE,2 of 3 detections are stationary sources present at the same sky position in other epochs
REJ-0384,17675,15170,18850,155.04767501494297,-42.6028026282476,155.04812698564385,-42.61871530774358,155.05003245825682,-42.62985118161957,97.57487391308419,3.1639873215148833,2.728588439267695,3.7077903955567426,18996.616505807513,8.291653730266853,3.775774508254312,8.345740887379868,STATIONARY,STATIONARY,STATIONARY,CB,AB,AC,True,STATIONARY_SOURCE,3 of 3 detections are stationary sources present at the same sky position in other epochs
REJ-0385,27213,24874,28572,156.11803143893877,-44.13978328508101,156.11964366431664,-44.1409120718987,156.11941556468585,-44.14090654452443,5.398024281329932,0.17503768851980211,2.7340985823893402,2.2309379320075458,53.49617224302104,4.6971822049985965,6.271549464261764,7.091366069621473,BLEND_FRAGMENT,STATIONARY,STATIONARY,,B,C,True,STATIONARY_SOURCE,2 of 3 detections are stationary sources present at the same sky position in other epochs
REJ-0386,29319,27053,30759,155.87813309530407,-44.26200067428115,155.87623634717946,-44.263715084596114,155.87604328190963,-44.26398550315912,8.949007115496807,0.29018274805868405,2.734389090955454,2.359314536754672,132.2649979775212,2.8565043511456207,2.781814799296645,3.2638914650328736,STATIONARY,STATIONARY,STATIONARY,B,AB,AC,True,STATIONARY_SOURCE,3 of 3 detections are stationary sources present at the same sky position in other epochs
REJ-0387,30877,28597,32350,153.2333644080415,-43.257444884633024,153.21544077927885,-43.250964056964634,153.20161014257454,-43.2449143891847,94.69696557923916,3.070667544449338,2.739425008043147,3.633930515123819,14810.41911577515,3.2118397796232037,4.007816294826617,3.1347424657002407,STATIONARY,STATIONARY,STATIONARY,CB,AB,AC,True,STATIONARY_SOURCE,3 of 3 detections are stationary sources present at the same sky position in other epochs
REJ-0388,24520,22117,25740,156.4204348248796,-43.97831734508938,156.42199082365104,-43.979754103887544,156.42196489055564,-43.97979535694165,6.63492439518117,0.21514572167690005,2.745706182608238,2.145151940935832,87.83593221572065,179.58973477518086,225.97529584067243,150.21282619577445,BLEND_FRAGMENT,STATIONARY,STATIONARY,,B,C,True,STATIONARY_SOURCE,2 of 3 detections are stationary sources present at the same sky position in other epochs
REJ-0389,30132,27930,31739,156.28267276546347,-44.52154273565766,156.26286313687876,-44.52400671406025,156.24875288487328,-44.52709909722534,89.32817914079443,2.896577929552256,2.7468465455346234,3.5603174096662924,13178.688284415337,2.4342683692022113,2.820032090634815,3.406817669275583,STATIONARY,STATIONARY,STATIONARY,CB,AB,AC,True,STATIONARY_SOURCE,3 of 3 detections are stationary sources present at the same sky position in other epochs
REJ-0390,8975,6014,9482,156.0595209771495,-41.9824473409824,156.0596098827797,-41.98265533211895,156.06128521644115,-41.98338893501496,5.812040100571989,0.18846266925977526,2.751324802498864,2.1430022583426194,67.3996221978453,119.49678146138395,129.70573639645232,90.86017385738032,STATIONARY,STATIONARY,BLEND_FRAGMENT,C,A,,True,STATIONARY_SOURCE,2 of 3 detections are stationary sources present at the same sky position in other epochs
REJ-0391,31133,28865,32606,153.91525280402593,-43.59079827234728,153.91177747443533,-43.5903263044249,153.9110374647292,-43.59009369113725,11.280095865041636,0.3657712162073148,2.7541828264487975,2.149849365409804,261.1740039529814,10.58604508463338,19.169775453333923,20.930627389117273,STATIONARY,STATIONARY,STATIONARY,B,B,C,True,STATIONARY_SOURCE,3 of 3 detections are stationary sources present at the same sky position in other epochs
REJ-0392,14211,11241,14683,154.57751025835344,-41.97702100771909,154.58462157033213,-41.96118278397832,154.58894182390227,-41.95060121590128,99.91266398660264,3.239793088474566,2.754754510466637,3.8369214042602025,14552.085327535702,1.9670505191618715,2.5227356309493434,1.9362531316235767,STATIONARY,STATIONARY,BLEND_FRAGMENT,CB,AB,,True,STATIONARY_SOURCE,2 of 3 detections are stationary sources present at the same sky position in other epochs
REJ-0393,29379,27064,30776,154.9033286475574,-43.84071897343497,154.9040731501706,-43.84224149792874,154.90392138952217,-43.84213601964224,5.328479179284813,0.17278260160736378,2.755883401060735,2.2453101723970104,49.37112737445625,2.7336316741692963,4.88185151022263,5.847999424946651,BLEND_FRAGMENT,STATIONARY,STATIONARY,,B,C,True,STATIONARY_SOURCE,2 of 3 detections are stationary sources present at the same sky position in other epochs
REJ-0394,24226,21752,25364,155.56963354554227,-43.57672952664782,155.58986804953523,-43.581144784448156,155.60348596196894,-43.583502732486345,91.58849665009646,2.9698715517238825,2.7595377577261524,3.6333482257671417,12990.51092196961,3.6837182410722913,2.2555468849579072,1.9345031641749875,STATIONARY,STATIONARY,STATIONARY,CB,AB,C,True,STATIONARY_SOURCE,3 of 3 detections are stationary sources present at the same sky position in other epochs
REJ-0395,20286,17730,21362,156.0044130446675,-43.32056988327477,156.00663684314972,-43.321961811880655,156.00666411954495,-43.32236362948681,8.74404502455063,0.28353659591789276,2.760013851029093,2.2549228013380103,132.95089597318753,2.9854132436540968,6.392910890168052,7.406992014531579,FREE,STATIONARY,STATIONARY,,B,C,True,STATIONARY_SOURCE,2 of 3 detections are stationary sources present at the same sky position in other epochs
REJ-0396,30584,28404,32238,156.35010197696096,-44.59810624539921,156.32644473443526,-44.59867635575719,156.3080151694403,-44.600258402843416,108.16022044887971,3.50723042181273,2.765909711316345,3.884691340240458,23341.85600103289,9.323337931822575,8.172257931470046,14.895663706746603,STATIONARY,STATIONARY,STATIONARY,CB,A,AC,True,STATIONARY_SOURCE,3 of 3 detections are stationary sources present at the same sky position in other epochs
REJ-0397,32059,29684,33348,156.01915139023077,-44.611845888289224,156.01071747037324,-44.595908763671424,156.0061538823456,-44.58351402185211,107.29862936545794,3.479292253358574,2.768765671637111,3.8884804070841286,20019.574684894276,3.7574509651031764,8.969334036011173,5.5743923157218775,STATIONARY,STATIONARY,STATIONARY,CB,B,AC,True,STATIONARY_SOURCE,3 of 3 detections are stationary sources present at the same sky position in other epochs
REJ-0398,31015,28632,32349,152.7712331024167,-43.060031738981316,152.75960853444582,-43.047808774778474,152.75278407504996,-43.03842443903266,91.68616588123949,2.973038598696589,2.7748649965027687,3.5258422951233928,16075.271102078294,5.903855813974416,7.477445382416762,11.200544246301202,STATIONARY,STATIONARY,STATIONARY,CB,AB,AC,True,STATIONARY_SOURCE,3 of 3 detections are stationary sources present at the same sky position in other epochs
REJ-0399,5929,2723,6111,154.83111417465264,-41.03188399875045,154.851326787326,-41.02842200654422,154.86592903647573,-41.027176832772604,96.05459268827335,3.114690301416007,2.775878513340141,3.726149852571744,14288.302656165055,1.2402014053494224,2.0211529916302893,2.770056478511766,STATIONARY,STATIONARY,STATIONARY,CB,B,AC,True,STATIONARY_SOURCE,3 of 3 detections are stationary sources present at the same sky position in other epochs
REJ-0400,30709,28229,31876,153.44846584853778,-43.335646892041304,153.4597228736466,-43.32421501951343,153.4662864004185,-43.316157297339565,84.2664601143107,2.7324453595308906,2.7783742668351206,3.360818851081449,13578.762203658203,8.843269725374101,4.703121785009805,4.041968621076292,STATIONARY,STATIONARY,STATIONARY,CB,AB,AC,True,STATIONARY_SOURCE,3 of 3 detections are stationary sources present at the same sky position in other epochs
REJ-0401,22087,19598,23193,156.34807568533432,-43.67382386806507,156.345731849519,-43.67444828854362,156.34570964234365,-43.67438872488388,6.4876403797055575,0.21036985327002167,2.779505058870951,2.248053575622382,73.18802613725289,3.066526389509564,4.465743147468056,4.6309306793403024,BLEND_FRAGMENT,STATIONARY,STATIONARY,,B,C,True,STATIONARY_SOURCE,2 of 3 detections are stationary sources present at the same sky position in other epochs
REJ-0402,18709,16202,19909,154.68374952060898,-42.55975084719299,154.66935218546354,-42.5649241610491,154.65722940118462,-42.569542114259875,78.65696935294585,2.5505506059191894,2.780119037321383,3.326036045029467,10218.088055885146,3.3730775608065793,2.032264716457369,2.2111908851556583,STATIONARY,STATIONARY,STATIONARY,CB,AB,AC,True,STATIONARY_SOURCE,3 of 3 detections are stationary sources present at the same sky position in other epochs
REJ-0403,27814,25566,29346,152.7524973896045,-42.710424436418485,152.73198109678165,-42.70982417679475,152.71508195916653,-42.70983605750219,98.99623570153805,3.2100767551733846,2.7865517279270615,3.7356279850369267,16185.740933265488,3.5739163355774752,4.6500985829489005,3.1250667161110433,STATIONARY,STATIONARY,STATIONARY,B,AB,AC,True,STATIONARY_SOURCE,3 of 3 detections are stationary sources present at the same sky position in other epochs
REJ-0404,24964,22545,26175,155.66046928706828,-43.69675349033475,155.65946597266836,-43.694812484578634,155.6596392309343,-43.69456113637166,8.182849933149038,0.2653391432040653,2.8075095641159016,2.149958134445778,133.60091461123787,107.68509570400448,150.07996872212,116.00527635925204,BLEND_FRAGMENT,STATIONARY,STATIONARY,,B,C,True,STATIONARY_SOURCE,2 of 3 detections are stationary sources present at the same sky position in other epochs
REJ-0405,30868,28774,32654,154.94661353681684,-44.01989740745026,154.9255849452408,-44.03087234234414,154.9115062921167,-44.03814205371447,112.12192073749092,3.6356935084878224,2.80975428487782,4.0918793157548565,21859.86904749936,4.0177542549701935,2.019970291126804,3.2713764229840305,STATIONARY,STATIONARY,STATIONARY,CB,AB,C,True,STATIONARY_SOURCE,3 of 3 detections are stationary sources present at the same sky position in other epochs
REJ-0406,5253,1951,5223,156.56013141246996,-41.7036442682106,156.569621314831,-41.686574018769704,156.5748229470716,-41.673895414303296,114.14674155658518,3.701350855948607,2.8109391725797717,4.1687099479467555,20177.688286757053,3.336115939029131,2.5119468531662688,1.901281296789372,BLEND_FRAGMENT,STATIONARY,STATIONARY,,AB,AC,True,STATIONARY_SOURCE,2 of 3 detections are stationary sources present at the same sky position in other epochs
REJ-0407,8859,5766,9139,157.3725148023954,-42.53495910849403,157.3741760452304,-42.51984201038403,157.37445930722097,-42.507491882333966,99.01652190810945,3.2107345607930027,2.8160238798032298,3.727402122863303,17048.329563092684,4.4517163750933975,6.192209526076228,2.545877734604943,STATIONARY,STATIONARY,STATIONARY,CB,AB,C,True,STATIONARY_SOURCE,3 of 3 detections are stationary sources present at the same sky position in other epochs
REJ-0408,24851,22456,26087,155.6340482302675,-43.675783870632614,155.63583035026883,-43.67674877718127,155.63582477176308,-43.676493572263325,5.284309891790709,0.17135035721875022,2.818721330409175,2.3493446672962337,46.118139593925164,2.334713301738069,2.4413532773076145,2.697905970677454,BLEND_FRAGMENT,STATIONARY,STATIONARY,,B,C,True,STATIONARY_SOURCE,2 of 3 detections are stationary sources present at the same sky position in other epochs
REJ-0409,11264,8355,11849,155.5224422119534,-42.033954223553025,155.52179837589279,-42.03230191967217,155.52214726159363,-42.03230014669899,6.006678304151442,0.19477405644082743,2.8259308967594086,2.246850354333024,62.738660881997525,2.561119299717403,4.387650844061386,4.894618476746561,BLEND_FRAGMENT,STATIONARY,STATIONARY,,B,C,True,STATIONARY_SOURCE,2 of 3 detections are stationary sources present at the same sky position in other epochs
REJ-0410,12097,9326,12957,153.8050265964465,-41.36771336121432,153.79733145685967,-41.37728653738271,153.79262743278636,-41.3855146952818,72.31016435880515,2.3447475161660214,2.8266364177718537,3.2183063504832243,8097.352929408613,2.599817883965142,2.1253602476590525,1.93137384328297,STATIONARY,STATIONARY,STATIONARY,CB,AB,AC,True,STATIONARY_SOURCE,3 of 3 detections are stationary sources present at the same sky position in other epochs
REJ-0411,32627,30419,34156,155.95465972844855,-44.644908014660864,155.95244001143996,-44.64455989794027,155.95271959832567,-44.64434806815913,5.362596610572737,0.17388890198684265,2.8304918560910157,2.3677495904610133,44.53429997358631,1.7607532931054797,3.457477391261229,3.9872333175152512,BLEND_FRAGMENT,STATIONARY,STATIONARY,,B,C,True,STATIONARY_SOURCE,2 of 3 detections are stationary sources present at the same sky position in other epochs
REJ-0412,30459,28242,32033,155.87899224621853,-44.38309252472282,155.886714798669,-44.394151282689165,155.89113638629334,-44.40131981499366,72.67530077715136,2.356587521199488,2.8315933626736767,3.19105204353817,9184.175492902426,6.202784704299822,3.0578055126699786,3.065377809977311,STATIONARY,STATIONARY,STATIONARY,CB,AB,AC,True,STATIONARY_SOURCE,3 of 3 detections are stationary sources present at the same sky position in other epochs
REJ-0413,16653,13855,17365,154.77925099672902,-42.36054876702513,154.79911752048093,-42.35760791551611,154.8151852351605,-42.3563510550128,96.77932687220259,3.138190713740015,2.832483385245416,3.6161698284870907,17910.836788729997,11.32148736013776,9.484387940853246,7.474821675464877,STATIONARY,STATIONARY,STATIONARY,CB,AB,AC,True,STATIONARY_SOURCE,3 of 3 detections are stationary sources present at the same sky position in other epochs
REJ-0414,22476,19995,23604,155.8291962645723,-43.49549848402781,155.83136712968928,-43.49625950354004,155.83112479647073,-43.496544600173024,6.288736739542229,0.20392015397304375,2.8331108053200955,2.0981200355125753,81.17666313364018,75.87236895081487,66.40997711369238,94.88943221021555,BLEND_FRAGMENT,STATIONARY,STATIONARY,,B,C,True,STATIONARY_SOURCE,2 of 3 detections are stationary sources present at the same sky position in other epochs
REJ-0415,6252,3153,6589,155.72149798028985,-41.47178361219456,155.72390545500912,-41.471253949996964,155.72395217338575,-41.47130709321363,6.838658742884144,0.22175206270751732,2.8418844185131804,2.14572770364868,93.3129937175043,123.95202223847541,89.79965013012826,84.05858716375408,BLEND_FRAGMENT,STATIONARY,STATIONARY,,B,C,True,STATIONARY_SOURCE,2 of 3 detections are stationary sources present at the same sky position in other epochs
REJ-0416,16354,13529,17012,156.77929874335967,-43.19579985435027,156.7728926892426,-43.179435459837144,156.76641239645497,-43.167858296762255,106.12526414025078,3.441244418427536,2.845830219566083,3.973402371126938,17441.423995688012,2.060655912666692,2.856623575952716,1.5367197900954277,STATIONARY,STATIONARY,STATIONARY,CB,AB,AC,True,STATIONARY_SOURCE,3 of 3 detections are stationary sources present at the same sky position in other epochs
REJ-0417,26841,24630,28426,154.0162574679493,-43.174703576126916,153.99601102903875,-43.1827977982269,153.98280359002075,-43.188296933298176,100.533332872232,3.2599190533488773,2.8519972887125444,3.811238598196622,17574.648957120095,4.585983631901207,2.374534768854149,2.9313983744244623,STATIONARY,STATIONARY,STATIONARY,CB,A,AC,True,STATIONARY_SOURCE,3 of 3 detections are stationary sources present at the same sky position in other epochs
REJ-0418,18594,15978,19544,156.8909172341998,-43.50924159948525,156.8920571981649,-43.50788407311789,156.89205069208919,-43.508114690374654,5.0215960056654225,0.16283153089029673,2.855649383866945,2.1520362941360336,48.22077905122094,7.440414992824726,16.98921553810868,17.644752904825587,BLEND_FRAGMENT,STATIONARY,STATIONARY,,B,C,True,STATIONARY_SOURCE,2 of 3 detections are stationary sources present at the same sky position in other epochs
REJ-0419,11226,8304,11771,155.77988837675056,-42.14270241104005,155.8023279961927,-42.14909493817194,155.8196680733406,-42.152556845150684,111.94611493811848,3.629992785566482,2.8574970626101965,4.0729841936480735,23007.588072331004,6.486823716852342,3.3602107479499845,7.354900257969522,STATIONARY,STATIONARY,STATIONARY,CB,AB,AC,True,STATIONARY_SOURCE,3 of 3 detections are stationary sources present at the same sky position in other epochs
REJ-0420,20403,17923,21608,156.28158571069793,-43.453389613711735,156.29367960317427,-43.468836732449375,156.30435951871937,-43.479673951337986,111.7777686426593,3.624533946388977,2.8756050426724675,3.9922952187183176,22938.441770990365,4.023317519628096,9.175598735371143,7.326602215454366,STATIONARY,STATIONARY,STATIONARY,C,AB,AC,True,STATIONARY_SOURCE,3 of 3 detections are stationary sources present at the same sky position in other epochs
REJ-0421,33086,30857,34607,152.47563426431404,-43.14689313087091,152.47552669524325,-43.14668267776117,152.47554717562113,-43.14513933654245,6.317802062214531,0.20486263341209296,2.8756179947048373,2.3516402761544146,65.92152618041648,3.785092700666944,3.070613094010227,2.7072567737241697,STATIONARY,STATIONARY,BLEND_FRAGMENT,C,A,,True,STATIONARY_SOURCE,2 of 3 detections are stationary sources present at the same sky position in other epochs
REJ-0422,29747,27314,30958,154.60047091418954,-43.74856633950238,154.59575312514468,-43.73483468980536,154.59291318958287,-43.7233648861106,92.83063212191159,3.010149347910714,2.88596298722651,3.7048859242846244,14232.390079958877,2.508421253189198,1.1699615656252638,2.1654056795296475,STATIONARY,STATIONARY,STATIONARY,CB,AB,AC,True,STATIONARY_SOURCE,3 of 3 detections are stationary sources present at the same sky position in other epochs
REJ-0423,15424,12649,16201,155.36454203293573,-42.47303420307273,155.35035660846623,-42.46344736784883,155.34126293173853,-42.455411580512894,88.58251498035503,2.872398836563216,2.8951345344031227,3.64362079452303,11438.792124903748,1.8703476490310222,1.4630055780705482,1.9975998452345938,STATIONARY,STATIONARY,STATIONARY,CB,AB,C,True,STATIONARY_SOURCE,3 of 3 detections are stationary sources present at the same sky position in other epochs
REJ-0424,8974,6013,9490,155.99185905547972,-41.952908699564155,155.9917662163541,-41.95454328507058,155.99220269572558,-41.95440314155222,5.4580891141699945,0.17698536584648922,2.898141093161351,2.2455903482252118,51.802144889996306,2.991553472597996,6.6411460647615534,6.656238350974181,BLEND_FRAGMENT,STATIONARY,STATIONARY,,B,C,True,STATIONARY_SOURCE,2 of 3 detections are stationary sources present at the same sky position in other epochs
REJ-0425,14974,12206,15771,155.55177084939672,-42.50134717104056,155.55163749289903,-42.50112403813843,155.55179706148775,-42.49956897307466,6.401890717718344,0.2075893132347519,2.903351641467144,2.0853486558032164,86.61313669408999,76.02237712225308,73.47559321175808,41.798578441687454,STATIONARY,STATIONARY,BLEND_FRAGMENT,C,A,,True,STATIONARY_SOURCE,2 of 3 detections are stationary sources present at the same sky position in other epochs
REJ-0426,27164,24936,28739,155.35576022086047,-43.801289226081614,155.3413465010804,-43.810820878976024,155.32904462501358,-43.81710108309762,89.7624976129844,2.9106612492061745,2.922670372175364,3.456176194422296,14792.544940145757,4.969443783354116,11.716179679602291,5.001927026070389,STATIONARY,STATIONARY,STATIONARY,B,AB,AC,True,STATIONARY_SOURCE,3 of 3 detections are stationary sources present at the same sky position in other epochs
REJ-0427,18699,16130,19695,156.9854307267327,-43.56199564641685,156.98698396114014,-43.563636629192104,156.98701553961908,-43.563692498221855,7.376131259831333,0.23918028127532595,2.9237046478690685,2.140347372681356,111.67646000384187,46.169465742368125,83.36998873846011,87.43781869913039,BLEND_FRAGMENT,STATIONARY,STATIONARY,,B,C,True,STATIONARY_SOURCE,2 of 3 detections are stationary sources present at the same sky position in other epochs
REJ-0428,27832,25385,29037,153.07207909532295,-42.858457440912616,153.0938014560611,-42.857625195821996,153.11142982080275,-42.857849362817575,103.86741308627532,3.368030774154618,2.9377992752103186,3.8908712760686535,18759.667152257196,5.88998119298689,3.449612890883104,2.48614465234841,BLEND_FRAGMENT,STATIONARY,STATIONARY,,AB,AC,True,STATIONARY_SOURCE,2 of 3 detections are stationary sources present at the same sky position in other epochs
REJ-0429,12292,9548,13143,156.69738406823245,-42.6717514370763,156.68490880280896,-42.680121784359514,156.6745527425951,-42.687465699318665,82.773409298336,2.6840313194950376,2.9394109095268623,3.437718057244638,10610.260782499192,3.07116204603399,2.530864486739678,1.671146699237428,STATIONARY,STATIONARY,STATIONARY,CB,B,AC,True,STATIONARY_SOURCE,3 of 3 detections are stationary sources present at the same sky position in other epochs
REJ-0430,28060,25585,29157,155.76081526016347,-44.078508538592835,155.76050603638478,-44.0616839101413,155.75933773394777,-44.0479878619623,109.94089560444499,3.5649710407856396,2.94321946077362,4.065699491674182,18718.14953456543,3.420856396257017,2.0767883454517446,1.8858258331618902,STATIONARY,STATIONARY,STATIONARY,CB,AB,AC,True,STATIONARY_SOURCE,3 of 3 detections are stationary sources present at the same sky position in other epochs
REJ-0431,9399,6416,9894,154.1085335159748,-41.17021269118275,154.11915279142883,-41.172981092650886,154.1287633189886,-41.17555994059897,58.10071206843496,1.8839882541817408,2.9479513996307753,2.9357247646083255,5227.659368927719,1.2157808857736652,2.6260656050625113,2.4897298816125635,STATIONARY,STATIONARY,STATIONARY,CB,AB,AC,True,STATIONARY_SOURCE,3 of 3 detections are stationary sources present at the same sky position in other epochs
REJ-0432,28231,25854,29569,152.73241735743017,-42.74786595840534,152.72336065882592,-42.74065654749335,152.7162385168891,-42.733933221066465,65.92115889853197,2.1375760235192547,2.9494003579353967,3.061465795587483,7062.145853664805,1.672614897986549,3.7672761212424404,4.127234157537027,STATIONARY,STATIONARY,STATIONARY,CB,AB,A,True,STATIONARY_SOURCE,3 of 3 detections are stationary sources present at the same sky position in other epochs
REJ-0433,30040,27704,31396,155.62907760991587,-44.22966029203257,155.64496113150545,-44.23411373352588,155.6561963079706,-44.23602966023643,73.61330412938764,2.3870034530372033,2.9514001234667364,3.2935441044845852,8949.686976688366,2.7266721520784656,1.3423931693653435,2.204766668545086,STATIONARY,STATIONARY,STATIONARY,B,B,AC,True,STATIONARY_SOURCE,3 of 3 detections are stationary sources present at the same sky position in other epochs
REJ-0434,24277,22006,25777,154.13672374675008,-42.94976955998239,154.11954616935057,-42.960217813997026,154.10660884750365,-42.966528400382295,99.67543885452186,3.232100766874265,2.954155879054841,3.8616162260873867,16408.60028788528,2.297878205879476,1.893675981413721,3.938092795942083,STATIONARY,STATIONARY,STATIONARY,B,AB,AC,True,STATIONARY_SOURCE,3 of 3 detections are stationary sources present at the same sky position in other epochs
REJ-0435,18064,15417,18944,156.03599587356697,-43.07965635591416,156.05454878532768,-43.084693872108886,156.06855643721747,-43.087006852233564,89.6077645892654,2.9056438373906834,2.9556086818924605,3.5786803087420407,12434.70990768324,1.1989696482409946,2.8895709591611145,2.0651664935696465,STATIONARY,STATIONARY,STATIONARY,CB,AB,AC,True,STATIONARY_SOURCE,3 of 3 detections are stationary sources present at the same sky position in other epochs
REJ-0436,25922,23381,26880,154.69027969316045,-43.375869853337505,154.71243657065492,-43.36715208000887,154.72801047565295,-43.35940358372812,115.17079688819248,3.734557130840864,2.9568264332693923,4.062011578075466,26465.79849860868,9.141466127933892,12.226034117758955,13.925007106965163,BLEND_FRAGMENT,STATIONARY,STATIONARY,,AB,AC,True,STATIONARY_SOURCE,2 of 3 detections are stationary sources present at the same sky position in other epochs
REJ-0437,15218,12463,16041,154.11848780362425,-41.89270850167494,154.11621779195363,-41.892272911545334,154.1164497802298,-41.892084741314214,5.90519008854347,0.19148317412052004,2.956829861847383,2.1540542171595165,66.68350920999882,4.460630576655559,10.285689587491488,10.199370294133194,BLEND_FRAGMENT,STATIONARY,STATIONARY,,B,C,True,STATIONARY_SOURCE,2 of 3 detections are stationary sources present at the same sky position in other epochs
REJ-0438,29321,26959,30631,156.60372880606798,-44.573499703074745,156.59554627223275,-44.56293086750651,156.58863861734204,-44.55640961777106,72.68585153160917,2.3569296426083937,2.9636107661470024,3.2148508731431016,8181.711032915837,1.664861592465557,2.2009437368973974,3.390542954712449,STATIONARY,STATIONARY,STATIONARY,CB,AB,AC,True,STATIONARY_SOURCE,3 of 3 detections are stationary sources present at the same sky position in other epochs
REJ-0439,20324,17890,21611,156.62298199987902,-43.591153533195836,156.60912374916128,-43.60042554986741,156.60073884382467,-43.606803062341946,80.85025915692451,2.6216707709155367,2.9668747987439503,3.4656625770681493,10122.95261778069,2.085689111460676,1.342859154888203,1.1276035917133813,STATIONARY,STATIONARY,STATIONARY,CB,AB,AC,True,STATIONARY_SOURCE,3 of 3 detections are stationary sources present at the same sky position in other epochs
REJ-0440,7165,4098,7573,156.702406831426,-42.02587302509585,156.70233997971545,-42.02607867467262,156.70075752514222,-42.02710241811755,6.248289097445863,0.20260858859103698,2.967646977451604,2.0849293122203374,82.50675088988095,39.16096539978706,47.1764238442589,39.45449508789809,STATIONARY,STATIONARY,BLEND_FRAGMENT,C,A,,True,STATIONARY_SOURCE,2 of 3 detections are stationary sources present at the same sky position in other epochs
REJ-0441,31168,28862,32623,153.1864949352239,-43.2666350101733,153.18459621758208,-43.26570188951897,153.18514689300267,-43.26522112774167,6.196432948481513,0.20092708810545154,2.977756518860468,2.1439713275369376,76.60970096019949,10.39666718695381,16.212189417193642,19.720638380631012,BLEND_FRAGMENT,STATIONARY,STATIONARY,,B,C,True,STATIONARY_SOURCE,2 of 3 detections are stationary sources present at the same sky position in other epochs
REJ-0442,22601,20026,23589,154.92406077647422,-43.11429870384946,154.95025443678844,-43.11450894460569,154.9676663258682,-43.11484985303682,114.61074521675057,3.7163967549492813,2.988787228829213,4.1178571921630605,21694.312693060372,2.599713390681811,4.3560776969829975,2.4551233553029443,STATIONARY,STATIONARY,STATIONARY,CB,AB,C,True,STATIONARY_SOURCE,3 of 3 detections are stationary sources present at the same sky position in other epochs
REJ-0443,18141,15682,19377,156.70120133078822,-43.37659217395706,156.68317046191103,-43.38554000754251,156.66818461655745,-43.39296532556021,104.57653189246187,3.391024838325488,2.9904277699752755,3.784180909042856,23111.903970219584,78.06941538445463,85.3171034973454,49.53208186850442,STATIONARY,STATIONARY,STATIONARY,CB,AB,AC,True,STATIONARY_SOURCE,3 of 3 detections are stationary sources present at the same sky position in other epochs
REJ-0444,22513,20017,23644,153.50301485864148,-42.46737556180968,153.50295605666477,-42.46736644908343,153.5010490147497,-42.46691185831474,5.480884002974467,0.17772451862507171,2.9918887102694067,2.2575912420837634,52.23573616163069,5.334109331847024,5.2704893045841095,2.5543911264127517,STATIONARY,STATIONARY,BLEND_FRAGMENT,C,A,,True,STATIONARY_SOURCE,2 of 3 detections are stationary sources present at the same sky position in other epochs
REJ-0445,25069,22681,26310,155.10181424209324,-43.46550401239751,155.08126100013686,-43.45590361612847,155.06799302021696,-43.44915339759578,106.18863242461812,3.4432992143015535,2.9946597127365453,3.846491000924996,21562.87858428615,8.569667320428747,9.272853948317685,6.2091187136609935,STATIONARY,STATIONARY,STATIONARY,C,AB,AC,True,STATIONARY_SOURCE,3 of 3 detections are stationary sources present at the same sky position in other epochs
REJ-0446,14278,11490,15077,155.9839350330938,-42.606483405736604,155.9839806447792,-42.607093839989,155.98439642861226,-42.60896861196866,9.029881683008735,0.29280520705841256,3.00222121258387,2.241482577186511,149.6984007396745,5.4290362390710625,7.102661570344272,7.707971462380375,STATIONARY,STATIONARY,BLEND_FRAGMENT,C,A,,True,STATIONARY_SOURCE,2 of 3 detections are stationary sources present at the same sky position in other epochs
REJ-0447,22924,20469,24093,155.96836045991174,-43.606944717094244,155.9657690821194,-43.60633423835432,155.9657988094839,-43.606245379214265,7.136379515211644,0.2314060311034684,3.011607499271257,2.087493318145343,107.62746965418097,33.93327644013817,62.771945895792086,60.75844434433685,BLEND_FRAGMENT,STATIONARY,STATIONARY,,B,C,True,STATIONARY_SOURCE,2 of 3 detections are stationary sources present at the same sky position in other epochs
REJ-0448,18802,16020,19463,154.91941986779608,-42.67437213921978,154.92616815135838,-42.65878854358577,154.93297800310523,-42.64668559270439,105.93753423137194,3.435157041342213,3.0137611428808597,3.89488988020784,19514.894980729467,4.709197919796489,7.83881765411043,3.4419105830921173,BLEND_FRAGMENT,STATIONARY,STATIONARY,,AB,AC,True,STATIONARY_SOURCE,2 of 3 detections are stationary sources present at the same sky position in other epochs
REJ-0449,25046,22645,26281,156.31621145470635,-43.990555178758065,156.31762076397158,-43.98911007887396,156.3172885562108,-43.9891106235929,5.9014349650633715,0.19136140954522235,3.0142873152151597,2.143222128321318,69.48891152522924,151.6972941086344,87.44693282747993,122.68706346526153,BLEND_FRAGMENT,STATIONARY,STATIONARY,,B,C,True,STATIONARY_SOURCE,2 of 3 detections are stationary sources present at the same sky position in other epochs
REJ-0450,30357,28011,31770,153.2564537695822,-43.213041639679744,153.2394466185206,-43.20236916170069,153.22515013376008,-43.195220542679486,104.22883105199921,3.3797502037112133,3.0146656861114614,3.8842946794961417,19944.7581836484,4.657109299882256,3.971167630862589,4.928178649976221,STATIONARY,STATIONARY,STATIONARY,B,AB,AC,True,STATIONARY_SOURCE,3 of 3 detections are stationary sources present at the same sky position in other epochs
REJ-0451,22537,20166,23878,154.5771648530476,-42.95152146829813,154.55184756242576,-42.95296129411629,154.53455404176853,-42.95504353579543,112.98782723567301,3.6637716096627817,3.0228816536728584,4.07729216771603,21084.268456272595,2.443676262680779,4.78943128222898,2.364784138562007,STATIONARY,STATIONARY,STATIONARY,CB,AB,AC,True,STATIONARY_SOURCE,3 of 3 detections are stationary sources present at the same sky position in other epochs
REJ-0452,26302,24034,27798,153.7949526763332,-43.01699305211977,153.7771399565224,-43.02014670251175,153.76212386448853,-43.023056233310854,89.12026674318065,2.88983611002788,3.0304393158962806,3.487698969074013,13810.819631719232,2.756734606739656,4.291533444156449,4.61549742313182,STATIONARY,STATIONARY,STATIONARY,CB,AB,AC,True,STATIONARY_SOURCE,3 of 3 detections are stationary sources present at the same sky position in other epochs
REJ-0453,29356,27094,30897,153.75953580028695,-43.33085613609991,153.74199601757027,-43.330155744740416,153.72830030342797,-43.331005837953036,81.79656790711398,2.6523560156692745,3.032898597130399,3.260395082919223,12794.427132543226,7.8263221582932045,8.319586320144039,8.303590697170273,STATIONARY,STATIONARY,STATIONARY,CB,AB,AC,True,STATIONARY_SOURCE,3 of 3 detections are stationary sources present at the same sky position in other epochs
REJ-0454,31402,29325,33214,155.44585525925643,-44.29611052042452,155.43983424570618,-44.31358304355833,155.43710926434775,-44.325714066251976,108.9281721465031,3.532132216069524,3.0396200309876966,4.021579396988752,19596.371091633497,2.1854935695810753,2.484860678340155,3.354794560114656,BLEND_FRAGMENT,STATIONARY,STATIONARY,,AB,AC,True,STATIONARY_SOURCE,2 of 3 detections are stationary sources present at the same sky position in other epochs
REJ-0455,30893,28653,32435,156.0945294810957,-44.51975612559682,156.080377996188,-44.519813921859615,156.06819582852646,-44.519039044289514,67.64373915686133,2.1934328427911995,3.0441336503032095,3.063014884393599,8749.95651087731,8.424124408833759,3.7950158055154577,4.262655256533999,STATIONARY,STATIONARY,STATIONARY,CB,AB,AC,True,STATIONARY_SOURCE,3 of 3 detections are stationary sources present at the same sky position in other epochs
REJ-0456,13310,10592,14244,156.10765153618382,-42.54492026572868,156.0849674443832,-42.54983378456841,156.06713226874072,-42.55221839399801,110.62772712776729,3.587242411935391,3.0469708156969673,4.048792719882121,17840.710032278454,1.6020848199009428,4.000214430651202,1.7647947232109935,STATIONARY,STATIONARY,STATIONARY,CB,AB,AC,True,STATIONARY_SOURCE,3 of 3 detections are stationary sources present at the same sky position in other epochs
REJ-0457,19899,17241,20823,156.00725865121956,-43.277217722283204,155.99944552719026,-43.26573628172897,155.9916848403393,-43.256946430396944,83.61989844096367,2.7114797886312583,3.0491428292313247,3.353195182313703,12837.259266422636,6.158467251053704,5.029240775119031,6.066038044938664,STATIONARY,STATIONARY,STATIONARY,CB,AB,AC,True,STATIONARY_SOURCE,3 of 3 detections are stationary sources present at the same sky position in other epochs
REJ-0458,31959,29587,33258,155.57706494845212,-44.412776234911966,155.57192891689158,-44.39734416601234,155.56939600014067,-44.38709333330885,94.53916157636749,3.065550552294011,3.049588657003421,3.670581902128179,15541.394724016302,5.280875086138189,2.3539276096142787,3.071388343767084,STATIONARY,STATIONARY,STATIONARY,CB,AB,AC,True,STATIONARY_SOURCE,3 of 3 detections are stationary sources present at the same sky position in other epochs
REJ-0459,30384,28261,32112,155.56488243881742,-44.23969704112414,155.54059098182734,-44.246270821298026,155.52183655742667,-44.249766581480074,116.78058969121935,3.78675667581368,3.0592408096867576,4.134401179845759,27210.817265092654,17.508660227512618,7.300981867557756,15.700172223528863,STATIONARY,STATIONARY,STATIONARY,CB,AB,AC,True,STATIONARY_SOURCE,3 of 3 detections are stationary sources present at the same sky position in other epochs
REJ-0460,22870,20409,24038,155.4731894663393,-43.385239651294,155.47430382934286,-43.38663507265539,155.47458790779896,-43.38623998263186,5.133695115847877,0.16646648473800882,3.063124725202899,2.244901710973124,45.82755040487019,2.571550598547242,4.047503790621829,4.2939677691843725,BLEND_FRAGMENT,STATIONARY,STATIONARY,,B,C,True,STATIONARY_SOURCE,2 of 3 detections are stationary sources present at the same sky position in other epochs
REJ-0461,17290,14534,18067,154.83495170811017,-42.46269690883132,154.8301374496546,-42.45207350990115,154.82456917002833,-42.44425655725381,71.88559752129515,2.3309804054627694,3.066264678204823,3.185133285392982,8534.517963214368,2.4934188024808424,3.579018480859785,3.1798956610834,STATIONARY,STATIONARY,STATIONARY,CB,AB,AC,True,STATIONARY_SOURCE,3 of 3 detections are stationary sources present at the same sky position in other epochs
REJ-0462,10375,7450,10947,155.89648788701464,-42.088466134617875,155.8963415529097,-42.08863191340233,155.89491155742468,-42.08764248207858,5.150491067988529,0.1670111144925205,3.0685649145413776,2.1719699144692926,48.70239488530295,7.084280532254958,9.083655268052498,4.733716625337967,STATIONARY,STATIONARY,BLEND_FRAGMENT,C,A,,True,STATIONARY_SOURCE,2 of 3 detections are stationary sources present at the same sky position in other epochs
REJ-0463,28038,25545,29132,153.72617732824634,-43.177157237958895,153.72964980921031,-43.16107202862225,153.73366816157025,-43.15022420245687,98.93398988196644,3.208058356624212,3.0833864317482083,3.781987539164104,16165.393129904585,3.613627420962846,2.40159950970833,2.9922527526307183,STATIONARY,STATIONARY,STATIONARY,CB,AB,AC,True,STATIONARY_SOURCE,3 of 3 detections are stationary sources present at the same sky position in other epochs
REJ-0464,14823,12025,15620,154.59096189816722,-42.05656429894716,154.5890117844437,-42.05542860702589,154.58897676588913,-42.05565456729483,6.235495800857519,0.20219374994884767,3.0890385875835213,2.312023815629225,71.38303733636691,4.067926332203046,3.800957712785891,4.1062597468523,BLEND_FRAGMENT,STATIONARY,STATIONARY,,AB,C,True,STATIONARY_SOURCE,2 of 3 detections are stationary sources present at the same sky position in other epochs
REJ-0465,5216,2217,5723,156.01519933331608,-41.46039852082081,156.0150326053421,-41.477430124239724,156.0130370050121,-41.489514660639244,104.9802448499963,3.4041157358890146,3.090723017984962,4.01653623884423,16065.687598243547,0.8969582353674086,1.8956345945375794,0.8212069491506155,STATIONARY,STATIONARY,STATIONARY,CB,AB,AC,True,STATIONARY_SOURCE,3 of 3 detections are stationary sources present at the same sky position in other epochs
REJ-0466,27441,25245,29063,154.97251095679204,-43.66707668401454,154.95556950441772,-43.6747597812549,154.9447819201582,-43.68124354537641,88.3971095092046,2.866386832278363,3.0909513010888716,3.5735589476996705,11390.958866069004,1.8850854828611918,3.1661353143495528,1.9953567377642123,FREE,STATIONARY,STATIONARY,,AB,AC,True,STATIONARY_SOURCE,2 of 3 detections are stationary sources present at the same sky position in other epochs
REJ-0467,17283,14528,18015,157.18690133510427,-43.484737307588766,157.2050888486488,-43.48098865554574,157.22058003848983,-43.478433351849006,90.8536572633389,2.946043465559798,3.094347165651748,3.6936086777529806,12032.863318607095,0.6908002477743874,0.9619623682088767,1.2570716284210688,STATIONARY,STATIONARY,STATIONARY,CB,AB,AC,True,STATIONARY_SOURCE,3 of 3 detections are stationary sources present at the same sky position in other epochs
REJ-0468,13685,10849,14413,156.86367066872796,-42.91546619129113,156.86286240213266,-42.9139203482486,156.8626899823818,-42.914244635824,5.101392041783457,0.16541901716068125,3.1048430029405707,2.3672300702823366,40.30155209783769,1.8849299035764528,2.061517184274518,2.8371393149469086,BLEND_FRAGMENT,STATIONARY,STATIONARY,,B,C,True,STATIONARY_SOURCE,2 of 3 detections are stationary sources present at the same sky position in other epochs
REJ-0469,17436,14859,18503,153.53996360283728,-41.89826773489773,153.5356413600237,-41.9071614425499,153.53446526487855,-41.913766757239074,57.70844916406114,1.8712686389122926,3.112781697014096,3.0349687518142954,4854.70630794987,1.7252536072067948,1.9127441372127905,1.78529366230124,STATIONARY,STATIONARY,STATIONARY,CB,AB,AC,True,STATIONARY_SOURCE,3 of 3 detections are stationary sources present at the same sky position in other epochs
REJ-0470,17962,15235,18758,154.03056990752003,-42.17995867298298,154.02175078286692,-42.166764442022846,154.01640128458294,-42.1582351803404,86.86283760564206,2.8166361469231096,3.117127964119405,3.419793558216799,14428.417728442317,8.303906363849572,4.790248116832467,4.332563984882452,STATIONARY,STATIONARY,STATIONARY,CB,AB,AC,True,STATIONARY_SOURCE,3 of 3 detections are stationary sources present at the same sky position in other epochs
REJ-0471,3629,383,3711,155.103637292545,-40.83723182902966,155.09096928624456,-40.82475366311984,155.08021861883375,-40.816611197348074,97.87969698318646,3.173871590798879,3.1200853870005183,3.741371075195588,16659.107490249862,2.4171058439126623,2.5586745029976137,4.249518462364882,STATIONARY,STATIONARY,STATIONARY,CB,AB,C,True,STATIONARY_SOURCE,3 of 3 detections are stationary sources present at the same sky position in other epochs
REJ-0472,13588,10759,14330,156.0408032587241,-42.54884651781864,156.04064903299596,-42.54892929254519,156.03863840252143,-42.54955843730194,6.287493646008459,0.20387984511049978,3.1210559560911526,2.085035383557932,83.54536727178386,71.89293766994327,75.31175968075775,42.82559365917897,STATIONARY,STATIONARY,BLEND_FRAGMENT,C,A,,True,STATIONARY_SOURCE,2 of 3 detections are stationary sources present at the same sky position in other epochs
REJ-0473,16484,13643,17133,154.30127178977347,-42.12495446453912,154.30985124875625,-42.11388589108158,154.31516821830974,-42.104397853320165,82.78731593796181,2.6844822596776514,3.121688837370286,3.4840740218908572,11319.384901245296,2.3631316564508427,0.9773982227744669,2.076537104835646,STATIONARY,STATIONARY,STATIONARY,CB,AB,AC,True,STATIONARY_SOURCE,3 of 3 detections are stationary sources present at the same sky position in other epochs
REJ-0474,21873,19349,22952,155.74657141801154,-43.39087187548855,155.75005565965455,-43.39166740149759,155.75080886871316,-43.39153501303047,11.33952182487273,0.36769817727766074,3.122090879410911,2.3866467490302017,199.12869787457413,1.4757327507140208,2.702784622941042,2.7364462910674745,STATIONARY,STATIONARY,STATIONARY,CB,B,C,True,STATIONARY_SOURCE,3 of 3 detections are stationary sources present at the same sky position in other epochs
REJ-0475,31243,28844,32554,153.3651346843253,-43.3545999609003,153.39093419746587,-43.35546256225177,153.40932200257345,-43.35752248671977,116.14070343085211,3.7660075635287193,3.122616835000941,4.1915486911040984,23454.998107597843,5.428482183825511,2.589531466728034,3.0391152476502197,STATIONARY,STATIONARY,STATIONARY,CB,AB,AC,True,STATIONARY_SOURCE,3 of 3 detections are stationary sources present at the same sky position in other epochs
REJ-0476,16273,13510,17042,155.59522632540342,-42.67395978283162,155.5815629200022,-42.6626069703407,155.57063981444765,-42.65282444847302,100.12761451656557,3.2467631282428107,3.1250392069821475,3.883227902771288,15525.732897235237,1.1587249355347702,1.9403694801394566,2.8718565009850803,STATIONARY,STATIONARY,STATIONARY,CB,AB,AC,True,STATIONARY_SOURCE,3 of 3 detections are stationary sources present at the same sky position in other epochs
REJ-0477,21982,19357,22849,156.74224487065663,-43.832869244616056,156.7411179701217,-43.81836025625865,156.74218698479564,-43.80826185376431,88.58673466271185,2.8725356650411054,3.1282903281879415,3.5436051459220965,12960.823913468255,3.0972069125820667,2.8493811686394865,3.6753465191790045,STATIONARY,STATIONARY,STATIONARY,CB,AB,AC,True,STATIONARY_SOURCE,3 of 3 detections are stationary sources present at the same sky position in other epochs
REJ-0478,23761,21453,25192,154.62758057476586,-43.11243207484513,154.63399790502376,-43.12926238163699,154.63667326314305,-43.14165079337267,107.86628084154958,3.497699062420844,3.130518700275771,3.9163078614695612,22249.59405936392,5.8278504340928805,6.768993222687185,11.720389782346095,STATIONARY,STATIONARY,STATIONARY,CB,B,AC,True,STATIONARY_SOURCE,3 of 3 detections are stationary sources present at the same sky position in other epochs
REJ-0479,32278,29883,33509,154.76592643775732,-44.09027683518597,154.78409356691938,-44.083019345754,154.7995907069259,-44.077968576315726,97.68195557171546,3.167459578220825,3.131625267605717,3.748215781670298,15506.56865777671,1.917461659534987,2.365527212673462,4.301865737974227,STATIONARY,STATIONARY,STATIONARY,CB,AB,AC,True,STATIONARY_SOURCE,3 of 3 detections are stationary sources present at the same sky position in other epochs
REJ-0480,16171,13459,17051,153.587030191694,-41.76588777040463,153.58695305626418,-41.76599894073155,153.5889088117337,-41.765876121445594,5.044535827585196,0.1635753833064077,3.135608475541631,2.348870246601168,42.02789557738855,2.4412567418498434,2.4167161081622615,2.0795912248816464,STATIONARY,STATIONARY,BLEND_FRAGMENT,C,A,,True,STATIONARY_SOURCE,2 of 3 detections are stationary sources present at the same sky position in other epochs
REJ-0481,31695,29435,33165,152.6402388739709,-43.075684909107544,152.6256324499226,-43.068922064852096,152.61473938953236,-43.062399811017066,82.36864871993552,2.670906451514691,3.148678072059881,3.475131787512143,11205.18691585005,2.4181247235686194,1.4218089317736002,2.3166933297014185,STATIONARY,STATIONARY,STATIONARY,CB,AB,C,True,STATIONARY_SOURCE,3 of 3 detections are stationary sources present at the same sky position in other epochs
REJ-0482,8452,5398,8841,155.13904868400417,-41.51084606539748,155.12594872525935,-41.498891854049184,155.11562669740997,-41.48860236462083,101.98283919400205,3.3069211086999437,3.152087516000992,3.742662083420049,19888.63049427181,15.446068569174024,9.255171383294442,6.384596859134407,STATIONARY,STATIONARY,STATIONARY,B,AB,AC,True,STATIONARY_SOURCE,3 of 3 detections are stationary sources present at the same sky position in other epochs
REJ-0483,24701,22188,25722,156.8521030898932,-44.182518634882285,156.8658397758704,-44.175275879926446,156.87399100685204,-44.16942272660815,73.5962278675576,2.386449733890436,3.153581823947371,3.134585066263568,9944.069518226761,6.298885989124129,6.791733789416353,6.2167076817238724,STATIONARY,STATIONARY,STATIONARY,CB,A,AC,True,STATIONARY_SOURCE,3 of 3 detections are stationary sources present at the same sky position in other epochs
REJ-0484,11545,8664,12155,155.30375350305954,-41.972956074762116,155.30426834972062,-41.97315318350337,155.30663204109675,-41.97290190916315,7.706756934428625,0.24990123228085792,3.159403296727595,2.2370323978754056,109.04264180196378,4.798758257745825,4.261015502676462,6.590385929549751,STATIONARY,STATIONARY,BLEND_FRAGMENT,C,A,,True,STATIONARY_SOURCE,2 of 3 detections are stationary sources present at the same sky position in other epochs
REJ-0485,24602,22043,25534,156.67099355990018,-44.09378017923859,156.67929283628675,-44.08046886670004,156.68464524875952,-44.069204389050746,95.25663415970416,3.0888154981368707,3.160116010030433,3.759900237255793,14985.998563019182,2.524432088781168,1.5790141188052187,2.277904651992023,STATIONARY,STATIONARY,STATIONARY,CB,AB,AC,True,STATIONARY_SOURCE,3 of 3 detections are stationary sources present at the same sky position in other epochs
REJ-0486,26645,24281,27952,155.00651429260256,-43.593172340127104,155.00852336991522,-43.59407112185837,155.00826895557555,-43.59387038530434,5.21967254723419,0.16925441048091083,3.164172882832993,2.245080139391942,47.37541369699195,3.5325191242549505,5.517070295055753,5.849748687184086,BLEND_FRAGMENT,STATIONARY,STATIONARY,,B,C,True,STATIONARY_SOURCE,2 of 3 detections are stationary sources present at the same sky position in other epochs
REJ-0487,8768,5720,9148,155.80827531649925,-41.84446607224886,155.82362705771217,-41.84393884026832,155.83650099253973,-41.842519788157475,76.02177131491017,2.4651010137480256,3.1653517494051333,3.2835552633437115,8949.944462654905,1.7451997911111343,3.739543116150147,2.6062190781236616,STATIONARY,STATIONARY,BLEND_FRAGMENT,C,AB,,True,STATIONARY_SOURCE,2 of 3 detections are stationary sources present at the same sky position in other epochs
REJ-0488,26258,23851,27491,155.9830423817112,-43.97672848260973,155.99967208626856,-43.97910395072552,156.01000268650554,-43.981438858834665,71.87076353405634,2.3304993948739887,3.1672439756836557,3.1746101684610144,8981.957906621014,5.634637188933182,2.467311054459916,3.393030837868759,STATIONARY,STATIONARY,STATIONARY,CB,A,AC,True,STATIONARY_SOURCE,3 of 3 detections are stationary sources present at the same sky position in other epochs
REJ-0489,30976,28861,32734,153.06779505661942,-43.1927203085305,153.05481566970894,-43.20442935794515,153.0456554791795,-43.21458794555492,97.83999370092167,3.172584162215366,3.1702633886620917,3.81061660581085,16645.59524777169,4.627779805301076,1.8954079648335604,2.2046032542998497,STATIONARY,STATIONARY,STATIONARY,CB,A,AC,True,STATIONARY_SOURCE,3 of 3 detections are stationary sources present at the same sky position in other epochs
REJ-0490,25762,23352,27019,153.77218906039744,-42.94901499930692,153.77483415641333,-42.947931892131265,153.7749392520801,-42.947849559364755,8.37386715383109,0.27153311548598064,3.1743429553388722,2.161405772518908,134.09198374624543,4.360571220747164,8.206064867479217,9.203195199197646,STATIONARY,STATIONARY,STATIONARY,B,B,C,True,STATIONARY_SOURCE,3 of 3 detections are stationary sources present at the same sky position in other epochs
REJ-0491,22094,19605,23222,153.51122675418566,-42.422123851833916,153.51061029151063,-42.42424959800034,153.51065057763577,-42.42433206437449,8.095680745365383,0.2625125732694743,3.174867504468846,2.374729977706757,101.49651210330452,1.398439500160576,3.1676039725661385,3.311333441741846,BLEND_FRAGMENT,STATIONARY,STATIONARY,,B,C,True,STATIONARY_SOURCE,2 of 3 detections are stationary sources present at the same sky position in other epochs
REJ-0492,8007,4983,8464,155.51984591603343,-41.62302012993038,155.5184403602851,-41.62154720643328,155.51868044198164,-41.62165791080015,5.821207526341478,0.18875993450586137,3.176012269410626,2.1430246525652095,67.61241093282047,14.29591088711761,9.712206347948902,15.453951625354366,BLEND_FRAGMENT,STATIONARY,STATIONARY,,B,C,True,STATIONARY_SOURCE,2 of 3 detections are stationary sources present at the same sky position in other epochs
REJ-0493,22738,20126,23671,153.2042271657027,-42.35655391027897,153.1964143441381,-42.33986805957279,153.19078434777504,-42.32599120033179,115.6943572489241,3.751534230343736,3.185148073214635,4.145039577270828,22106.479108721764,3.411676520666806,4.135984940260956,3.1153516991256085,STATIONARY,BLEND_FRAGMENT,STATIONARY,B,,AC,True,STATIONARY_SOURCE,2 of 3 detections are stationary sources present at the same sky position in other epochs
REJ-0494,30478,28120,31836,154.13340121469128,-43.61903869408112,154.14906998371669,-43.62083678117724,154.16157762398493,-43.62355893179039,75.21191382610345,2.4388403718014033,3.1926003895959285,3.2535269494919987,9342.61607627816,2.4807194907906536,2.4392193710428525,3.236658248371999,STATIONARY,STATIONARY,STATIONARY,CB,A,AC,True,STATIONARY_SOURCE,3 of 3 detections are stationary sources present at the same sky position in other epochs
REJ-0495,18823,16390,20095,155.52532605632237,-42.94355535617548,155.52181862329945,-42.96038335857661,155.5205427322513,-42.97162383581513,101.8293939119862,3.3019454535197292,3.1965077225041503,3.8265864389788278,19037.0372059825,5.8504918702321085,3.8255435978491716,5.612383818081461,STATIONARY,STATIONARY,STATIONARY,CB,AB,AC,True,STATIONARY_SOURCE,3 of 3 detections are stationary sources present at the same sky position in other epochs
REJ-0496,32163,29767,33447,153.01408189374678,-43.29444356783956,153.03739340125546,-43.29153233206265,153.0528645592934,-43.288519094180074,103.83809137860581,3.3670799811113787,3.20681784246179,3.898512937885488,17807.732226282173,2.1518005841484835,2.7150156910375545,3.2719637885010404,STATIONARY,STATIONARY,STATIONARY,CB,A,C,True,STATIONARY_SOURCE,3 of 3 detections are stationary sources present at the same sky position in other epochs
REJ-0497,19909,17307,20940,154.30908332524174,-42.52960716898247,154.31212010274768,-42.52937207290189,154.31229917596661,-42.52948493173777,8.542812948582544,0.2770113941778189,3.207625788202859,2.2397635912545506,133.98458502201308,7.231375327220332,6.381876386620357,7.35761631020152,FREE,STATIONARY,STATIONARY,,B,C,True,STATIONARY_SOURCE,2 of 3 detections are stationary sources present at the same sky position in other epochs
REJ-0498,18926,16149,19599,156.456240445666,-43.3586135193566,156.46441231679776,-43.342672076292146,156.46845339673018,-43.331410701332906,103.01772026240143,3.34047842164721,3.2078452205992907,3.8081813082098144,19483.94570980846,7.2720611551495855,5.921573730372392,4.068618535493877,STATIONARY,STATIONARY,STATIONARY,CB,AB,A,True,STATIONARY_SOURCE,3 of 3 detections are stationary sources present at the same sky position in other epochs
REJ-0499,28161,25890,29687,154.41283078509656,-43.49840580915998,154.3954776421073,-43.49761781156477,154.3813475599267,-43.49826966940786,82.21737246211865,2.666001129656882,3.2104227866522783,3.4152720427630086,10468.1890700205,1.2163216801323522,2.761054835834753,2.5481789461815985,STATIONARY,STATIONARY,STATIONARY,CB,AB,C,True,STATIONARY_SOURCE,3 of 3 detections are stationary sources present at the same sky position in other epochs
REJ-0500,5241,2108,5510,154.64823406570167,-40.85590707613968,154.62762594187186,-40.845680243408275,154.6132697509255,-40.83951755746957,112.0146359457712,3.6322146649374334,3.215260154594731,3.957153660660051,25754.54664582307,26.811389023098876,31.412499849618683,12.970956291579718,STATIONARY,STATIONARY,STATIONARY,CB,AB,AC,True,STATIONARY_SOURCE,3 of 3 detections are stationary sources present at the same sky position in other epochs
REJ-0501,22638,20259,23942,154.55230964949416,-42.95311007280974,154.56193828005243,-42.967258821229244,154.5711698718656,-42.97753901467503,101.0086093454601,3.275330487411785,3.2176389040995814,3.822531750232828,17741.21184965672,4.508914201290086,3.009888290463348,3.031177967775864,STATIONARY,STATIONARY,STATIONARY,CB,AB,AC,True,STATIONARY_SOURCE,3 of 3 detections are stationary sources present at the same sky position in other epochs
REJ-0502,22278,19903,23600,154.43888587086198,-42.86021477515264,154.44434353915904,-42.87621926533147,154.44823165053234,-42.88650497563358,97.80381662095132,3.1714110751513997,3.2194638633829222,3.746773495540778,16633.287853306974,5.234229992233877,3.1015528960540775,3.3294766720090982,STATIONARY,STATIONARY,STATIONARY,CB,AB,AC,True,STATIONARY_SOURCE,3 of 3 detections are stationary sources present at the same sky position in other epochs
REJ-0503,31060,28700,32412,154.09109680403466,-43.66140781265586,154.07623659494246,-43.64871030073105,154.0671308569579,-43.64006882976604,98.98731924342414,3.2097876278674105,3.2220264027125523,3.6352567012583283,19550.56819918638,15.588331375055798,21.138594442934092,18.44788759960009,STATIONARY,STATIONARY,STATIONARY,CB,B,AC,True,STATIONARY_SOURCE,3 of 3 detections are stationary sources present at the same sky position in other epochs
REJ-0504,11922,9052,12576,156.55984430147677,-42.568593826742045,156.56190618886927,-42.56963449292032,156.5616037007331,-42.569615815551174,5.940958841637276,0.19264302067482875,3.227892737580997,2.3689917512991827,54.658468480557154,1.8491880525902638,3.5933528848249434,3.958087361203393,BLEND_FRAGMENT,STATIONARY,STATIONARY,,B,C,True,STATIONARY_SOURCE,2 of 3 detections are stationary sources present at the same sky position in other epochs
REJ-0505,15896,13200,16787,156.10554285115995,-42.85270311297773,156.1191187235063,-42.861645961682974,156.13120574233392,-42.86869198799744,88.8772401761384,2.881955669643218,3.2289235970322654,3.460504821073558,15105.385140982304,5.244112621014466,4.971364878142216,10.2754893723265,STATIONARY,STATIONARY,STATIONARY,CB,A,AC,True,STATIONARY_SOURCE,3 of 3 detections are stationary sources present at the same sky position in other epochs
REJ-0506,29132,26633,30228,156.48475887590433,-44.50140323762967,156.50063215386305,-44.48922936886501,156.51192413198268,-44.48175225355763,99.35508880140063,3.221713015746602,3.22908119151916,3.719563087326688,18123.132794232766,4.766555925311871,5.632488501088601,4.382947844695983,STATIONARY,STATIONARY,STATIONARY,C,AB,C,True,STATIONARY_SOURCE,3 of 3 detections are stationary sources present at the same sky position in other epochs
REJ-0507,7324,4311,7790,155.56128878885,-41.55137426654744,155.5600982766314,-41.55357657879612,155.56041067895987,-41.55392163654646,9.470747098770678,0.30710081954577984,3.2360030664507136,2.321892849054505,164.6726673542177,5.4195648228622915,3.612942937573474,5.313074602533468,FREE,STATIONARY,STATIONARY,,B,AC,True,STATIONARY_SOURCE,2 of 3 detections are stationary sources present at the same sky position in other epochs
REJ-0508,16019,13337,16932,155.65440434269183,-42.66943210930573,155.63796982511124,-42.666206539728655,155.62452942028662,-42.662573961349366,82.84747035654787,2.6864328419341956,3.2370415598780333,3.4976859042790722,10629.256223099139,0.9604578064139822,1.821382101272321,2.0781078417527876,STATIONARY,STATIONARY,STATIONARY,CB,B,AC,True,STATIONARY_SOURCE,3 of 3 detections are stationary sources present at the same sky position in other epochs
REJ-0509,28808,26540,30303,153.80825840098697,-43.29813254524942,153.8175918847767,-43.30634805657517,153.82662685718202,-43.31263498190601,71.00255996857297,2.3023468084188905,3.2391815029031483,3.0802737584221602,9255.524944236104,7.175671388623564,4.820839125710136,6.8423441082342205,STATIONARY,STATIONARY,STATIONARY,CB,AB,C,True,STATIONARY_SOURCE,3 of 3 detections are stationary sources present at the same sky position in other epochs
REJ-0510,27578,25337,29133,153.83447342036732,-43.17362545097571,153.82731882249283,-43.183567263445845,153.82154492850003,-43.18939370505465,66.13741918391686,2.1445885337451402,3.242534316407669,2.9733975641150994,8364.599851258929,8.435569294347255,4.763559396079008,6.427797248931098,STATIONARY,STATIONARY,STATIONARY,C,AB,A,True,STATIONARY_SOURCE,3 of 3 detections are stationary sources present at the same sky position in other epochs
REJ-0511,30452,28174,31955,153.92090167129322,-43.522700304336226,153.93249968761975,-43.53020581023123,153.9410633714152,-43.53732613711823,74.44139659495907,2.413855386911531,3.2467631114575566,3.2061471671197754,8581.701338209257,2.613407509222742,4.2873048323251455,1.8298750577838627,STATIONARY,STATIONARY,STATIONARY,CB,AB,AC,True,STATIONARY_SOURCE,3 of 3 detections are stationary sources present at the same sky position in other epochs
REJ-0512,18484,15886,19447,155.23091456110066,-42.77591377973078,155.2110735263064,-42.767876213515315,155.19852467163784,-42.7617536812044,99.6278752609059,3.2305584578644617,3.2512968710022427,3.7261241837927006,18222.786108256154,4.1448492758249875,4.429464838607998,4.611942742496803,STATIONARY,STATIONARY,STATIONARY,CB,AB,AC,True,STATIONARY_SOURCE,3 of 3 detections are stationary sources present at the same sky position in other epochs
REJ-0513,28058,25581,29153,155.13120244284087,-43.80415730442483,155.14402157383756,-43.791850342764825,155.1513825379846,-43.782393136956046,94.28093409664937,3.057177203304366,3.251635338607671,3.694809462427805,13765.504247709536,3.823064679702876,3.3421887083962045,1.9733402790324246,STATIONARY,STATIONARY,STATIONARY,CB,AB,AC,True,STATIONARY_SOURCE,3 of 3 detections are stationary sources present at the same sky position in other epochs
REJ-0514,19875,17301,20936,153.36678651299434,-42.099773358636526,153.37944309256136,-42.10739516534114,153.38786108119973,-42.11162546489081,70.63146959129003,2.290313738820407,3.25222428468915,3.271654134688306,7272.448257379788,0.9479091081216457,0.7938389723325971,1.3405381886156245,STATIONARY,STATIONARY,STATIONARY,C,AB,AC,True,STATIONARY_SOURCE,3 of 3 detections are stationary sources present at the same sky position in other epochs
REJ-0515,30421,28070,31799,154.14876638463116,-43.621001355057224,154.16177296223577,-43.62372418096151,154.17349739892333,-43.625324287106984,66.30171189707748,2.1499159304468827,3.2663248937652254,3.0996672697819903,6807.597267617362,2.863676232123437,2.6136061012714342,1.2035300064309657,STATIONARY,STATIONARY,STATIONARY,C,AB,AC,True,STATIONARY_SOURCE,3 of 3 detections are stationary sources present at the same sky position in other epochs
REJ-0516,29538,27063,30657,154.4514108136711,-43.660991908524096,154.45601563798184,-43.64478990624793,154.45729143136944,-43.633149281242304,101.397308886507,3.287934556168733,3.267903812622284,3.8606844869020467,15921.98568442974,3.766066665670785,2.7950122220445963,1.694559188088856,STATIONARY,STATIONARY,STATIONARY,CB,AB,AC,True,STATIONARY_SOURCE,3 of 3 detections are stationary sources present at the same sky position in other epochs
REJ-0517,30348,28237,32129,155.32609125391414,-44.13078844969674,155.31817983127593,-44.14738339059145,155.31427127572846,-44.16040310302341,110.89909271195336,3.596041780393966,3.2716587659285032,4.089053652231034,19045.84991262974,2.6856150178584435,2.1061568667847905,1.732426239551488,STATIONARY,STATIONARY,STATIONARY,CB,AB,AC,True,STATIONARY_SOURCE,3 of 3 detections are stationary sources present at the same sky position in other epochs
REJ-0518,18490,16061,19812,156.10774434455337,-43.15883845675516,156.0938589303884,-43.17400741467946,156.084522924236,-43.18665533551871,117.23964096312876,3.8016419874313048,3.2747240533054804,4.183934428223155,22700.95785396869,3.896162221563407,4.3423002545445275,2.9404034591943327,STATIONARY,STATIONARY,STATIONARY,CB,AB,C,True,STATIONARY_SOURCE,3 of 3 detections are stationary sources present at the same sky position in other epochs
REJ-0519,16612,14084,17765,156.4428939324425,-43.08505411460837,156.4388318552283,-43.101718695851886,156.4336644700894,-43.114182397200544,107.63166797421378,3.4900914467720043,3.280425421195737,4.020422594190884,16887.45855719121,1.6998632898884005,2.1321258349851098,1.6752303405812945,STATIONARY,STATIONARY,STATIONARY,CB,AB,AC,True,STATIONARY_SOURCE,3 of 3 detections are stationary sources present at the same sky position in other epochs
REJ-0520,16456,13746,17327,155.79715074758136,-42.78286248819468,155.79666588447802,-42.783244854569915,155.79539165322183,-42.7820918159262,5.4129276810401175,0.17552094989477962,3.2806485447052056,2.2574436744461215,50.9484466621345,5.68791578522007,5.865248203347419,3.3463107160227152,STATIONARY,STATIONARY,BLEND_FRAGMENT,C,A,,True,STATIONARY_SOURCE,2 of 3 detections are stationary sources present at the same sky position in other epochs
REJ-0521,5983,2933,6389,155.72108854175107,-41.435978091164536,155.73636066529218,-41.44883401103764,155.74713582209264,-41.45680485148416,102.77077048927958,3.3324707663987443,3.2836032292178357,3.8107102342222228,18365.625451558135,3.5655142404098843,4.018026674368888,6.770771047298239,STATIONARY,STATIONARY,STATIONARY,B,AB,AC,True,STATIONARY_SOURCE,3 of 3 detections are stationary sources present at the same sky position in other epochs
REJ-0522,10176,7263,10730,156.51146847804796,-42.332848814856696,156.5111754508707,-42.332751178450124,156.50995043322558,-42.33127762932266,6.950894793656516,0.22539145702512625,3.284603309720804,2.501455611169131,70.4312806898712,1.2174726243557763,1.1852916152347726,1.377036038349685,STATIONARY,STATIONARY,BLEND_FRAGMENT,CB,A,,True,STATIONARY_SOURCE,2 of 3 detections are stationary sources present at the same sky position in other epochs
REJ-0523,23660,21073,24632,155.0595788484689,-43.29179742014909,155.07847280450582,-43.28512443978476,155.0911822498355,-43.281492040661234,90.74839410502597,2.942630176001039,3.302551621143845,3.658162107835165,13601.071376212294,2.260719732819337,1.8429850355605089,2.04447027295532,STATIONARY,STATIONARY,STATIONARY,CB,AB,C,True,STATIONARY_SOURCE,3 of 3 detections are stationary sources present at the same sky position in other epochs
REJ-0524,20998,18410,22056,153.57236181085122,-42.32363749346084,153.58231496375365,-42.3272032190081,153.58753387874765,-42.32963877055684,45.79733045600003,1.4850357178128113,3.304952449098267,2.716973455341528,3463.9813883890456,2.2661746861474894,2.7546188184123492,2.9851851093622592,STATIONARY,STATIONARY,STATIONARY,CB,AB,C,True,STATIONARY_SOURCE,3 of 3 detections are stationary sources present at the same sky position in other epochs
REJ-0525,18674,16236,19964,155.42634531439836,-42.885201656088114,155.41279404636134,-42.897443165933836,155.40223725730777,-42.904948776339204,95.3749146948919,3.09265089242136,3.305530190686612,3.7740178315309345,14086.811280626272,1.365143685551912,1.643981472005489,2.2039030893080587,STATIONARY,STATIONARY,STATIONARY,CB,AB,AC,True,STATIONARY_SOURCE,3 of 3 detections are stationary sources present at the same sky position in other epochs
REJ-0526,25891,23419,26992,156.74186517213673,-44.26320464352945,156.7303793525507,-44.24666508054424,156.7227416629859,-44.23590680317931,109.95131862205277,3.565309020167425,3.306851943765028,4.12408685080447,18721.698875315895,2.0881317771726167,1.2946725797980432,0.9911007141213328,STATIONARY,STATIONARY,STATIONARY,CB,AB,AC,True,STATIONARY_SOURCE,3 of 3 detections are stationary sources present at the same sky position in other epochs
REJ-0527,27066,24715,28411,154.84678916177236,-43.568956942160305,154.82282989618042,-43.56002266405888,154.80728021376652,-43.55312233822045,117.78105507098498,3.819198017014005,3.3122642514843683,4.197597702030887,22911.108582126613,3.883135498316776,4.84590843155213,3.7010322958541986,STATIONARY,STATIONARY,STATIONARY,C,AB,AC,True,STATIONARY_SOURCE,3 of 3 detections are stationary sources present at the same sky position in other epochs
REJ-0528,23964,21471,25116,154.79025221325153,-43.206621256767676,154.79219801260584,-43.20319283089625,154.79328514343763,-43.20223780530344,17.67378715637905,0.5730946527868115,3.314103533765181,2.4210499586265115,483.7306572993764,1.9026041123911304,3.6975403985176776,3.4565523236919176,STATIONARY,BLEND_FRAGMENT,STATIONARY,CB,,C,True,STATIONARY_SOURCE,2 of 3 detections are stationary sources present at the same sky position in other epochs
REJ-0529,32238,29872,33522,152.87158813059793,-43.23779660053379,152.8732043261203,-43.227435032641935,152.8764325941057,-43.21916170066088,68.27854122842164,2.214017093895406,3.314543876267908,3.035066329093151,8106.5294674536835,3.3158530840049973,4.0466048263396885,6.470765094500581,STATIONARY,STATIONARY,STATIONARY,CB,A,AC,True,STATIONARY_SOURCE,3 of 3 detections are stationary sources present at the same sky position in other epochs
REJ-0530,15163,12305,15794,156.81989894178213,-43.07392309925584,156.81148751855858,-43.05738459537647,156.80579396831524,-43.04670738966387,104.76557145845499,3.3971546826807026,3.316277935048876,3.788883964796205,23195.53675328797,35.36440065579866,17.268258927862043,21.2714946876648,STATIONARY,STATIONARY,STATIONARY,CB,AB,AC,True,STATIONARY_SOURCE,3 of 3 detections are stationary sources present at the same sky position in other epochs
REJ-0531,9560,6611,10101,154.5282419890622,-41.3800054355668,154.52792897955055,-41.38038563267755,154.52983092650052,-41.380754661144806,5.069195714553982,0.16437501098298282,3.31768986319191,2.4973833908179786,37.45952560810849,1.0832530523092503,0.9940701891558984,1.5113918433954139,STATIONARY,STATIONARY,BLEND_FRAGMENT,CB,AB,,True,STATIONARY_SOURCE,2 of 3 detections are stationary sources present at the same sky position in other epochs
REJ-0532,14737,11795,15253,154.2288364958786,-41.88391520758653,154.2426828530887,-41.87346168572649,154.25422748261184,-41.86445194143245,97.6836174106912,3.167513465428041,3.3204463178416366,3.836092977538141,14777.053285683694,2.1444728649008504,1.0608443749050853,1.6629064881056466,STATIONARY,STATIONARY,STATIONARY,CB,AB,AC,True,STATIONARY_SOURCE,3 of 3 detections are stationary sources present at the same sky position in other epochs
REJ-0533,21033,18446,22090,154.03858883744357,-42.539191283891064,154.04112157605414,-42.538398043105374,154.0410192442098,-42.53848715805888,6.927219244728539,0.22462374774061564,3.3212482081395205,2.2347364468233257,88.09898549263585,4.128434856472169,6.071322747022927,7.496429560161832,BLEND_FRAGMENT,STATIONARY,STATIONARY,,B,C,True,STATIONARY_SOURCE,2 of 3 detections are stationary sources present at the same sky position in other epochs
REJ-0534,21865,19176,22694,154.57025257975573,-42.87255293370841,154.5699560039746,-42.8545360313191,154.56943406268155,-42.84280013169597,107.131865237262,3.473884717933364,3.3226446462009482,3.988717753771846,17773.8579148895,1.376761612037833,2.4172891257018865,2.2495274287348668,STATIONARY,STATIONARY,STATIONARY,CB,AB,C,True,STATIONARY_SOURCE,3 of 3 detections are stationary sources present at the same sky position in other epochs
REJ-0535,26819,24271,27852,153.43584287891954,-42.91049542413638,153.43939870863477,-42.89427368068953,153.43992728003377,-42.882733504020784,100.52172476247506,3.259542645871985,3.324041331099201,3.7721138188189034,16688.41481126117,3.7361443484894887,5.382580239055544,2.2126757822817305,STATIONARY,STATIONARY,STATIONARY,CB,AB,AC,True,STATIONARY_SOURCE,3 of 3 detections are stationary sources present at the same sky position in other epochs
REJ-0536,30821,28630,32488,152.5648983571811,-42.94559727978746,152.55701758685456,-42.95473691572636,152.54910602810085,-42.960978828307326,69.26536891717379,2.2460162159082393,3.3315100378415443,3.0551246369094,8342.54967670559,3.3510562745858707,4.84561421231668,7.167541938229598,STATIONARY,STATIONARY,STATIONARY,CB,AB,AC,True,STATIONARY_SOURCE,3 of 3 detections are stationary sources present at the same sky position in other epochs
REJ-0537,28315,26079,29822,155.24490952625686,-43.88234911224276,155.22843806171548,-43.88170124346588,155.21529109218784,-43.87976340424211,77.41585612677251,2.5103059573257944,3.3434276908355938,3.2997245536076263,9898.173559862502,2.1040447066590726,3.2386026171487514,3.0040671023317085,STATIONARY,STATIONARY,STATIONARY,CB,AB,AC,True,STATIONARY_SOURCE,3 of 3 detections are stationary sources present at the same sky position in other epochs
REJ-0538,26599,24217,27907,152.77130016529568,-42.583878617031324,152.76923325855978,-42.58269044379694,152.76932971024144,-42.58289809027777,6.303957413404656,0.20441370335921594,3.3447365016755923,2.2475831998181617,69.1023853764189,2.5063871762732455,5.524575562353075,5.8265222406784565,BLEND_FRAGMENT,STATIONARY,STATIONARY,,B,C,True,STATIONARY_SOURCE,2 of 3 detections are stationary sources present at the same sky position in other epochs
REJ-0539,18264,15484,18868,156.37330448306503,-43.24917735360808,156.38260198563742,-43.23279244645833,156.3902111837949,-43.21914734557576,116.84889335086304,3.788971507403606,3.3455078697360423,4.159827140462816,23741.912787111236,2.9932468053782957,4.988557040624164,6.742031617074127,STATIONARY,STATIONARY,STATIONARY,C,AB,AC,True,STATIONARY_SOURCE,3 of 3 detections are stationary sources present at the same sky position in other epochs
REJ-0540,29316,26890,30464,155.626834295576,-44.153451792072815,155.62703243042662,-44.139022936709715,155.62923534253255,-44.12769045243856,92.9480398072181,3.013956438946149,3.3456204217439067,3.6427589985377566,14268.413720696604,3.5965989897953605,2.1614888898044002,3.1478172532750777,STATIONARY,STATIONARY,STATIONARY,CB,AB,AC,True,STATIONARY_SOURCE,3 of 3 detections are stationary sources present at the same sky position in other epochs
REJ-0541,33374,31165,34956,155.5185826107919,-44.5369824397806,155.51928158415157,-44.53705792697701,155.51888885591683,-44.53859692348309,5.865025615161618,0.1901807908382347,3.349754118894271,2.1431321758267328,68.63412232447936,114.33774494069776,167.97398459230277,82.35172126712052,STATIONARY,STATIONARY,BLEND_FRAGMENT,C,A,,True,STATIONARY_SOURCE,2 of 3 detections are stationary sources present at the same sky position in other epochs
REJ-0542,30024,27509,31107,155.7811860780335,-44.29426023131994,155.79145406352995,-44.27736839915687,155.79851863066415,-44.26645346968308,109.6197079273163,3.5545561286519356,3.3607066651831548,3.970603428498693,22061.260467080894,5.45826524926594,7.442544471335813,4.099163257488197,STATIONARY,STATIONARY,STATIONARY,CB,B,AC,True,STATIONARY_SOURCE,3 of 3 detections are stationary sources present at the same sky position in other epochs
REJ-0543,15976,13249,16814,154.01225156283843,-41.93570303251041,154.02376957589914,-41.93836562688954,154.03014861792064,-41.94065657776947,51.13698790773799,1.658180788884903,3.36104201041594,2.724550332600442,4547.123867715617,5.110755853702625,4.524630497986971,3.635151410672773,STATIONARY,FREE,STATIONARY,CB,,AC,True,STATIONARY_SOURCE,2 of 3 detections are stationary sources present at the same sky position in other epochs
REJ-0544,15501,12766,16333,156.6657692762893,-43.04733878851104,156.68440903275476,-43.05466090180476,156.69630782595056,-43.060935178102376,94.07040094864486,3.050350402670852,3.3625245557953507,3.7653835171513697,12900.012917786658,1.3114173237597544,0.7880510543473506,1.3388251549494021,STATIONARY,STATIONARY,STATIONARY,CB,AB,AC,True,STATIONARY_SOURCE,3 of 3 detections are stationary sources present at the same sky position in other epochs
REJ-0545,14699,11769,15233,157.00767937636752,-43.0994382355405,157.00641276912293,-43.08226092710818,157.00502091246994,-43.06796457846773,113.52056467444754,3.681046287398777,3.363919067034338,4.220429299688028,18785.953389853392,1.4646919823963838,1.3008223423120195,1.6762881356420645,STATIONARY,STATIONARY,STATIONARY,CB,AB,AC,True,STATIONARY_SOURCE,3 of 3 detections are stationary sources present at the same sky position in other epochs
REJ-0546,33267,31256,35166,153.5790649856196,-43.66955646823104,153.57520396193556,-43.68766472117707,153.5743449978638,-43.701806550296354,116.74871604068272,3.7857231328313126,3.365315543279016,4.157294886867541,23701.22123473495,3.037852180892827,4.867846757714362,5.000658650335435,STATIONARY,STATIONARY,STATIONARY,CB,B,AC,True,STATIONARY_SOURCE,3 of 3 detections are stationary sources present at the same sky position in other epochs
REJ-0547,19835,17328,20988,155.99951270174148,-43.266092696903215,156.00697156880076,-43.277207172761116,156.01367636213024,-43.28405032991273,74.54843353332136,2.4173261935068204,3.3660224924702153,3.1547711969312906,10203.05165390725,5.806689522510688,5.067223992181414,4.722223094459917,STATIONARY,STATIONARY,STATIONARY,CB,AB,AC,True,STATIONARY_SOURCE,3 of 3 detections are stationary sources present at the same sky position in other epochs
REJ-0548,24403,21995,25623,155.01357081090816,-43.3536601748275,155.01331149587867,-43.3538914128149,155.0153325636089,-43.354339502850024,5.219986789786275,0.1692646001886789,3.3787172505369556,2.2305565881231186,50.02554731765003,6.565996237234081,6.810834917756945,6.702425520211813,STATIONARY,STATIONARY,BLEND_FRAGMENT,CB,AB,,True,STATIONARY_SOURCE,2 of 3 detections are stationary sources present at the same sky position in other epochs
REJ-0549,14345,11562,15134,156.3585942784784,-42.77640764325359,156.35696128315138,-42.77864156503325,156.35672587472712,-42.778825244340744,10.006142533623287,0.3244616861289079,3.379074184709471,2.3812742438711694,155.05213165866877,1.6079980928864528,3.3631757388006416,3.7290529248768514,STATIONARY,STATIONARY,STATIONARY,B,B,C,True,STATIONARY_SOURCE,3 of 3 detections are stationary sources present at the same sky position in other epochs
REJ-0550,31705,29286,32935,154.7092354434826,-44.00537620365309,154.7271176000294,-43.99885622656184,154.73896511048216,-43.99273564007502,89.43286581466008,2.899972525881814,3.38082344391148,3.562681934563443,13209.59547349463,2.9580319801883883,3.0524407415354835,3.8006932197918015,STATIONARY,STATIONARY,STATIONARY,CB,B,AC,True,STATIONARY_SOURCE,3 of 3 detections are stationary sources present at the same sky position in other epochs
REJ-0551,33393,31247,35072,155.2126951539747,-44.405321077229,155.1868005451894,-44.39985244434232,155.16848457945318,-44.397330091305605,117.29399037886716,3.803404335210316,3.384887162179119,4.171085771120013,23923.131130233523,3.909407214894628,4.337126926690343,6.885562190565299,STATIONARY,STATIONARY,STATIONARY,CB,AB,AC,True,STATIONARY_SOURCE,3 of 3 detections are stationary sources present at the same sky position in other epochs
REJ-0552,19611,16950,20503,155.29743826142933,-42.93347541447375,155.29227502843847,-42.92236898724983,155.28764986704235,-42.91262822538566,79.36197759445935,2.5734113798895373,3.3858556227660537,3.286818882560635,10402.079903283544,2.9115217962003204,4.343414337713356,3.67725716903557,STATIONARY,STATIONARY,STATIONARY,CB,AB,AC,True,STATIONARY_SOURCE,3 of 3 detections are stationary sources present at the same sky position in other epochs
REJ-0553,19122,16516,20122,153.61888577123983,-42.12696974451893,153.6188952954124,-42.126473251498126,153.6167120357913,-42.12590782258768,6.94979382458015,0.22535575672586572,3.3865973347673184,2.1262335014665226,102.0730509212975,68.71809733012051,100.5096784636394,79.97895714074335,STATIONARY,STATIONARY,BLEND_FRAGMENT,C,A,,True,STATIONARY_SOURCE,2 of 3 detections are stationary sources present at the same sky position in other epochs
REJ-0554,11872,9094,12725,154.7925066098926,-41.78436594989617,154.77208468053797,-41.78804738119336,154.7555212049474,-41.79199652791779,103.0069718175425,3.340129889879801,3.391601186591977,3.8632704497174184,18450.143066243854,2.6648492164380193,2.6675297686573316,4.16743679355908,STATIONARY,STATIONARY,STATIONARY,CB,AB,AC,True,STATIONARY_SOURCE,3 of 3 detections are stationary sources present at the same sky position in other epochs
REJ-0555,30749,28384,32163,152.88558252263587,-43.0840823441717,152.8887998644814,-43.082662996375085,152.88904530355265,-43.08212029038631,11.523346308201623,0.37365891605509155,3.392142428980371,2.174413527046757,253.9264316993064,7.783173801915829,10.229632223602211,13.238206470403837,FREE,STATIONARY,STATIONARY,,B,C,True,STATIONARY_SOURCE,2 of 3 detections are stationary sources present at the same sky position in other epochs
REJ-0556,19972,17483,21215,155.37726903589984,-43.009194102067575,155.3600451617705,-43.013449277810025,155.34523941152403,-43.017236468659405,89.14442466956447,2.890619461004696,3.3952366084123278,3.6559338526238663,11584.372870243638,1.734621222790627,1.73000680846679,1.5732363276896286,STATIONARY,STATIONARY,STATIONARY,CB,AB,AC,True,STATIONARY_SOURCE,3 of 3 detections are stationary sources present at the same sky position in other epochs
REJ-0557,5955,2854,6303,157.69023005891015,-42.28509827415134,157.68997215038598,-42.28506841139731,157.69089386820318,-42.28646884259451,5.241212004756933,0.16995285433004123,3.4009240380631605,2.4660083024824284,42.54101283552095,1.9774136791520347,1.8567256356135822,2.1822209425184806,STATIONARY,STATIONARY,STATIONARY,CB,AB,C,True,STATIONARY_SOURCE,3 of 3 detections are stationary sources present at the same sky position in other epochs
REJ-0558,29573,27173,30854,154.71628225047797,-43.78109283239295,154.73125594719846,-43.77890322469402,154.74057988268865,-43.77833374507781,63.93117970173043,2.07304845923701,3.401266374799868,3.0545192825013285,6329.505888200944,2.4766485897478385,2.5187440702329864,1.574050640039465,STATIONARY,STATIONARY,STATIONARY,CB,A,C,True,STATIONARY_SOURCE,3 of 3 detections are stationary sources present at the same sky position in other epochs
REJ-0559,27505,25016,28617,154.0906240790724,-43.28276219301017,154.09379376216688,-43.26894403296246,154.0938946393399,-43.258513950908686,87.71362773037536,2.8442240807832553,3.408331188525114,3.507103988991831,13378.291192588016,2.429588152174993,3.32155993402256,4.65316877760505,STATIONARY,STATIONARY,STATIONARY,CB,AB,AC,True,STATIONARY_SOURCE,3 of 3 detections are stationary sources present at the same sky position in other epochs
REJ-0560,25850,23294,26806,155.92445210887058,-43.90722031379651,155.92367349591055,-43.889558777167764,155.92463319974055,-43.87527069554798,115.01958521763252,3.7296539033056386,3.415984831813134,4.09541214809348,25298.471144860905,5.330214322257313,5.489766964065271,9.115378380554574,STATIONARY,STATIONARY,STATIONARY,CB,B,AC,True,STATIONARY_SOURCE,3 of 3 detections are stationary sources present at the same sky position in other epochs
REJ-0561,10084,7002,10353,155.40792741477063,-41.838065815288125,155.42026326772847,-41.82395054651026,155.4308552492855,-41.81226546425592,111.4006742317059,3.612306188489608,3.42915816402295,4.111785339412929,18090.88419863617,1.3363073073607763,2.2461812258050617,1.803127359748055,STATIONARY,STATIONARY,STATIONARY,CB,AB,AC,True,STATIONARY_SOURCE,3 of 3 detections are stationary sources present at the same sky position in other epochs
REJ-0562,4867,1746,5154,156.0341665921789,-41.42396139763695,156.05071112528412,-41.43222228237122,156.0625140021165,-41.439957321638516,95.76067906566598,3.105159784611255,3.429393386166743,3.803536988076496,13367.758444243698,0.3042614860662984,0.24432632487925246,0.5756395762191067,STATIONARY,STATIONARY,STATIONARY,CB,AB,AC,True,STATIONARY_SOURCE,3 of 3 detections are stationary sources present at the same sky position in other epochs
REJ-0563,20933,18281,21848,154.6333462369813,-42.79304283158828,154.6554020748752,-42.79233462797638,154.66965643136078,-42.79112777662408,96.1704447821687,3.118446950454389,3.431566088784962,3.7498744625254377,13482.406100585207,1.10616869152461,2.463963211610333,0.9979453599504775,STATIONARY,STATIONARY,STATIONARY,CB,AB,AC,True,STATIONARY_SOURCE,3 of 3 detections are stationary sources present at the same sky position in other epochs
REJ-0564,24666,22409,26225,155.00287039150956,-43.3768873501877,154.98117794895134,-43.38599692913967,154.96550993986614,-43.39437029619528,116.25617479015213,3.7697518667716707,3.4315866272131865,4.202170532829264,22321.700726016323,3.4699751878269014,2.6889091900906132,3.626934595258341,STATIONARY,STATIONARY,STATIONARY,CB,AB,AC,True,STATIONARY_SOURCE,3 of 3 detections are stationary sources present at the same sky position in other epochs
REJ-0565,15265,12429,15947,154.20864816967082,-41.93932547464384,154.22803228742285,-41.93829517954731,154.2401407736108,-41.93739787122305,84.6194164494489,2.7438904101329586,3.442430230260292,3.4028059456931654,11825.929207727653,3.8781746549881526,7.4005704210033905,3.1094817911123855,BLEND_FRAGMENT,STATIONARY,STATIONARY,,A,AC,True,STATIONARY_SOURCE,2 of 3 detections are stationary sources present at the same sky position in other epochs
REJ-0566,14466,11762,15433,155.33512301911148,-42.34408249846999,155.31416473356532,-42.3485593974243,155.29702583240703,-42.350727377348676,104.14836745889886,3.3771410710707777,3.44496107982814,3.8442240502941902,18861.29168842693,3.8993717726363686,6.176948964613715,4.520324281272081,STATIONARY,STATIONARY,STATIONARY,CB,AB,AC,True,STATIONARY_SOURCE,3 of 3 detections are stationary sources present at the same sky position in other epochs
REJ-0567,30618,28197,31820,155.4123350290391,-44.19734761970483,155.42318037360076,-44.18991917193395,155.4324450596349,-44.18301108949228,73.20119912363606,2.373640432814474,3.458286655757806,3.0848261709157705,9837.606154829515,6.262639352578361,9.689660195703503,4.150391535561974,STATIONARY,STATIONARY,STATIONARY,CB,AB,C,True,STATIONARY_SOURCE,3 of 3 detections are stationary sources present at the same sky position in other epochs
REJ-0568,17136,14292,17732,153.9065018985463,-42.028737665874615,153.92174124638436,-42.016270925972464,153.93465040450758,-42.00589871008274,111.48147624376696,3.6149262947880985,3.466064691570305,4.171223360238686,18117.13736071292,1.12346342966267,0.9153642065642081,1.6582267101286303,STATIONARY,STATIONARY,STATIONARY,CB,AB,AC,True,STATIONARY_SOURCE,3 of 3 detections are stationary sources present at the same sky position in other epochs
REJ-0569,20324,17598,21081,156.62298199987902,-43.591153533195836,156.63228569076543,-43.57639032717263,156.6400561032597,-43.56392190234804,107.67303464027165,3.491432812655367,3.4712822885206274,3.9910428433687164,19147.36999448243,2.085689111460676,2.1570759206270704,2.7048692923456503,STATIONARY,STATIONARY,STATIONARY,CB,AB,C,True,STATIONARY_SOURCE,3 of 3 detections are stationary sources present at the same sky position in other epochs
REJ-0570,27465,25240,29040,153.7708004213838,-43.13573506790257,153.77392372957323,-43.149231679531646,153.77795228767945,-43.16033222240984,90.52026179786964,2.9352327006211216,3.475914349690074,3.510752807205576,15043.352898310268,4.299293162714232,5.118022184392978,4.492813300714667,STATIONARY,STATIONARY,STATIONARY,CB,B,AC,True,STATIONARY_SOURCE,3 of 3 detections are stationary sources present at the same sky position in other epochs
REJ-0571,26010,23612,27287,152.77132507725466,-42.52027762742243,152.76970240444186,-42.518825710246375,152.77010056508792,-42.518950702572525,5.777159025441334,0.18733160677362223,3.478303583824579,2.0837061313293557,70.53357536431896,30.864268682413247,58.23778338594338,60.03963262629813,BLEND_FRAGMENT,STATIONARY,STATIONARY,,B,C,True,STATIONARY_SOURCE,2 of 3 detections are stationary sources present at the same sky position in other epochs
REJ-0572,25058,22719,26409,154.1025745119784,-43.02075083665096,154.09757208040773,-43.023274564476274,154.0923735876896,-43.026419733601195,33.723465393555564,1.0935255426289394,3.48411737955194,2.553004844131583,1878.2768887423217,2.9332760420703057,3.523940207659713,3.180566963546162,STATIONARY,STATIONARY,STATIONARY,CB,AB,AC,True,STATIONARY_SOURCE,3 of 3 detections are stationary sources present at the same sky position in other epochs
REJ-0573,20633,17932,21481,153.92179882289415,-42.43689210397861,153.92992147240454,-42.42696737530272,153.93369557389454,-42.41928009550299,70.84721546980286,2.297309568760108,3.4866166825096596,3.0770528761762717,9215.069444363657,7.039852560530918,4.184936428224922,5.680714782170649,STATIONARY,STATIONARY,STATIONARY,CB,AB,AC,True,STATIONARY_SOURCE,3 of 3 detections are stationary sources present at the same sky position in other epochs
REJ-0574,23708,21211,24772,155.16504738920216,-43.3444748527042,155.1591001072803,-43.334438074273876,155.15374735730197,-43.32547437869579,74.52712979672353,2.4166353932034914,3.4954200552398067,3.2393135995127005,9173.266583222852,3.818889772788947,2.3397562810128,3.752945386689728,STATIONARY,STATIONARY,STATIONARY,CB,AB,AC,True,STATIONARY_SOURCE,3 of 3 detections are stationary sources present at the same sky position in other epochs
REJ-0575,8414,5461,8984,156.30965234688097,-42.02236988017993,156.32867133553094,-42.03467806250381,156.34159450823154,-42.045242411666315,118.63789140955063,3.8469820069195397,3.4969964759304695,4.345256158197603,20517.809511176394,1.5749948804551803,0.8250308544359062,0.8549588118123792,STATIONARY,STATIONARY,STATIONARY,CB,AB,AC,True,STATIONARY_SOURCE,3 of 3 detections are stationary sources present at the same sky position in other epochs
REJ-0576,23233,20699,24277,153.77636755231154,-42.67325278362295,153.79585567878684,-42.673224634655305,153.81253997278634,-42.67348123654821,95.74567395935625,3.1046732252725846,3.5011220287550535,3.621651122239311,17530.286067905585,4.691523890133354,4.634835482972825,8.22977742501302,STATIONARY,STATIONARY,STATIONARY,CB,AB,AC,True,STATIONARY_SOURCE,3 of 3 detections are stationary sources present at the same sky position in other epochs
REJ-0577,26658,24066,27623,153.09668830745306,-42.738695599819486,153.11374997051638,-42.724969083878996,153.12716598133744,-42.71640581079658,113.73274997347598,3.687926661095553,3.505006846328239,4.087946515146808,22492.492193582373,4.385545277735533,7.269876725695966,3.1094621053073577,STATIONARY,STATIONARY,STATIONARY,CB,A,AC,True,STATIONARY_SOURCE,3 of 3 detections are stationary sources present at the same sky position in other epochs
REJ-0578,22250,19602,23077,157.0615192706643,-43.99815394865684,157.08033856551006,-43.989166196741195,157.09579542355476,-43.98123557602825,107.66171418771572,3.4910657328229844,3.5051667966791764,4.049981025816994,19143.3440004218,2.0601785781517044,1.779419498488267,3.0391480604785643,STATIONARY,STATIONARY,STATIONARY,CB,AB,AC,True,STATIONARY_SOURCE,3 of 3 detections are stationary sources present at the same sky position in other epochs
REJ-0579,7609,4584,8073,155.44709478145361,-41.536371098341306,155.44629533409392,-41.53891016055026,155.4452293717896,-41.539131532569115,11.136537886770443,0.36111616921686757,3.5061690988342735,2.142199678010423,262.1003808265212,51.28539601739375,85.93024030634125,38.73866927188513,BLEND_FRAGMENT,STATIONARY,STATIONARY,,B,AC,True,STATIONARY_SOURCE,2 of 3 detections are stationary sources present at the same sky position in other epochs
REJ-0580,14366,11431,14873,155.02948893285753,-42.19627646272658,155.05305060545237,-42.19167346080957,155.0696638585751,-42.18668483917746,112.5828266305004,3.6506389585141528,3.5075435187458215,4.130256099786665,19628.57031602451,3.1331160229229242,2.103430875917347,1.7887582028705478,STATIONARY,STATIONARY,STATIONARY,CB,AB,AC,True,STATIONARY_SOURCE,3 of 3 detections are stationary sources present at the same sky position in other epochs
REJ-0581,14623,11757,15295,154.64052433967424,-42.05519590391061,154.62615961072635,-42.041913904423986,154.6157640487084,-42.030402240023534,111.1256504297266,3.60338819774383,3.5102146133450445,4.094585577077343,19123.747607957765,2.8066560956464843,3.016410521332469,1.3615843629613014,STATIONARY,STATIONARY,STATIONARY,CB,AB,AC,True,STATIONARY_SOURCE,3 of 3 detections are stationary sources present at the same sky position in other epochs
REJ-0582,11314,8315,11737,153.82519725248136,-41.28052136501888,153.81667174240445,-41.264371666311156,153.81204929382753,-41.25129484389036,111.06792349393085,3.6015163296527644,3.5131400501701435,4.1509281370858835,19103.88417214842,2.4454768502555138,1.3502956672973812,1.7916960426525668,STATIONARY,STATIONARY,STATIONARY,CB,AB,AC,True,STATIONARY_SOURCE,3 of 3 detections are stationary sources present at the same sky position in other epochs
REJ-0583,17362,14766,18415,153.48092148937963,-41.86360917866029,153.46071906480935,-41.86271707266536,153.44350432550266,-41.86219704415264,100.44704697109684,3.257121125088572,3.5136262035400057,3.802119707430868,17544.493910808873,2.951888913586291,3.6464850997061675,5.372010973882543,STATIONARY,STATIONARY,STATIONARY,CB,AB,AC,True,STATIONARY_SOURCE,3 of 3 detections are stationary sources present at the same sky position in other epochs
REJ-0584,8776,5638,8977,155.54262831629347,-41.730227098501175,155.5491646952998,-41.71278042114983,155.5560366269063,-41.699118405185736,117.64502085126,3.8147869373042287,3.516149874910989,4.130966141892609,26466.577479513264,7.612783365291462,12.265749670171871,11.273472919629883,STATIONARY,STATIONARY,STATIONARY,CB,AB,AC,True,STATIONARY_SOURCE,3 of 3 detections are stationary sources present at the same sky position in other epochs
REJ-0585,12899,9960,13432,156.04529820194472,-42.467129746829826,156.04458908973427,-42.45516478471839,156.0434521073985,-42.44467670260136,80.97954594580493,2.6258630567413057,3.5167906445837334,3.468378195692164,10155.35351462187,3.2653750022304875,1.5364933494158124,1.8798155297090342,STATIONARY,STATIONARY,STATIONARY,CB,AB,AC,True,STATIONARY_SOURCE,3 of 3 detections are stationary sources present at the same sky position in other epochs
REJ-0586,24853,22481,26117,156.0371160098928,-43.85060976901245,156.0384879536146,-43.85228877962043,156.03832429593174,-43.8520588835224,6.087270833499993,0.1973873700003691,3.5168912508171464,2.14368986323216,73.93422203491632,90.04886388739907,109.61015108877174,93.14526032230151,BLEND_FRAGMENT,STATIONARY,STATIONARY,,B,C,True,STATIONARY_SOURCE,2 of 3 detections are stationary sources present at the same sky position in other epochs
REJ-0587,15113,12353,15924,153.52256482751275,-41.60980914745148,153.5031136180744,-41.60216388842292,153.48725997510118,-41.595209735574144,108.60408152359994,3.521623172288429,3.5186662768471333,4.091832230694368,18265.714515787742,2.4093825493591026,0.9969192107918061,1.8445000837971999,STATIONARY,STATIONARY,STATIONARY,CB,AB,A,True,STATIONARY_SOURCE,3 of 3 detections are stationary sources present at the same sky position in other epochs
REJ-0588,20032,17440,21058,155.46943314842625,-43.05609066736868,155.46934861846518,-43.05564450592144,155.46751262337614,-43.054210878974345,8.444986308624479,0.2738392430274169,3.522375075066822,2.091884137889191,150.7180108767966,38.41758098896182,33.57830252605596,40.817597002102985,STATIONARY,STATIONARY,BLEND_FRAGMENT,C,A,,True,STATIONARY_SOURCE,2 of 3 detections are stationary sources present at the same sky position in other epochs
REJ-0589,13873,11161,14807,157.41660136729834,-43.17489337229382,157.42467010373213,-43.189451221925886,157.430143363045,-43.20188306743505,103.46045463682988,3.3548346374568068,3.5238356070609544,3.900514777725489,16576.51139100076,1.8169299366436065,2.1692410967803237,2.227203280597702,STATIONARY,STATIONARY,STATIONARY,CB,AB,AC,True,STATIONARY_SOURCE,3 of 3 detections are stationary sources present at the same sky position in other epochs
REJ-0590,5493,2386,5790,157.30418449064413,-42.05983390822146,157.30642321826312,-42.058725943163886,157.30600278099283,-42.05863307942149,6.504428965748959,0.2109142441696174,3.526723678140299,2.312690574524808,77.67323462603454,4.6950088929431875,3.684594201315575,4.657932688933651,BLEND_FRAGMENT,STATIONARY,STATIONARY,,B,C,True,STATIONARY_SOURCE,2 of 3 detections are stationary sources present at the same sky position in other epochs
REJ-0591,6640,3406,6750,155.36262196122814,-41.36585102447733,155.37909072939374,-41.35319783180199,155.39180529622965,-41.34549702617635,107.64803394418136,3.4906221338167844,3.529860154086119,4.079593854895749,16892.59460417958,1.8361262785834633,1.8366892005123436,0.941967199173207,STATIONARY,STATIONARY,STATIONARY,CB,B,AC,True,STATIONARY_SOURCE,3 of 3 detections are stationary sources present at the same sky position in other epochs
REJ-0592,33283,31181,34990,154.39084350385758,-44.03538617485891,154.36694594282284,-44.032536200971464,154.34740067487365,-44.02937408314969,114.50329112109716,3.7129124215070974,3.5348664001875125,4.107260089844702,22798.298585716857,5.18871227278573,7.123773537359793,2.96285106962217,STATIONARY,STATIONARY,STATIONARY,CB,AB,AC,True,STATIONARY_SOURCE,3 of 3 detections are stationary sources present at the same sky position in other epochs
REJ-0593,7559,4515,7971,157.31525109860328,-42.34232314287612,157.31548938999572,-42.34181284963873,157.3139414798541,-42.34029570181667,8.088022639377511,0.2622642496049823,3.538013600457806,2.504530141414527,95.36057728060027,1.6294580597764807,1.0963767323454707,1.8986935257606297,STATIONARY,STATIONARY,BLEND_FRAGMENT,CB,AB,,True,STATIONARY_SOURCE,2 of 3 detections are stationary sources present at the same sky position in other epochs
REJ-0594,21755,19070,22566,154.52280950729659,-42.83893298270263,154.53333373483693,-42.82578905729688,154.54297652930705,-42.81710230897374,94.92917691598903,3.078197287465384,3.5419526241113943,3.7524391860197346,14883.142964004088,3.5922919300187908,1.5957830763847831,3.621321336203999,STATIONARY,STATIONARY,STATIONARY,CB,AB,AC,True,STATIONARY_SOURCE,3 of 3 detections are stationary sources present at the same sky position in other epochs
REJ-0595,9138,6173,9667,155.28174572564447,-41.66166194503922,155.27882186304035,-41.66110392407809,155.27894643773737,-41.660819013988736,8.117284766336383,0.2632131106691626,3.5459247476179625,2.2383387897551335,120.96914325294954,5.472324595750431,4.648390171095475,5.62115849263703,STATIONARY,STATIONARY,STATIONARY,C,AB,AC,True,STATIONARY_SOURCE,3 of 3 detections are stationary sources present at the same sky position in other epochs
REJ-0596,27024,24662,28323,154.2771819585764,-43.31260801787336,154.25950634495993,-43.30402794293923,154.24698638464247,-43.296015012727096,99.1264180450568,3.2142980804783527,3.548454468492725,3.762167318972069,18039.806183479326,5.522949772258674,3.104683726890546,7.17799736929617,STATIONARY,STATIONARY,STATIONARY,CB,AB,AC,True,STATIONARY_SOURCE,3 of 3 detections are stationary sources present at the same sky position in other epochs
REJ-0597,5493,2557,6089,157.30418449064413,-42.05983390822146,157.28566471620795,-42.07179612135228,157.2742647575885,-42.080446838333,109.08561412251083,3.537237469051008,3.5536519442867385,3.9573429652456533,21846.80855005411,4.6950088929431875,4.787502517195706,6.290894267057677,BLEND_FRAGMENT,STATIONARY,STATIONARY,,AB,AC,True,STATIONARY_SOURCE,2 of 3 detections are stationary sources present at the same sky position in other epochs
REJ-0598,31520,29089,32722,154.65645120719165,-43.96263996450257,154.66664096540399,-43.949598588941264,154.67260774533193,-43.94124635514905,87.66403989829432,2.8426161333095483,3.5551805495250286,3.5451512499587015,11901.106261623787,3.393738161771751,3.671161024806316,1.8539250401002092,STATIONARY,STATIONARY,STATIONARY,CB,AB,AC,True,STATIONARY_SOURCE,3 of 3 detections are stationary sources present at the same sky position in other epochs
REJ-0599,24145,21680,25265,153.97798122000117,-42.86401178503199,153.9699126872238,-42.855822838872285,153.96540688153937,-42.848420862991816,65.20317855054415,2.114294612772531,3.5590506053585718,3.092569889888509,6197.573555056473,1.3838640777008235,2.5952432134642667,1.8849219473109946,STATIONARY,STATIONARY,STATIONARY,CB,AB,AC,True,STATIONARY_SOURCE,3 of 3 detections are stationary sources present at the same sky position in other epochs
REJ-0600,26167,23784,27445,153.86063503206898,-43.03270133762872,153.86420147115717,-43.032777883851125,153.86450771370258,-43.032578178484115,10.200502311020802,0.3307640449927889,3.5666416793691287,2.1060330031028207,213.5735581729763,13.805942459316485,22.39057022879392,24.11070898803359,STATIONARY,STATIONARY,STATIONARY,B,B,C,True,STATIONARY_SOURCE,3 of 3 detections are stationary sources present at the same sky position in other epochs
REJ-0601,31672,29369,33101,155.39215914407487,-44.30050663720644,155.40915129907688,-44.30374997395644,155.42190858389452,-44.307869199014334,81.09744688392186,2.62968614211602,3.570977186144492,3.2969645977662445,12074.45131786343,5.032886924819673,4.596254050448824,5.837262437147503,STATIONARY,STATIONARY,STATIONARY,CB,AB,AC,True,STATIONARY_SOURCE,3 of 3 detections are stationary sources present at the same sky position in other epochs
REJ-0602,32734,30465,34231,152.6738921749549,-43.2017910665092,152.67646867924313,-43.19964280493085,152.67687928121367,-43.19939497224741,11.65572549948959,0.3779514768965292,3.5761724629996725,2.175048452496301,259.7941120447066,7.0299050164058094,14.097983294799343,14.735132242160452,STATIONARY,STATIONARY,STATIONARY,B,B,C,True,STATIONARY_SOURCE,3 of 3 detections are stationary sources present at the same sky position in other epochs
REJ-0603,28514,26376,30241,154.53782882212198,-43.590228653120306,154.5279889411065,-43.60648354162009,154.5221720068223,-43.617137253888465,105.11829834502691,3.408592293126042,3.5806149063364203,3.8260226723323445,20286.619557976526,5.026176666326713,11.44996014826486,4.783952705889794,STATIONARY,STATIONARY,STATIONARY,CB,AB,AC,True,STATIONARY_SOURCE,3 of 3 detections are stationary sources present at the same sky position in other epochs
REJ-0604,25348,22969,26575,155.05628025979723,-43.47523742418511,155.03669365118597,-43.46621143755707,155.02249997854182,-43.45781713258845,108.27244154614691,3.5108693312442316,3.5829898874400663,3.8551812759586612,24774.398253161053,59.29159787300447,28.969172720938367,34.68561944093828,BLEND_FRAGMENT,STATIONARY,STATIONARY,,AB,AC,True,STATIONARY_SOURCE,2 of 3 detections are stationary sources present at the same sky position in other epochs
REJ-0605,32525,30276,34026,154.28344426038075,-43.90412930993052,154.28592029865246,-43.903101895645264,154.28555686869424,-43.90305184203364,6.713666154246044,0.21769902169527325,3.5870999310222635,2.370848457170754,69.80135520253096,1.9030351129199656,3.203270514001146,3.9108641955771146,BLEND_FRAGMENT,STATIONARY,STATIONARY,,B,C,True,STATIONARY_SOURCE,2 of 3 detections are stationary sources present at the same sky position in other epochs
REJ-0606,14696,11980,15593,156.41106501247694,-42.84388633383149,156.42407559793367,-42.85576472861035,156.4360476446202,-42.864750670871146,99.94379991690447,3.2408027099556693,3.587158417170964,3.7815800513263853,18338.539963675084,4.588474465552903,2.093234142384699,4.010712120134435,STATIONARY,STATIONARY,STATIONARY,CB,A,AC,True,STATIONARY_SOURCE,3 of 3 detections are stationary sources present at the same sky position in other epochs
REJ-0607,14682,11729,15202,153.6684443467346,-41.62411247663941,153.6706627764689,-41.60709967461699,153.6745330157851,-41.59499532104152,106.09519959274718,3.440269537873622,3.589197878291916,3.8987503606652,19573.025700650986,4.076070282208765,4.0284345700618855,3.2138698038318076,STATIONARY,STATIONARY,STATIONARY,CB,AB,AC,True,STATIONARY_SOURCE,3 of 3 detections are stationary sources present at the same sky position in other epochs
REJ-0608,29395,27202,31063,153.40612756101856,-43.17498923928453,153.40538196836687,-43.190658957598075,153.40252314242454,-43.202682208326834,100.14258281702034,3.2472484941056012,3.594787110111935,3.8105081067702007,16562.763452912714,2.173728784494163,2.572242732004076,3.5024913190534286,STATIONARY,STATIONARY,STATIONARY,B,AB,AC,True,STATIONARY_SOURCE,3 of 3 detections are stationary sources present at the same sky position in other epochs
REJ-0609,31286,29129,32981,156.49631327153168,-44.73515976967487,156.4965820868933,-44.74744858719576,156.49697845465695,-44.75826967330075,83.21303523328976,2.698286740267006,3.595333406759091,3.2808670506561217,14213.043746420057,30.266990637917214,15.146099795579529,16.571958070822216,STATIONARY,STATIONARY,STATIONARY,CB,AB,AC,True,STATIONARY_SOURCE,3 of 3 detections are stationary sources present at the same sky position in other epochs
REJ-0610,31348,29152,33004,152.5985387899107,-43.01770807090699,152.57749160418882,-43.02071654337066,152.56257110113663,-43.021268597181866,95.53214265710766,3.0977492057379767,3.5980892770773827,3.686355544644873,15869.583728688505,2.476122999440425,2.629976355422471,4.4307210835951345,STATIONARY,STATIONARY,STATIONARY,CB,AB,C,True,STATIONARY_SOURCE,3 of 3 detections are stationary sources present at the same sky position in other epochs
REJ-0611,29417,27033,30649,156.08879087950325,-44.36302293056132,156.0815781671199,-44.34911082172473,156.07404144969593,-44.338076082634835,97.50510341941028,3.1617249259969884,3.6044129914382594,3.633674531814082,18180.481316226556,10.56150216368456,16.970756503874913,7.85120261801135,STATIONARY,BLEND_FRAGMENT,STATIONARY,CB,,AC,True,STATIONARY_SOURCE,2 of 3 detections are stationary sources present at the same sky position in other epochs
REJ-0612,12576,9771,13369,156.24216446938635,-42.511325496996434,156.258459557739,-42.52430053919312,156.26951577393257,-42.53547933484342,113.25709394249097,3.672502919397673,3.608993664415331,4.195345762917491,19864.388445230525,1.5628790238157126,1.3494801930745535,2.999513235270396,STATIONARY,STATIONARY,STATIONARY,CB,AB,C,True,STATIONARY_SOURCE,3 of 3 detections are stationary sources present at the same sky position in other epochs
REJ-0613,6294,3280,6793,154.30862984789832,-40.84551138180091,154.31582915993968,-40.86124213453347,154.32071883524117,-40.87116150506358,98.03163915554933,3.178798505768687,3.61543506672951,3.752128167293343,16710.8686973732,4.8183875177824,2.109832140777739,2.9609124584290982,STATIONARY,STATIONARY,STATIONARY,CB,B,AC,True,STATIONARY_SOURCE,3 of 3 detections are stationary sources present at the same sky position in other epochs
REJ-0614,4795,1712,5139,155.39556838847125,-41.13209360746566,155.3748666330332,-41.128878378004615,155.35729750760746,-41.12609112912705,106.00222071975756,3.437254581630174,3.61874198534366,4.040621294779861,16380.00697878656,0.5362164902010339,0.5610363790479682,0.7452278923027407,STATIONARY,STATIONARY,STATIONARY,CB,AB,C,True,STATIONARY_SOURCE,3 of 3 detections are stationary sources present at the same sky position in other epochs
REJ-0615,23147,20723,24351,155.21028813438912,-43.301547560792706,155.20809140082056,-43.30291115369902,155.2084663879227,-43.302949624327056,6.946641983420349,0.22525355433431646,3.6194109698194015,2.249287576167855,83.91050436517887,2.3809118847201223,4.922321747834782,4.658458657569103,BLEND_FRAGMENT,STATIONARY,STATIONARY,,B,C,True,STATIONARY_SOURCE,2 of 3 detections are stationary sources present at the same sky position in other epochs
REJ-0616,27798,25450,29126,156.70834663427564,-44.45615326032144,156.7154732776854,-44.45769029894176,156.72268103936506,-44.45775373877629,37.28155589648923,1.2089010772169992,3.6216690029978458,2.490337773475559,2551.7674804288936,5.0700918995037645,4.62340625828951,4.615362439813932,STATIONARY,STATIONARY,STATIONARY,CB,B,AC,True,STATIONARY_SOURCE,3 of 3 detections are stationary sources present at the same sky position in other epochs
REJ-0617,17175,14372,17860,153.50409418124661,-41.85059292818642,153.51783646434282,-41.84140293805205,153.52596526801366,-41.83548058802368,80.0025155670881,2.594181624759661,3.6231522372324134,3.3781613534997015,9911.780078164295,2.9285676855381135,2.5324764539641316,1.5338336642655248,STATIONARY,STATIONARY,STATIONARY,CB,AB,AC,True,STATIONARY_SOURCE,3 of 3 detections are stationary sources present at the same sky position in other epochs
REJ-0618,29853,27426,31073,155.59244599205576,-44.195753971746804,155.61821912399978,-44.19370071975387,155.63501435963533,-44.19152817971182,110.92377645320299,3.5968421815754312,3.6265975401490285,4.070376468116943,20320.973836041852,2.162651466002699,2.9506614809761214,2.899316305945925,STATIONARY,STATIONARY,STATIONARY,CB,AB,AC,True,STATIONARY_SOURCE,3 of 3 detections are stationary sources present at the same sky position in other epochs
REJ-0619,9830,6762,10158,155.17407841691136,-41.70248681217425,155.1671340231439,-41.68434882109403,155.16380278673458,-41.672053483364905,112.98914795182458,3.6638144355357887,3.627393292530444,4.207575255352145,18610.48204655894,1.0376308026288312,0.7249200917040967,1.6404764844630437,BLEND_FRAGMENT,STATIONARY,STATIONARY,,AB,AC,True,STATIONARY_SOURCE,2 of 3 detections are stationary sources present at the same sky position in other epochs
REJ-0620,23900,21353,24895,153.77624586916488,-42.74700341694912,153.77294869507506,-42.733526243870664,153.77107265652603,-42.72185434494969,91.56421504378591,2.9690841902707588,3.627615060794019,3.471734540028523,17209.011282227024,10.241666150068385,11.83962647858992,25.065762426469647,STATIONARY,STATIONARY,STATIONARY,CB,AB,AC,True,STATIONARY_SOURCE,3 of 3 detections are stationary sources present at the same sky position in other epochs
REJ-0621,32350,30108,33833,156.35888743609746,-44.788640918360585,156.3774930029326,-44.79515518408688,156.39369976881684,-44.80024259543229,98.25401856732836,3.1860094363209677,3.633775070146805,3.717950265400283,15943.947907250551,2.925977899539466,6.255801201838773,3.184782111076944,STATIONARY,STATIONARY,STATIONARY,CB,AB,AC,True,STATIONARY_SOURCE,3 of 3 detections are stationary sources present at the same sky position in other epochs
REJ-0622,18646,16109,19726,153.55740311871017,-42.04635303468404,153.53465225688277,-42.04398411822173,153.51773918518387,-42.04047603818422,108.13136654047626,3.5062947977457597,3.6360560245101703,4.06122632523032,19310.726188315835,2.909905237397269,1.8132858521080772,3.166153329974316,STATIONARY,STATIONARY,STATIONARY,CB,AB,A,True,STATIONARY_SOURCE,3 of 3 detections are stationary sources present at the same sky position in other epochs
REJ-0623,23672,21274,24916,156.59568609213807,-43.95944648437444,156.57065311070187,-43.95255442764691,156.55453805940337,-43.94777535593729,114.61976644331881,3.7166892795034183,3.636460406079181,4.180374822488031,20345.26775374702,2.2434437927522852,2.8719900993170855,1.571726463565652,STATIONARY,STATIONARY,STATIONARY,CB,B,AC,True,STATIONARY_SOURCE,3 of 3 detections are stationary sources present at the same sky position in other epochs
REJ-0624,29772,27565,31392,155.4294464361235,-44.11434373201325,155.41408156640392,-44.11929132851906,155.4005558479995,-44.12378240138798,82.03362029968424,2.6600427359749053,3.64273107923744,3.411292980452842,10421.449487036038,1.9297548607879618,2.02207153491844,2.877443038243588,STATIONARY,STATIONARY,STATIONARY,CB,AB,AC,True,STATIONARY_SOURCE,3 of 3 detections are stationary sources present at the same sky position in other epochs
REJ-0625,23877,21556,25237,156.54765383381175,-43.962536563300084,156.52648107021412,-43.96349604677636,156.51321994541507,-43.96383580740053,89.34861696336957,2.897240651510418,3.654725813244609,3.638864038804085,12362.89099995249,1.9546080378340855,1.3097907845904715,2.168488359106757,STATIONARY,STATIONARY,STATIONARY,CB,AB,AC,True,STATIONARY_SOURCE,3 of 3 detections are stationary sources present at the same sky position in other epochs
REJ-0626,4887,1752,5108,157.0616646000745,-41.87254427438762,157.07653450341206,-41.87809741232099,157.0885361653038,-41.880598148210055,77.64583744769989,2.5177633892897617,3.6664767639061098,3.411712941576338,8788.61645518006,1.4303976059192187,1.1073783822998866,1.7841228238126439,STATIONARY,STATIONARY,STATIONARY,CB,B,AC,True,STATIONARY_SOURCE,3 of 3 detections are stationary sources present at the same sky position in other epochs
REJ-0627,23199,20588,24117,154.50879438453785,-42.99759788507036,154.52428538734247,-42.987615443985604,154.53359110116895,-42.97941461219917,92.46036740083676,2.9981430512474097,3.6707533738090428,3.572633443516505,14865.438607831162,4.490834621194063,5.733175686498665,2.9793533896659783,STATIONARY,STATIONARY,STATIONARY,CB,AB,AC,True,STATIONARY_SOURCE,3 of 3 detections are stationary sources present at the same sky position in other epochs
REJ-0628,20689,18134,21749,157.1325686922618,-43.849895372323594,157.13254152007963,-43.849988467356084,157.13036381633984,-43.849204482110984,6.24125830574775,0.20238060637695945,3.6718677321361333,2.0920773795957017,79.95556195797978,86.11471994942073,58.33651670853409,75.40058104802846,STATIONARY,STATIONARY,BLEND_FRAGMENT,C,A,,True,STATIONARY_SOURCE,2 of 3 detections are stationary sources present at the same sky position in other epochs
REJ-0629,9940,7026,10514,156.915578126624,-42.477270573656654,156.93290439832617,-42.48597131947183,156.94793639003535,-42.49171573512132,100.42013342083622,3.256248419561149,3.6726575663276946,3.9101892034392645,14700.284609529757,1.0090223284679065,1.1031133771907333,1.3896355034519368,STATIONARY,STATIONARY,STATIONARY,CB,AB,AC,True,STATIONARY_SOURCE,3 of 3 detections are stationary sources present at the same sky position in other epochs
REJ-0630,27114,24744,28441,153.3272741654084,-42.894108997139526,153.32516531665044,-42.89242509235002,153.32457648970504,-42.89280813236942,8.517860705196732,0.2762022864787776,3.6775485387388507,2.1313605485390443,153.33041867269034,37.710056518949436,92.10751499808072,41.531711455911505,BLEND_FRAGMENT,STATIONARY,STATIONARY,,B,C,True,STATIONARY_SOURCE,2 of 3 detections are stationary sources present at the same sky position in other epochs
REJ-0631,22588,20151,23834,153.7908953453008,-42.60430611613722,153.7703979255811,-42.60293096741792,153.75764590437876,-42.60175692273123,88.58170992394872,2.872372731602374,3.683430953315322,3.372512510239268,16582.704926125785,52.69184921742533,27.80731880508177,60.58679750214468,BLEND_FRAGMENT,STATIONARY,STATIONARY,,AB,AC,True,STATIONARY_SOURCE,2 of 3 detections are stationary sources present at the same sky position in other epochs
REJ-0632,26681,24294,27989,153.206900341166,-42.790923504449786,153.2046153211784,-42.789367811160105,153.20415713785061,-42.789750453858545,8.387734961572184,0.27198279649616686,3.683463766925309,2.1308960368778807,148.68140357818956,46.76499375435679,103.73823188678179,45.43881044364329,BLEND_FRAGMENT,STATIONARY,STATIONARY,,B,C,True,STATIONARY_SOURCE,2 of 3 detections are stationary sources present at the same sky position in other epochs
REJ-0633,12573,9696,13247,155.02588434509624,-41.97576995768928,155.00667049974984,-41.96630606184608,154.9931352734711,-41.96101367302678,102.4983051715311,3.3236357377039942,3.6835572017471114,3.7929096451419855,18986.447282445268,3.3852827545903073,5.885141039533458,8.285817285745356,STATIONARY,STATIONARY,STATIONARY,C,AB,AC,True,STATIONARY_SOURCE,3 of 3 detections are stationary sources present at the same sky position in other epochs
REJ-0634,18642,16225,19948,156.65856494369473,-43.41587378360274,156.64947034818852,-43.431653248876565,156.64117986053924,-43.441953444058285,104.31013046770583,3.382386438945004,3.6839715249154112,3.9098378245388714,17970.00508670462,3.0855129404313866,2.092323607081395,2.9313171132519096,STATIONARY,STATIONARY,STATIONARY,CB,AB,AC,True,STATIONARY_SOURCE,3 of 3 detections are stationary sources present at the same sky position in other epochs
REJ-0635,32888,30684,34457,153.9452737661198,-43.793481266077386,153.94505366220253,-43.7931163116431,153.94324232350823,-43.79417322663669,5.837151645329671,0.1892769425050344,3.688265656394892,2.130258409887959,69.93689037886797,111.14922347267208,83.6308324554736,59.652507873402314,STATIONARY,STATIONARY,BLEND_FRAGMENT,C,A,,True,STATIONARY_SOURCE,2 of 3 detections are stationary sources present at the same sky position in other epochs
REJ-0636,33450,31186,34902,155.22708327266284,-44.41810471017698,155.213200293716,-44.40523345396126,155.2007319120873,-44.39655745316195,103.00427838762585,3.340042552046136,3.691757700825067,3.863205816220746,18449.17820888086,2.5289693912605444,3.59062207597413,5.176134715152515,STATIONARY,STATIONARY,STATIONARY,B,AB,AC,True,STATIONARY_SOURCE,3 of 3 detections are stationary sources present at the same sky position in other epochs
REJ-0637,31686,29578,33429,154.1435027521811,-43.75354405885236,154.12718315513158,-43.76196334996621,154.1159145124973,-43.766500704440084,85.56320217820651,2.774493842761277,3.6968835859850864,3.384494288334496,13999.893800357864,4.548941632816839,4.126041625120385,9.028534808773834,STATIONARY,STATIONARY,STATIONARY,CB,B,A,True,STATIONARY_SOURCE,3 of 3 detections are stationary sources present at the same sky position in other epochs
REJ-0638,12153,9279,12810,155.40920276636254,-42.09301404908986,155.4093465861763,-42.09285371913833,155.41137059219395,-42.09381732914261,6.47298220215889,0.2098945435303905,3.699545538112046,2.1377160343105603,86.00291900566599,60.01047241326276,94.54485157469105,92.6148212181468,STATIONARY,STATIONARY,BLEND_FRAGMENT,C,A,,True,STATIONARY_SOURCE,2 of 3 detections are stationary sources present at the same sky position in other epochs
REJ-0639,24341,22071,25823,156.3604533343283,-43.93197795301733,156.3472761584965,-43.94248187945542,156.33566830642278,-43.94906617194193,88.95079428005849,2.884340753455428,3.7020346486452365,3.6182074982747987,13067.57145997759,2.23847385792236,1.604120125557012,2.03599675732169,STATIONARY,STATIONARY,STATIONARY,CB,AB,C,True,STATIONARY_SOURCE,3 of 3 detections are stationary sources present at the same sky position in other epochs
REJ-0640,23792,21328,24889,156.38430401141753,-43.883372997438556,156.40678748485752,-43.88669662627791,156.42368948049864,-43.88737512977034,103.20103079123264,3.3464224948072614,3.7054086788986407,3.8014804561137363,20366.610245060554,5.622965516247258,6.219241072016565,11.631246406048852,STATIONARY,STATIONARY,BLEND_FRAGMENT,CB,AB,,True,STATIONARY_SOURCE,2 of 3 detections are stationary sources present at the same sky position in other epochs
REJ-0641,19869,17242,20837,156.07449582142576,-43.30280956436608,156.0990105271275,-43.307550412364705,156.11554058134638,-43.3124175660938,112.94952026481228,3.662529458222884,3.7078628868295023,4.016080756764423,24396.047117829614,10.444291143591514,12.334516706923644,7.405383919210993,STATIONARY,STATIONARY,STATIONARY,CB,AB,AC,True,STATIONARY_SOURCE,3 of 3 detections are stationary sources present at the same sky position in other epochs
REJ-0642,5565,2496,5959,158.06540752824625,-42.3901535995793,158.0815757242001,-42.40254490760389,158.09147865725006,-42.41266770084997,106.64276831128811,3.4580251384052185,3.7142495827998396,4.055762414127073,16578.56649711718,1.082984109255537,1.2296468069717825,0.86003607406783,STATIONARY,STATIONARY,STATIONARY,CB,AB,C,True,STATIONARY_SOURCE,3 of 3 detections are stationary sources present at the same sky position in other epochs
REJ-0643,9522,6679,10255,156.26570163034143,-42.14481618372182,156.24624083840052,-42.1490080474764,156.23361463575094,-42.153338298004684,90.97101762932935,2.9498490222072284,3.7192907970643487,3.5885146202138887,14390.391316153615,5.106128322439131,2.686358582384465,2.809283656171747,STATIONARY,STATIONARY,STATIONARY,CB,AB,AC,True,STATIONARY_SOURCE,3 of 3 detections are stationary sources present at the same sky position in other epochs
REJ-0644,7047,4085,7603,157.01945001039132,-42.147439118752395,157.02948936980414,-42.16461393587806,157.0370957414706,-42.17552417011585,111.53358967153775,3.616616137860756,3.7208497089509414,4.172476985266348,18134.07949025071,0.8373871980693395,0.6943057123054073,1.0118676219341844,STATIONARY,STATIONARY,STATIONARY,CB,AB,AC,True,STATIONARY_SOURCE,3 of 3 detections are stationary sources present at the same sky position in other epochs
REJ-0645,29736,27602,31479,155.98873152035378,-44.3538824608505,155.97409397229964,-44.36569691968,155.96419553294305,-44.376107336197144,101.9266713950938,3.305099797572436,3.722327789481934,3.852847068771237,17158.16762605043,2.018572726628992,2.529938659032802,3.7661409134107946,STATIONARY,STATIONARY,STATIONARY,CB,AB,AC,True,STATIONARY_SOURCE,3 of 3 detections are stationary sources present at the same sky position in other epochs
REJ-0646,31909,29629,33408,152.87781774139012,-43.2061336858523,152.8817057789177,-43.20742201965249,152.88220651479122,-43.207877914507904,13.116734037300779,0.42532650598831406,3.7270780774251078,2.376790413235626,284.14933766892517,2.233303617041307,2.48494011346264,3.145206414335785,STATIONARY,STATIONARY,STATIONARY,CB,B,C,True,STATIONARY_SOURCE,3 of 3 detections are stationary sources present at the same sky position in other epochs
REJ-0647,25136,22846,26591,153.76045545946624,-42.87390495084273,153.7710193166576,-42.89164800936123,153.7766430143021,-42.903951324001625,116.2888630986239,3.7708118260564616,3.72879250086594,4.188825093225459,23514.878945097676,3.4615596529146972,3.9050731475595666,5.11191207378424,STATIONARY,STATIONARY,STATIONARY,CB,AB,AC,True,STATIONARY_SOURCE,3 of 3 detections are stationary sources present at the same sky position in other epochs
REJ-0648,11752,8722,12142,156.06702376220602,-42.33225499552282,156.0849917457302,-42.322848079399506,156.0974582197968,-42.317591894118465,96.68648960506125,3.135180349243301,3.7398793281345717,3.74082958311335,14476.91273693792,1.7085369324152317,2.363206665959636,3.050879522373009,STATIONARY,STATIONARY,STATIONARY,CB,AB,AC,True,STATIONARY_SOURCE,3 of 3 detections are stationary sources present at the same sky position in other epochs
REJ-0649,25398,23202,27017,153.5779377654574,-42.82280563054179,153.55552222296302,-42.83418402263826,153.54100893494714,-42.84161430260037,118.7008654494887,3.8490240189248652,3.740721128824996,4.193477863566141,26943.7756084448,8.168071961906326,4.072147918106715,4.387965517805225,STATIONARY,STATIONARY,STATIONARY,CB,AB,AC,True,STATIONARY_SOURCE,3 of 3 detections are stationary sources present at the same sky position in other epochs
REJ-0650,14694,12053,15750,155.6960452145962,-42.53119535166893,155.69162651813832,-42.545214360984566,155.6888571364131,-42.55735550290844,96.08693156941285,3.1157389300825273,3.745094515842564,3.690513437656742,16950.467892246346,7.953717955851922,3.2667594282444994,6.398289572544801,STATIONARY,STATIONARY,STATIONARY,CB,AB,AC,True,STATIONARY_SOURCE,3 of 3 detections are stationary sources present at the same sky position in other epochs
REJ-0651,31548,29417,33290,153.34465108481217,-43.37982164293608,153.32162587963973,-43.38439906312772,153.30678509372794,-43.388646555451466,104.03993714125822,3.373625082409717,3.7451065594358015,3.7932766308204644,20699.0705324226,10.035526542491695,8.267019599236678,6.841884156614352,STATIONARY,STATIONARY,STATIONARY,CB,AB,AC,True,STATIONARY_SOURCE,3 of 3 detections are stationary sources present at the same sky position in other epochs
REJ-0652,15813,13129,16697,157.4529566475656,-43.42151149489165,157.44711888218075,-43.420624585886486,157.44467313440865,-43.42116437017759,21.695314691618872,0.7034977127585403,3.7471755586840807,2.176100007717102,994.7161340490795,55.959028227435205,67.8482052425755,38.746461452055776,STATIONARY,STATIONARY,BLEND_FRAGMENT,CB,A,,True,STATIONARY_SOURCE,2 of 3 detections are stationary sources present at the same sky position in other epochs
REJ-0653,31602,29365,33153,154.9665311310709,-44.107461325097056,154.94408412516975,-44.10103446106853,154.92511071516333,-44.095660799668664,115.19865131595819,3.7354603454981254,3.749234991739751,4.23250072845099,21917.44937506709,3.5895465629280974,1.640736155988824,2.207986868535934,STATIONARY,STATIONARY,STATIONARY,CB,AB,AC,True,STATIONARY_SOURCE,3 of 3 detections are stationary sources present at the same sky position in other epochs
REJ-0654,14854,12018,15577,156.45128854958892,-42.87808019857869,156.4362411091117,-42.86478056312353,156.42527509555666,-42.85675672160084,102.97538340478087,3.3391055960890283,3.760372633074077,3.877863516996115,17513.060907696785,2.639657538119278,3.472330486050668,2.5746684510499613,STATIONARY,STATIONARY,STATIONARY,CB,AB,A,True,STATIONARY_SOURCE,3 of 3 detections are stationary sources present at the same sky position in other epochs
REJ-0655,22348,19966,23633,154.98903655993004,-43.112446272831946,154.96753501657253,-43.114398916728234,154.95021971150524,-43.1143438940941,102.23951487868192,3.3152441387946756,3.764914182488395,3.8448787381798177,18176.24040812969,2.154084244545622,2.053718940354777,4.671229980914051,STATIONARY,STATIONARY,STATIONARY,CB,B,AC,True,STATIONARY_SOURCE,3 of 3 detections are stationary sources present at the same sky position in other epochs
REJ-0656,28501,26229,29984,155.17180536735276,-43.86783275664862,155.1463223821841,-43.86207383374995,155.12940075635532,-43.85899012383863,114.57554079373053,3.71525520750341,3.766341639560698,4.160419200174695,21680.987267713226,2.1392949010935256,3.4627678165368887,3.5894069922164835,STATIONARY,STATIONARY,STATIONARY,CB,AB,AC,True,STATIONARY_SOURCE,3 of 3 detections are stationary sources present at the same sky position in other epochs
REJ-0657,24882,22578,26248,156.8323339170466,-44.193910410998015,156.8146451074957,-44.193107061693404,156.79943056533799,-44.191523012333306,85.36380531635714,2.768028150134267,3.767514974580588,3.4545256231821266,12671.091626504653,2.6957525292342104,2.4736344358896423,4.152953339168049,STATIONARY,STATIONARY,STATIONARY,CB,AB,AC,True,STATIONARY_SOURCE,3 of 3 detections are stationary sources present at the same sky position in other epochs
REJ-0658,14726,11819,15273,154.94701537573533,-42.204359800338764,154.94530205546312,-42.18836033685898,154.94636536237894,-42.17593352585295,102.34927432347119,3.3188032260658424,3.7781914412440893,3.954950478722501,15270.515233186117,1.9412294150513778,1.740119889524969,1.3684657129018067,STATIONARY,STATIONARY,STATIONARY,CB,AB,AC,True,STATIONARY_SOURCE,3 of 3 detections are stationary sources present at the same sky position in other epochs
REJ-0659,22109,19744,23476,156.172908631715,-43.60276950705826,156.16370580049502,-43.61339524844864,156.1567499705838,-43.623078592740576,84.37594324434772,2.7359954869506344,3.781285233106182,3.472604455082529,11025.07755479225,2.70360005843597,2.5535596357740205,1.986152573228782,STATIONARY,STATIONARY,STATIONARY,CB,A,AC,True,STATIONARY_SOURCE,3 of 3 detections are stationary sources present at the same sky position in other epochs
REJ-0660,31804,29443,33098,154.56264114365985,-43.95168026446513,154.55453273376267,-43.93758217513596,154.54926389963094,-43.92540130052078,100.75973254273713,3.267260345818406,3.7871596901012015,3.762065347760104,17653.89381705246,2.586328351998151,4.822646706117323,4.694978005168071,STATIONARY,STATIONARY,STATIONARY,CB,B,AC,True,STATIONARY_SOURCE,3 of 3 detections are stationary sources present at the same sky position in other epochs
REJ-0661,12749,9949,13514,155.46944601489812,-42.195486222098275,155.45310445114217,-42.19349633549701,155.44081413663028,-42.19019447595124,78.70716647602316,2.5521783104154783,3.7998908678764867,3.4105439337702896,9593.408259942611,1.5836347479548065,1.40001271325606,3.079503199572215,STATIONARY,STATIONARY,STATIONARY,CB,AB,AC,True,STATIONARY_SOURCE,3 of 3 detections are stationary sources present at the same sky position in other epochs
REJ-0662,5034,1923,5367,155.50370129951025,-41.21367384997724,155.48224304001056,-41.20723060760618,155.46603485651423,-41.20428360562225,107.468101249923,3.4847875911673456,3.799946601053719,4.075322102324873,16836.17016843909,0.7634053302075828,0.809998240738267,0.34185338231280993,STATIONARY,STATIONARY,STATIONARY,CB,AB,AC,True,STATIONARY_SOURCE,3 of 3 detections are stationary sources present at the same sky position in other epochs
REJ-0663,27597,25150,28761,154.45243154889724,-43.45384977204386,154.45052383702378,-43.441190022442534,154.44907126391624,-43.429988484156496,86.34851388149768,2.79995855691365,3.8036539362060537,3.493529460647627,12314.164695178577,2.560291303542767,3.151253256371174,2.3748080789234436,STATIONARY,STATIONARY,STATIONARY,CB,AB,AC,True,STATIONARY_SOURCE,3 of 3 detections are stationary sources present at the same sky position in other epochs
REJ-0664,32595,30411,34192,153.50686904498707,-43.56551924292641,153.52352627180758,-43.57661390446339,153.5339478590861,-43.583600185801636,96.04558437691087,3.1143981956535693,3.804739681333262,3.714373120500429,15235.265587485026,2.628216063136411,3.562919723791426,2.488248225201023,STATIONARY,STATIONARY,STATIONARY,CB,AB,AC,True,STATIONARY_SOURCE,3 of 3 detections are stationary sources present at the same sky position in other epochs
REJ-0665,9752,6698,10107,156.03124601502572,-42.071052889144916,156.04810464666105,-42.06437451568275,156.06103420033742,-42.06124669666692,87.08625158591353,2.823880624652671,3.815395849408329,3.4316866043826004,13923.622388060838,4.863544292349702,6.779693330288643,5.8859753068992635,STATIONARY,STATIONARY,STATIONARY,CB,AB,AC,True,STATIONARY_SOURCE,3 of 3 detections are stationary sources present at the same sky position in other epochs
REJ-0666,20309,17629,21142,157.1048714907277,-43.79530645214979,157.10290710995164,-43.78036676247586,157.0992788455759,-43.768350420864486,98.12435537293946,3.1818049450758235,3.8159845462164492,3.7359818640542675,14910.699050882717,2.5502359759834086,4.275592933151114,1.714180990784451,STATIONARY,STATIONARY,STATIONARY,CB,AB,AC,True,STATIONARY_SOURCE,3 of 3 detections are stationary sources present at the same sky position in other epochs
REJ-0667,21847,19384,23054,155.2673971905875,-43.17979658542978,155.2633839003219,-43.18260515102466,155.26102791452038,-43.18647234493381,29.276468322504815,0.9493261008325645,3.817435686568446,2.309427913540221,1710.163485979069,15.527977743229076,17.37615933419657,14.031809954027615,STATIONARY,STATIONARY,STATIONARY,C,AB,A,True,STATIONARY_SOURCE,3 of 3 detections are stationary sources present at the same sky position in other epochs
REJ-0668,31043,28907,32779,154.5971494449669,-43.88303031683205,154.58826305847862,-43.89619200114871,154.58259029429152,-43.907654944698045,96.35919357880636,3.1245673662495936,3.819383632056152,3.7129326016326694,16145.548798646993,6.81561582722003,3.0418628904983795,3.485786839476473,STATIONARY,STATIONARY,STATIONARY,CB,AB,AC,True,STATIONARY_SOURCE,3 of 3 detections are stationary sources present at the same sky position in other epochs
REJ-0669,29772,27280,30906,155.4294464361235,-44.11434373201325,155.43605469432418,-44.10010959688353,155.44318466155786,-44.09048590887983,92.94147284914135,3.0137434971173516,3.8218286323707327,3.6758652203108872,12592.247640898624,1.9297548607879618,3.675161632439393,1.989945137679696,STATIONARY,STATIONARY,STATIONARY,CB,AB,AC,True,STATIONARY_SOURCE,3 of 3 detections are stationary sources present at the same sky position in other epochs
REJ-0670,28178,25962,29802,152.78145494698936,-42.76414369484322,152.75808039378938,-42.76712726498204,152.73863828106255,-42.76837031120275,114.17718583975245,3.7023380499063427,3.8311679293398764,4.005568626503815,27550.274060895772,39.38945404748874,34.89764937729013,35.44084698498042,STATIONARY,STATIONARY,STATIONARY,CB,AB,AC,True,STATIONARY_SOURCE,3 of 3 detections are stationary sources present at the same sky position in other epochs
REJ-0671,13602,10870,14537,154.42703979630923,-41.83518440578517,154.4312645835056,-41.85062562582291,154.4320563139402,-41.86140697578582,95.35498271056687,3.092004572901099,3.8322935050101967,3.7099423014274224,14080.924014289158,1.7762758772038445,2.6883953286149196,3.1957846263266423,STATIONARY,STATIONARY,STATIONARY,CB,B,AC,True,STATIONARY_SOURCE,3 of 3 detections are stationary sources present at the same sky position in other epochs
REJ-0672,14092,11251,14787,157.39338025114787,-43.19102260448558,157.38278314239122,-43.18159139029595,157.37420541030022,-43.17638744642452,72.86534317528078,2.3627498836409435,3.8326629039147804,3.2916403338468854,8222.169030164505,1.2690300658809066,1.358944982606925,2.6185683899348016,STATIONARY,STATIONARY,STATIONARY,CB,AB,AC,True,STATIONARY_SOURCE,3 of 3 detections are stationary sources present at the same sky position in other epochs
REJ-0673,10750,7888,11406,155.08336116277715,-41.77539525021967,155.10274724895274,-41.78885938433076,155.1147918417707,-41.79810033934466,117.46989667554739,3.809108316882551,3.8388682430544794,4.242595359850942,21369.65667849276,1.6650244451988445,3.4263257244790277,2.4774573419117996,STATIONARY,STATIONARY,STATIONARY,CB,B,AC,True,STATIONARY_SOURCE,3 of 3 detections are stationary sources present at the same sky position in other epochs
REJ-0674,7514,4570,8117,155.80523385765557,-41.68134090578727,155.80850770030358,-41.69715235834166,155.81107825441498,-41.7069950619204,93.68169949480354,3.037746271889153,3.839765556113552,3.643363924610474,15260.754978526023,3.960350052642766,2.522067972857387,4.744541101684185,STATIONARY,STATIONARY,STATIONARY,CB,AB,AC,True,STATIONARY_SOURCE,3 of 3 detections are stationary sources present at the same sky position in other epochs
REJ-0675,19745,17026,20572,155.15524130643317,-42.886273223781764,155.1718220802052,-42.8790781742381,155.1817750533507,-42.872996300139704,84.75897222074227,2.7484156805566715,3.8411743040535833,3.526482824649643,11864.968417774142,2.5150826808948894,1.3823799692303016,2.7471002663187964,STATIONARY,STATIONARY,STATIONARY,CB,AB,AC,True,STATIONARY_SOURCE,3 of 3 detections are stationary sources present at the same sky position in other epochs
REJ-0676,28725,26208,29781,156.3759130313066,-44.41335790688584,156.3871235297908,-44.397592983371325,156.3979779275211,-44.38623974428349,112.92324148899455,3.6616773360506705,3.8419756334468906,4.0610783014472185,22173.444869271476,2.7011568782230593,5.101068149281096,5.420140930510431,STATIONARY,STATIONARY,STATIONARY,CB,AB,AC,True,STATIONARY_SOURCE,3 of 3 detections are stationary sources present at the same sky position in other epochs
REJ-0677,33269,30919,34597,153.94294257546898,-43.831905605715605,153.962993256682,-43.82721347500203,153.98002429318495,-43.82470870942305,99.7293612266587,3.233849267230401,3.8454713824418434,3.800742002482365,16426.358523774772,2.884424784611616,2.4177630999783917,2.9666346701615485,STATIONARY,STATIONARY,STATIONARY,CB,AB,AC,True,STATIONARY_SOURCE,3 of 3 detections are stationary sources present at the same sky position in other epochs
REJ-0678,23112,20491,24033,153.6638151175363,-42.60792656422282,153.66597049539322,-42.59272431979537,153.66514850599944,-42.58202057354598,93.32848862434571,3.026292967661004,3.8471528713029697,3.5928913490166683,15145.895768194947,5.191312015399888,5.014048156447736,3.5950567483989695,STATIONARY,STATIONARY,STATIONARY,CB,AB,AC,True,STATIONARY_SOURCE,3 of 3 detections are stationary sources present at the same sky position in other epochs
REJ-0679,12740,9870,13416,157.3251468155587,-42.997749046861,157.32701124833793,-42.99624283600589,157.3268640093894,-42.99661810853127,6.084309708945148,0.19729135183326083,3.851636215902144,2.247038337704267,64.37083216983848,3.090081914718899,4.093104787326633,4.718227639760278,BLEND_FRAGMENT,STATIONARY,STATIONARY,,B,C,True,STATIONARY_SOURCE,2 of 3 detections are stationary sources present at the same sky position in other epochs
REJ-0680,32512,30417,34274,155.23939221288785,-44.32281907733482,155.2320824182999,-44.33300019291181,155.22632253221846,-44.34237736346155,78.039861517897,2.530540112563684,3.85724841593127,3.3129272275411226,10058.3837975054,3.232445654464406,2.341612840366974,2.7925770642985506,STATIONARY,STATIONARY,STATIONARY,CB,B,AC,True,STATIONARY_SOURCE,3 of 3 detections are stationary sources present at the same sky position in other epochs
REJ-0681,6753,3673,7122,158.00463439641308,-42.52409610735135,158.00174600081806,-42.52195172650913,158.0010902458408,-42.521878835168856,12.334484096261962,0.3999610733062566,3.860704974819763,2.471301605622605,251.26801075060308,2.1119770484863905,1.8311561361504105,2.3163321127893375,STATIONARY,STATIONARY,STATIONARY,CB,AB,AC,True,STATIONARY_SOURCE,3 of 3 detections are stationary sources present at the same sky position in other epochs
REJ-0682,14795,11908,15360,155.55068121521492,-42.4807057752201,155.57089971100214,-42.475638231098465,155.5865116355793,-42.47008799029635,102.53000422753456,3.3246636192402623,3.8617835002230767,3.867227743233187,17361.896918788927,2.726744391283126,3.9996089820080147,2.0095868791884093,STATIONARY,STATIONARY,STATIONARY,CB,AB,AC,True,STATIONARY_SOURCE,3 of 3 detections are stationary sources present at the same sky position in other epochs
REJ-0683,27368,24827,28387,154.85226012301212,-43.60515564669919,154.86683300713702,-43.59110351103805,154.87503005579705,-43.58080169654039,105.88387765201941,3.4334171596495295,3.874174356919507,4.007575585037549,18516.329390039504,2.0964584337287717,1.5988960837231576,3.6486457904768583,STATIONARY,STATIONARY,STATIONARY,B,AB,AC,True,STATIONARY_SOURCE,3 of 3 detections are stationary sources present at the same sky position in other epochs
REJ-0684,4444,1335,4722,157.3865076686854,-41.951971981879105,157.37601726418086,-41.950638606955444,157.36741090250436,-41.951415952492134,51.1679210536263,1.6591838348277794,3.875425143086477,2.9274796772164646,3816.62683049028,0.9007140530489689,1.289739377642184,1.089102359731076,STATIONARY,STATIONARY,STATIONARY,B,AB,AC,True,STATIONARY_SOURCE,3 of 3 detections are stationary sources present at the same sky position in other epochs
REJ-0685,27485,25226,28979,154.56084325839504,-43.49031068819334,154.5736161084887,-43.50554413935858,154.58456521018337,-43.51528647677912,109.1847167548125,3.540450995849009,3.8781388288641687,4.0278357666828715,19688.78544829762,2.8150149902199124,2.7418114077033717,2.6374481962928735,STATIONARY,STATIONARY,STATIONARY,CB,AB,AC,True,STATIONARY_SOURCE,3 of 3 detections are stationary sources present at the same sky position in other epochs
REJ-0686,29239,27039,30893,153.3942361524263,-43.15390369442821,153.3956712776871,-43.168810241158,153.39419745243063,-43.18016196417571,94.52982570637523,3.065247825033332,3.8855804398364997,3.679210238773252,14758.184558822193,2.0701645818120653,3.7934895594398723,3.6535266280931338,STATIONARY,STATIONARY,STATIONARY,CB,AB,AC,True,STATIONARY_SOURCE,3 of 3 detections are stationary sources present at the same sky position in other epochs
REJ-0687,27651,25393,29182,153.73366930845592,-43.13795116909536,153.74640742713737,-43.152394201274255,153.7554593785713,-43.16493590964993,112.74887613170928,3.6560233212655384,3.887242737503191,4.092864402714758,23338.74420502691,4.671890433946123,3.7896406107870053,6.423651967167342,STATIONARY,STATIONARY,STATIONARY,CB,AB,AC,True,STATIONARY_SOURCE,3 of 3 detections are stationary sources present at the same sky position in other epochs
REJ-0688,18264,15835,19527,156.37330448306503,-43.24917735360808,156.3674189023112,-43.26660410112913,156.36137961736608,-43.27807082114825,108.61269479246236,3.5219024683037303,3.8891111844858925,3.999063849454563,20512.928973888826,2.9932468053782957,3.052283533609827,7.176529405156922,STATIONARY,STATIONARY,STATIONARY,C,AB,C,True,STATIONARY_SOURCE,3 of 3 detections are stationary sources present at the same sky position in other epochs
REJ-0689,11829,8854,12320,156.22166466427808,-42.40987382403662,156.21102164850902,-42.39366872264262,156.20159219867733,-42.383169253520045,109.95442452355567,3.565409732908144,3.889545812853459,4.124161376328361,18722.756590215187,2.2046546707351196,1.0237252518076752,1.8199138550532123,STATIONARY,STATIONARY,STATIONARY,CB,B,AC,True,STATIONARY_SOURCE,3 of 3 detections are stationary sources present at the same sky position in other epochs
REJ-0690,31967,29854,33685,153.2970128592317,-43.40350222890795,153.27774828859367,-43.408394806906244,153.265052033001,-43.410509861314374,87.31317978050855,2.831239055176829,3.8899866646788293,3.565503530497045,13256.415486736912,3.295152592916236,1.7961023892795933,4.273308279850098,STATIONARY,STATIONARY,STATIONARY,CB,AB,AC,True,STATIONARY_SOURCE,3 of 3 detections are stationary sources present at the same sky position in other epochs
REJ-0691,8041,5008,8518,154.1713715183425,-41.0241454995511,154.17150536200506,-41.02396408107062,154.16938609801795,-41.024690159977794,5.73772810648447,0.18605300991100854,3.8939405409338796,2.258165518128864,57.24616882836097,6.735194052806445,5.678984009817195,2.9424135635319075,STATIONARY,STATIONARY,BLEND_FRAGMENT,C,A,,True,STATIONARY_SOURCE,2 of 3 detections are stationary sources present at the same sky position in other epochs
REJ-0692,20300,17797,21464,155.26951918835113,-43.00084500428827,155.2754466863694,-43.01159888134461,155.28239128338893,-43.019362687158335,74.78126784784372,2.424876137356285,3.8941955796456496,3.1886833406065693,9235.935062000848,3.5139075112019715,7.495618614122097,3.8430156499611,STATIONARY,STATIONARY,STATIONARY,CB,AB,C,True,STATIONARY_SOURCE,3 of 3 detections are stationary sources present at the same sky position in other epochs
REJ-0693,13056,10286,13884,155.09974006154357,-42.07075767088806,155.09808076451213,-42.077712168428775,155.09890011185348,-42.083975587127945,47.63739949571213,1.5447022577618879,3.905069111756013,2.6668467866503542,3946.0500474302876,4.867561930229866,5.43298640777346,2.3157662139835105,STATIONARY,STATIONARY,STATIONARY,CB,A,AC,True,STATIONARY_SOURCE,3 of 3 detections are stationary sources present at the same sky position in other epochs
REJ-0694,29375,26912,30518,153.39533487037045,-43.16876362218317,153.40905279110797,-43.15983632949341,153.4171143908942,-43.15211230735346,82.8515710609471,2.686565812403007,3.9096265425671253,3.3634256008368117,11336.962732283566,3.883561238406513,4.86357335929767,3.4721515212140703,STATIONARY,STATIONARY,STATIONARY,CB,A,AC,True,STATIONARY_SOURCE,3 of 3 detections are stationary sources present at the same sky position in other epochs
REJ-0695,4126,974,4373,155.53587573612825,-41.09971223956609,155.53552675730293,-41.10025302129524,155.53451338812937,-41.10245488719025,10.542543767050828,0.3418551669887598,3.9103569164361542,2.512733061077611,162.02236990586047,0.9922530991599706,1.1264402405127714,1.3345761520502892,STATIONARY,STATIONARY,STATIONARY,CB,A,A,True,STATIONARY_SOURCE,3 of 3 detections are stationary sources present at the same sky position in other epochs
REJ-0696,19964,17285,20872,153.64931664419936,-42.23837454125226,153.6527405751227,-42.23024542525881,153.65274864225174,-42.22394169138193,52.75747872223852,1.710727230259535,3.9147456171368997,2.9381534231448296,4310.349008015293,3.018066612691402,1.6186049564988363,1.9384560325528026,STATIONARY,STATIONARY,STATIONARY,CB,AB,AC,True,STATIONARY_SOURCE,3 of 3 detections are stationary sources present at the same sky position in other epochs
REJ-0697,12720,9787,13274,157.08953848642093,-42.893591208279176,157.07904449419857,-42.87969471656913,157.07194450634282,-42.87124489627531,92.87454575385168,3.0115733023482454,3.915027905091103,3.6743424723542244,12574.118831540267,1.3343098554541988,3.2509968105339806,1.8323036954884568,BLEND_FRAGMENT,STATIONARY,STATIONARY,,AB,A,True,STATIONARY_SOURCE,2 of 3 detections are stationary sources present at the same sky position in other epochs
REJ-0698,9113,6088,9529,154.22997225645537,-41.18739530443419,154.21604327876668,-41.17497983130488,154.20824593589677,-41.16558624758597,98.13273216516534,3.182076573040429,3.926375056609753,3.754505765850509,16745.35191275863,4.847500390458631,3.898519778272695,2.707484614343677,STATIONARY,STATIONARY,STATIONARY,CB,AB,AC,True,STATIONARY_SOURCE,3 of 3 detections are stationary sources present at the same sky position in other epochs
REJ-0699,32341,29968,33627,153.35719523096066,-43.46804795083195,153.35498651625613,-43.45545378057742,153.3532461824313,-43.44424094897302,86.32427969620457,2.799172733146325,3.9301564354681227,3.4665766969020257,13681.035423869494,4.3723751386455705,3.9351994130790424,7.47283684159912,STATIONARY,STATIONARY,STATIONARY,CB,AB,AC,True,STATIONARY_SOURCE,3 of 3 detections are stationary sources present at the same sky position in other epochs
REJ-0700,12660,9637,13087,155.88749338076812,-42.36694811209995,155.88327952140912,-42.34702981595382,155.8811727417581,-42.33404467473193,119.64009547371755,3.879479727136113,3.932041543087556,4.2446512728713355,23640.06817671204,2.2868291214937613,4.656996854194698,3.1585057124972247,STATIONARY,STATIONARY,STATIONARY,CB,AB,AC,True,STATIONARY_SOURCE,3 of 3 detections are stationary sources present at the same sky position in other epochs
REJ-0701,25918,23523,27210,153.612155066158,-42.89196418141488,153.59163929017697,-42.88284474551735,153.5744278558542,-42.87727557312817,112.69374008474313,3.6542354659851433,3.9322920871658216,4.047313974205774,23315.92372989439,4.067492930098952,6.3381852944980155,6.605744434638849,STATIONARY,STATIONARY,STATIONARY,CB,AB,AC,True,STATIONARY_SOURCE,3 of 3 detections are stationary sources present at the same sky position in other epochs
REJ-0702,27884,25551,29233,154.5271893348469,-43.51648519271362,154.5275143025799,-43.516345405937685,154.52600902757655,-43.51482320185032,6.730027813146746,0.218229568948318,3.934852297631737,2.2341940837518157,83.1546919521234,5.10493541816429,4.400559441346738,5.89263999503892,STATIONARY,STATIONARY,BLEND_FRAGMENT,C,A,,True,STATIONARY_SOURCE,2 of 3 detections are stationary sources present at the same sky position in other epochs
REJ-0703,16076,13375,16969,154.65461274288467,-42.23529064439698,154.67249574328324,-42.24493344816406,154.68695207757338,-42.253738413566396,108.80432993775183,3.528116477563867,3.9405493731115624,4.107108559795217,17257.44557736095,1.3567431063200992,0.6430238724915794,1.480833767036525,STATIONARY,STATIONARY,STATIONARY,CB,AB,C,True,STATIONARY_SOURCE,3 of 3 detections are stationary sources present at the same sky position in other epochs
REJ-0704,23345,20978,24688,155.15164139883984,-43.2983558857214,155.14823942547923,-43.30609948769228,155.14802422861865,-43.31273378681697,52.62071073768353,1.706292357307441,3.940594924095508,2.9505663877881756,4036.4313860819557,0.7018064238392845,1.1289718783470393,0.7299322307210854,STATIONARY,STATIONARY,STATIONARY,C,AB,AC,True,STATIONARY_SOURCE,3 of 3 detections are stationary sources present at the same sky position in other epochs
REJ-0705,28879,26545,30240,154.30849711965683,-43.52660719567206,154.32208799179347,-43.53024998461518,154.3346179653732,-43.53357704275899,72.6473008924758,2.3556795899200043,3.9409604548109867,3.1718020353118166,9689.291185531205,4.469390852066954,2.866168120068539,4.980646053749741,STATIONARY,FREE,STATIONARY,CB,,AC,True,STATIONARY_SOURCE,2 of 3 detections are stationary sources present at the same sky position in other epochs
REJ-0706,13745,10792,14238,155.19962227385943,-42.197700669272756,155.20416012003264,-42.185266576376506,155.2097911321082,-42.17518219722048,85.48420293116767,2.771932193373313,3.941886967775993,3.382697183192489,13974.053942272225,4.461362816361448,7.500867201587321,10.064529008737638,STATIONARY,STATIONARY,STATIONARY,CB,AB,AC,True,STATIONARY_SOURCE,3 of 3 detections are stationary sources present at the same sky position in other epochs
REJ-0707,9771,6963,10558,156.13892894050107,-42.12090268589852,156.1245351997187,-42.12983651181828,156.11521189372652,-42.13808260981237,88.51409925145775,2.87018037098758,3.9516272621039557,3.5419712050624077,12939.578546901394,3.8718305455601265,2.6971968326009566,3.454718812981099,STATIONARY,STATIONARY,STATIONARY,CB,AB,AC,True,STATIONARY_SOURCE,3 of 3 detections are stationary sources present at the same sky position in other epochs
REJ-0708,25101,22787,26472,153.5198974136424,-42.762379027943105,153.53241144008894,-42.77710725224147,153.5431963199532,-42.78645422153259,106.31276967975487,3.4473245200552682,3.9544856494118563,3.8129619447223035,23199.318709005864,22.46660487829572,20.78520038328352,15.923588485820042,BLEND_FRAGMENT,STATIONARY,STATIONARY,,AB,AC,True,STATIONARY_SOURCE,2 of 3 detections are stationary sources present at the same sky position in other epochs
REJ-0709,29585,27152,30808,153.69567387300495,-43.328888496250926,153.69216621667243,-43.31465260220937,153.68696976676856,-43.304412270951154,91.01601178429873,2.9513080139553725,3.963257778150293,3.5895412933733324,14404.629776623826,4.049323667039454,2.727167730606414,3.5315326205363475,STATIONARY,STATIONARY,STATIONARY,CB,AB,A,True,STATIONARY_SOURCE,3 of 3 detections are stationary sources present at the same sky position in other epochs
REJ-0710,22583,19969,23478,156.28618903265016,-43.705324382725664,156.30108609077973,-43.69572692596502,156.3128318368689,-43.690469868333814,87.56975620048749,2.839558866489485,3.9633747884380304,3.532983499235862,11875.520470633366,1.3150521286930719,2.251680699284257,2.4698444608610415,STATIONARY,STATIONARY,STATIONARY,C,AB,AC,True,STATIONARY_SOURCE,3 of 3 detections are stationary sources present at the same sky position in other epochs
REJ-0711,18782,16286,19973,156.66943796605514,-43.43472727625137,156.6799129942242,-43.45108170941676,156.6884521596285,-43.465005942382696,119.79640542893104,3.8845482729275487,3.9647565141522465,4.180683882867432,28634.383152284223,9.516106067905985,12.222791286018941,14.91093160033783,STATIONARY,BLEND_FRAGMENT,STATIONARY,CB,,AC,True,STATIONARY_SOURCE,2 of 3 detections are stationary sources present at the same sky position in other epochs
REJ-0712,33267,31115,34944,153.5790649856196,-43.66955646823104,153.55613863733046,-43.66531715066134,153.53660062535923,-43.66261499253032,113.37205372381132,3.6762306340848134,3.9658776224016674,4.086879926890844,21227.91063409452,3.037852180892827,5.387979746136632,2.914559467321565,STATIONARY,STATIONARY,STATIONARY,CB,AB,AC,True,STATIONARY_SOURCE,3 of 3 detections are stationary sources present at the same sky position in other epochs
REJ-0713,27562,25368,29230,153.46024624148166,-43.00474698356069,153.4567379837549,-43.020143538164064,153.4527314500408,-43.03314707503269,104.13601315975643,3.376740467469817,3.9671681534302556,3.87108848912126,20737.317431959913,4.6576022746001,3.9045414828164096,9.299790138720088,STATIONARY,STATIONARY,STATIONARY,CB,A,AC,True,STATIONARY_SOURCE,3 of 3 detections are stationary sources present at the same sky position in other epochs
REJ-0714,7282,4298,7858,157.41507306423225,-42.34656573874247,157.42739148984566,-42.36320675846021,157.43395827044836,-42.375901892598556,116.94946814549341,3.7922327709063177,3.972066641385802,4.303865357980277,19937.95710033657,1.0255986409631617,1.4195680415056366,1.2938368813484127,STATIONARY,STATIONARY,STATIONARY,CB,B,AC,True,STATIONARY_SOURCE,3 of 3 detections are stationary sources present at the same sky position in other epochs
REJ-0715,30928,28584,32337,154.7875342591157,-43.95500463366373,154.7875763025224,-43.95231694277617,154.78732277576844,-43.95224427454171,9.952396280369232,0.32271889664781434,3.986053268921855,2.156664559613602,197.63123223108312,10.592568914750995,13.557775000336708,14.717190639527995,STATIONARY,STATIONARY,STATIONARY,CB,B,C,True,STATIONARY_SOURCE,3 of 3 detections are stationary sources present at the same sky position in other epochs
REJ-0716,19345,16710,20342,154.3414742890283,-42.47928156714309,154.34244849906844,-42.47702735931975,154.34261154637952,-42.47724260158734,7.937088207307653,0.25737001187453473,3.9875878171395316,2.237757111313018,115.65794047479787,5.683748515649766,4.765694754321157,5.947864989553118,FREE,STATIONARY,STATIONARY,,B,C,True,STATIONARY_SOURCE,2 of 3 detections are stationary sources present at the same sky position in other epochs
REJ-0717,20930,18519,22289,154.00870983607072,-42.512945581777615,153.9914860442865,-42.522557221241314,153.97852074728692,-42.53158664020048,104.49571516230769,3.38840425477442,3.988557309671704,3.8990877122085563,18987.310970735893,3.3755245852265983,2.6069938283089957,4.214999919291113,STATIONARY,STATIONARY,STATIONARY,CB,AB,AC,True,STATIONARY_SOURCE,3 of 3 detections are stationary sources present at the same sky position in other epochs
REJ-0718,24724,22236,25811,153.1585453917366,-42.55770597537636,153.1688474319546,-42.55387481456609,153.175991678963,-42.5491457975676,55.589907791661524,1.8025722852962178,3.9885916619863773,2.9991683503126634,4504.80568437883,1.8838743423610627,1.4432867741971123,1.6005066114954318,STATIONARY,STATIONARY,STATIONARY,CB,B,C,True,STATIONARY_SOURCE,3 of 3 detections are stationary sources present at the same sky position in other epochs
REJ-0719,31743,29345,32974,154.55400847123533,-43.94135653482101,154.5493914293156,-43.92544604386112,154.54519072465587,-43.91183484488365,108.70943863077089,3.5250395082564085,3.989783019742413,3.9562396529554973,20549.487928759863,2.8849475905434265,4.1489816856397965,6.95150607012895,STATIONARY,STATIONARY,STATIONARY,CB,AB,AC,True,STATIONARY_SOURCE,3 of 3 detections are stationary sources present at the same sky position in other epochs
REJ-0720,22529,20052,23665,156.9951323489306,-44.002489747077334,156.97510969948814,-43.993050457856874,156.9614857660898,-43.987801470513254,101.92783851692786,3.3051376429576003,3.9966831250107435,3.8444296812510808,18065.5890719193,4.502581113426697,3.7814943350397088,3.837728028102765,STATIONARY,STATIONARY,STATIONARY,CB,AB,AC,True,STATIONARY_SOURCE,3 of 3 detections are stationary sources present at the same sky position in other epochs
REJ-0721,7298,4283,7778,157.62385833047512,-42.439558365434706,157.60741404334598,-42.437048573421876,157.5961058346432,-42.437019048070795,74.29781519731607,2.409199580518663,3.9994500958752703,3.331047574218665,8548.628762171087,2.460288110134982,1.9366785231487884,1.3550142205347926,STATIONARY,STATIONARY,STATIONARY,C,AB,AC,True,STATIONARY_SOURCE,3 of 3 detections are stationary sources present at the same sky position in other epochs
REJ-0722,31888,29530,33180,156.31401033442148,-44.72101706944962,156.33975805354402,-44.72141796249673,156.35944795092328,-44.719834877492964,116.30618702647838,3.7713735760838225,4.003829735765891,4.1892579504628475,23521.88564202658,3.9240862970269292,2.035966094437275,4.556704612675926,STATIONARY,STATIONARY,STATIONARY,CB,B,AC,False,STATIONARY_SOURCE,3 of 3 detections are stationary sources present at the same sky position in other epochs
REJ-0723,23563,21109,24742,153.59890231002737,-42.63107475424666,153.6203538839354,-42.64065144978775,153.63809592909035,-42.64636149735208,117.48308218669352,3.8095358735723113,4.0283534118520254,4.24292394052005,21374.45425928663,1.8009756324645816,2.7184522748471993,2.619198062987764,STATIONARY,STATIONARY,STATIONARY,CB,B,AC,False,STATIONARY_SOURCE,3 of 3 detections are stationary sources present at the same sky position in other epochs
REJ-0724,25403,23178,26927,154.15975311267755,-43.084323924318944,154.13628816405344,-43.09164085328403,154.1199096343189,-43.09519710952965,111.82422865843695,3.626040470507151,4.114286429561735,4.15025280933258,20652.23438109993,3.79828022714596,1.7595934688091688,2.94347516149277,STATIONARY,STATIONARY,STATIONARY,CB,AB,AC,False,STATIONARY_SOURCE,3 of 3 detections are stationary sources present at the same sky position in other epochs
REJ-0725,23526,21289,25083,156.5617525822457,-43.93121142834469,156.55417362083296,-43.94804807460825,156.5476174383869,-43.9623795959055,118.03541528563467,3.827445965097098,4.136970702394665,4.312261240978839,21575.905739499776,0.8807461585387137,1.5900078400848223,2.0609419109843974,STATIONARY,STATIONARY,STATIONARY,C,AB,AC,False,STATIONARY_SOURCE,3 of 3 detections are stationary sources present at the same sky position in other epochs
