source_a,source_b,ra_a,dec_a,ra_b,dec_b,separation_arcsec,flux_a,flux_b,brightness_change_percent
5,26,156.64378299858427,-41.01036858928792,156.64359486320396,-41.009917287861164,1.7031738257230284,12.127846833685911,9.40989605634202,-22.41082703810704
6,18,156.9784750755077,-41.15593087004748,156.97823489199487,-41.15556344225302,1.4742701750579192,2.2277749574895354,1.3490328695208977,-39.444831939348404
13,22,155.1154880927658,-40.33375430346032,155.11528965159118,-40.33369528799748,0.5845451525388188,8.375231860667277,8.50559490809527,1.556530608307323
14,23,155.25798698189155,-40.39898376213843,155.25810831380787,-40.398935103690036,0.37594525506337806,4.793556991576288,3.996336279090728,-16.63108864433061
15,24,155.27311240610652,-40.403857528815905,155.27257094640896,-40.40355044020224,1.8508022631739383,18.872106875881066,20.73776027408244,9.885771686603348
18,35,156.6595459004914,-41.01897969378177,156.6601998368892,-41.01892628136259,1.7865821003205782,3.34591415479141,2.844425551140619,-14.988089366627952
19,27,156.83641906279885,-41.09652111758532,156.83805752102046,-41.096542382665994,4.445749562247038,2.0843199944658726,0.43839248297373407,-78.96712193244223
24,31,154.89938668248524,-40.23795334090825,154.89958951958042,-40.23825742373584,1.228446927109055,14.014568850591925,15.20928920356029,8.524845578234862
26,32,155.16902998018233,-40.358440726873994,155.16896376982544,-40.35898422534575,1.965006691622184,2.222071456582351,0.9464779870851808,-57.40560078383312
39,40,155.7879424367171,-40.63769028155523,155.7876948635149,-40.63761566769787,0.7277175832605859,8.288574493439212,8.31891338049365,0.36603262814917165
40,42,156.48590975702996,-40.945184149389846,156.48606620063592,-40.945286744204516,0.5633656391550764,9.73440474120675,7.27801520282642,-25.23410114623833
42,50,157.53065400008697,-41.399896504099104,157.5301675971432,-41.40005243125637,1.4284038486710997,1.676979614747441,1.7692352108263136,5.501295022764287
43,51,157.6652334205095,-41.45809692166752,157.6649539599238,-41.45816411136218,0.7918289362552278,16.195692767532027,14.97649225741931,-7.527930590020106
46,56,157.5776335775199,-41.42227305907531,157.57814975225494,-41.421847072648355,2.072041601940321,13.129644692619577,13.107973901990446,-0.16505237678908424
47,57,157.6851679762373,-41.469107490818004,157.6857710061627,-41.46886973513722,1.8381313976513993,14.20469622840583,12.20862812518081,-14.052170290226856
53,55,156.75466535302806,-41.067491569143826,156.75450415289825,-41.06740223295615,0.5430112691355317,3.616021728305899,3.4033531497694534,-5.881285968822998
55,58,157.81861429808552,-41.525374980779446,157.81867742615358,-41.52562340384995,0.910363569677065,0.43610297553947974,-0.04077522383121479,-109.34990727379787
56,60,154.66000177139864,-40.1398711916176,154.65963392575574,-40.1398760007759,1.012496992880451,2.435370846682198,2.05013570757534,-15.81833582477506
59,62,155.99986222744977,-40.73913302044572,155.99987977426173,-40.73932427551311,0.6901797900755495,12.162293965749388,11.735999886980231,-3.505046662822465
60,63,156.44907349118034,-40.93545863904183,156.448878311635,-40.935384605696484,0.5939659588373765,10.403690322970162,8.635832351479948,-16.992604706687445
62,64,156.8181781082035,-41.09767030824339,156.81849427272155,-41.097866418075526,1.110913507662619,11.985506654460426,12.97662303776044,8.269290668085093
74,68,155.94297568369424,-40.716353075429666,155.94289225936333,-40.716122171918414,0.8618571821286737,0.8303639122334651,0.7588029324898615,-8.61802622793697
76,69,156.64007512306804,-41.0238037968281,156.64036994004144,-41.024276894437634,1.8819841907317632,4.452680725204477,3.7912817269319765,-14.853950666811564
84,76,157.7875397197067,-41.522049030792374,157.78772122102367,-41.52194556673531,0.6148624591335904,0.4675518310925092,-0.40439493287840345,-186.49200066941677
85,75,157.32015341440825,-41.32161222841624,157.31980974760398,-41.32175143344782,1.0556841217559259,1.3082090295972049,0.7973912285887652,-39.04710863872569
86,77,157.94433880020847,-41.588292128856914,157.94362597341328,-41.5887532732198,2.537675834353162,3.0751476452735633,1.8580552294420523,-39.57834082217666
87,81,155.2759409248458,-40.42675786874396,155.27575074090095,-40.426778327590846,0.5263674553298839,3.0945628573015846,2.6593618502938376,-14.063408212274483
93,84,156.40953534747652,-40.931194851965046,156.4097947856807,-40.93142422009774,1.086147328455206,4.7175299254952066,4.892857761531107,3.7165177286606372
94,87,157.72152765161837,-41.498751016338986,157.72144459110996,-41.49845817059219,1.0777699783708614,11.943183274756212,11.215353571616948,-6.094101433389589
95,88,157.76578154490608,-41.5167861320109,157.76602473700282,-41.516929427545996,0.8341702524397397,64.23493717918798,63.52680235193684,-1.1024138239222534
96,89,158.01451238115834,-41.622617586117066,158.01473800133903,-41.62237565387495,1.061708547146992,4.186880361774372,2.6112669590814406,-37.632157275809924
104,98,156.60101915014766,-41.01917389657702,156.60094205411303,-41.019307724789904,0.5253227958308917,9.322826516042268,8.902417462301205,-4.5094591540199
108,100,158.24966939023503,-41.72735115199161,158.24994114342167,-41.727327917996085,0.734909393792077,4.753452403555135,4.616109166983926,-2.889336526615675
109,101,154.71991137788888,-40.18279715182729,154.71992668414742,-40.18253444532923,0.9466798796541865,5.345826478398969,3.101744118275993,-41.978211773066384
112,116,155.35184558635146,-40.47114484365149,155.35219612787662,-40.4707563310927,1.696415731686591,23.267990584790997,22.015887767363292,-5.381224531894626
117,113,157.48662099484204,-41.40611477872505,157.48695218357793,-41.406035722176895,0.9384547337411153,0.6940260016493007,0.29721237019253954,-57.17561453227449
119,123,158.14406559865034,-41.68717764780851,158.1443549754371,-41.68713325364239,0.7942166964052477,4.4821987840479,3.5008472299900855,-21.89442283440071
120,114,158.20280921183644,-41.71005455454923,158.20303392074473,-41.710418510686516,1.4427153430534219,1.3670470995457316,1.6162223775776845,18.22726357524577
121,124,158.22477672325064,-41.72190318995548,158.22472689707558,-41.72169238078998,0.7706318123703646,0.9991922921220271,0.887573832590353,-11.170868751862084
124,121,156.61995566431682,-41.0311280716992,156.62006334435958,-41.03105580513959,0.3914008934685348,3.9512132419491977,3.24859009030869,-17.7824660076785
126,128,158.0890592572699,-41.665444021292686,158.08868315544066,-41.665624221548214,1.2016238290615788,1.100589162518782,0.8694811374374547,-20.99857357784798
127,130,158.16588871787854,-41.6985204796438,158.16598852860088,-41.698193824711794,1.2061737052723596,2.710514271702996,2.456022243252091,-9.38906801221193
135,136,154.78053201832833,-40.2202755746369,154.7808771165855,-40.220144078802754,1.060177785307581,84.53700451462187,104.0430834827463,23.074012475507782
136,131,155.02361140558753,-40.32894236848727,155.02341758011224,-40.328884145449656,0.5717465891454471,46.242659704933345,46.502338182431394,0.5615561024279615
138,142,158.00130704297771,-41.6326058458058,158.0018560315797,-41.63242518262206,1.6140144533475285,0.6319226624936671,0.3560848582178988,-43.65056369196644
139,135,158.01395304702555,-41.637361093817844,158.01358436145244,-41.63742197472378,1.0158775781952154,0.7469554580674481,0.402239767470666,-46.14943058166331
141,137,155.47892141939383,-40.53526545155816,155.47865729080732,-40.53512850353026,0.8748157389076225,3.6553147162255515,3.994548560889114,9.280564629845403
145,148,156.56197031763472,-41.0138713715502,156.56185890576023,-41.01358548948979,1.0727496258647131,41.012622205051535,41.5172598958384,1.2304448329682964
146,150,157.26766189485474,-41.32042001643477,157.26759807108522,-41.320421311500844,0.1726235440376434,2.1190854124069234,0.8646883658917304,-59.1952093658372
148,152,158.4129415513443,-41.8087653522546,158.41320346919892,-41.80852748924146,1.1077969475004878,3.9927053031605575,3.8782253130660513,-2.8672286432932017
150,144,155.17628221786617,-40.40193544065597,155.17617247517563,-40.40226226522243,1.214424407644311,4.508866375565387,4.52715763397398,0.40567310904837317
151,146,155.54307927104244,-40.565920841472554,155.5428053990694,-40.56594598263005,0.7544254262799523,3.6603042060602227,3.162002886680754,-13.613658628549253
152,149,156.72540529183055,-41.087698375179954,156.72436661185571,-41.08743591471061,2.9724628224520826,1.9103165559371773,1.6599310762693404,-13.107015111691837
156,151,157.5227992367492,-41.43026388310545,157.52289388861263,-41.43048326797393,0.830078540359369,15.381138535352909,15.10968251769276,-1.7648629653534365
160,160,156.05025943183438,-40.793184268517805,156.05072429450138,-40.79305690679689,1.347378570824078,3.925041324126786,3.886218940757779,-0.989094895138303
164,167,157.3125412042021,-41.34542952476336,157.31264154212934,-41.34541848696953,0.2740757435921215,0.7436627443050723,0.8141757004291343,9.48184599323367
168,163,154.8357630103554,-40.25484124243045,154.83540955512905,-40.254435675444036,1.753498070907482,1.0008076480112207,0.4726139411794423,-52.7767456495153
171,176,156.39415664101108,-40.948512986102024,156.3945073517224,-40.948409070001595,1.0243636211585234,2.4584700461151967,2.2950714494405715,-6.64635295975328
172,165,156.6899896030898,-41.075741143268786,156.68963355815245,-41.07574484259641,0.9663371631952539,14.070310705994489,14.755511724098803,4.869835730154786
173,179,157.4989303322165,-41.42764279506073,157.49897155383317,-41.42734352618393,1.0830984370827925,9.644206993110329,9.012404459696109,-6.5511092188872535
174,168,157.57472958030456,-41.4589010023075,157.57569805035394,-41.458831918554644,2.624695483152215,9.687554855416044,9.56126195190109,-1.3036612994696781
177,170,155.044943665615,-40.350700706664135,155.04523767214562,-40.35079342243906,0.8729500952604137,27.330564105784457,26.07861978626073,-4.580748186089416
180,174,156.06910340236834,-40.80560849550473,156.06945986161983,-40.80587237417262,1.3586451735784335,8.457388422825549,7.801427854986021,-7.756065289246539
182,178,157.19521521943653,-41.29713965442088,157.19478226083714,-41.29688599435967,1.484978237121283,0.17375890127456492,-0.08475019194922855,-148.77459015196615
184,180,158.2228060081582,-41.7381108875596,158.22305660897763,-41.73814902642861,0.6870485623154633,0.2086102908920427,0.06798024701125815,-67.41280273347665
185,181,158.48603428569643,-41.84795844648515,158.48581264511475,-41.84784870854583,0.7136885354392849,2.4975147050521174,3.000774409426438,20.150420069851748
190,188,155.78800321297004,-40.684823812070434,155.7884676040482,-40.68472460045711,1.317095659624858,340.14059795903,330.1432667843859,-2.939176103832299
191,184,155.87602613675008,-40.72198458660307,155.8762337505848,-40.722211590593986,0.9943358645548379,45.516667125609764,48.335982355149255,6.194028270477684
196,185,157.9392491740791,-41.61928487922471,157.93874271706767,-41.619105633530296,1.5080445642014393,34.48093467654995,32.542178927302,-5.6226890814722505
197,186,157.9739904567006,-41.634084747305174,157.9737769448068,-41.634136969228685,0.6044645793218748,6.564028876867615,7.0162263047029905,6.8890225243976335
198,187,158.04161360499788,-41.66216269191647,158.041824078081,-41.662243689640185,0.6367515049924213,1.5219591258447907,0.6892277833981248,-54.714435381728364
200,194,158.1548419461027,-41.711321270974054,158.1546949348116,-41.711083417343275,0.9430237007701956,4.960860806869259,4.897828598374352,-1.270590144509322
203,189,156.15870157343997,-40.848447590188535,156.15863343921887,-40.84882145459153,1.358640704595577,11.107835023577806,10.81164597117725,-2.6664876798391184
204,191,157.06975104455827,-41.24807360407184,157.0698158999243,-41.24822143348209,0.5603904990278471,1.318839455976943,1.138406051718336,-13.681225826304166
206,201,157.820483663033,-41.57127665354109,157.8208021685855,-41.57127515831919,0.8578386667926565,11.886621976157207,12.22288967163256,2.8289592800196397
207,202,157.95948423958012,-41.6305183461953,157.95941657092587,-41.63013163920533,1.4040023144801528,6.221335468844736,8.317137686474458,33.68733655539234
209,195,154.62783812217833,-40.16658437950421,154.6276240475368,-40.166994998496634,1.5912222218521503,-0.3078373565914919,-0.42171802585289053,-36.99377831278651
210,197,155.62232533254,-40.614865215633905,155.62196092757424,-40.61480457517039,1.01948253914047,5.708596301520544,4.983843622054338,-12.695812441197852
213,205,156.98054360994794,-41.211926740882554,156.98051208999067,-41.2115846150151,1.2346077043701533,40.15211670822198,39.324760205579885,-2.0605551349990927
216,203,157.98943125437555,-41.64486284425495,157.98929348064556,-41.64480382108397,0.42722663373650277,78.94166514385432,83.05539678425765,5.211103202481139
217,207,158.29000926893858,-41.77237318505108,158.29008000546867,-41.77222960800602,0.550664407605721,50.83236487069909,48.21773332614298,-5.1436354598234395
219,204,155.49185389171626,-40.558879466130435,155.49157827198525,-40.5587793183905,0.835615020858618,91.18829805814588,68.38932176795326,-25.00208554792297
223,208,156.11039233074848,-40.83535034201351,156.11021154405472,-40.83521936916954,0.681752586302348,1.2791206058568119,1.11343680822393,-12.952945709282776
229,211,155.19901565385308,-40.43204344345286,155.19897999348808,-40.43177749710757,0.9623807191779866,3.9263518751443622,3.0776125978548485,-21.616485334960146
230,214,156.2412696454235,-40.89405916804965,156.24097822161184,-40.89404953861384,0.793813888419512,3.089591687599783,2.8421305768770075,-8.009508561146502
232,215,156.4398612301497,-40.981740760856184,156.4401322288834,-40.982017539339836,1.2390483731035487,13.807001874179756,14.277944835234576,3.4108995229117998
233,224,157.23981126066147,-41.33009690523111,157.23999817797966,-41.33000442711522,0.6051107037697137,255.23374464045992,244.54569454613488,-4.187553690982738
235,226,158.19957364206573,-41.74056310487631,158.19964137141275,-41.74037995550519,0.6839784836128163,9.624348140158101,9.91819358047953,3.0531464161748545
238,219,155.58072535585285,-40.602745910739294,155.58052057586545,-40.60267457368221,0.6158226499660681,20.733585194824208,20.993931956257352,1.2556765218691435
239,230,156.2516357622065,-40.901770665554366,156.25186740829625,-40.90163585548883,0.7955011020684811,4.366727503444392,3.9406724838888967,-9.756849247392497
240,221,156.28673756491565,-40.91668478282322,156.2869695354927,-40.916874407958765,0.9296418807447242,8.067708955713512,8.217278774231517,1.8539317585580524
241,231,156.75505707491433,-41.121688591890646,156.7549923940728,-41.121364505918706,1.179821975883065,10.856321088490004,10.34518129670163,-4.708222865020912
248,232,158.13557695312554,-41.71656115745079,158.13609437321026,-41.71646767210244,1.4305655144525018,1.3396656820947845,2.688763049829499,100.70403278713403
252,242,157.58013050765592,-41.4825801976524,157.5801945094254,-41.48177367723014,2.9085998805168822,2.8434431255708708,2.469168412376577,-13.162729010771104
253,236,154.6236755380868,-40.179072271728955,154.62302090546459,-40.17905871179194,1.8012381411056768,-0.24783288697898104,-0.38423680739507576,-55.03866822471518
255,237,155.7306069456013,-40.675360606537595,155.73028087740326,-40.675298362363804,0.9180294207454188,9.364362534210812,8.671060927576434,-7.4036177486886094
256,239,156.4512927401809,-40.99359894232585,156.45161988960652,-40.993771879716874,1.0852672584730512,0.9084131886307562,0.766271197552146,-15.6472839515749
259,243,157.70596395895376,-41.53645067772812,157.70601129434976,-41.53644716020502,0.1281827808724831,8.279461164336993,7.8150025434059245,-5.609768700065663
263,246,155.79967705438668,-40.70693990600304,155.79918439829368,-40.70677693645411,1.4668938675710768,11.681682626889542,11.755836423081027,0.6347869443122328
267,248,157.95119295952378,-41.64407831447163,157.95136906137236,-41.6438951754587,0.8118630526289451,3.437934439197208,2.7109194735128628,-21.146853686195094
268,251,155.24156876341596,-40.46261710854813,155.24181638158922,-40.463003037591236,1.5460471561022402,2.4402121019525764,2.4631533061179174,0.9401315626204857
269,266,155.80760866475998,-40.7135744155699,155.8076845808342,-40.71324854833218,1.1912717820715315,10.898186752570995,11.643638786564566,6.840147365044107
270,247,155.99353921763867,-40.796271190371506,155.99340078143607,-40.796237927633776,0.39583224150939916,0.33403692603706797,0.5067240034580044,51.6970023253577
276,261,155.0647952087828,-40.3846803919218,155.06474264194074,-40.38473115286405,0.23274871360322089,6.5766833243113165,6.4451914977045455,-1.999363814898908
277,262,155.10154640531258,-40.40227587193907,155.10176282387758,-40.40234394965699,0.6419253926413374,37.67252147497051,38.82771179445135,3.066400321115615
278,264,155.51831096812916,-40.58695756667311,155.51852004355896,-40.586836668363816,0.7184345191081846,1.459895628933106,0.8237516507150573,-43.57462037768712
279,265,155.56970599423352,-40.6110625785631,155.5693295566185,-40.6109983429453,1.0544457359182509,4.447002703033687,4.122425794176165,-7.298779212256831
280,268,156.72619977702885,-41.11871491850637,156.72648408801038,-41.11886168763375,0.9347281408950137,0.11953523044678298,0.10481225859912421,-12.316847336663162
281,272,158.54049819713515,-41.89629436468825,158.5402262058998,-41.89684976823343,2.1281511029990043,2.39620702085516,1.8422561274967204,-23.11782281485617
285,274,155.63568280540434,-40.64199868717943,155.63546370128753,-40.6422258824516,1.0135025681228302,3.8369236909405293,3.426075191065989,-10.707757906278061
286,281,155.84331959565498,-40.735288184405206,155.8432172850225,-40.73518819349395,0.4554843316024178,312.4228207143572,400.3127563535138,28.131727201679947
289,275,157.03111707138044,-41.25535758336553,157.03096574335396,-41.255427089458315,0.4799433538928922,62.703861478287976,63.91362100268863,1.9293222074043201
292,283,157.50511099559623,-41.45957521082847,157.50521788173728,-41.459453115531545,0.5256955902892757,36.90355808888383,37.387086203303156,1.3102479529337803
297,291,156.8536371253805,-41.18025857818648,156.8536233386353,-41.18004066750942,0.7853673307565201,185.686428267585,186.43018117724736,0.4005424179900594
298,295,157.59932063885321,-41.501867545531915,157.59916595622343,-41.5016156163362,0.9982386656656616,2.231343207749667,2.080767861181235,-6.748193018692489
300,287,158.2715889098163,-41.786742781934116,158.27168622414962,-41.78676311983491,0.2712846778873822,1.471645950437902,1.1699880381531882,-20.497994928396515
301,288,154.66703538480255,-40.21066509076643,154.66658847141957,-40.210442659476335,1.4665733722887395,3.81708159679399,2.4582093654335804,-35.59976900943752
302,278,154.83997390792507,-40.28812164199491,154.83971057198818,-40.28858806137167,1.8282075815513739,11.133396202178204,9.744934926145836,-12.471138642858334
303,279,155.1507984639647,-40.427861310042616,155.1501219566653,-40.428487975899344,2.9200078404895384,0.4116164189438487,0.4341323986581228,5.470136437231298
304,290,155.60379268145908,-40.63280517901421,155.60348683281936,-40.633502098766726,2.644397264776883,0.8749277502716833,0.6221837565729567,-28.887413117282474
306,300,156.42372007289208,-40.995656620073696,156.424006812329,-40.9947749851601,3.2681141109076304,0.4950941706245119,1.6032652172218937,223.83035639452888
308,293,157.11515841409806,-41.293766743070655,157.11545591120753,-41.2941345626088,1.5494737957846845,0.9745512124698066,0.5110932497116816,-47.556039829203314
309,301,155.11018223421027,-40.41434379959425,155.1109414967318,-40.4140489688641,2.33614222451471,1.7085934975351416,1.9233178365103203,12.5673157064536
310,297,155.34810434167935,-40.519120537155366,155.3480334070627,-40.51931278641614,0.7188068576009525,1.732236678165256,1.6831381264953345,-2.834402035749851
311,298,155.52933254803975,-40.5996233325821,155.52887170465542,-40.599431345774605,1.4368207767779584,5.529905285793554,6.172238532833274,11.615628366906899
318,305,158.47217735104473,-41.87681925039626,158.47222142714077,-41.877223539671874,1.4602287380189625,3.71237920625612,3.006459851743712,-19.01528144869439
321,312,156.05422098462932,-40.838483354000815,156.0546048590497,-40.838122734574945,1.6668896362221572,1.2715479379326076,1.4588139853514321,14.727407581919238
322,313,156.23384103506717,-40.91721200268772,156.23380951731895,-40.916832374527914,1.3693482620793826,4.959895442725165,4.773285214775723,-3.7623822942306067
329,311,155.78894095315553,-40.720485947337124,155.78863525935344,-40.72053841187501,0.8551855813488217,3.579776699127932,3.529868969545584,-1.3941576186723048
332,315,157.54621011715986,-41.48900030332245,157.54568084451458,-41.48958903901385,2.5552292580396254,2.2514514052791412,2.274194773788413,1.0101647522102275
334,319,155.27652908824635,-40.496199814122136,155.2763806728495,-40.49616106763126,0.42958133474748267,9.767076623476749,9.632199419689742,-1.380937295636722
335,320,155.72186700928637,-40.69473715250394,155.7221796665414,-40.694904213968364,1.0440274986591025,1.4343217182452577,2.154039585390433,50.17827297669834
336,330,156.727820951117,-41.13705518274423,156.72750081011787,-41.13699736637648,0.8926040022208012,0.7206331699870229,0.4886721568954925,-32.188500717460386
338,332,157.73349127587466,-41.571255113299486,157.73364504663274,-41.5709972286943,1.0165706578624742,15.147300342675909,14.883202578025188,-1.7435302573796176
339,326,154.8646093526647,-40.31171265294936,154.86416589303875,-40.31207544137633,1.7854074209367472,1.692822985929146,1.3962464494679256,-17.519642569033124
343,333,158.53946547567318,-41.91365039743264,158.539438003753,-41.91368419497111,0.14219780034577895,2.2604680947512774,2.6997656494898226,19.43391971594634
346,339,157.16005336354067,-41.32912475348104,157.16007982776134,-41.328712086980765,1.4873210313374434,6.028660977963774,6.133792198591882,1.743856903089892
350,338,157.10726541240163,-41.30604812819144,157.10775037848882,-41.3062878714036,1.57000290910789,0.33147357052158066,0.16505694115568478,-50.205097529807816
352,341,158.07497438177495,-41.72210844170105,158.07438714071932,-41.722361235052915,1.8215278480233592,0.41727708091135784,0.19496999913852225,-53.275651106287405
353,345,158.19111582894647,-41.771669526827175,158.19105635938809,-41.771450625140254,0.8040591679401803,0.026271509322274345,-0.09647484862011206,-467.2223298503664
354,342,154.77976421053216,-40.280767705092764,154.7799274274409,-40.28087546768999,0.5928199475971649,27.058659228151495,26.800601118489446,-0.9536988048305365
359,349,155.87604950191343,-40.77150503294475,155.8756980177821,-40.77080525252573,2.695311932093144,0.9063742246041137,0.21133487340596913,-76.68348595214344
364,346,154.75891470044766,-40.273164416472724,154.75880168241073,-40.273721465666675,2.029261183251019,0.22232294679692763,-0.0322435725628073,-114.50303399957133
366,348,155.66285626853977,-40.676536079475675,155.66254832029912,-40.676254381512976,1.3173186866238047,1.0049656143880101,0.5657742548230332,-43.70212804071207
368,353,156.94026548547419,-41.239140284836566,156.94009623633832,-41.23914541400247,0.4585417079633903,3.2778849515506825,2.9000740605267827,-11.526057094992526
370,356,157.56669076077128,-41.50953488980597,157.56662780331828,-41.50975774636514,0.8200395994048049,1.770087849794444,1.7796310008675704,0.5391343189116155
375,364,156.07244051094244,-40.860094253511676,156.0721862588689,-40.860215036772765,0.8174870526027485,2.142494210143704,1.0673527182559712,-50.1817688373412
380,371,154.74385144883954,-40.27082301058864,154.74392454302614,-40.27085800012041,0.23701661447464784,0.5755288008404191,0.6378553334287154,10.829437640181268
385,375,156.8806188568469,-41.219972032960506,156.88014038911456,-41.219900121522535,1.3212382461929277,0.05689876088352407,-0.2008556228102489,-453.0052670591808
387,378,158.1162942039833,-41.750445667303325,158.1164651947646,-41.75040791609297,0.4789322110446157,23.08746646140567,21.169339380957307,-8.308088215979922
388,379,154.59589336869985,-40.20984761410921,154.59539810199468,-40.209639557775645,1.554033482947153,7.03043603491256,6.0663857147461355,-13.712525302542128
389,381,155.15431720348786,-40.46047986024702,155.1536391200627,-40.46006799521127,2.3765734042469866,0.7285189955955952,0.6574582617022722,-9.754136038035337
390,391,155.410422887394,-40.576194093326045,155.41036760129342,-40.575995946718336,0.7291703749414372,2.4914759046520074,2.2541022759748026,-9.527430236591412
393,384,156.4023497469549,-41.012522371506826,156.40214322941424,-41.012806187806,1.1656160403177926,2.638828484372051,2.301025791839192,-12.801237160104561
395,386,158.2895064540744,-41.826768205226266,158.28937398371167,-41.82673603428255,0.37376037970938075,9.782253339963583,10.515733473413992,7.498069288942978
396,388,154.93281013282737,-40.362502694144865,154.9331677591243,-40.36270039841893,1.2119858107479855,0.1977901417628751,0.06356936363108523,-67.86019613288073
397,390,155.03952471747,-40.40988629458198,155.0395398600587,-40.4100752872305,0.6816385011454992,-0.03284873024762483,0.11883754048085259,461.77209768844955
398,394,157.31768003934582,-41.41337198989631,157.31776083926303,-41.4132625743749,0.45026907070255784,1.5086054928495136,1.0190756590561656,-32.44916156766106
399,403,157.33001547403515,-41.42011953908825,157.3305033497989,-41.419920802988194,1.4988325870775536,9.056352618513051,8.910386191078326,-1.6117573330386892
400,396,157.78044014084162,-41.61127851968894,157.78038323478756,-41.611360340734045,0.33199947484651265,5.446203568000511,5.6169927932111605,3.1359317197420133
405,405,156.27955022941347,-40.966575321297846,156.27971870338138,-40.966762384509245,0.8143948137522827,1.085355060901878,0.6076521419411166,-44.013515592198296
406,413,156.46121369720925,-41.04656461344309,156.4616315124012,-41.04624685993202,1.6110139709600504,2.8403708461944515,2.9637750155287708,4.344649907235073
407,407,156.61785836695188,-41.11360388600173,156.618294708007,-41.11419895463446,2.447410561199293,9.43761275148854,5.594017682960436,-40.726348598292255
408,408,156.96967382920184,-41.26745395552623,156.96944463656146,-41.26750246500833,0.6442907628634793,1.7192829251926678,1.6225157288424383,-5.628346267638611
410,411,155.67989489928797,-40.702151331889944,155.6797061726478,-40.70216694335908,0.5181289170137945,22.30004832897264,22.23724025068817,-0.2816499648696621
411,412,155.70393967607367,-40.71256198218388,155.70422209719007,-40.71271527898811,0.9478804256538389,6.4276564007786705,6.222454076603032,-3.1924905654692313
418,415,154.77851640298147,-40.30162843076313,154.7785734402952,-40.30185572916114,0.8331240235847197,0.4974885600119936,0.1790690379902654,-64.00539582539379
419,416,155.66400574326605,-40.69851736527793,155.66381215273998,-40.69848849144418,0.5385027511735623,1.5066784129614708,1.457523777918702,-3.262450342415952
420,417,156.26215948448004,-40.96105473081697,156.2623705781222,-40.96154244699955,1.8471822562678184,1.3493529969663045,0.8915936071730567,-33.924361588287844
421,426,156.6778121882282,-41.14484076395151,156.67795114234457,-41.14517112853416,1.2475444987003101,0.6554000168068096,0.1819662051108323,-72.23585589799123
422,418,156.70490699676375,-41.15599769813503,156.70437904297995,-41.155455364288464,2.4206870209741678,0.8216463171886772,0.36389231667450694,-55.711805790161506
424,427,157.23376384217357,-41.38609212519732,157.2338302791218,-41.386250124479865,0.5964317467924927,12.478543971100672,10.170129667637267,-18.499067750288102
425,421,157.752218664892,-41.606880072085985,157.7518028703375,-41.60706088077415,1.2947423595970384,2.3857180257536026,3.2522957550093534,36.32356045019258
429,433,157.91948116660393,-41.68139759532886,157.91928447824014,-41.682040702145954,2.3748134565660073,0.08879182572933968,0.0472715578518488,-46.761362925518995
432,429,154.6148747449321,-40.23221896608111,154.61479347630546,-40.23195537335279,0.9748657324569665,1.3819468697704456,1.415968863122507,2.4618886656411565
436,432,157.73813726723495,-41.60617344916645,157.7377599549282,-41.606480979068266,1.5024106627851093,0.6329683280240715,0.5653991214255785,-10.674974340252211
438,434,154.7257402712778,-40.28413226656747,154.72598656067947,-40.284240704890095,0.7809442419506055,6.5431783705502715,6.104290229507493,-6.707568037853581
443,444,157.32468122891902,-41.431148708341155,157.32442563678822,-41.43100546078744,0.8613124486319994,41.009788034164416,39.049499327380076,-4.780050814091659
445,440,158.2626236566184,-41.831138590307646,158.26279270782393,-41.831324110560374,0.807269272716746,25.806491993753653,23.124395505876468,-10.393107627826264
446,441,155.75597550945955,-40.747532856460104,155.7561834825521,-40.747701294204155,0.8303136205997195,8.207995505913765,8.327439467119568,1.4552147490790581
447,449,155.93098619746553,-40.82526393774644,155.93099094034912,-40.82460398414026,2.3758681140639655,20.029136763455735,17.96197052353319,-10.320795470797348
448,443,156.5819032862822,-41.10963622384206,156.5818081267529,-41.1095292303887,0.4636632518652693,3.186635621809108,2.852079003184374,-10.49874093966227
451,447,154.9660056689343,-40.39518132302198,154.966080007036,-40.395748792576676,2.0530322706835094,0.13962003721707644,-0.6457584370217404,-562.511291282452
453,450,156.49561276559695,-41.07509640001165,156.49525576315907,-41.075234928182894,1.0896687857178609,7.686593209670528,7.016633197465896,-8.715955091284831
462,458,157.86405669417258,-41.66827847352679,157.864045894856,-41.668222350741374,0.20411860766632098,1.5500584574562353,1.6013436614776275,3.3085980580084184
465,465,156.07609805843018,-40.895080230046965,156.07584960300818,-40.894758480324136,1.3411901305959508,1.7029062033929085,1.638409895702487,-3.787425729139842
466,460,154.65589381203395,-40.260535517209526,154.65610018094108,-40.26086335032205,1.3093081843203263,0.5902127754794707,0.7021469764624154,18.965058980977293
467,463,155.6539804610879,-40.708337845831686,155.65430636690638,-40.70881078980254,1.9208926765716252,0.7520997100614223,0.7267512099999763,-3.3703642911091936
468,464,155.7401839424881,-40.74641430454945,155.73966693438237,-40.746296390785325,1.4725878961867116,-0.02781145780995886,-0.13518540358068032,-386.0780923618915
472,477,158.25005019828404,-41.83589633997052,158.24995808761656,-41.835797058637446,0.43449132531341844,13.101936353113047,13.196897082430329,0.7247839308478982
473,480,155.2538035633097,-40.53369757989753,155.25420037210637,-40.53369280659502,1.0858389874020724,10.454153953495888,10.236327996563857,-2.083630659171519
475,473,156.88763595973447,-41.252007666471464,156.8874381699774,-41.25172948686766,1.1355484559168754,165.9598961153003,146.8061297497248,-11.5412017083142
477,474,156.95152052198083,-41.28134542017533,156.951222090573,-41.28131292765978,0.8157837297514502,13.309841495809177,14.073779219808623,5.73964554153394
478,483,157.6843656338123,-41.59758015894813,157.684166328174,-41.59736411735927,0.9448799370597671,14.90197535735101,15.56984602880173,4.481759333478343
480,478,158.49770591931417,-41.94212701322191,158.49768812535606,-41.94220911902239,0.299396676883859,0.7327878418062715,0.35152184404177234,-52.02952014388023
485,485,158.11371860426226,-41.78103185942604,158.11363510475005,-41.78100452764457,0.24479989420014514,1.7057048798962005,1.4419096811885526,-15.465465439935949
488,489,157.2916657202677,-41.43232539083229,157.2918100549118,-41.43258172101939,1.0016491584004548,10.253004006253665,9.882586260159316,-3.6127728602116806
489,493,157.49639050993036,-41.52096321546193,157.49670533007998,-41.520969336589665,0.848842081147995,12.788984259559538,13.190703008939511,3.141131001703253
492,490,155.42119440321363,-40.61225006002508,155.42138988654926,-40.61252442548056,1.1229356557583927,2.1070063234490894,1.6223770196033147,-23.00084714755174
494,491,155.53240428968817,-40.66235275696653,155.53212800395102,-40.66228650027028,0.7912943023654757,3.0800925674938053,2.9411275522622184,-4.5117155470642
497,501,158.40389027541747,-41.90901971880457,158.40382972368417,-41.90885843420543,0.6028618937007202,110.94278477230517,110.57099351270932,-0.3351198190661095
500,508,157.59286194901057,-41.566037540973184,157.59266530379477,-41.56582915670475,0.91832326513388,2.923033213436754,2.456973943453484,-15.944371341415625
501,500,157.77887740182157,-41.64365410959907,157.77901187676048,-41.64387336115713,0.8682634554693709,141.15154995677037,143.06699591690673,1.3570137633791473
506,512,156.5082646322385,-41.098368315505816,156.50798861957983,-41.098152275111026,1.079621013880461,338.6877096444038,344.66565720671906,1.7650323268569852
508,507,157.3357942587743,-41.457637154748426,157.33594449569247,-41.457535827397216,0.5453108211814605,5.345593074296013,5.431142458747921,1.6003721806522726
512,511,155.56323937801017,-40.68399685723676,155.56350393234325,-40.683935030687266,0.7557368043600018,0.5655022278384775,0.7113829544222755,25.796666998359814
516,523,158.01791223856873,-41.751103376818634,158.01781029929091,-41.75085537793912,0.9338323539230989,0.2352581049924973,0.23435022577951517,-0.38590773015496566
517,515,158.1915954539918,-41.82454345133694,158.19197140557625,-41.82515281316621,2.4144387218285037,2.6907629761745686,2.266340593342576,-15.773309897231815
518,524,158.23098359752467,-41.84136086266616,158.2308712722568,-41.84120882782187,0.6247555102200518,1.6151054947952028,1.8938448284205696,17.258274120398013
519,516,158.3093763113042,-41.87482502908664,158.30928808633493,-41.874806240964176,0.24597595335226685,4.750595385656577,4.558798564365112,-4.037321761195542
520,517,154.53081227580884,-40.221824203842985,154.5309019364884,-40.22162927136791,0.7437770130212178,5.190184204836001,4.06533913912536,-21.672546123942123
524,519,155.97585205580995,-40.866742933561824,155.97554608196472,-40.86670291819779,0.8453601824579096,0.9161049167589237,0.6479351418688406,-29.27282344896015
527,521,157.54751185997137,-41.552137308571616,157.54761006112665,-41.55230098614364,0.6459063983876973,39.7203137905298,38.007864866645164,-4.3112673603624
534,525,155.1697995023922,-40.51118030039392,155.1697646675261,-40.511078143102594,0.3799241440438556,1.259683849102809,0.6594607631144657,-47.648708556186
538,530,157.00948089972968,-41.32086841240859,157.00914155119003,-41.3209056350177,0.9272253444472972,2.890187780875698,2.767639026724867,-4.24016581073842
539,536,157.05430205079938,-41.34218382093151,157.0547626378216,-41.342098275103965,1.2824032848524098,7.064348042290099,6.752594228652212,-4.413058526726039
540,537,157.12400409462398,-41.371760892638996,157.12438531812887,-41.37155951484338,1.2594724097885306,1.7350113724687053,2.6500645386504735,52.74047079471078
541,538,158.40743020717008,-41.92008648913251,158.40763107455592,-41.92016279287549,0.6041223519445335,5.678890210812089,5.486657453273391,-3.38504092177559
542,531,158.44283314409682,-41.934438758340235,158.44270308301702,-41.93454539230989,0.5183509173489643,42.57782926449969,39.715889136139374,-6.721667538712523
546,534,155.82554175762044,-40.80608271095758,155.825642179172,-40.806470158043425,1.4213982705258343,3.3117895648646485,2.9689017320019677,-10.353551339748075
547,539,155.94809569926863,-40.86043008860448,155.94854398434677,-40.860357551149235,1.2481685393686266,1.7764747039921913,1.3316713947104342,-25.0385388703915
548,535,156.15120950112188,-40.94927339773054,156.1513902575908,-40.949444003702844,0.786622953740577,7.026873529342714,6.9678020510170775,-0.8406509392686022
552,542,157.76059564740285,-41.6480529662575,157.76064449666052,-41.648188215302696,0.5043175963620703,2.9321394788124175,2.731149744268968,-6.854712608175613
556,544,156.77868277151532,-41.22611539504721,156.77831620701957,-41.226284079665646,1.1635519250384765,3.7938451635132755,3.3397849660871994,-11.968337606208351
558,551,158.42211832324796,-41.932538669062126,158.42232920227082,-41.932437588877676,0.6718460283447169,3.8606314876215997,3.5034227496591472,-9.252598677386747
560,555,155.4215024399823,-40.632451939607336,155.42173079092137,-40.63245145880618,0.623868433296917,-0.07828285059103536,0.16769762227609997,314.2201274097497
561,556,155.74439393237702,-40.77619682669859,155.7442439267058,-40.77573304153621,1.7189780353724267,1.320865955593869,1.2539754220246881,-5.064142450329609
565,561,154.71029723273836,-40.314976890902656,154.71098537793696,-40.3151624937364,2.0036464093914983,1.2033920524887363,1.0262209196370649,-14.722644418771392
569,557,156.7002729670186,-41.196343419859915,156.7006114215838,-41.19652836902402,1.133080119370447,16.944368224887118,16.682182950821872,-1.5473298891141891
570,566,157.70590739748417,-41.6322162381803,157.70603603899815,-41.63194996743504,1.0191557379843208,1.599045626263596,1.332920233998275,-16.642764152212578
571,567,157.98702490163336,-41.75177049185433,157.98724626549134,-41.75181283110918,0.6137515235658696,214.1701987522864,213.53770584812787,-0.29532255553915476
573,559,158.1528137000729,-41.821916767455654,158.15299989450313,-41.822328228530935,1.563218160680343,1.584313490000655,1.830244528199114,15.522877243086358
575,562,155.31902505574467,-40.5902835039706,155.31886821151036,-40.59011250021874,0.7502199046106909,21.638872314256947,22.850917223326068,5.601238786692943
577,563,155.79843756068374,-40.80270289076695,155.7984392246792,-40.802612922200545,0.32391857971724725,3.8693956833347865,3.622394487587729,-6.383456641843943
579,572,155.87446790588453,-40.83754020774147,155.87455190978577,-40.837224165473664,1.1605292056269538,2.364597029523789,2.1313982227359607,-9.862095057896301
585,568,154.6233194084825,-40.27931234887918,154.62396508976454,-40.27782729097277,5.632646817086034,211.44855972571096,943.9661566749487,346.4282745171934
587,570,155.39637990718012,-40.62523116067626,155.3966883116881,-40.625387636980484,1.0136124489630955,3.658603316198559,3.696508854772467,1.0360658234272149
589,573,156.28535826151304,-41.020044751692055,156.28544474267827,-41.02030826381262,0.9772920119895906,64.85188708244807,69.83768809638012,7.687981396121063
590,574,156.50171956718742,-41.114642325363896,156.50148807017055,-41.114363300239305,1.1845781937156166,2.460031841943844,2.2512947491212687,-8.485137845111684
593,577,158.24311232724978,-41.86394514068194,158.2434170242959,-41.86416172935246,1.1292876083801229,1.4764908010798679,0.8687706457243599,-41.159765771045564
596,579,156.5498288832988,-41.13802415352137,156.54995872520058,-41.13814466683296,0.5587058912639429,6.25374606259162,6.163130877783896,-1.448974485065235
598,583,154.52531243382933,-40.238050011172234,154.5252483617637,-40.2379020540677,0.5609944628455719,1184.162867261598,1294.7478550184626,9.338663693499761
607,594,154.81605957780965,-40.37213396122748,154.81577696807014,-40.372378247716405,1.1722570231115323,-1.0833767296177352,0.036623591099952724,103.38050376187012
609,592,156.96954639198051,-41.32292538092763,156.96923561833063,-41.3228090552446,0.9387867138756896,2.425889971773853,1.6337262918007793,-32.65455932421493
612,595,155.42547045758715,-40.64827378664825,155.425366096442,-40.648458642170844,0.7239599564418085,1.5020292187830249,1.2354153332231461,-17.750246281886238
613,596,155.54645085875745,-40.7000824743755,155.54663082621897,-40.70025266767071,0.7852738390723989,0.03250099508753664,-0.2249393791610603,-792.0999758783361
617,599,157.0433792316951,-41.35695060281538,157.04348981453109,-41.357115671569666,0.6651470842171475,6.267483276039158,6.167523781869189,-1.5948904810343612
620,601,158.1043359257504,-41.81225889216358,158.10425101021303,-41.81264234550443,1.3991089266466488,3.304028784517182,3.2134727029823256,-2.740777621526971
621,602,158.4948685113258,-41.97669538153333,158.49494201967948,-41.97691273719407,0.806832257111997,55.91349361185283,54.06035686870651,-3.3142925319792176
622,605,155.41217920773485,-40.64404734142004,155.4120492189624,-40.643919761677225,0.5805363425231941,1.5615831544731824,1.4365495620521227,-8.006848182429401
623,615,157.37854664649782,-41.50563376342482,157.37847957881502,-41.505576510300855,0.2741822286871973,15.787516014804059,15.587801463840707,-1.2650156666576167
624,608,157.90707445196972,-41.731129446818706,157.90700670618645,-41.73114879433032,0.1948775925411498,2.483129118583372,2.9983294575356636,20.748028569944605
631,618,158.43411179514675,-41.95647904028203,158.43390563561047,-41.95665323658609,0.8353907709888391,7.966984982433794,7.9128402381156935,-0.6796139874429643
634,619,155.8178631970228,-40.827934062125415,155.81806290185597,-40.828116430576486,0.8526226318022737,3.203189634441508,3.1106442774743086,-2.8891626013061504
635,620,156.79978785025764,-41.25833918454284,156.7993173805864,-41.25826379985174,1.301823699076035,-0.13592347303496352,0.032171083023785046,123.66852634460695
637,622,157.69781325506477,-41.64492347228045,157.69706237984244,-41.644985193360085,2.03218605706039,0.970894478674698,0.40164782332804294,-58.63115589283142
638,623,158.26375012276827,-41.885173127821446,158.26358709738798,-41.88513108035867,0.46240928092974076,17.49292649598776,17.77562983208446,1.616100863177699
644,626,157.22882337190393,-41.44668267939992,157.2283899293753,-41.44674374251517,1.1901050410774197,1.0570475812259479,0.9888720665860188,-6.449616445918184
645,627,157.4377133540474,-41.534711898187076,157.4376461658853,-41.53497926642339,0.9794067629102443,5.078219276907219,4.417654314287064,-13.00780700085204
647,628,157.97724181525703,-41.76609261365611,157.9782546988558,-41.76677469314901,3.6641848296422586,0.4504294246881918,0.42307647495054773,-6.072638295461949
648,638,158.13926087363123,-41.83594355100303,158.13934029467543,-41.83586951749556,0.3411926314925772,78.54003296826735,77.72035777566377,-1.0436399904934566
650,629,158.4191758002593,-41.953655383553674,158.41919901881286,-41.95326173056429,1.4185134678762816,0.2569838241148143,0.09259603862778325,-63.96814509756321
652,635,156.00486068520416,-40.914791054946086,156.00484207552142,-40.914813225480714,0.09451641041915256,0.2754586365480282,0.2494094336991266,-9.456665862919763
658,648,157.06067541520335,-41.378269780665214,157.06084770431463,-41.378130999992294,0.6827978248695848,53.052481054917386,50.760690118825146,-4.319856282913308
659,652,157.95152817794101,-41.76012868978575,157.9516766667857,-41.760061019925544,0.46727700277506695,1.4989450406754552,1.3835490567968944,-7.6984799807310464
666,650,157.58550078087114,-41.60494367898069,157.58543529759768,-41.604737228505996,0.7638393260634886,-0.058827190177413446,-0.02920386008447588,50.35652731942205
668,654,154.7580914100364,-40.36207715827783,154.758154486075,-40.36214594340069,0.3020855620700962,26.356258913814,25.707127970567207,-2.4629100259239216
671,662,156.16030570115382,-40.98937248452739,156.1601960996463,-40.98922673714167,0.6033268662718058,2.37186660524893,1.7691802213965084,-25.40979254561278
672,663,157.32525151453183,-41.49617310376017,157.32483112192534,-41.496032281025876,1.241749158998073,2.6916064532948085,1.7901648537835142,-33.490839584213184
677,668,155.26382631519937,-40.59374053536504,155.2642451365867,-40.593507916108216,1.4184841115830598,5.519572874065066,5.065122931278288,-8.233425903698299
679,672,156.72020787301332,-41.23630580221587,156.7202474625855,-41.235904477358844,1.448739362891964,2.794406262398035,3.311738176371042,18.513124628093834
680,666,154.65720297191837,-40.32155369162602,154.65725741029058,-40.32157013659454,0.16071958145923587,5.494569090492519,5.622105159359556,2.3211295875361446
683,669,155.8312497805332,-40.84763248838364,155.8309118029253,-40.84733079830497,1.4236219268885455,2.300814330972763,2.5584671811408564,11.1983329858329
684,671,156.28586632739535,-41.04648682139627,156.2855645426926,-41.04642185610593,0.8520819577296843,97.99926874842167,89.1455455637225,-9.034478825987945
687,673,157.41133582449203,-41.53705891066354,157.41137954371132,-41.53725523587183,0.7165221976839217,12.089237306283684,11.88883703721812,-1.6576750376254075
689,675,158.1435948708831,-41.8480341256641,158.14360257034596,-41.848173920188515,0.5036836727258126,8.549867559779809,7.6798789329489,-10.175463195751707
690,676,155.512636415707,-40.70658229429514,155.51240981030023,-40.70659998448293,0.6216797442693603,35.53103288828591,34.33384600261268,-3.3694119994691225
692,678,155.84164705401557,-40.854107099957645,155.84131438484374,-40.854060511923066,0.9212405669864829,4.917852769142258,4.913364618133334,-0.09126241104828059
694,691,155.28848094492682,-40.610147329107456,155.28839069396219,-40.61011920898377,0.266618560323355,2.337381747266268,2.0990997554655433,-10.194397730683589
695,686,155.46916460487932,-40.68999540716461,155.46905595473646,-40.690403937819404,1.5003163177653858,0.8568180645333426,0.5038779385467334,-41.191956682056485
696,693,156.0039234070023,-40.92845530869953,156.0043989420202,-40.928241304543576,1.5054733455814682,9.380608783775642,9.45596967774415,0.8033689039334997
697,696,156.82600988753086,-41.28824920291415,156.82651549536297,-41.287907413110794,1.8397206894949594,1.3058730542596617,1.4338826355466217,9.802605304505068
702,698,158.12169521355085,-41.8456708059045,158.12193942341995,-41.84589457302857,1.0381960087276454,0.6329550719353947,0.3931830190903439,-37.881370017605946
703,701,155.14798231407687,-40.551030663156666,155.14792379744844,-40.55130487224424,1.0000456062422116,1.0471435708384105,0.8766703189702517,-16.279835603790886
706,706,155.51801071608165,-40.71850501528952,155.51832479890302,-40.71863954868464,0.9843700068449251,2.950807054301473,2.836950718401167,-3.85848121565029
713,713,155.2381814212083,-40.5943104387768,155.2385405166839,-40.593874635188456,1.850681586406802,5.377421108707176,3.292633217584717,-38.76928826992457
719,719,158.15563407761817,-41.86730609821854,158.15553363100463,-41.86728590886388,0.27892281128786456,0.6114014341770262,0.2759152351745312,-54.871673543598156
720,720,158.19824480182382,-41.88437644827642,158.1983105246166,-41.88466162300166,1.0416311052116276,5.495263301906856,5.1245034680181085,-6.746898438152986
722,721,154.5848325279613,-40.30447479616696,154.5844809236977,-40.304427064809936,0.9804778170630696,0.37181543966876535,0.31326192917731904,-15.748004048355051
729,730,155.62611979459837,-40.77473865019814,155.62634720250077,-40.774930160846495,0.9271888526915456,0.7563702741697365,0.49957390386379913,-33.95114523608444
734,733,154.87459830516002,-40.4383312899218,154.87441029552548,-40.43829483071131,0.5316001930816106,1.0607163573489866,0.7617860371107832,-28.18192801186833
739,735,158.0149763946666,-41.81428848925801,158.01500180510422,-41.81468852892131,1.441755740074098,0.34899317866969215,0.47121846382239363,35.02225619956393
740,736,158.1626546293529,-41.87679353275757,158.16251298715898,-41.87709203634079,1.1397115590207383,1.6431347681187105,1.1480358980654608,-30.13136108245752
745,737,154.83786016553202,-40.425537432776885,154.83770496642302,-40.425435735708675,0.5611914850603081,12.901262467224242,12.871562875015492,-0.2302068676162697
746,745,155.45909289507156,-40.70448053886536,155.45952877817214,-40.704442663837625,1.1973577411858154,5.454124939948403,4.986815951630151,-8.567991996213292
749,742,157.73603241949516,-41.696857494002224,157.7362762879351,-41.69694236530446,0.7232327689752982,1.6401712652298515,2.2966571586197047,40.02544778748176
754,744,155.09982295991716,-40.545707652409,155.09967598330743,-40.54569655598331,0.40404816028107743,11.534881669924918,11.644378327091887,0.9492655434208932
758,746,157.45240182131514,-41.57676607266879,157.4522199897309,-41.57676544611942,0.4896853130553013,5.685627283732337,5.706522464648928,0.3675088055169493
760,748,157.90780053328174,-41.77279592279854,157.90679403236518,-41.77338174912238,3.4278519194728383,0.19470930713153864,-0.3083391341183545,-258.3587033721257
763,758,156.23037902453345,-41.04929514046382,156.2307197198054,-41.04925932197323,0.9339059717413373,4.821866643711898,4.831562404082071,0.20107898219908021
766,760,157.71730848526252,-41.69382957038401,157.7173705265955,-41.693661733040884,0.6268090919634701,2.326291274167929,2.1213317680434125,-8.810569355629244
767,753,157.9339724391064,-41.7855775377528,157.93410848028248,-41.78595252776751,1.3984837953264084,0.6749650990101115,0.7781424531026532,15.286324321636668
768,755,155.0800417178326,-40.54044593092224,155.0800878067793,-40.540530124958515,0.3282796721508874,1.1828320138803252,1.3163928601899315,11.29161577825873
769,757,155.32615033763065,-40.65077022068184,155.3264660522345,-40.650921379175585,1.019657064073612,-0.20358484809819472,-0.12257650770473189,39.79094768113107
780,765,157.05262830709023,-41.40990933513073,157.05234456512892,-41.410300159601746,1.6020189640957108,0.1499190704704193,0.2804062434328121,87.0384084912929
787,768,157.63742662118653,-41.66342420123862,157.63752711869014,-41.66373530089015,1.1521105954974709,2.886736958156264,2.714177226702721,-5.977674237550058
788,774,157.9937008658441,-41.81767501784144,157.99385757332368,-41.81752711222866,0.6784436117790368,18.824038081890084,18.304353297350467,-2.760750813820265
790,770,154.54692704657384,-40.30639822368924,154.5468382693741,-40.306121740404386,1.0247453639520323,4.98065717466887,4.729048505776651,-5.0517162709346035
791,773,157.65718170206137,-41.67456987121638,157.6572208861067,-41.674597442566444,0.1447534545948045,13.766319014246237,13.445538929449484,-2.3301805258529216
793,776,154.87451859068986,-40.456306222288944,154.87468830773736,-40.45622422657345,0.5506930258320069,2.6465397549760965,2.7151577593001224,2.592744136754735
794,778,155.43232558490524,-40.70597257215255,155.43260348872155,-40.706124256716286,0.9345433460397248,2.205706407065345,2.725521924596017,23.56684987020905
800,780,156.75532363761224,-41.28850327881575,156.75553711542696,-41.28880230901807,1.2216110126963369,0.2768636227779623,0.06732086266557741,-75.684468046
803,782,154.66871450232816,-40.36341067106524,154.66806853035905,-40.36323054952332,1.8868428198682388,9.703166946297829,11.400698688342477,17.4946154326689
806,786,155.89029698272086,-40.911154589457034,155.88995443555132,-40.911109310628035,0.946086753092502,96.90878160087514,93.63948894686233,-3.3735772960985115
811,783,154.72894038573224,-40.39237830622734,154.72869802606053,-40.3924266051136,0.6868847503031087,-0.43873096234805686,-0.16551706885666895,62.27367497136893
813,801,155.09663839921672,-40.56225762042045,155.0971880077804,-40.5619082120544,1.960016373413227,6.378695721921205,6.132947472352996,-3.852641045780931
824,805,155.60377601101018,-40.79047968218351,155.6039556270273,-40.790660567126864,0.8146827139966927,40.66506858037558,41.249474272463594,1.4371196520495688
830,808,154.6521727491859,-40.36686537215207,154.65240063542618,-40.36694993819109,0.6952622135688862,0.17257548195341738,0.1760754327174523,2.0280695290073987
831,814,154.9794320755254,-40.515380832528194,154.97962998703537,-40.51503022005702,1.3735168113569411,2.3708460060829615,2.5105017765103668,5.890545824953863
835,810,157.31957679862793,-41.543266796139505,157.31976201709995,-41.54334439410083,0.571925057058452,0.5827893733742763,0.875340724838192,50.19847046456607
836,811,157.67262029237884,-41.695938165641365,157.67245786119122,-41.69603090587183,0.5496432218016586,0.7228505678689993,0.7047390954931456,-2.5055624469172373
837,819,157.96685802033755,-41.82130852076696,157.96670302867437,-41.821250574534055,0.4652083699203484,0.46440681284602275,0.24411420633349193,-47.43526589597435
838,813,154.7435152464347,-40.409486914030104,154.74391224209054,-40.40912785212375,1.6897083725221334,3.6926512973694483,4.933745607156921,33.60984316801311
840,815,155.3773112145262,-40.695813577637104,155.37705432970137,-40.695647483159846,0.9214948673640574,3.857662218447486,4.108070486843962,6.491192183675766
845,824,158.01820854114376,-41.845472923362905,158.0184036610862,-41.84539804827712,0.5886201469893602,3.673405515825415,3.2372945531335318,-11.87211596468377
846,821,155.32317482894902,-40.67139503471252,155.32295872953503,-40.67136631545601,0.5990394429461853,0.8408447892017298,0.7930608734981559,-5.6828461467827305
847,822,155.7477446668753,-40.86073146644596,155.74751910815232,-40.86081165631551,0.6785928891945399,0.0036463197555977114,-0.06360409844554352,-1844.3368302492004
848,823,157.24398345899587,-41.51483563356946,157.2435061788291,-41.51463103764947,1.4824842992774454,0.4045665049281898,0.33448207239279637,-17.323340336302273
849,831,158.16022282213598,-41.907443635346446,158.16021881641566,-41.907189490102766,0.9149858201607495,6.5732079823109455,6.521801752959615,-0.7820569422064441
850,825,155.05039981000508,-40.55123316553582,155.04999247006984,-40.552353975748645,4.185932469649178,0.3095044688633287,-0.24126300293352698,-177.9513794484383
851,836,155.34743123969955,-40.685985401120554,155.34714701537666,-40.68585555915395,0.9058152868394996,334.14024713166447,339.56539024139,1.6236125867195532
852,816,155.6639854577602,-40.825101683870415,155.66688052549372,-40.823573265868546,9.616407564130444,503.50649110604496,2.684862307334415,-99.46676709143578
855,841,157.33510750395018,-41.55728425197051,157.33531387765802,-41.55729349626196,0.5569358479246512,78.83030947143429,76.37843232385228,-3.110322874567042
856,829,157.3675969605641,-41.57083334450115,157.36730846564586,-41.57071677161998,0.883089524614454,0.13662030971001368,0.05123247477717097,-62.50010347223225
858,833,155.07359706601076,-40.563166959882686,155.07380998484655,-40.56312739845385,0.5994718656804205,0.6710445511196648,0.0957077802822184,-85.73749237326702
859,834,155.16326137533272,-40.603503489042275,155.1632063959763,-40.603703749185975,0.7364311867123283,2.917248470868166,2.8290207301371137,-3.024347826799819
860,835,155.30106868523612,-40.66749824542936,155.30088224431944,-40.66736351484255,0.7031613252292656,1.1084362448498697,1.1442081749505013,3.2272429079109273
863,844,156.51571710422766,-41.204119651545035,156.5161751392672,-41.203838173753894,1.6018454410513825,1.0770779975621991,1.1910142570819808,10.578273790538749
866,846,157.87725587200902,-41.79176710372952,157.8770037704202,-41.791785923392965,0.6800386270826503,5.761993439292774,5.385896186296434,-6.527207241015222
868,843,154.52498775495886,-40.3191017169837,154.5252076449341,-40.31914965316047,0.6277463737644229,-0.1034352385432417,-0.2689894260538117,-160.05588602317488
875,851,156.02121692482805,-40.99068695352511,156.0213814446759,-40.991033792887066,1.3262406475891506,1.4888910706284224,1.4141375358252795,-5.020752443064315
876,859,156.88743635572823,-41.3701052108246,156.88738447843718,-41.369828663108244,1.0053886572837734,7.288653339284475,7.399132034472757,1.515762789716205
878,854,157.6472129375318,-41.69754251889089,157.64842822025565,-41.69721571968812,3.4720817947199407,-0.12288405018037549,0.9764661750744844,894.6240164131777
879,864,157.9820805871708,-41.84062352432455,157.98210387053277,-41.84045187359082,0.6210898907415667,0.6630142838251936,0.6825749269950993,2.950259692302939
881,856,158.31251510837816,-41.979307266525915,158.31216751038383,-41.97943288611797,1.0343378354987007,1.547179590464926,1.3971659006810049,-9.695945493880389
884,857,155.63535973279252,-40.82031526856078,155.63503279917504,-40.82028007890087,0.8996451967399325,9.137854333817367,8.869273400047108,-2.93921224785008
889,861,157.18102828000772,-41.49870194277526,157.18112863962807,-41.499145426636765,1.6193114023411754,3.1200847953432307,3.1957789327784205,2.426028213982016
890,871,157.53499787878127,-41.65093900427072,157.5350923812673,-41.65078107936406,0.6227737774218625,5.182728041874001,4.485125093618694,-13.46014960883542
893,865,154.5913205674713,-40.356247887022306,154.59120833355996,-40.35607509998757,0.6940634308375863,2.6533195201972073,2.330355539858457,-12.172072676522053
895,875,157.35245459445812,-41.57473801414322,157.35267711957235,-41.57447088387652,1.1331174558444757,2.158467967047035,2.221176184629164,2.905218819064501
900,873,155.8414310199574,-40.915774931910406,155.84132478850537,-40.91583551240535,0.36205098433987926,1.3305629511962853,1.3959843793226752,4.916823218891719
902,881,156.30745532539066,-41.12320325278009,156.30742937010848,-41.12278503170165,1.507240316031482,2.5053946507993756,2.1941481382024164,-12.423053290133447
903,876,157.96916036648517,-41.83865556345962,157.96887493761426,-41.83865660208629,0.7655562193535771,0.4109112136750868,-0.0029901753095202873,-100.72769377179486
906,872,154.53128536328094,-40.330729534019746,154.53090049160295,-40.33088071888356,1.1882062583256088,2.890874315982056,2.5715054834466153,-11.04748244397294
907,878,155.07642016764837,-40.576905498965296,155.0766534853073,-40.57693006816005,0.6440674301598409,-0.039003606064939855,0.12807565019219777,428.3687410311641
910,880,155.50490936269452,-40.76801917629352,155.5043899959973,-40.76836190964231,1.878177359680746,15.615341340679418,14.839784430462911,-4.9666343712648064
912,882,157.00937990748295,-41.43016705125469,157.00917091568377,-41.430165609294136,0.5641232678751038,5.798556458913306,5.501490513989002,-5.123101706937186
914,885,154.81036242485357,-40.45932378856801,154.8099275776042,-40.45922450394902,1.243572052721712,-0.12614051152375474,-0.24015438987757107,-90.3864087568293
916,886,155.82537578867783,-40.912458639640796,155.82493092825223,-40.91235902932251,1.2622781858974736,2.1192082388903564,1.9240400057116935,-9.209488222868336
920,891,154.8847595171959,-40.4948194909665,154.8848627824004,-40.49482805863346,0.28438388954542715,5.573414960766093,5.714085735122487,2.523960181444274
921,892,155.47323627717867,-40.75812949375135,155.47358289288005,-40.757858987932124,1.3570955923629733,2.1565296635351063,1.538750899173086,-28.64689388734501
922,893,155.73111952411975,-40.874340963850734,155.73113864268913,-40.87449405889056,0.5535938488571366,-0.07241279928666419,-0.05965664554677069,17.61588264167923
923,897,156.5790278016901,-41.246561486613956,156.5794491955905,-41.24679166072819,1.4098295729521717,-0.12385899762398353,-0.3285170212490813,-165.2346842386109
932,904,155.67550832913292,-40.85372595401196,155.67512965893962,-40.853822206704045,1.0877749560759964,1.5995439325793748,1.7042430451128743,6.545560293843569
934,905,156.68353260500515,-41.29579397270852,156.68354374237205,-41.29564910241939,0.5224022789715407,1.16404052603074,0.7421136324501353,-36.24675293903491
935,906,156.8933842167334,-41.3878284006302,156.89274068866166,-41.38780663370738,1.739874339130391,1.1645785599944247,1.106404813453798,-4.995261679976762
937,909,157.318147835885,-41.571069094846536,157.31826832903374,-41.57116367406728,0.47036621621059177,5.011795182054026,5.31459300149951,6.041703789686507
939,911,157.78092116507838,-41.76878994880695,157.7807313428508,-41.768751815960485,0.5278405382483189,12.118381922690416,11.356751548909928,-6.284918057867229
941,912,154.73652570700122,-40.43523796647496,154.7368084561694,-40.435328158967025,0.8400478415185868,15.916455402801136,15.42066771468895,-3.1149378147657942
943,921,155.95351683453868,-40.97885945366848,155.9538321599015,-40.97869484666057,1.0419246805214388,0.4498485877793474,0.33927666819962343,-24.579808091775078
944,915,157.03106009132884,-41.44829771258858,157.03122140850095,-41.448408659973346,0.5907723317544278,3.205696224884277,3.253941194704458,1.504976343225491
945,923,157.65285804407887,-41.716859467777326,157.6530399287917,-41.716901535951166,0.5116846479385861,0.5502900223740141,0.9876378393936092,79.47587621756732
951,924,157.8514128609803,-41.80313322828927,157.8513473808249,-41.80320378659198,0.30886728114905043,0.8864634295368721,0.6854666903539088,-22.67400238811576
953,925,154.63824687780613,-40.39330318709042,154.63813998991458,-40.39326377444442,0.3256062660900028,34.84491785785052,34.71779408933303,-0.36482728711281626
955,929,154.50454115249508,-40.336268406270335,154.50448943312588,-40.33639645072038,0.4823139403313427,2.6317937640805122,2.736742300854803,3.987718878532916
958,932,156.9358940544637,-41.41411911997844,156.9357483507175,-41.41411325713613,0.393938715688306,4.047841555403873,4.09438424081522,1.1498149019497153
959,944,158.2015512538657,-41.95648314678648,158.20168082263805,-41.956436918914825,0.3847312357637129,0.3990507356531252,0.7450977049359909,86.71753698599042
961,949,156.27225493078797,-41.12721578186739,156.27197067627802,-41.12723006532344,0.7725271523955669,389.74244816778867,404.8709786944957,3.881673807363685
962,941,156.80988316693706,-41.360132349840235,156.80978389345142,-41.36013616626029,0.2685941066950793,7.480019638839137,7.1332773559026235,-4.635579847091497
965,947,156.038524738201,-41.02549524157773,156.03847836727428,-41.02562881004828,0.49706532579379886,0.7224643359947265,0.8966406808307585,24.10864262195268
966,948,156.17484460192216,-41.08413662527426,156.17488476204895,-41.08434353728015,0.7528122424892516,0.7312596558082743,0.9066753804975671,23.98815841896852
977,950,157.52236270403924,-41.672058957573896,157.52234953393625,-41.671950148265246,0.39331122254051554,2.788866404093999,2.622250937206692,-5.974307935393359
978,952,157.80304949701488,-41.79125549755167,157.80265668094518,-41.79142632166887,1.2205877512317334,3.937469932613083,3.8050773278095984,-3.362377543683813
979,953,154.5804666143432,-40.378670041398436,154.58013928262554,-40.378797657040685,1.0084071859815018,1.110868158105284,1.0628221630812262,-4.325085265384309
981,955,155.64647703576628,-40.856412747771984,155.64672042659646,-40.85656189415997,0.8529289801344342,20.4626926067464,21.11279793152971,3.177027272398026
985,956,157.89703806221388,-41.833656432235166,157.8966227745024,-41.83368603401131,1.1190133227610015,0.7281654234868492,0.7506136927849705,3.0828529581405877
987,957,154.97327999609792,-40.555859414093035,154.97354131276856,-40.55602153033343,0.9227537357048197,6.971488499619761,6.864203027194516,-1.5389177279873065
988,958,155.36940769377156,-40.735129646803735,155.36929960571337,-40.735118027391145,0.2977997726907322,0.2923759437926682,0.2841695602979852,-2.8067916218518896
991,959,155.8277100253567,-40.938732910380736,155.82792388897948,-40.93884798385666,0.7140519346707503,0.9407902546950689,0.3893924583753555,-58.61006675695569
994,961,157.58187643449025,-41.70125085264997,157.58176373131337,-41.70123251016064,0.31004220581653924,-0.12541336776901024,-0.2547791671270947,-103.15152336579774
998,963,156.97825566119172,-41.44308315366504,156.97839205902977,-41.44321201966708,0.5922038663839252,5.040463507897914,4.701917228169672,-6.716570394722083
999,969,157.2097572767455,-41.54461916051866,157.20958859774197,-41.54415487476353,1.7321179773228066,7.793477344688663,8.114993725910022,4.125454748905842
1003,970,158.1526835869302,-41.947677835899306,158.15273659344086,-41.947791369924474,0.4326627163241118,0.8018195224433163,0.7467124874862278,-6.872747970661227
1006,977,155.37767346291287,-40.744940356386905,155.37777553945457,-40.744822281956914,0.5081277359332197,-0.06288820905376669,-0.08700157731276248,-38.343226213327064
1007,972,156.3133445638104,-41.1569134370562,156.31347743385393,-41.156989544886486,0.4525162696185671,0.6491462699892822,0.5306094511037694,-18.260417469158348
1008,982,156.81065270392435,-41.37606410254307,156.8109300431332,-41.37592714382409,0.896886435937749,13.990733385976817,14.394824674266667,2.888278099094351
1010,978,155.52380859960277,-40.811980632940625,155.52342573754947,-40.811942970082804,1.0519552449038223,27.603805122890257,24.83055582696106,-10.046619600387993
1011,980,155.80010619485077,-40.934748245092074,155.80027664577344,-40.93504512364793,1.1649660936872956,12.330980592311501,12.439444966330605,0.8796086670246814
1012,986,157.15850687155503,-41.52880505013232,157.15838808314348,-41.52848061952697,1.2110315948163102,2.1256244974385106,1.6537082950206234,-22.201296747688552
1016,983,158.16105543959526,-41.95528981583688,158.16132510773625,-41.95543055031012,0.8819903760473236,0.2547047630369639,0.338310714671684,32.82465181956054
1021,990,154.89744298630535,-40.53569716981841,154.8971572538318,-40.53556434318844,0.9164116503462083,6.340768418946303,5.903042875806441,-6.903351679457846
1023,995,155.72181862255576,-40.90423840080185,155.72227098127064,-40.90408978751375,1.3420728477370272,4.267812114172546,4.4737772097631305,4.82601131635143
1032,999,156.3177559453148,-41.17018437373727,156.31759143638246,-41.17037464122465,0.81726236276772,14.125239121839453,14.168760494555954,0.30811069703741634
1033,1006,156.57269487712955,-41.28263567278155,156.57313962114083,-41.28257093184547,1.2255198848898539,1.4648793831178664,1.2880060669354976,-12.07425800518194
1036,1000,157.59488602242703,-41.72140329066022,157.5945187785424,-41.72193792020545,2.1628864338606713,0.27389235175566723,0.012556450637202529,-95.41555265902284
1040,1007,154.68250457760877,-40.44462791841787,154.68236081772898,-40.44470625967819,0.484424415082389,0.5523000028328724,0.4802977401133621,-13.036802887958407
1044,1009,158.3600777544707,-42.051213339586845,158.3600871563711,-42.05137920226668,0.5976343470371257,0.22093970480266892,0.07985781613459306,-63.855380269509446
1046,1010,154.65087151366143,-40.43337476445199,154.65091272789851,-40.43345026267521,0.2943228129484661,3.4695086115846605,3.6021943340789795,3.824337603638811
1048,1022,158.05554097205913,-41.925854590696815,158.05546694974373,-41.92567975112171,0.6599101401843601,16.547713788227437,16.38434498691655,-0.9872590461838524
1049,1014,154.53884228027107,-40.384013148018944,154.5390833298479,-40.38410696566381,0.7422908101298332,31.427708757253725,31.528785067349347,0.32161526911277627
1051,1015,155.07734326740135,-40.62625323127812,155.07744513920736,-40.626362682745636,0.48242256653440363,2.226845679347975,2.5133922690994415,12.86782431350913
1053,1017,155.98491649522487,-41.030541172868034,155.98519238647106,-41.0307335156972,1.0202052849759276,17.579235147174447,17.08061355096657,-2.836423723975389
1056,1020,157.77328384300054,-41.80710232563324,157.7732081728236,-41.806899119235645,0.7592012233045365,1.1934288506551043,1.1496456150034924,-3.6686925766524032
1057,1026,158.12378416842944,-41.95694049396424,158.12399716891872,-41.95680091942075,0.7600247667956007,1.9315868550761341,2.136645877051146,10.616091191349996
1058,1023,155.04160660960676,-40.61423081783109,155.0416109146857,-40.61428664379069,0.20131751568654388,3.3909588569043105,3.253564722546645,-4.051778277342354
1064,1027,158.31918869630599,-42.040015233958364,158.3192969991155,-42.0401040912459,0.43147833649783307,5.4391861029788275,5.378066949749792,-1.1236819640269862
1065,1028,158.4100028339791,-42.079165775989516,158.40951650270878,-42.079037217828656,1.3794291491249586,0.7732648178068231,1.495048726740978,93.34239607348474
1066,1035,154.61442764494606,-40.42411314984137,154.61495690475226,-40.42377057745431,1.9038891732095335,201.6259021761571,188.71637139298144,-6.402714454761282
1071,1029,155.81101810985362,-40.958465672554595,155.81101796264213,-40.9581112508426,1.275918225944171,0.5206953204488651,0.4224797834683627,-18.86238134343819
1073,1030,156.78360716406934,-41.38341632682099,156.7833444373446,-41.38387885574114,1.810018982110447,2.8252529161742044,3.3394068700344137,18.198510686131677
1077,1037,155.11681434963958,-40.65207385968442,155.11647146218348,-40.65207239132333,0.9365250285243781,2.8970037879244677,1.1624649399439753,-59.873544356777906
1078,1038,155.18139641395814,-40.679484006268005,155.18118970584453,-40.67900604509894,1.8108429265144355,0.8059064120957303,0.7711248400545204,-4.315832647461098
1082,1046,156.51525079782343,-41.27076245469366,156.51550573450353,-41.27061742372428,0.8651144814615805,87.46683780083903,93.70323710223572,7.130015738761353
1088,1048,154.6791975523131,-40.45733081951754,154.6794579625953,-40.4574383390835,0.8115681740857841,-0.32931306690794226,-0.21956905427104428,33.32513151310098
1092,1049,156.91211144361512,-41.447066918703015,156.912166862646,-41.44729493928822,0.8343847794653237,15.312468864771468,15.524918317818406,1.3874278205763968
1097,1051,154.72422884753124,-40.480773942777176,154.72447605877898,-40.48078603881199,0.6783242892675703,2.515233282200014,2.6468349511728486,5.232185416126729
1098,1052,154.93961337231946,-40.57831900269999,154.93969460018903,-40.57832119122569,0.22223805734872773,27.39692478319593,28.094286672582328,2.54540206576078
1099,1053,154.99708778492055,-40.602215894417256,154.99674333095388,-40.602230530388,0.9429643370183868,44.73329506473692,40.94806660526057,-8.461769815969204
1100,1054,155.53325085795376,-40.843443988006875,155.53310551534852,-40.84360862696225,0.7127209789075811,0.5066691899229161,0.374217140189617,-26.141721732369433
1103,1055,157.1422324450505,-41.54691179346459,157.14221694999594,-41.54714869875249,0.8538802228475414,3.2742003879332136,3.265343194009237,-0.27051471732210414
1105,1060,158.41856174444217,-42.09333647130407,158.41853550732188,-42.093225209160686,0.40662985645049254,34.55146009859083,37.49842667131092,8.529209950349637
1111,1059,157.6697781968648,-41.775327443048766,157.6694346372485,-41.77548363902462,1.0802558928878798,6.0103548284131385,5.905931639493991,-1.7373880893936762
1116,1061,154.82843134460924,-40.53188352882567,154.82822794854772,-40.531731312393234,0.7810256153502305,1.6891386195881843,1.9390086618051476,14.792749352796289
1121,1064,158.2140090419832,-42.00850396030396,158.21373127092016,-42.00869573334526,1.014256811348354,8.380061481962265,8.37227348704928,-0.09293481831544753
1122,1067,155.08991797085375,-40.65128935878822,155.08995466149426,-40.6514037744507,0.4239117015818409,12.804781939133191,14.021437018502924,9.501568126290902
1126,1076,157.04005202520415,-41.511326604319756,157.03964156175846,-41.5107175894796,2.4558579246674075,2.2984214596365926,2.0537838496400473,-10.643722845992977
1128,1072,158.04498033942352,-41.93906424897294,158.04524931773724,-41.93937135521859,1.319519181543753,0.7117824963303817,0.8145859884088227,14.443104826045566
1140,1080,154.95308691900087,-40.59617385698755,154.95276189045236,-40.596098933679535,0.9285160354003275,1.1882718260454543,1.359261276261289,14.389758847088402
1143,1088,157.33157868620867,-41.64247489950237,157.33166815267884,-41.64229864466589,0.6786346541102323,3.5685670259201983,3.146709976534603,-11.821469130926983
1144,1089,157.79307114309995,-41.84026328134059,157.7932709234634,-41.840276274942475,0.5378541690023873,2.3682689700991446,2.077185277235894,-12.29098960204106
1145,1085,158.17615145552276,-42.001628845150215,158.17605617611898,-42.00160289800258,0.2714730746940211,1.0983272968750128,0.7055684957821563,-35.759723190923445
1148,1086,156.71841327595445,-41.37786099743425,156.718216952726,-41.37770412100127,0.7747263134432535,0.4870246841153093,0.5186044464187919,6.484222121276644
1150,1091,154.60765867670744,-40.442569885215796,154.60791035244713,-40.44259709455194,0.6964646581489681,10.750165572933403,10.723627411053789,-0.24686281992187614
1154,1096,157.53129912997113,-41.73197005530218,157.53102643881297,-41.73172192987807,1.1552511091466944,8.462140399330945,5.972691447796306,-29.41866754812371
1155,1097,157.57337069131594,-41.748408924157545,157.57363692667818,-41.74854754308968,0.8719858926486419,2.111185115197037,2.1525655290225054,1.9600561564970236
1156,1099,154.494920935642,-40.393744104272564,154.4947692682118,-40.39367369880779,0.48699633335919956,25.683623589535767,27.03611650131338,5.2659738882353695
1161,1104,158.13231000513943,-41.98958900942904,158.13233693259198,-41.98987181420784,1.0206435683432846,38.522789269463146,39.51402354135264,2.573111373000302
1164,1105,156.08592313693106,-41.10702452741882,156.08616690724523,-41.10715021189885,0.8012217746344678,2.7196602535324454,2.967277186247037,9.104700941706708
1165,1106,156.3055177679434,-41.20282776392793,156.30520456991692,-41.2027858997476,0.8616046411009812,1.6282264009311171,1.3842161113974942,-14.986262929656666
1168,1113,157.85298213257417,-41.87338866591167,157.85313966177887,-41.873356610336245,0.43776319709451555,39.37326763391321,40.28113536095308,2.3057972619420126
1169,1108,155.80777782224237,-40.98731319698257,155.80760477613703,-40.987692513920585,1.4442419794845265,2.4648160535781343,1.591840281039214,-35.41748161172657
1171,1118,156.59346317754046,-41.33290891997751,156.59362660883502,-41.332674438147556,0.9527528629189499,11.656842408805955,12.076652291214257,3.6014030874361302
1174,1110,157.4494762551925,-41.70253228670153,157.44934868273572,-41.702254552772416,1.0570038437687685,-0.32449925769051824,-0.3912707894092281,-20.576790281101744
1175,1112,157.82637290369695,-41.86366604101959,157.82667537245402,-41.8639738354767,1.3731006840256001,1.9136250249637687,1.84444851120605,-3.6149461286977296
1177,1116,155.02750301064782,-40.639862702841626,155.02774524980586,-40.63995984595287,0.7484613871001199,6.80705045908925,6.625558396247,-2.666236484260362
1181,1119,156.73164750129328,-41.3938576200961,156.73102678533982,-41.39402416865665,1.78033634092446,0.8829711893360038,0.3159970246799547,-64.21207979417935
1184,1131,158.26719538719058,-42.05256110582495,158.2675160497081,-42.05237403486726,1.0900818807759953,6.079126175299267,6.192262827414501,1.8610676740833423
1194,1136,156.14316318357757,-41.14104494853331,156.14302298784867,-41.140925304066705,0.574445659292612,414.07551084075476,380.6192434296246,-8.079750319742233
1195,1137,156.15726899486262,-41.147778821216484,156.15773598793285,-41.147579792764766,1.4546511089371104,61.30683354788505,65.90332155000553,7.497513304989553
1196,1140,157.97689933291358,-41.93399295618355,157.97715186188776,-41.93397612054803,0.6790069623910743,0.43087801066879006,0.4840054996045755,12.330053430511173
1197,1135,158.30598641954,-42.071275856280735,158.30625472524807,-42.07138319248194,0.8144938595340377,1.8319319662793692,1.9149879016220197,4.533789293023589
1201,1141,154.72305311017234,-40.51202533288724,154.72260204248562,-40.51179019138224,1.4969033299469747,1.3684660586259312,1.3451334633300358,-1.7050181952867358
1211,1154,155.83204138972886,-41.00991593545059,155.83200328021368,-41.00943724221774,1.7264025072535036,-0.1441734984069138,-0.0012841751428400282,99.10928488451076
1214,1146,156.38054891998084,-41.250566784355115,156.38014265066465,-41.25033209420186,1.3867130257513498,1.165354971700165,1.0319078559530608,-11.451198904005613
1218,1148,157.91865427182339,-41.914511598578116,157.91852157283898,-41.91461059851475,0.5033815781145354,3.3434567535694115,3.500746054994631,4.704391682569256
1223,1155,156.12721728349712,-41.14196280465268,156.1270551683748,-41.14197536984615,0.44183099952997523,2.5913322496792563,2.3512600614992425,-9.264430997211143
1224,1156,156.610703627186,-41.35263264107502,156.61063686042024,-41.35249232444299,0.5363960658941381,0.21549577855424193,0.3260375660906057,51.29649790728479
1228,1169,156.46801420493742,-41.29374167971472,156.46832039329234,-41.29358343536713,1.005197032168213,5.69764828170968,5.7890167510424435,1.6036172261820831
1230,1163,156.78463542944712,-41.42956809678019,156.78405544914617,-41.429634833268516,1.583793492884912,-0.1339376726694715,-0.13818161138960247,-3.168592253057926
1234,1167,155.39168492100194,-40.82042199196364,155.39119149714637,-40.82062692176956,1.5333916682029447,1.8665137341791105,1.8543408573015692,-0.6521718353653008
1236,1168,156.15422801095477,-41.156593282096395,156.15384055638353,-41.156744436467754,1.182795455602228,148.2350571033219,53.74759470969487,-63.74164400784623
1240,1172,154.95598794503005,-40.62741808816807,154.95599712112102,-40.62730390172667,0.4118350395600597,3.4437434366638557,2.9416284669517654,-14.580498778344442
1241,1173,155.2590555356532,-40.76330053166484,155.2582620225619,-40.762901677003825,2.596768647624381,-0.005286771703904236,0.44034478365572793,8429.180988286993
1242,1180,156.7580115958988,-41.42409132901151,156.75844882589405,-41.423982629371956,1.2434394534823257,0.34711868263885226,0.18280070857564382,-47.33769234604046
1245,1178,155.37310593251308,-40.814475717550984,155.37279774511742,-40.81438563425742,0.900133287527292,6.71344361646892,6.6501773623384235,-0.9423815517761499
1248,1181,156.91244495604457,-41.492303687035935,156.91207021604205,-41.49253996270054,1.3208454442404824,4.767324669749079,4.752159958694498,-0.31809688043292256
1249,1184,157.33673799006516,-41.67516716090728,157.3364793426846,-41.67499410186881,0.9337273417384057,-0.8324107464037662,-0.2111817399861377,74.6301040804076
1250,1192,157.83230586633175,-41.888079263549564,157.8324088835475,-41.88795114630332,0.5375414001739922,4.864438477058219,4.7812791667793455,-1.7095356570151279
1254,1186,154.65915321778058,-40.49736568293984,154.65898243972157,-40.49733555679877,0.4799315268367282,177.5294136688337,178.06999405485502,0.3045018709010731
1255,1187,154.88666463282797,-40.599392916433885,154.8858155787694,-40.59959696077129,2.4342761366682275,0.08410812060470466,-0.119375136841809,-241.9305722010529
1259,1193,157.96318281129606,-41.945396986428534,157.9632461768526,-41.945610466029194,0.7870326677405473,5.237583894491523,5.476547109413863,4.562470401164593
1260,1199,158.37027892683844,-42.11771349487972,158.37018157037127,-42.117399650892864,1.159363326787416,16.269555998746227,15.145877796025076,-6.9066310279625664
1266,1198,158.07823860470066,-41.99532250739544,158.07812716784002,-41.99522669668552,0.4559201229794117,6.807551298308031,6.614543191421013,-2.8352060591153974
1267,1207,158.10899831810002,-42.00925115510258,158.10917137051217,-42.00894562014101,1.1933639777655514,4.931359669891223,4.623863896343382,-6.2355170608479265
1268,1208,158.20160240737115,-42.04829694492583,158.20149522820262,-42.04811862994636,0.7029748729877061,6.376355921215445,6.39984447812777,0.3683696017371661
1271,1206,157.97863693604208,-41.95578716260635,157.97831658439418,-41.95592465095671,0.9902152615664414,13.576665525176114,13.863207511432897,2.110547584201944
1274,1212,157.21538726042192,-41.62961134525298,157.214958965986,-41.62981768396928,1.3711182179841528,1.9894914671011124,1.7922204465832812,-9.91565049561508
1275,1213,157.9307888548027,-41.93540391855529,157.93015522749266,-41.93580587723919,2.2300961307683926,0.4596202346644584,0.10784704968910534,-76.53561754785706
1276,1219,158.23602637132188,-42.06698936323984,158.2362827194638,-42.06704145006189,0.7102890557494723,6.407336218399336,5.905124688994803,-7.838070491171973
1278,1215,154.969061844967,-40.64494359005682,154.96920069389475,-40.645063273648375,0.5740100024809032,63.44640835543977,63.004206124413855,-0.6969696827417072
1286,1225,156.61718528388312,-41.3743224172413,156.61705406330046,-41.37390436633567,1.5461685455018521,5.129295889586283,5.27842189031937,2.907338627819254
1290,1221,154.91174462194095,-40.62109621886031,154.91132618437805,-40.6210638757399,1.1492999592944724,0.9359267572276695,0.8401818367610185,-10.229958672221235
1291,1223,155.54366052550193,-40.901779711411976,155.54328536074752,-40.90180748461184,1.0257075181900654,8.24318390866139,8.316829427350196,0.893411083688485
1292,1224,155.61724916461023,-40.93492919648858,155.61677063834162,-40.934956185039766,1.3050382569626802,4.150097551730375,2.5518268195213674,-38.511642492418325
1294,1230,155.42210268924856,-40.85006524593518,155.42172861649064,-40.85008476365154,1.021067426999548,4.3660098403692436,4.700351191535138,7.657824040488621
1295,1231,155.7809450981906,-41.00892006670832,155.78071429856936,-41.00903373013537,0.7486971082263393,26.940397888033015,27.091740548402434,0.5617684675572144
1297,1233,156.58716252015415,-41.36344403407604,156.587403176905,-41.36361463942688,0.8944386185996082,17.238999171136214,16.91532565113667,-1.877565610313861
1298,1234,157.16180436276068,-41.613688562448125,157.16136030228148,-41.613786465768186,1.2460732621893857,1.6555881487472164,1.0876418611125385,-34.304805096874055
1300,1243,157.73742210774518,-41.86122113303917,157.73744641631217,-41.86122536368567,0.06693075692995101,3.324665475980371,3.0006156037140683,-9.746841437355364
1301,1245,158.04322968106678,-41.99112971463165,158.04362955005766,-41.99103462706721,1.1233546068245222,3.1009170018758194,3.4204367531445152,10.30404074263873
1305,1238,155.38050673093517,-40.833020615339926,155.3806323628252,-40.83349659430978,1.7473594643170383,0.18561010734050762,0.07865314126327137,-57.62453759105925
1307,1250,157.39406744086662,-41.71591823301998,157.39328535253716,-41.71608481188476,2.185532842343127,603.6618232569822,520.68070236484,-13.746292658433799
1308,1244,157.99062453464632,-41.970720482133615,157.99064637696284,-41.97081782190404,0.35526639586146763,6.480948116532419,6.080040034527231,-6.185948024834529
1311,1254,156.2836047455799,-41.23627598393192,156.28363078432557,-41.23596077209883,1.1369499924041322,2.8119521802268124,3.0442457911240464,8.26093745586019
1315,1256,157.6192243958515,-41.81423613522436,157.61904747661563,-41.814645975858554,1.5499086036540253,0.4197903933922545,0.25760375105089767,-38.63514861089465
1318,1252,154.6593705862186,-40.51420987311683,154.6594657386231,-40.51427095733946,0.34084656431603955,1.2379515116879298,1.0273198146513545,-17.014535306748964
1320,1253,155.98931132621044,-41.107221451267165,155.98914322178874,-41.10742064054642,0.8497825698417316,157.8892789871073,180.799060251243,14.510029693660467
1321,1257,156.15746619129692,-41.18302855823899,156.15736702553798,-41.182977850277794,0.32482708982414715,0.14598480179485063,0.036289176325641354,-75.14181210682618
1323,1255,157.26675588455862,-41.66517690223063,157.26659089179086,-41.665288563627655,0.5987312728178431,6.146298176854723,6.3342613883352685,3.0581531528744224
1331,1260,157.88465624758817,-41.93182820136083,157.8842542727728,-41.93144760143767,1.7425076267134203,9.367102631546171,11.41820585128584,21.89687996832705
1333,1258,156.02960790933096,-41.13056305211294,156.0293838673223,-41.13051538668387,0.6312741883047158,1.6411134608769085,1.1978333968657624,-27.01093340458526
1338,1262,154.6766672165767,-40.5267063136049,154.67672663063215,-40.52703418953258,1.1914972862060151,1.954193758359255,1.4941756484623276,-23.54004601279453
1341,1266,156.03810061707173,-41.13681677434884,156.0381222618675,-41.136582040788475,0.8470761505956644,5.54314924102394,5.80252833354307,4.679273121486753
1345,1263,157.54924720694157,-41.79238607452045,157.54913736336815,-41.79257619534064,0.7452328289633424,10.727785275970904,10.536835124343614,-1.7799587399926555
1347,1264,154.64180842161844,-40.5144755819106,154.64195752745235,-40.51451547109988,0.4326120927944084,0.03788886099741312,0.07732068324217153,104.07233473566451
1351,1268,157.40573066380816,-41.73278193586871,157.4054039473204,-41.732862858828916,0.9248148151103931,15.565812032775186,16.30546195303324,4.751759295953573
1353,1274,158.28159539781146,-42.10568485414995,158.28126160380864,-42.10562442417592,0.917681078405542,-0.32060295136583816,-0.2090187162813522,34.80449403510257
1354,1270,154.89580183518035,-40.63196258452627,154.8952637834259,-40.63169112656646,1.7651935194065016,6.698383906190929,7.019288932688304,4.790782836450756
1355,1271,155.10016472911943,-40.72382155001189,155.09993229186614,-40.72368009039548,0.8133267264366817,2.3595129145462383,1.8902492606601253,-19.888157890263457
1363,1286,155.87208102391708,-41.06907986121888,155.87249539959353,-41.06879149659615,1.5305363226011321,0.6876535857529729,0.7399849982949872,7.610141737967097
1364,1278,155.97999643521624,-41.11559098391316,155.9798449660977,-41.115570774081455,0.4172050030604305,2.09670762960397,1.981721840643159,-5.484111725320996
1366,1279,157.61955366720397,-41.82792567888094,157.61932753044618,-41.82804159015288,0.7362828010504172,259.6084592676455,246.1744529508791,-5.174718248651717
1367,1282,157.97679278021792,-41.978799967371565,157.9766512677617,-41.978901796582186,0.5270780973507279,1.9741546095117013,1.9733363122212542,-0.04145051692022929
1370,1285,155.44586965812377,-40.880012373151054,155.445644929907,-40.880297505444595,1.1949109960178277,2.744200210933298,2.924834671159795,6.582408218861822
1371,1294,157.9310760086504,-41.96297402328268,157.93116890012385,-41.96328634437961,1.1515239214853221,6.242075148858142,6.112834559373301,-2.0704747444202534
1372,1298,154.71210324678577,-40.55513602220751,154.71212816714038,-40.55521303241993,0.2854931393935127,3.202686133312639,2.6637419072820796,-16.827881459402093
1375,1301,157.68390880390652,-41.859582779486196,157.68369253076165,-41.859514924272055,0.629227878673958,0.3613701770032823,0.4478037627797703,23.918295221053327
1376,1303,154.6970260796324,-40.54948959992384,154.69685878824833,-40.54949711327453,0.45841434337214665,1.1000147841681858,1.1944924660499732,8.58876473676033
1377,1304,156.17278784101265,-41.20742697410244,156.17260450497508,-41.207465167586044,0.515229949073587,10.41021211133526,10.594663503022982,1.7718312529566984
1378,1320,157.5146594696118,-41.78943313057727,157.51478282132996,-41.78971205908092,1.057320190487446,5.216607154769418,5.878539675536301,12.688947070926995
1384,1307,158.2135989011451,-42.085082932377055,158.21343418933313,-42.08520988764103,0.6344631498279212,0.34602611094062574,0.2911959873608411,-15.845660730843766
1385,1308,158.33395354553633,-42.135869140938425,158.33381035594422,-42.135999628307445,0.6056327920250092,42.95577183948318,42.730687082882085,-0.5239918803977891
1387,1311,155.85603408087596,-41.069801490140776,155.8557927309033,-41.069907778561145,0.7586114692798964,8.34030080347382,8.281706029911618,-0.7025498833063286
1388,1312,155.92094134491322,-41.09663752813607,155.92105662393638,-41.09669556710776,0.37612151752704875,1.8929030952857984,1.863095402585663,-1.5747078006460178
1389,1315,156.40161809104032,-41.308483915674934,156.40170860394267,-41.30840688602845,0.3698769382377099,1.9782046849646662,1.9932669689753022,0.7614118056193495
1390,1316,156.75690496475238,-41.46455985638011,156.75672047877703,-41.46455010092939,0.4989282997763681,1.800147658999114,1.507996600385357,-16.22928303427029
1391,1317,157.35319945906804,-41.72194694445996,157.35324089010874,-41.72211591518688,0.6183974650633671,20.071815363012334,19.665197466296107,-2.0258152506998894
1392,1321,157.5384891886832,-41.8009938856507,157.5384097046914,-41.801071951463285,0.3528206497921195,0.5204989749941592,0.36429731856156217,-30.009983484472734
1396,1324,156.2676557755715,-41.25286838537687,156.2677418417101,-41.252625610234524,0.9044998123738764,0.4558125581203505,0.5110207832071425,12.112045643159993
1402,1331,158.22444688344982,-42.09578686616275,158.22448951806106,-42.09561313775891,0.6357073491543692,33.74984793422916,33.04896059150517,-2.0767125946459344
1403,1326,154.53822689721073,-40.48418666508293,154.53846556333784,-40.484377991735535,0.9494548949003503,0.9739220675179915,0.9341877496360025,-4.0798251941503505
1406,1327,154.99249544817982,-40.687481300081345,154.99270519845098,-40.68753165091617,0.6005820420151525,138.85082923484637,147.1943609501463,6.008989475452123
1407,1328,155.96642497544786,-41.12188861388033,155.96657823719127,-41.12198374689205,0.5385566690130673,2.2733375438273296,2.4019911850622084,5.659240599100874
1408,1337,156.691843065778,-41.440374243789066,156.69145683340807,-41.43994847274789,1.8536094560096914,1.2461461819065485,0.6971323582346305,-44.05693582689882
1409,1329,157.23015370519852,-41.671432496368524,157.23019195171523,-41.67164136670383,0.7589343192792276,58.52190883245211,62.607365489426236,6.981072112105506
1413,1332,154.75422524244618,-40.58201812511925,154.75403985057034,-40.58185511706731,0.7754343120231454,9.898925645273614,7.925206760050826,-19.938718159431463
1414,1334,155.09830773082982,-40.73669997593489,155.098115968226,-40.73666141178668,0.5411961067267155,4.446250987499807,4.557792444173302,2.5086630733865944
1416,1336,156.62728031923157,-41.41240943150634,156.62715723468696,-41.41248611291267,0.4320159322361633,0.626119985842912,0.7215752676438865,15.24552545187775
1420,1342,157.458098962446,-41.77305104850667,157.45794320884684,-41.77275269486209,1.1526071319714544,1.1409089211645391,1.0633931940409342,-6.794208169087124
1422,1341,154.39332519609388,-40.422352244046316,154.3934752264529,-40.42217589421254,0.7563819753514854,0.5035352330335139,0.6479728302884359,28.68470521611119
1423,1344,157.828566180323,-41.933075743593484,157.8285880413952,-41.93338363272484,1.1099460409166366,0.4752448550681792,0.4269137508112,-10.169726982114428
1424,1351,158.02521646464692,-42.01721236147225,158.02570261259055,-42.017247419273716,1.30636056568498,-0.3787172689403397,-0.13176490526934795,65.20757935384636
1425,1345,158.15696724560652,-42.071516299544164,158.15716281012536,-42.07157637837497,0.5655962586493809,7.901754639024672,7.893357956655809,-0.1062635168066856
1427,1355,156.95086903834596,-41.55824737162552,156.95194199876278,-41.55677702155129,6.030999242585876,-0.11768572780047391,-0.5948405327170099,-405.4483188696518
1428,1348,157.11562899699783,-41.629478635331985,157.11570142177567,-41.62975519411892,1.0145058014801351,0.7401842186976634,0.5767415272243671,-22.081353174601563
1429,1349,157.65560625574398,-41.86122930773092,157.6560094351669,-41.86139666439739,1.2375417236525665,-0.16494124991428016,0.10721347810488996,165.00100985084612
1430,1350,157.90236615700047,-41.96534539857192,157.90217559192848,-41.96524416570189,0.6269115516080362,6.683735724665875,5.918201128238715,-11.453693382908707
1441,1362,155.43518034534512,-40.89888153350554,155.43520747506548,-40.899135893078984,0.918665441655827,63.510042216130294,61.07720270514643,-3.830637527691594
1444,1364,156.98043765233695,-41.57682144389242,156.98071324419243,-41.57669253389288,0.875327679231652,6.5127169061462,6.256130122638715,-3.9397810039207797
1447,1367,155.59314506594907,-40.97101964786189,155.5926003196249,-40.97085213327854,1.598797966769269,5.866616938594926,5.1414658491764,-12.360634706656036
1453,1381,157.36516158993354,-41.746993876178095,157.36471589563206,-41.74691859017693,1.227403135815596,3.3058022864760295,3.135610056530964,-5.14828822768132
1455,1377,156.13935094552352,-41.214348312562905,156.13893862627853,-41.21455531305084,1.3424309859408912,2.142785739971892,2.1732341285683883,1.4209721498751213
1459,1384,155.65833842612872,-41.00514396783122,155.65835359608863,-41.00521394812743,0.2552777969492698,0.5789631295353372,0.5452825151352226,-5.817402297646468
1466,1392,157.84478439247505,-41.956407667660635,157.84465376709196,-41.956173904342556,0.9113157554574955,0.4609940411354222,0.809289173752114,75.55306610012691
1468,1388,155.21242401262322,-40.80780450058914,155.21269219679036,-40.80796211105385,0.9251789100641203,3.8977950971292623,3.977651883855522,2.0487682070582514
1470,1404,158.0173512075961,-42.03082933495164,158.01739613013976,-42.030810035284574,0.1387698922001138,2.2797135614003947,2.34547119243697,2.884469003034818
1471,1394,158.35371261783175,-42.17165616401737,158.35373837235448,-42.17172238695543,0.2481080342395975,2.096910605344336,1.9581337208201486,-6.618159313539193
1473,1397,155.3659309227539,-40.878154068207586,155.36611430536664,-40.878383224552785,0.9642228400994077,-0.3428603918409557,-0.3042780571693885,11.253074309459626
1476,1402,157.3241308331193,-41.73718664554046,157.32424392069632,-41.73750501300291,1.1857009431331014,0.5878836699383063,0.6000799850842954,2.0746136981945718
1478,1410,157.8047837201651,-41.94345086182605,157.80502324939076,-41.943566314781066,0.7642807962212408,4.720616820207131,5.253672362443007,11.292073950041265
1479,1415,156.37000644493,-41.325042424304144,156.36967539499057,-41.32480608594436,1.23487445209977,2.918482524401856,2.9744151250693442,1.9164959940594972
1481,1408,157.00738503263773,-41.60249599111785,157.00707984779288,-41.60250978102535,0.8230465958850373,4.855552208657168,4.899045011640072,0.895733401967312
1482,1409,157.2006677271605,-41.68591309350158,157.20081349655317,-41.686092336533186,0.7549596745682479,4.080180477627491,3.4683664799167953,-14.99477783067204
1485,1411,157.9447494301185,-42.00409577468786,157.9449493549049,-42.00429618084477,0.8980804047770918,0.6155883173359288,0.5644163983347449,-8.3126852086212
1487,1413,155.26651562004366,-40.8396190520966,155.26653841548017,-40.83985180768127,0.8402169893033283,4.083760324170178,4.488455621789166,9.909868980893796
1491,1422,157.95985866418584,-42.01283894376471,157.95975060730981,-42.01265201426848,0.7323894520481897,19.78847785770502,19.838689148186287,0.25374003418720587
1495,1420,157.30550798332257,-41.73466908767019,157.30570192503535,-41.734860796569365,0.8647340213088053,11.296897069267184,11.780385794579036,4.279836510391575
1496,1423,158.11767991510143,-42.07954593482868,158.11758380095327,-42.07994190475776,1.4484405461242262,1.618096083588883,1.7026505642300136,5.225553754112777
1499,1428,154.44266236826806,-40.47469813664302,154.44255042281182,-40.47463006812193,0.3924642429446503,8.657827759661778,8.402481629994085,-2.949309419822278
1501,1437,155.66221470952647,-41.021529046035525,155.66241348418205,-41.02122736711105,1.2128352184463493,0.6783278239630903,0.7645537065094159,12.71153555850856
1502,1432,156.7489001286901,-41.49736229915769,156.74885655032318,-41.497082521257724,1.014031377447992,3.6231282630845776,3.457345098236214,-4.575691303493155
1504,1433,157.68921399517166,-41.90137562150305,157.68907352005522,-41.901769751843155,1.4679456571045228,0.027302763428083632,-0.21180875372489072,-875.7777130611775
1509,1435,155.39282068903168,-40.902431758175986,155.39283309425454,-40.902647788783995,0.7784423451963498,0.5580752774843151,0.3909325715763735,-29.949849536676382
1511,1443,155.9534726804308,-41.15234338051246,155.9536200528048,-41.15215560436545,0.7852073052176316,0.5004602000869618,0.42939589223075075,-14.199792080141965
1513,1446,156.53297101486106,-41.40674263592254,156.5328202405841,-41.40643206015998,1.1898843893962303,11.161177268199374,11.225639023509572,0.5775533687997558
1518,1440,157.90543012566695,-41.99596586107208,157.90554058056222,-41.99594365283829,0.3061448700313497,6.576137842948169,6.950332510811957,5.690188934604679
1519,1448,154.60834998188,-40.554431232773844,154.6090832015382,-40.55414143279566,2.260664805728015,0.6111159780055271,0.19293903538138896,-68.42840928311583
1520,1442,154.9174907759546,-40.69315854788529,154.9171376129524,-40.69314967804617,0.964509758439912,3.5028224565140658,3.010577084605906,-14.05282106127731
1523,1450,157.07377386697445,-41.64305370906519,157.07372182386908,-41.64289508592899,0.5879569556982456,0.7163712877277619,1.0585888486474853,47.77097669634327
1524,1447,157.145307955132,-41.67194487625974,157.14490927284407,-41.67225656809073,1.5519171635255993,125.34650364953886,147.40591113941727,17.598741765909292
1529,1452,158.16818179021203,-42.11195000641932,158.1684186082553,-42.11182403136338,0.7782438235681335,1.3115013204374322,0.9334293499819105,-28.82741820873053
1539,1458,155.0355585927687,-40.750423193960394,155.03589709990652,-40.75058167976788,1.0852601291455337,-0.2794754093780898,-0.01128714247277275,95.96131105134089
1540,1459,155.1571011277301,-40.804602338573154,155.15704925891492,-40.80466854874478,0.2771127326048726,3.1428051709316764,2.919820133337725,-7.095095797104348
1541,1460,155.27309181101737,-40.85639391235555,155.27278807501287,-40.85634602525795,0.8448091398688508,13.143458008853683,13.0988435208196,-0.3394425424726914
1543,1461,155.5186072990707,-40.9670744485861,155.51809250530496,-40.967332408970464,1.6794738568506957,0.1853441691641387,0.010090141114998253,-94.5559975474262
1544,1464,155.86000777185703,-41.119315887277544,155.86051665375987,-41.11911852581132,1.5522571872958255,1.334448160939405,1.1931036290320818,-10.591983716161863
1546,1465,156.9484356650368,-41.59660356494709,156.9486042704899,-41.59691368913931,1.2051964111771656,15.3123644135423,14.803943139557166,-3.320331597747793
1548,1469,154.44155307822177,-40.486332395339694,154.44124281850958,-40.486356657357554,0.853975279737223,-0.07276095911583673,-0.20568539661205845,-182.68648339915873
1551,1481,157.44079816641954,-41.81099874950444,157.44102074846708,-41.81091334248328,0.6717407866140047,1.285290127583747,1.2185891454611983,-5.1895662069654
1553,1483,158.09236925862908,-42.08855113664959,158.0929501332936,-42.08829358866012,1.8077430001599117,0.5064802822413095,0.329761938978337,-34.89145569121605
1554,1477,154.8152626965813,-40.65867178500256,154.8145737216309,-40.658952286778295,2.135419294302121,267.4918724604031,230.62251577528895,-13.783355862736329
1555,1478,154.99976044721427,-40.74164295176448,154.99947800267532,-40.74153598585322,0.8612693460828786,11.549391105297582,11.454632105318964,-0.8204674957725943
1559,1480,157.24187226379277,-41.72714552658988,157.24169162930772,-41.72708695551949,0.5291481997476247,6.13005046838002,5.940666705571113,-3.0894323592568265
1562,1485,154.5534394913158,-40.54090739532898,154.55364581940793,-40.5407978300194,0.6886266675713704,22.213068671587358,19.636402455922614,-11.599776031668002
1564,1493,155.83282378527107,-41.11506324243866,155.83300671001373,-41.11460969457462,1.7064851811416273,11.058643428882837,10.481209669497593,-5.221560520498462
1565,1488,156.41000709723804,-41.367047880802424,156.41007151010592,-41.36726315573638,0.7942889949741038,2.4417643021089934,1.789727024769646,-26.70353058958933
1566,1489,156.6006382497132,-41.450492128767166,156.60072453697862,-41.450457386476224,0.2642961167445388,4.534888979785875,4.978522431896467,9.782675035443512
1571,1495,157.34475517789826,-41.77548222773236,157.3446048965554,-41.775528022333944,0.43584858471597715,1.080937691265949,1.1193894693975746,3.5572612965870847
1572,1501,157.48019963489068,-41.83363764539835,157.47993922236276,-41.83356436185591,0.7466673436110869,0.7767776266021227,0.7358593165323127,-5.2676993606007825
1575,1499,155.29460828942123,-40.878007247710094,155.29444590672398,-40.87826331560322,1.0223317048443596,1.465159089757948,1.4131833900350124,-3.5474441025733494
1581,1503,154.82444793454388,-40.66946288510412,154.8242537565582,-40.669199809643544,1.0853884694774663,0.4365814803091498,0.34897880616449384,-20.065595563655883
1584,1512,156.36461758623938,-41.354287316195254,156.36443678796448,-41.35370616249585,2.148443425731904,1.6416143690355025,1.9023220873875324,15.881179116701047
1588,1508,154.4872394539247,-40.51852185870166,154.48738162558337,-40.51850747430693,0.39251289361617353,23.394008060534947,24.024583983853837,2.695459117938215
1595,1519,156.25858559628847,-41.31221506928078,156.25881394821675,-41.31215120311075,0.6588903982537482,6.475529333973721,5.888433712758412,-9.06637266138422
1599,1520,157.03025116475874,-41.64962826721839,157.03024601106554,-41.64979830530955,0.6122940946049126,-0.19235165822834385,-0.09495970801295583,50.63223842852055
1601,1521,157.13946518175334,-41.696883211966124,157.13918578721567,-41.69709404092931,1.0677484283368153,64.38079686448286,67.21565547134234,4.403267348222896
1603,1528,156.54309618289918,-41.439128486912814,156.54318697721828,-41.43912681246178,0.24510743022706508,2.612859498255244,2.619653581443105,0.26002481926018556
1604,1529,156.58314888826084,-41.45778864031151,156.583146789416,-41.45797760186563,0.680285163169235,4.437281172965114,4.6538093392021445,4.87974860723871
1610,1539,155.80767130878183,-41.11996172492301,155.8080606152159,-41.11997258665433,1.0565241823309308,19.73504541048675,20.064137571324554,1.667552083072131
1613,1537,156.86216573568166,-41.58164845666291,156.8619217626579,-41.58135339763428,1.2489675903297042,2.2502367735785582,2.0994219084361903,-6.702177606960295
1615,1542,156.9803916908221,-41.63268880861078,156.98067283614907,-41.63251282347523,0.9867345755057872,31.44859990344442,31.96114626737242,1.6297907235986755
1617,1538,155.24182272525974,-40.868291196894134,155.2416733698167,-40.868175998318435,0.5807871366337563,6.488559552487111,7.3904006454941165,13.898941447818316
1620,1545,158.14719278209503,-42.13175389983557,158.14705002637282,-42.131860348831125,0.5404732384320113,1.4343832228732398,1.528334806676099,6.549963936043738
1621,1546,154.6115754438496,-40.58686299516152,154.61182471761774,-40.58693196861955,0.7253187723583541,32.85495032390198,32.25900761188097,-1.8138597262996479
1622,1549,155.78097621725354,-41.111824544613896,155.78069785066305,-41.11148016027847,1.4515952555132312,4.309896886166861,4.014871363600694,-6.845303503967519
1626,1553,154.95211328534697,-40.7445832275627,154.9522526734304,-40.74462520791766,0.40911233800001107,25.127826588270665,24.065574362266894,-4.227393970076252
1629,1555,156.7201489481497,-41.52513786389222,156.7200912886324,-41.52535266301237,0.788737757069205,5.245289319728655,5.5521903578830525,5.850983986718851
1630,1567,158.1757098250224,-42.14921440479652,158.17602129411875,-42.14925911315898,0.8467600699374668,9.316970728670418,8.864701415533684,-4.854252807138259
1635,1565,157.39692172630976,-41.81767161018036,157.39708056019154,-41.817926948741786,1.0131948725905378,6.641326556112794,6.586970872630439,-0.8184461797368687
1642,1572,155.89444438883996,-41.16976399883169,155.8940636995562,-41.16988397858086,1.1184160134469272,0.5518402407091472,0.6636630003178559,20.263610980056452
1644,1586,156.7951075513256,-41.564369687690245,156.7951206570645,-41.56408458408636,1.026979870049531,6.393706528831404,6.273473499983458,-1.8804902650094169
1645,1575,156.8439879325,-41.58498997898517,156.8438709353197,-41.58521455520639,0.8676863371059145,5.8944546631763695,6.026808528979165,2.2453962811798736
1646,1588,157.58146356347052,-41.90249061757892,157.58158813256665,-41.90233837572273,0.6417054313759892,60.875628544150544,59.46674285338327,-2.314367382252924
1647,1589,157.6373843329094,-41.92745250722788,157.63751364467822,-41.92690537488388,1.9998952308034632,3.176255278292085,3.2824896415562237,3.3446418488523415
1648,1576,157.66539688770285,-41.93803609786507,157.66537391927056,-41.93820310395886,0.6043600004624786,20.51491323870279,20.56328362132435,0.23578156075408369
1649,1577,157.99912025762933,-42.080169386640236,157.998785965483,-42.080368241479164,1.144685290177996,20.852682376325284,20.971390128240383,0.5692684987609667
1651,1578,154.40300557411084,-40.503980287286694,154.40319750373646,-40.50408751057722,0.6519285887339968,2.882589311024218,3.189278984406451,10.639381482798276
1652,1579,154.4787805189094,-40.53616363675784,154.4784227746915,-40.53627182229116,1.0534228384220856,13.07744498841892,12.813963389560351,-2.014778873793021
1653,1580,154.63523507285956,-40.60938953075819,154.6352718190992,-40.60963925054536,0.9045832324700555,0.3641251852252556,0.6647666816613698,82.56542217757635
1657,1583,156.36275063104156,-41.37555070064454,156.3628440858872,-41.37574841191362,0.7552080186910733,0.20140879564983138,0.4695228119947144,133.11931858776668
1660,1590,158.1425000732658,-42.14255975576275,158.14465239836338,-42.14346274171003,6.601115216580476,199.8231919469103,6.57801319705178,-96.70808321448521
1662,1592,154.6533338597735,-40.619311991716536,154.65312439604057,-40.6192522456594,0.6114561326609633,14.19521934915067,14.392646659698643,1.3908014077977946
1664,1593,154.90900864579112,-40.732881770630016,154.9090541344791,-40.73301637572537,0.5002144776467311,2.613200578526056,2.666223216844049,2.02903055944905
1665,1594,154.95949254823353,-40.755542556349724,154.95971825429564,-40.75566156492738,0.7499299683346254,3.128623627313169,2.8607204661153958,-8.56297187232604
1668,1591,154.38486202990197,-40.4975720247369,154.38501589886897,-40.49792172633141,1.3275255600086866,2.359391451985103,2.7716622408030003,17.47360695365019
1670,1600,157.75694334122392,-41.98257824753498,157.75635134625136,-41.982275730970294,1.9224425114306096,3.1604500894862113,2.5736113372549143,-18.56820185781508
1671,1603,157.79327357494586,-41.99894573268142,157.79331241727073,-41.99892264875662,0.13305938040363613,248.40480573631763,288.34472647399906,16.07856201464869
1672,1602,154.77880061211414,-40.67909281880108,154.77892849872265,-40.67904606985923,0.38759291109221866,12.093066937848628,12.190473357812097,0.805473255577616
1676,1604,155.00180785615814,-40.78226533982946,155.00212087542877,-40.78240849124936,0.9968128032507382,0.16625888634279612,0.23379505535842185,40.621088292615056
1680,1614,156.85953180651987,-41.60161424867169,156.85945253210542,-41.60149916178686,0.46604483774230715,97.67071878930163,90.27302176136185,-7.5741195720063565
1683,1612,158.21165884083013,-42.17889041378901,158.21178971502752,-42.17894808091254,0.4062022023746812,0.5570793564154184,0.11974567361764028,-78.50473684967335
1688,1623,157.21978767698528,-41.759621477268496,157.21956043807444,-41.7593053204676,1.2914328357424816,1.0265070771169702,0.7246370981129961,-29.40749126170672
1692,1619,155.98569712187208,-41.22201591874403,155.98570614241973,-41.222068110347045,0.18947078754632865,21.49930132921006,22.657173585991462,5.385627370170665
1694,1622,156.63434396027898,-41.50591441046876,156.63456571369971,-41.5059706554938,0.631203998180834,0.6696828055902156,0.7171898639263699,7.0939641782029215
1700,1629,156.7086958994475,-41.54181987967488,156.70849860927808,-41.5420025671971,0.8456549360498513,3.6978223938156636,3.579928367605813,-3.188201423816881
1703,1632,158.25832735843912,-42.205254642337884,158.25802642961585,-42.20508572768327,1.006852295951217,1.9521251081425819,1.9085897203122284,-2.230153572061617
1705,1633,154.713751043157,-40.65876235105976,154.71354366070724,-40.65871302064072,0.5935462318733244,25.905279790440833,25.78629934891366,-0.4592903164515474
1709,1636,156.94079044513748,-41.64321486926153,156.9407578379284,-41.6433112633534,0.35793458834443476,25.556952788070856,22.695569433884877,-11.19610533350274
1710,1639,157.82151526894174,-42.0222286876568,157.82149759520635,-42.022340501665084,0.4052960099569946,4.165472818575969,4.490313899690772,7.798420377782106
1712,1641,155.69301171532823,-41.10029472569646,155.6930317866887,-41.1006367465187,1.232478318031767,3.333903680584792,3.2003665583793586,-4.00542832065292
1716,1651,156.7252898689078,-41.55325187673811,156.7250950655365,-41.553035224913664,0.9400731250282549,1.0477501639431022,0.8189896610579345,-21.833497216955863
1717,1645,157.84824878714997,-42.03582319223155,157.8484898444341,-42.03595226073861,0.794563215711277,1.1892386544031792,1.1245277659117545,-5.441371103422461
1718,1646,157.96523345735707,-42.085194064812924,157.96515717230562,-42.08538876538474,0.7299531316061681,2.7855834736001532,2.114661921649666,-24.085494414689816
1719,1648,154.9701499480121,-40.77844957389406,154.96987859890868,-40.778385625954876,0.7747114217300927,14.475513835876244,13.67327998826236,-5.54200601588056
1724,1653,157.52186071558577,-41.8967792986396,157.52174476095138,-41.896923595078704,0.605303222087824,-0.4933254751280585,-0.6055254393405517,-22.743598267121328
1726,1654,154.61128240057596,-40.6182797228748,154.611534753814,-40.61832986877471,0.7128256090680085,23.924497830821814,23.531551196778974,-1.6424446474132826
1727,1658,157.04284854508577,-41.69279349225301,157.04275956628305,-41.69301077781269,0.8179814303557538,10.174580252400364,9.821636707979298,-3.4688757242619475
1732,1666,155.90383431701616,-41.20124474693808,155.90394643790947,-41.20146467690585,0.8479948611443843,25.039373529123317,27.211651827818777,8.67544987165466
1733,1667,156.40462266724631,-41.42076744442978,156.40432115251133,-41.420826783702545,0.8415154604985837,1.0363350184030429,1.024623858669668,-1.1300553899472852
1734,1669,156.95851197684297,-41.66031490867337,156.9583549023982,-41.66055044240738,0.9473346545812293,5.26101682614537,5.247935641571611,-0.2486436558946137
1735,1670,157.0938918172097,-41.71895983055707,157.09383080655329,-41.719060664535675,0.39830595455853407,4.58290149957155,4.532567078628038,-1.0983090286408748
1741,1685,154.78155931765218,-40.705179337910785,154.7816660064471,-40.70527075500941,0.4394116995571208,77.46908205677514,78.07946923773245,0.7879106925650421
1742,1686,155.1113522071777,-40.851031798569245,155.11129460787393,-40.85127070938368,0.8742636505003308,1.3286521496187698,1.2349287639424462,-7.054019797673575
1744,1688,155.58450909510404,-41.06258626105246,155.5850006208721,-41.062471533230394,1.3966518536725698,0.5967619303626167,0.35740573320750124,-40.10915994753099
1747,1690,156.89264775952574,-41.63722362010715,156.89231118177145,-41.63731810428722,0.9673424813340364,5.41332940664013,4.370729764096066,-19.25985958410703
1750,1691,157.7304381238894,-41.99675707099079,157.73009228929226,-41.996652027690374,0.9995599814473022,2.3877865259515314,2.178469230699529,-8.766164520029259
1752,1693,158.31739346285323,-42.2445318785174,158.3191797555692,-42.24529666503235,5.499305465502819,0.7927713439600941,5.63825703667282,611.2084814403476
1756,1695,157.3983397717947,-41.85719341534631,157.39850359254515,-41.857359812326685,0.7428194090918351,21.781547967274474,22.27864140293834,2.2821768058483336
1759,1704,155.5684928055857,-41.06149622543208,155.56855117404692,-41.06113184620407,1.3212986893452725,0.7596202198240686,0.6434101973006601,-15.298437230952496
1762,1708,157.44382484160187,-41.87912066140587,157.44362809854286,-41.87895335696992,0.8005365508174915,0.18746754220544182,0.8068079553498488,330.3720771383905
1768,1709,154.32685400611047,-40.50752799753583,154.32665055173823,-40.507433320206665,0.6529113741303919,62.76311013075622,60.72475899414125,-3.2476898171050066
1769,1710,154.6317761332572,-40.64538947873346,154.63165085562042,-40.64519549893327,0.7776638397823037,10.708321777880395,10.361265543219522,-3.2409955720397545
1770,1711,156.4206190680748,-41.439940739175704,156.42074359792917,-41.4400637667137,0.5559720577111579,65.29324132666416,66.41609230839717,1.7197047641046799
1772,1713,157.5187399912789,-41.91314546478476,157.5187727122809,-41.913542194371864,1.4309140270641718,2.2508165072108923,2.217334686191197,-1.4875411172981203
1780,1717,157.55178858577654,-41.9306936950712,157.5518207987592,-41.93086681702765,0.6291820621268542,1.9408466398298527,2.005316518387934,3.321739968271431
1781,1719,154.43895901397147,-40.562434515429146,154.43911211432732,-40.562348811006,0.5201132072058252,4.1703000845209335,4.604943093116445,10.422343711158648
1789,1732,156.46172427833784,-41.46393238984609,156.4621602412754,-41.46398577770053,1.191715436382805,0.3008134634341963,0.15219578468946687,-49.405261668828174
1792,1729,157.84619698369238,-42.0604621961442,157.84637631339558,-42.06059440317451,0.6754702538858577,68.88783808711314,68.00905737241241,-1.2756688830754843
1793,1731,154.6523377793082,-40.66261361890892,154.6521728654165,-40.66262185654789,0.4513246268795888,2.456276415926602,2.475520684592712,0.7834732500515486
1796,1739,155.99832424717536,-41.26319131243513,155.99866032985446,-41.26310364008023,0.9626759234495738,0.7562039298595509,0.7663378569892524,1.340105060229412
1797,1733,156.81437237547513,-41.61886565775273,156.81440393940056,-41.61904538039709,0.6525542373316331,1.9182540861472268,1.9985703108640036,4.1869440183542235
1798,1743,157.0148468076842,-41.70665317454593,157.01466031306686,-41.70640482423799,1.0249752597634807,5.705691652746129,5.019503077667041,-12.026387278548917
1799,1735,157.53721121170392,-41.930401306966544,157.53691075576015,-41.930435709770784,0.8141696335422294,2.420721440093682,1.9742999248146522,-18.441672300045937
1800,1738,154.7903350551218,-40.72684223417797,154.79054323171732,-40.72715533229983,1.2621542074781598,2.072550628301699,2.1081832435627703,1.7192639240986751
1801,1748,155.11986016957917,-40.87522050364595,155.1201266036023,-40.8747054064644,1.991134446223659,2.8250632044698243,3.210962168056829,13.659834688881803
1805,1740,156.11722257829408,-41.31670446145586,156.11677720611237,-41.31701890371091,1.6527409269615372,5.347047453386065,6.200502363878127,15.961236886940371
1807,1744,157.18927636320558,-41.782606318830275,157.18967813308225,-41.7827491033776,1.194755576042771,0.10463673752617603,0.47201616410353003,351.0998481632228
1809,1752,157.5775010899444,-41.94982617582977,157.57750949970819,-41.94980978087829,0.06317096731926085,7.517126085069741,7.522642544695453,0.07338522147005613
1811,1755,158.2737653688856,-42.24560755352852,158.273125290609,-42.24589305329942,1.9915012551233475,3.8801975391220727,2.4959139092273004,-35.675596820464406
1812,1746,154.49897157686732,-40.59732505212302,154.49902421610207,-40.5972724389258,0.237863731579234,3.913846811092633,3.92211185204643,0.2111743599767929
1814,1749,155.20546549421283,-40.91446304713142,155.20580646659454,-40.9141744907697,1.3926848895419885,3.823713590394201,4.156880312660858,8.713171486055526
1815,1750,155.40200855587548,-41.000974784204416,155.4019261324797,-41.00102914822241,0.2974062212046365,43.74717925938788,44.0905786292056,0.7849634550872975
1818,1759,156.92135736006188,-41.670508499015334,156.92065663267292,-41.66989675685359,2.898413002567196,1.1495426194312066,1.2163704592472175,5.813428635562666
1821,1754,158.04357619587654,-42.149139320914976,158.04340912729126,-42.14907397823147,0.5041562864378202,491.6436355084719,502.27740569223783,2.1629020322348285
1824,1760,157.31604355921482,-41.84106580073806,157.31591267060978,-41.840864001417316,0.8068461730973305,0.46010909425291213,0.1462183793757911,-68.22093255661277
1827,1771,157.4440046312231,-41.89895929881372,157.44443112284998,-41.89898416390619,1.1463122988132766,0.7735793767511611,0.6518302975412537,-15.738408089577433
1828,1772,157.5217028604184,-41.9320290265959,157.52163564105234,-41.93196193493667,0.3012405957512462,-0.2993728014023161,-0.18771439755593222,37.297444297997615
1830,1766,154.98540304268062,-40.82136368413613,154.98548585828397,-40.82128140497002,0.3723433521266146,2.7998453541104946,2.5751436622376143,-8.025503678015374
1831,1767,155.29083607686903,-40.95711992312811,155.29083483285515,-40.957276088316696,0.5622048521130751,11.467967878165199,11.986320603503598,4.5200050335450745
1832,1768,155.88797253499237,-41.2224224480561,155.88813032215245,-41.222509925118096,0.530769097822262,3.8146472007085213,3.5876298717010617,-5.95120117439154
1834,1770,157.27674386214602,-41.82871823533174,157.27665649700742,-41.82878238416329,0.329021145402707,2.4444605486447264,2.471480317444273,1.105346896047363
1835,1773,158.1108849853344,-42.183381733274175,158.1112070071337,-42.183240188782364,0.9987875479812998,47.00324419379629,41.75128375402459,-11.173612651326053
1839,1778,157.1443199768876,-41.77363626084056,157.14442685624456,-41.77391870920299,1.056528162448331,15.485841387685648,15.901913406812156,2.6867898792852736
1841,1787,158.14388593954524,-42.20011178957895,158.14271453706374,-42.199943369182144,3.182301233337951,3066.1296558251556,3042.3907502354705,-0.7742303246891411
1843,1783,156.9343068069616,-41.68490086116507,156.93386192766738,-41.68498578440787,1.2345242297024714,5.444900654892092,5.459132059693635,0.26137124813758605
1844,1789,157.7292175992048,-42.02722124579051,157.7298851043746,-42.02709238952061,1.8443193522383865,0.6754053772850841,0.31206590704347426,-53.795762139490144
1845,1788,154.93684002777658,-40.80657914053159,154.9367007055138,-40.80658550452758,0.38033156169521637,20.407419553439166,20.923634404328578,2.529544950735414
1847,1794,156.03861168011295,-41.29598391968586,156.03818710691476,-41.29615973276661,1.3112215960048963,344.00876375032146,328.020235718625,-4.647709511057928
1851,1790,157.90793265183257,-42.104170656797436,157.9077338954444,-42.104375179867176,0.9077061094101434,7.804710898339333,8.198268468935323,5.042564365577341
1852,1792,154.6414778562003,-40.67395196573838,154.64141748637073,-40.67410715861298,0.5825019350299246,0.5707679582151154,0.41531127329927414,-27.236407138547104
1853,1797,154.830762815785,-40.76123637996211,154.82994786798685,-40.76111555506338,2.2643500675278125,1188.2320217506108,1010.7839599433382,-14.93378890309992
1859,1800,155.25624488988203,-40.951739399596455,155.25604067207385,-40.95186275198428,0.7109895834631073,0.26089032652930205,0.5775654637915804,121.38247572269061
1861,1801,155.53925137390178,-41.07847427722859,155.53895444026426,-41.078380383142225,0.8738199925605267,3.1211768626832086,2.4946592611948213,-20.073120782709623
1866,1810,157.128365746142,-41.776858159939245,157.12816422590006,-41.77681164017174,0.5663454295337943,1.311545505091594,1.5743462909627046,20.03748896632888
1867,1811,157.80846611553756,-42.0684446253769,157.80848374236248,-42.06822216089461,0.8022563332674427,0.8059155462251907,0.7946375186195598,-1.399405639766573
1877,1825,157.26585817986066,-41.83989384620815,157.26632257743123,-41.839786884368756,1.3036987705491518,2.350856383945753,2.6208698076369554,11.485747301925924
1879,1828,157.7312570456852,-42.039386365044,157.7315814445419,-42.0394120402742,0.8722448618877771,97.2007103134827,95.0226012703668,-2.240836549538847
1883,1817,154.76362653002914,-40.74066920183947,154.76346904161065,-40.74060234076184,0.4924076618658891,91.66163002560417,89.97924202346216,-1.8354332141726672
1886,1818,155.13407397116336,-40.905729492495915,155.13385033535934,-40.90554546124923,0.899537381951695,4.4602184066583135,4.816266851330226,7.982758067192294
1888,1819,155.68661682223672,-41.15131752902433,155.6867982747372,-41.15158652714124,1.0861469861011712,2.2974731069918493,2.144892615467515,-6.641230796564679
1889,1820,155.78290639051147,-41.19343000459761,155.78304219587784,-41.19376979610956,1.2773735028805189,45.13207259243381,41.27153775521193,-8.553861180018306
1890,1821,155.81204466386447,-41.20626201861261,155.8123003425317,-41.20659663887997,1.389488764914714,0.09840872653218978,0.19622929146268941,99.4023277991533
1891,1822,156.55152123889036,-41.5319064173944,156.55156638291584,-41.53199724400271,0.34887547815916176,1.2502456751957882,1.9139890126857038,53.089032872357144
1892,1826,157.42325690657202,-41.90887550537125,157.42319142315145,-41.908856260224844,0.18862454250335955,25.368131576187473,25.537422521905405,0.6673370689895127
1893,1827,157.46694533247978,-41.92791099635382,157.4671011654407,-41.928211469024994,1.1594307404798427,0.3551871779598998,0.36413328345399393,2.5187017013052597
1897,1830,154.80549691809748,-40.761042357359365,154.80528351349545,-40.76099720647996,0.604182904682179,1.4317821359449319,1.4056208318665735,-1.827184696720128
1898,1833,156.040706287025,-41.30896732017703,156.04049961194124,-41.30903185668422,0.6052533433774304,3.9781674230901647,4.743193286606187,19.230610031031958
1900,1834,156.63143932336925,-41.56852776329716,156.63105239496747,-41.568399591364766,1.139728382869359,2.3815697428552927,2.3106667346596863,-2.9771543919011956
1912,1846,155.24455735850964,-40.96241178439428,155.24452808394076,-40.96262088116297,0.7569435516622066,2.6935036085828052,2.9773348890438376,10.537623916916562
1913,1847,155.39041047756584,-41.027606315606214,155.39102597886705,-41.02765494762668,1.6807311171606476,9.265750238047742,11.981852550806503,29.31335556192407
1914,1848,155.86322444938133,-41.234754708790696,155.86323343201917,-41.23499520494459,0.8661276127430175,3.7521495692750455,4.016380774828933,7.042128803115384
1917,1849,157.56877075424805,-41.97722313586154,157.56865218589112,-41.977402104440245,0.7181911592032935,1.4262684686946479,1.1526553005121754,-19.183847514548873
1922,1854,156.13147662386092,-41.35509709250747,156.13113534771543,-41.35506874882446,0.927846411503397,3.2488918758472365,3.1583911520299868,-2.7855874333660062
1924,1862,157.96025969815517,-42.14643896701387,157.96058437609457,-42.14646008333065,0.8699436661213539,2.014556134920362,1.930173141328571,-4.188664298258762
1925,1856,154.43782979180494,-40.601354806289535,154.43770620796994,-40.60127429641625,0.44509525835395314,0.8361671377374436,0.6019876381876761,-28.006302685301154
1928,1868,155.97126118158715,-41.28833546366779,155.9714132124561,-41.28816428511289,0.7408651465961861,2.5906175364673394,2.459997682715596,-5.042035418700259
1929,1859,156.70012449294902,-41.60714842900342,156.6996970564584,-41.60727224542766,1.233886391592148,21.56056358278075,21.331186928289082,-1.0638713297590103
1932,1867,155.7033371582439,-41.17031134383992,155.70342026426707,-41.17037470329809,0.3205413700105117,0.510985455067956,0.6667370548577966,30.480632715686028
1933,1869,156.15025052097292,-41.36817349215258,156.14943133812162,-41.3677829099197,2.62210000212899,833.080798650317,803.90436767025,-3.5022330399807524
1935,1874,156.40727408708176,-41.48170258581818,156.4067619758931,-41.481151199682486,2.418226356421883,9.392243406448436,9.197322982855475,-2.0753340299840906
1942,1873,156.09376828078055,-41.344444659208186,156.09331066083033,-41.34436464181749,1.2699163131629156,0.8415524573808851,0.7463810224173141,-11.309031793427065
1947,1884,158.22911946554197,-42.267927178622,158.22869094697833,-42.2676936735334,1.4176957045552145,0.30152269416299904,0.24611689378032814,-18.37533341776234
1952,1880,156.27618966390386,-41.43023877610142,156.27597419696886,-41.43020627179108,0.5932314282555049,0.03725742183522179,0.11251236280739572,201.98644260733758
1953,1890,157.57415275033804,-41.991910156787455,157.57432155289186,-41.99182599251412,0.5438744694757635,1.2169819371872375,1.4312200967643918,17.604054179498714
1957,1888,156.23678952577512,-41.41472888484469,156.23655720843757,-41.414907183840015,0.897437164090003,7.9680803908567865,6.7116316414036135,-15.768525012560403
1959,1891,157.91211041297274,-42.13694494274114,157.91183749535398,-42.1368818234118,0.7631818170727114,5.583113629086434,6.0875080485691,9.034285400442425
1961,1893,154.6638715311762,-40.7159848863646,154.66373998052708,-40.715847490336614,0.6111481035460133,0.6364328548807767,0.42700760747995964,-32.9061024733
1964,1895,156.1881261503277,-41.395504947912194,156.18765393511362,-41.39553660241937,1.2803391818670982,4.1167680814649685,3.742783078036183,-9.084432157171735
1966,1897,156.96990915683642,-41.7360250384647,156.96970291184027,-41.73622878426379,0.9192256197166668,16.012483962877972,15.551489173705306,-2.8789711217909644
1967,1898,157.16611315484815,-41.81899594338423,157.16622861274155,-41.819057994319564,0.38190810748782955,0.6207976513110525,0.6548569398945139,5.486375232176242
1972,1899,154.39749075918385,-40.598584546540366,154.39698248369987,-40.59811654393857,2.183770957800009,3.9465200092606674,4.254913344214551,7.81431068967664
1977,1905,157.0523487814278,-41.773200631713514,157.05205706761654,-41.77329897112346,0.8594989757316476,0.11466469731633921,-0.13962653618207665,-221.76941940279335
1978,1908,157.87658631666312,-42.12656232118354,157.87624155818554,-42.12654804576507,0.921936582770655,104.38580395260131,86.71391329369867,-16.929400349234225
1980,1901,154.9569492277814,-40.85124650274872,154.95686805685457,-40.85136993690952,0.4963010205155275,15.062518173656866,14.753811838730812,-2.0495001656891376
1981,1902,155.12968301578093,-40.92902278107203,155.12951130443457,-40.929061992231645,0.48790037010220705,0.6702844811293935,0.7814982450540852,16.59202429053741
1983,1904,156.5117654081595,-41.538956188940645,156.51147417748055,-41.53919907268285,1.174896492557341,7.002111327098261,6.73067058950793,-3.87655558316891
1990,1913,157.12683796550024,-41.80897861408721,157.127238349202,-41.809029724128486,1.0900059624603404,1.3714094275072688,1.1757711139320046,-14.265492831769762
1991,1914,157.3457989381686,-41.901862411916554,157.34574662879226,-41.90207355278362,0.7729214712003724,23.99788796720818,23.705895399783966,-1.2167427726273459
1994,1920,157.67676421145052,-42.045242772626736,157.67691664976644,-42.04518895582443,0.4512398026177151,4.015309435066369,3.7431439365444112,-6.778194879455389
1995,1916,154.33217255950444,-40.57351876121007,154.33203312394193,-40.57332204671356,0.8042905990536865,22.173264663507428,22.949718027523293,3.501754819594721
1997,1917,155.61950029093381,-41.150606542045274,155.61909095241717,-41.1505722716395,1.1164469679121811,5.610216517483474,5.073062365764788,-9.574570786077832
2000,1932,157.8893485158538,-42.13762749183466,157.88980465696298,-42.13751908817092,1.278689797036152,0.9068126819777572,0.9015960834608545,-0.5752674858412115
2002,1925,155.16499884766228,-40.95215628135126,155.16524904438958,-40.95228282777362,0.8187202077067385,1.2542814165864908,1.0239523525857999,-18.363427932108593
2004,1931,157.70027953737107,-42.05762550592291,157.6999427004813,-42.05758740617601,0.9107183684225335,5.452742959564462,5.122644710141386,-6.053801763093616
2005,1933,158.03854821505632,-42.20117543631882,158.03811492912845,-42.20126684524483,1.2014505985033215,25.78185040380629,25.657307348524636,-0.4830648434111827
2007,1922,154.4387126643495,-40.62525016317791,154.4387753569239,-40.62556768924463,1.155857379839421,1.379913359947329,1.0228715494292469,-25.874219417058935
2009,1938,155.02087105968408,-40.89028948676269,155.02049036715283,-40.890065580771314,1.3126789900022726,52.18122282657172,50.84788859943488,-2.555199274590165
2010,1939,155.18128288163362,-40.96050747489083,155.18126945312477,-40.96038394223964,0.4462134255922761,4.0932534175847515,4.752243731345991,16.099426215103012
2011,1940,155.29573936236704,-41.01268858359986,155.29584881634867,-41.01295486798652,1.0036737095687014,3.435782400949938,3.537136744745027,2.9499639955972237
2012,1918,155.9351422732845,-41.29501613580849,155.93794631438286,-41.29353398855593,9.273197446840415,0.2805395008625976,432.64250028056097,154118.0330934788
2019,1943,154.56715806386086,-40.685902361117016,154.5669442473679,-40.68561082621813,1.2009158138768072,4.172572631731744,4.226366013836832,1.289213798125352
2024,1946,155.5097440822104,-41.111591187250724,155.5104388698492,-41.11203508457544,2.470838530193556,2.0106616336883536,1.9405510910659765,-3.4869388985040968
2028,1950,155.36712157884222,-41.050204576058555,155.3671317229654,-41.05034798274049,0.5169980955967292,6.435304252567473,6.205648812723071,-3.5686803736245576
2030,1955,155.92109121586927,-41.29696962919898,155.92138090069375,-41.296351836143764,2.358029808566956,0.5984047404054379,0.5450133304786142,-8.922290603956332
2031,1952,156.67228079204006,-41.62352818190511,156.67165531502852,-41.62333340411563,1.8234323451807197,1.871576162310082,2.2260153856419693,18.938006930714693
2032,1957,157.0283944189374,-41.77925701736075,157.0281937312758,-41.77901513650944,1.0239669837266554,4.491838735771703,4.8318706002131595,7.569992701063409
2035,1958,154.38440579154897,-40.61084505286622,154.38450663765096,-40.61078946727245,0.34059038511328643,1.2420645219799813,0.6625890688652091,-46.65421504762309
2038,1962,157.58485531675558,-42.019785056029754,157.5852265827111,-42.01973466529282,1.0093822978213087,6.587840822535879,6.552820154057073,-0.5315955473454396
2039,1961,156.46166358460664,-41.5368318181009,156.4615588218558,-41.53693996682371,0.4809136771451656,1.5104797500061158,1.5326244345906483,1.4660696102971853
2054,1975,154.52494466963554,-40.68439732600214,154.52515064916494,-40.68403935904183,1.4060195909590767,1.9565998812273562,1.9046404430106942,-2.6555985572312455
2055,1976,154.70476554817077,-40.76581228204353,154.70477814277348,-40.76592056963802,0.3913449167706435,2.855975999466334,2.140227086135817,-25.061447066231
2056,1988,155.50783812104834,-41.12547263623755,155.50821404068313,-41.12535318059664,1.106405372645019,0.4447880390249053,0.21956210658611228,-50.63668819254868
2058,1989,155.68887409626473,-41.20538849782691,155.68905315386652,-41.205162253117166,0.9479336111743556,23.386387231388944,21.66831095733463,-7.346480057203246
2063,1992,157.07303171593327,-41.80982968871005,157.07276399787932,-41.81165045362073,6.593999865107617,82.20148358760312,16.746545087431674,-79.62744179722173
2064,1982,157.22439587483984,-41.87292691765861,157.22411775353441,-41.87293380875622,0.7459604889010286,0.6630512449239289,0.49044560415863936,-26.03202121807227
2066,1991,156.13266315845183,-41.401120089321466,156.13230970370623,-41.40104356863375,0.993411898644558,62.295134376839194,59.93799014248611,-3.7838336138647977
2071,1985,154.5583501839897,-40.70149983915101,154.5580408545747,-40.701770470709356,1.2891579646845217,0.9077677486226138,1.1389310140218054,25.46502293675264
2074,1997,157.3654920852031,-41.93943892977666,157.36537803084673,-41.93934279438292,0.4615835938878768,0.24796402186115146,0.23776353978486797,-4.11369439797008
2076,1998,154.95846110757864,-40.88610289362874,154.95882889274398,-40.8858591997809,1.331020974570377,0.5674524910523986,0.6181130978892619,8.927726573709824
2078,1999,155.429748313658,-41.09420665218124,155.43006646683844,-41.094310236552644,0.9402767059000192,39.88236779180237,39.41123275729103,-1.181311593561356
2081,2010,158.16768791435985,-42.28276337952179,158.16749961615156,-42.2830258853534,1.069850223853092,1.3065534102914496,1.1316353000057107,-13.38775046683475
2085,2016,156.56899822671062,-41.599828864535496,156.56885997183798,-41.599708921790274,0.5700649114958973,2.6421901027070964,2.5713614759323438,-2.680678680242731
2086,2017,156.9314419716758,-41.75669946900716,156.9317782673282,-41.75663863773559,0.9293028351665413,0.18355482585313654,0.09227734774682252,-49.72763733237161
2088,2015,156.4393218478729,-41.54452388834115,156.43900152588492,-41.5444461205409,0.9073436618697039,3.9567334967471055,3.1973099724983216,-19.193193700640144
2089,2018,157.17428363250795,-41.86312079663842,157.17421471745394,-41.863209741877306,0.3696867481357578,4.656896854326057,5.047481913506285,8.387238785789119
2093,2020,155.29556366454696,-41.04234211584563,155.29542208711987,-41.04255331451321,0.8519691793703303,7.828380601115638,7.463954435129789,-4.65519223648776
2094,2030,156.15232487769075,-41.42171419835874,156.15271667440942,-41.42164853034887,1.0837531240866067,75.24353988606752,76.23870823080082,1.3225963933118616
2097,2031,157.48606059086362,-41.99904211286568,157.48637851909655,-41.99890831230957,0.9774934783336144,20.726728949057627,20.660384806328974,-0.3200897878855568
2099,2033,158.21623091935123,-42.30961376853872,158.21633009955897,-42.30963715628437,0.27714287317115155,5.8279533719446555,5.9753267195459765,2.5287324416623793
2101,2029,156.12214410301573,-41.409817483403906,156.12226310550523,-41.410198166593375,1.4076206788584553,0.9212595077929944,1.215067511222553,31.891991446950357
2103,2037,156.80578597156463,-41.70811810681501,156.80585138546186,-41.70782204951331,1.080208361938749,18.96558717187696,17.805426890592553,-6.117186200302552
2104,2032,157.7874812174314,-42.129512294861016,157.78695779542167,-42.12975077239962,1.6401115341675052,12.098599368399611,11.163172681594311,-7.731694044258922
2109,2035,155.53539754927544,-41.1531144364817,155.5352327777583,-41.15318631416753,0.5161775862424248,1.6264750434763073,1.6303315129960683,0.2371059756022077
2110,2036,155.87123503506703,-41.30154618370973,155.87106768110132,-41.30195135792676,1.5272343310056367,-0.10935630271653196,0.28255798203060023,358.3828961034218
2113,2038,157.41442883808907,-41.972003749448504,157.4146126223132,-41.97231418103543,1.2210196097485924,1.152646330194934,1.2951895562547076,12.36660563831986
2116,2047,158.07835973117488,-42.25543750277085,158.07861378863186,-42.255350828250116,0.7454018052147047,1.3438230195313183,1.300749431046825,-3.205302175841276
2117,2039,154.36923068893574,-40.629690479001596,154.369241042339,-40.62969424946218,0.0313752864975577,28.633109203830767,28.590372299874875,-0.1492569446498442
2118,2040,154.67617444045374,-40.76879651850524,154.67587303441456,-40.76848790450746,1.3819034211270678,3.937869384718522,3.3594919421048894,-14.687573053034994
2120,2041,155.68437754667625,-41.22044890246391,155.6841679702308,-41.220276759353254,0.8403006286776855,-0.10448096380549418,-0.035913930448142777,65.62634078012378
2121,2050,156.04452027194324,-41.37995132912661,156.04429740493595,-41.37970768097317,1.0638548424435246,4.317863717687947,4.343271585771896,0.5884360819417913
2126,2043,157.5810306591504,-42.04538659691384,157.58108666981062,-42.04554979948625,0.6063105802400354,25.56735272675123,26.66946835557835,4.310636461294522
2127,2053,157.6694775744138,-42.08333899187699,157.66930797825538,-42.08322414837499,0.6133975536784064,0.86481305675575,0.8374354611838997,-3.1657241247668466
2128,2046,158.00338638386555,-42.2255536435714,158.00315603049305,-42.22582518887108,1.1544359400381674,6.31525975545801,5.566386594575328,-11.858152948268879
2129,2048,154.30723911398627,-40.60565940632799,154.30737592043607,-40.6056206047702,0.39915192784033476,60.851655343365636,62.61175912407251,2.8924501244464067
2135,2057,156.37759935771632,-41.52837402718076,156.3772322979695,-41.52833253677744,1.000460689134518,0.3887175889991121,0.3341149518418673,-14.046865565779559
2138,2059,154.49962005656084,-40.69626767157013,154.49821000695925,-40.69611956872769,3.885400894531303,1889.1826706012216,1896.478504024069,0.386189940040343
2140,2054,154.71215940674023,-40.790995619524345,154.71218875611783,-40.79134200126128,1.249537384113443,3.599643330291396,2.931733345832066,-18.554893448436786
2141,2061,155.035070931471,-40.93708072814392,155.03443337327258,-40.9367941206238,2.0176471025561,0.5173600311358875,0.8414117366730691,62.63562819603814
2149,2069,155.36204615775307,-41.0879897239851,155.36240787838605,-41.0877969776702,1.2019799794862682,7.978174500184959,7.782192600531808,-2.4564754712824124
2154,2073,157.35717212985526,-41.9596561199859,157.35722456059355,-41.95968828155239,0.1819498231084357,9.623177129246601,9.797848109634801,1.8151071942481727
2155,2068,158.24345524032145,-42.33526769876392,158.24327778027632,-42.335617539773104,1.345057526189181,0.4690129431556172,0.5631743692333884,20.076509071206733
2156,2070,155.54197913622258,-41.16820421808223,155.5422546509262,-41.1684094272078,1.0503505763283605,0.9349862311191098,0.7101568115074214,-24.046281338558767
2158,2080,156.0551475433445,-41.39650285033158,156.05525161053092,-41.39626600150745,0.8977775775072989,79.40902504702399,77.09000270491563,-2.9203511071129373
2161,2082,157.4286914258466,-41.99235207737776,157.42893284049674,-41.99233657403526,0.6483461900690956,60.80826854843689,60.0669193495765,-1.2191585397138356
2162,2075,157.68875710353709,-42.10288154990453,157.68884674699171,-42.10305097123374,0.6552315387234557,0.3966565611048167,0.031256153756351726,-92.12009662230388
2163,2077,154.69406718270645,-40.7929527388969,154.69383084080647,-40.79288455672466,0.6893252774621794,7.680523213130717,5.699849287033957,-25.788268209522176
2166,2079,155.62202655691425,-41.20623256825099,155.62209647568596,-41.206230352179155,0.18953847370964438,0.2105261140701415,0.13359227119175357,-36.543610382109506
2168,2081,156.32932341877702,-41.51636195626329,156.32904718171397,-41.51660579521828,1.1510931170321488,6.782890658776714,6.683229477898194,-1.4693024831465313
2170,2085,157.12724674250327,-41.86534747788972,157.1272020692101,-41.8654064086503,0.2436232612905403,1.1169402071148293,1.4526288116262565,30.0543039254129
2176,2089,156.91304423308912,-41.774672392218584,156.91333003316362,-41.77470299702134,0.7751782214908086,1.563235965242366,1.7504402135263577,11.97543124943184
2177,2090,157.00709524159473,-41.81498542745376,157.00729954830652,-41.814968064582104,0.5517247255502014,69.49759849220548,68.82064493924123,-0.974067547154415
2178,2086,157.34030502801588,-41.95794413581417,157.34008667348522,-41.957910200242544,0.5971843444708956,0.7222589460681075,0.5801179087473809,-19.680066006039194
2179,2091,157.50355404197583,-42.02876540328402,157.5036969892132,-42.02871804666948,0.4185512595916178,3.590375522533457,3.713030967158963,3.4162288556088827
2184,2096,154.6396313739384,-40.773638444864964,154.63978883094975,-40.77375006984334,0.5880095914257981,29.10384963367393,28.105592792837264,-3.4299821274559417
2187,2099,155.2575416115994,-41.050683442186596,155.25737697668168,-41.05060360394503,0.5313978635574896,2.3169531053765424,2.1685494366649234,-6.405121811367047
2188,2100,155.44820539889437,-41.13505418378074,155.44830656161224,-41.13493213840827,0.5179532722782388,1.652709888846708,1.8300703509706184,10.731493973674707
2191,2107,156.73287720269232,-41.700592410878734,156.73285219812126,-41.70029383475056,1.0769732274338177,3.135761023461173,2.9630793443705823,-5.5068507388993915
2192,2108,156.97815639244345,-41.80651014437228,156.97802025997007,-41.80635607872853,0.6641297899759017,1.107459714877882,1.200461377751692,8.397746809604277
2193,2103,157.94876713413717,-42.21983730438263,157.94859353997256,-42.219866226541335,0.4743796611788095,2.889501150386645,2.7015597438515755,-6.504285575727181
2198,2106,156.48958619400037,-41.5963322497608,156.48973218075184,-41.59664907308105,1.2063819624107686,2.028503900487856,1.9917266205783295,-1.8130248554455113
2205,2113,156.32578789473413,-41.52650911673949,156.32584914546388,-41.526249373026396,0.9495372012070193,0.7973644959997601,0.5833069409251553,-26.84563410441455
2209,2117,155.920670665212,-41.35092757021404,155.920305534777,-41.351294323000126,1.648294118464947,1.7871648920242507,1.432482114686708,-19.846113748116863
2211,2119,156.6280314447989,-41.65874918045272,156.627882070352,-41.659014293369616,1.0355205054493186,2.7902133955488284,2.870646002784807,2.8826686648516198
2212,2120,157.685291197234,-42.11553643644403,157.68526364754183,-42.11580072701581,0.9542862096115203,13.43580010489627,13.145769112630244,-2.15864325162394
2215,2124,158.22367984138248,-42.34402972573389,158.22353165280757,-42.34398549207649,0.42524294251918365,34.04972698338905,34.20134765992246,0.44529190089359316
2216,2121,154.36053274479235,-40.65338288623005,154.36040219762938,-40.65335239184391,0.3730672586222257,3.179086156215159,2.875142728339219,-9.560716914882162
2218,2123,156.7617260079991,-41.71881404452401,156.76190026184315,-41.71914904506058,1.2937108100750625,2.9422920107074835,2.810583129776078,-4.476404124814773
2219,2126,156.79080966669986,-41.73296000048391,156.78969941573015,-41.73267047553851,3.159584055920614,1374.8834781982898,1273.2816723988926,-7.3898484788355185
2221,2129,157.4993861378377,-42.0384661845298,157.49957754788366,-42.03844434025559,0.5177804383771454,1.1807037120249486,0.9587672783289632,-18.796962475484772
2228,2132,155.9827828850101,-41.384415775016556,155.98233018344513,-41.38455102577439,1.3161434447799178,246.6815442623772,240.35503790098338,-2.5646451907503796
2231,2141,156.25760161036928,-41.5069856044017,156.25741362928983,-41.50687683202537,0.6404446698211373,104.71090685439611,102.59733049617968,-2.018487301571583
2232,2134,156.3350790638298,-41.53968557479038,156.33472175101022,-41.539710228006435,0.9668924364415467,10.00694083339702,10.295936423389865,2.887951420961298
2233,2135,157.44114869999297,-42.017875694452655,157.44095449465624,-42.01792690478271,0.5511624391165353,29.312522851969806,28.092633216804895,-4.161667152723206
2238,2138,155.70817633891664,-41.267681967187414,155.70820166417792,-41.26783409187923,0.5519196492311416,0.5476946854083173,0.6794319249993396,24.05304325580766
2239,2140,155.84238573932606,-41.3262662992849,155.84233202213306,-41.326293294893716,0.17474063894842334,0.5208799698370326,0.3173837714618619,-39.06777187820034
2243,2152,157.342263275423,-41.97874091606582,157.34179511940843,-41.9788234870162,1.2876654940345658,368.17079409596704,382.86551854458855,3.991279233515519
2246,2153,158.1983320562777,-42.34320471352329,158.19810966455447,-42.3431951483496,0.5927508219748325,10.324202125017997,10.94792532302319,6.041369497152357
2247,2146,154.72803459635583,-40.829814644460605,154.72794817391696,-40.82986830956654,0.304536365541259,6.925247557351848,6.113422612311886,-11.722684832806122
2248,2147,155.04767481515532,-40.97414555549715,155.04797682991747,-40.97416120941248,0.8228141561221307,-0.011432559361382431,-0.10980986921169412,-860.5011943573749
2254,2155,154.2821059733117,-40.63063717333609,154.28223798129557,-40.63070057293923,0.4268136488330863,2.9050619206543944,3.097575084760319,6.626817925538718
2255,2156,154.4984263945219,-40.730154236876025,154.4981666018928,-40.73008236479885,0.754480076899805,6.059753142543395,7.134113769783026,17.729445440556372
2257,2158,155.39556813219468,-41.13209518072516,155.39521760860492,-41.132298089237366,1.1987206249339566,0.4902986424355599,0.8837496865978024,80.24722283703936
2262,2160,158.07853045620863,-42.2961776002772,158.07876174667754,-42.29636444423694,0.9120083096352952,0.868474193953609,0.6034601837732928,-30.514897509375206
2263,2161,158.17496431395503,-42.33679088831442,158.175125795407,-42.33688339213086,0.543652332384256,0.5789984642432212,0.29863402671986156,-48.42231108329613
2272,2170,155.2778055454998,-41.083693062100885,155.27779780977815,-41.0840526879546,1.2948232294783537,29.47328718697894,26.332442522822145,-10.656580802240459
2275,2183,157.4676228798827,-42.04267027978689,157.46715451495814,-42.04248647733621,1.4162650487945787,4.996600326492688,5.021093332757003,0.49019342480625333
2276,2180,154.78131284640222,-40.86379857910296,154.780971504385,-40.863724253947396,0.9670775939617602,10.466973701423093,10.682987165133607,2.0637623621920875
2285,2186,154.4895080779084,-40.735505467536875,154.48932345469692,-40.73543188250761,0.5690422309223828,27.537124614126576,28.920117850557585,5.022286298263443
2287,2187,154.70215985520258,-40.83213814001576,154.70243163978975,-40.83222864602626,0.8088316896811253,8.847263341445757,6.312487910851638,-28.650389761992823
2288,2188,154.86897278131414,-40.90516896811485,154.86879130401044,-40.9051027345793,0.5483313693367731,5.269938981734232,5.310171328487979,0.7634309788631849
2291,2189,155.75788436648878,-41.30167473123568,155.75759016291187,-41.30162592774541,0.8148350096698316,2.6974719664064866,2.4158213104566353,-10.441282039533489
2293,2197,156.426802401086,-41.59674360364536,156.4272378136301,-41.59667158455667,1.2005520291131182,45.022825730041546,42.475608248321755,-5.657613533617363
2297,2201,157.83490268234627,-42.20330945500466,157.83473747455486,-42.202983685287336,1.252794409335815,1.2488781664487347,1.4427700938468855,15.525287622690604
2299,2195,154.38374259950743,-40.69008239594681,154.38348324825677,-40.6898876602531,0.996324009052208,6.6608969595570615,6.465614614720068,-2.9317724928442566
2306,2207,154.9699470039414,-40.958037609155966,154.97012371732592,-40.958311144255575,1.095671429532557,3.800248190640324,3.722510369596422,-2.0455985278899176
2309,2210,155.71779108058155,-41.2892486697988,155.7173790981322,-41.289261267518654,1.1153334814271854,3.6796801033198823,3.430024255867877,-6.784716074279408
2311,2219,156.6170196496319,-41.685663760875784,156.61749332110094,-41.68545866309749,1.4720325202334674,3.4397460307444354,3.676967097201692,6.8964703887140395
2313,2213,157.00969886060525,-41.85471804444701,157.00994055470727,-41.85476113040408,0.6663865273235642,2.5314816644470026,2.4823528192134883,-1.9407150335511696
2323,2225,156.4948080378212,-41.6365166699845,156.49527752887974,-41.636247161412,1.5927964689428487,1.4691127842875586,1.6377911149711954,11.4816460987668
2324,2223,156.64950455919944,-41.70241863516202,156.64922638551212,-41.70225629036984,0.9489940642890465,2.53597342996804,2.6938055037524666,6.223727422349833
2325,2228,157.43808654638417,-42.04453294179382,157.43834243272696,-42.04413698828138,1.581092169888923,0.11964038313316533,-0.19293736435687125,-261.26441532883
2327,2224,154.94393921727772,-40.952362731034924,154.94396357089647,-40.952347601389036,0.08573863827855152,12.316993770168462,11.59446030812947,-5.866151071610959
2329,2235,157.6879273635182,-42.15175593047398,157.68787253603543,-42.15194942731101,0.7117923410349092,0.7107632530103641,0.6453605161819875,-9.201761142176398
2332,2229,154.23240654136086,-40.63132627531861,154.23238756208556,-40.63121915474059,0.3891046157498463,3.5784217113809276,3.3157081424762933,-7.341604486388274
2333,2231,155.05559473887675,-41.00445465784007,155.05546334657075,-41.00439852537361,0.41019215641675066,5.92938585811712,5.9201615922964015,-0.15556865485640803
2334,2237,155.25189830250807,-41.09231273417667,155.2517720847253,-41.092001247577386,1.1724761953582015,1.4331241518742117,1.691147736444555,18.004272988694325
2336,2238,155.51911946521892,-41.21125471926467,155.51923638101803,-41.2110220429443,0.8954830089514838,103.99281458737997,109.20145609097865,5.008655188596827
2339,2239,157.13139280166806,-41.916279080679914,157.13122938699965,-41.91606263504288,0.8937533761807875,2.1839389686906543,1.9107425362695647,-12.509343728816752
2344,2240,158.14972746667252,-42.35172761902779,158.14970262343746,-42.35198309858901,0.9220982712088343,2.3379290329452274,2.435130017488298,4.157567794973689
2345,2247,158.21845484981895,-42.381005210881284,158.21840172263668,-42.38087537449031,0.48829560915970865,3.195487793307338,2.9362177819117377,-8.113628596504673
2346,2249,154.92267803403234,-40.948817172079345,154.92212919998067,-40.94875363080457,1.5097452099960695,455.7197768524129,498.59358499173715,9.407932312143025
2350,2243,156.41618738308716,-41.609878298564546,156.41582440886538,-41.61035607148963,1.9780972648152022,6.045461644066487,5.635054680181658,-6.7886786493408
2352,2248,154.60234800634868,-40.8063796156802,154.60233169152463,-40.8063748532437,0.04764800244596801,10.556175694991158,6.284588704271604,-40.46528889005131
2354,2251,155.99261037513128,-41.426121832838675,155.99320458812312,-41.426146856978235,1.6064951155716736,2.8197568438270983,2.7394874544189847,-2.84667770498851
2357,2255,154.33541167143215,-40.686263098432114,154.3352016944553,-40.686159314415306,0.6842207960985888,15.823681540161719,16.050585972481368,1.4339547452579144
2359,2256,154.50246474044962,-40.763346335361106,154.50230936097506,-40.76330155292221,0.45330804423320137,0.6701356440607782,0.47057562393364594,-29.77904874867887
2360,2257,154.69799831788703,-40.85059055233467,154.69838778671306,-40.850699460700184,1.1307136982590744,5.074595559987747,2.9938154254392018,-41.00386148908327
2361,2266,156.04712787104586,-41.45203192463993,156.04742147381643,-41.45205229587259,0.7955968661509284,2.5771989711316188,2.335461503679589,-9.379852706750285
2363,2263,154.31034635083697,-40.678644017008274,154.3103194231941,-40.67867145535889,0.12313331439735725,19.3564165783341,19.453731325843997,0.5027518761857195
2364,2264,154.67982047707733,-40.8449365419758,154.68038711700393,-40.84552543326474,2.6221615169654187,12.842595313298073,5.473704680755517,-57.37851620156806
2365,2265,155.50370129951025,-41.21367384997724,155.50349058723907,-41.21366320683067,0.5719206748037077,0.7107328271935957,0.8013388162202297,12.748248787719781
2366,2271,155.61638030920344,-41.26439130694184,155.6163203520364,-41.26414610686805,0.8975070127511452,4.542504237612342,4.540093986461321,-0.05305996483314245
2369,2282,155.67746297546012,-41.293097076698544,155.67800677767005,-41.29257271491662,2.393109697888125,0.40371791767161735,0.44078288252162456,9.180906575505453
2371,2275,156.8965875160019,-41.82630216136969,156.89630590753345,-41.826465506611164,0.957335844887468,5.985200990131016,6.52627593798962,9.040213499108575
2373,2279,157.86695356288774,-42.240475740926456,157.8668275533103,-42.24064996165164,0.7114497245544901,156.1465310894845,155.30927163102953,-0.5362011263478939
2378,2292,155.376907893734,-41.16191137172155,155.37693086551639,-41.161526475257915,1.387025314958104,7.81292690233104,7.854555831972775,0.5328211842006894
2380,2283,155.79016615149763,-41.34301689440412,155.79005034067853,-41.343065957532964,0.3594052157711332,3.617999946096444,3.61816606033997,0.004591327971275571
2383,2291,155.31078099996756,-41.13416405814518,155.31091349686812,-41.134252477964495,0.4799849909676039,2.3517285951905498,2.205730461547549,-6.208120016126741
2388,2296,154.53618920588144,-40.7881908214303,154.53644611254563,-40.78832336252453,0.8473535569024416,8.185317342722765,8.268091847120829,1.0112558979970998
2390,2297,155.1618382597959,-41.068023628504776,155.16183925586554,-41.06810152569983,0.28044293329819403,2.3231639548228626,2.090851208049755,-9.999842942243871
2393,2299,157.33629862488036,-42.02173520496365,157.33675619828747,-42.021616066823235,1.2967226560131453,1.6321918681964827,1.8868602840577975,15.602847975386307
2394,2307,157.73430985801565,-42.19140799822114,157.73426098663205,-42.191285538903365,0.4597213201426171,1.5948917854568379,1.5714184001608453,-1.4717854534104864
2396,2303,154.5469041445821,-40.795801721497924,154.5469101027767,-40.79575446054824,0.17091255351545703,7.653619047239511,7.239372686442502,-5.412424609066713
2398,2304,154.93245362556203,-40.96881516234903,154.9321215105234,-40.96874479303681,0.9376391689804415,1.1757476224638106,0.8571004416290213,-27.101664910625594
2401,2306,156.80512621308958,-41.79265891472428,156.80528823727585,-41.79295354819779,1.1463680379505319,9.543368395456966,9.804340134488514,2.7345872884440015
2402,2312,157.45031527492426,-42.07242956245387,157.45058452501218,-42.07256536265914,0.8698838781533313,121.521263285756,115.44411404828396,-5.0008937309857355
2405,2315,154.71670001775533,-40.874627855282235,154.71678257748076,-40.8744854846385,0.5596412435095133,8.176828706274009,6.9599358201031585,-14.882210816488536
2414,2322,155.24084639191872,-41.11150970060851,155.2408405305183,-41.1116480270879,0.498229040598875,9.052581626736513,9.227520621215415,1.9324763000448972
2415,2323,155.41222646689204,-41.18743497941063,155.41188908978143,-41.187377210883156,0.9373876641386586,2.0993148309330207,2.104795392711176,0.26106431000250185
2419,2339,157.80549412940917,-42.22939031340257,157.80495150114874,-42.229261482933694,1.518997074177742,667.931485626707,673.6612273867696,0.8578337574080015
2420,2328,154.29939015429977,-40.68962083998342,154.2994766437637,-40.689256049376475,1.3342993790430895,0.5385319021607406,0.5996803624035378,11.354658841463701
2422,2330,155.9177243819044,-41.413599634553954,155.91756478015168,-41.41355464443163,0.4603324835024948,18.02610091756819,17.866320867474084,-0.8863816463957828
2425,2332,156.3209444289092,-41.58979879626661,156.32101267418616,-41.590191888525766,1.427011887303707,8.0538272644333,8.592497172828027,6.68837176051143
2426,2335,157.07884737025367,-41.92075443042687,157.07841270664466,-41.92089524879874,1.2698872361262015,4.635235330769803,4.940630535745903,6.58855879331117
2428,2346,157.39217745651732,-42.05565369551568,157.39232930523795,-42.05583883084105,0.7803526469855384,0.26420371002202514,0.29714873219607896,12.469553198669079
2431,2341,154.92047272752023,-40.97330289864874,154.92037757044753,-40.97330218595093,0.2586548542886127,5.188352751087622,5.913135760762607,13.96942429411821
2434,2343,155.8428107529565,-41.382873458254885,155.84281230887674,-41.3829017141616,0.1018080467163632,3.0414766542920812,3.2249380061169566,6.031982904290182
2436,2347,157.6216959283373,-42.15514036058343,157.62170720759727,-42.155409330205416,0.9687584251494312,15.082073487769339,15.66600316782685,3.8716803795648014
2437,2355,157.67945885723216,-42.18034773525313,157.6796824704031,-42.180151441485066,0.9247834105260408,0.5672992758353627,0.6365645529341247,12.209653713512534
2438,2357,158.18116634889898,-42.39219129436797,158.18209528245347,-42.39161404994624,3.227768044542206,1.158554443390477,0.8097889693618815,-30.103503207664822
2439,2350,155.01037411638563,-41.01435251227637,155.0102225484617,-41.014302614549855,0.44919449650012977,1.6142155773613858,1.3100985523623803,-18.839926293867048
2440,2359,158.05043718512263,-42.33972896620545,158.050415948988,-42.3396257252224,0.3759388926521804,13.455035054266224,13.347366326894528,-0.800211422247888
2441,2358,154.24233335536346,-40.67118601616488,154.24244043433325,-40.67109004719805,0.4525986801849642,8.496081808894496,8.380602077525126,-1.3592116220970933
2446,2361,154.61420734859638,-40.839152216689534,154.6132697509255,-40.83951755746957,2.8724108777375656,30.39039815868501,12.922088390892647,-57.47970025460244
2448,2364,155.38542721188742,-41.18509619564974,155.38505377665888,-41.185138633731015,1.0232214722334485,13.481594734017477,12.321214473969585,-8.607143909466135
2450,2366,155.4810567232369,-41.22818740434232,155.48093373399237,-41.22833984223316,0.6419050312938617,5.76546519912964,5.525852728373826,-4.155995439743287
2452,2367,155.53160027134373,-41.250246182871486,155.53119949512475,-41.2502853945902,1.0938922731452478,36.62710886401667,33.57556830276821,-8.33137164218376
2454,2369,156.08947341521335,-41.49823139925056,156.0897245584788,-41.498590066336426,1.45799383875225,3.6769158133451643,3.491175417323991,-5.05152702564031
2456,2370,156.55914153458917,-41.70358026266797,156.55884098298137,-41.70311929474917,1.845655855214376,5.989672126451273,9.711880948280943,62.14378255183364
2458,2377,156.68580414536387,-41.7597340390995,156.6862000439528,-41.759797016701135,1.087050827008305,3.704209887696626,3.7345359020481332,0.8186904973239697
2460,2384,157.1254342267481,-41.95045353047928,157.12503136193305,-41.95027350731497,1.2583567005780736,1.3434725148020152,0.9002844451862289,-32.98824983264344
2464,2382,156.72852424389325,-41.78025308582766,156.7284543921888,-41.78026577488138,0.1930035149602879,1.9656404941215104,2.382308804032247,21.19758476470313
2470,2387,154.70975383616545,-40.8885505644597,154.70953573375945,-40.888788370964235,1.0417501046331081,4.1711754135201815,3.826932850713034,-8.252891060187535
2475,2391,157.07503687092856,-41.93126297608813,157.07456104590358,-41.93128980740412,1.2780142399690138,0.7340569799227828,0.6554100701035794,-10.714006128989668
2476,2400,157.69590653534175,-42.19977319202133,157.69577595673965,-42.19930565755919,1.718772590212758,14.579835039631163,14.037919769360569,-3.7168820415152237
2478,2394,154.44403684665494,-40.77284368992845,154.44424334585833,-40.772948772889926,0.678272614580798,8.9576159385173,8.504500285787774,-5.058440279641275
2480,2396,156.3219634350365,-41.60609068910315,156.3215164418821,-41.60631837274081,1.455880776360698,235.62794324270433,258.1299416807633,9.549800472892631
2481,2398,157.01829487784684,-41.910348258779486,157.01844233093485,-41.91014600923249,0.8283622941256761,0.5803069911977892,0.9550852258922322,64.58275367678714
2482,2401,157.91163968933398,-42.29186737073788,157.91133424603882,-42.2918858512589,0.8161164871972548,3.4643148454131754,3.3321836844180504,-3.814063296529454
2484,2405,154.7238488365326,-40.89965998845209,154.72424202510817,-40.899866018143,1.3018493763653642,2.560946858311208,2.1869013888791016,-14.60574897203322
2491,2412,154.48822634023026,-40.79538716937443,154.48749388865565,-40.795131060225046,2.1988432351274527,1.6228871508913465,1.468668582823112,-9.502729008824314
2492,2413,154.4992122259682,-40.79995028037229,154.49910453046243,-40.79956937977171,1.4022988259788507,3.5704789690168184,2.4334846291027987,-31.844308558610752
2495,2417,157.47643950502385,-42.110949106474266,157.4762542814574,-42.111114087204214,0.7729482718844147,2.612283027221861,2.826711243031828,8.208460322846776
2503,2423,154.3138126408403,-40.720235325943335,154.3128453835786,-40.7199983345217,2.773600973690664,3.4269721486924922,228.3663054507557,6563.7922790789335
2505,2426,156.13163783328588,-41.53256634820974,156.13147035369892,-41.53274828022869,0.7954067638666038,27.836923968455423,30.56831275058928,9.812107060496494
2510,2431,154.37526213489244,-40.749633783769994,154.37501787656603,-40.74961901008513,0.6682731080657435,2.364125004487802,2.271845056671017,-3.9033446895409787
2511,2432,155.05743532710758,-41.057789051762015,155.05741469430455,-41.057759389745506,0.12058066712618717,2.0164206836775573,2.4564643814132996,21.823010510544286
2514,2435,156.66431537025161,-41.76689120753465,156.66390083547816,-41.76699210754256,1.1708372984333377,10.158012821916339,11.228416775243437,10.537533000722902
2516,2437,157.22776723609894,-42.010916813657786,157.22650345488026,-42.011969978093745,5.079551542658162,-0.12599578818625035,0.07414208738869522,158.84489351270724
2517,2439,154.54450444426251,-40.83030463411399,154.54463773874912,-40.8299228082634,1.4217184007652208,17.031812743779927,16.511985404172666,-3.052096376512262
2520,2443,156.1149577551478,-41.53004547414133,156.11521079952755,-41.52970632873161,1.3984687931833522,1.196434740509574,1.289836550795048,7.806678218462053
2522,2444,156.52107553841222,-41.70687610003704,156.5209518393325,-41.706584178756195,1.1022488274088569,0.6420604907793575,0.5646639827850642,-12.054395046227869
2528,2446,157.31553703229673,-42.051509962203234,157.31556657934786,-42.051560075312814,0.19693957837763335,3.877991059512971,3.6984222723935107,-4.630459027979609
2529,2455,157.87013513248718,-42.28867948175353,157.86979518126884,-42.28862949218486,0.9230547026109348,9.81467379289753,10.633306631503249,8.340907256623542
2535,2450,155.24375217838715,-41.1463763631025,155.2435744414459,-41.14657205975029,0.8535163045061839,0.7705128060684493,0.2800921153749002,-63.64860996872025
2536,2457,155.28885277208502,-41.16814595647751,155.28900554436765,-41.16783735235421,1.1856112543732629,1.4535552383583292,1.7073860084296955,17.462753624557617
2537,2458,155.99755628103355,-41.481593307340674,155.99744381563892,-41.481566329027274,0.31848970032863033,2.495402350521321,1.8618877808064203,-25.3872714988247
2541,2454,157.48342396991012,-42.125620440982374,157.4839519124768,-42.12597619002362,1.9045244289855146,4.284782926687666,4.564039543976848,6.5174040801422795
2544,2460,156.24678988852241,-41.59258212378201,156.24702882373668,-41.59295070200877,1.474602924265126,4.2812139755902505,4.596095571917111,7.354960488361198
2545,2461,156.60894503564262,-41.75080225012396,156.60853968172043,-41.75083528514329,1.0951646896108014,30.0313039112353,29.61914434909155,-1.37243312299056
2548,2466,158.11721268067816,-42.39656041776388,158.1170797816973,-42.39681580533582,0.9849489525800775,0.26096811581186136,-0.05263643442807535,-120.16968021718881
2555,2472,156.17878738961784,-41.56675286171717,156.17845448897285,-41.56666214937132,0.9542717890129762,2.9224695900032125,3.5201651637183304,20.451729446890873
2562,2475,154.70751588664075,-40.91352748324811,154.70730405303615,-40.9134236597041,0.6868904522185808,49.1187947239889,47.9109421816205,-2.459043527341485
2563,2476,154.7728490269508,-40.94315459344972,154.77260935486703,-40.94289175552515,1.1489524356241025,16.380805079970365,16.64732530469409,1.6270276303428557
2565,2477,155.33250037542933,-41.195505335641755,155.33285311142146,-41.195302322236756,1.2029793264659252,0.5613523155532548,0.4858398396542322,-13.45188641906632
2567,2479,154.9842354202328,-41.03986596438258,154.98441870997362,-41.04011273433279,1.0182816230387897,11.060944700925667,11.458159909134627,3.5911508370141143
2573,2487,157.05490403214569,-41.95215096852314,157.05471075894806,-41.95203358475192,0.6680845432283424,0.6891167123068045,0.8438344181070434,22.451596810404506
2574,2488,157.0826631093646,-41.96380324224216,157.0820906739871,-41.964105192686645,1.8787250123630188,1.0256900521474193,1.0619564528169612,3.5358050508156276
2579,2491,156.02424993317672,-41.50709575775518,156.02408328845803,-41.507213074785575,0.6166124190980828,22.024610393599417,17.724471049505645,-19.52424704567504
2580,2501,157.20135031786648,-42.01949263180942,157.20153535779033,-42.018975705530984,1.9256155616856314,0.6994049443212592,0.8460853466160042,20.9721711986311
2581,2494,157.78728641230248,-42.26883051123608,157.7871636964769,-42.268876103138474,0.3658024253145797,6.138365708322114,5.807395466335174,-5.391829970935525
2582,2503,157.8868405438678,-42.31160347312849,157.88707206048394,-42.31163664724951,0.627802964141935,9.711843954416482,9.606526892070336,-1.0844188069790013
2587,2500,157.1345205828865,-41.99142656046474,157.13448892261482,-41.99135537569352,0.26990388887992917,0.9615790921767201,0.568610342368909,-40.86702310865042
2589,2509,156.1814871889129,-41.578387810534416,156.18127842172458,-41.57846256106102,0.623289343817995,9.341793341719741,9.796725197142216,4.8698556988066
2590,2511,156.61738045344384,-41.7702291475984,156.61748747134274,-41.770446571324946,0.8337999586633272,23.315701187172436,24.38682299863508,4.593993561951892
2591,2518,157.24802235382688,-42.04328713419605,157.24841656516097,-42.043215415177585,1.0850893606999035,1.8423419864242627,1.8163654537986609,-1.4099734369088983
2592,2513,157.79856868289477,-42.27623130369446,157.79843906963754,-42.27640745843277,0.7220463305280215,7.83321066692915,8.047275946883559,2.732791048990498
2594,2521,157.9926184164916,-42.35989949001992,157.99246041208397,-42.35984129552417,0.46963165622680747,0.8862597005456251,0.8330990554338253,-5.998314611289607
2598,2516,156.14037051992412,-41.564006946836216,156.14018924785546,-41.563973878146655,0.5025730993582026,10.171415112554193,8.482064361158562,-16.608807454043728
2605,2523,154.93019031684156,-41.02966074422006,154.93038067325153,-41.029808162448425,0.7408726528434042,8.17266794329241,8.860952378098856,8.421783921508093
2608,2530,156.00104898979723,-41.505097985431256,156.00097342215508,-41.50477901153531,1.1662391975516888,4.829358988721093,4.810920308609615,-0.3818038823483879
2611,2535,157.1613376359205,-42.00934706805865,157.1613637205037,-42.009173805120454,0.627637054270242,95.28745216549875,95.11761209149445,-0.1782397053804251
2614,2528,154.62768219944581,-40.89371074205455,154.62790071235818,-40.89387126440069,0.8291856399440901,53.864855781707185,52.99932060728454,-1.6068643679847876
2616,2540,155.71049899710735,-41.37885745820644,155.71089144081355,-41.37884803290962,1.060642577534565,8.981025974291411,8.31645108698052,-7.399765786373036
2618,2533,156.72288623154893,-41.821966769481634,156.72294573293797,-41.82229461728369,1.1909981427178986,2.373170972845683,2.455795577799449,3.4816119824139826
2619,2534,156.85879936194644,-41.8802363015479,156.85887143603867,-41.87972833730163,1.8388471847599273,1.2168736409386014,1.2381032201662023,1.7446001386985501
2621,2536,157.64941106276694,-42.21845549602168,157.64955365624323,-42.21874342960608,1.1040778086239804,-0.17306000791086146,0.05213793227939159,130.12708303252037
2623,2539,155.3116346735564,-41.202355290189615,155.31183715097055,-41.202503264653565,0.764560123555928,2.3526406090224055,2.5821284246628964,9.754478213136437
2625,2545,157.01058494808743,-41.948950443265595,157.01051634417757,-41.94891294731826,0.22794986466825481,169.29592048813217,185.92761583394972,9.824037872775232
2630,2541,154.25274014048628,-40.72819150701706,154.2529268281628,-40.72821154867258,0.5143929345871938,3.193595956386026,2.9566948836403046,-7.418003904720816
2633,2549,157.4186873610027,-42.1260200459258,157.4189700986492,-42.126009951244555,0.7557884931108206,1.3365760335906218,1.356021801906524,1.45489428414053
2637,2548,155.75705643780896,-41.40532220799046,155.756733463368,-41.405369999098575,0.888897440060022,5.693060360086127,5.8886947554435976,3.4363660840320116
2643,2556,156.39719254139047,-41.688607127406435,156.3975955837494,-41.688781496113215,1.252226940354689,3.3657618615737515,2.2728960376938487,-32.47008757086885
2645,2553,154.8950507937552,-41.02363850196852,154.89528496355013,-41.02369014802768,0.6626195399871232,10.451765515225032,9.214670999993267,-11.83622530977849
2646,2554,155.49173223930993,-41.28963775262138,155.49164441806755,-41.28977550251075,0.5498623066655148,3.50508575142658,3.718309968457992,6.083281042257793
2649,2566,157.53374878464354,-42.180961191963924,157.53398361233474,-42.18104878803732,0.7013428867667449,1.5381763784438425,1.5315332354749096,-0.4318843444763903
2650,2559,157.63578761907323,-42.22279789770254,157.63528063386644,-42.2226862467666,1.410090419255359,2.7169873091532506,2.6068506128334388,-4.0536330791377875
2653,2561,155.8118268982861,-41.43394103298373,155.81153897340053,-41.43379880239615,0.9306288659515674,1.0336291613329576,1.1949081429975834,15.603176429024323
2654,2564,157.39586715974676,-42.12311283784156,157.39549985727044,-42.12316608907581,0.9993087000002406,1.759423674796052,2.081686345637339,18.316376860089875
2655,2573,157.7579820868159,-42.27786216755915,157.75753735179836,-42.27807124293007,1.403490620929576,0.45873186860349496,-0.37534062130586826,-181.82135295036457
2658,2575,154.87871661161813,-41.02252470801457,154.87931486294625,-41.02225248769618,1.897521302353081,35.91304520008082,36.1068195567154,0.5395653739609395
2663,2578,156.35657792699314,-41.676328882587924,156.35645822728264,-41.67585458861632,1.7375292187604918,2.759468637608789,2.183402883674997,-20.875966701798813
2666,2574,158.1711933532887,-42.45479765516656,158.17088504953122,-42.454651755562,0.9728612586884997,1.5368348235393179,2.16972054195303,41.181115154339196
2671,2577,156.2230688798648,-41.61804927628836,156.2232121338138,-41.61835729905448,1.1739937371107456,10.530743622320278,10.311961374436136,-2.077557442576287
2672,2580,156.9048363286649,-41.914299152989265,156.90453349276453,-41.91449120238315,1.0659109509407467,0.6623703371855478,0.8781052587584066,32.5701362910558
2674,2588,155.79120537722508,-41.43180554554865,155.7911002691675,-41.432064523852745,0.9745288872310855,13.803248655992853,11.502458798251977,-16.668466352244977
2675,2589,155.97678540291633,-41.514229461129005,155.97687461254023,-41.51447787760919,0.9260672850858364,12.183394595011181,11.584476638957423,-4.915854537773915
2677,2590,156.60446497134217,-41.786446458783985,156.60447070860033,-41.7865676288612,0.4364840475461514,4.080583641299346,4.129711269769155,1.2039363186332264
2679,2597,156.80498757455373,-41.87585347007228,156.8044642806661,-41.8753551736983,2.277182876127573,0.9157511101279993,0.9140748166249432,-0.18305121167931623
2680,2598,156.82475275614206,-41.88392551043521,156.82493197580652,-41.883662027167446,1.0632303711981372,2.765643248692651,2.994656421452851,8.280647652890753
2683,2592,157.92764353962053,-42.355901211482596,157.9272644118597,-42.35598870467563,1.0566335039367658,2.4680374057931482,2.393435539303233,-3.0227202519218155
2685,2594,154.9791375700619,-41.07090035448448,154.9791080861525,-41.07096197023238,0.23580897532060702,0.8282938986521782,1.2892983613514764,55.657111980355864
2686,2595,155.1330609363892,-41.14183521562042,155.13275864349794,-41.142164496386336,1.44112842006041,3.025451554964174,3.3300230767915515,10.066977318729005
2691,2599,157.099860672106,-42.00421466310996,157.09982248918627,-42.00442090907395,0.7494786208544296,1.06420815750539,0.9645897145089796,-9.360804302602425
2697,2603,155.58453160505903,-41.34483386516769,155.5843937170729,-41.344818905394874,0.3765398981267663,81.4195790359013,72.13797460490399,-11.399720486032798
2698,2605,155.9462435331242,-41.50328746553444,155.94533730352407,-41.503237268782414,2.4499635188710904,3.9385678382532388,3.877545134673234,-1.549362765503831
2699,2606,156.05542893807856,-41.55042972021832,156.05517584407048,-41.54995916204963,1.8260938880020583,1.9923913820733379,1.844384487954474,-7.428605416112763
2703,2609,157.9757413160023,-42.380187579821026,157.97535141884845,-42.38033559138364,1.1657467314104981,0.9282459812573044,1.0612744717531952,14.331167942758494
2704,2612,154.95180777477913,-41.06318301644462,154.95215480441496,-41.06316868225201,0.9433718400492154,1.2588169528250726,1.3849850025806631,10.02274790408889
2709,2614,154.46776881974665,-40.847197803678156,154.467433028886,-40.847103672128135,0.9752115355656985,111.59624956732733,113.76977172299668,1.9476659512271823
2710,2620,156.12355911903992,-41.58640417546187,156.12328674487458,-41.585966093781344,1.7392852294519505,4.441293554823312,4.846157310794478,9.11589722619164
2713,2621,156.9641290277828,-41.95229699364526,156.9643505781284,-41.95206785321575,1.0160276469116105,7.425569950874149,6.757979384990546,-8.990428617604135
2714,2618,158.0449405756424,-42.412999850092454,158.04547503956007,-42.41334795614891,1.8943079937141143,1.4197535217840118,1.621483864319789,14.20882846497821
2715,2624,154.83293087692059,-41.015503618050445,154.83222475566924,-41.01552707714243,1.9199059738098823,1.3725306952341167,1.6898360023303347,23.118266731520652
2718,2623,157.78266271089598,-42.30418834124472,157.78265323829905,-42.30463951994314,1.6244391109556044,1.2071832016646242,1.6269905063931411,34.77577422794079
2720,2625,155.15616788145653,-41.16032809924494,155.15605429130997,-41.160400526597314,0.4034436058664274,3.386409715219503,3.194705278646154,-5.660993580067233
2722,2627,155.54187749753555,-41.33345241655248,155.54134344512815,-41.33326399634359,1.595049877342539,2.6139776389206535,2.727687403688742,4.350066468626746
2724,2635,157.58460869545783,-42.22146891931359,157.5854224829909,-42.221411728099675,2.1792980269365727,2.893631680926148,3.4985331511856463,20.90457725655986
2725,2629,157.90836210930618,-42.35952744227336,157.90855142608575,-42.359738371271504,0.9111683458633443,5.55107205176204,5.643284965598106,1.661173066683487
2744,2644,154.92092844551942,-41.06406444510731,154.92077066001994,-41.06395284126895,0.5872354495512766,1.1160825442818465,1.5871460387732925,42.20686873967339
2747,2652,156.42307668739682,-41.72943240962514,156.42338629708834,-41.729402841903095,0.8386011967208691,12.23234701103308,12.008935527584477,-1.8263991631948837
2748,2645,157.0430485884157,-41.99782171218814,157.04274100549662,-41.99784530593388,0.8272830074072458,5.153144955495063,4.843364396098037,-6.011485453493611
2750,2646,157.2735350104762,-42.09677877735881,157.2734194944862,-42.096974813917704,0.7702424656497254,38.09248118443217,37.9222775382078,-0.44681690699088716
2752,2647,154.261759285456,-40.767819088204,154.26195366963557,-40.76762175762012,0.886308816545449,8.670929088440673,9.74982549138832,12.442685114170034
2754,2649,155.28976953929507,-41.23180202632025,155.28947013450363,-41.23192731359834,0.9276344409704737,18.244429759733507,19.172054551444226,5.08442743306804
2755,2650,155.8629682960984,-41.48389382978384,155.8630941511694,-41.48422834300884,1.2511664962117912,0.9257589400551647,0.9686045738209202,4.6281631115765896
2756,2661,157.88412359217952,-42.35934843536347,157.8840152560967,-42.3592454925453,0.46946186690097264,2.7510537629447915,2.5788417430854977,-6.259856574920371
2758,2657,156.14246192484322,-41.6084625512705,156.14270705353874,-41.60861536525514,0.8590703898354847,1.5519267874333214,1.8728436317296464,20.67860719300286
2760,2662,154.62969890949336,-40.93961835924687,154.62991644467562,-40.93970049980904,0.6613635776008365,1.6221937746578874,1.4160308928636485,-12.708893660852425
2767,2677,156.75672861092468,-41.88012419079924,156.75677130457873,-41.88002470546486,0.375984864757768,0.910933832365001,0.753793143153263,-17.250505319773165
2768,2679,156.92016415289305,-41.950729288256156,156.92011735565166,-41.9505358943955,0.7074023852163929,2.827915224386557,2.9392311786591603,3.936325718418612
2771,2669,154.80380020727867,-41.01859161963096,154.80397697967993,-41.01877548193802,0.8177150329431874,12.549643905783592,11.995856748480604,-4.412771879907855
2772,2670,154.8622455860421,-41.04607576178517,154.86156114997726,-41.04629419081434,2.017804450619607,1.5441761883214207,2.2792805319008402,47.6049526691968
2774,2671,155.36267527494522,-41.26980088147479,155.36262288628885,-41.27004324874386,0.8839620351083405,0.974507733446778,1.2675814457891594,30.074026329765136
2775,2672,155.4914454513228,-41.327085816346916,155.491334104513,-41.327045454774606,0.3342521080792882,1.247087570384629,1.777221713002779,42.50977679575823
2776,2676,156.5340892871071,-41.783841908080156,156.5340537315065,-41.783940012478816,0.36584549298411323,13.501661451727223,13.418263228511707,-0.6176885971677752
2779,2682,157.64196480099415,-42.26115556531752,157.64165975713925,-42.26077030041709,1.6075380883761703,5.093353031660899,4.713780243446299,-7.452316496718947
2783,2689,155.12199701733633,-41.16681958280552,155.12176321536026,-41.16656383487856,1.1176534403205516,1.733917475201815,1.7160749711011174,-1.029028448924353
2785,2690,154.9378704430699,-41.084860934512655,154.9379983646047,-41.084980261707074,0.552287695869811,31.282482009535382,30.725362414408096,-1.780931560857184
2786,2691,155.16607547074233,-41.1882718415429,155.1657931638786,-41.1883762808061,0.8522384702281829,1.4263991216651464,1.0038602606303353,-29.622765088466167
2787,2692,155.5128410748998,-41.34055082188417,155.51230952473412,-41.34074308583914,1.5947420483350039,0.5971841593769264,0.2522423108132986,-57.7613861900697
2790,2696,157.4798666725412,-42.1989698567311,157.47957183692435,-42.19859741869083,1.554338495120854,4.340839445306803,4.707061110472295,8.436655393035576
2792,2697,157.8568581065434,-42.35909516837264,157.85682191715404,-42.35932154576054,0.8206249999860799,131.16879952283915,109.46844893932997,-16.543835624363325
2793,2704,157.93109021425227,-42.39100239114927,157.93138057847014,-42.39099261909522,0.7728274711436467,1.975561216709268,2.0185048195162434,2.1737419445046315
2795,2698,154.59691085397245,-40.93502642334226,154.59672551669888,-40.935204397500655,0.8152117113669555,269.8725076948898,307.5388368075127,13.957082710776675
2816,2715,155.95233175163497,-41.54466439750552,155.95225936681308,-41.54496671274161,1.105671804734898,10.382243549856872,10.661087737711165,2.6857796825440245
2820,2716,157.78511365184772,-42.336353483420574,157.7849491690373,-42.33640879464042,0.4808737107456553,2.581755561962997,2.629039372135674,1.8314596032757509
2824,2717,155.64219218034344,-41.40832293136422,155.64232916355212,-41.408446240036426,0.5778017433363367,3.9827892619121177,4.276758735958799,7.380994943868756
2828,2725,155.26846077672184,-41.24660031557271,155.26880530914332,-41.24625492637398,1.5542631742109303,3.544150053556205,3.533540521284119,-0.29935336009378144
2830,2720,155.74692712102484,-41.456519768030816,155.74713582209264,-41.45680485148416,1.1706224608422593,6.680732081324508,6.721903146611167,0.6162657742517427
2834,2723,157.2396989116721,-42.10765871817281,157.23985326087373,-42.107844436701754,0.7854583719074815,3.513353345647706,3.621426188234154,3.0760595919088884
2840,2724,154.90071930126618,-41.08326296246203,154.9008509267545,-41.08319939651063,0.4241885158016842,0.2664098143764211,0.11694068630506035,-56.10496310776667
2842,2732,157.11827128028526,-42.057880054392676,157.11787670605895,-42.05786459397105,1.0561198749736271,1.2637137772756943,1.0061085584633482,-20.384775686128048
2845,2736,156.32653315811524,-41.71663589185375,156.32690108584399,-41.716445229578845,1.2035971882291723,3.773103086719432,3.7164410522437366,-1.5017356582473038
2847,2738,156.86478516739726,-41.950596490548996,156.86521201916284,-41.95061018063108,1.143913872915692,2.28843263747902,2.5861253981259753,13.008587439781454
2848,2733,157.7440254135154,-42.3265820902889,157.74403281843487,-42.32645155506195,0.4703399206321097,12.338630768239218,12.207835402459084,-1.060047652263115
2851,2734,155.24631456025375,-41.24017572692818,155.24480246475972,-41.24012565039996,4.097257733939507,2185.3887903958876,1996.0940286162636,-8.661834572022896
2852,2743,156.09886428041193,-41.6192326033364,156.09751620298627,-41.61895233637538,3.76573271229296,2081.3966786806286,2243.222809804559,7.774881779215188
2855,2745,156.74974575348136,-41.90278253956241,156.74946733661153,-41.90242936022543,1.4741371515224075,1.0742172229378422,1.032522111710579,-3.881441326478884
2857,2746,157.0314597636086,-42.024631694957925,157.03144163040292,-42.02430473597966,1.178050842338949,35.504723774286894,34.37174936679959,-3.191052589762217
2866,2754,157.27983878613432,-42.1330058521814,157.2797549559737,-42.13281410718388,0.7256564414087172,2.401144200889969,2.321465232447322,-3.318374981940458
2869,2752,155.78352101185206,-41.4842652581203,155.78366767605766,-41.48439027525059,0.5991707204808533,2.132509159550721,1.9501805433658839,-8.549957001040509
2872,2755,158.00838009143177,-42.44525335130011,158.0084950793957,-42.44533164471536,0.4156362900032399,0.9480743551531169,0.9355574132179469,-1.3202489727874163
2875,2757,154.562529144619,-40.9395864319606,154.5627511949034,-40.9397286389122,0.7916600051271803,35.85728174689722,34.97676268650824,-2.4556213340549067
2881,2762,157.46941230266427,-42.21826808380585,157.4693760825789,-42.21812799400298,0.5134853876213271,16.04743201705429,14.201791517245479,-11.501157928865949
2882,2763,157.6064603783477,-42.27686458483469,157.60646064106763,-42.276743925380906,0.4343745973113052,1.3297654916041612,1.3144629875610538,-1.1507671194450415
2883,2760,157.70757718401399,-42.31933154378897,157.70777744684722,-42.31941636570945,0.6143352741644881,1.4554203574508222,1.410134637334699,-3.1115216909183143
2885,2761,156.03834570071615,-41.60027515467378,156.03798007123353,-41.60030898255228,0.9918017666704926,28.631341883786302,29.012970923842616,1.3329065805065443
2888,2765,154.6146903136332,-40.96701865713393,154.614850612287,-40.96716924528713,0.695529931826542,45.074970682327596,45.9037102141916,1.838580301481868
2889,2769,156.67119689642757,-41.878427063479776,156.67075919470784,-41.87854792407435,1.2513073819242393,21.009117961022472,21.389000152157706,1.8081777247384547
2890,2776,156.71859621879986,-41.89897441735506,156.71838694202256,-41.89878242510428,0.8900469293980217,2.902370617380677,3.1806026778112493,9.586372559189913
2892,2778,158.1212645521248,-42.49957320315339,158.12168641450185,-42.49935739924927,1.362838344197073,0.9310625926512536,1.1480541678931997,23.305798874815743
2894,2775,156.31136118263538,-41.72356921757369,156.31134529836558,-41.72388359875055,1.132576680958779,3.140994975473591,2.7990596972288033,-10.886209017040258
2899,2787,155.34587152280218,-41.30047739406689,155.34626580271336,-41.300479608892275,1.0663720664989338,7.819757257963094,8.588382171432185,9.829268199935203
2902,2789,155.67124244093793,-41.44453853095398,155.67110462030263,-41.44422595861196,1.1851299330543064,3.2076609561655993,3.017344896374111,-5.93317256381703
2903,2790,155.7560972874412,-41.482380889536394,155.75607791756434,-41.48185559549928,1.8917799615442694,0.5059175222680966,0.4643107551105297,-8.224021767626892
2904,2782,156.2849537614966,-41.71368354557997,156.28484749362178,-41.713577121442775,0.4778495696343575,6.303492558323435,6.215532256738062,-1.3954216772926222
2906,2794,157.59083900400879,-42.277931748571106,157.5913719618726,-42.27797520542998,1.4281831254126385,15.352853386135566,15.744219546665253,2.5491428250276345
2913,2793,157.36566021077536,-42.18217483643433,157.36528262147934,-42.18214324003082,1.0136779816353958,0.72400417131969,0.9129947203582139,26.103516599087882
2917,2799,157.4366904089804,-42.21589432258871,157.4371355262095,-42.2162424231007,1.725937609792912,0.9700976950615829,1.0803519071827816,11.365268949968963
2918,2800,157.6568689991425,-42.31001809871524,157.6570176938935,-42.30974762388612,1.0511030561135037,1.7620387780477378,1.4207355530872376,-19.36979079079345
2919,2806,157.67533311396542,-42.31802141203771,157.67546980287963,-42.31799523933997,0.37585528328067447,85.83871679060861,87.00811451265542,1.3623196685236918
2922,2805,156.6218041112441,-41.86689529582513,156.6216857449049,-41.86665824362853,0.9104775257815342,11.017519349980445,10.779941677613975,-2.156362651333956
2925,2808,155.0079843652577,-41.1570934131679,155.0076291662497,-41.15688631397398,1.217685104946358,1.409336888222966,1.4319663670468843,1.6056827159652245
2928,2809,155.3072698835493,-41.289844172513305,155.3074818564642,-41.289654411169415,0.8918788594732849,0.2923240121196626,0.23617268824958945,-19.208590995627013
2929,2810,155.32477934977248,-41.299008208942574,155.32469774109143,-41.29904791327355,0.2629583076765734,3.5183050989693827,3.593227163341445,2.1294931014939324
2933,2813,157.51301726291265,-42.25238655316112,157.5129112113469,-42.25266452002444,1.0398177107547004,6.064942945235516,6.626246867376944,9.25489204448948
2935,2822,155.56971514301753,-41.40997653794954,155.56996753595817,-41.40960381012216,1.5049478400483938,12.243393954285498,11.668697500453224,-4.693930914729048
2936,2816,155.59456575048296,-41.4188823630195,155.59442014410928,-41.418586798938755,1.134316894800193,0.38440112886936,0.4529274681886182,17.826778896517514
2940,2817,156.64326495646088,-41.88024375973617,156.64327508009154,-41.880166909787135,0.27798733159928307,0.8734564794358917,1.0135839416933443,16.04286710975592
2941,2818,157.09608552681055,-42.07414252876017,157.09563774149302,-42.07411336497307,1.2011702523428456,5.60497013869646,5.718541587145366,2.026263220651502
2943,2823,157.24226474769108,-42.138873847836734,157.24227789098717,-42.138605813363895,0.965561771487424,0.7694627560329363,0.4791891657911449,-37.724189763041174
2944,2824,157.32098103195116,-42.17260014653514,157.32138816194066,-42.17262301774219,1.0893600989180108,6.248226335241118,6.176064038243793,-1.154924503779844
2945,2825,157.6954090802328,-42.33262257950721,157.69575341021078,-42.33260928706955,0.9176113101822491,8.829010750721286,9.322200662646669,5.586015532771792
2956,2831,157.96210949732958,-42.447449410571686,157.96232005855398,-42.44745742127938,0.5600836322658944,33.98771720582378,34.14685474108074,0.46822072307254525
2961,2836,156.3710026809616,-41.7660888339739,156.37147123027327,-41.766015707752274,1.2853653117188477,16.273500306454466,16.231225446279616,-0.2597773028466547
2963,2838,157.37450179302218,-42.19989579423322,157.37475967983258,-42.19968198914971,1.0322058595617598,4.381649948315853,4.718630538865873,7.690723689133202
2964,2830,157.59748937427975,-42.29317926806809,157.59732266506506,-42.29311753234055,0.49646489378308967,0.5437526364178173,0.6607802195368733,21.522209784585282
2965,2834,154.7152148768413,-41.03386444277468,154.71526453931781,-41.03398953818031,0.47010294452656076,44.986961838409115,45.869384601505686,1.9615077947832724
2967,2842,156.99872110972476,-42.03972369785472,156.99877414493784,-42.03984428938683,0.4567000836020599,3.9450453036587523,3.7935965455088185,-3.8389611903689844
2972,2846,154.86019015703374,-41.10297102746703,154.8605202725234,-41.10305562091692,0.9458713320334935,0.27835975628320825,0.3166189751744821,13.744522341206626
2973,2847,155.2530569460487,-41.27701651799311,155.25292890526046,-41.276785706717526,0.9002403527158598,1.1687072374590843,1.0544458999443118,-9.776728837856002
2978,2848,156.65994544531748,-41.89725327579342,156.65960594171167,-41.896635492136504,2.402897540847209,2.800750882066354,2.8756493270449237,2.6742273101887117
2979,2849,156.72288231829936,-41.92442099050879,156.7229105536473,-41.92478870907264,1.3259453891868673,9.853640770230998,10.537839627428042,6.943614783117416
2981,2850,157.2740985901548,-42.16112206044607,157.2744996843298,-42.16130108445583,1.2493900919568641,2.828217319114242,2.779025971371894,-1.7393057955586761
2982,2851,158.02027048937657,-42.47939358653492,158.02048104314053,-42.479357278049,0.57411343446621,2.330820147615775,2.207587618946097,-5.287088701191044
2988,2852,156.61648481612022,-41.87887519932025,156.61626840146337,-41.87904757806451,0.8494647677311987,1.4834746548280737,1.3667817124804231,-7.866190498628684
2989,2854,154.31588336425327,-40.86180403098337,154.31593611827967,-40.86159097909598,0.7803194851785984,2.762227868146886,2.827443469482554,2.360978327954505
2990,2862,154.3960427817689,-40.898047254427254,154.39571814080182,-40.89785525311886,1.1216762827739546,40.98316915469857,44.54457193840928,8.689915536467005
2991,2855,154.67439196123638,-41.02356856370119,154.6742604488651,-41.023499785084624,0.4346133314869994,4.460289447029278,4.553097412964627,2.080761059064513
2994,2866,156.34329979589504,-41.763561935874904,156.34315384637233,-41.76328600952752,1.0678519241916085,45.50579663736855,45.21083254773621,-0.6481901459343272
2995,2856,156.43655246082693,-41.80397171111762,156.43614998324443,-41.80408863291912,1.159187772608625,171.86824782511638,172.18150338247366,0.182264939173658
2996,2857,156.58198191455097,-41.86720195887251,156.58178660515074,-41.86722248251528,0.5287915941930291,3.5376541319977073,2.853147923279731,-19.349155773219596
2997,2858,157.00792333425,-42.04991567667757,157.00772474885727,-42.049889883174686,0.5389227874686157,1.9180615107994838,1.9408479057318537,1.1879908336658138
2999,2860,157.77347127737175,-42.37894784834436,157.77361013201033,-42.379318665131194,1.3850698275266027,0.8914403918629963,0.44172436017886707,-50.4482448618107
3000,2863,154.8099147456386,-41.08509823839287,154.80987615781584,-41.08511545508124,0.12167517767224192,3.4453195108452364,3.6278441999688615,5.297757974233472
3002,2864,155.02546374045326,-41.181056338972,155.0251738388977,-41.18121308058623,0.9671507266904158,9.114922993439853,8.646568812433213,-5.138322960531011
3004,2877,156.8398038382863,-41.98149835271136,156.83994783316615,-41.98130062518264,0.8094302518114485,23.179234751065326,23.30882606529349,0.5590836609573954
3006,2870,157.8850539323872,-42.42764503693816,157.8853080872812,-42.427633422252086,0.6766507684797011,5.644227330700211,5.81745071319792,3.069036244438784
3007,2871,157.91912530576818,-42.44127547425173,157.9187473049485,-42.44136282502139,1.0523141955146675,2.3383799329320567,2.3263256393710336,-0.5154976482332523
3012,2882,155.1624085208262,-41.24656348686578,155.16289201526402,-41.246387615915765,1.4538145844408825,45.60905165745896,45.625920296540514,0.03698528793854493
3013,2876,156.7944291543932,-41.96350553310918,156.794029864383,-41.963747710031505,1.3793177564908514,8.35728992698064,8.871215036693544,6.149423009171316
3017,2889,154.3618059378066,-40.889928508079244,154.36182561145822,-40.890135147137464,0.7458249185200488,10.834418313297688,11.32748734932763,4.550950699630738
3018,2890,155.20674446099628,-41.26866247840852,155.2068855713262,-41.26868980922638,0.39429661026743484,0.6824577036466688,0.6270107972289035,-8.124592355172828
3020,2898,155.7625636557184,-41.51701652206958,155.7629717019045,-41.516673745863756,1.6530371681861977,5.697775027409897,5.190003603575752,-8.91174925986799
3023,2899,156.1329625267668,-41.679463620948844,156.13331294532867,-41.679358792541606,1.0149584277391572,9.358048399562806,10.082814348146943,7.744840779173541
3025,2892,156.27293649028152,-41.73951803222628,156.2729486706935,-41.73958998081611,0.26107336078883486,24.85268658858646,26.272337411020402,5.712263007758331
3026,2900,156.96067774198906,-42.03927918313716,156.96085089471768,-42.03917620822286,0.5930865316178747,22.83110577850379,20.755556278896815,-9.090884689260958
3027,2901,157.0334862165182,-42.07089166802386,157.0334207671688,-42.070733844883655,0.594475079368124,1.814290686044604,2.0145507718249283,11.037927236286375
3029,2902,157.7827265097382,-42.3909562066458,157.7829930077126,-42.39094659549318,0.7094151020058788,14.245211544515037,13.888853355425024,-2.501599839191051
3030,2894,157.9281134344456,-42.45306416015181,157.92812160985864,-42.453604555430935,1.945544197482643,3.133463860311795,3.380283328413294,7.8768889352034535
3031,2895,154.4342000964958,-40.925259150683104,154.43435515649958,-40.925241430859955,0.42656525944292634,2.9690078117862337,3.4846884563744864,17.368787058798794
3034,2896,154.9702137725569,-41.16603967977117,154.96993503945546,-41.165906436625704,0.8948240040286477,2.6192040702136996,2.832752971149283,8.153198269814844
3035,2905,156.14719057829487,-41.6875217375344,156.14731333808584,-41.68756395347956,0.36334101693086907,0.5743312029919346,0.8175089493621586,42.34102989762841
3038,2908,157.85186624183552,-42.42230609546027,157.85228283351964,-42.422474592866976,1.2623775025206807,3.594259028121399,3.4946372072270955,-2.771692861167345
3042,2904,155.8287505893773,-41.54820679002061,155.82905329840796,-41.54837390647379,1.0134574631774507,0.23518593852607309,0.3927828370369812,67.00949023507911
3044,2917,157.39202906803112,-42.22871484519878,157.3921158942815,-42.228615891482335,0.42482001103440303,116.889926942446,114.37446563540696,-2.15199151273111
3046,2918,157.94674934692387,-42.46460919110389,157.94628991987398,-42.464377464456824,1.478028068939627,9.170512939966422,9.643388471289697,5.156478535267262
3050,2911,155.60056877710588,-41.45078312117127,155.6003872590204,-41.45100824479103,0.9469492023599486,21.289737940295954,19.277706106078284,-9.45071207480396
3051,2913,155.9433621262809,-41.600024628966544,155.94332887267433,-41.60022514728819,0.7273956727950859,18.538085600466825,18.525433866182215,-0.06824725355832523
3052,2916,156.77669775708563,-41.96563598773736,156.7767573839287,-41.96612236935428,1.7582330757431635,0.3553768135922581,0.5663242534737225,59.35880783812056
3053,2922,157.3157122175173,-42.19776482697978,157.31493971335905,-42.197601565007986,2.1424589966875205,770.7478248192295,690.5963264340609,-10.39918580425022
3056,2920,156.45965641555674,-41.82784420595709,156.45964939597454,-41.82816169881388,1.1431293870743102,20.09149944728669,21.923207079449533,9.116828920452777
3057,2921,156.5635584288594,-41.87382442022006,156.56332514087265,-41.873673176627335,0.8291722583045303,15.771495024927193,14.019648976571304,-11.107672706912425
3060,2926,155.58502221987973,-41.44832844405412,155.58518421714382,-41.44851206700665,0.7925030817211639,1.82135344214963,2.522780337479755,38.5113003933094
3061,2927,155.68802290581607,-41.491399841352816,155.68818226806565,-41.491710935465164,1.199556204512203,10.20711436236697,10.275153265722771,0.6665831393704928
3062,2932,155.79311936809137,-41.540039753505496,155.7934668745882,-41.539914575907744,1.0391766096422679,88.90564010868145,92.08679955184434,3.5781300705715857
3063,2928,156.75544805151674,-41.9584338362839,156.75553588608818,-41.95874493017468,1.1443562751161687,2.2464755419807867,2.8140879158005303,25.266795173708516
3064,2934,157.0734457242743,-42.09821899003892,157.07326083726008,-42.09818595941217,0.507981653894153,3.007140229368271,2.504499817313882,-16.714897667408817
3065,2930,157.91919407423808,-42.458396602971995,157.91913209583944,-42.45858448034942,0.6961020425684675,0.8432196415493516,0.7432359639917729,-11.857370562889912
3066,2931,154.52971620021415,-40.97606892886543,154.5298376231985,-40.976102743574415,0.35175612162437925,1.7065637113343093,1.708791298525826,0.13053056130995783
3072,2937,155.98991912205435,-41.62934968753898,155.9897699954828,-41.62895126091056,1.4894104849021412,2.0012660224381658,1.038444574241317,-48.11061784898701
3075,2943,156.3954412931761,-41.80792041533753,156.39573840964434,-41.80781679411436,0.8802316242108547,4.778485810344548,5.146570784246246,7.7029625808422795
3077,2941,154.99369024717174,-41.191075454079815,154.99348852976664,-41.190959668256596,0.6872925736782443,2.3982634979800186,2.4204652459670126,0.9257426469482551
3085,2946,157.42557332749215,-42.25282406020518,157.4254101509719,-42.25296783206018,0.675979134883787,9.61672275701081,9.914017311988784,3.091433147131534
3087,2947,157.61590031673998,-42.3352811355795,157.6158666328246,-42.3352952185146,0.10298292777246629,2.467128989991039,2.536932888445127,2.82935747329293
3089,2950,154.75319504158085,-41.084802056618436,154.75296570095463,-41.08463257270886,0.8715151692917589,32.46445419466614,32.36975350926503,-0.29170576789388025
3091,2951,155.92794409725175,-41.607153949358676,155.92803557308517,-41.60751507530472,1.323166232772087,7.548213528953891,7.4626379869880495,-1.133719146094446
3092,2953,156.16193758251708,-41.70972693052606,156.16187816796395,-41.70967165829853,0.2551264719087545,3.2874914422297556,3.351805707469235,1.9563325523322979
3094,2955,156.57392442356394,-41.88908433138922,156.5730814888847,-41.889106794028685,2.2604941857048595,429.52366361983434,435.15267700842764,1.3105246265489745
3095,2962,156.94961831876665,-42.05214501102083,156.94892311617627,-42.05218469044386,1.8638468365059715,474.5470865422855,480.1014122068824,1.1704477431454967
3096,2963,157.494134033051,-42.28565387785248,157.49406187088834,-42.28531270747956,1.243159047676772,1.317668323107728,1.3553596563844128,2.860456809630941
3097,2948,157.87395405506018,-42.44552351722879,157.87465901735285,-42.446110549316835,2.823689342650786,1.284137314653814,1.2860191602521867,0.14654551167528357
3099,2957,154.88625207797358,-41.146899328840526,154.88609904421568,-41.14671178116911,0.7924418743375379,1.998359433598515,1.8519249318479418,-7.32773590619199
3102,2971,157.98532927738012,-42.49690807934199,157.98494921579507,-42.496733002662424,1.189514947618691,0.6904393014645531,0.47956521261096646,-30.542017003708015
3104,2964,154.3403897714276,-40.9015008900802,154.33903384653084,-40.90040260433356,5.407891995386544,2.418515402890406,4.003464167690248,65.53395371828702
3105,2966,154.68367913839944,-41.05586057054164,154.68366726701962,-41.05579661412468,0.23248751239531795,4.220453275054962,4.003256757281811,-5.146284145754995
3107,2970,157.69721402439217,-42.37487211383181,157.6972880647905,-42.375043850479386,0.6488521943263543,5.8031512820987095,5.314184061460103,-8.425891328164232
3113,2977,155.07787343366755,-41.23838323824422,155.07769031931218,-41.238615309097504,0.9714486133842848,1.3984480754544277,1.4221302601672534,1.6934618545011135
3118,2979,156.61308629581808,-41.91398650930948,156.61332937561397,-41.91426260609588,1.1882703456217527,9.358171655831772,9.468579586413679,1.179802365701463
3119,2985,156.78458873900422,-41.98942874953832,156.78469295672406,-41.98889803893955,1.9308022283034503,1.1445457306131697,1.2842377050172864,12.205014676808004
3120,2987,157.43499995196245,-42.26900312725012,157.4348766138548,-42.26873553835144,1.017813610607957,2.2461385082623053,2.1498938270867467,-4.284895202211596
3123,2984,154.90515757364983,-41.16129691782662,154.9052490564936,-41.16136180811072,0.34065849002940024,18.8866911233297,24.624529767434336,30.380327642553517
3132,2992,154.3999380925042,-40.936524180242905,154.40005871288338,-40.93630697298104,0.8479666307022684,1.2292305018851803,1.0918409543380818,-11.176874258846839
3135,2994,155.05144318549284,-41.22835523625203,155.0510764466388,-41.2284039167023,1.008298956459673,4.327512755467407,4.39001933925089,1.4443997583718642
3139,2997,156.9668609757615,-42.070740829449896,156.96702349630837,-42.07056864146066,0.7568842434155109,5.632527111852818,5.532463392339221,-1.7765332953840265
3143,2998,157.7953038197844,-42.42466487038749,157.79521732372646,-42.424600366519996,0.32673577955631916,4.223988092772535,3.8913874302673217,-7.874090911248313
3144,2999,158.0880719062697,-42.54809151333627,158.08822780137834,-42.54836200057353,1.057895961364173,8.424276545881229,7.931297388052637,-5.851887163766221
3147,3001,155.06363018780814,-41.23763381681969,155.06380262036637,-41.237742149681424,0.6082754105996216,103.4276880293656,102.75061160272236,-0.6546374955717865
3148,3002,155.48634667906163,-41.42570241348108,155.4860085275003,-41.425630749491056,0.9485426256777313,6.819922777978051,7.065578040582952,3.602024107928855
3150,3009,156.4135918162736,-41.83395711587512,156.41407599781616,-41.833819053912364,1.3905748116946108,1.9350667321767199,1.689221968125046,-12.704717618452763
3152,3006,154.2245438961321,-40.862096004045775,154.22451931250586,-40.86202088494278,0.27858865300515423,7.796061290392615,7.335294343316555,-5.910253009989551
3157,3007,154.77469668259488,-41.10907089797868,154.77490944487536,-41.10935095276553,1.161685691808491,0.05604582683785014,0.3041074356725249,442.60495888901426
3161,3010,157.27845656404304,-42.209207462680105,157.27813035250205,-42.20953361156382,1.461240177684513,1.0899188002230082,1.3206226831511976,21.1670706919621
3162,3017,157.84877181592842,-42.452630678414046,157.84869142514634,-42.452639811817996,0.21605127961241188,9.209754625290165,9.615898705462673,4.409933778878631
3163,3018,157.94764340306287,-42.49381010965394,157.94816485102203,-42.493988083670814,1.5252565335260886,6.0635997059620035,6.172760654026327,1.8002663988025338
3171,3028,155.52522018083613,-41.449414464750376,155.52546114863952,-41.44906867073601,1.4044406719683864,13.670533653561565,12.826883705379297,-6.171302229759502
3172,3021,155.92305790490428,-41.62454104878133,155.92322431425694,-41.62470548497175,0.7422716807170278,8.020194611843335,8.198008900507919,2.2170819695822224
3173,3022,156.02418974988925,-41.66915225848516,156.0240393578052,-41.669267792883744,0.5801360787514834,48.22873800847809,50.90406356447148,5.547160606862854
3178,3027,154.69748124145275,-41.08015330924738,154.6972112732322,-41.079968578695286,0.9894277136557427,3.7002683148170945,3.5099252917057973,-5.144032997528882
3182,3038,156.6404620613312,-41.94008015910533,156.64026908603302,-41.93977562823504,1.2119970977840193,26.944039830034836,26.043457862885813,-3.3424162554315027
3183,3041,157.41133010517098,-42.27223236951869,157.41138085991182,-42.271901858951594,1.1974950769397288,10.376041670378783,10.814307569605958,4.223825550723493
3184,3034,154.44279726192482,-40.9675888404229,154.44231902076567,-40.96769343824494,1.353434215636436,1.5659177631013645,1.6042082816405934,2.4452445359194903
3185,3045,154.4829437169445,-40.98650527832721,154.4830075103329,-40.9863447476882,0.6033521407619256,1.011245931085822,1.076451971531599,6.448089276934077
3186,3035,155.12346939377719,-41.27424945184357,155.1232421784725,-41.27441630500666,0.8594954641498673,1.0519886994184888,0.2916253820151974,-72.27865829961861
3187,3047,155.7825391758691,-41.56732607916119,155.78250371586915,-41.56685398453898,1.7022222141888539,2.3776015034720306,2.3580908270523615,-0.8206033008970378
3188,3036,155.82091277675852,-41.58222000785687,155.8205527286086,-41.582178828591424,0.9808113066732606,2.8445690804699892,2.447253552887946,-13.96751199715626
3190,3039,157.02854104881382,-42.10953285101916,157.02827686802905,-42.10962478452557,0.7793175981218317,1.2736248432621138,1.180607315342377,-7.303369466435068
3191,3042,157.44823667146122,-42.28944607415263,157.44814726999738,-42.28942948033471,0.2454666428495044,1.6812973023338538,1.7109325363681007,1.7626409078935348
3192,3043,154.09255386405968,-40.80984214760145,154.0925878719134,-40.81004115358667,0.7223893665240912,1.6545159309137303,1.4856831190005966,-10.204363025981463
3195,3050,155.9637527578845,-41.648540888135024,155.96386769340353,-41.64858518302261,0.3478813431806702,8.261247948786032,7.555883728089646,-8.538228425888576
3196,3051,156.42644124599363,-41.851180161641956,156.42680840117848,-41.85101295532775,1.15398450826768,11.677354624357122,11.835881619632596,1.357559142246244
3198,3044,154.33884292115286,-40.92350062362146,154.33876008335852,-40.92395867623169,1.664313125114129,21.60726888667135,20.50616896834863,-5.0959698983611235
3203,3056,155.73250703212315,-41.549444993937264,155.73265485891386,-41.549326319529925,0.5840758795453086,1.1626738667844787,1.280868940923985,10.165797780110923
3206,3057,157.03686644287333,-42.118606593330405,157.03696935862337,-42.11896455544227,1.317641413383439,0.9058301394003274,0.6690608395683253,-26.13837733294531
3207,3058,157.94175208199886,-42.5044375845832,157.94173322488606,-42.50451281602761,0.2754184416373441,0.8162438094428375,0.617376838655529,-24.363672776036584
3208,3059,154.95132039077393,-41.20552505246963,154.95097713780083,-41.20554321145277,0.9319840727157728,13.55485236009179,13.542025739436356,-0.09462752020226664
3211,3061,156.59789925990088,-41.931150905859134,156.5975435574456,-41.93126636086943,1.0393701139550453,1.7927986830824088,1.7648364376347512,-1.55969801358741
3212,3066,156.76838306376283,-42.00535877751408,156.7684153546347,-42.00521570524617,0.5222534813564462,46.3182503947828,46.821150221947164,1.0857487553567193
3219,3076,155.16770593939387,-41.30631985875401,155.1679931652623,-41.30603123380685,1.2972874925016031,3.408361575686066,3.0883409509601534,-9.389280380603283
3231,3084,157.6573881505071,-42.393145188374426,157.65742108890765,-42.392951371891975,0.703213668888555,3.1362826903107437,2.7681894284232764,-11.736609809589469
3233,3085,157.82106567383224,-42.46204910085388,157.82114948152565,-42.46160068775409,1.6295594500312702,5.773806830643513,6.3821051917639995,10.535481684147193
3235,3082,155.8217460137551,-41.60027506751515,155.82162145889168,-41.60055677540165,1.068142707437111,2.778813239232539,2.122955479421987,-23.60208129682327
3237,3090,156.86436577983304,-42.05526796092304,156.8644590102037,-42.05504278366837,0.8480785561064597,11.18445705561759,11.575379573600856,3.4952301755847612
3239,3091,157.39128681837417,-42.281542221970135,157.391553747669,-42.281571790841426,0.7188781077832519,6.20470745208113,6.388756677443499,2.96628369320841
3247,3093,154.61654460827418,-41.06727967142987,154.61648564613228,-41.06728743210258,0.16245422947681817,1.3553980914100452,1.1199667011614904,-17.369907169017125
3248,3094,154.98605808496265,-41.23104857354142,154.98593455701376,-41.23103379135546,0.3386479929617019,5.59474055518404,6.2654613019070435,11.988415550414029
3252,3105,156.3667955887513,-41.84374094744796,156.36705564437437,-41.84337147722256,1.501855444305846,0.6534731478701301,0.8105066458255519,24.03059689097283
3253,3098,156.54426110397497,-41.91989180549516,156.54418413311205,-41.920252760627044,1.3156939778144854,174.94115543055577,195.0222767808798,11.478786281536468
3254,3106,156.65474885734164,-41.9681279351328,156.65433395482594,-41.96777347084758,1.6916541946780068,34.32570108824971,34.50631059513992,0.5261640728790231
3255,3107,156.72611076987573,-41.99945216761765,156.72641196430885,-41.999403497253404,0.8246283850748637,3.785015514312871,4.263234852828946,12.63454103973179
3256,3108,157.4007745754057,-42.289374613847606,157.40106017496333,-42.28914517156039,1.1228342284324284,0.6620904549142281,0.5247441511661517,-20.74434130996032
3258,3100,157.92562922798987,-42.51095266351941,157.92546901170633,-42.51102803266235,0.5043707009658662,10.37143756801355,9.892728163981417,-4.615651406980605
3260,3113,155.9681612162599,-41.670548777203024,155.9686502150878,-41.6703316013572,1.529850457212591,3.8424429527325494,3.5630064500693677,-7.272365682474499
3264,3104,156.28863806935826,-41.80852695658526,156.28830339397908,-41.808790099950556,1.30533685870691,1.4931716405665012,1.7532693021442307,17.41914020541201
3269,3111,154.78811064572025,-41.14646450467176,154.78824280505003,-41.14648657062745,0.3669726815873306,1.0528442327534298,1.091012706997751,3.625272671580487
3273,3125,157.91005469067346,-42.50991534734111,157.9100141647169,-42.50981414971138,0.3798541735592358,14.726995510396476,14.513629772357064,-1.4488069741637892
3275,3116,154.26240220219194,-40.91075872193874,154.26242644609806,-40.91074372131278,0.08524549105984529,4.26562662569331,3.911807433157329,-8.294659227903542
3276,3117,154.71097114556662,-41.11316267792342,154.71081172572033,-41.11336546789916,0.8484847406765749,4.459383489826248,4.113959067687334,-7.746012939388902
3277,3118,154.92122949293395,-41.20869221428028,154.9215461391649,-41.20855228486353,0.994591043556214,0.7437069250648408,0.3048632526680057,-59.00760872417238
3278,3119,155.305350099112,-41.37971058767497,155.3051550680749,-41.37972513980486,0.5294244245856402,2.1006054732936565,2.445883855246033,16.437088560518465
3283,3123,156.80344283328714,-42.03680382249023,156.80336879648448,-42.03694097759758,0.5319628623074346,2.1117397751249354,2.3789123868681585,12.651777216604096
3285,3127,155.34749411744664,-41.400381794142646,155.34709929664353,-41.400307809061985,1.0989337392866556,0.9884319137485187,0.8976401548548009,-9.185433779591365
3287,3130,156.88300532411932,-42.07347967675566,156.8826178916853,-42.073330688935314,1.1659949358730954,1.303470767696272,1.1949795825765517,-8.323254177112501
3291,3132,157.584126561456,-42.3752583321426,157.58406567253618,-42.37536735086059,0.4245621246138362,1.974545535306997,2.208754265567051,11.861399297820691
3293,3139,157.82200527762294,-42.47633894771885,157.82183632294345,-42.47613476574549,0.8611368103777326,43.70609814060033,41.41669693369818,-5.238173399824588
3296,3144,155.53123958478793,-41.48590810279162,155.5313598666897,-41.485485762445435,1.5546432642498555,2.3354762873655557,2.1132493364671134,-9.515273269981122
3297,3135,155.93565900899048,-41.66392557625339,155.93528724322212,-41.66396453061457,1.0096151359032786,6.1361479957576694,6.114605971155136,-0.3510675527615527
3298,3137,156.91888392510225,-42.0919008411483,156.91889386020893,-42.09203438527652,0.481490930202775,0.12510816861104057,0.3100484823556813,147.82433137488997
3300,3138,157.06603527123985,-42.1553764477385,157.06620473147532,-42.155534979551604,0.7281801774535243,11.401870512884386,12.069126213752925,5.852159960197095
3303,3143,154.51520277403048,-41.03392341825757,154.51455453781793,-41.0336815537755,1.963894805080241,9.072188864508911,9.535330904572294,5.105074938146735
3304,3145,155.78164374443728,-41.59745691617901,155.78174530875003,-41.59755764567126,0.4541599092699359,2.8438115620293907,2.9873279124609686,5.04661955622553
3310,3152,155.22067552099816,-41.35108713825518,155.22043580114385,-41.351499981249965,1.6212866021471444,0.7334201069869386,0.17901073364700776,-75.59233351504014
3314,3154,156.72415835111198,-42.011661792244105,156.72391099502255,-42.01179891443157,0.8254945409089657,4.9296160045995805,6.799258590416281,37.92673879815852
3315,3155,156.81893955694366,-42.0515540802469,156.819223881179,-42.05163266722218,0.8109889970612784,1.6646897405509502,0.9976313000150693,-40.07103691977518
3318,3162,156.9765297451205,-42.12109815273973,156.9763185861429,-42.12107048888554,0.5725695139883864,1.5220804997980915,1.4431044229417522,-5.188692507841448
3320,3163,157.28867509974245,-42.25683524093529,157.28881848188186,-42.2570657060778,0.9134083133268371,2.7089074810756237,2.4605973046431604,-9.166432525553327
3321,3171,157.5655789752107,-42.375614103292676,157.56545502589597,-42.37541494457298,0.7891201973578299,45.6519880179465,48.248995840793086,5.688706966771439
3322,3165,154.401150889016,-40.98765770317607,154.40086875746886,-40.987604981216876,0.7898263005934695,341.1609198001087,307.8332411668038,-9.768902796027179
3324,3167,156.0784104099717,-41.73247725762246,156.07808408763927,-41.73256112707436,0.9272134569225263,96.83823778626493,96.69654068123653,-0.14632350636237693
3325,3168,156.26809930367392,-41.81745786010867,156.26776432655961,-41.81754654736379,0.9537632149485763,2.980026143823856,2.8419866782379506,-4.632156193394278
3327,3169,156.87416398484316,-42.08039581406111,156.87421115483113,-42.08030563732286,0.34824362610028414,1.2079504125641745,1.2211532025777285,1.0929910595856223
3328,3170,157.14802672040722,-42.19696063211267,157.14791773228734,-42.196988909158556,0.30798385049265903,0.11866793510789587,0.38991802081208743,228.57908958941957
3329,3177,157.2345291659167,-42.235742049029845,157.2342107045083,-42.23547053242626,1.2945776531000694,31.64794256319406,29.096753318673297,-8.061153547111612
3331,3174,155.31462763604887,-41.39838287768577,155.31455161174426,-41.398306341867254,0.3436055931937224,3.3435568837748786,3.333851161328754,-0.2902813615411497
3333,3176,156.56502830620738,-41.94720228497087,156.5644586470439,-41.946703438173365,2.3561801411123264,1.057916848305459,0.8640281118363534,-18.327407941339725
3336,3181,154.24045362338455,-40.91714182795337,154.24047717803222,-40.91735425266269,0.7674087947981689,0.899658202062861,1.0355960097098948,15.109939234182143
3340,3183,156.08832205154786,-41.74173407322979,156.08848761224417,-41.74173218098698,0.44477343047979023,1.6297949263246305,1.5035146050764452,-7.748233793619763
3343,3191,157.68777415381206,-42.4334313143715,157.6877543800392,-42.433352218407094,0.289552018189595,18.715472173574756,18.97325466314598,1.3773763610153442
3345,3185,154.09466161680763,-40.85240419371671,154.09354381561243,-40.85256682196013,3.0995960778886036,1025.2264742259042,954.500225932346,-6.898597536408722
3351,3200,154.7707901015002,-41.16171128838289,154.7702455817452,-41.161640179904836,1.497837916926379,2.1734581712826953,1.8131106382516282,-16.579455624784494
3352,3193,154.94222001135248,-41.23883237973126,154.9421194346882,-41.23878632550815,0.318777155769566,10.22224245887567,10.67266071690319,4.406256844714492
3355,3204,157.26423389169477,-42.256676379933246,157.2637912536839,-42.25642547646657,1.4855569493710674,15.680963010575809,15.715239672267096,0.21858773385390573
3357,3194,157.9270502952162,-42.53841843585234,157.92680437589956,-42.5385761646206,0.8648355931529609,23.92055272768589,23.697764422657116,-0.9313677136353027
3358,3195,158.03516952362307,-42.58354604143713,158.03543695904156,-42.583506656629595,0.7229181575007919,16.541285909519065,16.500459356343878,-0.24681607825720484
3359,3201,155.0359399916526,-41.28121962722338,155.03592078785354,-41.281319702763476,0.3639985479349778,14.529211270475354,13.462295928134795,-7.34324336317296
3362,3203,156.79025367647307,-42.05353398627858,156.7891608492333,-42.05317988309576,3.187242962903157,1326.1921450138411,1335.4885527354877,0.7009849784285632
3365,3205,157.5907225242256,-42.39766020111843,157.59001443441292,-42.39769895965488,1.887647310655239,30.480178422097108,26.391423935210067,-13.414470316626595
3366,3211,157.61193391822434,-42.40713375288159,157.61171139200596,-42.406939854002,0.9149500829854197,2.3641810973208877,2.3824835597250718,0.7741565324638039
3367,3214,154.928661668346,-41.23695396906977,154.92826658927717,-41.236953003744574,1.0695493700453425,265.5622206873742,269.79959344744526,1.5956233341863084
3368,3206,155.0082888124689,-41.27239461351856,155.00801685210442,-41.27236219814512,0.7450378243578312,30.0295496923335,28.459699297753932,-5.227685432060769
3371,3210,156.98762483775351,-42.140194183363946,156.98758377352075,-42.14018215073471,0.11786617323329979,0.8592858221953019,0.4381549510964217,-49.009405278324714
3374,3213,154.63591885182697,-41.10740047094938,154.6360081909583,-41.10739293230663,0.24384934366964317,7.1502192332401036,6.875934524122615,-3.8360321574811
3375,3215,155.08860299866558,-41.31051909621695,155.08830612670414,-41.31049613401527,0.8070207887048232,11.436929802018552,12.086596553084288,5.6804296459970685
3376,3219,156.16520778126278,-41.785983157870724,156.16541772033176,-41.785956807260256,0.5714681073145577,3.443961327190152,3.1613736229117504,-8.205310032007777
3384,3223,156.00838779346626,-41.717566377157354,156.0079558736551,-41.71766889343587,1.2179018592402069,76.43931813599038,72.47441434137134,-5.186995241853438
3388,3232,157.05618695013698,-42.1752545586078,157.05580292476077,-42.17499150176077,1.395184242074807,0.9068654279866872,1.0028981016473024,10.589517551001508
3391,3228,154.1874449256968,-40.90700266845901,154.18748869980178,-40.90692316826029,0.3099929886945136,14.685596387001796,14.672068459665836,-0.09211697624983284
3395,3236,156.56366951265272,-41.96420692171941,156.56348814849383,-41.963923778608844,1.1290241730068524,24.087150373678444,22.720539875447095,-5.673608031794126
3402,3238,154.72696056993772,-41.15633356092594,154.7272679283047,-41.15651325267866,1.0547569643203658,2.270444077302009,2.2759107677740547,0.24077626604843014
3403,3239,155.05330533500438,-41.30253072353624,155.0529869354018,-41.30266614442015,0.9895217367513635,5.260618011433383,5.066570504364123,-3.6886827108054328
3405,3246,157.122969719685,-42.20990531449421,157.12279735328022,-42.20961114993343,1.1544299360380192,4.511948381681908,4.5069588679747445,-0.11058445897608506
3409,3244,155.72276655309813,-41.60022108527179,155.7228687230864,-41.600370188407744,0.6031373975011171,34.40112029318369,34.32934664981341,-0.20863751749532308
3410,3245,156.53595428093152,-41.956962642566346,156.5359747952558,-41.957112121658945,0.5409199335708925,1.8062552370063005,1.0112914458094278,-44.01170858413405
3413,3257,154.9373405301273,-41.2549268819646,154.93759054493862,-41.25458278575169,1.4115039032654744,10.323273492792204,9.941143647917531,-3.7016344199490465
3414,3248,155.242638891166,-41.390562346734264,155.24285081655216,-41.390474700695556,0.6535749431334047,0.31111640322793765,0.38188847719336305,22.747779683469354
3417,3250,155.50396018582086,-41.50479515088254,155.50343680733604,-41.504681948997145,1.468721611676361,3.987769371046879,3.3339972815124677,-16.394430788327703
3418,3251,155.67420178885288,-41.5807577202069,155.67394769745016,-41.58062218409599,0.8403905848500707,12.676621348790414,12.526290199241771,-1.1858928764405166
3419,3254,157.03725120042904,-42.1755133444208,157.0370957414706,-42.17552417011585,0.4165805584757865,1.3604780727583143,0.9629997212471122,-29.21607922025019
3420,3261,157.06774944355013,-42.189431863090604,157.06767728152028,-42.18926956300615,0.6151686330126783,3.484678478973761,3.634447209883562,4.297921079763663
3421,3255,157.59898301415225,-42.41576847425003,157.59913337696725,-42.415889371217844,0.59087065787646,7.816368384527263,7.622521079968287,-2.4800175097005757
3422,3264,157.63730135135015,-42.433372569644845,157.6372826037471,-42.433199331115524,0.6256448734124188,12.66211082272278,12.283983361863598,-2.9862908811429336
3430,3259,156.6726021894404,-42.020831348652735,156.67268637525137,-42.02112789563597,1.0910528462845317,11.670921822624887,12.959189877755383,11.038271652485063
3432,3265,157.8556033437228,-42.526475505446214,157.85565824726928,-42.52667204932884,0.7223960055231214,19.58890363768661,20.96172030879729,7.008134281030165
3433,3266,154.12924836310222,-40.894504264344214,154.12913746117758,-40.89429956759833,0.7963138084699526,5.7157799562895155,5.451867118845719,-4.617267275192998
3438,3271,156.88334652526396,-42.11379202649849,156.883021095365,-42.11365782235236,0.9943365991209697,2.6983427789632257,2.6553321622595463,-1.5939641560367381
3445,3276,156.00219865967136,-41.73090735765152,156.0022365027706,-41.730450733424114,1.6469882915327871,0.8653069059497582,0.8528579064932288,-1.4386802382982784
3448,3272,154.71159834953707,-41.15954155600341,154.71143740100015,-41.16012475201257,2.144345713169829,0.9518445887926649,0.9198576432960605,-3.3605218617859847
3450,3281,155.58517627613878,-41.55084827599212,155.58542971700868,-41.5508727478421,0.6884606549813111,2.791419225571343,2.9391478991155795,5.29224246186095
3451,3282,156.290716146044,-41.8594570155599,156.2907782397936,-41.859582483003244,0.4813888865676156,1.6333283178636113,1.6661748254552173,2.01101684409471
3455,3286,155.39141424430187,-41.466665428297944,155.39111722760128,-41.46658702552932,0.8495011816164489,48.12670654612699,47.859936920168806,-0.5543068393896807
3457,3289,157.41514216693923,-42.34643399372483,157.41466467977872,-42.34679641602993,1.821081633151545,0.6967314217851703,0.6829195460260791,-1.9823816361981168
3458,3297,157.659867865798,-42.4530945107931,157.65996402280052,-42.4529838367456,0.47326387439965106,12.705448712365639,12.352407716446233,-2.7786582269684565
3463,3294,156.0391603592667,-41.75481509547486,156.03923238038834,-41.755142109913336,1.193035388863769,20.32228668010925,18.869695483927174,-7.1477743575176635
3467,3298,154.2819030621606,-40.97181512220362,154.28216688376563,-40.971814536790546,0.7171008205729336,0.2614326671904525,0.1419341232700834,-45.70910942560784
3469,3300,155.40818746957362,-41.47791273676458,155.40723623365892,-41.47797945322663,2.5768516560311436,1523.880714253078,1516.9074709782544,-0.4575977115270085
3470,3308,156.58583482697708,-41.99558676573373,156.5858893798089,-41.9955106180288,0.3105664642216373,26.18605122605571,25.04314892989202,-4.364546171155721
3472,3309,157.37178422064855,-42.334089270979476,157.37190761903514,-42.33409450779625,0.3289321737286434,10.208150277926267,10.281798595770454,0.7214658467895144
3473,3310,157.51307849019,-42.39426161034286,157.51323488121417,-42.39429520000405,0.43302069357900586,3.2706921343523305,2.9716314804118062,-9.143650385172828
3477,3306,156.02605973437142,-41.75282837005108,156.02587691606044,-41.7527340388528,0.5969902871607466,5.614039040384739,4.137735643071783,-26.29663575000332
3478,3307,156.33038181998785,-41.884684509958056,156.33031617424524,-41.88490278022518,0.8052294115444152,1.72906516209012,1.631526434031325,-5.6411250540083095
3480,3320,157.8591010833472,-42.543755146089104,157.85936782024103,-42.54375734156351,0.7075211466053652,53.09456135083512,52.43927562552634,-1.2341861551107294
3487,3319,157.77559485146762,-42.508193627851746,157.77552562959605,-42.50850303330849,1.12890676534166,0.9116564694337682,0.9422732294880022,3.358365906540443
3490,3322,156.38910241841512,-41.915554902197506,156.38921162386083,-41.91577897641058,0.8580765693518752,1.6724493547454002,1.8965583579313738,13.400047215186978
3495,3327,157.7896002699469,-42.51599753315659,157.78944869405686,-42.51625441565715,1.0084564207594966,8.76276941728438,8.872956955510416,1.2574510748701588
3497,3337,155.97601526448818,-41.736993611335855,155.97552389834718,-41.7367398240252,1.6053306135775736,14.278084510942632,14.122612925766632,-1.08888265128875
3500,3330,157.00194287110992,-42.1823848172486,157.00205148484378,-42.18260630241896,0.8483583818924024,3.1463136384504904,3.4639511254115374,10.095544292827666
3501,3335,154.09213233273942,-40.89715830831552,154.0920613261959,-40.89723431096331,0.3349581647249116,2.505934523129938,2.8647383621559377,14.318164968566302
3502,3336,154.10484435823588,-40.90113331866952,154.10490050876103,-40.901175464431624,0.21532361662418456,3.79405675252597,3.8333527157408667,1.0357241806869317
3513,3342,155.77827028351896,-41.653841280842855,155.77829726903414,-41.653836469888255,0.07462398896376121,5.675717730053864,5.6148251457885365,-1.0728613923643757
3515,3343,157.48581926410824,-42.39384308323963,157.4856339727352,-42.393699137598084,0.7149997929329563,3.1324144564381964,3.0779936289514733,-1.737344410950135
3516,3344,157.91736314480883,-42.57767493842719,157.91752475635215,-42.5778498112611,0.7614873633244085,18.372639217735095,18.886881096327652,2.798954861619227
3519,3345,154.64201436635196,-41.14937349636862,154.64154251131987,-41.14927322842919,1.3290567818861694,13.03364966808551,9.771720848045517,-25.02697941948851
3521,3347,156.13832432134961,-41.814351340960044,156.1380329293042,-41.81419565215628,0.9619818407011729,5.5390139674388035,4.61751272974032,-16.636557392986287
3522,3348,156.19295343809043,-41.83681323391228,156.19334753480808,-41.83696468208757,1.1893602712068476,8.957522308770917,8.426117951968003,-5.932492697032756
3526,3350,157.7011249034744,-42.48721092557702,157.70129231102587,-42.487277632183556,0.505154705309642,3.228485398452823,2.861837360216214,-11.356657781767149
3527,3352,154.1529726268848,-40.9293866157746,154.1533584520224,-40.92927316090129,1.1260754150731695,4.387361210528629,3.971790045257774,-9.47200709787884
3528,3357,155.1280385670753,-41.369986166855874,155.12777698283713,-41.36964209500541,1.4260835722632534,1.4764612344216188,1.6297918447096835,10.38500752430047
3535,3361,157.9457107306262,-42.594176121674735,157.94527835755989,-42.59429163557336,1.2189978568083575,5.098820448282305,4.862308363062222,-4.638564695875103
3537,3375,155.70442497086827,-41.629798892145836,155.70484583177233,-41.62961312459877,1.3151900528185816,11.443429880968264,11.607237468320724,1.4314553333777231
3539,3368,156.54413938011666,-41.99693087520079,156.5442661304045,-41.99745078634203,1.902152430178457,2.7414052466350305,3.0907002802191,12.741459294017755
3542,3371,157.73014239464882,-42.50619459669233,157.7300582313775,-42.506400639210746,0.774654034900623,12.523504348646872,12.331969604937617,-1.5294021415814791
3544,3373,154.68744951321773,-41.176579890520294,154.6871542858486,-41.176484355605105,0.8707653958088399,23.34655644050076,23.592788588366954,1.054682940046097
3545,3378,156.36850297023247,-41.92250374441632,156.36869361057788,-41.92272394662123,0.9429606860468027,21.586959600607635,22.23845051238745,3.017983652322558
3546,3379,156.4184995787179,-41.943408389162634,156.41827592073332,-41.94315138578662,1.102128310372015,8.770288140187063,8.303268642614896,-5.325018860351902
3551,3384,156.5873397759323,-42.01789170786646,156.58704619879006,-42.01775669283579,0.9234592054490534,0.744661112916144,0.8288456118341087,11.305075215797475
3553,3386,157.19629062804142,-42.28194753047331,157.19673888034265,-42.28209383851615,1.3049117280523346,3.3613118745705814,3.2092785875003207,-4.523034242089883
3556,3391,154.56429766243014,-41.12466472561514,154.5644108329862,-41.12472625041045,0.37847476385349355,2.703703378026495,2.7136156275265,0.36661749142171934
3559,3394,156.29833705521625,-41.89593280609778,156.29817924710852,-41.89610587484309,0.7530025055158264,103.60535776852832,103.00780652300763,-0.5767570890066519
3560,3395,156.77605988536678,-42.101828638768524,156.77590839223322,-42.101810133830696,0.4100907574800559,1.1182372351292356,1.1955381187388203,6.912744557343508
3562,3401,154.61988052223245,-41.15411934016668,154.62022414866638,-41.15414294573307,0.9352993618692941,0.4388235534251929,0.3409527177005459,-22.303004239568747
3563,3403,154.73287766200033,-41.20322075433247,154.7326151128938,-41.203177905894236,0.7276680363384134,11.689814150747567,12.207535265293862,4.428822459193551
3565,3404,155.3755724733319,-41.491558704398514,155.3752172919814,-41.49161692351997,0.9804425710159389,10.447327930020135,10.689192733364184,2.3150876948071692
3569,3405,156.4942932550899,-41.9818993566405,156.49421465257728,-41.98180789073045,0.3907292660448555,1.6171202320954297,1.113890029916877,-31.11891077675021
3570,3410,157.15889155833028,-42.27084778074403,157.1593752710492,-42.270794245844584,1.3028978591666105,5.192662727214806,4.961207054017568,-4.457360035809297
3575,3412,154.75482865723535,-41.218342322304935,154.7544801191901,-41.21815368808621,1.1627335343043153,10.780821296973643,9.804455964513036,-9.056502334703293
3578,3413,155.09874788683027,-41.37121897067234,155.09866276343743,-41.37127138542482,0.2974739861774283,0.7401498203904355,0.9264848099686978,25.17530700473167
3579,3415,156.95538459457327,-42.1861649850993,156.95563491516302,-42.18632790617624,0.888738854155258,1.7058213542245808,1.7127664635163724,0.407141654933066
3580,3417,157.26567229121994,-42.31983517574652,157.26583531009985,-42.32017920816342,1.3123326553159347,4.810265787212838,4.355361033224563,-9.456956727787302
3582,3419,157.45434752895147,-42.3990076442799,157.45421511738493,-42.399504780764154,1.8239812899911105,1.4648711398389758,1.4382987339710598,-1.8139756559636313
3583,3420,154.163025479863,-40.95285066062099,154.1629014077432,-40.95267583023105,0.7140932340197631,14.627715342001263,14.326494390497798,-2.0592481085447085
3584,3422,155.18392034760268,-41.41050415021684,155.18352411480691,-41.41025593127043,1.3939176094924097,0.6105149581277873,0.7183580545729434,17.664284062075904
3585,3423,155.3866460552145,-41.50169105102685,155.3865606666801,-41.501532549975494,0.615297479255841,6.932493227764871,7.0586939388198315,1.820423142276179
3587,3426,156.92801919409186,-42.176567407901786,156.92775491647885,-42.17641817463685,0.8864201365356211,1.555938251437821,2.063439117031479,32.617031243025444
3588,3428,154.240116219777,-40.98842397919848,154.2399737816614,-40.98842117052854,0.38719789014711503,22.47335035950725,23.06905138799602,2.6506996907862472
3591,3431,155.75717334797474,-41.66669532635365,155.75663984882235,-41.66670613013913,1.4352603926293817,2.0157572853067744,2.186931588731081,8.491811225092807
3594,3436,157.16719247300935,-42.28038653453501,157.16778384722062,-42.28028649527862,1.615774529332318,8.592219375049993,8.26696574361511,-3.7854437513473123
3595,3437,157.35167245986833,-42.3600424407018,157.3519699386837,-42.360119032033076,0.8379935244237681,3.1277450653156516,3.221375675314119,2.9935499231302667
3602,3439,154.2128082566562,-40.97976980378023,154.21233005224417,-40.97981325380709,1.3090370114524168,18.569000011377707,18.64924796235449,0.43216086449250635
3604,3441,156.13013925781323,-41.83503318967304,156.13036206124355,-41.83546880847225,1.6782364622877781,0.41604227393608895,0.6359146691233122,52.84857067697868
3606,3444,157.33152344547057,-42.35435022676436,157.3313097861448,-42.35448741483645,0.7529990845463337,18.194856219786725,18.251397068724945,0.3107518314804362
3607,3445,157.37578961301185,-42.37328291365071,157.37551862033422,-42.373362240759135,0.7752401723399077,3.949038547104376,3.922568386954704,-0.6702937900943294
3608,3446,154.84508531697972,-41.26717909117641,154.84477259329094,-41.26736105699176,1.0701320829003798,2.29955680134166,2.385651663037587,3.7439763021159247
3610,3448,156.0680675240309,-41.80899519458214,156.06832251255761,-41.809073611163925,0.7401686997118696,18.096401492598098,18.747760825516472,3.599385950763736
3614,3451,157.50749831200977,-42.43312207287675,157.50727022616414,-42.43311852712571,0.6061666157875026,18.527966842932795,18.401442922680634,-0.6828807570994865
3616,3453,154.7825936934364,-41.24322241564424,154.78251124764986,-41.24311719878552,0.43963735814050237,3.046817676970659,3.1107480941568175,2.0982685530997136
3618,3461,155.22800311616498,-41.442057007070574,155.22788201753988,-41.44132269079926,2.6636624437932577,4.4198437007334865,3.7914032135879183,-14.21861336502186
3619,3454,155.44868573686998,-41.53831336760722,155.44811150384132,-41.53842181489754,1.5958448556162474,562.0133894346717,563.6909303243125,0.29848770886548287
3622,3455,156.7743063651934,-42.12013318387223,156.77430885878664,-42.120220531748245,0.31452284337582376,1.8008377059923881,1.5631259355734333,-13.200066259605498
3623,3465,157.00080701008116,-42.21857846974745,157.0013650742577,-42.21815525485682,2.129559577107567,0.37595145200723484,0.5312100838591308,41.297521534484765
3624,3456,157.2838806426387,-42.33951874204027,157.28345196769206,-42.3397349107276,1.3808721772107437,6.364450202675978,6.072801899447668,-4.5824587189901305
3625,3458,154.14345643346303,-40.95444786563964,154.14304036356216,-40.954465133592905,1.1329305359765942,0.6582779438850248,0.7870201962881179,19.557430656613235
3629,3466,157.62801731715737,-42.488276667133995,157.62793645479422,-42.48831047965108,0.24677525067674722,4.4525886736132865,4.431652663326577,-0.4701986152634998
3633,3467,155.15783456383366,-41.41424926165551,155.15788338066386,-41.414532065455425,1.0265889463471083,2.9405671075141138,3.1073083290827213,5.670376341438662
3635,3468,155.98066200058997,-41.77636236312214,155.98066266356867,-41.77615548341965,0.7447690558304345,0.6139929456108194,0.8296161968329275,35.118196839802344
3636,3469,156.25438193405034,-41.89640974632622,156.25447232776014,-41.89661520263588,0.7782958021022144,4.648949556332855,4.2190383209238025,-9.247491937687785
3637,3470,156.44480340832354,-41.98136239050207,156.44424844512494,-41.98135675991106,1.4852780718393483,0.5226079351496559,0.7205753379010513,37.88067295509105
3641,3471,154.15143838610362,-40.96404678211717,154.15111210284135,-40.964064173180944,0.8891869016923575,5.592681281890626,5.5788084211262206,-0.24805384153262292
3642,3472,154.51131080998599,-41.126977221312735,154.5108615860205,-41.12700455625104,1.222134740047919,2.0183547436800255,1.7588042039231024,-12.85951047850438
3644,3473,156.34461658398496,-41.939087804166846,156.34475656620313,-41.939113126978356,0.38578136997374435,0.16599934871544425,0.32097621052058467,93.35992159270543
3645,3474,156.42668768561595,-41.97520929269636,156.42642652740423,-41.975148637540585,0.7322690812908546,1.819185099777119,2.0684179387031,13.700246278210834
3646,3475,156.63149696065523,-42.064355589588054,156.6316943193563,-42.064524153098304,0.8040262026196231,9.955569978884045,9.541612175939097,-4.158052264440512
3649,3486,157.4614992555586,-42.42193698719888,157.46150418257787,-42.421797382558594,0.5027472398893018,20.242877476492726,20.233642697530424,-0.04561989259197934
3655,3489,155.66962957355398,-41.64635481563574,155.66962371360418,-41.645820545414466,1.9234373976942938,8.949358477274583,7.909765780270913,-11.616393506233365
3656,3481,155.72170571912866,-41.66763539145515,155.72149503729494,-41.66773735799132,0.6750965299222642,4.380783296087714,4.199516398939707,-4.137773655909638
3657,3483,155.82460132107622,-41.71414142531827,155.82478250486474,-41.71442882637257,1.143483609490106,1.9803998265519174,2.46784806749019,24.61362773329317
3662,3487,154.7946031361525,-41.25842081018949,154.79462302921428,-41.25808231295845,1.2197786702569562,10.049027435280127,12.353061699452995,22.927932867253045
3663,3488,155.5758122832924,-41.606112902359044,155.5759962079711,-41.60632973496105,0.9243631844885442,53.679437481572194,51.45307581414912,-4.1475130364161625
3666,3496,157.1861424800785,-42.307756625485816,157.18611762184452,-42.307411885179114,1.242828453039523,2.078819289701762,2.1412305316134246,3.0022446982689166
3667,3498,157.76922621666083,-42.55672638414919,157.76905020775837,-42.55659531584423,0.6636895625359959,15.66236162417674,15.331279754602125,-2.113869399258089
3668,3491,154.16647358535488,-40.97544379514126,154.16639546343083,-40.974921486995036,1.8922602161119684,0.17987106744100076,0.08941327986229977,-50.29034900700297
3669,3492,155.0014454933299,-41.35107276957038,155.00120791209602,-41.3509841490619,0.7169432476406608,6.960997912105656,6.879050128317411,-1.177241895816858
3672,3497,157.24404869383702,-42.33317941722976,157.24355304959332,-42.33281896853943,1.8503211130420645,2.9915529520497937,2.7912236502678818,-6.696498607676239
3682,3505,154.1209505290455,-40.95978958802063,154.12089726108022,-40.959520177273106,0.9806304680061673,1.9775996386422787,1.602740871991671,-18.95524045038596
3684,3510,155.86236189107305,-41.73822793079598,155.86243379676606,-41.7382933038055,0.3044619380087072,4.623016336438137,4.660801333688516,0.8173234637429676
3692,3515,156.2187075015993,-41.896726115159645,156.21868433586374,-41.89669040195209,0.14276932332418935,2.566974299883635,2.6308136715079,2.486950166472599
3693,3519,154.88426370378147,-41.30747160940574,154.88458450279435,-41.3075411275344,0.9028948539769025,2.013264699655998,1.6409195301314496,-18.49459584664501
3700,3528,157.0761765662272,-42.27058385809147,157.0765082999215,-42.27060985496782,0.888652257178207,10.208037502260865,10.456705355209031,2.43600058182674
3701,3522,157.34048753081072,-42.38181127344703,157.3402361198206,-42.38161728465369,0.96678475888288,1.3495563205604648,1.3580654180837337,0.6305107385021993
3705,3539,156.27608988561008,-41.926051779481654,156.27598267337012,-41.9258409484375,0.8114984833729384,12.022614089932546,11.68568051611702,-2.802498452459397
3707,3529,157.30216843774812,-42.36889149856273,157.3019910388506,-42.36906148205768,0.7727235628911289,13.48057586746895,13.373468470667309,-0.7945313156844491
3708,3530,157.45426569532958,-42.43257008238718,157.4539795345512,-42.43263002027406,0.790370163000069,11.30066593972033,11.047791600943137,-2.2376941334791054
3709,3531,157.90589191386948,-42.62425337102796,157.9060026746999,-42.62460353206247,1.2942728330308646,33.74737998405509,34.72386469333117,2.8935126511671543
3710,3543,157.99002859273773,-42.66214801837233,157.99014961495902,-42.662097324186966,0.36871543966547593,3.708615866666885,3.3930499129049814,-8.508995407106376
3711,3532,154.03188459569787,-40.927440553059185,154.03161436492874,-40.927278210314824,0.9390460455111138,15.584590997694617,17.09607510184597,9.698580504133481
3712,3533,154.07625902668588,-40.947796017527985,154.07599517560314,-40.94769226255649,0.8088479242744364,34.31245786607114,34.24411508909267,-0.19917773668451572
3715,3538,155.802856697248,-41.7190226614934,155.80289008957325,-41.71893574230386,0.3255200834151743,15.72799373090565,14.378771247791521,-8.578478006784138
3720,3546,156.41241086113183,-41.98894895115418,156.41245269666348,-41.989143351450785,0.7087373990852271,9.304497942062476,9.290713285145115,-0.14815046446563224
3725,3554,154.54483736848468,-41.163857496607356,154.5447574242683,-41.16362195431209,0.8751951030139455,110.18794058130995,129.2818543070182,17.328496771040435
3728,3557,155.85172966704164,-41.74607156806131,155.85190829510356,-41.745686835527074,1.465785605860943,2.382562943318505,2.3999647587808832,0.7303821924696057
3729,3550,155.96641955785182,-41.79410882275688,155.9665678841452,-41.79448993121027,1.4285803839327522,3.8784776072996507,3.193350273241419,-17.664852125709306
3732,3563,156.68962103140726,-42.113810977495916,156.68992062386022,-42.11345512565118,1.5103803872439974,1.837357436616653,1.782767021820179,-2.9711374449273116
3738,3559,157.92910676753633,-42.64249868029658,157.9289142795871,-42.642480150068884,0.5140819159441411,3.386456467604027,3.1051806790230705,-8.305902977691714
3742,3572,156.38754875016744,-41.98468218616933,156.38761356410745,-41.984402206110424,1.0227418029761353,1.05970089701067,0.7998396134866356,-24.52213490212965
3743,3565,156.87695189453964,-42.19550664021794,156.87594556903124,-42.19514748375352,2.9791642083140175,2798.44321182139,2590.7931120077847,-7.420200593545527
3745,3569,154.2549535747869,-41.03704135654273,154.2547218041854,-41.03690248022238,0.803769096489477,23.534564383529172,23.975796095421877,1.8748242147260816
3746,3570,154.94043072579058,-41.34718262361364,154.9407527947194,-41.34744343232759,1.2803065413778318,3.3428866033378073,3.210277622032149,-3.9669003780520358
3748,3578,155.92559522929295,-41.784576850981075,155.92568208492426,-41.784089665689244,1.7692964065389198,1.9016486094578988,2.1927645404221576,15.308607989740382
3749,3571,156.19430380906417,-41.89992423224961,156.19406951881987,-41.900214795318,1.219953559277524,0.7974427147308717,0.9568136647866677,19.985253750745223
3753,3576,155.28380618079336,-41.50220775733801,155.28390414630587,-41.502272396415584,0.3520141689407881,13.213714914159505,13.729908021781336,3.906494963567668
3755,3580,156.34853454799034,-41.97091947405075,156.34887348503133,-41.97121744022169,1.4048522580327756,1.5373202534761838,1.8066276951360436,17.51797916217539
3757,3588,156.74699848815524,-42.14416063990692,156.74686622717198,-42.14426087643003,0.5048260598888179,11.948419674151069,13.520575830111103,13.1578585188232
3761,3583,155.08142251567372,-41.414310087531284,155.08132487217244,-41.41391547727049,1.4448497364047874,1.3448969640489095,1.3449348385578097,0.002816164354050189
3762,3592,155.50568374577816,-41.60327948418648,155.50602732743604,-41.60298473440027,1.4076133656641858,9.614099981031352,8.594701177169407,-10.60316416381379
3763,3584,155.86564917090877,-41.76093385035972,155.86522181456397,-41.76089720406098,1.1551594458288186,2.4209464958098414,2.5160512571934097,3.928412360544728
3767,3595,157.1683910701868,-42.3277015316683,157.16869739600898,-42.327672283959984,0.8220573721654221,16.672515177020816,17.057463602567815,2.308880342646561
3768,3596,157.3928223664999,-42.42386845541741,157.3925477237336,-42.42368029730658,0.9957418758372343,241.56031335204955,290.91027481221295,20.429664449160096
3773,3597,154.0018279511387,-40.93190137445508,154.00153628278323,-40.93192702359289,0.7986236396501368,0.4267503945244513,0.48967478099075806,14.745009559142053
3774,3600,154.8132369175075,-41.29831502825981,154.81333480787384,-41.29857942430707,0.9879614970640248,4.4375848248817,4.716813938274062,6.292366780837952
3780,3602,157.72957920602147,-42.57103110161884,157.72928820570513,-42.57111618159199,0.8300694777127151,2.4290328357870017,1.5459665993444387,-36.35464384969713
3781,3606,157.8729139517797,-42.631874939702264,157.87301446386817,-42.631803871358734,0.36922629150887315,8.179442388808654,8.413145001725125,2.85719492610192
3783,3604,156.25016110558468,-41.93440372531272,156.25021443833893,-41.93453857505447,0.50603424752291,37.16112001898487,41.911538732554526,12.783303385750388
3786,3608,154.3330515110566,-41.084706202397626,154.33291766291003,-41.084710327604895,0.36349504873886346,1.4724636904726456,1.9034103858396614,29.267050736489566
3787,3609,154.3810591230271,-41.10702165357943,154.3810900687551,-41.10697919943796,0.17436939001158458,2.910728239147457,2.8361597574686273,-2.5618496662083015
3789,3615,154.96080032621825,-41.36797156855796,154.96050426717136,-41.36794035558238,0.8077260035845077,3.284016315196471,3.1897782609127137,-2.869597627992277
3791,3617,155.70298622846764,-41.69812773153747,155.7032885136388,-41.697766755185135,1.5326304338391528,4.827933912725127,5.377865880193312,11.390627490130152
3792,3610,155.88168423795798,-41.77663908054,155.88144011775927,-41.77670738508986,0.6999980825034002,2.6857198914484304,2.1791166196844074,-18.86284840712885
3793,3620,156.77983006713418,-42.16784823827039,156.77952123332062,-42.16923749968813,5.068772141631242,0.9533159350847692,1.0184535528338143,6.832741943336243
3794,3614,157.7920633078294,-42.59984677688271,157.79219464305274,-42.60008808981766,0.9358483022130133,8.241407968908339,7.976552419347723,-3.213717250254016
3801,3629,155.1574364630453,-41.460157433141354,155.15705220865306,-41.45983979668101,1.5434642130759049,35.58283644584141,35.26249026402121,-0.9002828717934817
3803,3626,156.58909020290335,-42.089512250212614,156.58882296487985,-42.08901761358317,1.918483586394133,1.3028757353129345,0.3480737093808188,-73.28419741448207
3804,3627,156.9878429180337,-42.26168816579701,156.9876628624292,-42.26139357214435,1.1639896811471635,2.226801480026064,2.191277109757199,-1.5953092625234473
3808,3628,154.1115188443817,-40.99074064563952,154.1119996943597,-40.99118662304513,2.070015276911113,1.635513885714306,1.4875186727543819,-9.048850899562222
3811,3630,155.3678283768366,-41.55576298238879,155.36748222748116,-41.55585465655992,0.9891758625375756,25.989412346763608,25.916533466047294,-0.28041757829660524
3813,3631,156.00223378435285,-41.83409636895206,156.00238173267,-41.83428588401055,0.7892730789939885,0.29853140874633777,-0.08628778026799216,-128.90408772408634
3814,3636,156.3818998532583,-42.00152726842548,156.38167731945558,-42.001452718542865,0.6530328878232016,4.004786435556606,3.1110023307733403,-22.317896825852664
3815,3637,156.91117229575494,-42.23159035290109,156.9113495272906,-42.23172665013489,0.6811306508503264,1.4188744086993799,1.095943017575839,-22.75968818266009
3820,3635,156.10829674269561,-41.882322196645234,156.10831252756205,-41.88264165377251,1.1508235919282612,3.6459313545965206,4.0090737353557495,9.960208940889844
3823,3647,155.47894115131095,-41.60895202907385,155.4789368414079,-41.608669052837264,1.0187805048452188,4.210098382481791,4.316078626751377,2.51728664371764
3829,3646,154.77632910511576,-41.29677416061991,154.7771701936132,-41.297187682728385,2.718677849535393,0.20474296810271628,0.5203053237577488,154.12610190193197
3832,3650,157.5776745799132,-42.520756756604875,157.5774933676879,-42.520766009254324,0.4819658874888309,1.8248924344587505,1.716682686311119,-5.929650762113308
3833,3651,157.86991182857685,-42.644370240454016,157.86997349588322,-42.644327324410135,0.2248023216011329,8.629005896817896,8.493680025237518,-1.5682672279814
3838,3655,154.36108578061777,-41.114573235565345,154.36141033364117,-41.114679706706276,0.9600908536442693,1.1808714191098875,1.3748531243727773,16.426996379428726
3842,3663,155.7200527071248,-41.721542233253196,155.72020978694425,-41.72121171058603,1.262523165420134,16.45149952917089,18.201067892345055,10.634704514758235
3844,3665,156.60905673676848,-42.110318548540654,156.60935084000658,-42.110315223260805,0.7855463825598704,3.9861898748856017,4.148214769319174,4.064655711821107
3845,3658,156.6988795258259,-42.14868324872224,156.6987039401994,-42.14858182044752,0.5941048561060236,2.1732477351388475,1.9809200193269028,-8.849783331289519
3847,3659,157.10200806060203,-42.321422141102175,157.10202178618306,-42.32150298350605,0.29331682154778005,18.413987964806093,18.12470085764363,-1.571018226553447
3848,3660,157.2984687746732,-42.4051403215869,157.29816562908724,-42.40530223379478,0.9945405662342705,3.1728760404996974,2.872655013335959,-9.4621101906161
3854,3673,156.81342197071567,-42.20059082793639,156.8136450142894,-42.200501124370845,0.676836133828265,6.528253794281339,5.599891412298975,-14.220684600154435
3855,3674,157.66481487825092,-42.56539544671177,157.6652577511995,-42.56527333271009,1.2538363156647798,12.027479277470924,11.913007654439443,-0.9517507400399456
3857,3669,155.24012722650258,-41.51083934727245,155.24003784122323,-41.51087391958749,0.27120828444910633,5.342305380399764,5.195291434208409,-2.751882113117874
3861,3675,154.12463122017962,-41.01169721065675,154.12503026203095,-41.01171501254458,1.08587877077725,0.6942080802267645,1.0394646504832268,49.73387376068621
3862,3678,155.10213053119534,-41.451100099333615,155.10205633011577,-41.451136470882815,0.2392292931071776,5.140313475783265,5.207279874626705,1.3027687739070384
3865,3680,155.9684257999745,-41.8365387839358,155.96826639333545,-41.83658683420805,0.4612243616845361,3.678017474989323,3.513557162839321,-4.47143911817546
3868,3683,157.9497230748589,-42.68961990987211,157.94991022973076,-42.68990610542304,1.1431469164266648,0.23511653687597875,0.26552540589930346,12.933530506773769
3870,3685,154.44641245877912,-41.15932553811467,154.44647491874443,-41.159269969186425,0.2620656256442036,16.193816919763762,16.147253117095392,-0.2875406267656457
3875,3695,157.4578560881467,-42.483287482660245,157.4576767852968,-42.48309308984864,0.8463731269986432,0.1641314447461076,0.30240576555116555,84.24608765185266
3877,3689,157.83756941901055,-42.64431412199508,157.83760021642345,-42.64468257386379,1.3289314506770702,11.33359878154945,11.5768684620648,2.1464469071499312
3882,3694,157.41146474188696,-42.464834495632466,157.41175255513622,-42.465004693536514,0.9796096730139897,11.563204673247558,11.424703506748436,-1.1977749284292774
3883,3696,154.23492617246927,-41.06909650175613,154.23472875000843,-41.06896048556686,0.7258611499455155,4.152475063638749,4.122254124870546,-0.7277813425740693
3884,3697,154.3285097161144,-41.111450993334095,154.32788746380206,-41.111319522421724,1.7528774323633076,350.8917775627633,275.81540917491424,-21.39587564841707
3886,3699,154.67142150418167,-41.26611323644809,154.67201623443256,-41.266318993240965,1.7715967679895908,0.9736652349759487,0.7940347025685339,-18.448900705780254
3888,3701,155.12048585683092,-41.46580075205857,155.12054200569543,-41.46579192659374,0.1547670373677423,15.564751502679467,13.504353747642476,-13.237588500415793
3890,3705,156.482673595167,-42.06602990388236,156.48327360163807,-42.06629277591414,1.8619610375228273,5.820153750876762,17.141842879321718,194.52560212416088
3892,3709,157.4421631108655,-42.48003869191995,157.44232357014815,-42.48050367120095,1.7272879585718977,1.8353701796922162,1.917690873648529,4.485236540680727
3893,3717,154.26091725102864,-41.08350604280493,154.26091926792338,-41.083041316808064,1.6730225403223793,8.127145381282922,9.426088298006093,15.98276954310031
3894,3710,154.39894743363757,-41.14551636994258,154.39871856743014,-41.145467301996305,0.6451005010047008,1.5296107448184522,1.6013244578599715,4.6883635777565695
3897,3713,155.59003660721822,-41.67582638176763,155.59012549855322,-41.67614478808958,1.17091796104255,256.92576583810495,249.1406871188268,-3.030088747184551
3899,3714,156.3534481567841,-42.01286215158098,156.3535318951979,-42.0130228645112,0.6204087420452006,2.9102890643819737,2.5633193303313115,-11.922174271178259
3901,3722,154.99148914343462,-41.41407371442558,154.9914520720497,-41.413682910935016,1.4104481330519163,19.720181812262943,18.233588655358577,-7.538435350428322
3903,3719,155.92585561567356,-41.827038313722106,155.92571758312337,-41.82705834343955,0.37723896501170057,2.319916760550313,2.8710628601319326,23.757149780274048
3906,3721,154.4341636102733,-41.16546860955004,154.4337934454749,-41.165465956007544,1.0032373837100947,12.071328483687333,9.79764584383626,-18.83539697327952
3907,3732,154.58177398934674,-41.23206362626284,154.581210044262,-41.23194730197946,1.583195031570014,544.5879400915392,542.198666193636,-0.4387305928040905
3908,3724,156.00184999771776,-41.8609029844063,156.00193291020565,-41.861323163548974,1.5288925361205643,11.774014785508964,11.281536534900813,-4.182755496572638
3910,3736,157.22829688261263,-42.39463764843988,157.22776652056962,-42.394741881039465,1.4591288429762317,7.207599127889724,7.017844209063359,-2.63270633479199
3911,3728,157.65033634747138,-42.57479202770184,157.6503966259875,-42.57513998579173,1.2628006995863243,0.6497735310748917,0.9094940103279912,39.97092322665951
3912,3730,154.07931184742,-41.004721797674954,154.07795798498887,-41.00469510492836,3.6793748788192153,1888.7904287931933,1746.8082599664983,-7.517094891115675
3915,3733,155.98846924676297,-41.85710501649332,155.98957544520545,-41.85791955974256,4.1708735158806105,2.5004713698858088,1.5198877049953046,-39.21595250799793
3916,3746,157.2010336691648,-42.38527311747914,157.2015299136644,-42.38518502790858,1.3571179875485573,3.325612566969531,3.332077137716788,0.1943873682540269
3919,3748,157.94462557766514,-42.70179474966311,157.94451078467404,-42.701689504967206,0.48557541353586914,2.381991922147396,2.250759394578889,-5.509360730753407
3920,3738,154.1593023539653,-41.044282389105746,154.15941608614048,-41.04443297407679,0.6238865660163401,2.3806144495434394,2.4797818357415657,4.165621451938383
3921,3739,154.24187476155902,-41.082406425710154,154.24271054435414,-41.08287956249642,2.836323459101792,2.5562150857273496,2.5825233911237104,1.0291898183080732
3922,3740,154.6204261253942,-41.251825979632606,154.62045154445687,-41.25152680699533,1.0792166012153435,1.5410256143969272,1.5689043837520915,1.8091048646244945
3925,3750,154.09823838506588,-41.019120663334014,154.09824146720948,-41.01937921159043,0.930811370400141,4.996738934837379,4.881107893037915,-2.3141301418267353
3926,3751,154.20457265237255,-41.06791620689602,154.20437997395862,-41.0680712199743,0.7647886593418181,0.5152540396883571,1.1648144508033285,126.0660491876681
3927,3763,154.67461747590363,-41.28008263106793,154.67478963525076,-41.27969662460436,1.4655997590330136,35.816704617768316,37.69299428052606,5.2385882028547455
3929,3752,154.9984419845398,-41.42439115852249,154.99811732256362,-41.42427668321342,0.96844871060015,4.0900365713442195,4.09555850084849,0.13500929412120027
3931,3753,155.5034239993489,-41.64843545288248,155.50300215752299,-41.64847633626462,1.1442807489956475,12.091515109996298,11.250073321459892,-6.958944192533563
3932,3754,155.68623252316158,-41.72991793240043,155.68670819607385,-41.730213005382694,1.6618029908162473,3.32574799302487,2.3022175086692007,-30.77594834311956
3934,3755,156.2330913350882,-41.97010577712274,156.23325059556228,-41.97019407616274,0.5317461458420915,0.44155905027478637,0.5924912555138209,34.1816581825484
3938,3764,154.70286621694544,-41.29405086642149,154.70266616520973,-41.29426839250446,0.9518527677150894,2.688399839616382,1.9685958080392914,-26.77444109949814
3941,3768,157.1005721369058,-42.345867765287046,157.1002299661479,-42.34610137668327,1.2394161687655847,8.805661293509106,7.852755078578788,-10.821517920894037
3944,3770,155.26000788705437,-41.543516287741,155.26007023080732,-41.54383271617649,1.1514611287899366,1.1379704462315523,1.6834322852921129,47.93286511674231
3951,3782,156.13697482998126,-41.93254216807423,156.13673851517837,-41.93251882254119,0.6384438256979896,11.45328253854034,11.508480574600926,0.4819407525732887
3953,3786,156.39943285703689,-42.04898970097451,156.39956232789248,-42.048877113802696,0.5329832915296976,112.70206277304207,106.85545971054108,-5.187662868491414
3954,3784,157.81399851363932,-42.65618659762977,157.8140985116319,-42.65651492469181,1.211265088087381,0.25521422342186634,0.532362049686673,108.59419296811068
3960,3789,156.2887295982881,-42.00256523618944,156.28866667592825,-42.00234107626281,0.8243453031214139,199.46728420546967,200.02780273696382,0.28100775208668705
3964,3787,157.10643300682105,-42.35620835096893,157.10615079471162,-42.356361825973885,0.9321572931157687,8.811669633763538,8.664484740303577,-1.6703405776357667
3965,3792,157.2298679588602,-42.40980991417173,157.2296497753972,-42.40936548540064,1.7018074229616027,1.7486761589349133,1.1436937024389542,-34.59659774079855
3968,3788,154.9808140190827,-41.42714215752297,154.98058217575593,-41.42670691999426,1.687208751680247,2.722807406769279,1.6604064970753736,-39.01858453347191
3971,3794,157.6190254387579,-42.576773196708736,157.61872871399677,-42.57679558340639,0.7907163550552193,9.279699719595904,7.154248814320415,-22.904306922638707
3975,3797,157.383604550821,-42.477451114320964,157.38347861571177,-42.47752630692196,0.4302126562337439,3.320726284486323,3.3500063858411773,0.8817378743814034
3976,3799,154.03678298365932,-41.00570707694595,154.03658862479077,-41.005588044543984,0.6800224477278879,3.6398458149895956,3.6132236315042556,-0.7314096486094166
3978,3805,156.23988343855999,-41.98668150435463,156.23960577047777,-41.986875580613656,1.0199036937178576,0.11836966436566587,-0.27705808749843536,-334.0617327785534
3979,3808,157.29572007857325,-42.44326876551207,157.2958428607035,-42.443476508296605,0.815911134796213,0.8746133582393844,1.007936019488678,15.243611361902246
3982,3809,154.4866699123116,-41.209705300422065,154.48694873525326,-41.209658692027034,0.7735510455531166,1.2056592357012512,1.0606707957932768,-12.025656637851268
3984,3816,155.70988961278564,-41.75683738523609,155.71032702326514,-41.7565940958562,1.4652525053812993,3.5824938657436567,3.6906156533440857,3.0180592529217076
3986,3811,155.99320350502978,-41.879916571431124,155.99318462280164,-41.88013694219792,0.7949475024288399,4.793863850030039,4.625353319888968,-3.51512966184918
3988,3812,156.87597472148218,-42.26483270956612,156.87563488964253,-42.26478003241489,0.9250138224357453,0.14632879614837563,-0.05051700805847405,-134.5229438006518
3990,3814,157.60268711716444,-42.57598512456185,157.6030088835038,-42.57620410888045,1.1614991353947097,1.3938687497397537,1.2707854836393637,-8.830333998331666
3995,3824,157.4411184782332,-42.509314153337584,157.44129937992747,-42.5090848494952,0.9549425535496741,26.939655775676147,28.009545425219443,3.971430290172083
3996,3825,157.77319449080434,-42.650734249221124,157.77350518261403,-42.65065135864775,0.8750971475848212,22.477127561754784,22.89196659262181,1.8456051812104353
3997,3827,157.95759421476967,-42.72852674953804,157.95769922766098,-42.72836036104855,0.6602416795724627,19.993665560006377,20.007128175489314,0.06733440370166902
4001,3826,157.93928238977009,-42.721388458007574,157.93908372626714,-42.72148564738097,0.6312562950475463,1.1767350602840851,1.1010029091296687,-6.435786075425792
4003,3828,154.44140088642703,-41.19506292483455,154.44117778474302,-41.194975788341914,0.6809210052497492,8.200901224294348,7.757010655323424,-5.412704736108062
4004,3830,155.2286478117537,-41.54782247092435,155.2290355510046,-41.54757636356283,1.3697821632086786,0.24782004089631848,0.42985318796158767,73.45376362899849
4008,3836,154.13132100631577,-41.056443740219144,154.13124104252208,-41.05635381090401,0.3897838063543048,0.7823871374400959,1.1447996510350875,46.32137930855746
4009,3837,154.14884486453246,-41.06424848476062,154.14882376880357,-41.06402167141812,0.8185333064585839,9.935048127080206,9.372616244814882,-5.661088653735753
4012,3838,154.53252323486032,-41.23933410988231,154.53292573356035,-41.23952719702265,1.2924342716787338,0.1815975286887438,0.437411443741088,140.86861032718483
4013,3841,156.52197174320725,-42.1177759842736,156.52167165591996,-42.117840961844365,0.8347856441428031,1.31762596407705,1.3328115141341446,1.1524932318506245
4018,3850,156.74315360516997,-42.2163727486512,156.7430117306416,-42.21613806646598,0.9256714403867858,1.1838585651584013,1.216052953071542,2.7194454524078338
4019,3857,157.01970659239555,-42.33691523756676,157.0197801501132,-42.33688598361583,0.22227750402412266,4.976511345040059,5.3961009001638045,8.431399549444167
4021,3858,157.48938391165868,-42.53790679578684,157.48940750911635,-42.53779463571933,0.4085992097114722,36.39781807058251,35.365051766401066,-2.837440151436294
4022,3851,157.7451510508579,-42.644600952204634,157.74466588645657,-42.64485114256388,1.5690078077167093,3.579672055700279,3.419485307178176,-4.4749001034053135
4027,3854,155.0824083715485,-41.488272950716535,155.08244198432863,-41.488385139896046,0.4139279164202475,15.45524026656439,15.575207313415127,0.7762224642361087
4029,3859,155.64224619928163,-41.73862284515494,155.64227368856555,-41.73816898637379,1.6355594677286314,6.3939800171918435,6.102569124852183,-4.557582156280257
4032,3855,156.25157538685593,-42.004710690281236,156.25154567569137,-42.004697589741134,0.09242015073313165,61.82765479940159,62.183560280231596,0.5756412433638806
4033,3862,157.60402194328165,-42.58867474731981,157.60406977664152,-42.58860445738965,0.28302663853288357,0.41995373094329935,0.5162103063864157,22.9207573003114
4037,3869,156.73010982199773,-42.21598813429619,156.73004349570135,-42.21588043452714,0.4261441159617744,1.8247279713205655,1.9868391532374865,8.884128728492074
4038,3860,156.82370200994848,-42.25490959258265,156.82364717412523,-42.254887547514805,0.16627617867551314,23.39949999004945,20.74684143746117,-11.336389896007654
4039,3861,157.00178894492714,-42.332850197049424,157.00128040811597,-42.333267911829175,2.023092962128191,3.4317702355627304,3.339361485702295,-2.692742914511655
4043,3863,154.47720380075006,-41.22288337259704,154.47748947304524,-41.22284084416227,0.7885343902961386,0.2643180297148878,0.265789502358803,0.5567053619090636
4044,3864,155.19494522855342,-41.542760475175164,155.19494314627232,-41.54314857222259,1.397160636087931,1.211148638470363,1.3470186335425862,11.218275838036048
4046,3867,156.3895156234999,-42.069747255733276,156.38929208726282,-42.06987597981652,0.7560438759379005,4.777372650044426,5.326843563582473,11.50152926699025
4047,3876,156.95931523449372,-42.31678792501721,156.95933596783988,-42.31661475391904,0.6258542542510969,15.76703136329587,16.098717805959804,2.1036708497711833
4050,3877,157.41443108599606,-42.51175827338951,157.41426238592592,-42.51137333348439,1.4563015795052212,0.3639431963938498,0.5433232923771272,49.287937722335364
4053,3873,155.45567995710195,-41.66005206670277,155.45571702179745,-41.66025772220883,0.7470410459532931,24.264937782916178,25.58989232208996,5.460366521552016
4061,3879,155.34132505310552,-41.61187513981664,155.34119456994816,-41.61171950669387,0.6612552218605903,8.562983441179298,8.890730624723389,3.8274882322901362
4062,3881,156.14822430041943,-41.96837568224262,156.1484600857867,-41.96855500131641,0.902794627405147,14.031316872229517,13.978002751721183,-0.37996519495509684
4064,3882,156.59523807290873,-42.16052152874804,156.59469613859707,-42.16090166802094,1.991038826793028,7.6281363879041475,7.969717932566226,4.4779160635318584
4065,3888,155.16701316188878,-41.53568113631559,155.1665959724747,-41.53564706612985,1.1308942678884832,4.163239242354113,3.601891025456399,-13.483448445309577
4074,3894,155.51917719922918,-41.694487907386716,155.519396531152,-41.69452093677536,0.6014627407271406,12.996192077379408,11.237296401049736,-13.533931061169275
4077,3895,157.09398301773297,-42.381523014628776,157.0939944973488,-42.381633962696995,0.4005779170835266,1.807936183634897,1.9760758535770957,9.300088767743448
4078,3896,157.23678973916503,-42.44354575051569,157.23698803454656,-42.44384439537045,1.1972438393787919,0.3947604167763691,0.5804049136781689,47.02713063730679
4079,3897,157.78669685120073,-42.6773051910858,157.7865899912575,-42.67719690342797,0.4816223824526454,2.27217058197028,2.038541338145805,-10.282205292081843
4081,3900,154.3690010500945,-41.182081558245294,154.36960811135953,-41.18226100395507,1.767104654676904,2.5922805303880825,2.584393804695866,-0.30423889697755446
4084,3907,154.8660359190843,-41.407641130396065,154.86606809991045,-41.40713468657844,1.8252671299427017,26.969478965018407,26.396671773158907,-2.123909003219814
4088,3905,157.48082700031873,-42.54946252599439,157.48073719784495,-42.54996829255666,1.8362700482249519,2.217656048079577,0.7082289048806245,-68.06407803888574
4089,3914,157.83825267722645,-42.70178211450494,157.83807984830145,-42.701504603169475,1.0987042552514525,0.6820011008606982,0.9613341567951275,40.95785997733811
4090,3906,157.89017822281963,-42.72292990275695,157.89034373654576,-42.722705798520714,0.9178782051005867,0.6688237067006111,0.9533094242639454,42.535232335997335
4095,3916,155.6893380598972,-41.775271793828566,155.68939541100536,-41.77521222862115,0.2639887652841474,320.5738608762273,365.4998972667004,14.014254396062226
4096,3911,155.87601486147273,-41.85730715847015,155.87565771399485,-41.85727299657187,0.9654889044477997,12.237031893747146,10.885065104618368,-11.048159397374805
4102,3915,155.13272491300302,-41.530439476853864,155.1329523661052,-41.530491744807655,0.6412098273634051,8.483123851998231,9.525105643604565,12.282996332310903
4108,3919,157.95113405002354,-42.75305039388037,157.951338780342,-42.753191128750665,0.7413340278856403,22.15523211477787,22.70447207795525,2.4790530757338654
4111,3921,155.14518479009777,-41.535706265799135,155.14496572849117,-41.535787855511934,0.6593534224260685,3.099748627765584,2.8013081437470895,-9.627893092531883
4112,3922,155.422629320765,-41.66093018043833,155.42277718514424,-41.66106310116989,0.6221975688018158,2.548152168337292,1.950783510121507,-23.443209775245773
4115,3926,156.88538883484335,-42.29996258903317,156.8860166460168,-42.300086414618654,1.7300698519997175,1.1608164865400081,0.5407001236832192,-53.42070603297003
4117,3927,157.1319581366863,-42.40518465778743,157.13190121494134,-42.40544785026882,0.9594986337111598,0.5083190311376687,0.18311961376516536,-63.97545585587747
4121,3928,154.1432929185378,-41.08888503740761,154.14311943894216,-41.08867923506591,0.8777669548831941,1.4841300115322074,1.6703601533614372,12.5481016071474
4122,3929,154.41764523137172,-41.211884749625916,154.417880558297,-41.21205477468666,0.8836407480852498,20.557726270385352,20.56641738904524,0.04227665329122403
4130,3935,156.83020809312583,-42.27906087064322,156.82985647842094,-42.27901306999275,0.9522243364465636,139.90211536364092,124.11197872784494,-11.286560317371487
4131,3939,157.1935695797762,-42.43706748431394,157.1939262787887,-42.437177168373864,1.0266715627859535,13.26729140350443,12.512736666591797,-5.687330698964857
4134,3947,155.31459844838972,-41.61944240596092,155.3147143477731,-41.61914566167773,1.1128848571486933,5.73602660584908,4.908740749090805,-14.422629349638715
4136,3948,155.69428375975832,-41.787452370069566,155.6941665941127,-41.78699881432192,1.6628137070309301,32.747337657805566,48.879217252217316,49.26165223867168
4140,3943,154.513617407754,-41.26309626581659,154.5133521355011,-41.26306779792374,0.7251270254556081,36.475170653635914,39.63379540055901,8.659657214265119
4141,3944,154.5381362396122,-41.27237362690808,154.53813374694604,-41.27216931265742,0.7355622229508725,0.5787509404415465,0.6723750601120746,16.176927436022726
4144,3958,153.9915572158412,-41.02874794322623,153.9921469762463,-41.02863574640073,1.651798758786042,4.194593206481814,4.191044217984156,-0.0846086455338292
4147,3952,154.7391650246863,-41.36606500059487,154.73891668601453,-41.36625153729504,0.9492873490060564,11.91009476539207,12.954298907263738,8.76738735031629
4149,3961,155.1325024503173,-41.542444383193846,155.13239613020036,-41.54196234995147,1.758807508691552,2.0295218770769172,2.360833685376301,16.324623648628318
4153,3957,157.78411900754642,-42.693558582894894,157.78395884801049,-42.693547340237124,0.4257052471055142,0.33714034116938485,0.33264429111565497,-1.3335841205283094
4157,3959,154.3964953156534,-41.21241089130145,154.39666809797222,-41.21254422194079,0.6703317264020642,2.7008891104630686,2.201189179950392,-18.501312348473373
4158,3960,154.45811480715668,-41.23976521459102,154.45770214693678,-41.23971369506173,1.1323832822965918,48.1417255888276,49.93119373908076,3.7170835244602274
4164,3966,154.24456917074627,-41.147398854699766,154.24425057977155,-41.14722539195681,1.0657700095209381,0.7047843244088499,0.5348743214464293,-24.108084853467123
4165,3968,154.83293666301284,-41.410761098483356,154.83277304837924,-41.41062987673794,0.6467651467494472,0.8137040595205105,0.5126108749703913,-37.00278756474973
4167,3973,155.93709257910118,-41.90370791883068,155.937327312351,-41.903989890761885,1.194146131359134,2.9422350027390136,2.9001439416646106,-1.430581209020325
4173,3974,154.1153297893443,-41.090537166186806,154.11543753415407,-41.090295848828916,0.9166099137993455,1.1194561435752455,1.090447102010787,-2.5913513209915675
4183,3990,155.4692907504594,-41.70190199850924,155.46958560953075,-41.70182180101576,0.8434777173432467,40.46214966192434,42.66983381733306,5.456171196673188
4186,3985,156.1901753405564,-42.016665697222685,156.18982815715987,-42.01676659225214,0.9970942359485861,0.7768064503147856,0.7374117372025287,-5.07136791877731
4187,3987,156.9034829520863,-42.32787406446757,156.90332864767697,-42.327932187234694,0.46091233690399425,197.3308338240738,190.5802850508101,-3.420929533638938
4189,4000,154.7547012686566,-41.38614276420914,154.75517236119185,-41.38533422994794,3.1766895094065832,21.701007443105457,15.126927310680198,-30.293893726643017
4191,3993,156.26225784221535,-42.05217309071804,156.26254406736095,-42.05236551349083,1.032116569643282,1.1730033735306604,1.246957261001077,6.3046611066275515
4195,3998,154.02031427413004,-41.05426040634961,154.0203265546033,-41.05415751077204,0.3719212588354842,0.9012992242545653,1.1202653982047432,24.294503762751773
4198,4002,156.20010562026278,-42.02595005818595,156.20049201130612,-42.02579248682806,1.1787658477721283,2.8146497776655592,2.8483905738587456,1.198756465579552
4201,4008,157.08007801955355,-42.408340314261025,157.07978786503696,-42.40817337183757,0.9777673834834455,3.5227086600233872,3.1557425669076142,-10.417157038281353
4203,4011,157.50813148543764,-42.59118409618741,157.50790114783968,-42.591159237325776,0.6169941561571538,2.011220447496355,2.116613343384647,5.240245842741372
4207,4006,154.85405545539768,-41.4338800366553,154.85428256407,-41.433652547518484,1.0229484925450392,19.54103476343252,15.61515472249755,-20.090440902758836
4213,4012,154.18362731354475,-41.13171318727238,154.18352722301873,-41.131687938056224,0.28621459587936754,37.26086666142257,37.12131238852241,-0.37453308364574744
4222,4016,154.19792623069694,-41.14038370710059,154.19789822022537,-41.14033710358773,0.18415938387459052,20.031188885319764,19.929525651375258,-0.5075247132186574
4223,4018,154.23350667511525,-41.158575250382775,154.23336270629375,-41.15836571266291,0.8492879739986435,1.1139137243032888,1.2604355386229655,13.153784815006258
4227,4019,155.443089658627,-41.69805373725516,155.44251512183766,-41.697982562218996,1.5654555026105434,3.7313656355130744,4.102877966114359,9.956470817693
4228,4026,156.11451231796195,-41.99534988891206,156.11436970475972,-41.99500878498011,1.2858897359769026,13.090009706423688,13.355256372231189,2.026329023097179
4234,4025,155.93400621924675,-41.91865283746401,155.93411603931233,-41.91880946477775,0.6359854102899821,4.824132738787446,5.004995467627698,3.7491242184540843
4235,4027,156.4346897995678,-42.13656852010026,156.43400105516363,-42.13658011414452,1.8391263381679759,0.952386558635919,0.35377626681903634,-62.85371064814882
4238,4038,154.5620260802479,-41.31081197089474,154.56259672090292,-41.31076769180542,1.5512830140982432,0.49075413977246224,0.2697955380878946,-45.02429705167947
4239,4030,154.5938935351438,-41.32462991201298,154.59454456337662,-41.324901381855526,2.0131929035183997,4.6939605529427695,4.690071835035585,-0.08284513394017162
4241,4032,155.85886146243195,-41.885071872761365,155.85854602840996,-41.88537919383918,1.3923856027422918,0.643911508333646,0.6151979446616563,-4.459240641046526
4243,4034,157.16647596827937,-42.45501877615468,157.16617608824313,-42.455297559505176,1.2812822069067382,4.304553338936086,4.4441721233298255,3.2435138654420292
4246,4036,154.03019807269962,-41.07201924422293,154.03033570974594,-41.07197413107833,0.4073228046819543,5.107790972725431,4.792069083910047,-6.181182638468874
4247,4037,154.14938989773492,-41.12585625060878,154.14942416737537,-41.12587740749223,0.12015510398416208,29.094725211193342,28.63982026846275,-1.5635306380401275
4254,4050,157.7670795909825,-42.71273708359794,157.76648286161273,-42.71274154593383,1.578520231187071,397.86899317611943,403.3878600671949,1.3871065566128404
4259,4048,156.76947271100374,-42.28634754265746,156.76904280987867,-42.28641180580316,1.1680726430609327,2.899246092697446,3.1149655863241033,7.440537530429259
4261,4046,154.36327654164094,-41.22487143029172,154.36243457347868,-41.22455525288865,2.5481266973433576,0.5546338258820076,0.4652541734189964,-16.115074179054087
4270,4055,155.9470522873966,-41.932310178009686,155.94707391457806,-41.932453910769745,0.5206696380881858,11.126929711201445,10.860999303972545,-2.3899711252888487
4272,4059,154.42677745871995,-41.257831932882326,154.42661227329387,-41.2577794845772,0.4852799348229386,6.945000448376471,6.782350642120312,-2.3419697013004828
4280,4063,154.00087463336843,-41.0667242224169,154.00073003193182,-41.06657089705028,0.6772822987621911,4.090782670825979,4.026842712633609,-1.5630250574875728
4281,4064,154.08450285140162,-41.1048807939067,154.08451014749494,-41.104884571679534,0.024013871141596244,3.858778272617793,3.732887409050682,-3.2624539342009533
4283,4067,155.7198995384943,-41.83566605514431,155.71928157858883,-41.8358415317101,1.7738029163152071,5.502935500238657,5.074396032384004,-7.787470302642421
4286,4076,157.66763063335463,-42.68125390906042,157.66754809923373,-42.680908244989375,1.2634152957183016,1.1877910453664542,1.3528138014129034,13.893248032993618
4289,4071,154.28961112609574,-41.19948927049348,154.28975053999568,-41.19953495867838,0.41189687876580167,2.703414187109705,3.157192360906032,16.785373693754035
4291,4072,155.13642278362573,-41.57997854847697,155.13610004832756,-41.579869976337505,0.952943513563221,8.117308967887492,8.106374006356328,-0.1347116584378392
4292,4073,155.32078749366778,-41.662012880595015,155.3203595864927,-41.66225260882433,1.438491083445517,33.17301658937611,33.36567333675217,0.580763425168139
4293,4074,155.4372462545543,-41.713755255910144,155.43657461693968,-41.71371560830328,1.8105421668269432,618.8198572750199,691.0063214696651,11.665182257162702
4300,4079,156.562081079968,-42.2084741656663,156.5621651546006,-42.208772139202324,1.0958811900357506,1.659777697589113,1.5713153815596879,-5.329768929774139
4304,4084,154.8604398346232,-41.46270603941122,154.8604239141068,-41.46281391506101,0.39072018193013136,6.0651824623959625,5.765920212550805,-4.934101351452804
4306,4091,156.5359148956117,-42.20072222584263,156.53593355770607,-42.20061359914927,0.3942104239984835,5.606837192826397,6.666928748417374,18.90712212844879
4310,4095,156.65684423011066,-42.25536021887124,156.6571770018139,-42.25542417721551,0.9160966277824497,3.800753249568964,3.959583029618355,4.178902696916822
4316,4097,156.05538328556,-41.99541592240651,156.0554690490916,-41.995685516780114,0.9972962301285206,2.2879022843087897,2.186342847183838,-4.438976167010314
4321,4101,156.08877759970548,-42.01201673496599,156.0889317851062,-42.01184699025597,0.7372303973386218,1.6093379540434982,1.8835639945266462,17.03968018613796
4323,4104,157.24708957466382,-42.51328624045606,157.24742628134175,-42.51335250520501,0.9247932563641437,12.425456924560283,13.176972464247541,6.048192386404759
4326,4098,153.93626799974334,-41.05169969159412,153.93618165015832,-41.05170935245051,0.23698962560476763,3.0599990190587048,2.9583273847032414,-3.322603495040951
4333,4109,154.44489287001576,-41.28553593951143,154.44461861130728,-41.285557136284844,0.7458249715466716,2.0078188658832645,2.0848561892657287,3.8368661980160486
4335,4110,154.6946936342605,-41.39811617238993,154.69488311073368,-41.39827382791969,0.764157731197271,5.893231083452846,6.039558693070449,2.4829776322273376
4336,4111,154.71320405306705,-41.404347830500406,154.71339166265972,-41.40449616334558,0.7360597444516461,1.9138232728115714,1.550341953751067,-18.99241817278766
4337,4115,154.9225388947314,-41.50036529071858,154.9226766571517,-41.50018424985483,0.7501608265258926,1.5539218924078744,1.4791203311026453,-4.81372723241067
4346,4120,155.02857034823367,-41.55186218914223,155.02877358971014,-41.55194126302963,0.6171256831542007,3.366003754196244,3.4445872341465686,2.334622468924997
4350,4122,156.92437154466856,-42.3815326147076,156.92454310269295,-42.38154441320319,0.4581837345520724,0.048173316148428215,0.3413855409503088,608.6610768053746
4353,4127,156.57240666437923,-42.23069467048565,156.57237299258728,-42.230973674777665,1.0084177815567317,2.8475709886142897,2.827476658201649,-0.7056656530420378
4354,4131,157.03662330153875,-42.432608055647805,157.03631639017948,-42.43240651651041,1.0915223699178225,3.793724294130842,3.764258827073516,-0.7766897321165739
4356,4128,154.9336806555669,-41.51221871832098,154.93344001584302,-41.51222894192697,0.6497433647135932,3.967377988628766,3.3912467702642743,-14.521712325263422
4361,4132,153.9410208298844,-41.06644995337872,153.94118492354372,-41.06653507225241,0.5406161560042315,7.931968950950838,6.881859279971762,-13.238953373023424
4364,4134,154.76114368623186,-41.43679329389661,154.76064138752227,-41.43654153612043,1.630703863729523,1.6923807109729714,1.6774637885575427,-0.8814164755430653
4366,4135,155.1021393686422,-41.58860531574466,155.10149105248865,-41.588344019728204,1.9829429079816783,19.3539803146992,18.82625087058906,-2.7267230591804066
4371,4150,157.4095938176252,-42.59848857112493,157.41011918377708,-42.59863180986592,1.4846540938746717,5.581769074040707,5.814044412399191,4.161321173939879
4372,4144,154.30616165840902,-41.23557682675635,154.30625003746158,-41.23562139740725,0.2880827529399958,4.167648202201108,3.707250772787341,-11.04693599547611
4373,4147,156.49426259643215,-42.20612150300994,156.49420542755544,-42.206176484800665,0.2498372144909038,25.913617394115654,26.757181899628076,3.2552942828583036
4374,4148,156.54773583396306,-42.229339045433385,156.54807647146885,-42.22958894681398,1.2782267798945919,8.646786139553306,8.402305121099253,-2.827420668307205
4379,4151,155.11822719360052,-41.60136241078383,155.11771108130992,-41.60144392359295,1.420032553870679,1.2783881856673498,1.231352782084959,-3.67927395682534
4381,4153,155.5111451193328,-41.77569724689987,155.51111843176224,-41.775873252084324,0.6376567804367155,54.54636332141226,55.665901997976555,2.052453377995999
4386,4162,155.8929581910725,-41.94797670496698,155.89296305753595,-41.94778125415306,0.7037435676669459,26.091695171022366,25.456583150528242,-2.4341539188281005
4388,4158,157.38159144623407,-42.59115308453025,157.3817989985153,-42.590922318801475,0.9963668813506147,3.0990429749873156,2.401302994088319,-22.51469200429053
4391,4161,155.23537985620672,-41.65779476536103,155.23507194321513,-41.657742404833094,0.8493624797240166,8.61258976652802,8.73135730740652,1.3789991639922232
4392,4163,156.43353391113683,-42.18579094460338,156.4333668831672,-42.18569997588586,0.5529556285597391,10.12032694515326,11.219485882414613,10.860903439367181
4394,4166,154.4300639467454,-41.29882502603598,154.4299991884713,-41.29885617598812,0.20796915226158233,79.80530143844818,86.7822364839609,8.742445576618556
4396,4168,155.84901858283501,-41.93076450756715,155.84870409278702,-41.93083701928207,0.8818006343115263,11.021948815517108,11.530047206945314,4.609877980134384
4398,4173,156.08276488871036,-42.03507145861432,156.0825875866078,-42.0349125667384,0.7429316033158424,0.9252612527646703,0.8779501812716372,-5.1132662641678985
4400,4174,156.65587645659193,-42.284667218936065,156.6556751087523,-42.284442859130415,0.969505456646917,41.07993798100094,39.35951591016934,-4.18798604717289
4402,4170,157.34388379359544,-42.57974297368443,157.3437506483178,-42.57982665844962,0.4640358297871458,1.2541347878170446,1.334513984462764,6.409135399682839
4404,4171,155.29588061499317,-41.69033880957939,155.2960567024761,-41.6904582043516,0.6393988232879018,6.282970880390982,6.602967345182488,5.093075726169741
4406,4181,156.36179317953352,-42.159575082201414,156.36214848608608,-42.1593481469315,1.2515861930266852,1.8305689440346602,1.8609022977756335,1.6570451410651161
4412,4186,155.1992303360105,-41.649190532445644,155.19793807559066,-41.64910629578624,3.4894110331317822,1015.7654245914117,942.9528493372435,-7.168247066832073
4419,4187,157.04655559743978,-42.45820460194642,157.04666268421207,-42.458202111260746,0.28456076075647224,4.845474887643719,4.728791736061318,-2.408084951176833
4423,4192,155.16605441668383,-41.6364924357681,155.16615604770658,-41.63674596322633,0.9527802347867802,1.188177312868656,1.053036857206034,-11.373761659894667
4425,4194,156.1792957961648,-42.084968709806354,156.17906237597177,-42.08504215075934,0.6773673168748364,33.41018441024405,25.813023989510135,-22.739055634797737
4427,4200,157.68961836982112,-42.73381814728689,157.68947978316717,-42.733905139487845,0.4820455015506344,8.331196064112342,9.978321996513161,19.770581795524144
4428,4202,153.99962251313602,-41.11425686182183,153.99981681461418,-41.11436855663661,0.6628768215977254,9.006754763053962,8.969432316670979,-0.4143828422650252
4429,4203,154.15613502146095,-41.18512051618422,154.1560312840107,-41.18495522284414,0.6580918047269536,6.1341537455933,6.049070165683941,-1.3870467457794426
4430,4204,154.2942426708756,-41.248081778795274,154.29417622422721,-41.24794381997954,0.5282135134703264,2.6354881614367254,2.7528024671285354,4.451331157862482
4434,4207,157.74935721890898,-42.76235867486165,157.74907094676902,-42.76252184017504,0.9578704969987322,4.148374085171758,3.7209443283597197,-10.303549005859274
4438,4211,155.6958555460994,-41.87499215865481,155.69546926728268,-41.87515039029398,1.1817918583023037,5.9068052417982475,5.857057176666846,-0.8422161065912611
4439,4213,155.9968391137088,-42.00755426469245,155.99688226830602,-42.007766158124575,0.771501680911068,15.992049798951946,16.526252527519993,3.3404268701255337
4446,4228,157.40957094214647,-42.62425582498037,157.40961752192982,-42.62431391738013,0.2428179452566003,2.78157400954773,3.198810587225204,15.000017121432421
4447,4223,157.42664845375114,-42.631180723577636,157.42646047345445,-42.631459225798174,1.1194262275021234,5.315534657404168,5.66502701741487,6.574923926493141
4451,4234,156.63067787342834,-42.2914843743969,156.6304768053008,-42.29133466906944,0.7597129347233367,22.058610786121847,18.94409004143409,-14.119296880868188
4459,4235,156.95329168895086,-42.43173444020795,156.95333871907448,-42.43180056561943,0.26885751065325747,2.1013921004519545,2.050333066770397,-2.4297718484130613
4461,4238,154.43283059648556,-41.3244265058592,154.43278699903053,-41.32385464053538,2.0620865575645086,1.103804761886145,0.58560314661916,-46.9468544764655
4467,4241,157.53686330653835,-42.68322451268016,157.53647915167247,-42.682976728074024,1.3524973096667847,315.96906898810136,315.44025765582364,-0.1673617401764177
4469,4242,154.16960093530975,-41.20633993690507,154.16976734712117,-41.20617291594959,0.7514496935352069,1.0832492220061416,1.2249938459685803,13.085135080912625
4471,4243,155.08088120787897,-41.61461655435474,155.0799219121727,-41.6143438250223,2.762293382684006,2.018172588799203,1.8621160976346045,-7.7325642034138875
4472,4252,155.7381550024613,-41.907819394101516,155.7384127402501,-41.90773601654417,0.7529455566564236,6.392019854234852,6.775685937367403,6.002266762021464
4474,4244,156.87397027704301,-42.40246790869276,156.87417319772672,-42.402486143658116,0.5434107052883059,3.168578376608582,3.0159529815500656,-4.816841400712827
4478,4248,154.77395084323635,-41.479582965767605,154.77349537687692,-41.479416981653856,1.366056843228567,18.905522586873975,16.385997271055057,-13.326927643715141
4483,4253,155.80765898220542,-41.93806430341748,155.80768028529522,-41.93815126956432,0.31823323241992724,2.9324108339841404,2.5820564662217156,-11.947656300478654
4485,4254,156.14714230615093,-42.08860353050275,156.14755244771013,-42.08885363637144,1.41820612050729,1.7216984275941085,1.9677855601619823,14.293277418610092
4486,4266,156.4999028599359,-42.24237395430258,156.49930009601948,-42.242405465684044,1.610430615071393,328.1884579799266,299.1233918296164,-8.8562121682195
4487,4267,156.56913647345604,-42.272594195302325,156.56953679093795,-42.27258732397953,1.0666648612626557,21.805500979489164,21.655391073183356,-0.6884038410628821
4488,4257,157.59838333302423,-42.71365462439106,157.5985023775582,-42.71334725148366,1.1504737683699398,1.0776604942316743,1.2074935418353778,12.047676267122412
4490,4261,155.25240667080644,-41.69753402585718,155.25208284385454,-41.69720780998737,1.4617946158827368,1.2454000549741848,1.7234829627216615,38.38789839762666
4494,4271,156.1331304131953,-42.08496250085504,156.1328826303658,-42.08482331682382,0.8302563773779765,330.32939165362006,309.7611608254832,-6.226582117071944
4495,4265,156.30216264685328,-42.157208770820574,156.30229954583515,-42.15735470069867,0.6398944760146805,0.7997310617004392,1.013543523955592,26.7355455470907
4498,4269,154.70304874425477,-41.45339418709321,154.7032572868982,-41.453528989945546,0.7430485021120509,1.4079376330187032,1.2569971805893867,-10.720677456833872
4499,4273,155.5780317635836,-41.843217196743296,155.5780373073313,-41.84292623112144,1.0475817499752862,27.678338523527188,26.600607456671074,-3.8937708126519905
4500,4274,156.26569556454203,-42.144808136602855,156.26591440997547,-42.1446898816491,0.7228172479223108,4.97751130424835,5.219931527770738,4.87030985375122
4501,4276,156.46721000262224,-42.23240981026997,156.46747423503695,-42.2324118333785,0.704356610375087,27.296817818771554,26.63726575933345,-2.4162232528970575
4503,4284,155.71572963617632,-41.90590030903687,155.71541832907735,-41.9056763545524,1.160044659968866,2.8562527752626408,3.0763070583352867,7.704300017788563
4505,4278,156.91139640070347,-42.426180025027406,156.9115811022887,-42.42646139797488,1.125588322583333,12.929556951354659,12.984275273242575,0.42320337884573556
4506,4279,157.32169802246182,-42.60051695736748,157.32178981675818,-42.60084395535992,1.2020616525562804,14.072025043221549,12.983999313998249,-7.731834799053311
4507,4287,157.38867536459952,-42.63110048623503,157.38819531772393,-42.63096731275999,1.3588503141973143,0.49049566300345276,0.27708522324447493,-43.509138990587886
4513,4285,156.2026289265957,-42.120765010352656,156.20209695545353,-42.12068910320164,1.4465363416329102,0.9833125488073072,0.4974377649873242,-49.412039377440756
4518,4290,154.27704935666006,-41.26730083348425,154.27720511227315,-41.26745512403902,0.697243477291725,9.014012328757659,11.046091633672642,22.543560301465124
4523,4294,156.06098925819205,-42.06095323262186,156.06101448464443,-42.06118784338164,0.8472856821117278,5.648502831076086,5.94276670423818,5.209590611217503
4524,4299,154.43466428113612,-41.3405561138246,154.43448272871325,-41.34054126281667,0.4936162257100211,4.355959624720848,4.413553554297781,1.3221869470524383
4525,4300,155.96856945306254,-42.0207547120766,155.96819859784026,-42.020825764722055,1.024285285478408,125.34572210737855,128.73566649731694,2.704475536097168
4526,4302,157.41367790727773,-42.64689632494355,157.41339016225686,-42.64702407321109,0.8899702105606112,2.030286626453164,2.076330961586743,2.267873635852937
4531,4307,155.64555966544788,-41.881384364290405,155.64567547162864,-41.881479718208276,0.4627984410463516,1.528316790075735,1.6195575170339955,5.970014040985513
4535,4309,156.5239671404903,-42.26500299356564,156.5242050815354,-42.26528748988952,1.204491518934052,4.742454411401654,4.743364641199605,0.01919322188449884
4536,4317,156.82409158607328,-42.39717626052799,156.82399914595308,-42.39697760931677,0.7561933591581484,2.0034322389934838,1.9107198784564146,-4.627676381191087
4537,4311,154.17470196711054,-41.22606862898046,154.17463150648743,-41.22589086165221,0.6677941564356902,3.696091680591284,3.564070163501453,-3.571922140976511
4538,4312,154.60035210272778,-41.41913038434042,154.60198113496926,-41.421467744729874,9.494378142492243,4.903230258788994,5.006304547437233,2.102171083307362
4539,4318,154.80226872849335,-41.51053496263197,154.8023718084996,-41.50993664230482,2.171804347422797,4.357547522993204,3.9874358475416782,-8.493577488221984
4541,4321,155.7546717855221,-41.93307536335064,155.75472161375993,-41.932745228014745,1.19595566376029,14.996069877322983,12.80902169883854,-14.58414235446909
4546,4320,155.5462694061061,-41.84102394635473,155.54612299935528,-41.84111440552156,0.510130595228611,1.2050385405321076,1.3350517510187747,10.789132970739454
4549,4324,157.69506281470728,-42.77256975190261,157.6948271110156,-42.77260576629737,0.6362205600777555,27.060698006998763,25.407834249539654,-6.10798641273638
4550,4325,154.56157498364797,-41.405568016893355,154.56174258753643,-41.40565680424349,0.5540535339406648,4.704162987890553,4.223408673725376,-10.219763120511205
4557,4330,157.22320119931715,-42.574180154555975,157.22332722651012,-42.574248499154855,0.4149233094935529,2.5197654015189843,2.534401173864744,0.5808386898612337
4559,4328,154.4198788197979,-41.34359282564135,154.41939465657074,-41.343506046016756,1.3453444151804643,0.9068647257807003,0.9978253773722284,10.030233727882848
4560,4329,155.66856912760682,-41.89896477354332,155.66846530566096,-41.899064724887445,0.4548271403516739,3.3114266424481245,3.6347412281160416,9.76360404677097
4566,4336,155.5904389305549,-41.86772918303418,155.59019458166853,-41.86767993302148,0.6786389914299072,2.8810319210351,3.638318323149006,26.285248580023634
4569,4337,156.48980675251227,-42.26120934348916,156.48940449919618,-42.260959110379126,1.4000418382248212,2.8866843802566198,2.7552252881910393,-4.553982172927893
4570,4342,156.7997441518413,-42.395614105870536,156.8002655222037,-42.39609943180979,2.2302357787935385,0.4289504051169775,0.23772389468720234,-44.58009787346546
4574,4339,157.73808658361773,-42.79717441879651,157.73815519564153,-42.79728280120823,0.43021673038670527,3.0988292652100076,3.123003023482117,0.7800932611390925
4578,4351,156.60458437300971,-42.313600044700536,156.6044569545026,-42.31359451229635,0.33978462558722167,2.310300446944387,2.084625202579277,-9.76822060799881
4580,4354,157.8897322176906,-42.86336164240248,157.889837211471,-42.86347656835372,0.49792721536167245,2.806070964881462,2.9748399941415506,6.014424844284654
4581,4347,154.31334628438884,-41.302023333805366,154.31348763500645,-41.30215318220481,0.6038623202072323,0.7604401229114923,1.1372672336688596,49.55381750697369
4585,4363,156.51481203706638,-42.276985330390815,156.51468939262142,-42.2768860035083,0.4843366207310298,0.7072171985587722,0.8557992519345036,21.009394805234464
4591,4359,155.53416517914866,-41.84728574697333,155.53355907353426,-41.847193980744954,1.6586464577596565,16.142763580777594,18.45830546264977,14.34414789193509
4593,4369,155.75265383850558,-41.9454317523359,155.75137113068476,-41.94534168651349,3.44986984729299,1253.7704178223441,1244.7185217892827,-0.7219739678324479
4599,4365,154.62187272035416,-41.44475001269438,154.6216481798679,-41.44469280456215,0.6399752198627272,2.9400358838829246,3.032220077853476,3.1354785319423706
4600,4366,154.97128327894268,-41.59962736873681,154.97121970082472,-41.59967265928289,0.23638740191786595,0.8492484279799433,0.882928254502002,3.9658391363962724
4603,4367,155.32421903272035,-41.75843681170029,155.32414796691197,-41.758612779646526,0.6616071727266026,87.53229067641843,86.30408661614274,-1.4031439721096777
4604,4370,156.2758827696409,-42.176906105417366,156.27589396324365,-42.176897168105825,0.04389750722487286,4.9900328424330995,4.035347173307659,-19.131851418034834
4607,4374,154.29465254957236,-41.2976051452558,154.29444018433387,-41.29740913809814,0.909842757177352,2.21401026557356,2.2549231819140463,1.8479099657601337
4609,4376,155.25364924640675,-41.727481743602546,155.25339419193773,-41.727640406611656,0.8921011048627557,8.107871069975298,8.154755546356634,0.578258780593552
4610,4378,155.84482016895583,-41.99025130920267,155.84519695785744,-41.99022283284137,1.0133846272046545,5.466613359361823,5.582876779024697,2.1267906109322303
4617,4383,154.63709854916257,-41.456260654343104,154.63682247570497,-41.45572819444156,2.056492398652937,14.50265494677283,15.128480443427387,4.315247787053065
4622,4380,156.89828147529605,-42.4501670626197,156.89787568884697,-42.45030322867268,1.1841243704271092,2.7053135057993076,3.0529887153074196,12.851568173626085
4627,4386,154.58270539673182,-41.4348405953539,154.58319473762793,-41.435263350283776,2.0150658519649034,4.117835689124513,4.440012107373699,7.82392602745358
4630,4387,155.04407529504581,-41.641555487163316,155.0437659132135,-41.64154429416856,0.8333168421222645,2.2052415934120555,2.1104771691618156,-4.29723548355606
4635,4394,156.502797846278,-42.283653688672565,156.50307547155947,-42.283587625248934,0.7767240613014674,5.4189983961910135,5.131552909727352,-5.30440250112835
4637,4390,157.71522010696327,-42.80298399973942,157.71520016821884,-42.80333864027184,1.2777916499762023,6.98297150892894,6.811315176107164,-2.4582132778614887
4638,4395,157.75885062532748,-42.821763131142006,157.75817739007636,-42.821858302373066,1.810390809155098,477.04165930488983,487.4036587127027,2.1721372139514172
4640,4398,154.70256959910577,-41.4913514018002,154.70293933038857,-41.49113937566606,1.2556533082148098,3.827977021874726,3.9244051099779504,2.519035186266589
4641,4391,155.14205928311875,-41.68536153509833,155.14183647128667,-41.685276806106565,0.6722196628766883,4.017977796662507,4.123044488099927,2.614914684812163
4642,4392,155.15571147678017,-41.69173965706411,155.1557903523408,-41.69183997940373,0.4188034401001327,2.0310279079707105,2.017085859164733,-0.6864528424874141
4643,4393,155.6675420076301,-41.918121474514564,155.6672173601927,-41.91817789318597,0.893055456592248,20.807028745243176,20.686561767933103,-0.5789725134955368
4647,4397,154.44489657473733,-41.37525479119046,154.44462609082487,-41.375148892304274,0.8241684652430304,1.7842639805198721,1.7930142211089193,0.49041177116054596
4649,4399,155.1298922399444,-41.68341056678946,155.1296147172902,-41.68331813270805,0.8169846574897238,1.7887852714408679,1.7920565971922777,0.18287973428889062
4652,4400,156.06007721469314,-42.09396654266201,156.06002698135399,-42.09399235311289,0.16322097847105815,1.416588646715305,1.0357698336888603,-26.882808492745085
4656,4408,157.5325805388021,-42.72959017241378,157.533144020461,-42.72964512775018,1.503164101951706,3.9372106394917448,4.296262037894537,9.11943584631637
4660,4403,155.6212882875865,-41.903481274106234,155.6212436204386,-41.90383405199855,1.2756270165071826,22.475892051106563,23.42935951155236,4.242178500758792
4665,4412,155.32911878962585,-41.776565444965954,155.32914001020137,-41.77664985876606,0.30918376747194337,9.594466377807054,9.364793461186096,-2.3938060500395704
4666,4420,155.97696853399253,-42.06215478070105,155.9769718637162,-42.06198133431005,0.6244704238032267,3.748185036096913,3.455455968735464,-7.8098883737681115
4669,4418,155.48533734715352,-41.84562491539554,155.4849396101972,-41.84564239495642,1.068506159010821,5.130773727176301,5.453135475573604,6.282907131332675
4670,4419,155.88411945269112,-42.02306148295001,155.88413870454798,-42.02337075199825,1.114558387975884,8.075945423311035,8.525879158812124,5.571282517615404
4671,4421,156.43689532178544,-42.262854374963716,156.4367219310219,-42.26290198907335,0.49273106533155603,4.4241245938000695,3.849772197440866,-12.982283481891447
4673,4428,157.55412934132167,-42.74468153319241,157.55439466882677,-42.74483712642276,0.8976693926451974,62.57112420611751,64.63028031353433,3.2909047640468905
4685,4432,156.6602873622155,-42.363836953086185,156.6605674834657,-42.36397966392437,0.9050648995725259,4.177456721376909,4.370025822446756,4.609721031565247
4686,4433,156.96066382632827,-42.49422480716012,156.96039765555952,-42.49409664994497,0.8438315512684529,1.3213862986238236,1.48224937160395,12.173811182063828
4687,4441,157.26239067598777,-42.62431639900443,157.26228561361538,-42.62412073102605,0.7573888519038942,5.768095756898399,5.863890800071397,1.6607741481828129
4690,4442,157.75477193804238,-42.83393474904763,157.75465249954934,-42.83390145634843,0.33732556869406854,5.150402193622227,5.345189215892766,3.781976920399438
4691,4434,157.7804177467218,-42.84420260126088,157.78052384046927,-42.84386073484361,1.2621773219794106,1.0489375686701394,1.0261599754113124,-2.171491796952684
4692,4435,154.30079312446955,-41.32334091043712,154.30058937220454,-41.32321077201574,0.7231453765700939,2.182164570335101,2.6016911511365333,19.225249392487758
4693,4438,156.07219811656637,-42.11077340592298,156.07196684041392,-42.11076198347259,0.619027130517342,4.304303373981835,4.8576855961346155,12.85648742832122
4694,4440,156.9156148953327,-42.47726762349891,156.91516819955578,-42.47735461759883,1.2267004475516328,0.8355464509776778,0.9566891561862667,14.498620042828158
4696,4452,157.45498065098235,-42.70875188875881,157.4550333217639,-42.70867123261836,0.3220610489058447,3.776840072020968,3.463193902069345,-8.304459918097416
4697,4446,154.19837643987782,-41.279198315177666,154.19863795927066,-41.27891256507961,1.2485224872199359,11.109285636174274,14.121406777052304,27.113544826589948
4700,4460,156.39979676625097,-42.256385500638466,156.399752098425,-42.25633460948167,0.21847323486607256,1.994612958753704,1.6873413233462355,-15.405075659363074
4701,4461,156.52942071543555,-42.31287404143305,156.5301167847313,-42.312882850321635,1.853296400957321,1.6170311619780442,1.7868963777087332,10.504758332727507
4702,4449,156.85055644618336,-42.4513574121897,156.85013515561658,-42.45150911876424,1.2452153254334193,5.086281540739091,4.8171972269274885,-5.29039361380892
4706,4445,153.87422748852757,-41.13202896193675,153.87397254451503,-41.13248665708157,1.7868382609271316,1.7881640011233213,1.69665661400507,-5.117393430399363
4708,4466,157.6931967360655,-42.81402402269201,157.69316629759643,-42.81358722378911,1.5745292524100796,2.251335822037318,1.290848139277363,-42.663012481664055
4709,4462,154.27804482694776,-41.31957743299371,154.27779131246893,-41.31955748653004,0.6891881010570613,1.3950870374093154,1.704726704966231,22.195007139620344
4718,4467,154.56806499674775,-41.45209058688612,154.5683577510685,-41.45220337036448,0.888158087541767,3.75386003221122,4.108420396104281,9.44522067553505
4719,4468,154.6594129236076,-41.49329420324188,154.6595251648154,-41.49340319127618,0.4955272558596996,4.615585219501334,4.614296589187752,-0.02791910997844668
4722,4470,155.7939970639485,-41.99684881644902,155.7941897485268,-41.99707278370301,0.9570002298334618,9.989661596346897,10.216910018489772,2.27483603875007
4724,4471,156.25199106437117,-42.19785211161338,156.25208733927212,-42.19819709161517,1.2681926226620224,1.0936809177607456,1.3893705128401568,27.036184894294408
4727,4475,154.67126248540063,-41.50039700096061,154.67112949261656,-41.500409860452976,0.36155435886596216,4.343474735640123,4.632484683226375,6.653888077552248
4730,4485,157.10235563007538,-42.56747673066041,157.10226219727997,-42.56755333690408,0.37070444390590424,120.47656814424283,106.08186810685879,-11.948132536569034
4732,4482,154.39749862974912,-41.37908507390827,154.39774355570717,-41.37917357134055,0.734321702239942,8.862068828652031,8.614052350532111,-2.7986295628629754
4733,4483,154.93529494346706,-41.618911878058256,154.93492871812646,-41.618889852680816,0.9888008795049751,0.44470529138399567,0.6007776375289223,35.095680030971515
4735,4491,155.46696901936494,-41.85765532588886,155.46744685976392,-41.85755923663841,1.3271097690630034,1.0332159883399858,1.20977266882618,17.088070885339146
4737,4484,156.43124230608734,-42.27949941304641,156.43105937754223,-42.27962994655075,0.6769232120563917,1.2387873017827487,1.1471789233634273,-7.395004637800776
4738,4495,157.36016307509144,-42.6799286763421,157.35997595449336,-42.67977860756452,0.7328809238649895,11.92891055174923,11.70238282412202,-1.898980855330427
4739,4488,154.75964917135477,-41.544230778730004,154.75978835129243,-41.5443961219703,0.7035160113955615,13.185973194832357,13.967816103607703,5.9293530877323
4740,4489,154.91495517182804,-41.61212700799936,154.9148850512007,-41.6120896108878,0.23183143903158537,69.33280667019012,71.83532277861993,3.609425650881327
4741,4493,156.386367202803,-42.26188144900871,156.38616549540814,-42.26207898200488,0.8913438393071458,13.276985844496465,13.737737188501065,3.470300785140841
4747,4500,155.7148483082248,-41.96975846375726,155.7140061871086,-41.96931612834387,2.759779076186364,508.5214894446688,497.9027067740415,-2.0881679321405953
4750,4504,153.9714697938845,-41.19301896989542,153.97162319861624,-41.193126419069195,0.5677377668797544,4.435318341146333,4.511780855472226,1.7239464779010893
4751,4505,154.1042170585911,-41.252733349671345,154.10389754994355,-41.25279454005842,0.8923695124990444,24.917388644946175,23.70427777234931,-4.868531329196535
4752,4506,154.43407768843133,-41.39966964162869,154.43385467316003,-41.39964910949437,0.606752660619875,26.290169293791582,24.150009889842675,-8.140531086098047
4753,4508,155.03692350936916,-41.671061520215986,155.03677332282024,-41.671188352346846,0.6095804828160097,1.4609665432669874,1.48850975766859,1.8852734532859954
4755,4515,155.89197427837564,-42.050428242315164,155.89179520850544,-42.05013378551476,1.1631161203880547,12.318819990001877,12.069038795122601,-2.0276389709566476
4759,4511,157.40229992127348,-42.703630308785804,157.40223879390723,-42.70371655759904,0.35008459618158627,-0.07856109883536522,-0.0326426887079882,58.44929718155406
4763,4512,154.95148465875505,-41.63693596830235,154.95184652875582,-41.63690937568732,0.9783181974965638,2.140160485571345,2.173771215963482,1.5704771029432436
4764,4524,156.53120489632136,-42.331259537720676,156.53090233317965,-42.33107876133341,1.0353383107070542,2.811101454849713,2.9762368036794467,5.874400176658237
4765,4517,156.63649572968833,-42.37558790395325,156.63650170459545,-42.37553894739773,0.1769584758077799,0.5910769117477324,0.6596515919102196,11.601650952618236
4766,4518,157.65826056575565,-42.8141237030141,157.65800043505914,-42.81416635587173,0.7039110289779323,5.017600725457799,4.301036617677149,-14.281010925102475
4768,4519,153.98452055323676,-41.202718763788454,153.98431975156447,-41.202680705543116,0.5608792855969156,1.8741459223683232,1.332925759539769,-28.878229617500885
4769,4520,154.05887073575525,-41.23483875294618,154.05904043835005,-41.234882117109066,0.4852259207947837,2.298286928621694,2.240916205910714,-2.4962384807794846
4772,4522,154.48072699072839,-41.427046512846694,154.4805679385225,-41.42707682941605,0.4429807944390353,5.406420374260237,5.520728105832229,2.114296034326285
4777,4527,154.4657645692707,-41.420413785032245,154.46547917508548,-41.42039333321181,0.7739464651991481,17.913643850752905,18.734395230949186,4.581710940746348
4780,4533,157.30866577946006,-42.67033149752252,157.3088277547379,-42.670192420353104,0.6591645833474742,8.152821327457476,7.8309128782624855,-3.94843007427197
4781,4530,157.6838219393011,-42.82935079668758,157.68364478152395,-42.829524260090054,0.7802107969843532,1.8341042929790414,2.208080968311039,20.390153207949076
4783,4537,154.57570495435624,-41.47416797002736,154.57543688185282,-41.474113861436976,0.7488545463142626,2.344361717673843,2.4520108833679464,4.591832603413967
4786,4541,156.64661476682247,-42.387108530061234,156.64685939024247,-42.38719567791867,0.7221583462357118,1.651032127617114,1.7622177099118226,6.734307614908706
4787,4536,154.25831257107026,-41.33224334199171,154.25841192610764,-41.33259202260126,1.2836614557949837,1.367632807224469,1.557610614415419,13.89099516971217
4790,4542,156.95063543114452,-42.52002611174621,156.95038554059948,-42.52033184139761,1.2849155231515321,2.0777967094207725,2.3805133418310738,14.569116941892238
4793,4543,157.5847121107659,-42.7898056433897,157.58455276905894,-42.78986726035736,0.4758264587539703,2.0523320414475554,2.227140415103934,8.517548336529508
4796,4552,155.1303277116008,-41.72578451037883,155.1301995446703,-41.72546067569095,1.215601243288008,4.778295066148145,4.519949900557761,-5.406639021115106
4799,4549,156.26201424705226,-42.222384482675665,156.26197316546148,-42.222524651333885,0.5163558221390085,34.707518818873936,35.280857492350684,1.6519148962182988
4802,4556,155.55129576864405,-41.91471383418653,155.55162069847282,-41.914591973906305,0.9747563193256874,61.32201544351412,61.025018369983194,-0.4843237316694184
4803,4560,157.24005819047744,-42.64835090031236,157.24033414033948,-42.64832339277127,0.7373655188263777,6.386825902353636,6.272565339409549,-1.7890038759625648
4805,4553,157.61104570980262,-42.80432723739375,157.61072043363572,-42.80452965038573,1.1265398640820354,1.7006487269984856,1.9341021721126028,13.727317194194752
4807,4554,154.23488935205518,-41.32714910669872,154.23491742725378,-41.32698209358868,0.60601888754776,2.502343974466999,2.574430231675001,2.8807493271725977
4810,4559,156.86059013897352,-42.485471352481575,156.86037988853008,-42.48560354053489,0.733497611380405,0.2561618374282628,0.8267004940140709,222.72586046139105
4811,4566,156.97677199351492,-42.53747409450302,156.97704412394472,-42.537243090272256,1.10120871258412,1.1052082079281804,1.4702156347791608,33.026123424763746
4816,4565,155.71696135574123,-41.99122153489955,155.717098082197,-41.991478485802375,0.9947384939625356,10.495670994796475,10.008620001169023,-4.6404941034157945
4818,4568,153.94188313706633,-41.198882654100196,153.94164704004564,-41.198764596127326,0.7678710193553226,18.37436130440852,17.69960936257375,-3.6722470547745187
4822,4569,155.01139292487298,-41.67898472789387,155.01126445620963,-41.67905705767094,0.4325721842365653,91.49640047818889,90.3133187778171,-1.2930363316902422
4823,4571,155.45531630877758,-41.87616799347238,155.45520203473785,-41.87616020998654,0.3075929638412158,5.2256191891651635,4.505441286802337,-13.781675937198958
4827,4577,154.07467241246613,-41.26132208055718,154.07438789405796,-41.26131553697724,0.7703110058501494,0.5394255795099775,1.48886565273065,176.00946437934192
4830,4585,156.66794391821162,-42.410407558230936,156.66770304045906,-42.410269682584605,0.8101172624495556,0.2043168979562836,0.3215869352140918,57.396151973147
4831,4581,156.71230707122385,-42.428607505726525,156.71250072590502,-42.42867695506574,0.5721063218673317,1.3228735536824923,1.3206755629169316,-0.16615274826850585
4833,4582,153.99419094605477,-41.22680257583263,153.99424332976943,-41.22689160146054,0.350473894001678,3.789190980007175,3.5033581533366207,-7.543373458310436
4835,4583,154.66556589853502,-41.53015013908222,154.66579431873782,-41.53049352638838,1.38098666623862,10.88232582288936,11.023661858958196,1.2987668111494732
4838,4589,156.25108119308206,-42.2310538861788,156.251737929105,-42.23091968277006,1.8160326946912893,4.194488222024049,4.411492294829452,5.173553037197192
4839,4584,156.30276115064396,-42.253522228284794,156.3028795752778,-42.25399509365837,1.731315688851966,1.351308695614484,1.3438188518716485,-0.5542659325099347
4840,4591,156.76575799148256,-42.455053626315056,156.76626738431293,-42.45508820416046,1.3587149444399818,2.586048329266582,2.60954627886765,0.9086430959212596
4844,4588,155.77397679492321,-42.02257284820606,155.77358764352573,-42.02257899893915,1.0409711316398647,4.116921582669414,4.096503192910191,-0.49596256205548633
4849,4592,157.39274244469024,-42.723382273670616,157.39270054934497,-42.7237051663249,1.1676822984712254,5.964030645443918,6.177053697971939,3.5717967460605653
4851,4595,154.35013114442114,-41.39022549181142,154.35005222159373,-41.39051804526691,1.0745460753640748,1.7335771742516584,1.6961711128259978,-2.1577384601760152
4856,4601,155.49863268220855,-41.90531764870114,155.49879994193444,-41.9049911138842,1.2580497470938048,16.799182589270277,17.092448529998077,1.7457155380590363
4861,4603,157.1187332933149,-42.610132011360314,157.11838248612088,-42.61007683854043,0.9504558521261374,0.3708112929928593,0.4494527554424732,21.207946989664173
4864,4607,156.67689988548884,-42.421894123060135,156.6772860400817,-42.422144632626605,1.3661656609275439,1.2442823656078865,1.6504985996810877,32.646627911884515
4870,4606,154.25620100982647,-41.35176818089653,154.25584735603047,-41.351580561174586,1.170299524309394,188.12802508146547,204.92256905418608,8.927188793614372
4875,4621,155.80238444872694,-42.044986916405755,155.80273622715265,-42.044939151251015,0.956046070830791,12.129303411613067,12.553491370702512,3.4972161606849586
4877,4617,154.44685488009156,-41.44181734571738,154.44654501277614,-41.44173418740039,0.8881997944609408,11.80477770096966,12.3058346161475,4.244526477924968
4883,4624,157.7566459180651,-42.88969599659082,157.756734917001,-42.889674001190016,0.24773854642478327,65.56228107306679,64.64785509880195,-1.3947439889190794
4894,4627,154.31817677237518,-41.38780088420588,154.3179720501597,-41.38780520333175,0.5531541589842613,5.342429461078782,5.162932001387131,-3.3598470695653506
4899,4638,157.45254717770493,-42.76521902291649,157.45229960668576,-42.76506808307727,0.8505210405001321,1.472347251987595,1.2971323837011004,-11.900376629899188
4900,4634,153.88988001247742,-41.19718592323828,153.88998696117966,-41.197202929968554,0.2961024057419361,28.71382614446626,31.13702902271129,8.439150066777252
4907,4641,154.21862810458714,-41.34700490515674,154.2187445694524,-41.34712372390438,0.5310747143528831,0.6208687104815084,0.6708377031270317,8.048238186583829
4910,4645,156.52192635797869,-42.36829108922477,156.521606388675,-42.3688016772718,2.0255744748084554,27.21764348886903,27.8425242995042,2.295866689894447
4912,4648,154.47538291695167,-41.46672573757604,154.4750050599722,-41.46660123965028,1.1135011880587287,11.849443820161545,11.07877092200276,-6.503874020209308
4913,4651,155.3350148214884,-41.85030694228992,155.3349731496076,-41.85041398198027,0.4012189355819456,3.2526734644829034,3.6208277569777527,11.318513724628579
4917,4663,154.40998332329377,-41.43925646513268,154.40966557921482,-41.43851101126316,2.817310046856119,2.3281540440263835,2.102882319875898,-9.675980192483033
4919,4669,156.85531088098162,-42.51658194901084,156.8556485271086,-42.51664778531883,0.9267607579454624,51.12449952990614,50.97043917651709,-0.30134349442174746
4920,4659,157.31679297672335,-42.71433181925095,157.31645796342187,-42.71459739591583,1.3035788260689423,7.474233535473996,8.327193348582977,11.412003773506509
4921,4661,153.97513210877904,-41.24250436888123,153.9753513316206,-41.24255124397299,0.6169487513635299,3.704165806550762,3.8296334491507276,3.3872037363467373
4923,4666,155.38992544890957,-41.87670644877623,155.39006123867208,-41.87682539081982,0.5619894624016245,5.101702091840588,5.421180084140472,6.262184395495014
4927,4668,156.59710344192584,-42.40690680763988,156.59691129634996,-42.407015174996644,0.6426988362435899,0.5956315488714136,0.6623549092542638,11.202119919483078
4935,4672,154.2058518617672,-41.352378737171406,154.20625331374336,-41.35251479297779,1.1903175629146154,1.1988256893062972,1.8687227322121527,55.879436758941395
4936,4673,154.22796143667705,-41.36295197972384,154.22816561676058,-41.363087197624836,0.7357387882018848,1.266557526860833,1.3321045589711409,5.175211604700382
4938,4682,156.64615246638076,-42.43229164808108,156.64607268645264,-42.432361047883354,0.32765153063362934,1.6389150371471741,1.7362524707521212,5.939138478732878
4941,4675,156.9930170141481,-42.57998356814299,156.99314071690927,-42.58002742345417,0.36393900563757925,4.6850085710161835,4.679274359237288,-0.12239490476858311
4942,4677,157.42860550140009,-42.76766287022272,157.42812201343028,-42.7676417900205,1.2800174872239072,4.990385083097393,3.828685214733449,-23.278762039800526
4946,4678,154.75826572119965,-41.6017593575979,154.75850675333047,-41.60190761817316,0.8401741635806547,7.2088314734671,7.290382488339815,1.1312653815375249
4947,4679,155.3988631573532,-41.888830455547776,155.39857964094375,-41.888837896483956,0.760293200842467,30.910392885072792,31.760484140733833,2.7501793937778336
4955,4685,154.0442325818001,-41.28158963127381,154.04442931294182,-41.281725337076445,0.7224467198925851,4.35981051767111,4.3817965689073946,0.5042891462179634
4961,4688,155.9805006845086,-42.145144229560664,155.98052452963069,-42.14533542025736,0.6912230670995603,3.892962543944389,4.020323644048572,3.271572707584792
4962,4691,157.5172524424108,-42.80979129624379,157.51688223595386,-42.80998624118804,1.2035184790076827,4.101729616239997,3.86322883874086,-5.814639184280699
4963,4692,157.53345887727386,-42.81650157109346,157.53329889595233,-42.81671735419718,0.8842653554470226,11.347472214085764,11.262845749704413,-0.7457737087587076
4965,4693,153.98430753914263,-41.25656416751157,153.9841771112992,-41.25646544443114,0.5009081204257194,78.75954735187548,78.20829247829015,-0.6999213328670926
4971,4698,154.77834965747806,-41.616479566822775,154.77826294966655,-41.61670500144087,0.8444499853158932,1.0662119115295792,1.1530956616675483,8.148825688256133
4972,4700,155.64841117090188,-42.00439150681695,155.64826256907284,-42.00409526598775,1.1381488633578405,3.534319033768162,3.078386487254347,-12.900152537381896
4978,4704,156.25200006073413,-42.27063699714954,156.2521927407814,-42.27068612808156,0.542902052869089,5.7113390038086,5.941443548201024,4.028907130866833
4979,4705,156.5245499950904,-42.38952129664709,156.5248981980433,-42.390015685767,2.00620218748821,2.264144604731377,2.44787562931598,8.114809637187523
4980,4717,157.69926611999227,-42.892574255451976,157.6987905514618,-42.89274000600037,1.388997562260939,5.042054715508793,4.525777571639034,-10.239419700895924
4981,4708,157.80674744796124,-42.937743356448614,157.80677653263382,-42.93784031692471,0.35737527081425186,2.195981275108604,2.4061870124791875,9.572291883963699
4985,4710,154.43917756663382,-41.46852776559376,154.4389706007141,-41.468332380403794,0.8980277243729274,0.8442030809128248,1.0346321837400596,22.557262243265743
4986,4716,156.4446014639679,-42.35662007372882,156.44435044854697,-42.356681653566945,0.7036065460687102,18.407924910092923,18.662536990744012,1.3831655762105342
4987,4721,157.3030483000336,-42.72630642692091,157.3028907839078,-42.726313703380015,0.41738543096755415,4.1290735337862206,3.8088351018999704,-7.755696992700499
4988,4718,154.21740187467074,-41.371235433100615,154.2173593209019,-41.371206132250734,0.156023016704563,4.386531192473055,3.9398070952858215,-10.18399454114853
4990,4712,155.38451070794375,-41.89203888407185,155.38448495615287,-41.892283655258645,0.8838745013774532,2.900569173157279,3.0475634313779665,5.0677728902663475
4995,4723,153.8699491918734,-41.21650491327642,153.8703965770692,-41.21638484647877,1.2863220554585517,0.5675248724303561,0.5869835255881647,3.4286872880970454
4999,4729,157.06275931236993,-42.627426877205906,157.06293700928302,-42.62771139782573,1.1272430264091697,0.6627595242067635,0.9100983753938057,37.31954685722162
5002,4731,154.80916783036088,-41.64207335427186,154.80921718356745,-41.64233407046747,0.9479232936864903,3.4832046903679794,3.274346604921665,-5.9961473416668385
5003,4732,155.42025674483128,-41.913910193472304,155.42027893498758,-41.9141340209227,0.807968643801411,28.326630188532743,29.414187661271974,3.839346457735375
5008,4743,157.68159296131353,-42.89322787639847,157.68070678779773,-42.89341094524072,2.4283711225262636,941.8598728717523,801.9012531339242,-14.859813414822632
5009,4734,154.08942688326692,-41.31912552790306,154.0896923524601,-41.31919698326667,0.7624678102195968,5.347608349012446,4.977099222598538,-6.928501532509027
5011,4735,154.36049267943451,-41.44043125592842,154.3604943983211,-41.44062184385865,0.686132229915923,1.3786135967723434,0.8385251018206442,-39.17620544409054
5020,4746,154.83555938854855,-41.65792066080631,154.835023851401,-41.65770351249134,1.6388707191200673,1.41069006800138,1.3010530495134094,-7.771871439011467
5025,4756,156.84292373832793,-42.539091659084846,156.8428406446213,-42.53905987849001,0.2483343350226906,3.184316075407288,2.483939722446016,-21.99456135558688
5027,4752,153.89896556819798,-41.2353118926204,153.89926084738534,-41.23545201191523,0.9452358300558457,2.1135783304296907,2.137332349170869,1.1238769057756675
5028,4754,154.76128371256416,-41.624868805449125,154.76090238712362,-41.62474102429468,1.1245524396084228,2.7043979508932985,2.6087556652752983,-3.53654629809227
5030,4757,157.8142013022295,-42.9539231473056,157.81413849419482,-42.95406990640727,0.5536445066686294,3.3111366745544317,3.075866715762018,-7.10541369676542
5031,4759,154.26813115949142,-41.404672941197134,154.26793545182485,-41.40470192817192,0.5386555998192871,13.579404234736066,13.568889967427593,-0.07742804563971495
5036,4765,156.69035221374347,-42.4753876172842,156.69010401889201,-42.4754691336931,0.7214027240354673,4.645294922968695,4.858658272938736,4.593106648946314
5039,4768,153.97303501093356,-41.27307641375461,153.97331153520312,-41.2731543669709,0.7990811202188589,2.2403645419613833,2.3749143910598667,6.005712310581755
5041,4780,155.1366079411824,-41.79838765165991,155.13662788504547,-41.79801243932495,1.3518244777362176,4.142004745806608,4.11217111728934,-0.7202702639940556
5042,4771,155.16758516055629,-41.80988232248555,155.16733258930458,-41.80994333247941,0.7124253197849699,3.754467041500889,3.5081661950415333,-6.560207979902636
5043,4774,155.55424401259117,-41.98305442991396,155.5538223482313,-41.983254945496334,1.3395266960247456,21.678311266676328,23.96444084093985,10.54569955261108
5046,4777,157.06753672598973,-42.6405003669105,157.0675526320675,-42.64083771908981,1.2151981222842856,10.25480020748038,10.255902207130879,0.010746183525778259
5047,4778,153.82821707538778,-41.20945663522904,153.82828534780498,-41.2095205973289,0.2953136456783156,48.97212350315749,49.20785877927962,0.481366253409307
5049,4789,154.22713914837232,-41.392650885097126,154.22736716127184,-41.392385681850904,1.1360978780094317,4.733847483780677,4.698629759458495,-0.743955618402296
5052,4782,155.83098494634007,-42.106696513585554,155.8310115023374,-42.107143820153716,1.611864874733081,13.414671449770086,13.494458055376583,0.5947712242170815
5055,4790,154.4282854295859,-41.48493115879876,154.42850213818116,-41.48497032116528,0.6011988460679204,0.6578210202027857,0.8704961484905612,32.330242080469624
5056,4791,154.48589288679122,-41.5108176662269,154.4855556756221,-41.510943438032946,1.0155686467683738,4.027851797808632,4.09169810511458,1.5851205682563683
5057,4793,154.87273295835828,-41.68295085260353,154.87270054837202,-41.68324615894367,1.0666679796422058,2.556906825568106,1.4105556511682678,-44.83351379630881
5059,4801,155.71005240959326,-42.055915345756894,155.70997908173678,-42.05562287596447,1.0709796379104395,110.17995800711049,99.2595766986166,-9.91140449317392
5063,4798,154.0559861964766,-41.317004643851405,154.05619912800458,-41.31708893800606,0.6508121988882002,22.95931101429313,23.062297504319254,0.44856089088217393
5066,4800,154.9911679002959,-41.73738668317771,154.99091172010912,-41.73746415136059,0.7425469322446838,14.632921523507477,14.385836666626645,-1.6885545137647024
5067,4805,156.9611086630238,-42.601714271966394,156.96055457712725,-42.60222105102903,2.3418411435487925,2.1708157812185083,1.9789098173740816,-8.840269427961653
5071,4797,153.9171383288673,-41.255422210304005,153.91668106631684,-41.25577172294761,1.7648415956740686,196.89381985579857,197.82999894822004,0.47547408705215294
5073,4807,154.29660718438151,-41.42983851193253,154.29636035238272,-41.42974351152439,0.7488925303462729,2.3220276423896413,2.255910103110684,-2.847405348323695
5074,4810,155.5235234197479,-41.97720178309857,155.5235680293415,-41.97739305686973,0.6988587033509478,29.96227496551664,28.69271635571785,-4.2371903043407695
5084,4822,156.61852398628724,-42.45837105035281,156.61833210615512,-42.45787328437495,1.8630172766187585,0.6140141061839686,0.57472401475848,-6.398890681791049
5085,4823,156.87187028199443,-42.56727973302152,156.87212688294034,-42.56735824919749,0.7367176354513856,2.777195778229151,2.622290728856954,-5.577750426762164
5088,4824,157.11211661888294,-42.67044914726066,157.1119722108459,-42.67013546485565,1.1921952678724528,8.291328349598768,8.235387923958276,-0.6746859282589919
5089,4825,157.44574320217194,-42.8133533941779,157.4458988171901,-42.813391462656796,0.4332059072458723,4.044472765347903,4.083883658263231,0.9744383310722461
5098,4838,157.60503757862568,-42.884686375125696,157.60496020416468,-42.88455564684578,0.5129731048375994,1.7738676297470544,1.4901277537281086,-15.99554956980673
5099,4830,154.2152107965518,-41.39912962099186,154.21494577768695,-41.39906685333113,0.7504922083815448,8.920562007942598,8.819678186813364,-1.1309132881920405
5103,4836,156.7331165362998,-42.5131375956788,156.73291957672248,-42.51319336139075,0.559889606762563,10.225960282201308,9.686788845417679,-5.272575111816919
5107,4854,157.0497425275942,-42.65198883812257,157.049840671011,-42.65194901868395,0.29677505944825355,3.4348452930475357,3.0102104951226423,-12.362559640878032
5109,4847,154.34398462626166,-41.46265236735944,154.34367774145036,-41.46268462739545,0.8360179551481866,6.643841576939291,5.6528945524212295,-14.915271730103093
5111,4848,154.49157086992986,-41.52875531340814,154.49140082353856,-41.528899342297635,0.6920033548331633,6.500002860916504,6.487744911079885,-0.1885837606368487
5113,4849,154.63384721973074,-41.593267289536406,154.63376857824727,-41.59338509269775,0.4740077120305686,0.7005371606670872,0.741774107945724,5.886475349768581
5115,4857,156.19739731313985,-42.285085645364916,156.1973644336484,-42.28461501905359,1.6965162175606243,9.13795269939105,9.107166372787194,-0.3369061716188083
5116,4858,156.65515322447848,-42.483998745813736,156.65549227510718,-42.483806954317494,1.1344474761776628,5.987170108158754,5.685458777445146,-5.039297786152155
5121,4856,154.68425232285057,-41.617423460789375,154.68391554751759,-41.61745829565474,0.9150131121351418,12.029847771514508,10.635568684737686,-11.590164009209964
5127,4869,153.97400423884832,-41.29981048322119,153.97445898742302,-41.29916003803076,2.644949535421348,16.631247619045105,13.191429405266941,-20.682863321925957
5130,4862,154.94269319142182,-41.733442570608155,154.94271799948,-41.73382489890504,1.3779944927261394,2.5007193634093747,2.407672556334191,-3.7208016395861265
5131,4864,155.11159578337578,-41.810768701089636,155.1112558426863,-41.810739743271775,0.9180881788715579,1.531166881491602,1.6477851544617326,7.6163006384075995
5132,4865,155.22589925531213,-41.861594250787526,155.22584254176655,-41.861772231655976,0.6585267653027851,4.984945990431986,4.980786111964635,-0.08344881720554807
5133,4866,155.5025406801461,-41.98251047454243,155.50260444458993,-41.98300822734162,1.8000162695210444,2.3059328955922895,2.3086775394782872,0.11902531471076204
5140,4868,153.8478365822246,-41.24228281500423,153.84789878183716,-41.242170563614,0.4377780620652403,1.231038876424828,1.2160415650027037,-1.218264646984935
5143,4873,156.93722148424126,-42.61118000108036,156.93690831218746,-42.61143539294906,1.2384602282254105,1.4786995066711435,1.4933731034249458,0.9923312131776922
5145,4878,155.0463817745675,-41.78581393934923,155.04630292876658,-41.785753965208094,0.30234091164520743,3.919038646256626,4.3260641444241505,10.38585058497205
5147,4883,156.88860978691196,-42.59078875444892,156.88846901323203,-42.59079668417396,0.37418878440848274,29.09900005008877,30.794759846995767,5.827553503515751
5148,4889,156.9959142009878,-42.638845281940235,156.9957469072101,-42.63849334192936,1.3422135753312787,0.6833785143322127,1.0171990147791612,48.8485507586016
5149,4892,157.45871064785533,-42.83623506218017,157.45889005134674,-42.83626311062913,0.48424807715810114,2.117456391233675,2.158184004828473,1.923421599774684
5164,4894,154.5720811776047,-41.57728717161913,154.57178767876988,-41.57720468821717,0.8443363413648161,5.898056635406084,5.664832042243473,-3.954261675999536
5165,4895,154.86839492349839,-41.7098392071664,154.86858228366998,-41.70999625995221,0.7571034140171309,10.59800764765738,10.988192087090805,3.6816772775180433
5166,4896,155.16661553903268,-41.843373193002336,155.16674638651986,-41.84367166062873,1.1303355908273642,1.9726202728545255,2.100812920005045,6.498597267532659
5167,4897,155.47854402932134,-41.98115753371872,155.478774032267,-41.98136520326945,0.9683891232582473,25.433345322491,26.543254598280267,4.363992474115316
5169,4900,153.90297181304393,-41.27713374471906,153.90285723540916,-41.276950514328604,0.7288379898831703,8.493807710544807,7.752052336324733,-8.732895769458107
5176,4906,154.04928324978283,-41.34389339492438,154.04952227750042,-41.34401928715788,0.789146174909146,10.434644469184365,10.461127597416901,0.25380000546014275
5177,4912,154.32096069750844,-41.468582276506325,154.32126946521504,-41.46853020929912,0.8537468795359213,1.3084538127301082,1.313868987015288,0.4138605606476052
5179,4907,154.52434679695986,-41.55999002173326,154.52411503264432,-41.56003928448206,0.6490132426805348,1.5568033490076605,1.8995755711714644,22.017695580003355
5180,4908,154.63218352986016,-41.6086581936148,154.63196822067528,-41.608537945226374,0.723378573544684,3.4441775275349062,3.8863965058153007,12.839610465634241
5184,4910,155.9720095906887,-42.20059708418918,155.9717388148842,-42.200733056284804,0.8723944586842075,12.209792473446495,9.271797978913739,-24.06260795113612
5189,4917,156.7249156507092,-42.52965023263267,156.72476920655689,-42.52987549425615,0.8992019705807343,6.349734063113226,6.28451908551953,-1.0270505338568834
5190,4918,156.80475613423027,-42.56583268986968,156.80489427715116,-42.566382974834525,2.014601158282954,0.5525038474319492,0.6409491058197608,16.0080800882939
5192,4922,154.1862038324698,-41.41089128939777,154.1862511802737,-41.410867705418994,0.15346204708243955,1.6200029854299938,1.6521564576016372,1.9847785751523794
5198,4923,156.6070376505751,-42.48155308422995,156.6067284826057,-42.48202731521436,1.894308537784271,1.7150381274853834,1.384447659508298,-19.275983587711988
5200,4926,157.5620625885277,-42.89186011106269,157.5618957036114,-42.892352813766266,1.827527266453033,0.01379290113682352,0.3202923538337096,2222.1536256691556
5203,4931,154.47226715755156,-41.542882642452774,154.47211639029481,-41.542732954312505,0.6748454797792367,3.1028776363590116,3.0310449760905898,-2.3150336135301792
5207,4934,156.4500437355751,-42.415276525129094,156.4513203496642,-42.41426410894515,4.979587113076882,9.999046300828462,14.496054443140238,44.97437062511832
5208,4940,156.51768237890093,-42.44620875933402,156.51740977818332,-42.4459948654536,1.0570406920557334,127.50995545552176,106.40108869252931,-16.554681309065064
5212,4936,157.75283832469202,-42.974068378077995,157.75282700150927,-42.97389878230924,0.6112728124949145,1.6678465129846247,2.144170926541111,28.559247499585545
5217,4944,154.91370492095209,-41.74296511910743,154.91361683816035,-41.74231800066787,2.341610312785428,10.384246485923246,8.554081279917872,-17.624439178002206
5219,4947,156.04744223980538,-42.24353143914704,156.04711057002572,-42.24322074096281,1.4256190470578682,469.57030484722543,417.7877250091313,-11.027652154226743
5224,4942,154.1685154352379,-41.409443122979724,154.16780573551665,-41.40925107183651,2.037111757593132,2.2053575775361196,1.8247168732690848,-17.259818006125613
5225,4943,154.7296106955711,-41.66050391974887,154.72946719332313,-41.660518160447744,0.3893460686161859,13.411260075986315,13.560758595370263,1.1147238852793178
5227,4946,155.42204648029463,-41.970376659001055,155.42103901148073,-41.97065274542793,2.873890875092945,12.75652474749826,15.260820868330816,19.631491886720053
5229,4951,156.23609809973442,-42.32776801433947,156.23667082275708,-42.3276714960594,1.5634030557044258,2.59412120567208,2.9420130063598178,13.410776640932104
5236,4949,156.00990224790124,-42.22909891487655,156.00969402893958,-42.22906402037391,0.5690807824521433,3.6163985196314745,3.5669966864709,-1.3660505857526062
5237,4950,156.08908170436507,-42.265294026106105,156.08904935557825,-42.264996324114094,1.0751867020225245,2.2044787886455075,2.1268939467667383,-3.519418843056299
5238,4962,156.6917311781125,-42.5281718547302,156.6918451412145,-42.52774143429782,1.578735255380868,0.5531320500452084,0.5838123828478738,5.546656137563881
5240,4964,157.29935847613567,-42.788045355802296,157.29930035967385,-42.78779755895618,0.9051856820983415,1.3612743482479983,1.178719026763284,-13.410619374387572
5243,4953,154.30726533558223,-41.47558612495593,154.30677674400695,-41.475417545633675,1.4508830149631005,65.98962782410578,65.13089762816887,-1.3013108639221982
5244,4954,154.4246153125598,-41.52717219523962,154.4232993186103,-41.52720609026784,3.5488446275404777,0.4297361007089287,0.7970944573400716,85.48463953228917
5247,4955,154.87267887833397,-41.730315876766106,154.87233120244088,-41.73027478367688,0.945718881745605,152.58455376140896,152.48584855383442,-0.0646888594823834
5248,4957,155.20139664739696,-41.8762433067829,155.2010417812222,-41.87620519067239,0.9610716789551669,4.341630202742876,4.679744436532357,7.7877253013366605
5249,4959,156.1172865516346,-42.278148293379566,156.11739812164063,-42.27823762209417,0.4378700103208639,1.8554715486687525,2.0085766387983033,8.251546095621851
5250,4963,157.1045864948436,-42.70660344456765,157.10461204223273,-42.706475297836725,0.4662523515910633,5.166189797980545,5.008587288038445,-3.0506527267679258
5251,4970,157.26962466253812,-42.77731837691869,157.2697048276438,-42.777148545256836,0.6470500705023038,0.6127066174224293,0.7374010313042637,20.35140642129937
5252,4966,154.23245900506507,-41.44235303621798,154.2323594603927,-41.44241136846467,0.3409738158253945,1.0802267515358968,1.0751469000706524,-0.47025788409902747
5253,4967,154.67064012750035,-41.64152179688301,154.67063956903198,-41.64177304525678,0.9044953934540768,8.525847782123602,8.8816500062402,4.173218115184028
5256,4973,156.77591099556466,-42.56807581612566,156.77579631808453,-42.56790261180256,0.6937148763404141,0.4146964414861744,0.46373902256644955,11.826139839666356
5259,4978,154.82258211046639,-41.71211130957179,154.82241684959317,-41.712086451742806,0.45304671853643064,1.8003055912762564,2.258009963239901,25.423704407826285
5261,4974,157.63573417359916,-42.936941496780555,157.6355509705183,-42.93711493891372,0.789305929193412,2.4764624309665493,2.297684406956335,-7.219088881572013
5264,4979,155.02433199466967,-41.80186733784083,155.02421896333763,-41.80195147286616,0.4286629384916573,2.7780892994891264,2.7063610988620472,-2.5819256652501976
5266,4989,156.81021895284047,-42.586073654120476,156.80968200513797,-42.585581821718165,2.2716807020248817,2.1925651273333897,2.0696005422579486,-5.608252340717983
5269,4985,155.70977073101503,-42.10735727275151,155.70916439510341,-42.10706742626047,1.926463896783239,1.6453833409374732,1.6023473695248205,-2.6155589607545515
5273,4990,153.98071530474337,-41.336905447071345,153.98038930845814,-41.33699328985365,0.9362004597846711,2.441126707169076,2.540461287768667,4.0692103489698646
5277,4996,155.11454628914893,-41.84826770253702,155.1146471720663,-41.848021953777184,0.9251360170334245,3.7754211033746388,3.8073704412464746,0.8462456768935818
5278,4991,156.9115816639974,-42.63343104788522,156.91187010716857,-42.63374720088337,1.3707673976034094,1.7526364762242612,1.8409002260848242,5.036055739905132
5292,5001,156.41240710602008,-42.42107608308823,156.41282066953153,-42.42110918929823,1.1055069819293297,2.080790302975602,3.0217787723593577,45.222647762156036
5294,5010,156.89800197760937,-42.63180655830633,156.89794562125653,-42.631572317973905,0.8563739753050218,3.4462751255688975,3.7899601496040947,9.972651965169584
5297,5004,157.64838405515297,-42.95049079487716,157.64810124360656,-42.950626987270105,0.8920306231898567,14.648723810373442,14.707006076168076,0.3978658246895343
5299,5005,154.3599520626263,-41.5157681544267,154.35991912576685,-41.51578780486162,0.11352082665263552,12.320004835468787,12.725633121514468,3.292436094488326
5301,5008,155.75665350907929,-42.13598010985606,155.75634395990946,-42.135937695259756,0.8403602313678447,2.5145462630149633,2.894989269021754,15.129688071462887
5304,5016,156.19592161119857,-42.330212950891784,156.1961498737884,-42.33020991073558,0.6075952741706164,64.1611836178675,82.79291995358923,29.038953593326806
5306,5011,157.58497329074353,-42.92535768784785,157.58491077760547,-42.925758278045805,1.4515091867362622,3.0292636990658566,3.169395849759015,4.625947577174324
5307,5012,154.34184663353938,-41.50870117195318,154.34202284514257,-41.508621264439974,0.5553560988636268,0.8737214637888873,0.8275635714208395,-5.2829069996614715
5310,5009,156.0020410725002,-42.24660069781758,156.00163908043905,-42.2453006829545,4.80110048258054,0.790943146375514,219.50127064512645,27651.839263161703
5311,5017,156.75361748397808,-42.573547240605535,156.75297907349693,-42.57363486661775,1.7216195346432377,2.2665297140517926,2.4863207054652667,9.697247296200754
5312,5024,156.8426694531377,-42.612001540872235,156.84293604766546,-42.61212140235933,0.827700914765314,74.16042414212097,70.55909752308058,-4.85613001907704
5315,5018,153.76385289506683,-41.249662849568075,153.76375372975176,-41.24964587852952,0.27527023829864644,1.712021403236358,1.8652961172730873,8.952850340946842
5316,5019,154.227547088036,-41.45984554009853,154.22773646252878,-41.459927882478674,0.5906832902558977,12.303139292039102,12.238777090216454,-0.52313641498227
5326,5031,154.98752730823122,-41.80220229704355,154.98745326855285,-41.80211898248698,0.3597763021955146,5.895309506413878,6.3184368034109015,7.177355091139432
5328,5034,157.55278631789005,-42.917826296002815,157.55240574384146,-42.91792713120405,1.0669901844233411,6.002423384942518,5.62450505393799,-6.29609587275302
5331,5038,154.72621160089122,-41.68646214753172,154.72616983305107,-41.68665909142687,0.7178352833010203,3.410627776509877,3.2993030248866404,-3.264054564674784
5335,5041,156.09705017407165,-42.293495881486365,156.09704154406506,-42.29359785988933,0.36784084049117965,3.2488347212277113,3.3222590717764215,2.2600211106141983
5336,5042,156.11254237842223,-42.3017817182127,156.11225819281407,-42.301670732778774,0.8556817308456082,6.330279539200507,6.522347229471722,3.034110722628097
5338,5043,156.98676351672626,-42.6782985659511,156.98675227956315,-42.678586394309065,1.0366088038465555,84.0935973466266,105.62827517195853,25.607987414984574
5339,5044,157.05318024277722,-42.70829620368889,157.05324117107224,-42.708595398219195,1.0890925820782462,0.8629249260247853,0.8051860960357625,-6.691060629689632
5343,5046,155.2524811140253,-41.92352839006394,155.25126773185355,-41.9240692242051,3.788639122034221,2.1788556613512897,1.1028120224915245,-49.3857237974369
5345,5052,157.12448584510753,-42.74070670726836,157.12448439158905,-42.74096190559399,0.9187220100738342,20.526511766743546,21.246534353513457,3.507768854991088
5346,5061,157.41282291005646,-42.86447140559084,157.41252853520518,-42.86410468452613,1.5317556462985518,5.300949992348032,4.846228883518435,-8.578105990171402
5350,5054,153.79436925812698,-41.27133855417901,153.7942193080559,-41.271401338734684,0.46443543462304715,1.4183777873114272,1.4919180601122122,5.184815601221629
5351,5055,154.2377074857614,-41.47065697006572,154.23784869629634,-41.4709584811509,1.150335417580165,4.016778892855908,4.616074424854074,14.919803852386565
5354,5058,155.0646646530001,-41.84172044684904,155.06485417062407,-41.84190801375488,0.8451613907567492,2.45408161768096,2.40944503932382,-1.818870979495801
5356,5066,156.68368907858112,-42.55370758819723,156.68336670937524,-42.55333481339563,1.591159220405944,0.5450107444469899,0.6981406770138344,28.09668141904651
5357,5060,157.2240993847982,-42.78520057494914,157.22445627872463,-42.78515440026385,0.9574752759074009,2.270944795209308,1.7974716292802815,-20.84917109952853
5358,5062,153.8617781791029,-41.303631142951005,153.86152959644008,-41.30376901104357,0.8356318791824557,2.7262034217191653,2.6164081221456343,-4.027406711429229
5360,5063,154.57075001207704,-41.62273352265113,154.57088141566186,-41.623049375446676,1.1907884941460132,2.487186133358333,2.6336122274753677,5.88721898024263
5361,5069,154.68616120807312,-41.67713875346962,154.68638815161222,-41.67670001872302,1.6932262247336025,1.6825313666588808,1.5021877371497865,-10.718589446995878
5362,5072,155.61986135224825,-42.09133016691321,155.61934164134428,-42.091532896544,1.5685296436206815,262.41034883817804,272.25555100886066,3.7518345653181226
5363,5077,157.20561111177238,-42.77954773781115,157.20561004073292,-42.77931850187956,0.8252542061719268,3.7449487709241507,4.186660787003117,11.794874725882128
5364,5078,157.27023481657355,-42.80793434778665,157.27021452583347,-42.80763052899319,1.0950597245059532,3.7498847058467684,3.7309119124183305,-0.5059567137852455
5367,5070,154.9696270795575,-41.80519668452072,154.96971160702452,-41.80541878552712,0.8311156698118904,10.331013367229707,10.991364393107673,6.391928868978339
5372,5079,157.64100118003424,-42.96542026665888,157.64131644782438,-42.96563977319253,1.146397016728099,4.3000359796283,4.106079665753393,-4.510574209001674
5373,5080,157.73642893179863,-43.0054370571386,157.73619250178007,-43.005641272538114,0.9632794079064193,59.0361551784634,57.844062066591235,-2.019259398361105
5374,5081,153.77258236447867,-41.267186370471066,153.77222671073145,-41.26705508949997,1.072154189103317,3.950350945582704,3.85226095096145,-2.48307038975711
5375,5082,154.54387253384346,-41.61522537537271,154.54349592627975,-41.61503478122823,1.2240125739950163,9.972304404059667,10.852160520822022,8.822996983567513
5378,5085,155.8891440998848,-42.21350617799674,155.8892264163076,-42.21401657720571,1.8504992426557834,1.274264559057046,1.3013787571249644,2.12783113798463
5380,5086,156.35984984898016,-42.417311119034764,156.35970551005147,-42.4175751886121,1.025130549483259,2.0888358212776548,2.9215057840701695,39.86287262553764
5381,5095,157.29299506183665,-42.82102454822233,157.29318798488526,-42.821136448824646,0.6494529371242461,3.834187057837116,3.730985168088131,-2.691623757323977
5386,5091,155.00281463430193,-41.82396662426462,155.00278833307024,-41.82409880550177,0.4810551517324758,67.49306023572495,67.41083741661205,-0.12182410876870918
5387,5092,155.6898343917852,-42.128375501354256,155.69011766217878,-42.12879012493722,1.6733163714982457,1.8285124848914827,1.8727829558041678,2.42111942239828
5389,5093,156.0257272196372,-42.27495605594909,156.0258560493543,-42.275149632884386,0.7767890305662262,4.549018656654489,4.057802184425593,-10.798295397411156
5390,5094,156.71950354403214,-42.57485829041323,156.719640262834,-42.57521608381104,1.3380784025901844,0.32249839632696303,0.534977441483769,65.88530286562585
5394,5097,153.86925561333288,-41.31534247628506,153.86937093842323,-41.315436163208894,0.4593368371135037,29.18661961631767,31.188411253637014,6.8585936419995015
5395,5103,153.99317549907846,-41.372253266217996,153.99348376656283,-41.37204545070637,1.1194938987187801,8.74323871014402,9.217098338220092,5.419726531385835
5396,5098,154.82102900748595,-41.7441460629219,154.82086690429728,-41.74418101241923,0.45323119753561664,2.858904997800104,3.2682113836451054,14.316893571488313
5397,5099,154.85856648212717,-41.76116344394409,154.859059455163,-41.761130922971944,1.3289672030343387,0.30705217251265315,1.2906896891827222,320.3486588682368
5403,5106,154.30527699053576,-41.51474536922894,154.3043265894397,-41.51473267271143,2.5623344305374323,992.2084663391516,842.586630902708,-15.079677357369043
5404,5113,153.78713081959637,-41.282016748846885,153.78720364972972,-41.28201740662978,0.19704133342922464,2.527021908244257,2.5084074817258304,-0.7366151618115482
5405,5114,153.96647824334994,-41.36374412233393,153.96658985895684,-41.36379228145992,0.34785840829016934,2.355846696838191,2.297172022225711,-2.4905981654590663
5406,5115,154.36960566997288,-41.54521462599183,154.36972151795814,-41.5451201912695,0.4615248013913879,15.063153078049432,15.627913276739735,3.749282741561539
5408,5118,155.02550455784052,-41.83841855634731,155.02544780335896,-41.83841449374123,0.15292241626607642,0.5135639085925128,0.19525810952141864,-61.979783576196326
5411,5123,156.7529049091325,-42.59753028802536,156.7529635593247,-42.59746885568652,0.27030999266000133,2.8897229483083837,2.865018622394349,-0.8549029216969185
5413,5125,157.33650224706557,-42.84783111397153,157.33640366327975,-42.8475872618876,0.9156177888210665,93.89664300973567,95.12231064067468,1.305337008493404
5415,5126,154.65549003086056,-41.6770524936248,154.6558269116997,-41.676830614183196,1.2077033628491636,51.81657080452809,48.424008610700696,-6.54725340012452
5416,5120,154.88735783742104,-41.779966582374826,154.8870512411245,-41.77999619751717,0.8299499217262588,4.79540869774676,5.1710679014804,7.833726537430544
5418,5127,155.13911516348495,-41.89275955347789,155.1390447820908,-41.8923880215959,1.3507478130001724,123.9041105872075,120.8188088011886,-2.490072178717084
5420,5124,157.06330403096428,-42.73132157473385,157.06368567681702,-42.731216027663514,1.0783688976935994,0.7817484778725518,0.872049348816169,11.55114125573507
5423,5132,154.96308331637928,-41.816119746788765,154.96235061307218,-41.8161331892756,1.9664664504821834,845.1702402523638,756.2105541485454,-10.525652923753617
5424,5128,155.34877920042817,-41.98544274683893,155.34818079611006,-41.985521157299644,1.6259788863516025,67.86590072287747,64.24369121299219,-5.337304111937087
5427,5131,154.9090543517768,-41.79224172673723,154.90889204210598,-41.792029814047154,0.8785113044851607,1.451594905715089,1.751410532286799,20.654221462978608
5434,5135,155.25766877222966,-41.949342675782724,155.25721426055216,-41.9492929582261,1.230024573168564,7.166952132050123,7.789170617127932,8.681772580777963
5439,5137,156.2346229958656,-42.380102180589006,156.23461867123325,-42.379963077106275,0.5009045762830185,1.8380626957292012,1.9852690256281647,8.008776318729614
5440,5145,156.46907831625887,-42.48265098452498,156.46945335064217,-42.48266795023801,0.9975631601502775,26.852182765455147,26.748845342869757,-0.3848380725247119
5441,5138,156.53925570608897,-42.51122981076612,156.53946933087516,-42.511480841197255,1.0668018070915757,0.9369503205251745,1.9989484154946418,113.34625451370803
5443,5139,153.94411005282296,-41.36349827829825,153.9437868052161,-41.363438015059494,0.8999296556873635,3.2779969249701417,3.6260551501289733,10.618015609090357
5444,5143,154.21520943442175,-41.48616737175401,154.21535299572008,-41.486326578062666,0.6916530034977317,0.5038009749902251,0.6283416721278436,24.72021757005033
5447,5150,155.67713951507776,-42.13885867693142,155.67748348627217,-42.13877789084674,0.9631801533802986,7.591410298049805,7.241828438919179,-4.604965947110403
5452,5140,153.99818208493014,-41.388210507083194,153.99779250423396,-41.38827686617777,1.0789920825054153,0.4568128062835055,-0.029545805171357343,-106.46781455444152
5458,5157,154.2822654199414,-41.51870446677605,154.28237844250097,-41.51885637703214,0.6260068234584237,16.57681217817915,16.30043172112063,-1.6672714517591714
5459,5158,154.4000156310104,-41.573825523266315,154.3997120607063,-41.57377617263607,0.8366460748831622,9.034100897904127,9.45893342141646,4.702543488427206
5463,5171,156.2466800933363,-42.392000122520656,156.24661670605778,-42.39172167830319,1.016468160962792,0.9760120259399769,1.2531594248582054,28.395900004542828
5470,5165,155.34177680433316,-41.99447390663604,155.34158352031503,-41.99445707505065,0.5206796294335955,19.434274653359527,22.38595519971965,15.188014983877352
5471,5181,156.084883659653,-42.323045157388464,156.08519746310785,-42.32290598762438,0.9739896916242484,2.494904667166729,2.649923696008611,6.213424940918691
5472,5169,156.14538303882668,-42.34769287907052,156.14475825235016,-42.34761326184325,1.6868706514176341,120.14544292738638,119.85621988318299,-0.24072743597790652
5475,5182,156.36732732035082,-42.44798077070783,156.36763716545673,-42.44819918300421,1.1382845763428586,3.949360209731438,5.932785263524684,50.22142697710831
5476,5188,156.41406305399747,-42.46849436330222,156.4138763244285,-42.46826810053446,0.9536089739019955,8.331715316533986,7.769773501036387,-6.744611333304264
5477,5190,156.76245011213018,-42.61989544822956,156.76227204816226,-42.6195863391583,1.2086433569864161,2.0305527280647033,2.352013925540157,15.831216448234494
5481,5195,156.1545546708761,-42.357304390421994,156.15495107633205,-42.35721005768461,1.1078699288896419,12.780418105451263,13.042580518238504,2.05128197390835
5482,5196,156.2952609897966,-42.419194671794905,156.29528420245066,-42.41899323916035,0.727776829280065,3.1184439002519406,4.2168619134451735,35.22327315570728
5486,5200,154.4064808159346,-41.58503813022999,154.4065671423023,-41.58465830506684,1.3869881037569547,1.0457681584975356,1.153157097799028,10.268905055952272
5489,5193,155.31744295994238,-41.98939883609506,155.3170576697315,-41.98956210386138,1.1867245413249488,7.083787647826396,7.441973196827308,5.0564128515458595
5493,5201,155.1961990767571,-41.937842748801955,155.19636727015717,-41.93815416591865,1.2081960188387542,5.069934520020529,5.078266056009212,0.1643322207768696
5495,5202,155.77704920042478,-42.196167073495225,155.7769501998957,-42.19647225710917,1.1299437585046141,1.5022738759364704,1.678177583010962,11.709163681278733
5500,5208,154.7108099354434,-41.72492264281623,154.7109411702291,-41.72482275956486,0.5036177095124893,1.6667784215292833,1.9341162565443701,16.039194626110053
5502,5210,154.9433561271016,-41.82903841518059,154.94290571447897,-41.82919195751069,1.3286658035263497,2.6661065369877175,2.5404999221256435,-4.711237646339137
5503,5211,155.88780832789772,-42.24595978230492,155.88751186885764,-42.24603187232729,0.8315837165786414,0.7590569532809152,0.5621962789381973,-25.934901655510263
5508,5214,153.88342907680342,-41.352508270520566,153.8834906912523,-41.35259182193925,0.3437958980873415,0.481133890854569,0.4778178215758264,-0.6892196417202506
5512,5216,155.08598435924912,-41.89444526541315,155.0856191640428,-41.89440294692072,0.9904209878086672,2.97530800720608,2.8562947314718,-4.000032112508492
5513,5222,156.0520156245656,-42.32081440765011,156.0520567857762,-42.3206654736909,0.5472421270511818,34.11192000994945,31.16997519377398,-8.624389407917796
5516,5223,156.8389292041159,-42.66196821778119,156.83920721621715,-42.661876510093116,0.8066424699938435,11.287587275732932,11.272511217757698,-0.13356315753718156
5517,5219,156.96041874055342,-42.71375169290224,156.96020732208356,-42.71364949680338,0.669393160702545,15.645942495814575,13.547738508897845,-13.410531116792852
5518,5221,157.28478176686986,-42.85097491131558,157.28465960858853,-42.85125379269772,1.054470045990862,23.34273158477535,22.939806904478427,-1.7261248060604857
5519,5226,157.71952544846755,-43.03806484462696,157.71974814719653,-43.038064557908285,0.5859750748315288,16.998710577719915,17.10767409858157,0.6410105070232279
5525,5224,156.98943844902846,-42.72776127141265,156.98933144572754,-42.7276522481721,0.48385564381988544,2.5195395332169443,2.2909157863946774,-9.074028956805472
5526,5235,157.05513038125324,-42.756576469121505,157.05545781028013,-42.756700144096904,0.9732910818743945,16.83993872052469,17.06243407893237,1.3212361523412264
5529,5228,154.54160071560975,-41.653846269512286,154.5407789193371,-41.65361216929796,2.3656973448787304,1.3210674936822315,1.1457741415022895,-13.269068614453921
5531,5229,155.06399310266073,-41.88880242408257,155.06367998067927,-41.88877028629114,0.8471024156735827,113.65827400721872,111.031584775158,-2.311040929491767
5532,5231,155.61929508247763,-42.13382250192498,155.61880437719583,-42.13373460156822,1.3477076246588928,1.0022236895380516,1.0426525298822278,4.033913862364474
5534,5234,156.65015954888742,-42.58410844421202,156.64993239833802,-42.58441466643504,1.2561041124742105,23.65446019407504,20.292612363423018,-14.212321072091495
5536,5236,157.4429610882241,-42.92393527776148,157.44265149414122,-42.923939238022335,0.8162548866567803,3.513261612769053,3.564163455053522,1.4488486168939176
5540,5239,154.99506048290516,-41.8593728856203,154.99467767941138,-41.859059658509025,1.5247910504320943,2.2460188778420327,1.8079546215529634,-19.504032695840916
5541,5240,155.30793175158067,-41.99875327216134,155.30763194996538,-41.99877742356151,0.8067798588070862,2.689849866130543,3.037531102136125,12.925674417127798
5545,5242,156.24764312510604,-42.409719668757575,156.247637053923,-42.40991344947261,0.6977971961913726,0.9578064677185993,1.1867619929568751,23.904153182805842
5547,5250,156.4277171908737,-42.490093733293925,156.427431875758,-42.48999657337572,0.8342679888956549,11.40840513425935,12.756323720830549,11.815136039685422
5548,5243,156.69362042521058,-42.60392429483125,156.69388952686134,-42.604178154379014,1.1591620515713437,5.6358767022046905,5.8060237844536635,3.0189993720482464
5553,5245,155.2771145947618,-41.98581674155375,155.27705793818163,-41.98591268312969,0.37719899319687517,1.551401180261871,1.6549497881611954,6.674521665752876
5555,5247,155.71763903052712,-42.18180430783988,155.7170833284972,-42.181695786116535,1.5330432395664475,2.617819611416037,1.799138696081064,-31.273389188651162
5556,5249,156.39614374185132,-42.476494344825554,156.39619910380617,-42.47675375749656,0.945383691553798,11.285528324047696,12.0655064316093,6.911312303382311
5563,5263,157.61109194764538,-43.00145766399062,157.61098700011144,-43.001234100261776,0.8509384476094681,2.838252823526714,2.70548984096777,-4.677630599305715
5564,5256,155.03371461665415,-41.88188556049029,155.03355697722375,-41.88199328737843,0.5735181546428462,199.79786165922906,230.19001716675308,15.211451841942248
5566,5257,156.08911472327296,-42.34847834222788,156.08872278371138,-42.348420232902306,1.0635789958289,13.92941151219269,13.865978712383399,-0.45538750688618407
5567,5259,156.3542424833168,-42.46409292753874,156.35367300563183,-42.46413954095947,1.52165517372213,19.715567206350784,28.440642063301116,44.25474938473902
5571,5266,154.5137872004137,-41.652812149488845,154.5133050574488,-41.65270482768608,1.3532290354273686,2.351854907431964,2.28156460310494,-2.9887177182956126
5572,5268,155.33783024738386,-42.02035283069155,155.33760493538878,-42.02027983264752,0.6573996141608416,3.6447642798691176,4.885651981538481,34.04576006528256
5573,5269,156.16110278738677,-42.38039325875785,156.16087596915648,-42.38050663008264,0.7282788295413866,69.1122247414683,71.77579564400395,3.8539793972765484
5574,5271,156.69881588577914,-42.61506158900181,156.69888028078066,-42.61547242890213,1.4888303684800028,3.618682275853924,3.584744500042452,-0.9378490075773044
5575,5278,157.22266682522846,-42.84010642952274,157.2227161427302,-42.84011948920555,0.13841351857428852,0.7556865851064295,0.8371034335891046,10.773890934058127
5577,5274,153.85837941778976,-41.35698866857749,153.85857673967115,-41.35698454772483,0.5334068318998373,2.5005244224768033,2.3411783718934767,-6.372505269334352
5583,5285,157.33704091038513,-42.89118825804146,157.33644933115013,-42.89050576693697,2.910546675551947,1.1730576273868187,1.0957289809437945,-6.592058619940669
5594,5284,157.073245916589,-42.778660483316,157.07302760631114,-42.778717328751775,0.6120736571727698,97.34325234391075,96.99021023658688,-0.36267753421324544
5599,5291,156.29564811614875,-42.44537885496151,156.29554543869213,-42.445581982165535,0.7804731135125144,12.363747857372772,17.5801614999106,42.19120045728825
5605,5297,156.16515547448608,-42.391577413146074,156.16496337595154,-42.39158883845129,0.512404257875389,6.822263453854784,6.962567103477693,2.05655572482521
5609,5298,157.67607528969077,-43.03959397466293,157.67608260333986,-43.03966117973497,0.24270235508242788,0.7730497745495476,0.8046884164838908,4.092704373761555
5616,5309,155.7431834502955,-42.20952548351668,155.74336009511225,-42.20968553102393,0.7442006570924935,0.8820517429771869,1.214842661600131,37.72918326760241
5621,5313,156.8463773407758,-42.690698556791986,156.84559427259555,-42.69083852548348,2.132453614137277,1.5229453042094143,1.1849209884715197,-22.195433729865204
5627,5314,154.9406802957366,-41.85851707064403,154.9404190310825,-41.858648832508415,0.8460063126667006,0.8872082369844841,0.6260949124630117,-29.430894984582846
5628,5316,156.19979110564424,-42.413658119854155,156.19997366158285,-42.41367110921759,0.4874562765660298,1.1325426431749965,0.517454552979019,-54.31036914174155
5630,5328,156.97275329408257,-42.749040051460234,156.97255489401533,-42.74880406154626,0.9984238181873201,9.632590499177173,9.551647013830534,-0.8403085894033713
5634,5318,154.0039136126969,-41.44063776362745,154.00403800741287,-41.44082162167489,0.7421554863281047,1.7039145640191775,1.9105811548290197,12.128929183066491
5640,5321,155.40630493990744,-42.06843966639944,155.40644965834534,-42.06868202866218,0.9543792465982559,3.5692833512241156,3.9582618443309814,10.897943783966111
5641,5325,156.2779095843662,-42.45019237966133,156.27652605643377,-42.449638429446054,4.181298747144885,7.7356429208310145,7.744876028308981,0.11935798449412201
5647,5332,155.44897928602853,-42.08751895480993,155.44865217864898,-42.08753469240803,0.8757471762344766,17.820330729297364,18.700718193115165,4.940354234674261
5652,5338,156.587874280923,-42.58738271706495,156.58799622604155,-42.58736064339524,0.33283921138200057,26.42396137353521,29.027532848273548,9.85307024156466
5653,5333,157.05037216196473,-42.784956458058446,157.05027470109155,-42.785072306381906,0.4901421409913766,7.487704953562392,7.2664416200280515,-2.9550220649261916
5654,5339,157.71533893662516,-43.0692473845256,157.71521114858047,-43.06916126173949,0.45724114504168195,43.23887742255034,43.72193003775941,1.1171719619093126
5657,5336,155.7815184769399,-42.23758995329904,155.78145628805137,-42.23757716218001,0.1720301196386997,69.2654165742342,69.77290117965423,0.7326666473970355
5662,5340,153.72123494785166,-41.31784239470089,153.72148402827355,-41.31789016142443,0.6950733036436326,16.34174903078985,16.382654760947663,0.25031427224064173
5664,5341,154.33878588160476,-41.596997017637015,154.33883425325018,-41.596840874694394,0.5770023271083806,2.7305828497426785,3.14048999077526,15.011708620055606
5665,5342,154.85962044829031,-41.830729378985446,154.85946391835546,-41.830748006884285,0.42520145183719443,1.702550355164664,1.8360754762661602,7.842653269928235
5668,5347,156.73715102036692,-42.6555167952233,156.73643533793873,-42.655801594649795,2.1544292202747917,8.770233357613769,9.58705381457022,9.313554424949693
5670,5359,156.54557180376335,-42.57464575278631,156.5456714808545,-42.574460535130974,0.7172355600906638,11.472671778469435,11.228396450238558,-2.129193033215719
5672,5355,157.45185751456114,-42.96162146444948,157.45149251002422,-42.96180324710152,1.163165879420374,19.8703944652381,19.360420664167947,-2.5665006397448087
5676,5360,156.78497690059623,-42.67994438346864,156.78454822183377,-42.6800629775273,1.2121906960475186,24.76494296406965,25.32762048520638,2.2720727520071202
5678,5363,154.69714795585512,-41.76353618794743,154.69694456701774,-41.76354433655236,0.5469350959683962,14.340192685308642,14.627180683946555,2.001284117555334
5680,5365,156.6586601963621,-42.62640390740574,156.65844723133657,-42.6264032644452,0.5641121102829633,1.4436845828197116,1.5593693063465397,8.01315778415256
5681,5376,156.79638038538997,-42.68761154631335,156.79658391895248,-42.68768612461484,0.6018026068425646,172.2045074950334,197.3204910762021,14.584974543650134
5685,5371,154.87252770063625,-41.84514358690072,154.87232539510785,-41.84558129384914,1.666531750253301,3.8925154014708467,3.418989094002878,-12.165046470697055
5687,5375,156.25373361863865,-42.453674802283,156.2534780888234,-42.45404925971108,1.5092714938729181,4.183074832522289,5.215197121027959,24.67377060723837
5690,5374,155.49974765260959,-42.123726443822996,155.49956342968773,-42.12381251905068,0.5813616355359887,3.135199303215823,2.973105770162282,-5.17011894227201
5695,5389,156.44544536037077,-42.539647346350954,156.44594590710167,-42.53959379266535,1.341632685658623,12.089310244758206,10.711284641949456,-11.39871154689116
5698,5390,157.24234539779405,-42.881752074841664,157.24204315894886,-42.882049100472365,1.3338097478273165,8.561524782055859,6.288548603773117,-26.548730934548985
5699,5385,154.16570047493997,-41.52969781692903,154.16540867270908,-41.52963834320767,0.81503338853316,12.061314555253269,11.76723786601719,-2.438181077932291
5701,5386,155.38491296777156,-42.076981082837975,155.3847370125728,-42.07717880994081,0.8530770101999036,40.413602984456595,41.60872653218933,2.957230881375236
5702,5391,153.9919798072349,-41.45391637905854,153.99196534618062,-41.453978860748826,0.228293149694068,1.7618777357585533,1.8139460636957545,2.95527475490709
5704,5392,154.41473921767263,-41.64587095816309,154.41410248021995,-41.64593148030467,1.7267252897627205,4.16831870533077,2.3538539172724593,-43.52989577639138
5705,5393,154.7764438240151,-41.809189731862546,154.77518458912655,-41.80832855249449,4.585730054596177,0.8415987896726611,1.1550043822419147,37.23931122704589
5706,5395,155.63448531240272,-42.18832145956171,155.63416628321318,-42.18820052447205,0.955878548129229,2.9208973638716356,3.190444768097891,9.228239497911407
5708,5399,154.3776801582762,-41.63091263193286,154.3777549900028,-41.63143361281594,1.8863088547869389,0.6511715105945378,2.4810773659050045,281.017493170073
5710,5400,154.70797095610456,-41.779769387502974,154.70769159631908,-41.77951133953734,1.1939137076287285,2.8656410696735253,2.350764107321056,-17.96725234717298
5714,5404,154.0917490727113,-41.50395685025603,154.0915117655986,-41.50391298719347,0.658996476161792,69.23391257891903,72.99835588821927,5.437282350624317
5718,5406,155.23691927226193,-42.01720617395336,155.2371237610069,-42.017437058530334,0.9949842604644282,16.426357361826746,16.326815345404302,-0.6059895948311058
5725,5412,157.61420234955827,-43.04796856620121,157.61394471569133,-43.04816896588761,0.9898830629448868,29.900486736554658,30.536482588292415,2.1270418014975796
5727,5413,154.0473044053074,-41.48600441501589,154.04695829796717,-41.48584531796219,1.0951079713672018,2.8112298762295747,1.9288435620025914,-31.387910383566393
5731,5422,157.4782592905599,-42.99261783399668,157.47791091567686,-42.992380865607394,1.252703766361789,2.9514006714573933,3.2486534702523935,10.071584033631654
5733,5425,154.48599209825656,-41.68567018759518,154.48860176931478,-41.68752080390368,9.675188672517864,1.0244513362183902,173.46814403182276,16832.785179641094
5741,5429,157.5722183155835,-43.03613758696436,157.57194114622072,-43.0363377338754,1.025217730853151,13.707355208397553,14.01414202214076,2.238118215213827
5742,5426,155.15840474719002,-41.988427375347115,155.1578674239114,-41.98903755504341,2.625344067196041,2.8376134620387488,2.5428924597436717,-10.386227942523501
5745,5432,156.97388655712993,-42.78195234833417,156.97359772131986,-42.78170135658538,1.1827328075726535,2.1891488038664044,2.4137627124796124,10.260330783202223
5747,5435,154.2236001166309,-41.57359393216887,154.22342618213008,-41.57356641917602,0.47879284605950595,3.216253418876087,3.1788976193088256,-1.1614694087232542
5749,5437,154.6865260196703,-41.78038478647689,154.6864724390136,-41.780350626702834,0.1892421908786563,2.8754716856036544,3.0566183203522175,6.299718952389355
5750,5442,155.41462577457838,-42.10622328498724,155.41491013210407,-42.10619269666668,0.7674183086804668,3.247359118854076,3.369676906439096,3.766684961784684
5757,5444,157.20749740654082,-42.88637546455813,157.2077220753039,-42.88629798462318,0.6549780172637958,0.6602947342572654,0.5163348935321723,-21.80236086344483
5762,5450,155.46357431286208,-42.13061835774822,155.46373282577642,-42.1305784926326,0.4468735046677178,3.1758999197005653,3.0117428522152223,-5.168836286907311
5764,5463,156.45896912465966,-42.56700092577344,156.4588270140679,-42.566598712754846,1.496187189231125,2.643303899651369,2.706940599821412,2.4074681756583596
5765,5452,156.5887037608675,-42.622850490296535,156.5882417534483,-42.62285695305649,1.22406831672684,1.3107778279556432,1.5625262135460476,19.206030207502376
5767,5455,154.08959825776736,-41.517275717324296,154.08984120143293,-41.517497073528915,1.0314365503483895,1.933900826571936,2.129278319835498,10.102766935049676
5770,5456,154.85855605141822,-41.86404972133028,154.85884544475425,-41.86409090489769,0.7899103649245469,1.8512871333069765,1.9572324895997122,5.722794394594223
5771,5459,155.44993051356394,-42.126002134707456,155.45024986182938,-42.126180744654,1.0679325378260178,5.587603147825297,5.676369254909417,1.5886258335771002
5772,5462,156.2548344344167,-42.47901852812547,156.2548142791098,-42.47869361691378,1.1709038929308406,3.142308233498544,4.016791820647736,27.829338249722575
5775,5466,154.55861644393613,-41.732807037912295,154.55869245921724,-41.73296069326545,0.5896521577683194,1.0534552681542797,1.2633535800312303,19.92474841809902
5777,5469,154.88514949162817,-41.87682938627256,154.88512582040735,-41.87720091127578,1.3389942048916157,1.5196261902226136,1.1575121984382921,-23.829149175908487
5780,5476,155.1563514159082,-42.00079423597547,155.1563574941371,-42.000686158287444,0.3894193317747015,1.7528529164851394,2.116173363313498,20.727377831386836
5782,5486,157.36670366644393,-42.96325535708947,157.36668185639607,-42.963138294791484,0.42532314698129237,9.43260472816922,8.822918722032156,-6.463601769682111
5783,5482,153.76227539488698,-41.37633448296804,153.7624400370555,-41.37637398419024,0.4669419726590175,7.684313711440636,7.984271274788396,3.9035049141886895
5784,5483,154.56732542393348,-41.74087047846879,154.56717440899584,-41.74087519110706,0.40600918623539917,67.16099418324774,67.06606636059183,-0.14134368290751534
5786,5489,155.6843774067714,-42.23707575827813,155.68448321593274,-42.2368805783783,0.7571309224012122,13.269091652254517,13.032921139328288,-1.7798544098992786
5791,5487,153.77512526005543,-41.382205029828214,153.77485264685598,-41.38230754312205,0.8236689973022562,1.9518962562594586,2.3101595230845153,18.35462646522101
5793,5488,154.26804741416214,-41.608003781260166,154.2679012217181,-41.608022375746344,0.39916485549906766,7.0803698853935275,6.575581987032264,-7.129400109486056
5798,5490,156.4844300316689,-42.58773775301327,156.4845809691614,-42.58802688599748,1.115110833512943,10.067781002197615,10.30884420207355,2.394402498657005
5801,5503,157.33591873034047,-42.95371346361536,157.33574711679424,-42.95352284696623,0.8218043822634626,42.011100934051925,41.752819455711666,-0.6147934060230954
5802,5494,153.69412567669298,-41.347872082046266,153.69388770394065,-41.347726091549106,0.8305692181050163,17.70370217556967,17.022579838631774,-3.8473440763018214
5804,5496,154.61621487254163,-41.76479250435184,154.61591057128732,-41.76481581177354,0.8214025918428656,1.3065956376968244,0.9701692519967366,-25.748316923292098
5806,5499,155.49153488146112,-42.15548800633854,155.49184344094996,-42.15566000174002,1.0302904743587358,10.071506202173788,10.464455930414548,3.901598433767011
5807,5500,155.98249014293853,-42.36976155819535,155.98231342082298,-42.36994710302002,0.8167626344862801,1.52297598920657,1.490774310089808,-2.114391779317419
5809,5508,154.4846118778485,-41.708430293627906,154.48433244793276,-41.70833255945853,0.8293166204596587,8.926500280341266,8.932690966153304,0.0693517685276064
5811,5513,155.9004565852727,-42.335694845297,155.90042455040654,-42.335900072849505,0.74372127005401,2.0561398812749387,1.9293778111197692,-6.165050895105876
5813,5514,157.00796435670682,-42.81720353672916,157.00774076040935,-42.817281069885375,0.6530983105784369,16.733897167425066,16.98545126593234,1.503260692894421
5814,5493,157.4489508814332,-43.00496622867342,157.45093126455058,-43.002688965385445,9.715608957701619,380.5273116882514,6.147790751311506,-98.38440223277637
5816,5517,154.13484037599758,-41.55326158505107,154.1343237749034,-41.55323053743682,1.3962160387943023,1.4901247593545035,2.0973016020466004,40.74671190317753
5817,5518,154.49792391823794,-41.71652999684212,154.49660736566105,-41.71602855262677,3.9718023707779135,1711.721294672024,1656.699201823582,-3.2144305863171865
5818,5519,154.52126260233146,-41.72574962521316,154.52139934660815,-41.725926232702776,0.7343111568867199,41.42473293580566,42.02635334396029,1.4523217544623377
5819,5520,154.65774996674966,-41.787159823573056,154.65754392832488,-41.787222936593565,0.5979103722964609,6.304348343082008,7.025652315410353,11.44137241591128
5820,5521,154.84702305450543,-41.87375673426339,154.8465529243523,-41.87386117046013,1.3151272224734214,6.705327143068268,6.564704163965732,-2.0971829726146414
5822,5523,156.6846158058623,-42.68019301747897,156.68460955324804,-42.68020347939631,0.0411378523610908,3.7349657374282406,2.858937067506101,-23.45479802246701
5824,5534,154.887293708742,-41.89410088883716,154.88714487223052,-41.893342341942464,2.759742661321783,1.1854268487348922,1.129221687048494,-4.741343740137271
5825,5525,155.3929254733309,-42.116971053000206,155.39243904774926,-42.116935960254835,1.3050793279878183,3.5814994833142832,3.689698311044165,3.0210482574118838
5827,5528,155.58877134440164,-42.20465955732891,155.58872949569647,-42.20477184231218,0.4193479316459234,0.9535107296264077,1.0396454826572146,9.033433012815188
5829,5537,157.12745188879157,-42.87305629561392,157.1271901287878,-42.872773318427846,1.2307400101565547,13.50933074215458,14.120159167995206,4.521529878120421
5833,5532,154.14368573565193,-41.561908649045,154.14349834395077,-41.561732905417735,0.8093661236455753,4.022581055673577,3.8972421580961876,-3.11588246060591
5834,5540,154.4329870277393,-41.6926831488492,154.43301938765953,-41.692189491238125,1.779295167416946,4.986991803857868,5.095265291308301,2.1711182153272146
5835,5533,154.86968202408346,-41.88639047884695,154.86953067275428,-41.88629993192393,0.5203808113576976,3.132857386374079,3.0005431539178358,-4.223436184223555
5839,5547,157.6102493178808,-43.080833836064656,157.61010789872208,-43.08046328545728,1.3848395660544894,10.394927944543591,10.029359889296831,-3.51679258574034
5840,5539,154.19240328940265,-41.58440408448434,154.19200042738655,-41.58444496210428,1.0947317752125025,3.559677864676311,3.28793563540947,-7.633899459370077
5843,5542,155.53731635589057,-42.18579461635782,155.53677693704805,-42.18567977347886,1.497116583940794,2.862950052010212,3.2130405602348358,12.228313518037416
5844,5543,155.73636714386444,-42.27351971857132,155.7363210130336,-42.27339197199293,0.47602197507144006,1.2991930207397502,1.1188195022941232,-13.883504265049373
5846,5545,157.28635221653283,-42.942845825088746,157.2863380049217,-42.94300221344414,0.5642424107461332,66.58002081948224,58.833026645279304,-11.635613925695951
5850,5550,156.71178494702275,-42.69943092549481,156.71159640864101,-42.69943682060632,0.49927039099458653,1.21787813807225,1.3106941388545525,7.621123812044008
5851,5555,157.37469408111784,-42.98431711821113,157.37448653515784,-42.984182306347236,0.7309516533286614,4.180575060406202,4.421788191401359,5.769855283299704
5854,5553,155.29857378323786,-42.08294241563468,155.29840190152484,-42.083032082623426,0.5613383276891352,326.23553240131224,388.87672162249726,19.201215992661457
5857,5558,156.52637126116474,-42.62228435314603,156.52647924450363,-42.6220068087323,1.039299921845285,3.4125247613612517,3.5575656521960948,4.250251675155214
5858,5560,157.44875214746585,-43.01718403404704,157.44870831116998,-43.01711546032875,0.2724991747297341,8.161260130417547,9.705627582555435,18.923149458034423
5859,5556,154.24600976748422,-41.615671625141175,154.2459250142273,-41.61557851240783,0.40545730727827933,2.0342766244722554,2.3515828688920988,15.597989014997452
5863,5568,157.25269104313983,-42.93594194626011,157.2528309737381,-42.935999610054026,0.4232130633416075,1.6969447177187786,1.9898117002447302,17.25848694232396
5870,5571,153.96901526084517,-41.49444525447048,153.96913351932278,-41.494326428948035,0.533548349239128,13.130369118055473,12.099017180234217,-7.854706357059313
5872,5573,154.69040755552265,-41.81751517097964,154.69023137883875,-41.81755236969029,0.49128216674274955,16.64002368886595,15.982703779964275,-3.9502342135576067
5874,5574,154.85001446310514,-41.889004546381955,154.85015434334545,-41.889222901520164,0.8708911689215154,22.343610426330038,22.62943951241397,1.2792430615739137
5876,5578,156.6021561662295,-42.66074239904323,156.60208355887738,-42.6608703562358,0.499141639561612,3.425082686855847,3.636029171296616,6.1588727551104325
5881,5583,155.1432816243096,-42.022131565792385,155.14305843302768,-42.02216418107148,0.6083391595186326,2.1900309860630207,2.2099913343085427,0.9114185311781507
5882,5593,155.46157267195045,-42.16445117389604,155.4616751857967,-42.16436921474699,0.40234886505180323,219.78371099379657,165.81748969716165,-24.55424064532159
5885,5585,156.38398391736737,-42.567788597740375,156.38399247698106,-42.567963959363425,0.6317096209887817,147.61718857462236,157.55566073587588,6.732598186714206
5886,5589,157.28822046112757,-42.95511803590651,157.28818941894048,-42.95554752984043,1.5483398972587394,15.17329532568824,14.449830206159412,-4.768015806718065
5893,5601,153.80150030087003,-41.42273195952743,153.8013590092909,-41.42263131560434,0.5260688585842134,7.743351549351393,8.081224663124248,4.363396284147212
5894,5602,155.4304475695172,-42.15459404095609,155.43020212273433,-42.15461412315608,0.6590286969168222,44.151943301050004,44.390571591139036,0.5404706389975755
5898,5615,157.11549751644918,-42.8875121484198,157.11597909349626,-42.88749952821711,1.2710625951350392,6.857662451910465,7.381344306159125,7.636448395076203
5899,5617,157.58518196409156,-43.08702564064359,157.58472714439995,-43.08701192487367,1.1968043012478293,1.0843701597779556,1.119473815203419,3.237239157581711
5904,5609,155.33902911805006,-42.115321775881526,155.33958362054878,-42.115456159374006,1.5578032920060605,24.66177588172179,24.609440995175284,-0.21221053503002477
5906,5614,156.75169841398616,-42.73280328656875,156.75186958866794,-42.73308750671581,1.1188393915934467,1.7133005022522516,1.9036217392045724,11.108456263342621
5907,5626,154.77184302013092,-41.8661933683504,154.7719537471197,-41.8659781553192,0.8296899411097287,2.592747308117731,2.6976887465260067,4.047499657205718
5910,5620,156.13979949061547,-42.46904981226448,156.13911726223543,-42.46859703747966,2.437010584725289,2.0742998690676506,2.080267084552598,0.28767371458348495
5911,5622,153.94393249026,-41.49299056147406,153.94397280813536,-41.492935147872224,0.22719058270241832,1.8173037328976531,2.1828383964941063,20.114120550097354
5912,5623,154.05757535655906,-41.54643757137602,154.05763266543735,-41.54648045915993,0.2183571517528875,3.0065513954025156,2.9555237246051194,-1.6972159822521402
5914,5624,154.41892272155113,-41.70822015090176,154.41937005191693,-41.70834829782202,1.287697596746917,2.693694374303759,2.743135268253632,1.8354307163243777
5915,5627,155.69136978179515,-42.27547318383659,155.69147503778186,-42.275860356841,1.4217417582705776,4.194528297974001,4.104140618497497,-2.1548949740108396
5919,5631,154.63887366481293,-41.81029861357765,154.63906326480947,-41.81044504605679,0.7326122479874667,5.4934223241951745,5.624776463521357,2.391116713303612
5923,5639,156.42196892873983,-42.596405774158455,156.4218128408048,-42.596180689927145,0.9097787903846912,10.940487908352262,11.239893919187512,2.736678778344755
5925,5637,154.7868602864775,-41.87845712745259,154.7871863788803,-41.87874300886708,1.3502539770463888,0.5003000655441502,0.7347569180983539,46.86324641976555
5926,5638,155.06729149379626,-42.00208904813072,155.06718638447867,-42.00221265861543,0.5263950649748731,13.708657373462561,14.307309126970152,4.36696123623653
5929,5646,157.67522928955472,-43.135215146388255,157.67533939923578,-43.135127523148135,0.42799494182084663,1.2021611051297,1.2468914751263203,3.7208299125427327
5931,5640,153.9678389222238,-41.510379496766866,153.96754242876975,-41.510490482249466,0.8935888769550498,3.614232798604715,3.73478957759481,3.3356118907624333
5934,5642,154.66484877224576,-41.82590948082906,154.66469442231298,-41.82591611911723,0.4147525317133363,2.3460585712725184,2.444178438786122,4.182328127485018
5941,5647,154.06415409642995,-41.555810144981336,154.0638113700212,-41.555748824708395,0.9493004696524449,4.262134866240141,4.212181917974131,-1.1720170720471859
5942,5648,154.90864115659656,-41.935582241074556,154.908315093848,-41.9355258323549,0.8965076247076808,6.65301443429142,6.8217676452607625,2.53649248225801
5951,5659,157.65907174356516,-43.13424290952386,157.65931075179253,-43.13414066276774,0.7278394792792364,7.515376731302177,7.320917747658103,-2.58748151418858
5954,5655,156.28598010978888,-42.547217159856395,156.28553246281064,-42.547111842036756,1.2463171286894676,3.8693464684383474,3.5203758770877793,-9.01885096610155
5955,5656,156.91417196132136,-42.81722861734879,156.91384533492965,-42.817234821160504,0.8628087231215898,92.86162951467963,90.01054224767995,-3.0702533241127137
5961,5660,154.1579708559656,-41.60403352197817,154.15822240385813,-41.603843549474725,0.9624160113420979,2.4859332616926624,2.2065453338119823,-11.238754160698825
5965,5668,153.97358020561407,-41.52445632517852,153.9734834243061,-41.5245494032138,0.42464143934298304,2.1279976809050227,2.2667391419015797,6.5198126032520465
5966,5669,154.38007758694835,-41.70707012014289,154.37991360974164,-41.707009036998365,0.4925212628545322,1.417237429926524,1.4235347009907904,0.44433423301505953
5968,5670,154.70412428432965,-41.85160889749982,154.70397018425018,-41.85169321803629,0.5127392332135446,17.033032132271874,17.508550334102775,2.791741353730873
5969,5671,154.9620541415283,-41.96837101597154,154.96067624017027,-41.96836509919551,3.688222358447063,2492.5069731558606,2485.552866448984,-0.2790004915441353
5970,5672,154.98617813608342,-41.979519571236615,154.98577694963748,-41.97960376960375,1.115614976362812,2.672516986370451,2.4474749745175743,-8.420601739879173
5971,5679,155.15680979925176,-42.0556749141197,155.15553149784805,-42.05541633507802,3.54141450882746,2215.1700290396175,2417.582896130616,9.137577000297096
5974,5677,153.98928298772526,-41.533744202408755,153.98903123150464,-41.53359389512291,0.8678017832708096,0.7605675633839056,0.8301719710367703,9.151640301774352
5976,5682,154.33313304661823,-41.68914196084553,154.3326909982222,-41.68930604313649,1.3270903153985811,0.4898898808374541,0.9338261806110602,90.61961006720702
5978,5678,155.02479790517305,-41.998878773080065,155.02503765712828,-41.999093850646084,1.0054515212868067,11.722734760291594,11.691408834171508,-0.26722370471262813
5979,5684,155.6301860201252,-42.26684235483381,155.63067535466425,-42.26670792173853,1.3905587441095573,7.787602705891528,7.793515817625238,0.07592980737495085
5980,5685,155.66573312458038,-42.28270015089328,155.666320836436,-42.282524184794916,1.6886409509422151,23.184416040074694,24.60090256930862,6.109649373033601
5993,5689,157.65893116931358,-43.1446133477099,157.65923435566157,-43.14459320780678,0.7996636879096739,5.614424857011307,5.509541504984293,-1.8681050098307979
5995,5692,155.29980965612248,-42.12496439159573,155.29982504698447,-42.1246045748938,1.29599182696717,3.266328644198264,3.3169747284747255,1.5505507801984406
5996,5693,155.4275153761928,-42.18148534987505,155.42779970331387,-42.18138940716785,0.8334324093384052,6.328688109315177,6.41142245770167,1.3072906573594116
6002,5695,155.54798874194586,-42.23496733875487,155.54800381518726,-42.234927273876856,0.14972466089164838,0.33059058777310407,0.3007625896585386,-9.022639850544532
6009,5708,156.38928283677072,-42.606290222505486,156.3888400794896,-42.60599334309815,1.5870051900150728,5.705845259754005,5.9972608262878335,5.107316326808207
6012,5701,154.40386623043915,-41.73086972107247,154.40358322813154,-41.73088255014192,0.7617172730083878,186.5556931421598,185.15215616443993,-0.7523420776284501
6013,5703,154.64271115168435,-41.83659538390577,154.64218018081812,-41.83682863661383,1.6532803347828866,5.362914250159063,5.284743662032299,-1.4576139852403145
6015,5710,157.3004921637794,-42.99951114960286,157.3002252374315,-42.99930313595535,1.026980459861363,6.652711805835822,7.390588307846204,11.09136429693391
6020,5711,157.10029144161823,-42.91803557756136,157.09988684370364,-42.91812740970313,1.1167306921599356,15.141822342594434,15.855443967081213,4.712917694717221
6022,5712,154.29100172637052,-41.68386157485595,154.29107907933331,-41.684045994960215,0.6957230943018613,7.606752816537489,8.062217067844315,5.987630494796969
6024,5723,156.12421329808612,-42.49944641063258,156.12411985871069,-42.49906848923744,1.3829372089438752,0.4343852930317387,0.5700195690827171,31.22441717681916
6027,5715,153.94087269651848,-41.528564940384015,153.940934489413,-41.52843591571297,0.49344079903710175,1.5255945456052145,1.8549675169599213,21.58981049739151
6028,5716,154.00030671035438,-41.555570178872365,154.0001912043387,-41.55563467538151,0.3882451975718525,27.679094932327754,28.36440626973288,2.4759167128861446
6030,5718,154.57057508673333,-41.81296431097008,154.57059974760742,-41.81296885434448,0.06816086690041756,0.06740932340681903,0.4771276625106595,607.806633262238
6031,5719,154.82737081335165,-41.92657632254879,154.8274394988073,-41.92680109487978,0.8298294065957553,2.1702676783877126,2.683532196350967,23.649825460450003
6032,5721,155.17742226262143,-42.0838744444667,155.177233121163,-42.083886111130546,0.5070889585368995,0.9635820144588612,0.8390576463946783,-12.92306894438193
6034,5734,156.4526033383017,-42.64265831552184,156.45233969585416,-42.64237303528198,1.241844501965302,7.777215178531606,7.747566796344842,-0.3812210605745722
6035,5726,154.03279273165404,-41.571438224896895,154.03303409466216,-41.57152450812027,0.7204544755951189,122.66981852250167,124.69234553232604,1.6487568288473295
6036,5728,154.33024070861703,-41.70790547608242,154.3305338108019,-41.70800537447919,0.8659429192476003,3.084860656850206,3.194561323628129,3.5560979564611044
6037,5729,154.34498750474637,-41.713737031987705,154.3451916322437,-41.71387866231387,0.748919362356484,2.6889865716922694,2.7754805344329916,3.216600768901893
6038,5730,154.71359843753552,-41.877893169908674,154.71360742213687,-41.87808608647943,0.6949170800867903,31.804086740604525,34.60540625407797,8.808048903655449
6041,5732,155.67553539494955,-42.30624738407872,155.67596853529895,-42.30632926645867,1.1902743462971925,1.956709083195218,2.091462477056738,6.88673625623865
6050,5738,155.7478785546863,-42.33949396956681,155.74958007402438,-42.339845450060075,4.701214768411048,0.6145719047025887,0.45354126025160835,-26.20208363233075
6052,5741,156.53316976492033,-42.682378654766104,156.53307901467107,-42.68238281763395,0.24063249694694197,28.3788283780046,27.97060069564979,-1.4384937845820713
6055,5743,156.95663512469406,-42.865855673391124,156.95660549965748,-42.86573934551456,0.4260133772812093,2.5697351445370145,2.935009014450025,14.21445594070441
6059,5746,153.89064976116185,-41.51304200875847,153.89075991172749,-41.512895084358554,0.6065754971966405,2.398156785639279,2.6868935233407356,12.039944153379764
6064,5750,156.4274307871682,-42.64016557082363,156.42707903935653,-42.640124824673364,0.9429918269563164,1.368743694846841,1.2822816795704401,-6.316888662349289
6069,5752,155.5381304382989,-42.251963500257354,155.53781760748635,-42.251985674537444,0.8374143407137561,3.710439142622008,3.862988877220134,4.111366033356515
6071,5760,156.9850951257914,-42.88268212550532,156.98520050568052,-42.88268169083775,0.277985489676074,1.758545681899761,1.7532271817891667,-0.3024374154925914
6072,5755,157.66678615612278,-43.17228080247229,157.66581183345852,-43.1718089559837,3.070691002034155,675.0050799861929,638.6934916009043,-5.37945409033534
6073,5756,153.82813847692003,-41.48900271483591,153.82735203686934,-41.48877926360146,2.2682308809203575,5.27639487921006,6.050844831494272,14.677634445740281
6074,5759,155.8789296681185,-42.40500461563508,155.8791314640807,-42.40491612731517,0.6238793691624667,1.763355189153435,1.8379935858602274,4.23274886227689
6077,5767,156.82001027558528,-42.8139553670375,156.82025048548087,-42.81389612629556,0.6692442969474022,111.15164525865147,109.5870244184219,-1.4076452369091528
6078,5768,156.93879537783096,-42.86495258462773,156.9390266878478,-42.86512752219178,0.8770057433320856,2.447013808622752,2.686980657585844,9.806517973764613
6079,5770,157.5465806983989,-43.124465669929144,157.54681184471977,-43.12453225353444,0.6529347407361573,4.114568141832788,4.464772322710967,8.511322909387625
6081,5761,153.78740509140533,-41.47401089322406,153.78758092566335,-41.47389181412957,0.6393075348706759,3.8114162931407236,3.6250620696887847,-4.889369439578516
6084,5762,154.30128502927164,-41.706791299244856,154.30089905995908,-41.70672293755726,1.0661304372607807,3.7752460476613465,3.8823893555538365,2.838048342805684
6091,5773,157.14132227062922,-42.95535338617436,157.14147127303266,-42.9554997259602,0.6570150570527932,1.3886469533645793,1.6820180539120393,21.12639932249486
6097,5774,154.07788750398873,-41.60990688395046,154.07781956294954,-41.60978945070182,0.46061782518879707,5.01436022703671,5.691716724145518,13.508333395287378
6100,5775,155.08789391850448,-42.06053429071081,155.08755690727216,-42.06061901147869,0.9509892525681165,6.607249773760413,6.093528055306575,-7.775121813829365
6101,5778,156.5611931215845,-42.707393790543335,156.56103042973513,-42.70773166659556,1.2902494481566538,8.7322022049369,14.133968905244718,61.86030251628662
6104,5781,154.02616665508947,-41.587584341923424,154.02743794280977,-41.58849124394254,4.730368719473724,3.026608847130161,3.4549843241941876,14.153645175200399
6108,5785,155.5441444614961,-42.2646821429193,155.54373696611694,-42.26473027419114,1.0993750954290495,32.655749484333334,32.76963156879495,0.3487351730091206
6109,5786,155.55938568691244,-42.27112765797192,155.55926705598733,-42.271309807671784,0.7279161377826532,58.05363144457328,57.03295203412247,-1.7581663455890861
6110,5787,155.78510315885129,-42.372258839838494,155.78477965831223,-42.37237626168639,0.9586213264911239,5.042645832196341,4.807363818003392,-4.665844519373509
6112,5795,155.9755695958111,-42.4562132238791,155.97596083706662,-42.45613908151267,1.0728907706223834,2.7434896455210476,3.1737664340123577,15.683557953053304
6113,5790,157.44815103096158,-43.08996840908728,157.44858090069897,-43.090034346345064,1.154793384991564,6.510224928738962,8.333813799017305,28.01115000233293
6115,5797,156.51950897233584,-42.69235829748255,156.51919676094093,-42.69256196278687,1.104555171862882,15.520968534250192,17.186682944469688,10.73202620405908
6117,5798,156.76433049421485,-42.79843909833308,156.7640427615885,-42.79871436390562,1.248862803029304,1.767573050266786,2.0547660516825705,16.24787170026368
6121,5800,153.94389027130921,-41.55304635216017,153.94390308122206,-41.55316372738911,0.42395773108876833,3.8415374397250646,3.834431996701588,-0.18496352397870264
6123,5805,155.87556794516001,-42.416330872077424,155.87555870108585,-42.416193652358324,0.49460156206138206,2.40843058795468,2.010075538378579,-16.540026171748526
6133,5809,157.537776565458,-43.133999843328404,157.53781607957785,-43.13432555673063,1.1771543835132179,9.881374878736814,9.360608788562084,-5.2701784576085435
6134,5810,153.8065857539903,-41.49495878778097,153.80634916329765,-41.49487375344969,0.7076007896405495,18.99592096343792,19.957756964896564,5.063381782383284
6139,5814,157.62434115101192,-43.17120610052886,157.62430369868974,-43.17127720483975,0.2742127648533341,1.0517286142050868,1.0567326156490808,0.47578827621573727
6141,5815,153.9794953622945,-41.57660757951871,153.97969018763345,-41.576714062981026,0.6497941233625207,3.6371973920677005,3.8740853960348254,6.512926806880201
6144,5824,157.02753044738304,-42.92102493518353,157.02743076214605,-42.920835679435775,0.730246314431984,2.5066701607071527,2.6019748634420883,3.802044011568294
6149,5825,155.30695928937308,-42.17393043774681,155.30721261623933,-42.17411029694439,0.9359772018719839,95.25955219912487,99.32017508320403,4.262693651541719
6150,5826,155.45577070592904,-42.241362146667775,155.45530449607506,-42.24132826818883,1.2484910076824387,2.5242428367785745,2.3869484479045617,-5.439032523876632
6151,5830,156.7997699293672,-42.82540904163133,156.79914333150248,-42.82546503121979,1.6666653789282144,5.8844499558821495,4.886873721439979,-16.952752456412412
6157,5832,155.5604828861752,-42.28869094748785,155.56018772151342,-42.288629358829475,0.8167389937627176,1.422347622446805,1.589716844654576,11.767110906393803
6158,5840,156.06285897351066,-42.50980225146925,156.06321124002443,-42.509677959282286,1.03640638064381,21.61000612264634,22.415455172622945,3.727204172943431
6160,5835,157.63047777643658,-43.18281459794684,157.63109750730806,-43.183003936720084,1.7638330155402813,1.470411601152044,1.1430981218821374,-22.25999026486609
6161,5837,153.78687050502734,-41.497591352117574,153.78671723404878,-41.497540589059845,0.45187316837992,6.188466978804485,6.429125577357095,3.888824152683795
6163,5838,154.4671499909674,-41.80380271916774,154.46744300593207,-41.80353301375618,1.2494109434354583,1.5070941197215602,2.0917930490013235,38.79644420534187
6167,5843,154.03629688737192,-41.61128718539002,154.036632242262,-41.611339616161864,0.922165231627351,0.21019566071170645,0.44098435036142786,109.79707614718997
6168,5844,154.6474072725198,-41.88693529819013,154.64659075667814,-41.88681577124466,2.2302255819180203,1.0911450862472472,1.2938483980890267,18.577118148323695
6169,5850,154.81446965552564,-41.963177378459,154.81455394215183,-41.96283577751274,1.2502898112341772,53.18481622225789,53.72997147836223,1.0250204754419912
6171,5845,155.11355997693593,-42.09436737633481,155.11373534228335,-42.094502848326336,0.6762447117717881,7.870231293755457,8.24570734146064,4.770838793557449
6173,5851,155.43366172113096,-42.23791409680352,155.43403410671496,-42.23781648815247,1.0528858894652335,24.13788241554091,24.824527232711027,2.8446771152055454
6174,5849,156.59412074248388,-42.742864382045944,156.5936795426396,-42.742791728260364,1.1954376225733272,417.2493945200844,503.72189598446727,20.724416284376527
6175,5855,154.7144798302749,-41.91990401708444,154.71352922406706,-41.919746384432315,2.608845758186868,1153.0757160887686,1038.5595534801228,-9.931365391778824
6177,5857,157.231082751722,-43.01966755331693,157.2312549491931,-43.02030507484332,2.3394005816036234,3.8198582024899226,5.842625822148587,52.95399756829065
6180,5852,153.7535727244962,-41.48848574131981,153.75339995324063,-41.48838111471788,0.5991221448271095,2.4371373817998396,2.9202291255885355,19.822097326000144
6181,5853,154.10943890317202,-41.649580149328905,154.10970821814539,-41.64972900687168,0.9011180157445239,54.73598207307093,55.079008805267364,0.6266932997356373
6183,5860,154.76704361032182,-41.9456701844652,154.76735519983367,-41.945187956417186,1.9260978641122783,4.6588038141568715,4.967098350262413,6.617461228324658
6191,5859,154.31558265859044,-41.743235573257245,154.3152911901253,-41.743121203988615,0.8845738258176099,1.3535670892767258,1.6439778886927943,21.455220189436535
6193,5867,155.44293805934674,-42.24790809260146,155.44300352106475,-42.24748800604845,1.5223397709620776,1.5191487218359228,1.5613759173550867,2.7796617218708874
6198,5862,157.5659975184691,-43.16350987130494,157.56568994824787,-43.16404079701065,2.074960455609922,1.5357965818808148,1.513449587744788,-1.4550751316726815
6200,5864,154.2251495048392,-41.70566904021689,154.22483476009282,-41.70532214112212,1.5083731598619667,3.822166499014188,3.4499966637472963,-9.737143459419718
6201,5865,154.28474519693253,-41.73318523252352,154.28495314376255,-41.73342202181961,1.0191891358157277,42.970348708335436,41.81546287691061,-2.6876343016522966
6204,5866,155.19154360006806,-42.13637665205966,155.19130237508955,-42.13658946911722,1.000833587608555,2.507357902467944,2.609588575887397,4.07722700133192
6207,5868,156.73278970815502,-42.81114049573438,156.73205304714963,-42.81068683923698,2.540111651913848,490.3828882615583,430.5459125512187,-12.202092924258817
6210,5873,154.2591499203955,-41.72350998397513,154.25914299891457,-41.72351704090209,0.03148452179357002,4.111778914242937,3.912787690811189,-4.839540928196673
6214,5874,156.97787457057828,-42.91914398155109,156.9778325721318,-42.919322736280506,0.6529728073530197,1.374582031497715,1.3278807964691848,-3.3974862146019498
6215,5876,153.63246560331933,-41.43993196751503,153.63191712601397,-41.43968733741358,1.7223733718569476,5.440066336559343,5.453854467448444,0.2534551977140369
6219,5880,155.93842039905954,-42.47041174257426,155.93792762856756,-42.470306249163144,1.3625278274340082,6.691084816409815,6.848640170242231,2.3547056741234607
6221,5893,156.23319931145107,-42.60031780657553,156.23332025532181,-42.60015044122842,0.6824521933409848,3.7634628928042884,4.079688917171179,8.402528027352476
6225,5885,153.85175882544235,-41.54291628205923,153.8512754261561,-41.54305832372611,1.3992757897250425,1.7497406345526214,1.8208836546012876,4.065918036295493
6226,5895,153.9760563184466,-41.59965921139134,153.97623493845424,-41.59915105328107,1.891512742600931,1.151002122711527,1.2315482844445187,6.997916002382453
6228,5896,154.31846521036846,-41.754670022850036,154.3189999346115,-41.75452685604223,1.525750505153455,7.303578146449741,7.437027667254659,1.8271800222989008
6232,5889,155.3765435120597,-42.224565649303074,155.37602619882838,-42.22454472398778,1.3811405312643295,0.34069750113575137,0.6296872829698377,84.82298251989174
6238,5905,157.17553178964576,-43.01023318955266,157.1759981371288,-43.0102593524956,1.2312368794004447,39.195849619495725,39.61540923459882,1.0704184733232855
6240,5900,155.10145087543,-42.1080409501457,155.1010827075458,-42.10784895357748,1.2019188978210105,7.246193846504529,7.062142261956119,-2.5399759990852853
6241,5901,155.50319442921662,-42.28604201450958,155.50337074764863,-42.286246055698435,0.8718187318965039,57.45274679841856,57.45883630187444,0.010599151120221409
6246,5907,155.35974283876718,-42.224857719455066,155.35960153225187,-42.22483483131515,0.3856078867235346,2.6567552678675015,1.9971102019818854,-24.828973668135177
6247,5918,156.02135412333067,-42.51546167809964,156.0215352208598,-42.51515834595692,1.1930565636342054,0.8389834372469999,0.9980931890368285,18.964587943705276
6249,5912,156.9524948433574,-42.918187649646384,156.9522614148301,-42.9183133369962,0.7638430758538465,2.749175038601706,2.920833941090094,6.244015025529171
6250,5913,157.00055192114002,-42.93728926122025,157.0006001223386,-42.937483924263695,0.7122083490602956,14.074441997328957,14.043001562182367,-0.22338672575834573
6251,5914,157.31899418583646,-43.07464907216768,157.3189014597015,-43.0745087161524,0.5610412769706073,2.2340922496240627,2.870320898095684,28.47817267074273
6252,5906,153.74198058699983,-41.49844814200804,153.74207495030103,-41.498862239343474,1.5123068930278907,3.280274411985033,2.622595091401606,-20.049521411394284
6253,5916,155.12437165904973,-42.12299209421256,155.1249688129151,-42.12313864549378,1.679502421757062,0.8917507218549482,1.9756926807569781,121.55212576080692
6256,5930,156.7919989166119,-42.85182627715341,156.7918971425439,-42.85147064045736,1.30816518556235,2.532787189218688,2.610458830656898,3.0666469638205087
6259,5921,153.7929735064855,-41.525173379983485,153.7932353755349,-41.5251559436592,0.708573364225222,4.443779341443709,4.930499547346472,10.952843705885632
6262,5927,156.4875671956528,-42.720434762174115,156.48748902802743,-42.720368680634344,0.3151738796304807,9.868781912251489,12.771482730107708,29.412959407408668
6263,5928,156.6273873935589,-42.780593272937466,156.62702180276432,-42.780765161386235,1.1471855892599478,2.584889760095795,3.754905976010075,45.26367947973608
6264,5929,156.74988663523695,-42.833417977845365,156.7494854395781,-42.833443463143965,1.06312276064706,14.444355623087201,16.305952934296464,12.888060636182136
6268,5932,154.34605118758117,-41.77859802812279,154.3459282157841,-41.778472311260124,0.560192976982809,1.2419145421123474,1.3848657655965602,11.510552347754128
6270,5935,155.93694796857991,-42.48285966326738,155.93682024995582,-42.4828240438008,0.3625198273913192,5.5545949558646734,5.31486172504272,-4.3159444158720826
6271,5942,156.5769555940007,-42.76239427008025,156.57666254825023,-42.76215126873528,1.1684098830168927,14.638161397401582,17.89836680048847,22.271959671558257
6273,5940,155.52745248629523,-42.30524279079687,155.52731793314908,-42.30526959991193,0.3710139110326242,1.936376909893324,1.9130936358949526,-1.2024143584553462
6274,5946,155.76096307657895,-42.40953231022635,155.7608884317585,-42.409274720959566,0.948309563248032,2.992042595635415,2.9294136699165674,-2.0931829583645043
6275,5947,155.9165135720215,-42.47764712479626,155.9160932819241,-42.477497800126514,1.2386635790823222,6.914447342259637,7.97419111139855,15.326514422374501
6280,5949,156.88133070470045,-42.89726177558715,156.88205977054855,-42.897283667889795,1.924358836829279,2.739888452174321,2.844745253016247,3.8270463441208222
6288,5953,157.0400423376593,-42.9674570649245,157.0401843535504,-42.96777599273566,1.2075519370110386,7.434898786044507,7.600975111928183,2.2337402386082967
6289,5956,157.37862210485545,-43.111828528331706,157.37842234164376,-43.11199709776195,0.8024236518216059,3.913685832934782,4.708133668602321,20.299223534552365
6290,5957,153.65150817897742,-41.47173243426466,153.6517061216186,-41.47177347217286,0.5539957278700307,0.4178883392985719,0.3875608399679389,-7.257321269489809
6291,5958,154.02261135181462,-41.63981893136744,154.0224237884348,-41.63983851480635,0.5095235525246116,10.115665733212756,8.269851695407892,-18.247084141427337
6295,5959,154.69660270599488,-41.94364459424854,154.69659047852068,-41.943410159974356,0.8445982479546906,1.956337493871166,2.4768523149610657,26.606596393545278
6296,5968,155.11293496495983,-42.129580602715635,155.11285258864604,-42.12929511799826,1.0510141913168907,1.5578986148982215,1.4773110849492148,-5.172835329484613
6297,5960,155.8629937164497,-42.458325567131716,155.86245801904607,-42.45838331305951,1.4379007564622865,123.97363132159312,158.25730948412794,27.654008192759505
6298,5970,156.11940760322796,-42.57251824551707,156.11976735221552,-42.572367664115575,1.097032978507626,63.17067300688209,57.790670464657765,-8.516614254906235
6301,5965,156.81747494623733,-42.87229566620969,156.8175363537088,-42.872662963502876,1.3321587447812235,0.6282661639633094,0.7129498245970498,13.478946582054983
6306,5969,155.44841503818242,-42.27959486229455,155.44823192009162,-42.279708455180334,0.636489243370471,1.0054796241401194,0.8851809208738339,-11.964310402526976
6308,5981,157.3910638329555,-43.121690608046805,157.39147601995916,-43.12183808107088,1.2062034334501943,3.9383350751720556,4.433375330575519,12.569785098385418
6309,5971,157.53195621681334,-43.18069805046022,157.53189423179134,-43.18076786920983,0.2994205460834444,3.2913590377365725,3.0866573442761123,-6.219366866801352
6311,5973,153.80871457766432,-41.54710527197174,153.80846985257756,-41.54706218038226,0.6773609760678235,0.4015556343159361,0.30583900268880815,-23.836455884919793
6313,5975,154.22694639848362,-41.7371622279452,154.2270219309699,-41.73713086466772,0.23220491290216744,78.67308793945043,77.13116876333167,-1.95990676926965
6315,5976,154.60802879874439,-41.90651189539566,154.6072606600375,-41.906651598375454,2.118592772826338,3.7574250909601568,3.980741648667554,5.943340247678281
6319,5990,156.93420762814685,-42.92838689341705,156.93437602823803,-42.928363063354126,0.4521064880154249,30.21818069481958,30.138438391007828,-0.26388850016183374
6320,5979,156.9927297899958,-42.95155759847033,156.9922382545972,-42.951528606631555,1.2993691387811248,1.7582809585301753,1.327314290959133,-24.5106827484105
6321,5980,157.21363808985225,-43.04731981177484,157.21274758352922,-43.04701484705539,2.587274353550554,3.702453718737318,3.735249239494272,0.8857780069196569
6325,5983,154.5333819218217,-41.87607305311934,154.53290666839206,-41.87585795623688,1.4908105940712721,3.49435490369146,3.6678075635134118,4.963796311551392
6326,5984,154.67620962875384,-41.93890770371403,154.67625949065086,-41.93913163430856,0.8171332834210921,1.5230379307158353,1.3908651475442935,-8.678233188153097
6331,5991,157.5546666580157,-43.19431535408324,157.55385802630005,-43.19418800364929,2.171236161228641,7.919946670028047,8.126807064809356,2.611891258865967
6332,5994,154.35461038577463,-41.79800292195646,154.3548460253656,-41.79829058096953,1.2134040927990093,6.8976067718113425,6.926167627471312,0.41406906199248344
6333,5995,154.61484982601056,-41.91547780894456,154.61517969439663,-41.91503033328636,1.8373693062557495,2.4258009941270156,3.410768814571657,40.60381798957528
6337,6001,154.51923167717553,-41.87270560519758,154.5190715244156,-41.87273621050274,0.4432287235387091,1.4512953625456388,1.6166104463588797,11.39086419481632
6340,6005,153.7023927530022,-41.50492582712737,153.70245191429268,-41.5048427358044,0.3389964587888037,14.283363079540111,14.937410072255474,4.579082594716357
6342,6003,155.06469847588156,-42.11791356454526,155.06517975075295,-42.11801245343344,1.3335710212855263,1.1649298009961153,0.8013081442677834,-31.214040229497442
6347,6011,156.46395276902092,-42.73230451494145,156.46466415188635,-42.73265535961256,2.2658039745036067,4.121537767390215,5.616832936529281,36.28003074410493
6351,6015,154.9056535028344,-42.04946648036398,154.90593453184997,-42.04945043692403,0.7534751595717214,42.918488046593474,42.55978806940224,-0.8357703020708037
6352,6016,155.86598631160155,-42.47340140151913,155.86596198575202,-42.47354509679173,0.5213200861015903,10.084150111187025,10.00620788363011,-0.7729181606534116
6355,6021,157.46274479969864,-43.16243645133093,157.4629567073079,-43.16242582716233,0.5577615842341175,2.787456282372102,2.9440798932496817,5.618872370055413
6358,6025,154.7374896366263,-41.97771448695918,154.73732537905042,-41.97766349628358,0.47638339900207116,9.791364193781332,10.161856261091165,3.783865659344373
6365,6029,155.30749957538015,-42.23129067583499,155.30668905611813,-42.230821918785104,2.7414481765106453,1.1219367845196695,1.4454287472835177,28.83335025888678
6366,6046,156.65551198239598,-42.82241619336275,156.6557983519017,-42.82235242307753,0.7902325435087585,1.9046056543872667,2.209180426419438,15.991487336529847
6367,6043,157.51030798378704,-43.187844785640834,157.51041277550462,-43.18811254631479,1.0024141069307915,4.1020271420531405,3.8813248782448317,-5.380321879046445
6372,6045,155.43794371551715,-42.293024643538466,155.43795065415924,-42.29313047995855,0.38145888438385034,11.569906961878223,11.55821552052279,-0.10105043535747701
6377,6048,156.96248122750356,-42.95597734266406,156.9620282988741,-42.95607571569387,1.2447962447905918,32.71661858098586,33.357107115264434,1.9576856107336589
6387,6053,154.9479066485287,-42.08003659093257,154.94782706613108,-42.08012646142491,0.38715631977777704,9.844538797230554,8.762601162056754,-10.990231817443478
6389,6060,156.84453461662864,-42.90973869492572,156.84459446450217,-42.909765692841965,0.18533269094348645,1.0884185840399898,0.9786658251685477,-10.083690271445203
6396,6061,157.45138531680834,-43.1693103804965,157.45125312643236,-43.169450258824604,0.6115871762440968,2.061231423910364,2.4716241689078586,19.910076095140166
6401,6065,155.75880547632767,-42.44221400155498,155.75883109505875,-42.442752031332894,1.9381025843443522,4.234471048930328,4.259817181338602,0.5985666713833419
6402,6072,156.20586213397706,-42.6374934569757,156.20572425951053,-42.637230411688854,1.0149222109787006,8.974038327367435,8.46107636713227,-5.716066073295278
6403,6073,156.44465844047312,-42.74157819516667,156.4448323671028,-42.74121830153703,1.3748036634035203,2.5498286581352985,3.311901855463303,29.88723163403898
6407,6069,154.23276624162887,-41.76310810830431,154.23269737911167,-41.763380898489984,0.9993020742763747,2.6890782623818636,2.744197875377698,2.049758601931206
6409,6080,155.19962227385943,-42.197700669272756,155.19954195545805,-42.1976920936122,0.21642195045599008,4.377071204499582,4.961292404624029,13.34730857299909
6416,6074,153.8937358979349,-41.61425488619419,153.89343509440982,-41.61430674835536,0.8308549530710255,1.7148219361633847,1.6358382634467734,-4.605940188362853
6417,6075,153.98342642270362,-41.65479635124735,153.9829749304729,-41.654965229851065,1.3580960781969813,2.4734840500169004,1.6702143466510757,-32.475232794015234
6418,6077,154.5207665886126,-41.89655338430372,154.5207647614691,-41.89669635243604,0.5147085639178356,3.4314988997931337,2.825351044769679,-17.66422991014207
6419,6078,154.58876794925584,-41.92748357848468,154.5883336328733,-41.92761251662161,1.2524494304407854,3.407275721866682,3.3455416624496137,-1.8118304609421807
6421,6081,155.8352559904647,-42.4801401342672,155.8350684857571,-42.48012111384566,0.5025197838521815,1.275903224316114,1.1482902107636925,-10.001778435885852
6426,6087,154.19887383351877,-41.752092749685616,154.19866374006634,-41.752210059327034,0.704790339761932,74.2292653466204,81.95426816722369,10.406950391507557
6434,6095,154.494821526781,-41.889376134072364,154.4950568924983,-41.8898708989207,1.889544495730673,0.9059083263996283,0.9396472091796342,3.724315341497645
6440,6110,155.81093327797373,-42.47586958676312,155.81181152405006,-42.47567794526231,2.4318572838722856,1.5058330464676928,1.3408082580118303,-10.959036185516666
6442,6104,154.0548271197437,-41.693163234441485,154.05527083428083,-41.69316390425841,1.192788394565744,0.6068463991545189,0.6968799961612825,14.83630736413725
6444,6105,154.94998862572456,-42.09673924442956,154.95002574842388,-42.09679156967131,0.21287808823552729,13.70780674462652,13.480103481601699,-1.6611210477860103
6447,6116,156.47804505290776,-42.767382753390685,156.47773273856782,-42.76702631043288,1.5257332008020568,8.483250213213022,10.715775177184646,26.316858607970467
6448,6114,153.61061379295208,-41.493791516473934,153.61040806807645,-41.49385144801775,0.595216245419193,0.3765890006908438,0.5319594905628942,41.25730958339909
6451,6115,155.3819696483399,-42.28993724418001,155.38208001881472,-42.290255482243936,1.1827606975676002,5.113414968602183,4.978517689205413,-2.6381054583889187
6455,6126,156.65691651368695,-42.84874640021161,156.656667927564,-42.84864581202285,0.7494018389595615,74.11069991235267,84.02514975584717,13.377892605547997
6456,6123,153.58156049539878,-41.48424098106403,153.58183246785734,-41.484505301652334,1.2014359324168096,0.9298565044339754,1.3777484485054798,48.16785621606706
6463,6134,157.60740217151485,-43.256517646308545,157.60771139560774,-43.256526584511164,0.8113789344633457,100.11761058963752,100.33187687429984,0.21401458085186517
6468,6132,156.50718789176622,-42.78582869283744,156.50666740312312,-42.78598673214257,1.488193956639108,10.028098838571463,12.132448038588159,20.984527913931764
6469,6133,157.22444082719994,-43.09444920780811,157.225717671024,-43.09536376273346,4.701749635387705,0.8035588380921792,1.1178053763745521,39.10684860718619
6471,6140,153.71813691935526,-41.55267265115229,153.7184353313481,-41.55216273698238,2.004015802204566,3.651831163273017,3.7589716048150548,2.9338826674016154
6472,6137,154.68228620387322,-41.98719445883342,154.68211281236174,-41.98720936204137,0.46706301153888935,69.14959315806398,68.49254007238889,-0.9501908191609723
6473,6138,155.46165427402437,-42.334070817714384,155.46154963371262,-42.334428782964544,1.3184192126193603,3.084386559681875,3.078235389167162,-0.19942929965780515
6474,6150,157.12296885703938,-43.05522774758963,157.1228769327922,-43.05516681169124,0.32648684576326825,2.0686764506776387,1.8826029658057535,-8.994808483024638
6476,6142,154.12419794485507,-41.73618590049473,154.12385786740657,-41.73622547917884,0.924622692859838,1.9248500372883717,1.600702682212805,-16.840135532439117
6481,6162,157.19248410992813,-43.08641891978559,157.19219125067727,-43.08633883289564,0.8221848819576173,10.761270763521964,10.315334435834313,-4.143900265006475
6482,6151,157.23713667375236,-43.10487262496135,157.2368936188135,-43.104968558089325,0.7262150627469213,3.0097656664349137,3.25187811886992,8.04422932772006
6483,6154,153.7390289727831,-41.565988039116114,153.73905666806084,-41.56589273064977,0.3511260749726089,6.814149562469616,6.4888866798852725,-4.773345222356118
6487,6158,154.58960638090767,-41.9497509403407,154.58913987438947,-41.950349731973795,2.491367591474432,2.680451531655967,2.7446079775636436,2.393493974802118
6489,6160,156.09291436537058,-42.613212968113345,156.09324887117324,-42.61304511081241,1.072649700147588,2.4676525620302554,2.7769169943459184,12.53273807967587
6491,6164,156.91876516579723,-42.971065184082775,156.9186906953194,-42.97097235146748,0.3875153492494552,2.8728266601474117,2.7462393995810306,-4.40636611747002
6506,6171,154.60275488925726,-41.96160735715876,154.6025427192381,-41.96168840415942,0.6385244494610693,13.47793732193767,12.821227543063529,-4.872479840110495
6509,6176,153.94245783602778,-41.6644402075377,153.9427581971026,-41.66459613335582,0.9836723994836559,14.61776876624293,14.045495225635468,-3.914917178940628
6517,6184,153.57330545875396,-41.49813381335713,153.57335129437465,-41.4982071455302,0.2914920724023634,3.4819513053228643,3.4371053632807844,-1.287954313821789
6518,6185,153.65079470812972,-41.53543470031793,153.65069794407594,-41.53518720234829,0.9283652932402604,2.448927426237339,2.254062422151564,-7.957157161867215
6528,6201,155.40048522170608,-42.32245193236498,155.40052469309433,-42.322296613960155,0.5689310696197303,5.502162743372747,4.529851202661376,-17.671442777342445
6530,6205,157.0861014115705,-43.05486357405979,157.08593297445913,-43.05461120859716,1.0108012119966199,6.926786430576303,6.909781465908713,-0.2454957264529877
6531,6196,154.14792763530642,-41.765245246383245,154.147819803613,-41.76535336592621,0.4851156309124589,16.00880427207874,14.91753938846464,-6.816654542509445
6534,6208,157.14384013692745,-43.081702663430455,157.1441151646224,-43.08165688614284,0.7416899537904742,3.7753682522195926,4.311617580027521,14.203894613264811
6544,6209,155.33123051895365,-42.297751887893426,155.33132205660434,-42.298167417087996,1.5156327194020724,9.505435088067488,8.985035861234946,-5.474754411671457
6545,6216,155.42777120566802,-42.34040265396485,155.42751983419396,-42.340121891429554,1.2120320651803724,4.647724759809583,4.726899733520341,1.7035211378137034
6546,6220,157.23004852810539,-43.12255317584053,157.23025636640693,-43.12259910513847,0.5706006282568463,2.5615644779442595,2.8325956070465175,10.580687366486652
6549,6219,157.18401466366777,-43.10407197278978,157.1840109384679,-43.10439367727403,1.1581775323702297,9.658633516734618,9.754713157142916,0.9947539705469738
6551,6221,153.6429948614557,-41.543831125103125,153.6429068489413,-41.54366755726649,0.6348024005992065,5.5380067054292645,5.795636317027646,4.652027801732535
6553,6237,157.09473579376353,-43.068367264858836,157.09470492524173,-43.06833586669709,0.13916584954400787,3.052971485042714,3.2839882411614285,7.56694771800276
6554,6226,153.9311113525126,-41.67638388371772,153.9311598390604,-41.67648246169581,0.378071246452237,1.2258864393291553,1.0310444120569202,-15.893970356573888
6555,6227,154.4517509973828,-41.9103774259762,154.4514154614614,-41.910032113004796,1.5340934807008932,3.5729642035480738,5.332408130217647,49.24325647937884
6556,6228,154.53321570054325,-41.946395561591714,154.5328405365415,-41.94665159427838,1.3633189613431227,1.6566653782679397,1.4640442755801963,-11.627037373662667
6557,6229,154.98512888987514,-42.15017122424417,154.98502672693445,-42.15045312437986,1.0508336268206213,4.632702396961223,4.221968740308715,-8.865962487077192
6559,6245,155.25661986817067,-42.27093590675185,155.25720592824254,-42.27079034238148,1.6468085512303965,3.298020979834042,2.767233502236325,-16.094120711882994
6560,6230,155.3720380970007,-42.32003054024842,155.37201798218416,-42.32019456814834,0.5929228618299404,13.713068292229366,13.600633544073878,-0.8199094889595228
6561,6231,155.48164703776868,-42.36826988288376,155.48180025768565,-42.36857754828514,1.1801902330766492,2.040312470708336,1.9153494518161815,-6.124700048947453
6562,6232,155.687357369762,-42.46003581868753,155.68710967433597,-42.459951007157905,0.725253177434028,0.8981216720627025,1.4246968476925133,58.63071697406359
6563,6234,156.1250647779533,-42.65067409684251,156.12556222230603,-42.65069859534612,1.320079025245401,1.7024607784792798,1.8294193543718988,7.45735687409049
6564,6235,156.5467889347461,-42.83431731039661,156.54660141859162,-42.8341950908465,0.6623082290246173,5.9265703241579315,5.703663770152593,-3.7611391042931714
6566,6238,157.4117676272525,-43.20342255158406,157.4115324308306,-43.20359221338803,0.8683176816929782,11.377051824141931,11.057381107441028,-2.8097851854956573
6568,6250,153.96284662169418,-41.693686605522906,153.9633477407015,-41.6933502540833,1.811312242191541,9.342857255362539,9.162427312307571,-1.9312073183115996
6569,6242,154.6194503043888,-41.98913675270007,154.6195571245855,-41.98943625258188,1.1154421053234742,6.31825340379935,6.001982793982664,-5.005665167315112
6572,6257,157.32949376645627,-43.17228679208495,157.32927604539003,-43.1722485914775,0.5879322246759406,4.986653993616579,5.311223919318339,6.508771735862211
6574,6249,153.886740008365,-41.65907017022466,153.88697464374954,-41.659228985292856,0.8515499815872326,15.853311478059256,16.592764440682437,4.664343873181152
6575,6251,154.11372600093952,-41.76352536233535,154.11359847008382,-41.7635741591854,0.3848793283467131,8.675525526479625,8.966388088403301,3.3526794548168786
6576,6253,154.7741957713326,-42.05882702318276,154.77446917821223,-42.05896966893809,0.8931618388644065,1.2373910097307161,1.3054062611790407,5.496666042783532
6578,6254,154.9994941015402,-42.15926843756734,154.99972350095499,-42.15926053238262,0.6128398790765518,1.2256312306127708,1.271769138887239,3.7644200899972913
6583,6259,154.05452522920703,-41.738447854819455,154.0545675161295,-41.73858444879849,0.5046883794642333,1.0699383686098118,1.7132830814913442,60.129137505129435
6588,6261,155.6569954941435,-42.45138380060705,155.6569492060306,-42.45147355140759,0.3457064774568659,10.083681718622078,10.03139809763974,-0.5184973350138922
6589,6271,156.0513725815449,-42.625750234059446,156.05166451756247,-42.62569449295285,0.7989084757531848,21.91450162791265,22.729413469240008,3.7185962754881894
6591,6273,157.05404236510532,-43.058796872903514,157.0539885618676,-43.0587298490951,0.2797269100996316,4.066159874718552,4.160700090331071,2.325049150190216
6594,6266,155.01554883351872,-42.16990876519525,155.0157223765257,-42.17044299401042,1.9781797773044845,1.4046210225755436,1.2980168050730954,-7.589535952336552
6595,6267,155.3307841088537,-42.31088025696147,155.3304678233994,-42.31085206826915,0.8481121044880959,0.8113961912985992,0.9359572149865762,15.351442984791849
6596,6269,155.9070099166212,-42.56293274496348,155.90660951568134,-42.562986839418116,1.0793853924716852,9.36876313186938,8.862406076780777,-5.4047375086914835
6597,6272,156.46144266054748,-42.8057428093731,156.46140578341422,-42.805855201157264,0.4161684607531861,1.0808647734340202,1.567086111617194,44.984474481335695
6605,6276,155.61513069974393,-42.43668936154136,155.61504486828892,-42.436938218202435,0.9244523104300766,2.0154131894985188,2.016830606783847,0.07032886818016493
6613,6280,154.4278034421392,-41.911908591769986,154.4278048567091,-41.91174586583509,0.585825623322241,1.635202896507149,1.1764313495836023,-28.05594020800103
6615,6282,154.70336512746943,-42.03454914674736,154.70335498065052,-42.034815208064245,0.9582049225248916,6.10400368401982,5.260462857624302,-13.819467845406026
6616,6294,154.85543246851842,-42.10497131952191,154.85551657898242,-42.10475685143982,0.8041042289150601,5.6302500050931,5.251270963026215,-6.731122804920961
6617,6297,156.17084272312113,-42.68424953451671,156.1711088967053,-42.6840587488133,0.9838206920004219,0.9997472902716111,1.1701649202863402,17.04607070937197
6618,6299,156.6883114850522,-42.90786241754863,156.68803247157675,-42.90788121762975,0.7388141911363814,4.242413885611575,4.424941551596641,4.3024483444229755
6621,6290,154.19437733379812,-41.80784140824995,154.19444861398094,-41.80802495154533,0.6878831698375385,26.377046022977527,26.886404311746762,1.9310664595479101
6622,6291,154.3068500673759,-41.8592018398811,154.30703651346155,-41.85928542066279,0.5834726465429025,2.773406280572814,2.2898009012814797,-17.4372353116418
6623,6292,154.68963098657383,-42.030918978294594,154.68930762191982,-42.03082526491953,0.9281684177012353,11.714717122886482,11.437627056174433,-2.3653158996960415
6624,6293,154.73626308293225,-42.05291501890133,154.73625621515066,-42.05292727481793,0.04778821893800136,0.7778386414509513,0.9798490613932592,25.970735982656407
6625,6295,155.04175680087826,-42.188158626240075,155.04182143482896,-42.188801352691705,2.320229268854462,1.0701863820512552,1.0531783596239974,-1.5892579752937994
6628,6298,156.21741288885468,-42.70591598324545,156.21728431873714,-42.70625746236635,1.2755091730558945,3.019628249880767,2.284965834513394,-24.329564919005573
6630,6305,156.39389319625715,-42.78274562654442,156.39418941828447,-42.78292010877676,1.0035542133254625,1.6960632747806383,1.763102698336657,3.952648733856297
6631,6307,156.5910659435158,-42.867270264052806,156.59075402941787,-42.86717167387937,0.8962729042295907,3.897882481600486,4.548690620233503,16.696453566906747
6633,6311,155.14641766972176,-42.23810064672185,155.14684594453252,-42.23801538952157,1.1820203005625933,2.3429005292143636,1.6802871781269573,-28.281753443011006
6639,6312,155.58874219110416,-42.43338664702202,155.58855418718488,-42.43352834745088,0.7139710217949131,13.135069469102879,13.754781453015584,4.717995480499205
6640,6313,155.64553688538697,-42.46062068263938,155.64588388078053,-42.46020504187566,1.7573386062433614,3.460436597507834,3.406670280716326,-1.553743733673086
6648,6330,156.94820112852386,-43.027183568653065,156.94848111305026,-43.027028963152716,0.9234240872980966,136.79202618544736,145.3101621357174,6.227070530209204
6649,6325,154.46158673256195,-41.93670799069384,154.46207108802878,-41.93672442921702,1.2984437116619931,1.7810334420153422,1.7848926452969986,0.21668336992535872
6650,6337,154.47651018495714,-41.945089871108195,154.47694493804778,-41.94488701318381,1.3742167182132556,22.620016819324775,22.311312856913485,-1.3647379879379984
6653,6328,155.83624245429158,-42.54771735023216,155.83595466277814,-42.547748568217436,0.7715018302712835,2.7447020469825714,2.9220449029580053,6.461278963609127
6654,6343,156.88173994036998,-43.00046091252708,156.88220758787298,-43.00072683726832,1.5596289765083666,0.42395646375964147,0.49167602397681903,15.973234519563922
6655,6331,157.24859035523406,-43.15663862313873,157.24874138596513,-43.156757179950965,0.5826463779256809,5.0850704129724456,5.46645084276267,7.5000029265532095
6656,6345,157.34313917086527,-43.197599531144405,157.34321647153735,-43.19719542096895,1.4688732369333357,6.822586082462209,6.511690360730324,-4.556860374851963
6659,6334,153.87004340707358,-41.6733218567637,153.87009251094494,-41.673465363977485,0.5332327408865362,67.04714275273965,65.63654436495614,-2.10389038200419
6661,6335,154.3335378171725,-41.882549817336894,154.33427500779794,-41.884308266699165,6.631598241296622,1.1621357382232473,1.161387958823411,-0.06434527183369608
6662,6336,154.3789564907012,-41.902214704628854,154.37878958307724,-41.90214630041892,0.5105339565034634,0.9783752071971236,1.1897504126601417,21.604718098751878
6665,6339,155.53550219880677,-42.41545445093667,155.5350405291171,-42.41547587130891,1.2294390206071832,6.278051992749168,6.141591529402057,-2.1736115518749353
6667,6341,156.3016736508386,-42.75301484305458,156.30173604351913,-42.75332147700174,1.116135287127572,1.4287173509763187,1.485565319484806,3.97895136288784
6668,6342,156.56179697605697,-42.8650285365423,156.5615788796827,-42.86670681413373,6.069143867504832,7.942635238531811,13.652259445742848,71.88576631987516
6670,6348,154.196366834814,-41.82280458700331,154.19572158950854,-41.82273842711106,1.7473467304182262,1.156200549382639,0.7441287697569823,-35.6401646622366
6671,6349,155.35445424818136,-42.33885082787615,155.35416552904604,-42.338788197620396,0.8006910103608215,5.492534252534439,5.451436889421106,-0.7482404519256153
6672,6351,156.8146254976632,-42.97466666842426,156.8149129367635,-42.97457246278705,0.829591173300021,1.469519179765762,1.4259587908191542,-2.9642613411518233
6678,6352,156.7968834656725,-42.968512371077296,156.79675463393806,-42.968608966728375,0.48590009887679886,10.980786722122488,9.26059104281275,-15.665504875385098
6680,6362,157.11381216393386,-43.105913329883265,157.11416617359652,-43.10592031708969,0.9307942192282843,39.90071918230626,39.23175435666639,-1.6765733534359875
6681,6365,157.38767389383386,-43.222688004180405,157.38757669758832,-43.22246723917671,0.8346537773580933,15.352057785478516,15.435135794046305,0.5411522658960548
6682,6353,157.433302940007,-43.24206724480191,157.43336708023335,-43.242034126120295,0.20617590008778489,2.9991122106355212,2.875762959851985,-4.112858810220983
6683,6368,154.0051573805102,-41.74066848880457,154.00535705182358,-41.7401915444677,1.7988240795182924,18.25439413724984,19.388575145959496,6.213194478995344
6684,6372,156.24470391938684,-42.733855808423534,156.24484493313554,-42.73384956114862,0.37355318920033004,2.053524097726192,2.11623159511359,3.053652862259187
6685,6373,156.50581256453177,-42.84714023484985,156.5061094700176,-42.84729581054683,0.963222328548338,2.8754773057736904,4.123843485718922,43.41422474239767
6688,6375,157.3271022457179,-43.20012422726905,157.32723532085106,-43.20019275345143,0.4275712390478946,2.4493302507206494,2.5586167009321743,4.46189117124448
6689,6376,157.4203691673149,-43.23950075713346,157.42046976589972,-43.23952231387085,0.2750053067167936,5.742330217288436,5.849101792542086,1.8593771380857371
6690,6377,157.4771385521661,-43.26412971701403,157.47682198842082,-43.264232404723195,0.9084935582037614,8.03454301563279,8.064203921604134,0.3691673056405674
6694,6392,156.87062626024832,-43.00793978793082,156.87024413223253,-43.007837335612955,1.0714480342821409,1.4913529677860509,1.5201536005917802,1.931174807563131
6696,6393,157.19099638167347,-43.145008742730354,157.1907418277411,-43.144857190192916,0.8629757558794916,5.74934926177424,5.902452604547014,2.662968203909846
6700,6388,154.42704708222652,-41.93509133930561,154.4270423697608,-41.93504146133664,0.18000364067392632,0.7068868441417937,0.729676094372882,3.223889427275431
6703,6390,156.41902345126735,-42.81364513609504,156.41896970820218,-42.81371977522004,0.30388060874367173,80.83423657579543,83.89701906612746,3.788966927967659
6707,6395,154.2755818964863,-41.870777292015646,154.27549307990827,-41.87070584001342,0.35050683345503475,3.4837546647901103,3.1891880080845967,-8.45543630504936
6708,6406,154.55640128740183,-41.99709392110219,154.5565796558625,-41.99680661812332,1.139075170783846,2.0693513774884447,2.170783760564055,4.9016510283873584
6714,6405,154.53030357758294,-41.98679822503035,154.5301292701506,-41.98678114405721,0.4704611236843587,22.761082885684964,22.303629996917174,-2.0098028334824702
6719,6414,155.9191456519102,-42.60164444653185,155.91926571840318,-42.60204997838968,1.4941810919052498,9.869744702607143,11.109767173221448,12.563875844597543
6730,6420,156.76124492741766,-42.97036397037426,156.76098955501723,-42.970343101486215,0.6768697852179515,2.016392731250438,2.03097474214448,0.7231731531287139
6731,6427,154.15357157829104,-41.82187905515682,154.15352898876267,-41.82189448462509,0.12704526048044928,7.676763006064231,7.730974325224914,0.7061741924019171
6734,6431,154.79853224662835,-42.11331410224339,154.79853209352353,-42.11292763666085,1.3912761572537153,16.4383372526371,16.77042075990617,2.020176993362235
6742,6435,153.77389142822344,-41.6538969004642,153.77367347529002,-41.65386936614953,0.5945758805945278,11.282500314421904,12.48809332658667,10.685512772587396
6746,6439,157.09855472556495,-43.11952779581867,157.09860093859137,-43.119700898348604,0.634890870083364,2.1684051442834194,2.2355542399952295,3.096704316941682
6748,6451,155.22696840051495,-42.30928803233601,155.22677709291338,-42.30900196920638,1.1488891902751892,3.0330037099669838,3.0115637355915705,-0.7068891576016773
6751,6448,153.58768817400562,-41.574619283980354,153.58751214327214,-41.57454479122482,0.5446683473172852,117.9894381132942,108.94643832930997,-7.664245146502929
6753,6449,154.62630945244743,-42.041800076592196,154.62617497698335,-42.04194649837593,0.6380551628935606,3.028488329026707,3.21324334777598,6.100568953113622
6754,6456,156.73987368181093,-42.969803625551016,156.7396440201821,-42.96989703066606,0.6921374958980483,0.859840948156736,1.125194703832602,30.86079538834618
6756,6457,157.26224563007176,-43.193532474966446,157.2621321320384,-43.19369364549616,0.6522133237482644,0.7508188965642276,1.0929058742265478,45.56184976533245
6757,6469,154.28568763724357,-41.8932551627764,154.2856914499883,-41.892868144242435,1.3933041862678286,32.10923130792079,31.787333515288868,-1.0025085606845796
6758,6462,154.41103404477607,-41.94918580933392,154.41083813506265,-41.949256419246254,0.5828868789553593,2.737185810875126,2.2608595789351287,-17.40204227449606
6762,6465,156.7614234080811,-42.9822965359411,156.76137627000682,-42.982314358259075,0.13974391065202035,1.096941115243475,1.0223982183510756,-6.795524012777472
6763,6466,157.3694121396269,-43.24258086329918,157.36961065150223,-43.2428092691039,0.973203105833963,3.71920506926118,3.628074570072994,-2.450268202239494
6765,6468,153.82430170881497,-41.686606032584436,153.824319677575,-41.68644285327165,0.5894284844588971,21.17309255286775,19.450723159455247,-8.134708659643676
6768,6478,155.34175478954126,-42.36588651495337,155.3418893613178,-42.365829571154514,0.4124912340343126,1.564491501894063,1.6742980100920402,7.018670799108788
6769,6472,155.41627188760418,-42.398950766208905,155.4161531500271,-42.39892663056565,0.32740198482326316,8.141997354774745,7.898562777760276,-2.9898631307182932
6775,6476,154.59900846925512,-42.0356156553632,154.5985370258155,-42.035726155782996,1.3218343547407794,0.751191327159866,1.0092840823389597,34.35779219588451
6777,6479,155.45769170909722,-42.418844383582815,155.45803178508817,-42.41901111551493,1.084958014145336,5.387864735073981,5.004171120222436,-7.121441122190244
6778,6487,155.67385746595377,-42.51437282405256,155.67355904360954,-42.51419932659649,1.0085659430206535,29.64755962629913,25.48129175755412,-14.052650272939445
6780,6491,157.42844427975686,-43.271663016955955,157.42878006976633,-43.27166406289229,0.8801817201781953,6.732778472918016,6.737968899883642,0.07709190175355142
6781,6482,157.4510022045618,-43.281050683544706,157.45092153717752,-43.28137804251894,1.197305020265555,4.3571151209370065,4.200522175929121,-3.5939593208225697
6782,6493,154.76137472008656,-42.11264629678171,154.76175222834559,-42.11236558027947,1.4274712349947871,0.7024137241648627,0.5990590823096101,-14.714211624799391
6783,6485,155.29722889317856,-42.35024372449068,155.297375555364,-42.35064631489587,1.5009332249098373,5.60792042096106,4.956992200435175,-11.607301310711751
6784,6486,155.50706841250542,-42.44258001042429,155.50678835761084,-42.44287974289118,1.3106712526641884,1.3593605089826084,1.4105138319070414,3.76304317996687
6785,6495,155.74488200428013,-42.54772714708101,155.74506424479142,-42.5474584074492,1.0814785785280256,22.911227367587887,22.864665581562058,-0.20322693882257906
6786,6497,156.13888300674466,-42.71944478723337,156.13900701390196,-42.71962769208245,0.7356209135220051,18.02569811807005,17.03312246795534,-5.506447759267039
6789,6490,157.3566136293738,-43.24289140370163,157.35629300545096,-43.24312854253963,1.1982381504025854,8.977195805824836,9.161602752147703,2.0541709272199933
6794,6500,153.6121826540688,-41.59838074817359,153.61227670321654,-41.59792902388261,1.6458001330027316,4.34193199094613,5.201854478996813,19.805065805816568
6795,6502,153.88924241637727,-41.72398433783291,153.8894305059639,-41.7240824745324,0.6166204353704957,2.6770220946857157,2.455010272535815,-8.293238318451948
6797,6509,153.53668524914087,-41.56470861364751,153.53717636690146,-41.56353912843841,4.413082073867229,0.9221046587682994,1.0813798419404754,17.27300493036525
6798,6510,153.66844695477812,-41.624077633353956,153.66846057941734,-41.624213075147466,0.4889670345043557,4.213314492664639,3.7486985909787784,-11.02732545825276
6801,6513,155.5710320713594,-42.47535859529367,155.57085727182428,-42.47542537997513,0.5227098538164577,4.216936014083833,4.2945280177334775,1.840009034770754
6805,6519,156.5473647381248,-42.90275300379588,156.54719546419213,-42.90259845430015,0.7133117761073892,7.889725738805471,8.569801762508739,8.619767609390095
6810,6527,155.36843411386684,-42.39029950047162,155.36874174366247,-42.39020397859452,0.8872891155705863,0.7128897651683608,0.6532323080363761,-8.368398600574041
6811,6518,155.96527281247137,-42.65004796438259,155.96527757632,-42.650187359859984,0.5019822233008163,3.8919494459340127,3.8458478390958764,-1.1845376585325256
6820,6534,154.73146963392074,-42.109110353820284,154.73146993440866,-42.10927069721502,0.5772367789203922,3.8455768939866375,3.892593406628534,1.22261272984599
6821,6536,155.22253335673116,-42.32911806422929,155.22206432573088,-42.329143169528756,1.2515652840543672,7.644089736472437,7.20395738702287,-5.757812435790134
6823,6542,156.1142149565058,-42.72072305733363,156.11472444350179,-42.72082589822664,1.397429992869114,7.465667604362703,7.583640918864499,1.5802111847687452
6824,6540,156.56222509471107,-42.91273288618274,156.56199553369524,-42.91311387678412,1.4991779610055305,112.06895759747596,128.10085588610386,14.305387176179977
6829,6550,154.4474763434922,-41.98605280636087,154.44801575995132,-41.98588500674587,1.5647372633395735,5.067280915967745,5.008412205544265,-1.16174160066746
6831,6549,154.43437411192465,-41.98175588344149,154.43407227442364,-41.98170887211959,0.825283560454689,8.990966646791696,8.866660892772469,-1.382562731044987
6832,6551,155.38195229501903,-42.40339861172509,155.38221494128848,-42.40366292139625,1.180190458614275,4.452313999505415,4.643387125427009,4.291546506891017
6835,6555,156.0867298238073,-42.71286660414834,156.08687550054717,-42.712826001386965,0.4121281017885044,80.16352972786856,82.13612664357551,2.460716141621167
6838,6554,155.719880284297,-42.55285836771816,155.71957434550546,-42.55277593974837,0.8638987951123341,1.6461799074613066,1.3658121115837467,-17.031418899404223
6846,6558,155.3109346079017,-42.37623267055206,155.31061539572025,-42.3764624372836,1.1852718659280748,12.188459190618678,12.25694634858837,0.5619016882987601
6850,6568,157.45609086839133,-43.305800384723206,157.4564322742653,-43.30563581133784,1.0728246911615507,6.872862257042527,7.052046107685724,2.6071212246337345
6851,6560,153.59027013124518,-41.60497633968101,153.59022241248067,-41.60489758886351,0.3112458559014834,0.7623428010167519,0.8880324846354555,16.487291996601623
6857,6564,156.18448856352828,-42.76072644165245,156.18430166302332,-42.76109887487388,1.4288695675339598,0.3735869490311842,0.5316418652832675,42.30739769201361
6860,6570,154.00004196242836,-41.79371927567834,153.9997890613187,-41.793995261186005,1.203278227322487,1.0131311542464312,1.0094794980399409,-0.36043272296827517
6862,6571,154.53649138568417,-42.03366251644682,154.5364272449523,-42.03377391571099,0.43617118694246243,17.15479217763465,16.64007080814627,-3.0004523759806467
6863,6572,154.90152651812554,-42.19679515147609,154.9014040573824,-42.19679727950208,0.32669652595626997,0.771423871871948,0.8263503229839112,7.120138890526922
6864,6574,155.33660802512594,-42.39202060855548,155.3365164401115,-42.39167987428248,1.2505792992412932,11.90043353407555,11.917889066466113,0.14667980238351555
6869,6582,157.42662348439507,-43.296693023863234,157.42660888932946,-43.29664419225872,0.1799050261839881,2.984044572965287,2.925187670832165,-1.972386829149642
6874,6589,156.96661271519113,-43.102349864805774,156.96656849692803,-43.102139414567695,0.7664842576804202,0.7241964902444883,0.5820123540542947,-19.633364439834867
6875,6590,157.12908405995145,-43.17217630262031,157.12890194357482,-43.17207998461525,0.5906382763299778,24.90513710522268,23.89630124301636,-4.0507139468618405
6884,6594,156.4773746228936,-42.893845374053555,156.47676382094554,-42.893956494409146,1.6598641906202338,5.5294029096305755,5.593284327160928,1.1553040820933917
6886,6598,154.35213094754914,-41.95884929229576,154.35227437321367,-41.959084447531566,0.9295616825639619,10.107812378824674,10.08884851950731,-0.18761586193558163
6892,6606,154.90888339125038,-42.211846870020224,154.90856879737146,-42.21193888780887,0.9018724885686036,2.920204017886549,3.3037800456515014,13.135247585973781
6893,6608,156.01610710240737,-42.698770640479175,156.01503888391653,-42.69934503437516,3.5019129268222122,1.6680317205816588,1.632738700479932,-2.115848257934791
6894,6613,156.43712735702132,-42.882419279081404,156.43703711886565,-42.88218331943089,0.8821771473678325,5.202389288838464,5.67132782412023,9.013907057817754
6895,6615,156.75663275202876,-43.02073267569796,156.75667749960115,-43.02063933034445,0.3560843097977723,2.172205259670635,1.7607036236015372,-18.943957263573363
6896,6610,153.8115077272327,-41.719097559028945,153.81186922381727,-41.718979989322996,1.0595832336104376,5.756165130711287,6.261418592421725,8.777605406327243
6899,6612,155.57663198183985,-42.50920718652777,155.57686931452923,-42.508890425289984,1.3027167183995714,3.083926339972407,2.2387700283841943,-27.40520422403392
6903,6614,156.591781014314,-42.950180929549745,156.59191765164167,-42.95006183637071,0.5598601380264403,5.101271020177591,4.676710864729981,-8.32263476628281
6905,6616,154.1275216818251,-41.86402450406767,154.1275764211435,-41.86424411916023,0.8041198905377555,2.0905663088091546,2.391135676344435,14.377413730851382
6907,6617,154.58515158288102,-42.07000856615093,154.58487214897124,-42.06980848170856,1.0375349957424296,267.8810221727252,255.0710392856949,-4.781967301427805
6908,6618,154.6971534655364,-42.121228528383774,154.69692500582536,-42.12135153639995,0.7538184599997134,2.021426590096091,2.288872883098877,13.23057163258512
6915,6622,157.06722915746312,-43.15655818914869,157.0664144035247,-43.1567534623496,2.2521897684453736,2.1993857203932814,1.3592070247423202,-38.20060700861171
6916,6623,157.47909777916237,-43.33231045886186,157.47869719551477,-43.33237289585256,1.0727755392611307,9.405900661783043,7.677974891494651,-18.370657233380086
6919,6634,155.8767284496822,-42.644943238084906,155.87699287930465,-42.644992702258904,0.7225069205984009,30.275865556799907,29.80833204123823,-1.5442449190578773
6921,6635,156.22874048686586,-42.79830602411388,156.22827912102375,-42.79810468520032,1.4179539143668543,2.0771688088770675,2.3185449001943863,11.620436927695275
6922,6628,156.27618546545023,-42.817773311510656,156.27658514365294,-42.81769430957078,1.0930669065450895,1.1311600908359618,1.297109484578448,14.670725663583536
6923,6632,153.75119486176376,-41.69890782577528,153.751159815861,-41.69893835600814,0.14475445042288637,12.302860133467735,13.124506956419996,6.678502511112167
6926,6640,155.06094995782678,-42.287875279837394,155.06089732850648,-42.28750252494379,1.3492176546869545,22.49664058648117,22.269602839833688,-1.0092073337559373
6929,6637,157.16930434953076,-43.204556693719226,157.16904795767167,-43.204652498914,0.75604781798699,5.8910693863410275,5.568986446021228,-5.467308551255192
6932,6641,155.11281940290868,-42.31198810113448,155.1126403855714,-42.31211710628524,0.6654371420788564,16.75530854554372,13.914949842021981,-16.951992831413225
6935,6642,156.31457170114024,-42.83855130211964,156.31363306984895,-42.838125042700746,2.9144873021015982,2.083464343070523,2.2603594010780443,8.490428866510905
6938,6646,153.6001559240329,-41.63410180830294,153.5997162470347,-41.63433655437441,1.4538549106600112,96.45250739549685,76.39842813688621,-20.79166192785458
6939,6647,154.00098200114067,-41.814380610413245,154.0006301368413,-41.814493306647634,1.0275719381241437,5.181558319337292,5.029514933290328,-2.934317760731277
6941,6649,154.38528481285138,-41.988256842679796,154.38536231582236,-41.98839064015615,0.5244184812018076,2.483720138455058,2.272365693874939,-8.509591773555746
6945,6651,156.38044316054723,-42.86897229086876,156.38041223361213,-42.86922656095659,0.9190021936147191,1.0538150777039148,1.118367277887363,6.1255718910471995
6950,6658,154.70630070848668,-42.13586386387947,154.70670350098058,-42.13568473447862,1.2538404027463712,14.141888136610453,14.1756041350252,0.23841228334612158
6954,6653,156.57421530447513,-42.95394155730468,156.57404252920713,-42.95408730644354,0.6946555885434157,3.1956979524650087,3.434797852217534,7.481930498722356
6956,6657,153.83271069223997,-41.74194238429805,153.832359839484,-41.741869266578796,0.9785104110852851,6.66734235414435,6.349117227257307,-4.772893155685003
6964,6664,156.85449946034115,-43.07915339014631,156.85429591923167,-43.07926416396123,0.6674399998911762,0.523928945145165,0.42808086597432027,-18.294098858059478
6965,6666,157.4565632180224,-43.336844657457014,157.45653234312235,-43.337148243902405,1.0958970749508483,4.082754204516244,3.9730061718852294,-2.6880881663073013
6966,6667,154.05239408221237,-41.84609257992846,154.0519223004509,-41.846115725592234,1.267956608451508,0.6391418811383096,1.2233538690128696,91.40568082224252
6967,6668,154.1577637216063,-41.89529131754695,154.1574037139725,-41.89522833059027,0.9910102312015483,11.644668859543804,11.299849519204926,-2.961177724313467
6969,6675,156.15267283402002,-42.7788970198399,156.15253671600644,-42.77881742559308,0.4598546928400673,5.0475663818298955,5.271586223849127,4.438175252645562
6972,6679,153.67182825760048,-41.67573580670172,153.67181476867555,-41.677083464572185,4.851703908913723,221.07642081924763,44.823697098168566,-79.7247951943204
6974,6674,154.3425375571717,-41.98078678522701,154.3422525513661,-41.98065967048611,0.8894610358144119,7.372178209716038,6.885265030368576,-6.604739677965782
6976,6681,156.23815015458376,-42.81821913603084,156.23757308162754,-42.817998457647505,1.718504515082615,2.6212119214210463,2.1665616554697307,-17.34504036990777
6978,6682,156.30540253762797,-42.84741563857982,156.3056401207864,-42.8474995490752,0.6960436192130579,2.969386749907731,3.5899545330398004,20.898853379451243
6979,6683,156.58072025399989,-42.966228678152795,156.58061341294686,-42.96596353372453,0.9951506151149323,5.656260288586434,5.777588896593967,2.1450322619055755
6981,6677,157.313723158988,-43.27828103890564,157.31329012510326,-43.27851268554195,1.408379769958596,26.88974275576713,26.575708102681112,-1.1678603843045932
6987,6678,153.48761638370277,-41.594878210046524,153.4872549443735,-41.595207438034535,1.5335135357335066,1.7997190890448231,1.8116463497314506,0.6627290202804734
6990,6686,154.6136770503104,-42.10427008801006,154.6138247520259,-42.10477294820745,1.852782854686753,1.3974142638469,1.4679187824487108,5.045355584658264
6991,6696,154.8486089846105,-42.21134854340954,154.84855014449454,-42.21096385751762,1.393728122769074,60.46023717704188,59.9099386011464,-0.9101826284340858
6997,6695,154.49364664729472,-42.05332304550384,154.49422601470457,-42.05350384234165,1.6799040901930533,1.251722384194181,1.5473963099163577,23.621366003814195
6999,6697,155.06898818811052,-42.30862339813553,155.06846610644092,-42.30871994778491,1.4327408254588418,0.19269263709091117,0.2800370597119535,45.32836539043978
7000,6707,155.3950148726625,-42.45527425263113,155.39495188724635,-42.454962883447514,1.13334452989736,11.338725081237078,11.898448472929148,4.936387359971196
7005,6701,153.5886157989319,-41.646671010392986,153.58884699214673,-41.64671205522687,0.6392503091418731,7.8750186295073945,8.159736831283942,3.615460675987724
7006,6702,153.93666213319906,-41.8053849929118,153.93649154046093,-41.80546200569497,0.5351924015936453,3.405406957048807,3.7442629203508546,9.950527721823498
7010,6715,155.2163118865426,-42.378532598294264,155.216705307994,-42.37829603955237,1.3490271839465175,1.2946716748300848,1.489472349036936,15.046337847193353
7013,6720,157.425880890258,-43.3358151109055,157.42579243116302,-43.33582308677091,0.2333975602187333,4.623317460984389,4.9852447035238185,7.828301768020253
7015,6717,155.470396346778,-42.49135230206508,155.4697658080192,-42.491041245272896,2.0138529868918282,67.24083884064642,63.827482275947986,-5.076314667619958
7021,6719,157.35234890524154,-43.30634194205782,157.35160433183287,-43.30624749188962,1.979981121294109,4.546285891267344,4.258491551358733,-6.3303176877066925
7022,6722,154.61943746120653,-42.116597054973774,154.61914373230059,-42.116679726564165,0.8389421385293827,70.42674223634893,69.02097870846954,-1.9960649651544415
7024,6726,156.39600563331712,-42.898239885809524,156.39598811431674,-42.8985526747218,1.1269875114043195,2.4098358004454656,2.4118026150505156,0.08161612524332246
7028,6728,154.11648163741086,-41.892211822826646,154.116437163399,-41.89208996701742,0.4545829988556821,8.744236364045385,10.34280785996465,18.281430525966595
7030,6729,154.8878303473764,-42.23798407534657,154.88836006188055,-42.2379890478048,1.4119576903434932,1.5744643480519052,1.5189923708810698,-3.523228534166
7034,6731,156.48381016071048,-42.93801855470642,156.48375790413476,-42.93819900424874,0.664057040938586,138.06118013862266,143.17202590788068,3.701870260797705
7037,6736,154.7343680192627,-42.170380594710906,154.7342685566239,-42.17037032306311,0.2679447432661591,4.022858474549845,4.358263043515871,8.337468769729897
7038,6737,154.9108149802749,-42.24865130994815,154.91038486888414,-42.24835185205321,1.5735059376905953,2.3944044198473056,3.0528442091463504,27.499105157057567
7042,6746,156.2322423940516,-42.83160020739697,156.23246082992327,-42.83175845866126,0.8106362890629604,4.076967964814496,4.065358215129507,-0.28476430978081
7045,6741,153.74922405778838,-41.7286348875214,153.7494705199337,-41.72873156969158,0.7480716376138525,6.220220667507544,6.094363206070568,-2.0233600729699996
7046,6742,153.967595229967,-41.82700770490212,153.96743809238882,-41.827093490756134,0.5225576264476632,0.9587640173541943,0.9034524953848138,-5.769044412202515
7051,6744,155.40235238725873,-42.46995647458338,155.40221863188148,-42.470213869825706,0.9923633352441827,9.804619732996745,9.982252266989402,1.8117228289318315
7054,6749,154.3627331323027,-42.009623437946786,154.36260160351938,-42.00964928739972,0.3639272883479442,8.475981633353799,8.440774338045468,-0.4153772015006069
7061,6753,154.20826873312816,-41.94034311107847,154.20822471497746,-41.94047204094722,0.47888093774010554,8.819313149559388,8.613637158831613,-2.332108943631855
7063,6754,155.9744987434612,-42.72357544047919,155.97409660015492,-42.72355580832555,1.0658893754881704,7.818894758455779,7.20990168022766,-7.78873609431206
7067,6755,154.34266176966688,-42.0043318787758,154.34234073616548,-42.004208305525374,0.9671910816353451,139.56191497764485,105.80325282548296,-24.18902188148492
7082,6775,154.03089987984765,-41.86986225168824,154.03094271791437,-41.86991380597761,0.21825171197810106,2.9558777372292893,2.9430855843199177,-0.4327700279431155
7088,6779,157.37011642297566,-43.332306039884536,157.37019998319772,-43.33242496527964,0.48080578063503154,1.754145720682937,1.74506680167441,-0.5175692590118627
7090,6783,155.34107442370146,-42.45519220926962,155.34126293173853,-42.455411580512894,0.9350825817807144,2.1816094235360994,1.9487319445475217,-10.674572472790029
7096,6788,156.50555422607954,-42.965733976345916,156.5056563215795,-42.96586968658386,0.5576953485749636,2.9949860126453434,2.8400713002571263,-5.172468643731245
7099,6784,154.171964981838,-41.93716536767996,154.1716551801598,-41.93737934668525,1.1321196484164995,0.88310783241522,1.432565523218351,62.2186408765523
7100,6785,154.73381231889778,-42.189335914864536,154.73340484993398,-42.18941796943135,1.1262878160142433,3.443734142588824,2.9904355068801833,-13.162997401648251
7101,6790,154.79198761104192,-42.21546476202043,154.7924299713227,-42.21508814979455,1.7970231832316788,5.580097021103153,6.032258461769957,8.10311073368065
7102,6787,155.59812455659537,-42.572004127663575,155.59829773247708,-42.57221873895165,0.8987192034549539,8.049364686826198,8.123198005115873,0.917256468830537
7106,6794,156.9821609084282,-43.17241091552272,156.98253181044987,-43.17228391587089,1.0757816855066111,0.9260178240185575,1.2161326350416495,31.329290160323964
7108,6795,157.05872196910855,-43.20552318063011,157.05888882980256,-43.205513086617636,0.439356081104175,33.721837803646274,33.36113236917464,-1.0696493962515614
7109,6789,157.18101774312882,-43.257528486079146,157.1811740910341,-43.25778304245497,1.003904249563539,2.2459105917176037,2.083938114229502,-7.211884483978051
7113,6800,154.5549652669627,-42.11206468328604,154.55523569059824,-42.11176944332947,1.2850085941858127,42.50031869664028,41.6612291492765,-1.9743135418655307
7115,6793,156.71029180260575,-43.05588189206012,156.71036158832632,-43.05617709725885,1.0784763668291262,3.7419796411062944,3.6700811336570918,-1.9214029563225068
7118,6797,153.75324263366298,-41.75119602026697,153.75381468051873,-41.75139712754997,1.6984133037462241,0.8875883881912057,0.8403853293626152,-5.318124871460338
7119,6799,154.11730568976768,-41.91522767811295,154.11734053820183,-41.915282442998304,0.2181390828634224,4.172859865792731,4.144167301752249,-0.6875995112055018
7120,6803,156.45331949280987,-42.94831732889782,156.4535484711464,-42.94836830361487,0.630666344337836,3.5129819884531814,3.1070195503171876,-11.556063750692475
7121,6805,157.49624115715693,-43.394889736146304,157.4960291847191,-43.39491720571316,0.5632455070759704,47.39324174512791,46.83424310954412,-1.1794901867865086
7125,6810,155.86498421643802,-42.69526570095902,155.86493838622744,-42.69518591669632,0.31177189654937554,1.1605469745566648,1.1921423285580588,2.7224536958931465
7134,6809,155.46837920594172,-42.521998026895375,155.46852158470068,-42.52192981708472,0.4505625456036237,2.663840630156566,2.5629300756111655,-3.7881603502484893
7135,6817,156.65325948123447,-43.03958957866101,156.6532988775183,-43.039628383902986,0.17395650622337314,6.6290502549660735,6.338907259895086,-4.376841084492165
7137,6811,157.3812284819691,-43.34872872054185,157.38100215878987,-43.34886264758453,0.763869576894892,1.771832888651974,1.4538759463860487,-17.945086373683345
7139,6807,153.72327699919433,-41.742291386484105,153.72277747261114,-41.74261755273186,1.783014593434497,8.363978970028544,8.192799328378028,-2.0466292689630237
7140,6812,154.03179433588474,-41.88229291834667,154.03194176928278,-41.88276202465765,1.7343983810875034,1.0099059799839374,0.98296085755778,-2.6680822730236726
7145,6825,155.9737097034492,-42.74682960971534,155.97375076271265,-42.74668714588843,0.524231009529328,15.585923292961347,14.695779613349817,-5.711202749300849
7151,6821,154.00972980826373,-41.87652994546624,154.00988168396793,-41.87662876220565,0.5406332871289444,9.42087576294341,9.639236642677483,2.317840562052474
7153,6822,154.28457139209326,-41.99794579684726,154.28404516872976,-41.99815365234744,1.5943624922538497,1.6099355217266493,2.2713232286513176,41.08162705891058
7155,6834,156.3426742158269,-42.90912773918416,156.34293223245555,-42.90931818302516,0.9658625378754674,3.749235331763326,3.233198998602031,-13.763775476814216
7157,6827,157.32053990255437,-43.3282865354511,157.32019329713455,-43.32842112036041,1.0288936237482351,15.112086392426086,14.440176853741196,-4.446173223451391
7158,6829,154.5060115914137,-42.10185303762086,154.5058580182161,-42.10176178747816,0.525524844212791,1.1644082477938216,0.7986804069840195,-31.40890160325972
7159,6830,154.73685117806684,-42.204800142791,154.73672694517694,-42.20498035408078,0.7284530519895037,4.332133444424712,4.297655954137228,-0.7958547613960381
7161,6833,155.43514536615342,-42.514252142690445,155.43510000963803,-42.51437531280723,0.4594567808012014,3.9131382010339806,3.7811830629790317,-3.3721052330858625
7162,6835,156.82470580804997,-43.11760198990567,156.82439021859915,-43.11752587538433,0.8734110256284413,0.3226176177652523,0.3728882544080897,15.582111414453529
7170,6842,153.56093702318088,-41.677005565326276,153.56104645660446,-41.676823857201164,0.717283153732526,2.3278550961520845,2.420814294786906,3.993341286082707
7180,6845,153.71312076164904,-41.74992995388999,153.7134429705564,-41.749907972519864,0.8690023808930408,4.293353535011547,4.414149665335907,2.8135612252587454
7182,6851,154.374143619614,-42.048922908690486,154.37454995157515,-42.04875803312377,1.2378238786369822,82.93629501656152,89.32209704559737,7.699647093905846
7184,6847,154.74498150444245,-42.214420324562745,154.74531016350358,-42.214541691198406,0.9791826221453438,2.098647443984193,2.026141358391152,-3.4548959521944074
7187,6854,156.55511800296347,-43.008611719364566,156.55481998252247,-43.00842577908792,1.031300770960862,0.43263342248335,0.5728984309582233,32.421214170126085
7188,6855,156.5837866212364,-43.021803281278295,156.58405432152065,-43.021839003273605,0.7162104705322436,25.06457133670651,25.686391158687815,2.4808715602116176
7189,6850,154.02109568790004,-41.89137339409475,154.0205880732806,-41.891351404603625,1.3626496649537583,1.1939585130516335,1.1137076855951207,-6.721408372171998
7192,6852,154.63580519935533,-42.16583603933016,154.63569311072698,-42.166067905264754,0.8866835876379073,5.428504079397144,5.8221031538202555,7.250599219717671
7194,6856,156.64197274203423,-43.04816812096343,156.641786647277,-43.04791665850928,1.0291713297533978,0.8200657946050309,1.0496143559043154,27.99148102620744
7195,6858,156.8502252194696,-43.136604803593414,156.85018455562852,-43.13653429382395,0.275397458715195,26.547849095885645,27.395623980100453,3.1933844476545357
7197,6859,157.4476193715743,-43.39203462595298,157.44755177741507,-43.392085718414165,0.25514529404094877,8.438831523797042,8.67922101695339,2.8486111196610926
7198,6868,157.46620446530258,-43.4007696311193,157.46607709639417,-43.40064707425111,0.5528572960453249,5.257089400980662,5.351754730501238,1.800717513058028
7199,6860,153.77817105868095,-41.78333926795462,153.7782654282163,-41.783283324582825,0.32362763666951977,1.7352843538055727,2.4020580037917814,38.42446043635084
7202,6871,154.5887476029233,-42.15042638167236,154.58855127643875,-42.15034803009559,0.5950882678321164,1.5808121149529748,1.7956628902442011,13.591164519739122
7203,6883,154.9843607394199,-42.32744291630402,154.98488388439975,-42.327416141268664,1.3956889651595021,8.74545472950958,9.107291212968285,4.137423320456604
7204,6875,155.21781617390997,-42.43045917644981,155.21764811015538,-42.43057572018021,0.612742300059308,41.8547157533548,41.9864362022406,0.3147087407354715
7205,6885,156.60145083133412,-43.034792299100594,156.60178228424945,-43.03499208570422,1.1304815147443197,2.9331317515197526,2.547978310445558,-13.131133331280944
7207,6878,157.0327977605496,-43.21882478634122,157.03290974828914,-43.21882324077146,0.2938499716395795,4.387379679724228,4.346123085896985,-0.940347014367271
7210,6880,153.6703447008315,-41.73786815260978,153.6703348306847,-41.7376834603079,0.6654207420049866,1.463381683259706,1.7739380050127733,21.221826493092234
7211,6881,153.9382744459289,-41.8587643492853,153.9382002733103,-41.85875229168408,0.20355746002957217,3.9563747601731833,3.931539585238125,-0.6277255427130282
7216,6884,156.3805822815365,-42.939025368425916,156.38022524171063,-42.93908413192202,0.9644594983408786,1.9479099510860494,2.0003056364449754,2.689841249063542
7217,6890,156.7929731666766,-43.11911252674641,156.7934767571734,-43.11892324717979,1.4884513235112062,0.4601316626574552,0.6189838004442912,34.52319209449698
7220,6895,156.02464689285472,-42.78909992632797,156.0247036282546,-42.78893445970693,0.6142484777188669,84.50425898493907,84.30649031573346,-0.23403396654938183
7224,6891,153.99503504564262,-41.888619206480215,153.99461260586176,-41.88842537410803,1.3299100886739401,7.091651162919909,6.721332856530216,-5.2218911771348155
7225,6896,154.0767648720794,-41.92667309786258,154.07679819748708,-41.92684290454058,0.6177861681906917,2.8773082818611475,3.0331533657510983,5.416349887581198
7226,6893,154.5080196594452,-42.11926579695053,154.5076909631014,-42.11893355621862,1.4835662490654087,18.072936819275085,17.188310396871955,-4.89475745557668
7228,6894,155.22667015261382,-42.44054205812504,155.22635023279364,-42.440467419756104,0.8913997900059111,29.76691095648192,28.064927432237347,-5.717702877308318
7230,6900,156.2943511385303,-42.90792512715091,156.29434552374437,-42.90786822339778,0.2053878133472426,2.6791384722495573,2.8606915739871592,6.776547894710334
7241,6911,155.20759957318128,-42.43787606775769,155.20716848715557,-42.4378829893034,1.14559493445815,5.142009093723746,5.259130860448021,2.27774328262531
7242,6912,155.57298163502963,-42.59730701511304,155.57270371930247,-42.59729666415793,0.7374366182320435,0.4852996494106371,0.3020236296126743,-37.76553723468353
7244,6919,155.69378012632686,-42.652292040758134,155.69359861155323,-42.65204983139771,0.9956312438207277,57.37115603892695,59.41091049039127,3.55536578360095
7245,6920,155.98633429175547,-42.78057376333896,155.9867188513106,-42.78050398766579,1.0466939736483778,42.288966257411076,41.903967304426686,-0.9104004828136916
7247,6914,156.72729691261694,-43.10043881337147,156.72711813433537,-43.10057672248696,0.6836075905533499,9.81138208762546,9.589039585236772,-2.26616903105951
7248,6916,156.90488886092578,-43.17487988734001,156.90477103644025,-43.17520980227637,1.2273152002255818,0.8539562857685162,0.9342205389117708,9.39910560773271
7249,6923,157.13348530446302,-43.27514973747816,157.1337627365644,-43.27510534926836,0.7445154671345992,5.939998026389446,5.936710463594453,-0.05534619338908092
7252,6918,154.6607968348585,-42.19489866472286,154.66036330483928,-42.194877158600676,1.1588623676888912,6.192955656331085,7.259048837677954,17.21461028478376
7253,6929,155.32372731788766,-42.491650852243566,155.32396797609672,-42.49138771970933,1.1425638319628297,2.019933276366235,2.3083030295401787,14.276201919536033
7262,6924,154.0592769085943,-41.9275645685245,154.05951374952534,-41.92692606547256,2.384535974363112,1.4568019227652165,0.9838416035597277,-32.465657260236384
7267,6925,154.13034455882192,-41.96107980509296,154.1304029589976,-41.96071209247252,1.3329649741368759,0.862960244972612,1.3291302594347731,54.01987138781301
7270,6935,154.68572433571595,-42.21165266577736,154.6858402628815,-42.21190996200528,0.9764821063956592,5.297344727013774,4.857287661047726,-8.307125336245912
7276,6940,155.23806354605875,-42.45944952823303,155.23797220939366,-42.459678883947156,0.8605780611258959,30.991179413952974,31.31487913748556,1.0444898505116171
7277,6948,154.09745868921544,-41.95217635983045,154.09780443383823,-41.95181809839776,1.587547556662179,14.837122153862008,15.629375809882864,5.339671991678234
7284,6950,156.08737182413674,-42.8343573899587,156.087322798059,-42.834283932272164,0.29442131896752954,2.2889060258003493,2.2292795687704534,-2.60501988101703
7290,6947,153.76445285742474,-41.80295188469043,153.76438937966546,-41.803091243488566,0.5298235629335567,12.009420516219203,11.302659038575708,-5.885058955917024
7294,6955,155.49209330599697,-42.575800710360284,155.4925923281878,-42.57552491871738,1.6540300393019578,1.3206336388408204,1.7821677688553716,34.94793078416967
7296,6951,156.23595480659628,-42.89852358446055,156.23538392160896,-42.898648057843566,1.5708174105649082,23.986716312160258,21.74831674269711,-9.331829919247319
7299,6953,153.57651884841556,-41.71917469768961,153.57673789734127,-41.71919769227029,0.5943979069941341,4.330837009325947,4.617034609793036,6.608366924241114
7304,6959,153.8130774468839,-41.829037048047375,153.81271224196192,-41.82895463349567,1.0236032605828036,6.079706497230305,6.170689969349475,1.4965109279636906
7306,6962,154.9877895494905,-42.35568529014189,154.98750857329844,-42.355698442572056,0.7489834941606202,1.3136728703203453,1.518381287506761,15.58290665898403
7308,6963,155.85593459100915,-42.73914000333524,155.8560920377913,-42.73959954070016,1.705907776488387,1.9899337919265339,2.2777332667450554,14.462766348617631
7310,6965,156.91917110595466,-43.196989386257265,156.91940012869708,-43.19731217500439,1.3082798854415607,4.029501857942734,3.88790870952765,-3.513911977382113
7312,6967,154.26576470183514,-42.03571750844374,154.26587307985344,-42.035849079827976,0.5552702779180325,7.864340385942747,7.642825667372668,-2.8166980026198933
7315,6972,156.57757802182886,-43.05280509329122,156.57767903450383,-43.05284246243871,0.29783839755600355,7.101048720867519,6.327584918596436,-10.892247507021619
7318,6978,154.80051401813182,-42.277228834664285,154.80052492406077,-42.2776198784,1.4080571355813292,17.1747722699606,17.906075165326484,4.258006358808992
7320,6985,155.0770679003395,-42.400711187130156,155.07699290096005,-42.400548091186025,0.620074045029275,0.5241585353202274,0.6863779258555742,30.948535529663967
7321,6980,156.7441923009431,-43.12643915075296,156.74398110674915,-43.12652161031528,0.629315738582458,3.4326773051904396,3.6372770707229383,5.9603553536223775
7323,6982,157.3703032118875,-43.39406716351217,157.3702211313977,-43.39400969750035,0.29816360414217286,3.5760472934465555,3.6222369582922957,1.2916402120963892
7324,6983,153.6700942694138,-41.768598400249296,153.67032722552497,-41.76869396324392,0.7138601189061381,21.13557990748094,18.825142999605816,-10.931504685411271
7325,6984,154.04333534898547,-41.93759511138903,154.04314788045886,-41.937503224839695,0.6012134947156598,5.149907628573264,5.327429076663957,3.4470802370463827
7338,6997,156.25327925010015,-42.91919983003753,156.25317799860355,-42.919114925740736,0.40580588277243007,5.805338577015582,5.784826381584671,-0.35333331826884756
7341,6998,156.7721982007317,-43.142638511671166,156.7718570083224,-43.1425681388964,0.9313474162823444,0.9641457292528413,0.9323988039544984,-3.2927517423061112
7343,7008,155.6197373858683,-42.64585901700811,155.62002583099328,-42.64584277565492,0.7660369229140844,20.536167275512764,20.54481310961404,0.04210052433486827
7346,7011,157.38567995818073,-43.4075257480602,157.385994312539,-43.40755621847749,0.8294301172071731,13.05206517216036,10.607577878943154,-18.728739559401063
7349,7005,154.40754367881271,-42.107673233247894,154.40725312760804,-42.10765132094103,0.7800005020966578,2.2944522864747605,2.283384585507442,-0.4823678850312113
7350,7007,155.30814666490346,-42.51010992021945,155.30836071922258,-42.510345217139545,1.0199049942643772,11.414430905105107,11.389034902970115,-0.22249030500182998
7354,7010,157.2834745996415,-43.36382517963932,157.28321103120095,-43.3642167239007,1.569300810188108,3.0140916829285502,3.2581477230264984,8.097167099469866
7356,7013,153.7398480512109,-41.80847970175935,153.7394514410845,-41.808660569267296,1.2476297359301658,2.685155363804218,3.4191279218971604,27.334454012861304
7358,7017,156.32074378237738,-42.9549580359585,156.32077649119842,-42.955258372540285,1.0846409111870798,70.52326563445042,68.8133790775802,-2.4245708724454698
7359,7024,156.73483762226743,-43.13368023621754,156.7350866136657,-43.133536120133854,0.83490433494759,4.595584998171544,4.6197804031249605,0.526492382646453
7361,7020,154.01225156283843,-41.93570303251041,154.01233081735754,-41.93581491547332,0.45527869750766303,5.055134296278055,4.977895937909235,-1.52791901939556
7366,7026,157.06447454720265,-43.276614815796165,157.06457000131385,-43.27689077046042,1.0244552286721298,7.066482287154907,7.084916545031248,0.2608689462060994
7370,7037,156.06359903180342,-42.847955481775074,156.06350994372107,-42.84765462788783,1.1083045923776664,67.98095887534127,62.26474673044317,-8.408548863484098
7372,7041,156.84425834105417,-43.184576948865654,156.84440513331108,-43.184415626561275,0.6969621600424198,45.70164184116496,47.03165208132795,2.9102023178629173
7373,7042,157.31597165975944,-43.38588706510511,157.31579098925042,-43.38597553913675,0.5699793863738997,1.3883178460495522,1.425667598338608,2.690288279109444
7375,7034,153.72246051752452,-41.806837546511844,153.721919834503,-41.80666478735197,1.578565599593202,10.773386766018142,11.135407068341976,3.360320298401742
7378,7036,155.40567688976594,-42.559873485482,155.40533863356453,-42.55951575214256,1.5694062272559575,0.5475711046478454,0.7287780620140217,33.09286334287386
7380,7048,156.6847642817583,-43.11841908330461,156.68512485883346,-43.118448042813746,0.9532400040655687,34.78163014749475,35.75374654054517,2.794913260040056
7381,7049,156.96559616351644,-43.23876565932015,156.96540837334834,-43.238661890405915,0.6181519483816219,1.0191584937470732,1.2263391625943176,20.328601499999944
7382,7043,157.43023695032807,-43.434921579454986,157.43066632347086,-43.4347900177899,1.2182838145265122,4.275677894396397,4.335469830860127,1.398420038658482
7384,7045,154.19674497733294,-42.02448160714402,154.19647889589837,-42.024586799151955,0.806071628279579,0.8821961641049717,0.8412323972009215,-4.643385288986135
7385,7046,154.8474837035973,-42.31404716172043,154.84751901313348,-42.31422581141506,0.6499715428808893,16.035304756792094,15.701284101459652,-2.0830327854602193
7387,7047,155.25166722812153,-42.49566971460498,155.25070865121157,-42.49618632795716,3.1516589403758553,1.5140844660140311,1.5177260440580616,0.24051353314635207
7389,7057,156.50266649361183,-43.042085416827234,156.5025738931865,-43.0418157819513,1.0007948048794606,11.197543781801267,10.00662008451229,-10.635579735124745
7391,7051,153.87647487508482,-41.87983253504233,153.87629324891822,-41.87966541332853,0.7739299656523785,4.672694101453248,4.244952612646206,-9.154065717120467
7394,7063,155.04316314190464,-42.40517895434447,155.04346773892212,-42.40505088599536,0.9317488579032773,99.57554706278472,98.73450218959248,-0.8446299297376164
7396,7053,155.45151205681609,-42.585074114673134,155.4516251252535,-42.58491575115772,0.6440827958211754,1.6981428123649813,1.3700959963605503,-19.317975709449577
7397,7054,155.48919684973063,-42.600260147856446,155.48931011437352,-42.60035450171238,0.4532822844511254,0.6904731249524102,0.3926946255826258,-43.12673275883233
7401,7060,154.3687677162008,-42.10523775445275,154.3675040358021,-42.10479265329868,3.7362170352490285,1095.0331997032144,1045.647592044648,-4.509964416782188
7402,7061,154.90292515056592,-42.34454759974539,154.9030238637392,-42.34482827644463,1.0440155001310776,55.85005334165499,54.39039345961323,-2.6135335504739716
7403,7064,155.26497172668377,-42.50521113912533,155.26487262026575,-42.50540753973375,0.7543813421939891,4.439808232335448,4.245073329580234,-4.386110673360745
7404,7065,155.82026737364026,-42.749049322202495,155.820024693526,-42.74902881920331,0.6457816766969549,2.0890825248596943,2.3089535704148414,10.524765917034033
7416,7071,154.80689158355932,-42.30566868438211,154.8067196736469,-42.305584973367914,0.5480016653996238,3.011127346776544,3.0186759669472294,0.2506908310857815
7418,7078,155.22790645679038,-42.493019975653496,155.2279919462771,-42.4929021022721,0.48121297689857684,2.23740924289816,2.4997625757664372,11.725764238304748
7420,7079,155.70253761648746,-42.70195697040178,155.7026253143337,-42.70169938166953,0.9559038447572151,7.540967616463923,6.8716619967246135,-8.875593342663857
7421,7072,156.2746514873895,-42.95039882994244,156.2741197750605,-42.950586126120434,1.5548634723343018,1.826058064419477,2.2353132461037273,22.411947881534463
7425,7074,153.97989182028272,-41.937026238901886,153.97985724640753,-41.93692351765345,0.38121115523536564,16.068231352437202,16.081791407508955,0.08439046447819928
7429,7089,153.92437486456555,-41.9133891460976,153.92400519902594,-41.91344694543515,1.011942325239863,0.9526355037307581,1.2206402711381232,28.132981225011207
7439,7087,153.61899579692425,-41.77515098222558,153.61881759732466,-41.77495249997654,0.8599129242954209,22.334743039702342,24.410612987275623,9.294353393200922
7440,7088,153.82540430826256,-41.86949750708374,153.8256545053684,-41.869672654589706,0.9205678118128957,10.110610862287018,10.08448270552391,-0.25842312713830556
7441,7090,154.69613820487578,-42.26078114389755,154.696308872269,-42.26098633451055,0.8674224201095329,65.67198082916593,64.14005357253453,-2.332695370673292
7442,7092,155.19643324654717,-42.48443348981044,155.19611561997988,-42.48438216761259,0.8632576356273055,2.4068285340784175,2.652643408781357,10.213227540825335
7443,7093,155.34821768010403,-42.551729569113476,155.34812619935647,-42.5520241429089,1.0878627395596039,2.488896459018324,2.355973312739228,-5.340645883337538
7444,7094,156.36592981575214,-42.99624807795287,156.36552151207113,-42.996343431270155,1.128550172546696,1.5513606072969708,1.207693143418493,-22.152648601621408
7448,7095,157.38038200468742,-43.429002480983975,157.38026309625405,-43.42924920061054,0.9410240346291887,5.644149193285044,4.800548641624801,-14.94646088845225
7449,7097,153.96158828212322,-41.93442282481717,153.9616059674275,-41.934513435991384,0.3296206925549422,4.62086933813624,4.794957355978877,3.7674300029624472
7453,7101,156.93913337140904,-43.24492586802871,156.93935460892484,-43.244981141001084,0.6133375874787887,1.6853785340108285,1.6645904490550427,-1.233437149950802
7455,7105,153.587030191694,-41.76588777040463,153.5878937984108,-41.765621119235355,2.509749442169662,2.384349837140272,2.7816045977626476,16.660925944442475
7458,7104,154.78118388888862,-42.302590023619864,154.78096210734734,-42.30268568791855,0.6835961580959774,126.88347712562897,126.96564578837817,0.06475915116027349
7464,7108,154.51253784923878,-42.18623072062741,154.5127704211205,-42.18643564676445,0.9639097702409836,30.2973364546442,31.10213560180065,2.656336303230002
7465,7109,154.7150594392895,-42.277283626597736,154.7149830647017,-42.2773222919134,0.24649661309367635,1.2453331273552415,1.6103749112681753,29.312781929136193
7467,7112,155.3681553129126,-42.56463302987763,155.3680105201374,-42.565079522319394,1.652584063555394,1.8485874149098864,1.3271160242067521,-28.209182129942967
7468,7113,155.7691871406628,-42.74086027965004,155.7693157738063,-42.74117718099634,1.1904596514544359,26.557310783818412,26.018114580214174,-2.0303117585714836
7475,7133,154.626289874138,-42.24160485140805,154.62652143701416,-42.24141111611713,0.9312918657624726,3.0648948689060447,3.31127495816808,8.038777830900804
7477,7135,155.41636401244935,-42.59191478910568,155.41669310442123,-42.591870935935766,0.8863632287919915,32.349109830032106,30.96253686079163,-4.286278591669982
7479,7127,156.80510016345588,-43.1950170734063,156.8044675230157,-43.19490223201697,1.7110648714595842,491.6525105830161,443.47056014981985,-9.800000894139785
7481,7128,153.4782898572566,-41.72391248240783,153.47843029917178,-41.72368089533653,0.915136042357766,3.4778801661766847,3.4173317428135626,-1.7409577233848301
7482,7130,153.8478883885499,-41.89213453105323,153.84669636415296,-41.89171358684279,3.5356757321153904,1701.5875302827656,1631.5462180202262,-4.1162332830977
7483,7131,153.87678125207705,-41.90581488738326,153.876507624456,-41.90606875347273,1.1716292645366557,3.1545083950784236,2.666577900042729,-15.467719020718102
7484,7132,154.25694418205512,-42.07756411766656,154.25731624053222,-42.07761341606635,1.0098782201899974,0.8564518432235598,0.6848580289424285,-20.03543055442291
7488,7136,155.64391729426202,-42.69189539760818,155.64376538050976,-42.692070591894705,0.7479042902383966,1.459886754218299,1.6518441683923262,13.148787987792343
7492,7137,156.54870342185347,-43.08727009222877,156.5486804611858,-43.087402167030405,0.4792860938485709,1.636727436130994,1.8700542561890172,14.255691870698811
7495,7144,157.2887741860163,-43.404541659638966,157.28874049622647,-43.404368635796864,0.6290874235003421,5.37014144154756,5.182222281580477,-3.4993335280369973
7496,7138,153.705714374932,-41.830318467475706,153.70517965183913,-41.8303194818358,1.4343691227322966,4.478622999239205,4.510431967109279,0.7102399080136476
7499,7141,155.81245626558638,-42.76933196722114,155.81260927591885,-42.76954163139803,0.8562831271141439,2.8888357837901326,2.6583465776359154,-7.978619187962874
7501,7142,156.9665247530897,-43.26835972192818,156.96628294827104,-43.26874644466895,1.5297039501313137,1.7821370156257417,1.8129270218779316,1.72770140467449
7502,7143,156.99610867896254,-43.27928781945829,156.99623586023407,-43.279736436348045,1.649059634765314,1.5415976598725745,1.48269377500764,-3.820963562555177
7505,7149,154.43134676962518,-42.159756303886184,154.43100871380938,-42.15970559026491,0.9204225096545113,1.8549727465048025,1.9840007366125167,6.955788992093432
7507,7150,154.91110325494813,-42.371873439345684,154.91051171401404,-42.37224356011557,2.0616932085128576,1.6471988452405277,1.5145903683629613,-8.050544550873735
7512,7155,154.3526540204961,-42.12482397003118,154.3526407975474,-42.12502307700989,0.7176541186941147,6.655953294755466,5.873585486195756,-11.754406527704656
7514,7167,154.40972292853561,-42.15290294266889,154.40964261465905,-42.15269467362171,0.7798065683050104,3.223709009742884,3.358912936588006,4.194048731957519
7515,7168,155.61795448209864,-42.688693707393355,155.61820212372967,-42.68872522789676,0.6650548768626198,199.00874123593508,204.70094759450356,2.860279565217731
7516,7158,155.78254382647938,-42.759005881308546,155.78268054421727,-42.7592292705174,0.8816613274101719,8.913073873979751,8.997392529261475,0.9460109550744111
7517,7160,156.31515639597853,-42.99221626613532,156.31494801575354,-42.992337937054394,0.7020951084400112,283.25885825662704,285.18984633114894,0.6817043909611711
7518,7162,156.69731989939913,-43.15690465188925,156.69728733294554,-43.157026143335464,0.4456525255893155,86.51273530227185,87.88093402103877,1.5814997803346418
7519,7171,157.21253863633672,-43.37765844909618,157.21280410318113,-43.37778609378672,0.8328675443268154,10.924871770095859,11.123333610424107,1.816605672860053
7520,7154,153.5745301936853,-41.77448604062285,153.57385232513167,-41.774447206224245,1.8252915813880874,7.162587178897853,6.42766672424222,-10.260544637010884
7521,7175,154.5327077255505,-42.21011452364467,154.53301068343163,-42.20957841591882,2.0922343442043276,2.2770056264064045,1.7167024879578727,-24.60701598409348
7526,7181,157.3363989128184,-43.432247409091104,157.3366420952492,-43.432324488536956,0.6936649134766868,50.55984871151114,49.22030880459829,-2.649414389184811
7528,7176,154.68164005928273,-42.276155224949306,154.68126403112922,-42.27607605691234,1.0413784403396948,5.05138297581058,5.408896982757742,7.077547053137321
7530,7177,155.31169214846565,-42.55633378567695,155.3113270445625,-42.55662869348788,1.4368424781691227,0.8313379542268972,0.6062716972526021,-27.072775377324792
7531,7184,155.7520283630997,-42.7512146766578,155.7521287156655,-42.75116044583868,0.3293785357983928,3.700109422200844,3.40993008113724,-7.842452964296489
7542,7192,155.00582246271537,-42.42627267902224,155.00625194081726,-42.42630349900817,1.1466435859695827,4.78041344360417,5.630082917097037,17.773974647102143
7543,7188,156.37849638267846,-43.02814961666215,156.37920603580585,-43.028181831665485,1.871167521654142,0.9689348348173665,1.5750387423715975,62.55362959145491
7546,7191,154.50788371584497,-42.20623565648332,154.50793443972876,-42.20667852900943,1.6000684999283277,6.898832580688992,7.434088105613005,7.758639141675714
7552,7193,154.1934183079536,-42.06700477309717,154.19351876721447,-42.067205725382344,0.7716400750550839,13.762539220390385,13.30197065957407,-3.3465376805898046
7556,7203,155.47045251405427,-42.63568966632701,155.4703961377468,-42.63533394311526,1.2892783716020584,189.8914621373798,185.28651343419716,-2.425042522370548
7558,7196,156.473649179818,-43.07228307498608,156.4738902588472,-43.07248312554684,0.9594767717722251,2.18902900397093,2.053740193729903,-6.1803114529597805
7560,7199,153.77710195899786,-41.88051185645934,153.77715774315965,-41.88062388813167,0.43013780551803116,3.6878927947281586,3.448225693988742,-6.498754548451643
7562,7200,154.6664912987992,-42.27913564016626,154.6662510302049,-42.27932075252778,0.9239335976869714,1.7501787437697898,1.3505750892089305,-22.832162485309055
7568,7213,157.18249573065899,-43.37889459437758,157.1822375334551,-43.378867945490114,0.6823713100139647,194.91917968838294,221.07877423779598,13.42073909362555
7570,7206,154.46740387424424,-42.19250954160613,154.46703908835687,-42.1925166217731,0.9732952874711931,2.154051349552169,2.0742736456604116,-3.70361198252508
7572,7217,154.68595854002277,-42.29238717646298,154.68643834181907,-42.29217274586996,1.4928005355150866,1.7393056150916328,1.5909549072597853,-8.52930655456039
7573,7210,156.30773580620843,-43.00481442384521,156.30784814499043,-43.00513977246212,1.208017500472546,4.147208045787996,4.131993146210282,-0.3668709022969454
7577,7211,157.03658494862876,-43.31882831471496,157.03599668498632,-43.31883570578388,1.5409923877511778,4.097342000931966,4.520144009040813,10.31893378714
7578,7224,157.2785246501342,-43.42156963138426,157.27844137923333,-43.421497643213264,0.3384813837652767,2.687309378132581,2.275167077994262,-15.336615258817657
7579,7214,157.3807391795914,-43.46307447982381,157.37962281833728,-43.46279134418559,3.0899542827641446,2.5256878740355457,2.0956473933648985,-17.026667669094373
7581,7218,155.4261363179022,-42.621838092453025,155.42628189107663,-42.622220632597084,1.430116701374095,10.41394507078218,10.789795630146969,3.6091083332030602
7582,7220,155.79702355505376,-42.782714912624165,155.79620407024458,-42.783056293307425,2.4896778160466844,6.131107933366887,6.804037664081135,10.975662768094672
7584,7232,156.68645709127892,-43.17053653846578,156.68663781405718,-43.17065344272985,0.6342448945499962,25.839221393122052,25.60171762550616,-0.9191599236001377
7585,7226,153.97179387961654,-41.9733631409645,153.97197429068882,-41.973560009762735,0.8575824004710672,72.32015804364882,72.7269426842636,0.5624775327084782
7586,7227,154.01264326036136,-41.99249581518682,154.01271448428818,-41.992487566125305,0.1928693238795507,1.6314653342284093,1.582312145984436,-3.012824557943793
7595,7238,157.11810994526508,-43.35947118566594,157.11784645680513,-43.35952519784435,0.71654592505715,0.5312638395084545,0.6077745083016095,14.401633068786618
7596,7234,157.337941627744,-43.45234145207759,157.33802225416758,-43.45200855388379,1.216816210679676,0.358757554359548,0.47222369611540044,31.62752682892255
7597,7235,153.70574977983287,-41.85825209067176,153.70550320602788,-41.858104882868155,0.8473139783065695,0.9837009328149409,0.8697853283139046,-11.580308679291111
7599,7236,154.27983296690553,-42.11631920240764,154.27975795990986,-42.11622238236704,0.40200620318531644,7.986655736056684,8.641628714778165,8.200841508223888
7602,7237,155.9858752703756,-42.87104982283127,155.98552597537795,-42.871461576099506,1.745436081912889,2.0608126810621883,2.3476091576833458,13.916668858682307
7604,7240,153.42855121564315,-41.73458109357449,153.42784862740015,-41.73463110203558,1.8960349353501957,3.72068019542244,3.526280845866045,-5.224833614981611
7605,7241,153.6669176396514,-41.842787874948726,153.66674690002816,-41.84268255008288,0.5945179465618303,7.640211781983249,7.706164513064362,0.863231713506156
7614,7245,153.54395026942746,-41.7882426255331,153.54361555413274,-41.78781807437065,1.7728977933961063,4.60054481370112,3.45237405754007,-24.95727794546471
7615,7251,153.59569483351945,-41.81230574253367,153.596181685014,-41.811451096786996,3.342562941524137,29.214182783670417,31.106294621253692,6.47668925601743
7616,7246,154.18291001784232,-42.076681184996154,154.1824662969744,-42.0766625774781,1.187555319674366,1.7266342957532936,1.5488822102965347,-10.294715325297618
7618,7248,155.25379133253827,-42.55388904992283,155.2540419600335,-42.55403307383569,0.842956176269156,1.3337193559791132,1.5394056833106913,15.422009616151906
7623,7252,153.6142175883166,-41.821125660265125,153.61443145274905,-41.821238946027556,0.7039361586066624,3.7490794670433694,3.8994881809295543,4.011883855980292
7624,7255,153.8139416361534,-41.91150312066471,153.8140298334225,-41.91153180595972,0.2578645892566725,5.215278651391364,5.07470871072651,-2.6953486105167483
7627,7256,154.08126390399462,-42.03362519497895,154.08146537986823,-42.033684799672166,0.5798884429405823,3.894684992161029,3.867580296345449,-0.6959406439836563
7630,7266,156.64321369879315,-43.164116494328745,156.64331334225542,-43.16412939421933,0.2657360788671784,21.689325752179514,21.147727921641152,-2.497070848244036
7631,7267,157.35509133398878,-43.46849890214484,157.355070907161,-43.468273666522535,0.8126027130861374,3.0451596698048933,2.26718694080181,-25.54784685733503
7636,7279,155.09610687090637,-42.492427678145546,155.09621199528337,-42.492329229627366,0.45108915647709696,42.17302935244094,39.02890200921844,-7.45530352336551
7637,7281,155.69805712634724,-42.75757775615665,155.69802725464666,-42.75730710904567,0.9775236891344666,6.417373235285022,6.465870339645855,0.7557158136631138
7638,7282,157.01427048056019,-43.32709806855991,157.01400196960682,-43.32693073831648,0.9259244867092078,11.303268451233073,9.30112144226496,-17.712991756377317
7639,7275,153.88765992968158,-41.9524825971958,153.88802024098794,-41.952572728472624,1.0177748001385465,3.9104027678838853,3.9180550296730994,0.1956898622326594
7640,7276,154.23715109274744,-42.110488646884264,154.2369739688168,-42.1107268070894,0.9792143062685126,0.8066340024619,0.7895476775699413,-2.1182252223201763
7642,7277,154.50544015769026,-42.22931580634789,154.50496380345388,-42.22937286549486,1.286304691229086,2.2339459505690593,2.427189726310486,8.650333536144908
7646,7292,153.64390284661243,-41.843562253367736,153.64374092593178,-41.842761602859206,2.91487094647926,3.2319602387818014,3.4793728897713976,7.655188576294231
7647,7286,154.6985554896937,-42.31746778865582,154.69838749826155,-42.31770902005235,0.9768044154490433,45.79429465168299,49.9837688656235,9.148463243742846
7648,7293,155.30925133080444,-42.590629013828476,155.30968053022298,-42.59053765686243,1.1841185976319124,14.114607203903518,14.59143443760834,3.3782536546461737
7656,7299,157.1221342077379,-43.3787187129559,157.12232795248113,-43.37883474689141,0.6568787321687748,21.446708968057354,21.950911647138437,2.3509559430868383
7658,7300,157.33046393922612,-43.46719547357767,157.33053497016843,-43.46718503243655,0.18935547355924082,0.21658298600625542,0.4970851744833204,129.51256866915827
7665,7298,156.99209396666765,-43.32495265748219,156.99237500980206,-43.32523340267561,1.250284288452257,0.4512542931629819,0.37656211552436447,-16.55212565737085
7667,7303,154.53037431453527,-42.25029825078059,154.53029983985516,-42.25017096509441,0.4993586130411124,2.0391992991177843,2.240560988407478,9.874546807504714
7669,7304,154.64305654374823,-42.298675066107386,154.6428733719539,-42.29865402172884,0.49358552493856217,12.838831700881638,14.142331213122128,10.152789152543994
7670,7305,154.77925099672902,-42.36054876702513,154.77904279454486,-42.3607841794193,1.0124073176106938,11.259668862751747,11.51488944303899,2.266679272705275
7678,7312,157.37263703135724,-43.48932239102999,157.37288012770938,-43.489192807741595,0.7878756886349608,1.7423549180499274,1.6988118032147848,-2.499095585179442
7686,7309,156.1771065293852,-42.97820918046079,156.177067348489,-42.97818902162907,0.1261580723915024,0.6812093248943292,0.974793430876777,43.09748784310744
7687,7315,153.52004035937009,-41.795940823871085,153.52013533910818,-41.795955105344866,0.26004758518383486,12.91550010584053,13.281260695297284,2.831950652002647
7694,7333,156.7204779277645,-43.21776745236821,156.7200615818613,-43.2172690586016,2.100554753395915,3.212578368731843,3.1122475330450805,-3.1230626671488118
7697,7326,153.75647335625348,-41.90900680620825,153.7567421571163,-41.90897435611799,0.7295697879749918,4.647290678448507,4.529019905169163,-2.544940298824368
7700,7337,155.16001447233646,-42.53871144985307,155.16054936384674,-42.5388301042887,1.4817334058661702,0.7025375324751233,0.9406670278111586,33.89562611652602
7702,7329,155.67159947820468,-42.7636494481074,155.67144882280894,-42.763858817509956,0.8524404260971447,44.20474925207688,43.05903043084016,-2.591845538368008
7703,7330,155.85429197953346,-42.84284610617318,155.85426978563078,-42.84293283342026,0.3176666418649362,2.5429801319315217,2.6972327118221506,6.065819309939567
7704,7331,155.93250905082505,-42.87571310337018,155.93271433599006,-42.87595550705886,1.0270508877434246,5.219084893479788,4.746737103656333,-9.050394838634652
7705,7341,156.78132062477766,-43.245258692396106,156.7810729923634,-43.24517457863698,0.7165080301174199,1.8121036871183347,1.6330665781063534,-9.880069793174577
7706,7335,153.78254240569845,-41.92323834276435,153.7825360892101,-41.92327552426134,0.13491842865357734,17.16518305276191,17.07503315744561,-0.5251904103743074
7707,7336,154.62554818015323,-42.30038766198693,154.62530979791185,-42.300620014145764,1.0500279818875684,3.016773571105371,3.151115495503073,4.453165649700318
7709,7342,156.8542089369269,-43.27629607677203,156.85405708373133,-43.276481913639145,0.7784520977114265,1.1957657561740942,1.0798463860399155,-9.694153686510303
7713,7353,156.43857923458145,-43.10194398912073,156.4386494269236,-43.10155307517214,1.4193330991148259,1.8716143982453823,2.0522366437893,9.650612097943295
7718,7358,154.44734417225055,-42.22735466948662,154.44769503965964,-42.227110129316856,1.2844598345545517,1.0293927410257238,1.0796320230082943,4.8804775845330255
7719,7349,155.04327200001867,-42.49066619326248,155.04305148977855,-42.490664855518354,0.5853851055607282,4.657155076431759,3.7397220118729106,-19.699431294475417
7720,7350,155.31323532376754,-42.61198725678172,155.3126376210435,-42.612159270993864,1.7003476470998786,424.8786955591146,370.30214658656615,-12.845207242205687
7724,7356,153.59473037705516,-41.84429004536338,153.59448878880997,-41.84391752896766,1.4893700356104367,134.73782056305356,153.63538291267844,14.025432703790353
7725,7357,153.63824389819877,-41.86380825114798,153.6382648160761,-41.86370112389794,0.389714418462226,19.830462685373984,20.29926076869177,2.364029981325395
7730,7359,154.64170678759717,-42.315435783381545,154.64174592208278,-42.31561631030152,0.6581935581735663,1.6346049162010792,1.7911550464289967,9.577245772131256
7731,7367,154.65466125616655,-42.32228126935379,154.65463739958486,-42.322080151667194,0.7268029380380562,1.7285797959660034,1.7806881083527752,3.0145158764655986
7732,7362,156.16011293209505,-42.984466624949285,156.1595722482031,-42.98449455510646,1.4274573833491673,12.490541795093389,12.391328059014702,-0.7943109090564863
7738,7368,155.50908330030632,-42.701708430814215,155.50884508196611,-42.701528416492835,0.9039736220955027,1.0596347514585038,1.0066942919354567,-4.996104502063449
7740,7377,156.4184764303643,-43.098874630290425,156.41852551105376,-43.0988222111258,0.22859569792471682,17.797503684962194,17.479232594294956,-1.7882906294108987
7742,7373,153.45791982001504,-41.78591092183367,153.45777479228335,-41.78622954360462,1.2113007759602834,1.8970760273254317,2.477855648569686,30.614462092120732
7743,7374,153.53376815172376,-41.81843131914562,153.53430469450473,-41.818727118343645,1.7905728600444706,11.463416146995343,11.29675043527946,-1.453892186925162
7747,7383,157.2081649126416,-43.43979747885306,157.20804683988413,-43.43956305240048,0.8986008027973297,7.14592202380069,7.055302846803614,-1.2681243469387653
7748,7379,153.38304660396204,-41.75175160621884,153.38295089161957,-41.751681752516035,0.3596076076758059,15.001766896901845,13.694103727402403,-8.716727692719314
7764,7385,154.16757825329293,-42.11135916452382,154.1678420164748,-42.11143520619021,0.7557374058122828,1.7787246683941595,1.8902992600943933,6.272729764352107
7765,7391,154.60324392790588,-42.30704350610526,154.60135273483002,-42.306290096464984,5.7191433888510055,1.3442129299693468,1.1835387082055584,-11.953033495032102
7769,7390,154.40543805910224,-42.21898442646303,154.40567622285647,-42.21900630145198,0.639831853716335,1.239845523423132,1.23907926751475,-0.061802530549652915
7772,7396,157.0299512766641,-43.368968916336115,157.02998455023345,-43.36892715313321,0.17374355770172126,3.414668427742297,3.5334968017100192,3.4799388720236286
7777,7402,155.0097156946267,-42.49224156568689,155.0096784272785,-42.49205809197129,0.6678727223748478,7.652046662430744,8.025237841887327,4.877011287566229
7778,7394,155.88152526687267,-42.873276819503566,155.88157873391006,-42.873690011880434,1.4941661358381533,48.76706208088862,48.24389272753002,-1.0727924361956374
7782,7395,156.47377374117772,-43.131993713440544,156.47340514029221,-43.132508733712356,2.0917365578855356,7.0681731885842405,8.101943106052689,14.625701576442458
7783,7400,154.4248363842242,-42.23126476083648,154.4245314656371,-42.23115536124241,0.9031763563044041,2.372594075266396,2.290579576544666,-3.456743805301863
7784,7401,154.8038816403962,-42.40220402387835,154.80390917396772,-42.402431653641536,0.8227294282685949,68.16549139364238,69.67904893251263,2.2204160902028067
7793,7404,156.29463663769582,-43.05741040520749,156.294675525772,-43.05749236583979,0.31228665640485614,1.84901384421868,2.009697536439614,8.690237378337889
7794,7407,153.70396634224122,-41.91146013499932,153.70349276227785,-41.91138062191068,1.3006308146041319,426.9531337633646,313.0151270316535,-26.686302950257847
7795,7408,153.85765934476936,-41.9802661791483,153.8579206877007,-41.98042406689705,0.9012343813727108,1.5994183316001782,1.7810693799671709,11.357319394060921
7797,7409,154.5868782243771,-42.308649053276916,154.58677304983732,-42.308736642991214,0.4217016600544552,25.081685113379173,26.070939653408676,3.9441310883127647
7803,7416,154.26711849418527,-42.1673239582114,154.26706430581416,-42.16732734899801,0.1451038442466365,5.036314617395664,4.074150771388877,-19.104522237022863
7805,7418,155.05129478844208,-42.51624681222123,155.0508036874365,-42.51612206293279,1.378356905157936,32.98279265186702,27.314389606825003,-17.18594027155901
7812,7422,153.980079759645,-42.04054425688523,153.97953519453668,-42.040818633728676,1.7593941727220355,1.1181446678067581,1.5088479419572853,34.94210413012942
7814,7424,154.44417708521894,-42.24768403773842,154.44376627923805,-42.247672785030325,1.095499260228299,2.4492146628519778,2.4880432865723083,1.5853499617349487
7815,7436,155.39214491200693,-42.67083919346206,155.3924524977781,-42.670831107579744,0.8146797304893596,11.363193190175659,11.7400104349386,3.3161210801971444
7818,7428,156.35956515011875,-43.09291225659503,156.35930360445275,-43.09288911262274,0.6926042527429177,0.8653944670092165,0.8890920027038525,2.7383507288339954
7820,7431,153.36159476748287,-41.760030197863756,153.3622334557955,-41.76014357106583,1.7630174137868277,1.4564983664144224,2.30834483176882,58.48591972344298
7821,7432,153.81168847035778,-41.966767946527824,153.81153478952885,-41.96667138467112,0.5385713007274586,2.991003279445389,3.0929137170906946,3.407232561249561
7822,7434,153.92154532157443,-42.01641578114295,153.92136264164768,-42.01655735324464,0.7060337687846632,0.9320837321914558,1.0743158240675112,15.259583121534417
7825,7438,156.57101532153627,-43.18602156705646,156.57055965873968,-43.186207278372756,1.3702328160548243,8.261581242341531,8.366618265739163,1.2713912786974135
7827,7439,157.09415232845708,-43.410336427805134,157.0944865926037,-43.41021961648965,0.9700625347684539,0.4875981743672944,0.4351862032570134,-10.749008890012886
7830,7441,154.750253831818,-42.39030334057001,154.75017956801355,-42.39053328168961,0.8510122666682395,7.6261146022401,7.585816248639652,-0.5284257541659585
7832,7443,155.71489855685627,-42.814787272912284,155.71462916680844,-42.8149299031465,0.8773511395565292,6.362992219734378,6.9892373950795585,9.84199184470044
7833,7454,156.10723519953086,-42.98809134431435,156.1071594964348,-42.98790601150732,0.6963447155847924,12.65334287073252,12.258512567213879,-3.120363587332262
7834,7446,156.90814527863563,-43.33088134599918,156.9080928481304,-43.33143157697401,1.9855839984853325,1.629580035801613,1.674085919914547,2.7311260039486753
7835,7453,154.66806652572083,-42.35561768205344,154.6680620148976,-42.355756030857634,0.49820024143022734,21.824484959393192,22.27605853496086,2.069114466654628
7839,7459,153.83013362915958,-41.98433632336094,153.82943120776366,-41.98440368459118,1.8952427354602395,3.6697047497191106,3.6778392263262676,0.22166569688691096
7840,7461,154.31187234718936,-42.19884928057879,154.3115749704494,-42.19857270326953,1.2729358779177136,1.530669033018092,1.2475380477263114,-18.497204763691993
7844,7462,155.12586940417302,-42.56219621749825,155.12607171191422,-42.56232812413253,0.7164165863314265,2.5756261711799895,2.722230207098154,5.6919764816258125
7846,7464,155.85730164462643,-42.88306385981322,155.8571690064402,-42.88301880714815,0.3856474807825266,1.9035137094764987,1.9651765509882984,3.2394219807724998
7852,7471,157.32120194018086,-43.51472588682041,157.32068595943738,-43.51490707159221,1.4966828106037398,281.5252219778907,279.9506911086717,-0.5592858992018184
7853,7465,153.48590051308528,-41.828249774633555,153.48554658295834,-41.82832873965473,0.9910724695032926,0.6801685435579526,0.7566950154819867,11.251104251855738
7854,7466,153.51790588904896,-41.841317776551826,153.51789844148206,-41.84132305662511,0.0275732569441922,2.3179118591405485,2.347307280667111,1.2681854752433097
7855,7475,156.27549203015863,-43.06844331922208,156.27595352942893,-43.0684535453814,1.2142728210087963,76.57255191192412,76.56935609632399,-0.004173578547848992
7859,7473,153.99167120959106,-42.06022220236356,153.99148509047902,-42.06025042293128,0.5077249592535827,5.418539573705904,5.4906110319310395,1.3300900961371687
7863,7484,156.62008154541402,-43.219338089830025,156.62028547850957,-43.21942067140817,0.6120605595694439,3.2617432257200982,3.638977478212116,11.565418439973465
7864,7486,156.73720564945117,-43.26985541675091,156.73689543557154,-43.26960309821082,1.2191479964458627,6.520724564694358,5.55955245012926,-14.740265518486146
7865,7477,156.8922515520931,-43.33495399878679,156.8923323467001,-43.334936417780845,0.2208232690565633,0.8005430683029711,0.8585634145643447,7.2476233395372365
7866,7489,153.39249136849384,-41.789603930346665,153.39221345771145,-41.789449083775004,0.9312338603582514,292.14512064509194,283.4327158768035,-2.982218134963327
7870,7500,157.22076281103733,-43.47857433446377,157.22058003848983,-43.478433351849006,0.6968178989777978,0.9613160652713875,1.208203727733997,25.682256999721638
7872,7490,153.45962331491222,-41.82197033251673,153.45988982917768,-41.82197773899955,0.7154996250420399,0.5075865952215837,0.663863267000947,30.788179445743985
7873,7492,153.797269901088,-41.976196344571825,153.7981855725121,-41.97657654010797,2.806939494169986,0.5290883576154249,0.7772398517880937,46.90171133061315
7874,7503,153.9414191816517,-42.04162053789015,153.94140453270776,-42.041108867351284,1.8424302601510545,10.65799467598402,8.724556478576519,-18.1407314995585
7875,7506,156.01708657726448,-42.962222256243855,156.01683783064814,-42.96217363316952,0.67829628581895,1.0510500635171138,1.3741447672742142,30.740182125667086
7877,7498,157.04495004544344,-43.40370716140219,157.04474041980285,-43.403760352574594,0.5807546057878125,60.21635137025366,59.796315250721314,-0.6975449524493146
7878,7499,157.10646016203992,-43.430773516883036,157.10582236807375,-43.43040902329163,2.121810993086104,31.82564609485989,28.528691724621876,-10.359426358261747
7881,7502,153.65461717085134,-41.91165501071923,153.65437186113817,-41.911609758760335,0.6770828870578749,180.84643701705122,199.17814497998944,10.136615498379882
7882,7504,154.34938004900508,-42.22634306620014,154.34957664883373,-42.226415089493834,0.5847230382875687,2.1627579635281653,2.250648443387291,4.063814876249372
7884,7507,157.1642757095953,-43.4576370445112,157.16386164318595,-43.45777428307135,1.1894872130197964,6.6137580343731495,7.12305029297574,7.700497296025752
7888,7511,154.58258160930131,-42.33310069876902,154.58244959887642,-42.33307421860999,0.3640195771371907,3.0210922573502756,3.3788046565534504,11.840499022592423
7890,7512,154.8203858748436,-42.43931976273117,154.8202272750624,-42.439127140151356,0.8114238250174548,3.8596548194298896,2.5917180147198517,-32.85104145394342
7899,7521,157.08195767063427,-43.42552664278407,157.08183880633493,-43.425469274342525,0.3731441974716224,2.0845311499025327,2.152684747440012,3.269492880481343
7901,7522,153.50409418124661,-41.85059292818642,153.50401787106827,-41.85099737498698,1.4703180123554174,2.8716607808285417,3.088420986369681,7.548252460327125
7902,7524,154.76957711860015,-42.42070872076292,154.76946351087173,-42.421017181334875,1.1507702046715385,1.7736309985894558,2.479508754831177,39.79845620667975
7916,7527,156.81285217009514,-43.315758645712,156.8130116330517,-43.31588534307861,0.6184613958874773,0.2787924758188825,0.5046910562930584,81.02750255746892
7917,7530,153.75697088775343,-41.96959787455555,153.75666419971847,-41.96947470730268,0.93298030964765,22.62227977504966,22.630246190264874,0.03521490890587002
7918,7539,154.8301866523046,-42.45208417060704,154.83038819780296,-42.45176969570942,1.2523078193166612,4.006776870442582,3.6100438199521734,-9.90155088038597
7919,7533,155.1366425230439,-42.58848877700187,155.13705259659463,-42.588499376145414,1.0875444308970943,1.3432795212588013,1.4058743482000837,4.659851203763169
7920,7535,156.04638604443264,-42.986733538679474,156.04634594953924,-42.98650874507459,0.8161161869667394,0.4504687429191659,0.48486215251049847,7.635026876327418
7923,7538,153.9812386845903,-42.07156988956517,153.98132039935928,-42.07181544956936,0.9105868286095032,0.952059740841408,1.5228550309327968,59.953726179717826
7926,7541,155.395089017833,-42.70386553478447,155.39511631493204,-42.70413974528002,0.989795689834143,9.100075405928552,8.817093092310891,-3.109669986177279
7927,7548,155.96545638506058,-42.95409002292177,155.96550227111612,-42.953975147537854,0.4308621175566267,35.360785409473124,33.190046881628376,-6.138830070395463
7932,7543,153.80918089466525,-41.99784306352953,153.809008134967,-41.99772242629068,0.6342268513331003,12.345841891635333,12.085517089785986,-2.1086030757102465
7938,7545,155.19810627129002,-42.61738224303566,155.1979386326274,-42.61779670993329,1.5567715395179387,1.645854387527102,1.330687680351598,-19.1491245862304
7939,7546,155.58032180882273,-42.786604534940835,155.58012465270482,-42.78651661649251,0.6095073908566139,1.4250215589930486,1.5203820577856522,6.691863585557776
7940,7547,155.66792481927948,-42.82475840532052,155.668122048505,-42.82489935032345,0.7270799660557804,3.6636798952565215,3.8587315115229988,5.32392626656648
7944,7551,155.06569575934722,-42.56031079439283,155.06530098951745,-42.56041033115474,1.1064184173026121,1.7168012063690548,1.9473223964113577,13.427366499225807
7945,7554,156.1379392357112,-43.03255420792958,156.1375911334449,-43.03280097657612,1.2760453343391753,2.1601608646157184,2.0351283034138965,-5.788113434045783
7947,7555,156.53828467543346,-43.20476100929785,156.53812246440492,-43.2058117086133,3.806391734643817,94.7387123850116,1.7522115071497089,-98.15047992205251
7948,7561,156.79865212125142,-43.31788918913462,156.7990669461124,-43.318133420438116,1.3976972648369694,4.467266078410554,4.691369691392759,5.0165718595821955
7950,7560,155.5318701770111,-42.76812781540677,155.53199090919188,-42.76843804215383,1.1615005286199036,25.40892730086547,25.67352424545054,1.041354251015769
7953,7571,157.29186537969974,-43.53002539339805,157.29192896913653,-43.52988006661613,0.5488717304370204,64.34458147470875,63.36563754166936,-1.5214085018552375
7955,7563,154.18987233410024,-42.173743063545786,154.18989532707107,-42.173788252218245,0.1738613758333094,4.206642954162906,3.8310829003153732,-8.927785360910583
7956,7559,154.9074733069606,-42.49462784845113,154.90882742572333,-42.49401351200259,4.220322808513286,68.75141770383021,0.6389333007780983,-99.07066163561818
7957,7572,157.3636641882807,-43.560762040855074,157.36336668247307,-43.56112506870816,1.519976847101815,4.760309467619991,4.926109521839422,3.482967973977659
7958,7574,153.4131755827695,-41.82448346480257,153.41224085467803,-41.82412379775102,2.8221485844778513,953.8221591134768,749.90947876478,-21.37848008670945
7961,7577,154.67285199629112,-42.392157212196565,154.67254844919697,-42.392117122521846,0.8198653204508367,5.481083433290453,5.483426041855531,0.04273988151411184
7963,7578,155.41706828285615,-42.723422466889275,155.41688424494288,-42.72388411994788,1.731756238614391,133.1886391215555,151.70115279982318,13.899469054092602
7966,7592,156.74838301304055,-43.301782652483745,156.74794116860653,-43.30172404270537,1.1766630828168803,5.714458685038259,5.234432734564616,-8.400199860232755
7967,7597,154.2909880035775,-42.225347158762446,154.29024943592196,-42.22571134240043,2.365459653786467,3.6045426176571964,3.91379824150354,8.579607918392352
7968,7588,154.69014738996833,-42.403462465618375,154.6898934057043,-42.403372008809015,0.7495946029171607,1.4291661928734445,1.9866816822367008,39.009843091959105
7970,7590,155.4784660035142,-42.751949410702196,155.47873203856432,-42.75216794396338,1.0552240050701969,0.6885835095970211,0.9084426739122876,31.92919395411233
7974,7593,157.03731642502734,-43.42732420519635,157.03725817031997,-43.42772427217737,1.4482719250343594,288.9473741800164,234.5658088281769,-18.82057779765785
7977,7602,155.3436697944348,-42.695107855530985,155.34337812639438,-42.69533113147673,1.1142893678424235,2.0420840033974903,2.3981687253639605,17.43731998164811
7982,7606,156.13224001822252,-43.041034633881864,156.13223016758835,-43.0409607520301,0.267234492779138,1.9649513962466074,2.024679111608903,3.039653574963005
7986,7610,154.3139633955274,-42.24097040552187,154.3136420282272,-42.24096577704707,0.8566595182323286,9.806556208712795,9.22986664465636,-5.880653226094458
7987,7612,154.51750431310856,-42.33255900636085,154.5173460449418,-42.33252775267914,0.4359670544096965,17.726700589391143,18.357864051419654,3.5605241869219664
7990,7613,155.3938423834528,-42.721451798377835,155.39331677919404,-42.72146699593413,1.3911827984058733,4.3654197867796904,4.405798545139699,0.9249685100684212
7993,7616,156.33186218162504,-43.13066337549134,156.3317166392297,-43.130641419491596,0.39046275911169287,0.8847352621342339,0.9619394809798656,8.726250908027906
8004,7621,156.1512524982462,-43.054638483445046,156.1510422142683,-43.054406260775615,1.0024391033771711,2.3677223084666523,2.659497264887523,12.323022652509682
8007,7617,156.94734521440802,-43.397076550187634,156.9472859095584,-43.39731040171159,0.8560388502837935,1.3564682996683548,1.5099338485909495,11.313611159222498
8010,7625,154.36108200330014,-42.26650295838082,154.36135822272558,-42.26622360853811,1.2461388937874915,63.31696369883028,64.21311624044533,1.4153435181725365
8011,7619,154.8423523416221,-42.48107794114768,154.8430029556167,-42.48184581916183,3.2596778719428925,1.6744911904709188,1.5352083742818021,-8.317918719533306
8015,7622,156.67333112436424,-43.280291165539815,156.67327680821154,-43.28006497237378,0.8266447710881157,1.5337399235047768,1.57612587752141,2.7635685403413266
8017,7624,153.3937112384608,-41.82870626284288,153.39407015133108,-41.828840591617215,1.0774095695556778,14.435094141501061,14.383180364345302,-0.3596358752279036
8021,7627,153.42279670038053,-41.8459690340017,153.4230926774945,-41.846018260363955,0.8132896923492278,51.21442313922601,50.871986683588595,-0.6686328472479339
8022,7629,153.6812170405442,-41.95932619627197,153.6801841107768,-41.95934449270194,2.765968709011688,23.78877329703661,15.653380122562908,-34.19845602331725
8024,7635,154.11625457612828,-42.16054168566996,154.11671117545166,-42.16021077024248,1.7040673596777618,7.4409276642307205,7.257566755146534,-2.4642210939050013
8025,7630,155.03209177951106,-42.56957510071588,155.03179666348552,-42.569579076749875,0.7825552162013074,7.876686337752785,6.773955676891532,-13.999931107779284
8027,7642,156.88105834391513,-43.37487825156154,156.88118125820242,-43.37488396282265,0.32229282076992033,6.477171201914025,6.470855930816887,-0.09750045043231496
8032,7645,154.13896814598192,-42.17234573036538,154.13890549250075,-42.17252427058883,0.6641268154662738,5.7249253036514745,5.8713628914835665,2.557895170067829
8033,7647,154.23603683558045,-42.216685371324736,154.23591334189294,-42.2173050663614,2.255068519804289,3.2904351837513373,4.146653900459667,26.021443027854392
8034,7648,154.65005188866613,-42.40191994261931,154.64990711386687,-42.40188685829712,0.402871494160896,90.4128168612411,84.5911382516092,-6.438997049020808
8037,7652,155.82671353476297,-42.92288424792232,155.82683878494174,-42.923247264032206,1.3479232045145861,28.77780729768111,29.237403202753004,1.5970497693510062
8040,7654,157.298548103008,-43.556435567829766,157.29863298923433,-43.556475125408696,0.26329527321519214,4.986113339708772,4.7728647212253765,-4.276850603958607
8043,7657,155.08248561943932,-42.59767760609772,155.0822093998107,-42.59777435489631,0.810633234474214,29.871666958745273,28.037604510785087,-6.1398061597738955
8044,7661,155.14132298470517,-42.62386467540849,155.14172942292933,-42.623801593532725,1.10031877677133,4.548950128564577,4.303835617913962,-5.388375421208699
8050,7660,154.77282929746423,-42.46223460742115,154.77299346534244,-42.46225357400674,0.4413112524799593,1.394730153484438,1.8835398870052282,35.046903682379174
8052,7662,155.63622024580025,-42.843967712292894,155.63828176158188,-42.843725131711615,5.511114664961177,534.0616079425157,1.4218018187280568,-99.73377569224539
8054,7664,156.69740479431,-43.30239854391909,156.6971647541276,-43.302423351437916,0.6351856242512288,2.2019906163216603,2.2066505705211323,0.21162461660514903
8056,7667,153.4315625024895,-41.857795540496454,153.43110202606314,-41.85808989242019,1.6270528832794222,357.50667243001715,351.07149041412606,-1.8000173177609127
8061,7670,156.63969204611027,-43.279713448522095,156.6395441844283,-43.27977109876041,0.43959986958223407,23.59547599789433,21.474692359742257,-8.988094320883091
8062,7673,156.85808552118414,-43.375258011886885,156.8580838307974,-43.375053749225884,0.7353588831828182,161.5878700985405,150.39013892894883,-6.929809250386798
8067,7671,155.25059667736485,-42.6781264941324,155.25032535299673,-42.67824324311331,0.8320496268494353,2.7190648180466432,3.2069565341484023,17.943364676839774
8068,7672,155.39762084928057,-42.74177181203325,155.3974342292313,-42.741670909700005,0.6126991438109011,22.786150299886618,23.881041366200304,4.805072607280809
8069,7681,155.8795820307474,-42.95352783690539,155.87922082460733,-42.953757059404595,1.2596592404513627,2.252992573588488,2.712496717913454,20.3952800249618
8070,7682,156.7515560544681,-43.33135406708115,156.7517255590706,-43.331475938956494,0.6241088018976532,7.170027852317943,7.253380866468591,1.162520088728831
8071,7674,157.348191028383,-43.585171902980235,157.34834093164415,-43.585329255072494,0.6882481065074479,96.08999377503181,95.7159317137198,-0.3892830529136886
8073,7676,154.3075246066943,-42.258235413077465,154.30741716547277,-42.258177446256916,0.35425752061812243,2.510073643004905,3.2399930788023177,29.079602418501082
8079,7684,153.9691694881637,-42.10978619388608,153.96886310762397,-42.10982444846217,0.8297588166451139,6.181444995166617,5.95337336703994,-3.6896167207669106
8081,7688,156.2123085789986,-43.10165366858552,156.212324856588,-43.10162390315143,0.1153817368973679,1.345391802798211,1.3000126031703634,-3.372935641012959
8083,7689,157.18641260583246,-43.520614441744556,157.18633460831836,-43.521033229376165,1.521322152073105,1.0991696169462724,1.1528962555982054,4.887929744746504
8084,7695,157.25046691524912,-43.54820871073105,157.25038380028425,-43.54809315909076,0.46912300738280877,9.78626735830443,9.939395760359039,1.564727351584843
8092,7700,154.74839510837074,-42.46183777787071,154.74914109042857,-42.461804295399496,1.9848563040216365,1.0150793347744749,1.0306022225382498,1.5292290200375096
8095,7701,154.77447910365566,-42.47287035300658,154.77409941037578,-42.47303246785937,1.1649491356989257,1.8183174084379596,2.656818196845548,46.11410441964088
8098,7703,155.96309676797242,-42.99655974054059,155.96275589963477,-42.996744353808104,1.1167951319540652,1.3495523846882784,1.4930275088419833,10.631311965474017
8104,7710,155.70477464850308,-42.886050415062535,155.70440248117868,-42.8859080551584,1.1074109126763587,0.46053704476830926,0.5814897962604998,26.263414173997756
8108,7713,153.75437274293992,-42.018398045457864,153.75452531363456,-42.01857106420884,0.74463043379197,57.506830928896875,62.90045538809049,9.379102225025148
8109,7714,154.31298373995207,-42.27071595525413,154.31297517526767,-42.27090477516626,0.6801344713255861,4.27694692309257,3.9117404665859836,-8.538952273050734
8116,7721,155.04767501494297,-42.6028026282476,155.04727538188206,-42.60353825238966,2.8521210215898125,8.725825538651709,8.58055967569656,-1.6647807397899845
8117,7722,155.23997536037083,-42.68584771646209,155.23964611557295,-42.68571266510691,0.9977497303099698,14.66982638664643,14.943036713913797,1.862396459688603
8125,7728,155.55479625724752,-42.82636180400453,155.5544885962248,-42.826347852044044,0.8138693862412493,148.92549849525878,148.12779953750808,-0.5356362515557352
8131,7735,155.674332696174,-42.879997354853685,155.67368966559033,-42.880032554668865,1.7010470409781226,1.3066868354708658,1.180906506010872,-9.625897043239796
8134,7737,156.97010334732047,-43.44232158742962,156.97024886734863,-43.4422088212183,0.5563100958100518,1.079093240234748,0.671144415879009,-37.80477989714707
8136,7738,153.44892657466366,-41.88759188372102,153.44860646713707,-41.887801835775605,1.1433581705356004,4.064702673758712,4.984253897278722,22.622841012616608
8138,7740,154.05198487319495,-42.16168403853075,154.0521913748369,-42.16182889802225,0.7586923945821239,7.046644638854117,7.2492900278594075,2.875771369084444
8139,7742,154.6284818038599,-42.42040652731652,154.62856554167078,-42.42049646335709,0.3928747800429147,70.11756283247203,69.23149042849629,-1.2636953827000361
8140,7753,155.87061742807776,-42.97000117743073,155.87046026841566,-42.96978400351002,0.8846665909662936,3.4325545509938005,2.9737905553781974,-13.365089725457699
8141,7748,156.40460895355682,-43.200212856293966,156.40450486426812,-43.20027711133084,0.35794407328489847,1.1580653878987277,1.3305996500700172,14.898490532071543
8147,7755,156.4732606335454,-43.23025532960505,156.47254291263312,-43.23105219693094,3.4312675489310682,1.7743541456871925,1.7005396081626236,-4.160079187347414
8150,7757,153.93649013930963,-42.115041887957645,153.93636469995067,-42.115133800634446,0.4708491206354701,2.4129288126826807,2.3727333951393197,-1.6658352012744189
8152,7758,154.2821203279536,-42.26914634802497,154.2818220242018,-42.269097519281424,0.8138840595229054,59.91926646342906,59.64542010270687,-0.4570255560276716
8153,7764,155.95668691518873,-43.01059905850336,155.9567999383393,-43.01044894214515,0.6169063962093075,2.31989114258598,2.9865769109619205,28.73780394854159
8155,7760,156.51026273551366,-43.250422088615124,156.51035316676848,-43.250763668215534,1.252339915236053,2.4891685689208507,2.3429307007303515,-5.874968453980555
8156,7756,153.49510979766947,-41.914598407253585,153.49458544775055,-41.91494779604922,1.8855214212225857,4.96836977455247,5.831147842579803,17.36541576366562
8160,7761,154.76055949449793,-42.48499244147705,154.760780574746,-42.48513323767224,0.7755007736201568,25.070116964547918,24.791421487725685,-1.1116640469461723
8161,7768,155.10036097450083,-42.637854079353346,155.1003232598558,-42.637597137127734,0.930369018813032,16.570762477780463,15.294008463919427,-7.7048597828435454
8163,7769,155.512721916672,-42.81945576800929,155.5127901598198,-42.8195169264726,0.2845136077882641,2.5648845901270594,2.596882054464083,1.2475206276411235
8164,7762,155.62192244039682,-42.865297171078076,155.62171918181215,-42.86551770415265,0.9580980636742543,41.8533078655899,39.48036065474865,-5.669676620213305
8172,7767,154.53990408676256,-42.38980927862886,154.5400467284645,-42.38986709519273,0.43262521651609553,3.689868669579899,3.9487908068033515,7.017109832609074
8175,7771,156.19735889384953,-43.1199586770819,156.19686403154458,-43.12017613871831,1.5178310189987039,3.5083682403735934,2.7882211870560236,-20.526552630087767
8176,7773,153.82354680692433,-42.06986296318042,153.82288818899602,-42.06933987155116,2.5776114903060448,1.7875058350904782,1.798498178014052,0.6149542400244793
8180,7775,155.0482670004578,-42.618589253754934,155.04791857435205,-42.61875465205822,1.0984238068484034,3.9351370308188076,4.073911063297772,3.5265362144222214
8183,7777,155.6658102129813,-42.888786460277856,155.66574083250137,-42.88896529003553,0.6692913289846536,1.8843635321344836,1.722877850991237,-8.569773209330057
8185,7791,157.21623591961708,-43.55989611115847,157.21664964762087,-43.559940620760294,1.0911442648397012,81.89808443411631,80.64796253664524,-1.526436065152107
8186,7782,154.47407438778657,-42.36468345474199,154.47362985262242,-42.364741736758745,1.2009050043718266,0.47601179037652697,0.6460933315045092,35.730531168870236
8188,7787,155.4900842722121,-42.81353801979798,155.48963646226295,-42.813597323774935,1.2017146555804492,7.407204556584189,6.743745268555214,-8.956945673104604
8190,7790,157.07133526925807,-43.49935517465398,157.07153709466084,-43.499537170906706,0.8408577340531151,4.189175194169012,4.199656750993027,0.250205740705338
8192,7781,154.3346065994783,-42.30216544924352,154.33462357366943,-42.30245190956528,1.0322470241005643,8.43249338294123,8.742750309426265,3.679302341495802
8193,7795,156.37629025365413,-43.20178141530285,156.37586039164415,-43.20193115992329,1.2502391521586413,2.271614785513272,2.647609606438897,16.551874170015545
8196,7799,153.78817972113345,-42.06021183969928,153.78816372877645,-42.060536380384754,1.1691281045116146,1.5274569463672927,1.6726169665200747,9.503378834867457
8197,7800,154.4185496385542,-42.34395542155615,154.41887724919442,-42.344206780831946,1.2564665328693996,2.632906122659212,2.8353684521824856,7.68969040638595
8198,7809,155.0693643241741,-42.63427366462564,155.06957770123944,-42.63408104229434,0.8945554526505826,2.617543424233274,2.6923724975167427,2.85875193476065
8200,7816,153.68672011118616,-42.015980142933586,153.68654166896587,-42.0155061250842,1.771950613675007,2.0633655980092986,2.0161103952608785,-2.290200185270664
8207,7827,156.57282835719514,-43.29427690830815,156.57260721765377,-43.294126211675575,0.7937643628631035,8.234751039594913,8.165569643208915,-0.8401152148177314
8208,7822,156.7763194117186,-43.379629218834374,156.77592055453556,-43.380009958268836,1.7227503765278025,0.7890668399596433,0.6979959237211943,-11.541597191323714
8210,7823,153.94823885183752,-42.13667063867191,153.94851099867074,-42.13663283995262,0.7391481704643419,5.149614424215033,5.638780978827176,9.499090889444767
8211,7824,154.1372240893519,-42.22360028367259,154.1374757543698,-42.22372032286673,0.7980416341238011,5.9316061891192975,5.835512639065374,-1.6200257904881352
8216,7829,157.29313311405198,-43.60365055878017,157.29300941986878,-43.60378193130565,0.5724065840634281,6.032548088278723,6.270411897526781,3.9430072627225075
8217,7830,153.42661123863908,-41.90129792483811,153.42658498145053,-41.90124205553253,0.2130796671754912,1.2655868686703706,1.90575067658935,50.582368051237545
8219,7832,154.4773855507728,-42.378022811989666,154.4772591023136,-42.378076148573946,0.3872313293184115,4.575048578521556,4.6492513787931715,1.6219019098502045
8223,7843,155.60728381146916,-42.88091998317179,155.60709417614612,-42.88067756788038,1.0059075787755818,8.136557590713466,8.609240973303557,5.809377950321166
8226,7841,153.60989800619595,-41.988965086395716,153.6097560904348,-41.988956744240326,0.3809218194368133,89.19298875959426,90.32509164850475,1.269273408879594
8231,7846,154.93405083793286,-42.5861223481758,154.93432339074133,-42.585896194284096,1.0884520098290609,103.66096553696622,107.40145076569364,3.608383550501987
8232,7847,155.88898000194553,-43.005866224849264,155.8890243062202,-43.005715996718365,0.5532555754393178,4.283002507125039,4.5480710773593716,6.188849289566725
8233,7844,156.87900249655547,-43.43297150048817,156.87842654654818,-43.43294536988677,1.5086104875238842,547.3835862237245,554.7350932416757,1.3430265727673019
8238,7849,156.8536677127752,-43.42314633809192,156.85372168225257,-43.42326981459364,0.46637602616013796,3.1058243359121374,3.1545658356137447,1.5693579040519898
8242,7851,153.4636665530512,-41.926420049788106,153.46356378124017,-41.92647874720046,0.3470203628961238,1.5503539060213123,1.8617636962666702,20.086367959979647
8244,7853,155.30108899674838,-42.75041233416322,155.30084666259182,-42.750580478817994,0.8813666700134648,7.067998953162655,8.165691684988296,15.530459739732509
8245,7868,155.63854518713347,-42.90082879402021,155.6389415043969,-42.9008455735521,1.0468798521641876,12.288002653353644,12.519205346881911,1.8815319303757434
8247,7871,156.54337267337854,-43.29335286613578,156.54360237559783,-43.293289564010614,0.6435793987595801,14.49567273239525,14.571566983011685,0.5235648735834509
8249,7860,157.11848947406796,-43.53969059800565,157.118011532722,-43.53997777207872,1.6200072424693475,2.730555395474378,3.2064732120957427,17.429341203264023
8252,7862,154.08460924647767,-42.21029313142679,154.08458756385477,-42.21041889086055,0.45641068198685264,16.964449090449513,17.081270257730306,0.6886234068547525
8254,7863,154.28557399068427,-42.302177406332866,154.2855566144416,-42.30194016167786,0.8553329516250425,2.0201470533015855,2.2503063808486505,11.393196706690677
8256,7864,154.8518971492838,-42.55547748863664,154.85147182253152,-42.55561786892464,1.2359418083181701,1.9327641582076025,2.005716350048586,3.774500449586034
8258,7875,155.09942246046398,-42.66466806967569,155.09928469627127,-42.66394340600013,2.634156581695312,2.6220237049823134,2.7944784044246966,6.577160195565298
8259,7869,155.68838946415457,-42.922598869112974,155.68814357299004,-42.92266998076885,0.696935816752699,4.142143846244289,3.839413255430263,-7.308548472755566
8260,7870,155.70907035226494,-42.9331097664262,155.70879057466198,-42.93312663108042,0.7399153775759612,22.81854630230203,20.33966487253186,-10.863450269485789
8262,7873,153.64533046299226,-42.01431937322468,153.64523817366384,-42.014386466550384,0.34535998436846604,6.865953542081487,6.127979847470779,-10.748305972180862
8264,7876,155.43349017250588,-42.81414351057654,155.4331180680446,-42.814021437099065,1.0764553314998262,8.558201461163632,8.58148108525903,0.2720153784768794
8268,7883,155.94025793928114,-43.03793746060944,155.93991925578678,-43.037964377142494,0.8964124253001085,9.886462378885161,10.26444952106243,3.8232800337615975
8269,7884,156.03602411857483,-43.07964448886261,156.03633535324047,-43.07984484324075,1.0908619673364468,1.1897749682763743,0.932547750569632,-21.619820938020496
8274,7891,153.87015186981677,-42.12250863545063,153.87032870411835,-42.12260832929523,0.5930920236597775,9.101501736543934,9.31937011763817,2.3937630008843613
8279,7893,156.0023941095997,-43.067748520323114,156.00212192068415,-43.067797666653185,0.7373882164224076,10.903005919988122,10.351907049809972,-5.054559029155787
8281,7895,156.38227082446716,-43.23312067484894,156.38237685737317,-43.232979567764815,0.5791324956256684,5.738448437552167,5.629904904022288,-1.891513615763708
8284,7901,157.2519596218929,-43.60662596060032,157.25188052258957,-43.60642595842219,0.7489499434681073,1.2168921781429483,1.3561621951371605,11.444729409531321
8289,7898,156.67504156916542,-43.36158702894753,156.67483954763904,-43.36188584359775,1.1986587433029308,1.232221821809997,1.555052238638692,26.199050456231415
8290,7904,153.84345505242848,-42.11436688138501,153.8432306166141,-42.11422602892104,0.7850790715079135,0.5307365299640683,0.6418620929222174,20.937990261509324
8295,7905,155.5331948752124,-42.866703008902505,155.53334777253718,-42.86695316604935,0.9868003738770629,2.4925292136559536,2.855251311502598,14.552370975609005
8296,7911,154.20154175804905,-42.27659361749279,154.2012711327293,-42.27656393795252,0.7287298728658529,14.441467843054387,14.115353635553221,-2.2581790926329526
8299,7914,155.0144241469453,-42.63957659818639,155.0141770738271,-42.63944500440733,0.8078098123714256,1.8601284785268064,1.8460782684631298,-0.7553354634301457
8300,7915,155.2932767620806,-42.76426702183723,155.29304304002753,-42.76434702802744,0.6815641863134362,1.9281352244225956,2.2521120637069143,16.802599484760602
8302,7920,153.36317100565986,-41.89898615289879,153.36298740802889,-41.898908054712685,0.5666337507609289,1.332559129738676,1.5109753534713652,13.388991133750125
8308,7929,156.60866582362527,-43.339427678076966,156.6086995016096,-43.33944553201183,0.10911740834934948,5.209608782483841,4.791136883369005,-8.032693366954053
8312,7927,153.59425196354366,-42.00611284555606,153.59458174598154,-42.006245890007925,1.003822167148849,10.083073677730622,10.031459882569585,-0.5118855302528521
8317,7931,153.465360890174,-41.95066669191133,153.46537269957471,-41.95076685139285,0.3619577722791762,215.5732557819906,181.70757507363794,-15.709592818230226
8318,7932,155.512930942298,-42.86566191404733,155.513017733625,-42.865886293030485,0.839600152349169,11.438192335878522,11.821131222187242,3.3478968972006538
8319,7933,155.88430863512923,-43.02926042737924,155.88430545641305,-43.02945968533122,0.7173774007780241,0.5838747078818428,0.5259928316394981,-9.913407013694137
8320,7934,156.16285619531598,-43.14890684534959,156.1628442253677,-43.14923447373007,1.1798810987455082,4.723653153273743,4.523706439922034,-4.23288304335248
8323,7945,156.58466668988848,-43.333401269511725,156.58404070126272,-43.33316316950178,1.8497667784045244,4.5870572261812885,5.13128005255476,11.864312990630275
8326,7936,153.5494717109935,-41.99146688448938,153.54945582651413,-41.991474331519534,0.050250776752939874,4.65927603296082,4.622349398720643,-0.7925401710254838
8328,7940,154.5448705860438,-42.440120054859094,154.54352153725787,-42.44015785784693,3.586651968132575,1050.3102023961114,920.3305863667828,-12.375354988726318
8329,7941,154.80545642601837,-42.55449615435661,154.80548390850728,-42.554903623511535,1.4686983107531986,1.7138799040944728,1.8697200798397142,9.092829396793674
8337,7949,154.67868707623074,-42.50183386519201,154.6788669714207,-42.50215120943772,1.2381994096064797,10.975418842658346,11.968763531175838,9.050631258432187
8341,7952,156.44231696382803,-43.27541307193874,156.44187767865532,-43.275676881561076,1.492527543629474,3.4095101074788343,3.545107013688695,3.9770202150867884
8342,7953,156.7625929992131,-43.4115189163639,156.7626836115862,-43.41201213093517,1.791315270948377,4.528623804712214,5.869875145088655,29.617194940785673
8344,7955,154.56970019729275,-42.4552800174157,154.56890308640598,-42.45542582028182,2.1812949797756054,312.9021638184372,272.97226513076396,-12.761144953552552
8345,7956,154.73266295617734,-42.52819240636936,154.7324783086525,-42.528430908057324,0.9885222445632186,2.1943195814214795,1.3835134102435758,-36.95023177310681
8349,7959,155.5876586482827,-42.90412058599743,155.58752613793828,-42.903789730484874,1.24127797165565,4.097553229735065,3.369657450142531,-17.764156773128672
8350,7963,154.9465551669286,-42.6240096839546,154.9465100133984,-42.62404511421827,0.17485682566553212,0.7407056963555222,0.9496776061176422,28.212542551018554
8356,7970,154.16463776234926,-42.27802963707677,154.16471284852244,-42.278126958515365,0.40342276508644725,2.7007993782867183,2.54833687472332,-5.645088072410424
8361,7975,153.42434037833908,-41.94442933592967,153.4238660804555,-41.944324929965106,1.324459034045805,2.7654540821583495,2.346321299148201,-15.15602033366718
8363,7978,155.44618573397528,-42.849514872925575,155.4459409702351,-42.84982937466886,1.3035395378612182,1.1779093935730125,1.0425031488433294,-11.495472017499448
8365,7980,156.68308114990324,-43.385704096992264,156.68323700518894,-43.38588117342306,0.7567323966408902,87.71090213653775,90.74420333575492,3.458294379979453
8367,7988,155.06201434038468,-42.68272959353363,155.06199192148716,-42.682390046944946,1.2238067290039043,1.1314836660764092,0.9527647854838269,-15.795091520173418
8371,7985,153.758831180167,-42.10019490251701,153.7589890621806,-42.09976821328551,1.592919963684807,9.686425166040307,9.304725888312536,-3.940558783915169
8372,7987,154.796839069981,-42.566028739197,154.79666191380736,-42.56587527659579,0.7251529099636497,4.577945144600142,4.638165713591566,1.3154497725350933
8373,7996,155.73427052423554,-42.980218376329695,155.73460050024315,-42.98017516135941,0.8828800577226619,31.823387182786654,31.48825251125072,-1.0531081107456965
8374,7997,156.72836129615624,-43.41099282379476,156.7280846172276,-43.4108454335894,0.897270832596104,7.101622748112112,7.120404166817722,0.26446657858027134
8375,7999,157.07622003060436,-43.55965774069664,157.07620051319736,-43.559648127790446,0.06156364424673637,4.681428689806196,4.382400851236515,-6.387533771919108
8377,7990,153.52041722981136,-41.99263282866956,153.52053179459273,-41.99253819193664,0.4582945303521648,7.449893673795486,7.761649056155774,4.184695728703704
8378,7991,153.55950443669371,-42.01037207731191,153.55966144521483,-42.01046841950244,0.5446789001302523,80.35000015339385,80.75274380643133,0.5012366549702669
8383,8000,157.3113991967173,-43.66051341821856,157.3115356838738,-43.66039206379209,0.563220442786269,1.9636593509802711,1.8085199798732596,-7.900523633570401
8385,8003,154.21579238058231,-42.31129479981211,154.21609167193543,-42.31142729695402,0.9286350363780084,41.48961116055873,40.75416912439448,-1.7725932241644733
8387,8004,154.38645191699422,-42.38795216670938,154.3866295936627,-42.38752078341285,1.6232502064446823,4.888928693514258,5.02467686662066,2.7766445701383953
8388,8005,154.5818028506699,-42.475144544661084,154.58222839912509,-42.47492664149933,1.3755472978466725,1.8851709821328906,2.3816735307871584,26.337268786756024
8390,8010,156.3909647519804,-43.269759599898684,156.39081650133969,-43.26960808187011,0.6697371408420867,25.492576816476088,28.297916618088987,11.004536033406326
8397,8011,156.81179615693944,-43.452023284161434,156.81196202233644,-43.45204864898603,0.44298951780265905,1.4058556149611596,1.5110739136462812,7.484289109449442
8399,8012,153.30872921253743,-41.901804578117094,153.3085908560373,-41.901738302999284,0.4408604360126765,64.99149721930605,58.34733981295797,-10.223117931762934
8406,8018,156.66787573160244,-43.39284521491385,156.66818461655745,-43.39296532556021,0.9164548176027905,49.76014584371298,49.48321396781735,-0.5565334892012256
8407,8019,156.89557702743807,-43.49011694815489,156.89553925255646,-43.4899532939386,0.5973588094809735,5.311120639660797,5.360053847724572,0.921334900555002
8410,8017,155.91244555674993,-43.067772919547195,155.91222542538654,-43.068009873243184,1.0309384431631046,33.99688233963276,34.96347308459322,2.8431746632061827
8411,8023,156.01395093875772,-43.112071196601676,156.01412310484682,-43.11201928442547,0.4895398425639186,4.34859703968768,6.2561758403032215,43.86653403858606
8415,8024,154.10127227145105,-42.26781973631796,154.10165234245522,-42.26755518131087,1.3900596977582012,81.31540674843572,75.56461346121272,-7.072206261003094
8419,8029,156.96611442012272,-43.52411117299829,156.9660946020754,-43.52406182369855,0.1850359237149262,7.6996872424845275,7.746707641606288,0.6106793385361958
8421,8025,154.43651376680586,-42.41866301549544,154.43612371741352,-42.4186162614295,1.0501902123032143,5.549540481578675,6.0482102640474364,8.985785113633499
8423,8038,156.54656806649683,-43.34666596513569,156.5468213324632,-43.346676150633975,0.6640558208727734,11.103473359049538,11.149309732170684,0.4128111235011742
8428,8034,154.91787755550092,-42.63659255373965,154.9179605425468,-42.63644657613923,0.5696270417390826,1.8173396369001558,1.6719874216716757,-7.998076544261588
8430,8043,155.5014093249924,-42.8943410361344,155.5010230187894,-42.89402642304293,1.5234318085259972,1.9871848900516942,3.043298036426569,53.1461944815513
8431,8036,155.53274440318293,-42.90708280296208,155.5324609768586,-42.907073150701564,0.7481605506221628,3.628931607893687,3.60955706707432,-0.5338910432267001
8432,8045,156.73041665195313,-43.42759962079483,156.73059127027187,-43.427721658002696,0.6335918508882382,3.719061114545616,3.5518267356458924,-4.496682731177864
8433,8046,156.84912021141884,-43.478228839767446,156.84836911477942,-43.47835665964959,2.015315255280763,506.3255523111087,449.6899442984063,-11.18561126417396
8437,8049,155.51408331229774,-42.90155083597622,155.51411759361397,-42.90127054949269,1.0130730275548978,3.0576933948346094,2.346971305916415,-23.243733008640575
8438,8044,155.67151516453706,-42.96910748667271,155.6709765355155,-42.96901870159415,1.454411503984153,1.269152623237337,1.0598464900362976,-16.49180164534854
8443,8058,156.2930756344327,-43.242960269447074,156.29303345958758,-43.242715540071664,0.8879408717532089,18.928552138875084,19.703421144975742,4.093651751151362
8445,8059,156.99286473570587,-43.543732871183934,156.99267578575592,-43.54359971706243,0.6876672858825584,12.184354632698753,12.164372682542522,-0.1639967873440396
8447,8057,156.12145851636834,-43.16914994592618,156.1216003313054,-43.16930841970033,0.6812647793444134,100.57058319818272,100.8437941964709,0.2716609465710197
8452,8060,153.9581799975896,-42.21437352653768,153.95875356111054,-42.21463689116906,1.7993402472536406,0.64126751985282,0.9692533071799647,51.14648367071859
8453,8061,154.52615277129232,-42.46780077454096,154.52641258496382,-42.468242232973616,1.7325550963756249,3.706920792471943,3.669924632764795,-0.9980294098077299
8456,8065,155.02724832207912,-42.69344348976732,155.02730100749434,-42.69311728770755,1.182572826954368,110.96908839050862,112.62104520751015,1.488663952242423
8457,8066,155.40158006899307,-42.85795747271329,155.40123892122185,-42.857645244979054,1.440109510362715,2.256897634072397,2.235589567201858,-0.9441308524078007
8458,8067,155.62127092451797,-42.954660523222266,155.62121465895805,-42.954423602111106,0.8657041417592096,3.482612082550825,3.3505593727887684,-3.791771998486121
8461,8063,156.74531941139497,-43.4406888618699,156.7456814732003,-43.44081787748274,1.054222922625897,0.48694638528430173,0.48042173957753903,-1.3399104919843097
8466,8074,155.5536906111868,-42.9274180532834,155.55368923646265,-42.927164015942914,0.9145416051010306,37.88229082970848,38.460911352666166,1.5274169282917618
8478,8078,155.82085598107716,-43.04607164812249,155.82081414997398,-43.046457443175235,1.3932156516165515,144.12677260139222,170.77463125916213,18.48918016881515
8481,8081,153.39631278163296,-41.96689576340055,153.39608202127772,-41.96703134767233,0.7872557794860636,3.639290452487226,3.3953056603781704,-6.704185755283897
8482,8084,154.4048636280029,-42.422434531043514,154.40490831580692,-42.42249618272019,0.2517207413023871,1.7661660794132243,1.249020428293272,-29.280692067858325
8483,8085,154.70508798749768,-42.55584876178649,154.70475938844015,-42.55597789992731,0.9876458932932247,146.9578660654154,148.97321892237804,1.3713814108225695
8488,8098,156.71529078215463,-43.43726356109307,156.7151842656067,-43.43695152178141,1.157335622277752,12.355185016802363,10.86897794621482,-12.029015094200405
8490,8089,157.0182906112873,-43.56456869272372,157.0178403774551,-43.564600470849626,1.1800173276810308,190.92072221168644,170.2686352157501,-10.817100813728333
8494,8099,153.6142930101756,-42.06995613746773,153.61412986481537,-42.07036417955531,1.5322862721974706,1.321868158375651,1.6587536276317967,25.485557475725866
8495,8100,153.74151241358908,-42.128299098341124,153.74093590786677,-42.12805513518594,1.7721666959107831,5.23753444506013,5.989164781571967,14.350842832561217
8496,8102,154.73594038305123,-42.575527732121,154.7355580233729,-42.57554274568197,1.0150715569451167,5.27500164762965,5.910480772834704,12.046993871378417
8500,8109,153.33346355409438,-41.944953970192195,153.3333576778454,-41.94498679075886,0.30713415416508216,21.763665404039052,20.48894221887543,-5.857116260053561
8506,8114,157.25456175382672,-43.672114323975556,157.25395750284974,-43.6720266362573,1.6047603269075659,1.088633414604956,0.7384995709278824,-32.16269489616304
8507,8115,153.6512100696609,-42.09187351868246,153.65098993666072,-42.09181931466412,0.6196051318636081,7.096942630474489,8.644477291242247,21.805652678134894
8508,8117,155.3745503618984,-42.86208000200397,155.37439781364085,-42.86215869515618,0.4922347148722469,10.15989566122334,10.591019215194201,4.243385644365471
8509,8124,155.42605507345374,-42.8850510107516,155.4256834454133,-42.884679333014155,1.6587048031921452,1.5814397449486786,1.9168358154157523,21.208273760563554
8510,8119,155.7529280563514,-43.02829249865277,155.75279673745115,-43.028164628988264,0.5756169820493928,0.9461078353913426,1.0288379352288712,8.744256916898765
8512,8120,153.6652173005974,-42.10161522785084,153.66516556359997,-42.10144238556416,0.6373931199649638,25.184275478347846,28.58830435255629,13.516485225612518
8514,8137,155.57537132622286,-42.95273791658251,155.57527326073162,-42.95241953770552,1.1749293016280107,23.30396140537614,24.38629500404052,4.64441894593376
8517,8125,156.29894236448703,-43.267077707671014,156.29868377633514,-43.267113070906035,0.6897138873982626,38.006384147697666,55.88714590433915,47.04673216782359
8519,8131,153.45825654055835,-42.00663425056209,153.45838275245893,-42.00673091789227,0.48486516901485693,116.59834005421229,120.69274212224961,3.5115440461104654
8520,8133,153.7909903426015,-42.15934950474735,153.79109101995377,-42.159448967664915,0.44765433287790013,16.534886062464796,15.962244573961918,-3.463232140454898
8522,8138,156.33394167634816,-43.28263520494361,156.333554363636,-43.282497130751906,1.130216104498475,2.26989580283164,1.8463489319182953,-18.659308959687934
8538,8142,155.07491304830847,-42.734305298373926,155.0751775781912,-42.73423352878231,0.7456710266155249,14.033175900579868,12.26230518515752,-12.619172794300775
8542,8144,153.51778887797704,-42.040054652386885,153.51773918518387,-42.04047603818422,1.5227957912804166,2.949106038310892,3.1172854292872443,5.702724445699405
8546,8150,157.0688408893289,-43.60361543284304,157.06875895445373,-43.60405167223533,1.5849201577467624,5.0448163403144965,5.606101266352816,11.125973438377516
8548,8152,154.3883779704451,-42.43271136013892,154.38771855918148,-42.43235470159651,2.1721924049391705,1.0187369677130245,1.041373305879778,2.2220002693698446
8549,8154,154.66364830487058,-42.55585289934367,154.66337912876378,-42.55582604857701,0.7203236484633183,2.158170014533308,2.1441548647168593,-0.6493997100353277
8551,8155,155.31424080720956,-42.844504543471125,155.3147556510005,-42.844677322057905,1.4945270818401795,17.12513959757009,16.944262990219922,-1.0562051556988932
8553,8158,156.42621446159046,-43.33038818828397,156.4262567030702,-43.33061343077474,0.8183831325216695,2.4795891992993364,2.725155525577167,9.903508466129026
8555,8160,156.951930399514,-43.55588956740912,156.9517087607673,-43.556112764627116,0.9899435997589646,2.054995418322504,2.3304996362884185,13.40656117816598
8558,8169,155.3735679011864,-42.873623783650864,155.37311079817368,-42.873066381040886,2.3411558722218286,8.995178995161117,8.35224177755962,-7.147575584069648
8560,8171,156.86925093058784,-43.52288896507712,156.86913068089189,-43.52250633051775,1.4127964538332047,0.8382890261774486,1.077781656654952,28.56921932636725
8562,8165,153.3237364187922,-41.956802832531544,153.32358890383057,-41.95664275914507,0.6985991826415606,1.2067980155094262,1.437795884979078,19.141386255274913
8564,8168,154.96821929737644,-42.6962864680598,154.96820477197696,-42.69630863842083,0.08858433231626955,2.8526997223805584,3.4931136314637086,22.449397812845483
8565,8176,156.084931774181,-43.186553013235915,156.084522924236,-43.18665533551871,1.1346339369794507,2.925305976470399,2.8915355585072606,-1.1544234427020499
8571,8174,153.95101999084866,-42.24249086443335,153.95093109169377,-42.24237020043598,0.4948017214492501,27.862109272689587,25.943700521601244,-6.8853679824189244
8579,8177,156.23630135641258,-43.25260397153184,156.2360406538282,-43.252600868624775,0.6836595544729651,9.124901517638897,8.224854355008183,-9.863637003543287
8582,8181,155.22733196291796,-42.81323077033609,155.22679561748168,-42.81332308290462,1.4548771161422573,1.4327051559479254,1.45133830542465,1.3005571592569836
8584,8184,156.4022196379435,-43.32771304692444,156.40175728433837,-43.32783671012667,1.2900541306681326,8.935503554723814,8.528712938123142,-4.552520337654829
8586,8189,154.06369665234584,-42.29849748217891,154.06391709662762,-42.298714800386456,0.9780667324705558,16.341948122039614,16.21506380711055,-0.7764332255953115
8588,8197,155.01929752893793,-42.725775479394215,155.01951656408784,-42.72564113358901,0.7546218583531966,16.332862813274268,16.62591022247054,1.7942194981158073
8590,8201,156.16894450598826,-43.22916895665954,156.16931483721186,-43.229241322239986,1.0057173537171136,1.905899731514884,2.289457293300504,20.12475029212336
8591,8192,156.3133745114213,-43.28960061237776,156.31350082536858,-43.290077062854834,1.7468667956313744,1.999396316166246,2.0431698298992482,2.1893365201820507
8592,8193,156.66669584204578,-43.442299291808325,156.6665250019778,-43.442342093483816,0.4723857793597758,9.55428085077668,9.101401303584362,-4.740069443902755
8594,8194,157.27994032366675,-43.70510457785907,157.27978280274718,-43.705346761841916,0.963429099426314,11.514401608107987,11.717997613010224,1.7681857193418855
8596,8198,155.09128568528214,-42.75763320465343,155.09152033136564,-42.75765455001471,0.624966895635572,7.487629976426124,8.11355180348956,8.359411843721896
8600,8205,157.08811378090354,-43.62472579060515,157.08812034321056,-43.62483588434177,0.3967062140179759,16.573433368181682,17.17928173591461,3.655539285517385
8601,8208,154.28921722366866,-42.40338405792508,154.28935230915258,-42.40345106715964,0.43260157859506554,6.077187246377089,6.764809131038778,11.314804971191469
8602,8210,154.62981292045276,-42.556060636405874,154.62991375607186,-42.55619699166014,0.5589843098788394,9.583511730007649,8.993664957680739,-6.154808268038076
8603,8211,155.00665954779168,-42.721955068699856,155.0062381574574,-42.72194645057442,1.114906810971199,35.76654580849777,30.25952201166186,-15.397136268964204
8606,8221,156.95126389719962,-43.56986153470193,156.95159108209725,-43.56989378549036,0.8612655680630776,125.21460164559952,129.2312146598023,3.20778324685422
8610,8219,155.0271898825115,-42.73544275792102,155.02661833124426,-42.73555164560642,1.5612944513787366,5.634424287536815,6.003514491692636,6.550628517135956
8615,8223,154.40882866351916,-42.461484764444705,154.40892093828168,-42.46170460795313,0.8285102517463376,31.083581167069823,31.449752139630995,1.1780205459372737
8621,8228,154.4769246220368,-42.492584197430475,154.47623957980952,-42.49252986772718,1.8289425070792136,1.468121300701695,1.8864844048814946,28.496494395922255
8622,8239,155.53526111642586,-42.9632336981278,155.53552467502885,-42.96300967093173,1.0642071534567297,2.8353360376554115,2.7505209686996914,-2.9913586195537922
8624,8242,156.03538445884845,-43.18126787458775,156.03507010634277,-43.18105694518057,1.1214146713278355,34.03434445044954,31.901182419497836,-6.267674801427023
8625,8231,156.64158760074787,-43.44180215481345,156.64117986053924,-43.441953444058285,1.1968761052088557,3.1245191676678115,2.882449212564837,-7.747430632139762
8626,8234,157.15959846039593,-43.6638353772923,157.15969299133394,-43.6640956963396,0.9689442213548958,2.4419151541808293,2.454478672868711,0.5144944805462016
8628,8237,154.71643642117994,-42.602862156667705,154.71661264926612,-42.60311469501716,1.0220547516329888,11.162157074717221,11.393551689006689,2.073027755661907
8629,8238,155.18106864188672,-42.80864022432486,155.1812490289985,-42.80887035119626,0.9556720189932544,40.876355758193085,41.81981530678784,2.3080813616944056
8631,8243,156.14657706906146,-43.23103152616531,156.14653163913917,-43.231287668797236,0.9297808487522589,1.55017176453706,1.4518463252119747,-6.3428738398192355
8632,8250,156.55308274613128,-43.40679874101601,156.55298674804925,-43.40661377749797,0.7116304689232725,46.60361068413439,46.8782078998604,0.5892187572914698
8635,8246,157.2383963419398,-43.6993150676783,157.23867049729176,-43.69929092635953,0.7188205966244607,14.728379339929655,14.816186466361948,0.5961764319461987
8637,8247,153.95762994735458,-42.26273355959418,153.95749996393013,-42.262751441034794,0.35224010407798717,46.58089810880066,45.31480029493571,-2.718062264294868
8638,8249,156.48878049580438,-43.380439986050106,156.48883789187633,-43.380318196584184,0.46344881488985945,5.598321001686199,5.011248133439266,-10.486588176528432
8639,8254,156.8902651874069,-43.55359654842577,156.89043342198107,-43.55366869343867,0.5100135318848006,4.083427990052883,3.9560973252359695,-3.118229711092915
8644,8263,157.11851824849649,-43.653123099543265,157.11868502532414,-43.653148875081264,0.4442060731422315,3.747117054083873,3.702504754487322,-1.1905766207097628
8650,8265,153.48141232977687,-42.05309229661222,153.4816954812723,-42.0531517194596,0.7865386072071207,8.947582541865216,8.922289010686253,-0.2826856423018903
8661,8268,153.72273335197704,-42.16524005490054,153.72287944733554,-42.16525134571534,0.39194876772224047,6.81414181935997,7.760489785235249,13.88799926626954
8664,8273,156.29357075542654,-43.3045568599421,156.29329807327446,-43.304602191889735,0.7327721080613828,13.51826011204011,13.372941928583701,-1.0749769737525643
8665,8275,153.4332410230999,-42.03532713104375,153.43343232278554,-42.03558989456859,1.075385555871812,1.7788153168547642,1.6158801724567853,-9.15975609463915
8667,8288,154.2637139829873,-42.41289247009233,154.26362431023438,-42.41275010394216,0.5652266835472458,7.90580873240871,8.078762806460277,2.187683511018517
8669,8289,155.07813022739518,-42.77466544383976,155.07771739105337,-42.77542500917612,2.9440169447912417,13.551630618819544,9.48753615982569,-29.9897080529182
8670,8280,155.222653282125,-42.83730500335031,155.22252967041067,-42.837465536193804,0.6636793910199277,54.605027230746735,54.941849512324524,0.6168338313512132
8672,8283,155.81507855136866,-43.098825197893454,155.81444964583352,-43.09897972009912,1.7442442339931927,59.73629109802152,65.26941887457001,9.262590085261836
8674,8285,157.22960696809582,-43.70635037628178,157.22943712002075,-43.706298213269704,0.48025008232038663,1.9490422658341393,2.0426182529496604,4.801126622847914
8678,8295,155.64568925486114,-43.02748047382272,155.64607988769242,-43.02744875171085,1.0343504621831279,32.799503245319684,31.13282464154264,-5.081414164450401
8680,8290,156.50300190847025,-43.398827172949346,156.50357073555685,-43.39862254980474,1.6602631349475427,-0.2805886992049406,0.7698317081973364,374.36304825486036
8683,8293,153.59855651146552,-42.11593657145758,153.5984623851288,-42.11592209045064,0.2567080255599546,15.572460712632688,15.48401615292078,-0.5679549388116929
8684,8294,153.73850889391915,-42.17929751486195,153.73766873730372,-42.17921421631089,2.261317684964392,7.8592658526577654,10.566102223635317,34.44133869147819
8685,8299,153.8818470993344,-42.24449848114873,153.88184927926585,-42.24430079154041,0.7117063017246884,147.02735265008343,172.61472396504385,17.4031367998966
8689,8303,155.90904297380334,-43.145609171295206,155.90870759667226,-43.14571717056156,0.9628938386577924,5.098085449913598,5.18872376710826,1.7778893289479483
8696,8305,154.3526019119032,-42.458597502665235,154.35284134349448,-42.45876298653938,0.8713788554323686,2.4344967415590375,2.478366259363642,1.8019953387372654
8697,8313,154.8337202618449,-42.675155374157384,154.83375059461656,-42.67487420979438,1.015370615785141,1.969989465753767,1.922021415138644,-2.4349394475959403
8700,8307,156.43540455870527,-43.37428579664463,156.43500686172868,-43.37434915716334,1.0653885179309834,71.94001701742059,68.93726863573026,-4.173961177911865
8703,8311,153.9799574247428,-42.29478830871174,153.9798013068251,-42.29481133531625,0.42390929602579774,6.627143805245261,6.083702242076494,-8.200237977915062
8708,8321,156.7558811522438,-43.515760983981004,156.75612773421307,-43.51571525514526,0.6644596012419649,6.576028591089123,6.536780949319029,-0.5968289405444058
8710,8322,157.15057785238298,-43.68415375694793,157.15080156699634,-43.68415966355347,0.5827998125704827,5.141573340602471,5.369091318390961,4.425065300378078
8712,8318,154.66019686538095,-42.59997935228658,154.66038584618727,-42.600265318400936,1.1448206020612124,3.1656978221027656,2.627148537847718,-17.012024347204584
8716,8323,153.31841277181627,-41.99692927867782,153.3184330858312,-41.99710375404875,0.6304583020515295,9.67660433007613,9.159857885343328,-5.340163006631229
8717,8324,153.91099813225534,-42.26756967490012,153.9107846363689,-42.26759778162299,0.5776924228425807,3.993945958757735,4.358442437982162,9.126224615663018
8721,8331,154.93807741548895,-42.7277145660613,154.93802964089076,-42.72765787173892,0.24003866025386103,299.1878673326698,348.2216254839703,16.388952730084945
8722,8325,155.16627895297253,-42.828130576499426,155.16646995890673,-42.82847733646626,1.3463500333794984,93.16522381434977,92.02749566326005,-1.2211940298204695
8723,8326,155.19619629524547,-42.84083509359278,155.1962317650464,-42.84101622036746,0.6587441898742225,2.0339675638882446,2.2595879391961002,11.092624057216884
8729,8335,156.11336274483025,-43.24320049089629,156.1135305973745,-43.24326801746754,0.5028467087107734,2.1618174877917165,1.9698737167129814,-8.878814801096112
8730,8341,156.21161635365044,-43.28747876446306,156.211847030897,-43.28755118289601,0.6583169232132853,27.094292499839383,26.59866311293739,-1.8292759883098273
8734,8349,156.9650065094925,-43.613315646547484,156.9653651516021,-43.6129396033322,1.6451360966706479,9.100503573346511,8.053547251020376,-11.504377904893675
8735,8343,153.88738336921548,-42.261558909570674,153.88688671606124,-42.26138190706239,1.468666653732121,13.599858826414572,12.752787096731332,-6.228533255345264
8736,8344,154.02148466931453,-42.322082605126994,154.0213468424098,-42.32211473622217,0.38466287899234347,54.880187104895874,48.040884315499405,-12.462243935728736
8737,8345,154.14166345365396,-42.377691778683506,154.14162544586404,-42.37778298174578,0.34353729083344214,5.916162801346646,5.974836056086964,0.9917451008441328
8743,8350,157.10613997730272,-43.673906178729055,157.10616798648942,-43.67381132029414,0.34919130542960436,2.2680274453633804,2.089321601063825,-7.879351048634399
8744,8352,154.17886455468408,-42.394864252556104,154.1788633009924,-42.39496488870093,0.36230545375967244,1.0174207073008656,1.0773004796252712,5.885448555815393
8751,8360,153.91492806903818,-42.2775196475477,153.91528249157312,-42.277615076918934,1.004613631192012,5.228668411951261,5.34352281050872,2.1966280801998006
8754,8375,155.51437358944713,-42.99179233975371,155.5141039822601,-42.99152375766271,1.1995410944895173,2.300470400500869,2.07226420898181,-9.919979473301323
8755,8366,155.5980017236577,-43.02796175652103,155.5981749723544,-43.02820886849385,0.9996343664400785,3.0047587039158374,3.0166546408040484,0.3959032341834329
8758,8367,153.3301608261673,-42.01421934415473,153.33033315958988,-42.0143562122507,0.6747201000291148,16.764078409348603,17.614211906983616,5.071161544800047
8759,8369,153.5311208002668,-42.10804281609578,153.5308318470633,-42.10769933740171,1.4575864905516245,17.39106821833176,17.05520362586492,-1.931247628094571
8760,8370,153.6969088710137,-42.18284750471303,153.696728056764,-42.18274789706453,0.601033195433557,3.3576921516051272,3.359349140668556,0.04934904656570372
8762,8374,155.36629918246248,-42.92739803018259,155.3665498602642,-42.92755704415363,0.8742604827895563,34.300882179117735,35.25003825485468,2.767147710022418
8763,8376,155.6453042388446,-43.0495911862594,155.64535801310376,-43.04945162394356,0.5219607522558996,2.761443895828014,2.827007872776198,2.374264313218101
8764,8378,156.41444870564223,-43.38517341260124,156.41479529495075,-43.38492342306214,1.2775734911849825,1.6553475953579446,1.3604475065244206,-17.814994848242506
8765,8382,156.51244518173075,-43.426521435667624,156.51278499129137,-43.42709916726355,2.261642478649116,0.9343107621757173,1.0883602239285104,16.4880324608549
8766,8385,157.07248693506884,-43.66669509323168,157.0725452399406,-43.666626667402376,0.28936709350493606,13.780414008727341,13.232927678789297,-3.9729309263953385
8769,8383,156.69753943681596,-43.506762901360815,156.69710430611045,-43.506988737859544,1.3970755891700934,189.1216342029833,207.39692793005997,9.66324863048819
8775,8392,154.39209695625337,-42.500235966801185,154.39219319619932,-42.499946934055245,1.071413471754517,27.31485103029903,27.372262721601505,0.2101848962631689
8776,8386,154.55709790711677,-42.571843490466634,154.55703641450526,-42.57204840470965,0.7554904263369561,199.6424307751491,202.3070078021372,1.3346747064951971
8777,8393,154.68134835490096,-42.62923670133424,154.68125235967463,-42.628900867110296,1.2354508608171426,9.640891738680669,9.659852181571825,0.19666689975455726
8780,8390,153.45743044689956,-42.08019516130365,153.45751268670895,-42.08017155596465,0.235599955887055,15.845328715173117,15.780220438443896,-0.41089887057297264
8781,8391,153.82774824646978,-42.24640612018673,153.82809463570115,-42.246431010409275,0.9274440476115512,13.552122012149944,14.79290977847687,9.155671452887729
8783,8394,155.048549849892,-42.792331182776614,155.048226392818,-42.79221000450924,0.9594106613098071,5.383753054541837,4.77899505834833,-11.233018863733395
8789,8397,154.8913017639659,-42.72634357581512,154.89181645908042,-42.72664845221913,1.7485249553914308,1.2246072359823585,1.5668835703862423,27.949886653194206
8791,8398,155.73162683064453,-43.096484871471255,155.73165667491224,-43.096621423657034,0.4978086390220774,7.33477790083613,7.033974290618646,-4.101059558779464
8793,8395,153.35843378093207,-42.03659920821425,153.35832760170612,-42.037018896061916,1.5373177256922346,4.558180335065205,4.99005218174681,9.47465468532032
8795,8403,155.40329476736056,-42.9544607828222,155.40281082538436,-42.9546289097955,1.4114590123357447,3.117922326836043,2.6897611348199004,-13.732259727285303
8797,8412,155.4370795328883,-42.9694186408404,155.43737785037627,-42.96912097743969,1.3288423899479596,11.689937415124671,10.597152773534242,-9.348079487376575
8799,8414,156.14732172585735,-43.28021191205569,156.1478376813258,-43.28030853279467,1.3962530203012689,2.4268993565100674,2.3145912821816936,-4.627636248166267
8800,8415,156.18445656835183,-43.29542858278072,156.1848824492387,-43.29521521878909,1.3546937924563338,0.906865716802381,1.184301685981579,30.592839054214142
8802,8409,153.22624551502722,-41.97864588771881,153.2260668052117,-41.978672423521495,0.4877136585431014,4.077045658609835,3.972812458302099,-2.556586534360195
8803,8416,153.6087832135594,-42.1542077447902,153.60859291711378,-42.153843302125175,1.406861451801036,2.5958554679238124,2.725798039656093,5.005770673211233
8804,8411,153.6604064994227,-42.17631387585904,153.6603840288999,-42.176407523328294,0.3424195028873197,8.826985752810895,8.640578355047,-2.111789947146288
8808,8417,154.85134036027497,-42.71308120959219,154.85169907678556,-42.71300904003747,0.9837813246501539,39.65616083963017,36.77242498711245,-7.271848286523669
8811,8420,157.22645701683098,-43.744123792515644,157.22539265439002,-43.743875565431786,2.9088276360880188,3.450613459836636,3.2183981025470145,-6.729683286536979
8823,8425,156.68515578954722,-43.515668644015875,156.68483267035106,-43.51577459752261,0.9257856049263962,5.487746845840466,4.032136034161935,-26.524744172225006
8825,8427,153.5191257070292,-42.119930987717446,153.51925150722906,-42.120277378970854,1.291461371088842,9.518592643959298,10.420818744845118,9.478566156083918
8826,8428,153.97685877050827,-42.32743378783574,153.97674583402113,-42.327485423938775,0.3534181727816349,10.165554421908055,10.725668903793707,5.5099255646945755
8828,8431,155.21547973150498,-42.87971408572066,155.21491917966986,-42.879978766293384,1.7591502461335682,8.122953479681998,6.764814874851879,-16.719763423824112
8830,8440,156.7214894742806,-43.53474897387185,156.721553483559,-43.53462028753233,0.4924703420746006,24.173200823084226,22.729671185046524,-5.971611490767917
8833,8438,155.13510594957765,-42.84635026787864,155.13494977586907,-42.84644688182267,0.539342848127785,12.42098172415511,13.283095634118112,6.940787202725264
8836,8447,157.14025810127856,-43.71536836851586,157.14024473186362,-43.71561144602208,0.8757702064454828,4.333500536414777,4.385305865297939,1.1954614623405915
8846,8455,153.32071754853627,-42.03540683448435,153.3202029727197,-42.03532913202542,1.404037834039238,1.6902508275941406,1.689360170747098,-0.052693767842156916
8848,8457,153.62517095089675,-42.17628571353642,153.62488007760572,-42.176664104557396,1.5677414467960313,1.95768688445735,2.553920281979037,30.45601430215214
8852,8464,155.1650818990714,-42.86584449287177,155.16536571241716,-42.865828774126406,0.7510091268216416,7.187524959697938,7.3349189012426805,2.0506911958040295
8853,8465,155.18210267355227,-42.87279349815405,155.1817750533507,-42.872996300139704,1.1314387855111094,2.76433135677955,2.698232365631725,-2.3911384930651285
8854,8462,156.79209787976458,-43.57167898731326,156.79191445470494,-43.571559190040496,0.644110097818164,3.507466420944061,3.4462662376323987,-1.744854432425036
8855,8454,153.2777436635273,-42.01749312408743,153.27836659775267,-42.018234638755146,3.1467133985915114,2.932805180202483,2.6664223841111663,-9.082867075164035
8864,8469,157.04282992613773,-43.68016341188062,157.04301694748509,-43.680294460402,0.6779823170124551,1.5201176231206737,2.0221140295476885,33.02352388997757
8865,8470,153.2614334335065,-42.012944231412185,153.2616318161281,-42.012878965612316,0.5803210055748561,1.636910864072256,1.715084802158629,4.775699141729327
8867,8474,154.47014604110552,-42.561014501452604,154.46975986494093,-42.56116179499857,1.1531348336828557,8.826854618041214,9.010438312460517,2.0798314049953444
8868,8478,155.20453372258504,-42.88688146078257,155.20528155289307,-42.88708070571251,2.098925332735114,2.3476465361668235,2.1708247410181807,-7.531874684906906
8879,8487,155.80828945721635,-43.15540900984189,155.80836622430954,-43.155416781068695,0.20353790469498545,0.961130697306624,1.672826835155114,74.04780014236104
8880,8489,156.64302400990493,-43.515290948048516,156.6427173131395,-43.515472768457,1.0341862786490548,5.148170257450132,5.368147758417616,4.27292591283565
8881,8491,153.3429541683728,-42.05576070903888,153.34310686569023,-42.05604508629718,1.1021213502903542,23.367996136797494,26.295678811322986,12.528599617128839
8887,8495,155.05196878934657,-42.823897696167585,155.05195012828293,-42.82391115101555,0.06909410653560404,3.720821835238612,3.9777836475211417,6.9060498906164645
8890,8496,155.8813690785906,-43.18925050881569,155.881146082429,-43.189278096882745,0.5936753187088026,3.842151039178643,3.170167205860461,-17.4897818036283
8891,8504,157.24467782182654,-43.77563158606413,157.24483854251312,-43.77559122104487,0.44232761709949125,91.89639828040748,90.5622831777515,-1.451759946657694
8892,8498,153.86982393236045,-42.29926439819341,153.86972963891142,-42.299124591206585,0.5624545316948892,1.5737959354620517,1.710247363577076,8.670210987358
8901,8505,155.18504718585604,-42.88848146994766,155.18483202998857,-42.888769935322365,1.1834237357595565,2.8814618858355194,2.495626210471196,-13.390275167649666
8902,8506,155.7475396588479,-43.135478625614184,155.74784894536356,-43.13538507429999,0.8795479633676896,18.395477044883176,18.265317437423462,-0.7075630990277488
8905,8507,156.86504608087563,-43.617180499417174,156.86556859495846,-43.61725581288857,1.3885417860409535,9.787808228719385,9.598357983386366,-1.9355737352631595
8906,8508,153.41929661766972,-42.096726249389334,153.41917943443747,-42.096610579929454,0.5209440235807088,2.3167326093779077,2.943833909210753,27.068350369585183
8910,8511,154.77226538723795,-42.70791700289569,154.77268895926355,-42.70795817144092,1.1302571330096967,1.2089544271146566,1.2330238276913448,1.9909270388407643
8912,8520,154.95395312975012,-42.78830386700543,154.95420418164395,-42.788080139803775,1.0433668613333364,107.37969480626285,99.34921644730669,-7.478581843098874
8913,8514,155.48996458501404,-43.02256335806588,155.49007599740213,-43.022938051478036,1.3803994748955941,33.3894772249443,34.005555988692265,1.8451285103910218
8916,8516,156.4413086906519,-43.43731494843438,156.44171040877885,-43.437435331276966,1.1360256903135844,2.0251090413176454,1.9396153647141514,-4.221682628401438
8918,8519,154.29651044141139,-42.4962734812361,154.2967037672066,-42.4965130763095,1.003646759281726,4.329018217158862,4.403197706656145,1.7135407100681308
8931,8536,157.09809491348702,-43.72544394138876,157.0980771203638,-43.72531458699769,0.46797087874360976,179.0879935027118,183.31565645348994,2.360662414096514
8933,8533,155.00969290394144,-42.819428175226264,155.00941282276207,-42.81942876624494,0.73958484804115,3.9606102107616175,3.8044423240433285,-3.9430259078249
8939,8539,154.2005480474758,-42.46207118076024,154.20067010518082,-42.462246423036255,0.7092815455738756,14.204289908940666,14.145045665517571,-0.4170869772645537
8940,8540,154.7035350600713,-42.68530479154144,154.70319062031732,-42.68529975223499,0.9116778879601724,1.6473869803494847,1.4945649970391424,-9.276629300416223
8941,8543,155.78352117486807,-43.16274527816112,155.7836436362146,-43.16291507704339,0.6906990839686381,38.366634412176914,40.86425397178836,6.509874003487629
8942,8549,156.1344489821519,-43.315458121140594,156.13478176982522,-43.315683334335056,1.1904453562001094,4.215704898362352,4.132448982443586,-1.9748990483443922
8943,8544,156.18626650738724,-43.33619851971874,156.18621183913555,-43.3365643693306,1.3248145514715377,1.5122225009930268,1.4126956470205376,-6.581495375656238
8944,8545,156.53383043583435,-43.48615872987963,156.53441534764988,-43.48640596342953,1.7681086841734899,1.4558897652029377,1.083412926756066,-25.584137436047698
8945,8550,156.625525003772,-43.527747878441694,156.62537450267902,-43.5275513740899,0.8091680021470365,10.15714512892518,10.6076208329165,4.435062197826333
8946,8546,156.71889150298148,-43.56544766407876,156.71855289041693,-43.565651552269564,1.148445170403733,104.6037664252183,105.23718539538284,0.6055412647281448
8948,8547,157.01241115576858,-43.69223710206756,157.01208409172338,-43.69225137204621,0.8529022393461402,3.005611919770851,3.711045316732025,23.47054163316455
8951,8558,154.9109075289269,-42.78136429753586,154.9105856629343,-42.7811436604859,1.163681937683633,89.08253875324286,87.85268139456669,-1.3805818467779132
8954,8548,156.04989085966858,-43.28021620920067,156.0498153758027,-43.28018766799423,0.22292202119775678,3.141333845759122,3.1858936185187288,1.4184984770009015
8955,8562,156.088288123591,-43.29780994722828,156.08806751975754,-43.297653648936056,0.8066507436987262,56.86516156001572,53.03997204808486,-6.726771553957053
8957,8552,157.22864526183957,-43.785465737550176,157.22910799775747,-43.785594047783825,1.288292645057228,5.362112216905417,5.372954371346968,0.2021993200248347
8958,8554,153.2403090181073,-42.02922520627127,153.2401219050055,-42.02911575166372,0.6368854676576032,55.58821530750552,54.12383457400323,-2.6343366582315295
8962,8563,156.43589113789488,-43.447969210690225,156.43575005634523,-43.44833116667017,1.3542076860295307,7.3705276763098135,6.097196467999862,-17.275984355945965
8963,8570,156.8237070807987,-43.61683263178034,156.82420325745898,-43.61697378426992,1.3894335748820348,1.7629059833196712,2.3251688246311275,31.894091155824285
8964,8573,156.98855260467076,-43.68638559839943,156.98874469219092,-43.68668240026707,1.1797113336684797,2.339105072500691,1.9609235934214477,-16.167785001420953
8969,8564,154.61387968770828,-42.65347405485781,154.61395621996977,-42.65358604691025,0.45122834652542987,2.0412731979591587,2.0913754742388093,2.454462064643883
8974,8569,156.6044754334151,-43.52298604554228,156.60409072157935,-43.52260686417331,1.694656729653164,3.2076029213246757,3.4500951162723377,7.559919382026174
8975,8571,156.86526413344066,-43.635700118665724,156.86499181218142,-43.63598205951589,1.2383950981199248,2.5466800118262247,2.455665506194334,-3.573849294345542
8976,8572,156.96739445347222,-43.67833681002875,156.96695373590234,-43.67821493064244,1.2284897109416677,3.2224118921950065,3.4148731769701275,5.972584859225504
8994,8588,154.28043259574153,-42.510641310745534,154.2807550710172,-42.51042259055045,1.1628964533843282,2.6542937039026833,2.392101462373121,-9.878041798616847
8996,8589,155.04141410704844,-42.84931482303764,155.0418451727531,-42.849257859991646,1.1560546912162488,27.664865142079297,29.445838048923346,6.437670661676649
8998,8586,156.7370461635721,-43.585502450182034,156.73737349098394,-43.58577262669906,1.2940523076383637,0.8606444749219222,0.980943960379477,13.977837418693515
9003,8590,155.4969370786145,-43.0514474201999,155.49691167095472,-43.05158221581472,0.48984570374497616,1.1829511105902504,1.1469461369178862,-3.0436569482908737
9006,8592,156.34740331642777,-43.421151593426735,156.34662626647446,-43.42094867424393,2.159131965969726,1.900785669572851,1.8378859652634598,-3.3091423886590143
9013,8605,156.47040121185344,-43.476463151492055,156.47034203136235,-43.476201327011985,0.9551629555892502,5.837126629710891,6.387384973310256,9.426870076769593
9015,8599,153.21744337254876,-42.03460978460562,153.21726768289292,-42.03465228080219,0.4940536842383794,13.84080416942035,13.588562765134977,-1.8224476063513055
9016,8607,153.51747914499146,-42.17174996424145,153.51733942220284,-42.17113473121202,2.245993584154487,6.493076200126963,8.330776766869716,28.30246419573544
9018,8611,154.56669094182388,-42.64438324368918,154.5662101035997,-42.64430266055956,1.3059190585210507,2.5650770252689883,2.700667489136423,5.286019192862874
9023,8608,153.57817993524844,-42.1994704788705,153.57797470923947,-42.199298040788705,0.82760221610388,5.703337218663492,6.614059217109976,15.96822988944534
9024,8609,153.9511880734075,-42.36920879992511,153.9508992027915,-42.36922724965985,0.771187117444481,331.7172148633097,299.6080085814799,-9.679692473922708
9026,8610,154.46762089728347,-42.6003176609596,154.46768629163233,-42.60024457504381,0.31504960300474605,3.748556191928616,3.618221963585946,-3.476918089778285
9029,8617,155.5740716329761,-43.09159690320165,155.57444881705146,-43.091716824804884,1.0814995395841678,1.2721718358271703,1.4359741608164844,12.875801867033893
9034,8612,156.8098485959784,-43.62418789862967,156.80949872855206,-43.62438881549899,1.1638034964446986,3.2417693625642032,3.489225163702248,7.633356154069826
9035,8613,156.90009895831605,-43.66322654078475,156.89947556175318,-43.66328131363093,1.6354274778853726,1.3886564828316015,1.4689690143068557,5.783470027914273
9040,8614,153.59358619554945,-42.20796860697624,153.5925511406138,-42.207859511801104,2.787841512434408,1.5639265536415392,0.976393677242501,-37.56780489665527
9044,8625,154.89990660764613,-42.796620672121385,154.89929479043766,-42.79609987445154,2.475305168113867,4.4749678460381235,4.754372956550062,6.243734483127246
9047,8627,156.53620478219582,-43.510668256187856,156.53595416047918,-43.510568825221696,0.7458532603400673,13.131453063742258,11.91700316346423,-9.248404532102322
9050,8624,154.4812261311531,-42.60989564713712,154.4805247466059,-42.60985405086501,1.8643626433795992,1.4513880206121001,1.475751812409784,1.6786546017796624
9054,8629,156.9715219165295,-43.69854521751027,156.9717569459567,-43.69831120378123,1.0411175990234502,1.534230264997094,1.2218936778049283,-20.35786897951445
9056,8630,153.55327493531718,-42.19394190612725,153.5528961953465,-42.19385309356741,1.0595485450755837,2.9422054103062902,2.8322576494902147,-3.7369165467148564
9059,8634,155.23043375730336,-42.94490894296189,155.2305734317169,-42.94512639614748,0.8650453975635671,2.297854170297711,2.366699076530832,2.9960520177049057
9063,8635,155.54753044868,-43.08571698438226,155.5474461172485,-43.08595520946165,0.885808518272911,18.35979750117212,19.92779854901738,8.54040491320862
9067,8637,156.44481430122897,-43.474163132588885,156.44393077318037,-43.47403028343515,2.3572153546652137,2203.4535009477668,2340.7470265643315,6.230833805093274
9069,8639,154.12455553656872,-42.45391553651438,154.12396956534263,-42.4542236981511,1.911331897658471,0.9563229647231091,1.1716528363562255,22.51643843933649
9071,8640,155.07296002958677,-42.8786852022286,155.0728877554771,-42.878294547649425,1.419222146967961,1.588910667878637,1.3440030689171876,-15.413553695150586
9072,8641,155.32354217685668,-42.98926755680779,155.32340620110955,-42.98948382437541,0.8569562423597235,7.336836656304757,8.121669078038074,10.697149991187114
9075,8645,153.59801510591356,-42.21824318433378,153.5982831967567,-42.21853012602559,1.2561663532051186,1.8634654852747006,1.6717213051428468,-10.289655571677415
9078,8647,154.3939692646046,-42.57796578478083,154.39406651560924,-42.57760423606306,1.3268611119935068,2.3604112907462165,2.544898350612707,7.815886180080392
9080,8653,154.9761877294387,-42.838168254236365,154.97611191232318,-42.837995843055666,0.6521509320375471,3.8460545187229362,3.7705510480509394,-1.9631409358457914
9083,8657,156.0734612179458,-43.318939229358435,156.07324377581867,-43.31900281646966,0.6138001780005289,3.079983123612756,3.1714546795690097,2.9698719858230764
9084,8648,156.5088676946469,-43.50561667455491,156.50883913811276,-43.5057469488958,0.4748780769862981,5.817343944857496,5.615264250564461,-3.473744997864058
9085,8649,156.85790026521607,-43.65652710595377,156.8580518196808,-43.65670649127635,0.7568721584927424,4.018221059499484,3.9920773562140965,-0.6506287956353504
9097,8661,153.34660832999094,-42.11162703976425,153.3467451069051,-42.11164807655018,0.37304764068277285,4.398272726378339,4.172833998682007,-5.1256195720715265
9099,8671,154.7129742805965,-42.72727360850342,154.71323362055702,-42.72711311967089,0.896757264864558,3.1184732792391427,3.4264882529699263,9.877107999653417
9100,8672,155.0074067383344,-42.858399526008704,155.00794209886672,-42.85803706871202,1.9231704301186867,5.771307297243902,7.286513312768115,26.254121249925515
9101,8666,156.291945123585,-43.41929243970486,156.29200437603842,-43.41924710075432,0.22504632448990358,2.067813188582569,1.8851057064323422,-8.835782804706248
9104,8669,153.29489278943745,-42.09012009171659,153.2949939572865,-42.090259694234526,0.5706337903094062,16.31839331924247,14.790960928552874,-9.360188597050579
9105,8670,154.1568161214849,-42.480530869603676,154.15618408724592,-42.48028176641058,1.902660649840186,3.9917029606120287,4.185451270095469,4.853775729187373
9110,8675,156.88846142779417,-43.67643795646499,156.8884350735215,-43.676771392926554,1.2023309320788493,1.614491973923355,1.4392437038554604,-10.854700605418689
9113,8677,154.87191973881352,-42.8010635623347,154.8721499049712,-42.80110173642507,0.6232955252631553,3.7345361101109886,3.673113645912394,-1.6447146951477487
9114,8678,155.69174025028929,-43.161705773072384,155.6914147780848,-43.16196704959701,1.2708952736881274,3.8451732071762974,3.427702757202856,-10.856999866594066
9118,8679,156.79637961334632,-43.639889742235326,156.79611222666418,-43.6399110338848,0.7008238884359311,9.961645787584152,11.111678388093976,11.544604426139957
9119,8681,157.09949660876242,-43.76835642098906,157.09927720108294,-43.768353781238666,0.5704760706550653,1.5024797229453755,1.69366478480845,12.724635077822303
9122,8682,153.3834272419454,-42.13246031989663,153.38374885792962,-42.132669908328545,1.1430422971621643,1.5971278380796645,2.0044183815373353,25.501436625598107
9125,8684,154.3929666619536,-42.58889894489814,154.39292632296247,-42.5889163743429,0.1239675193552724,2.7822221909202773,2.6943925134493596,-3.1568175164998693
9126,8685,154.40731286682166,-42.595381600241815,154.4070752478537,-42.595274427142826,0.7385212853168837,17.374945054369444,16.42328849716863,-5.477177362132095
9132,8702,156.7313289904291,-43.61460220194076,156.73069594111786,-43.61430080976193,1.9747577032569714,21.860012015680546,24.44253270604693,11.813903343300538
9138,8703,153.4446412534071,-42.16621737825585,153.44449826864036,-42.166084362300346,0.6122658117551903,2.7339829734255034,2.978322711538485,8.937134594032955
9142,8710,153.8397425180256,-42.34748561438115,153.84000649340277,-42.347645330066015,0.9076847125230756,25.569366819357775,25.692217364251874,0.48045986340613234
9145,8713,155.86256014627432,-43.24381727256248,155.86188725622534,-43.24378684332955,1.767985417668672,12.138271541058403,8.599815715124265,-29.15123305624781
9157,8723,155.82417348173252,-43.22921406719888,155.82402734753867,-43.229236079597214,0.39141996484889197,2.152428842679216,2.348377480843697,9.103605855818934
9162,8725,157.10265267898694,-43.78043033934189,157.10292394458313,-43.780341013134276,0.7749418058962934,5.313261078244574,5.268728778678627,-0.8381349779382615
9163,8717,153.35291087648037,-42.12934322987997,153.3548577379366,-42.128572410966036,5.892250922767838,609.2408915671537,9.507242388586718,-98.43949371747993
9164,8720,153.93662087969506,-42.39283018085647,153.93578046798604,-42.39330443020372,2.812035555029133,2.0782937509503236,1.799983707521439,-13.391275574091685
9175,8737,156.70527623033558,-43.616535643404916,156.70491582067157,-43.61690833198196,1.6378185905202023,1.8041212684488297,1.7358446981611049,-3.7844778775003594
9176,8741,156.87526569471203,-43.68998556246009,156.87527784329092,-43.68984831281918,0.4951097076301246,6.139019576661144,6.168077796198675,0.4733364859757511
9177,8743,156.9921417913669,-43.74019845842984,156.9918498436106,-43.74004711498942,0.9345809314791824,59.197978782998575,60.71065105478165,2.5552768910034276
9179,8746,153.90593084314344,-42.38706605238732,153.90490799601895,-42.38886764186064,7.032876379840393,339.1083164478391,17.46990894300704,-94.84828059482456
9180,8748,154.09175447339751,-42.47171353431547,154.0919571693316,-42.47120542321167,1.9067447714896804,194.2645848877361,197.10052451643045,1.4598335719983206
9190,8752,155.2541652002105,-42.99091453203509,155.25413989803573,-42.99079347728034,0.4408608955820166,7.0165594438715075,6.815715277564682,-2.8624309095285883
9196,8758,156.21454246830277,-43.41170048247889,156.21454610898508,-43.4120404035022,1.22375272159963,4.062983087246086,4.000330929352057,-1.542023595685094
9198,8760,153.74619666501826,-42.31932388141402,153.7457797161036,-42.319113231626105,1.3441971524055492,4.071619780663959,4.053545052671341,-0.44391983943233293
9199,8767,154.26479179388485,-42.555169739073946,154.26492387731778,-42.55487303719836,1.124091508434602,12.857034367087055,12.382186790988046,-3.6932900896226855
9200,8762,155.26951918835113,-43.00084500428827,155.26889685420792,-43.000566514359456,1.9208964050415973,3.4936201338069064,3.7397822493703443,7.046046969485532
9201,8772,156.3170978128745,-43.459160733921145,156.31740057432324,-43.45880502904502,1.5052237134498467,3.6619102414844464,3.4054542120798827,-7.0033401283097225
9204,8770,154.9366677560413,-42.85533184718253,154.93534584800415,-42.85494547783442,3.7556746428208636,1944.355331738067,2006.1467759442571,3.177991347443397
9210,8775,153.92767932434634,-42.405309007663426,153.92783270130033,-42.40551016149151,0.831038289993687,6.153384127247363,6.667898631628041,8.361488471073871
9211,8781,154.15276265678682,-42.50910030714398,154.15285456789607,-42.508629278804,1.7131550536954732,100.7785476647802,102.0777470152229,1.2891626050855782
9212,8776,154.56544222202106,-42.691614894695924,154.5650845315646,-42.69154995054261,0.9749165187213921,10.672291248003548,10.374995109291724,-2.785682397558616
9213,8778,155.37942336865186,-43.051789664766716,155.37897774211257,-43.05188022167594,1.2167736689020854,34.17758838035209,32.65366885018064,-4.458826975186818
9214,8785,156.9515339926943,-43.73458155517188,156.9517051028047,-43.73470223319495,0.6219662352926292,5.690715015620933,5.327409750422266,-6.384176051715807
9217,8786,153.81519333545552,-42.36017791040295,153.81487072026098,-42.3601036578547,0.8988643578134856,5.123449737511135,5.537641851602933,8.084242752677106
9218,8789,154.30599737947185,-42.58078203377023,154.30563760922914,-42.58077837195759,0.9537581109381189,1.7764502709167949,2.089446694938094,17.61920551031057
9221,8792,156.5118514808819,-43.549511738998966,156.5114990460432,-43.549356913458226,1.075306278979638,5.414535115468507,5.332870180314609,-1.508253865056541
9225,8800,155.9195836138618,-43.296073766197615,155.91960433350434,-43.29632013656014,0.8885932293281542,4.057115381309931,3.406663939428633,-16.03236242374958
9226,8801,156.10059543897862,-43.374167232220444,156.10090317149837,-43.37421537437277,0.823708296938822,0.7160315763918329,0.9201090910606151,28.50118924882514
9231,8811,153.79858056820612,-42.3573275961047,153.79813572645497,-42.35713627348502,1.3692353083569242,584.8591832984355,521.3828056198635,-10.853275368026836
9232,8805,153.96937128910656,-42.433580303478806,153.9694905830585,-42.433417801999454,0.6653562218006563,5.873605621212926,6.3070039327172225,7.378743815196735
9239,8807,156.91480584975045,-43.72623193950009,156.9144507843601,-43.726286985993774,0.944734924504115,28.115376944237223,23.527885122703932,-16.316664829470067
9241,8808,157.1364243488265,-43.81926963986081,157.13645126256728,-43.819543062971356,0.9868025743765981,4.824906177742105,4.819550735905651,-0.11099577150659704
9245,8812,155.1410957965777,-42.95707666035773,155.14111231184054,-42.957385445797435,1.112478876809692,5.156588956296758,5.511250669342509,6.877835640024592
9248,8813,156.3927067626882,-43.50401138584019,156.39236439916607,-43.50332116710474,2.640712328587209,3.407807830002806,3.2686333273863646,-4.083989167203917
9250,8815,156.71305270704917,-43.64210021196845,156.71311537948597,-43.64239694890071,1.0806584079082588,1.2442037696578887,1.39852597826617,12.403290551893638
9251,8821,157.1000298322648,-43.80733644999518,157.1002729940798,-43.807742633245915,1.5928887353012295,1.0305111968083263,1.1346149828753003,10.102149922232934
9261,8832,154.26745597756528,-42.57641207806954,154.2675741377603,-42.576039913698516,1.3759214864025422,4.307774836016983,4.701018117546734,9.128687001973107
9265,8829,156.2474059046758,-43.44788032099347,156.24734805361075,-43.448213682478794,1.209588539348196,260.31960447342465,251.29848582304888,-3.4654011819907753
9271,8835,155.48742123184078,-43.11889933607347,155.4875510158031,-43.119148930118996,0.9610833646987712,16.176036156839476,16.038159948190877,-0.8523485439311594
9275,8837,153.82250096960803,-42.37820607481577,153.82240555343466,-42.37827577401896,0.35685635877598654,4.412173413968855,4.564998055677729,3.463704332767939
9281,8836,153.34388727040945,-42.16255041817369,153.3437131130446,-42.16283052134231,1.1103109538496945,2.7948423566823086,2.5068791812522284,-10.3033781043706
9282,8842,154.56944577629304,-42.71615420626041,154.56885183835482,-42.7159312285212,1.764173856812581,25.09140516867073,24.76100915032015,-1.3167696911734317
9284,8843,155.94376204919965,-43.32085428947016,155.94337915087794,-43.32088014186997,1.0071516685105122,10.232857077869962,10.415792726439733,1.7877279744812986
9288,8848,155.22914077332825,-43.01036872383526,155.2293446793339,-43.01029176617597,0.604049407671068,1.7254482663067898,1.3882947868745268,-19.540051476241487
9300,8853,153.50027001673928,-42.23801067841116,153.5000884276002,-42.23792216755318,0.5794614795942475,129.70089219274314,125.6488803960127,-3.124120218624952
9301,8854,153.53516652901962,-42.25481599319262,153.5350865691645,-42.25464982648358,0.6350101764801079,4.530818443012467,4.638917397061393,2.3858593189854878
9304,8856,154.51796259549477,-42.69711421619433,154.51803217121792,-42.697025176654044,0.36964111864371907,2.1710908447842354,1.9117962635970147,-11.94305534520319
9306,8857,155.28635127135152,-43.03729847300433,155.28554510864112,-43.037029186674516,2.3322639834880654,4.877962462786635,4.8971259508510885,0.3928584570022712
9307,8858,155.5402503661435,-43.15024103307451,155.5405167880696,-43.15057778112887,1.3997443489028438,1.302004894571527,1.1142579548725773,-14.419833633631217
9312,8864,154.23252126274454,-42.57266585235758,154.2323100818206,-42.572367254785235,1.2120105856488397,3.5943359966988946,3.792862613006458,5.523318256554033
9314,8866,155.717516914831,-43.23004765947794,155.71786935895813,-43.23011434681618,0.9551225684932477,9.899287054782944,9.52509412733463,-3.779998755238836
9316,8862,156.8888894918831,-43.73538639619302,156.88882979976447,-43.73553681949359,0.563343734950172,2.8391261941049617,2.8038677497006717,-1.2418766195563673
9322,8865,154.45497961461209,-42.67421994547387,154.4548676606415,-42.674324638691786,0.4794318789869589,5.1802130072035455,5.151989696558176,-0.5448291528962713
9324,8870,155.86119021185473,-43.29493916562169,155.86097315223697,-43.294802225383194,0.7526616387751277,7.400004725682129,6.61849375461506,-10.56095232418962
9326,8874,156.4678203757433,-43.557369260406475,156.46745064855526,-43.557252839252676,1.0516902184555768,5.505663279125624,5.531586218246261,0.4708413465625841
9329,8867,156.8573671506001,-43.72407274929751,156.8574798065126,-43.72408068513653,0.29447881147471294,4.424458938207244,4.909270456693693,10.957532327848675
9330,8868,157.0182426577786,-43.790808331892535,157.01777375531913,-43.79094748114882,1.3175008400999437,2.468828857311713,2.4773410964231033,0.3447885456369473
9332,8869,153.3329485776759,-42.16951470952901,153.33300860575926,-42.169413724546025,0.3972641516526578,14.817703134253755,13.78420420125374,-6.974757988037285
9338,8877,153.22690740785478,-42.1217193802954,153.22666604075846,-42.121585223144855,0.8053783930851751,4.385959841007924,4.302344795175614,-1.9064252492812395
9339,8878,153.92167041579802,-42.43682110243842,153.92142125085877,-42.436719731861814,0.7559252102183358,7.86832137543777,7.470693354287776,-5.053530507679231
9344,8889,156.99161486711827,-43.78540620016297,156.99127741206325,-43.785235106206535,1.0717156019794551,43.002069997729265,37.533116345941,-12.717884632244566
9346,8885,154.05896158487087,-42.500421531876626,154.05861397992132,-42.500483809246305,0.9494558922357833,8.165154599212114,8.638138178244633,5.792708188013475
9349,8891,154.53668147070306,-42.716722285455994,154.53710136350426,-42.71672796797508,1.11079635605194,19.41206318172906,19.455138688666064,0.221900714693468
9350,8886,154.70907032985184,-42.791405265820025,154.70924416493952,-42.79168902220236,1.1200028762962275,4.759849095119857,4.548225360602027,-4.446017726377125
9355,8893,154.92787903781874,-42.89246358089482,154.92761063192867,-42.89251957350548,0.736053007250877,1.5341842069635843,1.5591971763904695,1.6303758905451278
9358,8899,155.32665864569594,-43.0690146852059,155.32693296137714,-43.06884875865019,0.936625678413686,13.845235778299438,13.83215211245847,-0.09449940795862066
9360,8896,156.26612117121726,-43.477372232839,156.2660549523545,-43.47733679171601,0.2149479700189912,9.138028781027709,9.978677089503707,9.199449122127353
9361,8897,156.75280615464942,-43.68625122468562,156.75244430224149,-43.68606314543771,1.1600931627785431,2.9930285394617364,2.528548422431392,-15.518733313310678
9365,8908,155.84406639709144,-43.29713852342604,155.84355201174165,-43.29634840099969,3.1475831835864763,14.151513919452917,14.363076443677729,1.4949815647214557
9369,8903,153.72507554752852,-42.356944307940566,153.7246945867778,-42.357012539040866,1.04279734769154,1.60565246329316,1.7827416097146773,11.029108133295
9370,8905,154.650960722579,-42.77225672049991,154.6513215109863,-42.7721567622701,1.0190730226224956,1.8621543992554792,1.8168777106130565,-2.4314143156187864
9371,8906,155.26770866771352,-43.04481056923705,155.2679244143149,-43.04515636806053,1.3681758694352097,8.108138473025061,8.068454857969963,-0.48942941942989543
9375,8920,156.69292020219282,-43.6655826282693,156.6929931085878,-43.665664350775344,0.35014483266438107,7.172106798169957,7.857284141712531,9.553362252182371
9376,8909,156.8448895430482,-43.72925547647043,156.84492733728354,-43.72932321162139,0.26292132825461784,3.91584194460009,4.058365536289097,3.639666608238506
9377,8910,157.01643846381174,-43.80331345539583,157.01606251707454,-43.80315634331762,1.1287218569300785,0.7877058773373634,0.7063929225883366,-10.322755877343997
9378,8912,153.12091089067886,-42.084830814401464,153.12095389803434,-42.08494902176088,0.4407867391131733,31.9664592970152,31.078370685669384,-2.7781888606872958
9379,8914,153.37528573069474,-42.20024013005182,153.37515861495237,-42.200156249194094,0.453993272269771,2.704678951059507,2.8669685342445073,6.000327067337375
9380,8915,153.4863528346143,-42.24991685093348,153.4863663229314,-42.249965655874284,0.17933668799903785,4.47423057989102,4.428140493283069,-1.0301231862099085
9381,8917,155.4549925843607,-43.13067072280737,155.45555871233356,-43.13087119585888,1.653213732324262,4.356580398606348,4.293058238756012,-1.458073856978672
9382,8918,155.79038724062843,-43.27541801846616,155.7899659273614,-43.27566942941398,1.4277942910121455,2.553737411228233,2.5975285571086166,1.7147865590190765
9385,8922,153.94022918900674,-42.45783028434519,153.93954876664182,-42.45751673584759,2.130750249568958,1.9412415813714607,1.3265750036384987,-31.663579825995097
9386,8923,154.11040854464875,-42.535680123634926,154.11053089736575,-42.53576219394056,0.43890038170699375,12.893175756436046,14.358354847264172,11.363989124996879
9391,8931,156.54026260674172,-43.60550664411868,156.5397300258044,-43.60557730197068,1.4114309085918402,2.872877874067432,3.190957193227937,11.071800929364487
9395,8934,154.48246364799923,-42.70710601031192,154.48265346766112,-42.707080162523326,0.5106959776185099,19.75955717269473,14.230063752726812,-27.983893422515543
9399,8937,156.61129128712284,-43.6380074697194,156.61123101836114,-43.637891795805274,0.44504696608193123,1.428314666172424,1.6444721237287514,15.133742072087161
9402,8939,153.31560885927297,-42.18009037048919,153.3156882525052,-42.180044983139595,0.267501629933238,16.874823778442384,15.817449595678776,-6.265986517230511
9405,8941,155.29120251179947,-43.06602832670725,155.29127884683228,-43.06638349777421,1.2942814849552287,1.9408422282559856,2.007799056507473,3.449885172359099
9408,8946,154.03017042974318,-42.507509037328916,154.03047728377715,-42.507624604330914,0.9144730536894778,7.091051347714073,6.754636587448157,-4.744215543924454
9411,8947,156.941539842063,-43.783463231531684,156.94112070942182,-43.783521328509906,1.1092446887392458,28.55246795731325,28.446512789256712,-0.3710893510674633
9413,8948,157.1398034624383,-43.86803496169307,157.1388824575708,-43.86778242129496,2.557413263319769,5.398582966525117,5.023801180669729,-6.94222517611177
9424,8949,153.2614757455529,-42.16147433413995,153.26131198906668,-42.16141236582141,0.4906381994900771,3.072641574323917,3.0920327362057414,0.6310909168145082
9428,8950,153.63929768680075,-42.3332961791783,153.63919501247926,-42.33325692023979,0.3076309488354385,67.78527508539742,66.52315534629334,-1.8619379172158446
9430,8959,154.71900108124237,-42.82025437743109,154.71947437765397,-42.82013752093585,1.318673429073861,48.09586874730311,46.91987863418731,-2.4450958964780862
9432,8964,156.59167123010036,-43.63839991055491,156.59195961231808,-43.63818442270184,1.0799575727871105,2.091522147208421,2.0607243401400486,-1.472506858676037
9433,8956,156.83705290307714,-43.74293890952511,156.83664782664846,-43.743151180658394,1.3014937300889733,6.6892916000717895,5.860268081507942,-12.393293163583273
9435,8957,153.73981924567855,-42.38104761783731,153.73958691315002,-42.381076960103066,0.6267933807083406,12.87560455164451,13.65808545895126,6.077236250680047
9444,8973,155.9994350836042,-43.386956030269424,155.99894916401732,-43.387081787712404,1.349483877706664,2.833708738955078,3.7007581537315404,30.597689976288255
9449,8968,157.150013231229,-43.879220138317145,157.14957324468412,-43.878909156426936,1.5990250564387536,2.0471605620934854,1.816566892583368,-11.26407345764348
9450,8976,153.28010774456598,-42.1778395084075,153.27921091756343,-42.1776544426757,2.4836150241310184,1113.1531014849757,839.3450212079941,-24.59752211189227
9453,8975,153.2032436586303,-42.14267070720455,153.2034287361598,-42.14262760897054,0.5178210596178753,9.773558809821521,9.204257437231385,-5.824913766498655
9454,8977,153.52224390236753,-42.288121137491636,153.52160395979547,-42.28849362097694,2.1685639826394016,1.2142309642860047,1.7007906234917216,40.07142574327487
9455,8979,154.2197689530523,-42.60463420880638,154.22002048815108,-42.60465457485937,0.6705260983810833,1.5641846464465714,1.6125951324824472,3.094934229526681
9457,8985,156.63321811124578,-43.66361143126661,156.63349226770194,-43.66365649021814,0.7321697897106852,62.26033256552983,63.433718377280954,1.8846443046479402
9458,8989,153.72409375184122,-42.38319164288302,153.72281455896422,-42.382918157630165,3.5411923572298507,1731.1966175289947,1737.871367197497,0.3855569957171824
9464,8984,155.7566548272147,-43.28666065817975,155.75635397510976,-43.28691740980463,1.2148716897191927,17.83119082548027,16.994572954328305,-4.69187885060633
9467,8996,156.77133246201157,-43.7242252376585,156.77086342364697,-43.724223027222635,1.2202901971020037,4.503619953808906,4.559345692002353,1.2373543674864695
9470,8988,153.67993779237477,-42.363853924396864,153.68008004508405,-42.363986237700054,0.608330012648948,10.271984421469973,10.282408658043341,0.10148220777651637
9474,8999,154.7442585869707,-42.843351269482866,154.7446839502322,-42.843277552861494,1.1537157088216663,16.093662648998137,16.53255259780912,2.7270979787705643
9478,9004,154.65311114814375,-42.80481226217391,154.65378074220516,-42.804881244550614,1.7858960403809938,8.893153765257724,8.799726694646445,-1.0505504917306603
9479,9000,154.86960151516823,-42.900318798776006,154.86971160289292,-42.90042029423835,0.4666786319620019,2.82869631467893,2.785904196861546,-1.5127858581114917
9486,9013,155.06945416286038,-42.9914013163572,155.0692339664722,-42.99086182710173,2.0268687052799472,4.529115987578912,4.704681609476676,3.876377252851382
9487,9007,155.84468945636357,-43.3308487549865,155.84442106975132,-43.330932499065405,0.7647432917280163,13.915293099997012,14.156728401722317,1.735035690519211
9489,9009,156.68611610911566,-43.69415988061485,156.68619623806882,-43.69448114213081,1.175197665453893,10.841500737574314,10.512605058684006,-3.033672983578987
9495,9018,153.3180876811781,-42.20890017436944,153.3179646956358,-42.20907372809128,0.7056298217812416,6.751026332954856,7.152389345700717,5.945214741447892
9496,9019,153.44027652042323,-42.26374034606841,153.43961458982636,-42.26355749122994,1.8823751150681962,3.0432248437976677,3.5003162054638586,15.01996681572113
9498,9030,155.30759694295094,-43.100117642611764,155.3077670117204,-43.09977604662724,1.3084797604204639,2.3074815273550504,2.3322075248014937,1.0715577634454778
9499,9032,156.31617019337497,-43.53958829826248,156.31661219840527,-43.539771099652334,1.3279943214896435,1.707942447153949,2.0211026099829876,18.335521981485787
9502,9027,153.5999939852818,-42.337269293086756,153.60022544176564,-42.33751248634798,1.0704477362931761,4.744547507621804,4.963396204506652,4.612635800005837
9511,9039,154.05229752878176,-42.54563315920611,154.05220890635798,-42.54566780251361,0.2660872300454539,3.5175242707045222,3.6139047284863053,2.7400083230265557
9512,9040,154.24187866425507,-42.630666527372114,154.24200038828337,-42.63090986552945,0.9334613989675595,9.143533095787609,9.355314575755655,2.316188695873074
9515,9044,156.7901494801938,-43.74873956459808,156.7896283846274,-43.74904591657449,1.7472031277982167,2.470556909524475,2.294530666909257,-7.124962065702785
9518,9048,155.170459908809,-43.045864195482984,155.17043316204743,-43.04606405310254,0.7229203527719853,4.972132486216759,5.2717048210096,6.025027201573671
9520,9049,155.25657405588663,-43.085756398099896,155.25661891437804,-43.08584505532533,0.34026045745793265,1.4891518631121146,1.6115680967942498,8.220533896811762
9522,9052,157.03360525599993,-43.85392915191925,157.03317468284558,-43.854099161044964,1.2743533553747617,6.584473697945023,6.319082732585152,-4.030556997178033
9525,9053,153.8474969456507,-42.459240248811604,153.8474295564609,-42.459248508471596,0.18143398466555966,1.549162403225861,1.4509793586860924,-6.337814830473524
9528,9056,154.70294109150814,-42.84076154872327,154.70267962501654,-42.84074485261683,0.692801973047481,9.782817932425855,10.473818574209151,7.0634110391947935
9530,9059,156.4110516107477,-43.58918183691753,156.41094855699984,-43.589005164376935,0.690455574057297,6.417562028288152,5.640735917104359,-12.104691902619702
9531,9063,153.43000080301425,-42.27091546320993,153.43060754502233,-42.27129523647921,2.1169800275748742,3.6063675327704496,3.560513812787886,-1.2714655277338907
9533,9066,154.48842869800535,-42.74737781186645,154.48849386938102,-42.74754183826227,0.6151168665329654,7.277752030256753,5.536912649120339,-23.920015052711253
9545,9082,155.49642192661895,-43.198929122846316,155.496252886264,-43.19867434625185,1.0188454035216756,16.558999882528557,16.932723168552844,2.256919431581151
9546,9077,156.20004582063066,-43.50477212966116,156.2001821890592,-43.50520563643951,1.6007306501893885,2.121415928367309,2.0312457677397897,-4.250470613601757
9549,9078,153.4019807606418,-42.26513047602605,153.4020713349321,-42.264980643303836,0.5909122823823824,3.6521098261377096,3.5027088381545726,-4.090813121606919
9552,9081,154.81756700153073,-42.901446248443534,154.8172554386746,-42.90177408264684,1.4380317882539635,5.174340850544876,6.471132052192787,25.061959370367994
9556,9091,156.64204812526793,-43.697585423389285,156.64236369842965,-43.69744570758008,0.9631382711834401,3.9717327527741637,3.6582471324021992,-7.8929182773690405
9558,9085,153.34696383900214,-42.24264102602723,153.34639111250806,-42.24268873537555,1.53600340932769,23.42845089570683,23.446890274946924,0.07870507240182695
9559,9087,154.26898341857688,-42.65710941881404,154.26859844778312,-42.65709766679503,1.0200954295667939,13.215797317016968,13.035934853136554,-1.3609656653013138
9561,9088,154.63913183536198,-42.822947518687144,154.63934316615055,-42.822981926421,0.5715906485720016,2.0427148791854153,1.9532930037498752,-4.377599455837874
9564,9103,156.96427521953908,-43.83719303681635,156.96444836198367,-43.837199009218665,0.4501160212782757,17.3966505366291,17.881739738374822,2.788405737784723
9567,9098,155.42615538254975,-43.17211026784049,155.42599801959042,-43.17239483903835,1.1046295369879264,13.685117714312122,13.39577299177334,-2.1143020365559653
9569,9100,155.64593635491002,-43.27003268002057,155.64608130287894,-43.269694532010654,1.27524925261637,8.377717325972124,5.738065798256823,-31.508004209356688
9571,9101,156.83563541297693,-43.78284431658943,156.83546805417123,-43.78285841799523,0.4379316348013909,6.928778784850515,6.429601491691623,-7.20440511465486
9572,9092,153.1505734325284,-42.1544139482174,153.15044879793,-42.154954670986974,1.974816241162915,50.63825512839608,48.989758087925175,-3.255438079947764
9578,9105,155.28992343100558,-43.11630068390751,155.2897779989722,-43.116093620502866,0.8376898157709329,5.510300057226125,5.3274858903372655,-3.3176807976022995
9580,9106,155.78873829580144,-43.334689592589896,155.78829851830125,-43.33479563416169,1.2131782035000103,4.555061858265613,4.61843824747845,1.3913398145808948
9586,9114,155.60418709845132,-43.254006105839316,155.60399918106347,-43.25385048854933,0.7460664398483497,3.0747205182206363,4.266580912980461,38.76321076003238
9589,9126,157.121945730693,-43.910167028380485,157.1221080910341,-43.91031550516092,0.6804576578349352,3.427684715655513,3.538253057240108,3.225744219694077
9593,9136,156.19938109826896,-43.519023256252424,156.19914715817364,-43.51876649848582,1.107856535577496,40.6609555704663,43.035167927731294,5.839047125074162
9595,9131,153.2859161872383,-42.22473576989762,153.28563279430813,-42.224771490483114,0.7663496203266301,25.857161772361525,26.391119034341465,2.0650265743809553
9596,9132,153.42013798736932,-42.287858984055504,153.42022460868833,-42.288060264278684,0.7604439416472347,11.979451083704868,12.704593804338268,6.053221600610569
9597,9133,153.49199476533556,-42.31863209095131,153.49205937977953,-42.31867830154101,0.23928576763768006,115.13513797582134,115.0829006082865,-0.04537048242024367
9599,9143,155.07865629145766,-43.031170007318785,155.078589582113,-43.03116849406739,0.17563263616424055,2.667989938667701,3.108038834089087,16.49364898434104
9606,9139,153.22504055569226,-42.19869479245959,153.2253691015788,-42.198609198523584,0.9288189436513288,1.610231011075237,1.7535447314953465,8.900196272111998
9607,9140,153.2992241801401,-42.234533571293824,153.29832982484484,-42.234840172908626,2.626976938962942,2.9027539316555404,2.4106476048545,-16.953084497946936
9612,9145,156.5414286193352,-43.66988779171343,156.54105216604253,-43.66986452986306,0.9838506931428467,5.99440264958078,5.947466714827559,-0.7829960297462413
9613,9149,153.11093108184028,-42.148666880519954,153.1107559338924,-42.148607715335885,0.5137170112350283,9.608306535081038,8.796934879625315,-8.444481371335428
9615,9150,155.2605688612605,-43.11532214770763,155.2607014942379,-43.115707587684575,1.430690479350026,2.604167736418219,2.366034749261167,-9.144302950492014
9619,9152,156.97404438726304,-43.85552917972919,156.9737540241493,-43.85547658303801,0.777178722194458,2.5950768265876203,2.573655691468848,-0.8254528305021278
9621,9153,157.0913571436323,-43.90560638846529,157.09140078000866,-43.90592208521,1.1421300428633108,5.553471836346683,5.400032637587875,-2.7629418727681228
9625,9157,155.52434585113335,-43.23242486271208,155.5244919428412,-43.23271906956858,1.1263284548834558,2.7737182611796665,3.148591826065214,13.515199799928974
9629,9161,155.4927553867805,-43.21944865792431,155.49338339303785,-43.21967613962274,1.8398482984847275,5.1688526602874285,6.528549118852505,26.305575877828684
9633,9162,153.35076978448046,-42.266202550761335,153.35098628503397,-42.266049989570355,0.7964408655613162,0.9876943533298973,0.8638349469669441,-12.540256603206808
9634,9168,154.0304941641819,-42.57402062792899,154.0296404536115,-42.57392316179677,2.290272195829261,1211.224351526176,1121.4614230747975,-7.410925014698945
9639,9173,155.96062790562763,-43.42768034865762,155.9605667424078,-43.42750683313885,0.6447992806751371,86.30161655951481,87.1605814689329,0.9953057007057765
9641,9174,156.64145708701844,-43.72129556021046,156.64141815151052,-43.72112367303587,0.627030837009188,76.4445710023749,82.30801009416392,7.670183787945987
9643,9179,156.458652641743,-43.64484216098704,156.4590740430439,-43.644887834798936,1.1100270741977123,19.700053455234464,20.028382525252407,1.6666405031033245
9644,9183,154.7105014737155,-42.88230381872652,154.71063833113783,-42.882184585591204,0.5608746883696275,10.580941994880463,10.726165563462452,1.3725013203196272
9647,9180,156.66025199136826,-43.73217670735408,156.6605068442814,-43.73245052002285,1.1879179106204114,3.58506570181509,3.272230890633271,-8.726055174482111
9648,9187,153.6640658006746,-42.414915318333854,153.66467776368418,-42.41462378880504,1.9356941877592904,4.290985134714077,4.812944603462244,12.16409408006365
9649,9182,154.66213448852156,-42.86176254685149,154.6621598490213,-42.861435778967966,1.1782663544654142,2.068734847890791,2.128274261062893,2.878059178671745
9654,9191,156.23939970157465,-43.554187768095126,156.23959841420438,-43.55421568817956,0.5280951903046843,53.32885859519124,51.83998129697229,-2.7918791765650255
9656,9193,153.71074715214192,-42.43776514803116,153.7103327456256,-42.43732926171282,1.9169229980298923,4.016620900859415,4.078657726042209,1.5445028722904963
9658,9189,154.5798858677754,-42.82781781894552,154.58034506024646,-42.82801777921562,1.4099823128734035,1.6069980675052447,1.6708124252707754,3.971028905131059
9660,9196,156.37161138057542,-43.61347229305718,156.37173394156764,-43.61342282144123,0.3657396046202549,16.141504544148706,14.358766723783704,-11.044434027131901
9662,9199,157.0497687663372,-43.90361807374052,157.04987900748282,-43.90353243494029,0.42049274528049396,5.811315684676969,5.79282844766512,-0.3181248105415284
9666,9206,156.16901062314136,-43.52809293462512,156.16909656708907,-43.52792971078166,0.6289693929723118,18.203674604404373,17.799993834071685,-2.2175784785507946
9668,9198,156.7955918956688,-43.79673978646464,156.79519894546578,-43.796806851597154,1.0492277546296926,2.44787145511202,2.135327381634212,-12.767993712460097
9669,9208,156.92494777834398,-43.852272055354796,156.92506588888364,-43.8519219668105,1.2970817971324564,1.13697657696864,1.1713143291875143,3.0200931940413636
9672,9201,154.49157568275513,-42.79128410681201,154.49035497213706,-42.79074351537225,3.766605116250341,1.6067979788628985,1.8138630119200776,12.88681189428152
9673,9204,155.41415190325358,-43.19973080859386,155.41389150803596,-43.1997060803219,0.6891290656740139,9.887575230338415,9.571358754952245,-3.198119539115227
9677,9210,153.72481535744825,-42.449939089276185,153.72458245778003,-42.45000207086014,0.6588958845092192,4.526835322612383,4.456974142100009,-1.5432675485985707
9682,9211,153.43152777662422,-42.31917173940479,153.43157790872556,-42.31910496566355,0.2749412255839897,5.6057214592327895,6.706846959345883,19.64288643524211
9684,9212,154.09281334427794,-42.61635239964417,154.09304752618172,-42.61659484674364,1.07084092436298,5.309943823084286,5.453427097082742,2.702161807714083
9685,9213,154.3810726543421,-42.74530189464154,154.38118678857245,-42.745428854391726,0.547675471954746,4.177897704967162,4.173933587277276,-0.09488307205734457
9687,9215,154.89428647652647,-42.97541141973397,154.89399999784962,-42.97529865193081,0.8568398244978013,4.6461945917206755,4.718750232661086,1.5616143385320445
9689,9219,155.7535495506306,-43.35319568246746,155.7534395298488,-43.35286474734074,1.2256828974537535,3.5998340581725667,3.8445466240309596,6.797884622010039
9693,9217,153.6884828186025,-42.43739277185072,153.68840936426216,-42.43731135520994,0.3521278889264804,8.560097813666893,8.866467716386907,3.579046751438633
9694,9218,155.44669118833983,-43.21937091316419,155.44645437498264,-43.219262794419386,0.7331260104177137,3.7498283507739867,3.645889579764472,-2.7718274354627774
9696,9224,153.92170481324527,-42.543231680620856,153.92120460818626,-42.543050795171375,1.4779208563228257,340.71826253317295,290.9454575774809,-14.60819992026288
9697,9225,154.42784950631176,-42.7707758384622,154.4275377750218,-42.7708279024213,0.8448569349020043,2.020190885812107,2.453438134521537,21.445857010451086
9700,9230,156.40099993237266,-43.63578932920392,156.40088208115603,-43.63598339134933,0.7631245740024335,5.410557641604383,5.131751752862966,-5.15299729176793
9701,9231,156.62558160819,-43.732330432846545,156.6253139405324,-43.732537746656995,1.0206906275084282,12.630841344729873,12.382936742624496,-1.962692708580443
9703,9234,153.8701406466307,-42.52172168757616,153.87041342966504,-42.52193578505734,1.0573061855561243,47.58026109308377,46.98502913586307,-1.2510060759360144
9704,9235,154.97881161198666,-43.01704036099099,154.97890157276154,-43.01746920996699,1.5619094889561265,59.77537433392308,63.74116044866294,6.634481438101569
9708,9237,153.1359824652256,-42.192174236675434,153.13584066558707,-42.1919671258857,0.836039632695727,2.2803518020348785,2.2725730167393587,-0.341122158808056
9709,9238,153.58966077638982,-42.39881763617902,153.5894225877254,-42.3990129914098,0.9463455989421704,3.466708412337522,3.155376146405567,-8.980630295411277
9710,9239,154.58872111067393,-42.848176706479414,154.58871305722718,-42.84817007078737,0.03197622022816834,2.903228314768604,3.17746288215413,9.445849160071425
9711,9247,155.11484527337893,-43.08152217299187,155.1151928501176,-43.08150740218878,0.9154561644376406,5.352120552488416,5.061275868781717,-5.434195303606787
9714,9243,156.1129679822381,-43.516174166770845,156.1131278387375,-43.51620414023044,0.4310531673446859,8.858530186775432,9.143522067398967,3.2171463506326186
9715,9251,156.21453838587746,-43.5612848690921,156.21464159295442,-43.5614300674421,0.5879776844490486,1.6888093041487975,1.7345648117607237,2.7093353583214768
9716,9244,156.23407763961325,-43.569512648493486,156.2338148093999,-43.56964354518435,0.8318859437674365,58.062537980537634,58.671541012141105,1.0488742875959145
9721,9256,156.2785790730097,-43.59084654840254,156.2785772212263,-43.5908005689258,0.16559652266145608,64.15252394254415,62.29483679322014,-2.8957350937396895
9722,9257,157.10418601612474,-43.94415348686013,157.10458388863495,-43.944302368338704,1.1622665355210988,1.7705086939228625,1.567439779444435,-11.469523712334551
9724,9254,154.76050286398652,-42.926572058866185,154.76010670300843,-42.92657007031334,1.0443118804284408,23.910027024440197,23.84172841992165,-0.2856483786017173
9726,9268,156.904021038818,-43.861003276583254,156.9039865616179,-43.86132532786705,1.1628333719687003,6.090441214955933,4.972567727032663,-18.354556730277192
9727,9269,157.0298764712102,-43.91455813396168,157.0299385596715,-43.91438967105527,0.6274776070799584,5.927595972746744,5.943157883803622,0.2625332618556787
9728,9258,153.25312871114605,-42.25120920455974,153.25295998675563,-42.25121114310918,0.4496598012989919,11.458431462243917,10.707598177262096,-6.552670733824723
9730,9259,153.34399821157388,-42.291042958391586,153.3437832963502,-42.291052132560935,0.5732822292643799,3.3942143975381134,3.314749893204389,-2.3411751594525496
9731,9262,154.47815164515768,-42.802686434480755,154.47755050653353,-42.80271898123262,1.5921119766399312,1.8032183495375667,1.7490530049527095,-3.003815073130093
9734,9263,154.9919888700021,-43.03262530994235,154.991877511545,-43.03278449145981,0.6436308885746787,31.401645668906923,31.451945882822997,0.16018336887954931
9735,9265,155.43656593069775,-43.22891662074592,155.4365267824334,-43.22847315409217,1.5997790653107413,1.3899862603395527,1.482010294244648,6.620499535197938
9736,9275,156.56246646676968,-43.717194437705494,156.5620858549212,-43.71692570085931,1.38445560379655,2.3822693187338198,1.9631593599120127,-17.592887400512915
9739,9270,153.5487225494736,-42.38784452936703,153.54868879476155,-42.38768005134812,0.5988844686054057,21.52855154923688,19.8440525499392,-7.824488310071148
9742,9272,154.91996130904369,-43.002509700835475,154.9203396204852,-43.00261855121048,1.0703178739163677,2.252934387251963,2.071267838400113,-8.063552577464959
9743,9273,155.6840628435381,-43.338586919508664,155.6836990179677,-43.33864222553362,0.9731951748430477,68.04000200711683,66.32830755646795,-2.5157178132796623
9750,9278,154.41820283672544,-42.78187449451169,154.41820843794738,-42.78193587810498,0.22147595945699503,28.676635853653927,27.578007218913875,-3.8310931601137126
9751,9287,156.14775513800822,-43.54263203312699,156.14781513618033,-43.54260376598191,0.1867302603116923,4.404436648148354,4.569473848211692,3.747067179016427
9757,9285,154.3745076324256,-42.76429417239194,154.37491516262472,-42.76442464520054,1.1750422446442423,5.56372734804361,5.344622353407959,-3.9380972669822767
9760,9293,155.57105888037316,-43.293613543216495,155.57112088751774,-43.293426850880095,0.6914523162951897,3.5334976769831217,3.6130679792732456,2.2518849469871616
9766,9290,154.50564333218878,-42.82327429994096,154.50576751159824,-42.82351790851006,0.9362813339775236,66.24076473321793,63.41075752114058,-4.272304559699893
9767,9291,154.63989178027762,-42.882993632761384,154.63985584057434,-42.883140450538626,0.5369792033911388,30.609045974731195,30.970845748660917,1.182002778617797
9771,9309,157.0821964920534,-43.946458754680954,157.08197312100555,-43.946283068371876,0.8574525308525276,0.5857846884559847,0.6606772393314965,12.784996322268855
9772,9298,153.86096623895577,-42.53605742703763,153.86105569739854,-42.53607814375186,0.24874711590640014,4.167345529233507,4.149250237828397,-0.4342162481649993
9773,9300,154.35274958200486,-42.75655874791062,154.3524445357877,-42.756379150756466,1.0335304447369404,4.536796394165063,3.931378567197578,-13.344610918535707
9774,9305,155.42288955061684,-43.2323100150425,155.42256501824292,-43.23237644514833,0.8841708468401983,4.992480674719593,5.058970871966279,1.33180680264568
9775,9306,155.78730712839666,-43.39183867797425,155.78737848808274,-43.391780611856504,0.28026018449300794,39.15060664624762,38.98737089265035,-0.4169431014753266
9776,9307,156.480541462889,-43.69104640700096,156.4801856262701,-43.69106480257912,0.9286319633976385,1.276196089301501,1.4476678838556898,13.436163610878973
9778,9299,154.03050154625524,-42.61453818070981,154.03044862185425,-42.61457567232975,0.19461984276653888,2.783588943739874,2.283651582264174,-17.960171978697844
9781,9313,153.36257323541804,-42.31381846053134,153.36276451128862,-42.3137087350516,0.6444473130978025,1.0989067607110294,1.689815187100559,53.772389752811414
9787,9318,156.442977774923,-43.67916200272132,156.44262622348734,-43.679031013969215,1.0296281397399198,19.907865208020098,19.290992868484267,-3.098636308263317
9788,9326,156.796139501582,-43.83114130065167,156.79651315469428,-43.83128247670382,1.0954077720459812,2.6044800568850848,2.8258002413015397,8.497672456019888
9789,9321,153.4590730711407,-42.35926342242683,153.45886535298715,-42.35927613284904,0.5544557347957462,8.069851789125359,8.352246320258331,3.4993769218105966
9790,9330,154.45724328442424,-42.811769416223896,154.45714014384,-42.811528084837086,0.910492166553239,4.469869654576696,4.062562881865529,-9.112274052424015
9793,9324,156.06781822747297,-43.51803069613442,156.067693092445,-43.51784657841344,0.7389528171322143,2.379104159587306,2.500841906751517,5.11695743431966
9795,9335,156.87001155984953,-43.865254407759444,156.87018155443423,-43.86506725613749,0.8053630146688001,6.348620651319193,5.854267484661008,-7.786780685273135
9796,9327,156.96332574637773,-43.90398738418742,156.96316911442048,-43.90389567139078,0.5235151463995243,302.1702005798992,296.1454662713772,-1.9938214612029395
9799,9336,153.37267563023482,-42.32465697737363,153.3729347508057,-42.32428413745468,1.5090492751361706,1.9476054387673816,2.149170918896838,10.349400146316341
9801,9338,154.23077078549832,-42.712244439574214,154.23080405503015,-42.71208563927528,0.5784149936906765,259.55811490293513,288.8711243969916,11.293428257875284
9809,9337,153.6451720239114,-42.44976327572129,153.64527015032698,-42.449928963520605,0.6509417399024808,5.16588546419623,5.950502226888394,15.188427388299509
9811,9343,156.54395937360874,-43.72853556368459,156.54394352592743,-43.72868045461086,0.523234038698751,3.6751185788703458,2.594940652864051,-29.391648264538954
9812,9352,156.72373351969676,-43.80576859076517,156.72386912580714,-43.80586321644429,0.4900721242945258,151.01617092415782,165.1799293441073,9.378968049098994
9817,9347,154.74366393559774,-42.94419859113509,154.74262612153564,-42.94398289522261,2.843015495992919,600.847453785876,511.52134676853046,-14.866686453360375
9825,9364,156.62172382402795,-43.76668719504498,156.62156901342047,-43.766541805789345,0.6602536693070226,0.7406058420736064,0.6733477970077408,-9.081489943091885
9834,9379,156.98320017164332,-43.925142635448374,156.98328778870524,-43.92524265696417,0.42575463880692666,1.162866938492033,1.5869793418181974,36.471275370175995
9840,9384,155.7700659365704,-43.40420466390272,155.7703326305197,-43.40428119655505,0.749975913634291,4.748138900705938,4.622187637903929,-2.652644866460902
9842,9387,156.79540321934078,-43.846650847573244,156.79506672344675,-43.846585801724636,0.9044847542547726,2.536970845992199,2.232822327668026,-11.988648541415214
9843,9381,153.18304016518888,-42.250061425645214,153.18310189276465,-42.25000726362834,0.2550992827731866,6.1993838555995815,6.072381808869895,-2.048623696933567
9844,9382,154.32378332367682,-42.76768271379968,154.3240763650831,-42.76795559263994,1.25092431275186,4.77722454229957,4.908999343381339,2.7583966362681736
9846,9383,154.92101201479997,-43.03324816121819,154.9213715418553,-43.033411065739486,1.1130992383892417,1.517864429977752,1.546691201265942,1.8991664024047605
9847,9392,154.9624333943732,-43.05199085175367,154.96230479084053,-43.051715803626024,1.0463734328374028,3.0210201001735806,2.9934912927854973,-0.9112421127718262
9848,9386,156.48038163095302,-43.71375461878437,156.48012536933368,-43.713839085788116,0.7328753026543069,2.5083590541149974,2.7321360149226828,8.921249150538326
9850,9389,153.70637599538418,-42.49150625458425,153.70590395751302,-42.491492478328475,1.2540335504265703,10.30664808823214,8.358139733838277,-18.905354463577925
9855,9400,155.6347052660283,-43.34896565611658,155.6344703699681,-43.34913728836723,0.8717257231702877,531.154957361412,535.8491477307159,0.883770414687073
9856,9395,156.09271782857414,-43.54727222016653,156.09257701293262,-43.547077182131865,0.7924657258708707,4.907783242668322,4.940870281444258,0.6741748186488198
9859,9397,157.00033003577576,-43.937634425582324,156.99997220638076,-43.937803230881144,1.1089493560697634,9.54019652292977,9.363046543609785,-1.8568797707071008
9860,9398,157.061438380615,-43.96352644018397,157.06149316019776,-43.963736917987326,0.7709009255851954,2.2908627405980266,2.2531644239919166,-1.6455947332867666
9866,9402,156.1065538137904,-43.554713914585115,156.1060941567095,-43.55451142095474,1.4034172038340875,1.861103618750209,2.110490723944072,13.399958104500072
9867,9411,156.45359038429908,-43.70586935499144,156.45249248622366,-43.705787153446565,2.872485368851002,1443.9225102743571,1411.8211474743896,-2.2232053708940396
9870,9405,153.2107847024966,-42.270570815085385,153.21076552469955,-42.270593996268424,0.09784818102473974,7.883580742680136,8.25157807675927,4.6678957962194625
9871,9407,154.19049479149496,-42.713879958002074,154.1901699173978,-42.71387294316662,0.8596958477844947,111.9974285724036,104.1943910548169,-6.967157743753223
9873,9418,155.01697519105204,-43.08203902426343,155.01680852481658,-43.08215301165023,0.6003594292616122,4.062455994629677,3.5173510915978143,-13.418112190075629
9877,9421,153.66298727648004,-42.47856854721711,153.6618866832457,-42.47817383247283,3.249374602372923,1673.1676235580774,1650.4448762318727,-1.358067596233038
9878,9415,153.86459026549377,-42.56715782529283,153.8644618094506,-42.567402674123976,0.9449653669964398,1.6074608799372765,1.7171891634928296,6.826186871797136
9881,9417,154.4631243521013,-42.838185919780734,154.4631090860789,-42.8380808277413,0.3804715919764836,44.812226840074594,38.74670281622292,-13.535422030014823
9889,9425,155.53799519171577,-43.31508836213703,155.53839330506707,-43.31555796473567,1.986310452520934,4.3766234094282295,4.305520909582226,-1.6245971653131666
9896,9431,153.68189404889495,-42.49121040901615,153.68177013634534,-42.49109116372361,0.5408162319278444,4.377203815835339,4.637188497140118,5.939515093271113
9897,9432,153.7307679228879,-42.51329965632485,153.73020903179145,-42.51310635386526,1.6382401734143535,4.231623691261773,4.107667021255368,-2.929293317417923
9899,9440,155.16771346416726,-43.15640393978534,155.16782642559212,-43.15607289511537,1.2281280311564646,4.773557633779829,4.420087870644714,-7.40474485180203
9902,9446,154.56336363546748,-42.89094166285089,154.56330845785465,-42.890659995022496,1.0243947035911694,6.693750124946571,7.146370862750459,6.761840961422212
9905,9442,156.21343439287986,-43.61319528448626,156.21330566376477,-43.61319739160443,0.3356113321008839,3.7711404331675826,3.6998649949307354,-1.8900234425101792
9907,9449,156.4720761708776,-43.726303205634785,156.47217879452728,-43.726135561479445,0.6599343780383109,12.925319564779741,13.433011717204863,3.927888590147778
9909,9444,153.048950579618,-42.20847209964712,153.04967292666288,-42.20829872162543,2.0247726994710264,1.4362656737925996,1.52698471216433,6.31631320215138
9910,9445,153.91713342893735,-42.60177418625355,153.9170483369734,-42.6018487535156,0.3505762417135611,59.70945724151029,59.40366312569753,-0.5121368204301423
9912,9447,155.23283341781604,-43.18759074798847,155.23205008083994,-43.187352914597284,2.2272676487300833,2.2453446773440175,2.268297459687146,1.0222387045840582
9913,9458,155.4098410476662,-43.2671600682966,155.4100216124612,-43.26698777979445,0.7802177206558897,3.789879254577346,3.8778418253550213,2.3209861019037974
9916,9448,156.37181541417232,-43.68447055878624,156.3716443996623,-43.68470400263408,0.9510421416074086,224.74565642436738,246.07635621183525,9.491039838915057
9917,9450,156.60897459773085,-43.786380918048955,156.6092324875433,-43.78657399103869,0.9655717769910663,1.9402974252545115,1.9589887043204062,0.9633203045374792
9918,9451,156.78552388550705,-43.8620593475965,156.78539851942372,-43.862188076825475,0.5662605190678838,2.6430147872375667,2.7343592353097548,3.456070261629514
9919,9452,153.25074932508437,-42.30312598767651,153.2506922845663,-42.3029651132655,0.5987300111638156,3.644301963977436,2.7359515049633627,-24.92522485767586
9921,9454,153.9389126405302,-42.61485614040382,153.93912966070602,-42.615116990315826,1.1010928133492144,137.88651160332998,139.92588580315643,1.47902371023302
9922,9455,154.03931760590004,-42.65794782928033,154.03925267495472,-42.65818450575552,0.8692036078538605,3.4610441254907665,3.7922121398799504,9.56844242320156
9923,9456,154.2219977264585,-42.74198314663216,154.22174835266554,-42.74200148850724,0.6626182369490713,19.040141177876325,18.699029174871242,-1.7915413537029752
9924,9457,154.3408685674044,-42.79486350810181,154.34027390565615,-42.79473913321896,1.6334529043327914,5.023494307796226,4.8572602129071845,-3.3091327411490097
9929,9459,156.2976966291017,-43.65453311898382,156.29746458364414,-43.65467976140139,0.8024887513971238,28.744892259625615,30.765899564098685,7.030839726999876
9930,9460,156.34608607700318,-43.67458877025861,156.34570964234365,-43.67438872488388,1.2162819538812202,4.931273416787884,4.5820627786532295,-7.081550922441496
9934,9464,153.59577996548552,-42.4595367722589,153.59569641407205,-42.45960899748918,0.34182980764815163,5.832430832641793,5.297835323541239,-9.165912540422012
9935,9466,154.10790444436208,-42.69289417030246,154.10762825381192,-42.692884420215385,0.7316414048704444,8.761183187180244,8.597631887396517,-1.8667718308075367
9942,9463,153.43429010960307,-42.38817778393886,153.4349312370064,-42.388419976794474,1.914747089249776,0.64480492854057,1.5719913462768647,143.79332053724488
9943,9471,154.0940237809335,-42.68749322358055,154.09435730848935,-42.6875680475706,0.9227788454959351,4.520424176464385,4.423644357834633,-2.1409455142204568
9948,9484,156.65895140910033,-43.81421240442079,156.658992443599,-43.81421098491297,0.10671850647139379,44.67755445375186,43.83657037872472,-1.8823413351724185
9955,9479,155.8507167285236,-43.46525610854034,155.85046460608697,-43.46550013187199,1.0980412581378156,36.15182854878612,35.451139221443135,-1.9381850254058932
9956,9481,155.92487690080853,-43.498346327421686,155.92500123246285,-43.498010789770134,1.2508106646719583,1.6634843668056263,1.8844808867876286,13.285157612053784
9958,9487,153.3115714036639,-42.33758778094743,153.31167448514202,-42.33774880049221,0.6412975554161502,23.059211614543,22.891409260487848,-0.7277020431579792
9963,9498,154.95246852464376,-43.07556171504171,154.95237834310535,-43.07520711049267,1.2984163501784667,8.472928983715983,8.485189719865692,0.14470481427701481
9965,9499,156.19173209890153,-43.617313626464274,156.19165357811943,-43.61741023449273,0.4035308334200558,1.451647532440386,1.4117520928988938,-2.7482869394902836
9973,9502,153.77643095236746,-42.553827235604686,153.77625594685512,-42.55378730354356,0.48585378470091595,5.118915254323862,4.6098240390814915,-9.945294851528349
9977,9508,153.02506216604752,-42.21402650182518,153.0249411365803,-42.2140207868924,0.32335659686165436,6.527259525021659,6.376973960383787,-2.3024297419424746
9978,9509,153.0589398512404,-42.22948939532819,153.05931189834428,-42.22944867029152,1.00252638988106,3.043614472050326,2.913659498129615,-4.269758049650991
9979,9510,153.9825319395312,-42.6487151837187,153.9827150472119,-42.64896116655873,1.0095807100381335,43.961012497451726,45.07316154869662,2.529853131361247
9980,9519,154.15422911400026,-42.72594284494304,154.15422644549923,-42.72554722896664,1.424234999214481,25.37515553941194,24.698693491877325,-2.6658439452083464
9981,9512,154.78062010757353,-43.005256544786086,154.78019093428364,-43.00547921484777,1.3853397377702106,6.926006106645847,7.159015594358448,3.3642691635662407
9982,9523,155.97535442103228,-43.529413439916134,155.97534364157238,-43.52951347832674,0.36123561237797264,7.8293334043792715,7.422857126447564,-5.1917099060355305
9984,9517,156.8983398324302,-43.92601849436997,156.89804867539482,-43.926208055484636,1.0176489478066557,36.04048945266902,33.88174957471565,-5.989762932571674
9990,9522,155.4741859817702,-43.311825202256635,155.47403523715835,-43.3118523374895,0.40677514816724114,8.043943843023246,7.953817870025526,-1.1204202162088581
9994,9525,156.76768110602399,-43.87215913987454,156.7674560248111,-43.87227250129924,0.7125684197483704,86.20604005394144,86.95375242486787,0.8673549677709037
9995,9526,153.07079967782653,-42.23739159390182,153.0707300281897,-42.23725046916173,0.5409025345823523,4.392268712418868,4.574858635098239,4.157075412146543
9996,9529,154.3526312098651,-42.81703626107728,154.35281312158475,-42.817161630800264,0.6591347905220913,15.496870658468689,15.408685595218808,-0.5690507793048523
10004,9533,153.57627956980448,-42.47169197565538,153.57566303516245,-42.47159985097705,1.6704016455262234,5.614147913349582,5.9136854773774585,5.335405633250638
10009,9535,155.1589357980458,-43.1784024314518,155.15848883053877,-43.17856687262087,1.3142607918818117,15.906757932118309,16.38614671429886,3.01374286467633
10010,9539,156.4690263517619,-43.747421629538,156.4691365719985,-43.74765605621978,0.8912861055449008,9.30334935168755,9.241760851775503,-0.6620035170545838
10013,9540,153.65766602493227,-42.50960542190222,153.65751400079753,-42.50968383757232,0.4923972744269697,4.049558089949244,4.154287829469672,2.586201684088955
10016,9541,154.5072258000508,-42.89055912688612,154.50733877977925,-42.89064136592934,0.42005968267818944,7.1842226121818245,7.456568360502927,3.7908868227343526
10017,9544,155.01739489098483,-43.117579122648884,155.017310703341,-43.11754092984011,0.26047593368478783,2.3331522708736925,2.8522511654590907,22.248821950699856
10021,9545,156.79267237277546,-43.88895470049738,156.7926003371405,-43.889047321651994,0.3822420218825023,3.258901443629369,3.172687692912159,-2.645485057111627
10022,9547,157.07668190525266,-44.00990896767712,157.07679882805883,-44.01029977059698,1.4390931376964926,5.713915872392844,5.947417685445092,4.08654621921242
10023,9549,153.21035937022788,-42.30883490315312,153.21059147173705,-42.30876110318075,0.672618506126892,13.166378819814495,14.168665808910758,7.612472668550972
10024,9550,153.419933156502,-42.40248532704322,153.42010320443976,-42.40270810445935,0.9206221519509346,14.39872346315137,12.73387055461959,-11.56250352881909
10025,9551,154.22259042118995,-42.7645767936398,154.22267334856616,-42.764757981266996,0.6881130034774734,84.47542034245379,77.30976524485116,-8.48253263322499
10028,9562,156.29512889757785,-43.67766077108271,156.2950197909486,-43.677489437160695,0.6790758709484084,3.4267204413111423,3.2880691535089115,-4.046180310792426
10030,9557,155.0615022786165,-43.140982073886875,155.06130745093827,-43.14103425053173,0.5451594942174592,2.5903699888775695,2.5338403278954336,-2.182300645269241
10031,9558,155.28794491740064,-43.2410891897137,155.28762611786792,-43.2410444795491,0.8514107583145668,54.09677409099006,53.389484414179286,-1.3074525952714335
10032,9564,156.50394629214472,-43.769175763689546,156.50389018536563,-43.76941206549243,0.8631004661547639,7.913476797145167,8.609164377361353,8.791174828075052
10033,9565,153.08379199119386,-42.254452793650145,153.0836274512457,-42.25437315049706,0.5238598532011192,84.61701460288782,80.89077555953953,-4.403652221525099
10036,9577,156.11143138842382,-43.6018664913346,156.11100390765702,-43.601844673673256,1.1171804132519043,2.0593387798567995,1.2599605063798267,-38.81723013697432
10038,9570,156.74423916094912,-43.873229036418635,156.74460380522675,-43.87292829094367,1.437951583986176,8.946874337966042,9.41304471659207,5.21042725108852
10041,9572,153.58766298420656,-42.48607998776901,153.58798292084143,-42.486126996305316,0.8660590404194075,25.67060837834925,25.77786361812464,0.41781339263408623
10045,9575,154.34938417580886,-42.82765918942506,154.34926436888003,-42.827807311409956,0.6200015901881345,1.169963095279031,1.1491256670053762,-1.781032953751855
10047,9586,155.3505575253894,-43.273198098053214,155.35058264048888,-43.27285377148816,1.241322432044614,39.25409483757759,45.96407645153154,17.093711221002465
10048,9588,155.9540937109792,-43.53651308804076,155.95458547289644,-43.53654505946847,1.288534936676176,8.188869083894138,8.460257608779958,3.3141148320417875
10050,9581,157.05198869310132,-44.00550098862955,157.05136581897915,-44.005710499106144,1.7805004851468496,1.9116876343749538,1.7563765924046661,-8.124289720640904
10051,9582,153.0197544997201,-42.22778372421764,153.01966639816038,-42.22764357156822,0.5565311774291876,12.325022860942596,12.81157256242146,3.947657598435107
10055,9594,155.22846295116852,-43.22028507762904,155.22591986790232,-43.221385587309676,7.759192085544094,44.54079882982713,173.53094647845478,289.59998706230715
10057,9587,155.91742595373734,-43.52159182732247,155.91775613377453,-43.52180089546212,1.1442705860831122,11.674381066346362,12.084135133334726,3.509856879432856
10060,9592,154.50221890901585,-42.90056885940336,154.50187200828142,-42.90022524020311,1.538553112191344,2.903668532011277,2.501498514517823,-13.85041071526453
10062,9596,155.52208001850227,-43.35191080022483,155.5213368223894,-43.35172684518526,2.055122845625622,5.176738679904808,5.568865343379354,7.574781879500943
10064,9599,156.86464011356003,-43.93161393459409,156.864514069202,-43.93175850606876,0.6145428673616868,3.791446932513381,3.659130774545491,-3.489859157284217
10068,9601,154.44413724210355,-42.876007563453484,154.44424563701935,-42.876074377679544,0.37367278771579193,3.088349398419526,3.2432599423502237,5.0159656161305435
10071,9611,155.77014195274927,-43.4622956627049,155.7706048180296,-43.46240374597825,1.2705044896362925,2.8258627382890262,2.811519453163834,-0.5075718976313952
10074,9605,153.00211775720672,-42.22771487639916,153.00235430654845,-42.22777329093169,0.6647167791922398,2.759756063207519,3.211453559535701,16.36729790542421
10075,9606,153.12034228344064,-42.2799908745217,153.1204020520223,-42.280119160150804,0.4884958985605387,1.4777680697989604,1.7917198394308813,21.244996156577656
10077,9608,153.6523157217507,-42.52175120770022,153.65208812038125,-42.52165158370482,0.7023601204278492,23.254613050409876,23.100070326981303,-0.6645680282598783
10082,9613,153.3284755952535,-42.378183514558124,153.32832537027085,-42.37811109047617,0.4770545995555705,4.707665552522536,4.670217161049647,-0.7954768888121833
10083,9615,154.23536895968226,-42.78820995832636,154.23622675370385,-42.788395524198975,2.362639973590393,3.8067535051977983,4.093489865544604,7.532306989546118
10084,9616,155.70822410479212,-43.43867288435777,155.70798609918432,-43.438895580237634,1.0147885608314942,379.45812090623207,304.1888530777047,-19.835988131909595
10085,9619,156.67322641644705,-43.85523167016565,156.6730721241399,-43.85534512981326,0.5720675846508549,1.675386934296073,1.9111603134166977,14.072771745691496
10086,9626,156.71630177587025,-43.874628625887986,156.71635397450706,-43.87448961204681,0.5184587891165002,2.7353267846718623,3.1039941266456257,13.477999924531495
10088,9620,153.42580172683085,-42.42311487615557,153.4260205677476,-42.42317005502539,0.6145504133098801,24.63399229514313,23.575288214171938,-4.2977365109427605
10089,9622,153.79472488796745,-42.58986568129679,153.79445304753142,-42.59011918284156,1.1627291482914806,4.189732651078897,4.179101294257149,-0.2537478571338085
10094,9624,155.39921129155982,-43.30445462606366,155.39874247133736,-43.30434460319419,1.2904979692882674,154.44014847964854,170.41585565879487,10.344270797726885
10097,9628,153.46615501201345,-42.44504608260721,153.46589881308378,-42.44494119697866,0.7783252491947665,14.245459954026028,12.56130889541393,-11.82237052399369
10100,9631,153.6095899514984,-42.511992983676556,153.6094756809062,-42.512285317301824,1.0952174292985204,3.3586255272263426,3.71824851160865,10.707445098212405
10105,9635,156.34776111803853,-43.72190832325496,156.34752449320857,-43.72169719470408,0.9781114659774647,5.678596403604864,7.177721159824238,26.399565133167517
10106,9646,153.52367910880284,-42.47478633807397,153.523444555935,-42.47392380856425,3.1669497860236593,2.3751217925627692,3.1061692061251476,30.779365329875326
10108,9639,153.8576241030827,-42.62406043710548,153.85790552669863,-42.62396974542983,0.8138320283951004,7.362979870336688,6.866077617063047,-6.748656957158293
10110,9652,156.9748210782117,-43.99310503676721,156.975287158845,-43.99303800575563,1.2309979645197249,4.118153622413542,4.365309627058991,6.00162177778587
10111,9649,155.22344387827366,-43.23571580710331,155.2231582532956,-43.23537770258766,1.4292328166791815,1.0977733636758638,0.8606275292313759,-21.602440202266486
10115,9659,156.8501139168931,-43.9415802231803,156.84984496862455,-43.941527919054316,0.7221409800312764,5.257418651347156,5.437235594861347,3.420251561440991
10116,9655,153.19089088072525,-42.325892595263944,153.19078434777504,-42.32599120033179,0.4543209757303831,3.8422921709907616,3.0664837984385365,-20.19129045962628
10123,9661,152.98815347134348,-42.23720722041845,152.98812417755326,-42.23695829525858,0.8995255009844337,54.918482702767584,53.70945602293271,-2.201493232029774
10127,9662,155.37699489533688,-43.30833229480771,155.37673314065387,-43.308439300772406,0.7864968248509361,6.301486450542297,6.183940981034943,-1.865360981570289
10132,9663,156.1268618534462,-43.63330331374267,156.12701292570114,-43.63357040896508,1.038994005743514,6.009390954639935,4.888705375689821,-18.64890447982614
10136,9674,155.17261951787782,-43.22027286915345,155.17254038579816,-43.21997015270753,1.1093760162720574,15.270434951434627,15.17764158408838,-0.6076668257411257
10138,9675,155.475469364739,-43.35354024719982,155.47542073383394,-43.353371809740246,0.619593220006698,5.547044069513164,5.173170119349902,-6.740057325632074
10139,9669,156.0627056570484,-43.60780045846019,156.0628692761431,-43.60773816615428,0.4818649858632751,75.19426373469463,68.80536894394028,-8.496518847895192
10141,9671,153.11059204699856,-42.29505614623145,153.1102393300106,-42.29481265330139,1.2847429483293726,65.45514542238065,62.04759529939376,-5.205931636081537
10143,9673,155.07733504244,-43.18059126472144,155.07769025045877,-43.18058217851697,0.9330379028686462,1.763963007837772,1.4861619416335898,-15.748690021833548
10145,9678,153.9598696360911,-42.682729241473034,153.95964075321734,-42.68275007860976,0.6103492600346211,13.079840653671209,12.732430458668746,-2.656073603656266
10151,9682,153.03418798769795,-42.26470781078951,153.03453048961435,-42.26474598393436,0.9227711707810032,5.198559337621697,5.717961093867091,9.991263396505081
10159,9697,156.7354461347289,-43.904398386616315,156.73560881263896,-43.90453305659017,0.6427178854967432,10.030776870580562,10.60563348095503,5.730928100499122
10163,9693,153.89505116307194,-42.6593111624407,153.89490105779188,-42.65916342365145,0.663924622392851,24.588605324207627,23.982675308609082,-2.464271590881992
10174,9707,155.99701426933333,-43.59062510651781,155.9970142395721,-43.59048622175434,0.49998515455464787,66.16050397279813,61.96043323643612,-6.348305233722019
10176,9705,153.98198537298194,-42.701203564077076,153.98248269470193,-42.701342211473666,1.4072262582923694,1.8413195117930992,2.03209469623103,10.360786556383779
10183,9709,153.7689946617963,-42.60797272049321,153.76773968908915,-42.6079982718708,3.3264601216876937,1106.218436949946,1034.4901653082566,-6.484096562289979
10186,9713,156.0515936314978,-43.61775235442741,156.05142640358312,-43.61756511941717,0.8026787061873083,9.02320027103633,8.449472234457241,-6.358365317687839
10187,9725,157.04508230473814,-44.04434993935703,157.0449054520027,-44.044109500058454,0.9791149259194594,1.9175729218141313,1.773357368758387,-7.520733705360645
10189,9728,155.30309828337172,-43.29386819661296,155.30321424514204,-43.29364411509692,0.8620200192922991,16.758452054960664,16.46113254337666,-1.774146625290455
10195,9727,154.86207493728728,-43.09931125853194,154.861644462953,-43.09942405174399,1.2022004345592363,25.070366355455196,25.829060787892725,3.026259854684737
10196,9738,155.45976509969933,-43.36495524512834,155.4600549616146,-43.36490788001866,0.7775485091508869,4.283911875721454,3.959392946677758,-7.575294227756349
10198,9730,156.77421528963163,-43.931304996655086,156.77390876192734,-43.93132369159895,0.797554359925806,11.778247907437631,11.312544555446985,-3.9539272364658533
10200,9741,156.8873489712053,-43.981248823103755,156.88770374395364,-43.98126150073875,0.9201505334199889,2.7127314687799053,2.6596192925499587,-1.9578855054840625
10201,9731,156.99644254460728,-44.025641291845915,156.99625719121892,-44.02601698360395,1.4350697263634078,1.7225759734503703,1.8641604341865181,8.219344918212808
10202,9733,154.0515151206318,-42.74182496998155,154.0510572776098,-42.741817777152306,1.21077259014761,2.2576738465787365,2.27507076859465,0.7705684345095623
10203,9736,154.75902203147703,-43.055464541036336,154.75859381285935,-43.05548211635132,1.1282024923559975,1.4484438981327759,2.552449649294748,76.22012510012797
10212,9748,156.96373197117978,-44.017013390439935,156.96382687485152,-44.01674710037587,0.9896285707692777,2.121954424903298,2.2887084396666233,7.858510663862379
10216,9761,154.591981641599,-42.98755554369077,154.59244552361176,-42.987491612318095,1.243082401945482,44.62526836282514,43.769805184209744,-1.9169927935448208
10219,9755,156.63225111394107,-43.87774016797991,156.6329270965172,-43.87792719562155,1.8789203673410888,2.4457067637263217,2.523257278718883,3.170883612980821
10222,9760,154.50792020687044,-42.95157127696279,154.50782860534963,-42.9515500031824,0.2532242873732217,3.775772137447978,3.637677520685459,-3.65738746236568
10223,9766,155.6903091400588,-43.4734401527469,155.69055187224276,-43.473297799120736,0.8153276593121946,3.4106888455486293,3.7166757038920926,8.971409360393984
10229,9762,153.08436833128158,-42.31050775684733,153.08422980753005,-42.3104219145009,0.4811457339019865,3.621410425671967,4.097431921323772,13.144643652575711
10230,9764,154.4104919780164,-42.90871440383624,154.41046360088407,-42.9088162323133,0.3741408947172081,6.0448826781986815,6.328505900316768,4.691955778413936
10240,9767,155.85806286936958,-43.548499094871914,155.85752816329943,-43.54867601779899,1.5336869572955276,2.357987914582703,2.52536259537083,7.098199263576271
10243,9776,156.68767223328382,-43.908173995966735,156.68768818405727,-43.9081959519638,0.08921367478320558,21.965426659344452,22.50141528418213,2.4401466593395758
10244,9779,153.2249386792352,-42.379672438452374,153.22506119380205,-42.37948248402407,0.7574823605103322,27.369182922908355,33.99788324960437,24.219576979580598
10247,9773,154.08272762106236,-42.7680382990725,154.0829848767782,-42.767850793230075,0.9580617987816736,0.9758509458414248,1.1815517118938579,21.079117351786557
10248,9774,154.26098175110926,-42.84707702621808,154.26108293293245,-42.84716790482013,0.42232343797829985,6.280126728946403,6.455571390798711,2.793648431386696
10249,9777,153.05134273400458,-42.30228732068305,153.05121320315953,-42.302173424373045,0.5357874694366018,1.1508811452056762,1.2747247711188616,10.760765907851683
10253,9786,155.39562042811954,-43.35273496835676,155.39604028692372,-43.35269956541535,1.1064333010450693,16.693411595415167,16.560504548200342,-0.7961646812286597
10255,9787,156.3219558448025,-43.75526444677714,156.3220796398878,-43.75530215187112,0.3493505049545324,5.346995042764717,6.001048651488662,12.232171593444386
10256,9783,157.04687799100012,-44.064716744173595,157.04669387612756,-44.06449044095511,0.9436918238885122,1.3387111547197255,1.4805766810243313,10.597172198382628
10258,9780,153.66528771537364,-42.58146792592801,153.66514850599944,-42.58202057354598,2.0234625342706076,3.1779918264277485,3.5461888477118984,11.58583915233115
10263,9797,156.25416685117196,-43.72778420241467,156.25437958998415,-43.72778629800833,0.5534861770217515,3.7103896495245836,3.5352437506078367,-4.720417946918016
10264,9790,153.17338751454514,-42.36248043377483,153.1732235212881,-42.36224419863572,0.9558000315168715,1.4442243674683028,1.784124226217405,23.535114515824162
10267,9792,153.91420955532243,-42.695910443516304,153.9142666242942,-42.69619234869495,1.026030226173226,6.422876631920889,6.527502629859061,1.628958548233568
10268,9794,154.9275165434602,-43.150130718895596,154.92747139668336,-43.15020320693193,0.286633055847328,19.506469731568064,20.39089644865841,4.534017324821437
10270,9800,152.98706773781916,-42.2789089917644,152.98710712860074,-42.27902041039142,0.4146022521723508,1.509935488774294,1.8209222492598287,20.59602961832373
10271,9809,153.64678605579476,-42.57937433215869,153.64689496355763,-42.57894131829936,1.5853575975930017,12.800872411000359,13.439438817543367,4.988460052099727
10275,9806,156.3589904705559,-43.77503356184896,156.35853914233937,-43.77507795395244,1.1840268993333591,8.874044284691974,8.211077461432343,-7.470853220816941
10278,9817,154.50628979447185,-42.96773089856796,154.50627238046377,-42.96747119181654,0.9360690092369264,6.846648805347384,7.216170580167654,5.3971188726909025
10279,9818,154.53343760007445,-42.979358749902836,154.53372199075588,-42.97939537055206,0.7605295055498155,2.9843957245976696,2.7799810645413316,-6.849448897528338
10281,9821,156.4429345677617,-43.815044727628795,156.4432466927274,-43.81510186518826,0.8364861277211102,16.110150703339347,15.8007109047136,-1.9207753193867072
10283,9824,156.80689681518533,-43.97115566964938,156.80685070032203,-43.97122510405706,0.2770504474224533,1.1048538287348784,0.8377528079342098,-24.175236022534737
10284,9816,153.4673956950041,-42.502132997580404,153.467398711867,-42.502301915172126,0.6081560435854436,3.8198916321383964,4.005702206871434,4.864289163853056
10289,9825,153.06965541744347,-42.3212749570689,153.06968723989485,-42.321303012117056,0.1318158362271817,1.190702485957508,1.2244708719759352,2.8360053343864706
10299,9833,156.98728661242188,-44.05022108291046,156.9870533724175,-44.05016230588702,0.6395128414849185,5.43869842066301,5.373109889590481,-1.205960066168431
10303,9835,154.95544561897148,-43.172464076373764,154.95559201159216,-43.17271759598285,0.9902987479262089,18.800129511776923,19.31337477782215,2.7300092040521156
10305,9836,155.43385726828876,-43.38231582767949,155.43401619929364,-43.38213792533081,0.7636040466239657,1.3356743559189763,1.767422175970453,32.324332509507805
10306,9843,155.5835275420544,-43.44875274703868,155.58328237258763,-43.44851886441977,1.058068286844447,8.940412810913209,8.88339836554481,-0.6377160269244329
10308,9837,156.6244268417066,-43.89679899005772,156.6240673035194,-43.897108213073075,1.45228099396199,4.743330472667221,4.778415204696738,0.739664508549158
10310,9838,156.93775397416738,-44.03225854990914,156.9373858860687,-44.0322704455968,0.9536530202885184,74.98187213655103,75.7953202558246,1.0848597082134548
10312,9839,153.57896475612247,-42.556780323776664,153.57877708396362,-42.556605934970214,0.8011274369535064,2.5885768311266038,2.3872752292188224,-7.7765357198291305
10314,9846,155.5259851029608,-43.42591621385798,155.5261375485924,-43.42563092208247,1.101679004353468,7.0844432320285335,6.92384455379025,-2.266920250164787
10319,9845,154.9261645781995,-43.163635542681654,154.92577704277298,-43.16376975667478,1.1264908918947827,183.5982988659685,187.49539701126395,2.1226221426705196
10322,9856,156.1390147486167,-43.694081805904325,156.13935489378528,-43.69422189440335,1.018934658453016,7.402888448533012,8.019454009968278,8.328716091317668
10325,9849,153.27219857476652,-42.42315053012935,153.27203928804101,-42.42311481353596,0.4423956231258276,16.011781592826992,16.35213290553821,2.1256304973813074
10326,9850,153.3292510038965,-42.448048700231155,153.3291470724784,-42.44779357300803,0.9590555857443198,6.925053649860449,6.907965521913476,-0.24675805865153957
10327,9851,153.45082374920054,-42.50263087716229,153.45047246399605,-42.502683112293845,0.9511157854468981,3.699348370671527,4.046445975644397,9.382668789040343
10328,9854,154.52434613807293,-42.98753591406771,154.5239915291943,-42.98756111771348,0.9382270115281253,5.468694224400339,5.268975032522732,-3.6520453271366984
10332,9857,152.9614300529392,-42.28197764496533,152.9612867205629,-42.282080425452236,0.5316435472347296,11.14556438514582,12.02066424053301,7.8515526459429426
10339,9865,155.4851394712561,-43.412280329138376,155.48582358021434,-43.41268413952896,2.3051976407130135,3.696040531810404,4.2587601533588435,15.224931022950837
10348,9878,155.50347047203144,-43.423821959588906,155.50390423401706,-43.423639248270845,1.3110710766089368,23.332661230933926,24.6005559000385,5.433990818945366
10352,9872,156.73383102624726,-43.95356739207613,156.73335669399597,-43.95387942552223,1.665240525859148,5.545208981488673,7.716605195805301,39.15805917442074
10357,9882,153.77589917522462,-42.66002488597159,153.77615666160864,-42.66007746232825,0.7074575328368335,3.018980783980271,2.7724703252302008,-8.165353686851459
10359,9893,154.45401186658165,-42.9644769271753,154.45446243798435,-42.96443943338483,1.1946332550499985,10.788304011195185,10.419348797501003,-3.419955660419948
10362,9886,155.76987451543184,-43.54182899137893,155.77001615445394,-43.54224771049461,1.5520416939440689,1.1070082117093811,1.0464214887206824,-5.473014775124751
10365,9891,153.73743572649897,-42.643052474758065,153.7372604383896,-42.64292460645952,0.6537329185775678,2.8172630242041072,3.327434903696261,18.10877703320869
10367,9892,154.0854457326225,-42.7989527536601,154.08556166784993,-42.79918902149879,0.9040143119117823,53.411650118530545,52.52654755524603,-1.6571339049070801
10368,9897,154.6013848544015,-43.03209347367964,154.60175062893214,-43.031962967306086,1.0710783622131734,19.005161472837344,19.087671107190406,0.4341432956041301
10372,9895,153.0392578226707,-42.327165618003384,153.03899940729306,-42.32692972231872,1.0928051772336809,1.648406877727611,1.8046172598838064,9.47644566804629
10377,9898,154.6691886548383,-43.063282968538736,154.66887368113893,-43.06321953175674,0.8593328506834337,2.1977295641412384,1.961543271830462,-10.746831464819746
10379,9905,155.95334974170987,-43.62820979406405,155.9534122801758,-43.62784016917486,1.3405913980712842,1.7358508585217245,1.9759995440770104,13.834638176219816
10381,9907,156.88988691482933,-44.03008686301325,156.89005148688665,-44.03019152194971,0.5686842849116179,15.481406625112411,15.335888791678554,-0.9399522727980818
10387,9914,155.43249126799614,-43.40251516593049,155.4325219983137,-43.40225911798729,0.9252703425066082,3.3480912686639197,3.6464524638038656,8.911381775414059
10392,9923,155.0268216229469,-43.22619146181863,155.02691254134103,-43.22591279521033,1.0311591712629842,64.7287472606297,61.584297880796775,-4.857886971258429
10393,9912,155.19381467779303,-43.29788665729625,155.19360939402918,-43.29803979062411,0.7701951671033459,4.217719964889024,3.8941782345826748,-7.671010237752042
10397,9918,156.6879682194624,-43.945948134004325,156.68777343750583,-43.94603593074066,0.5956456015538434,21.80977765417595,21.924444603877163,0.5257593704961863
10398,9927,156.84768538147728,-44.01610712166852,156.8477907472717,-44.01607991575968,0.28983346096696316,2.0679317785005473,2.105829736921068,1.8326503231165838
10400,9919,153.29101417969989,-42.44796903958108,153.29096910520508,-42.44815382027862,0.6759006798510404,2.5918830919847426,2.9654147369804758,14.411593105833337
10401,9920,153.4115161073931,-42.502705351275765,153.41152461454456,-42.50287899484528,0.6255244778331348,2.9344540313184577,2.7120588080964443,-7.578759825455187
10404,9921,154.23119964982502,-42.873947857743744,154.23068976249607,-42.873826458684874,1.4144329104634812,4.585339703239872,3.955218150175222,-13.742090964807337
10409,9928,153.84051966986917,-42.70100109497024,153.8403774367802,-42.7011962596977,0.7970178222709562,261.4783415903793,308.9531935282747,18.156322871386227
10424,9933,157.00098771968433,-44.086322426418114,157.00101727087304,-44.086384002456796,0.2344749364967448,7.064761929203655,7.185191368728818,1.7046496503632005
10426,9937,154.0398877079021,-42.79482125277633,154.0397986302036,-42.79477910091172,0.27999790829612126,3.9595891026977044,3.8698078709787245,-2.267438094973317
10428,9941,156.5095667193352,-43.87903565249904,156.50967616470112,-43.87928330582668,0.9356924162023091,22.09658677438534,22.41242614292546,1.429358170856717
10429,9944,156.6350767999571,-43.93327490825659,156.6336669270292,-43.93310349503774,3.7068730887468515,2989.441845026205,3089.7171595694904,3.354315612799829
10431,9942,153.09178124194952,-42.366661381954344,153.0913401004926,-42.36674825821058,1.2143361102195482,1.3257414196655553,1.361634173071697,2.7073721069374446
10433,9950,154.1139841479552,-42.83015126165674,154.1139327747347,-42.82978738018396,1.3169762083972685,8.888001134297246,8.791931856692589,-1.0808873238544363
10436,9946,152.949883315806,-42.30308176081335,152.94999138382033,-42.303094915960074,0.29160689354368763,2.7099480131961458,2.838218016195254,4.733301243215547
10437,9947,152.98522913977575,-42.31858232264305,152.98529028024123,-42.31857327347764,0.1659773636214737,10.34823763993722,10.295371755680232,-0.510868479217771
10438,9948,153.07634638995341,-42.36080188045952,153.07573089610065,-42.36087840686374,1.6602900340813518,4.895115341894448,4.671213894720426,-4.573976945094233
10439,9951,154.23701865121177,-42.887030345570714,154.23665900645062,-42.88703170649826,0.948650897586363,1.7307000265643893,1.9028538430261783,9.947062680962189
10441,9952,154.78193879914699,-43.12950194538688,154.78203432120648,-43.129526626571796,0.2662311280031294,3.4730706531705273,3.561285876017857,2.5399777792254
10445,9963,153.79397423837418,-42.68962778468734,153.79228551909412,-42.68944714105285,4.515657451858653,3575.37042883536,3700.736960125887,3.5063928000143942
10447,9957,154.34433761801432,-42.93713602807724,154.34428833499905,-42.93733399121253,0.724407109662403,0.9590412785828423,1.0563411051531113,10.145530619291716
10448,9964,154.37393615436227,-42.9506206510241,154.37426041418485,-42.95055773817718,0.8839297166480333,7.770621794157811,7.613955848840401,-2.0161313916370984
10453,9962,153.31492955597406,-42.4746435805918,153.3154975500364,-42.47448051235053,1.6184053579571165,2.6915986808783567,2.821582137027543,4.829228706070264
10454,9975,155.11294230285498,-43.280268724171634,155.11316037481132,-43.28019110628454,0.6361799349147624,3.142110960274493,3.0586641131699412,-2.655757487866115
10458,9971,153.35399153282737,-42.493879705766425,153.35369484062704,-42.493747352715694,0.9204737938843569,2.447975831524473,2.4382306262051556,-0.3980923828503817
10459,9972,153.61402405314325,-42.610740965799344,153.6138823644272,-42.61088764858078,0.6478985305431979,1.8123414461619087,2.1190153005513466,16.921417045275728
10460,9973,153.8413099562055,-42.714670448123414,153.84122005236364,-42.71455165657422,0.48931986000269523,2.420531185061174,2.639578349947389,9.04954938147922
10461,9974,154.05777344740798,-42.81064218789399,154.0579867178507,-42.81085483262564,0.9504011592620466,11.09592621012534,11.583069034594251,4.390285364590655
10464,9979,155.98173671580008,-43.662031181597406,155.9815469695354,-43.661742492353405,1.150783473320303,4.297320223243775,4.509138062847565,4.929068084293288
10471,9990,153.93197455828425,-42.758271686516515,153.93201343212067,-42.7584767036927,0.7451799357122403,5.593737559776366,5.545276743963156,-0.8663405334151361
10474,9993,155.4494911376743,-43.43329244282632,155.4481550239256,-43.43299685974685,3.651408986496789,1126.9307883152385,1038.0851735834713,-7.883857256628104
10476,9996,156.43433060598647,-43.85945062655438,156.43451541903625,-43.859678064668984,0.9489650436160527,28.87382522822955,29.419894366164353,1.8912254736546639
10484,9999,156.92069085740178,-44.07029987292554,156.92036693379836,-44.070110429883435,1.0803261288360893,430.6539857702535,385.70174378426185,-10.438134435373108
10485,10000,153.01158001101788,-42.34590943888121,153.01195090871786,-42.34611610449579,1.235887105107227,1.3486853813987314,1.5847291467820945,17.50176643410789
10486,10009,154.09213926522685,-42.83658618578165,154.09232754779757,-42.836212124832215,1.435421434880246,124.55520621135508,118.02355564143264,-5.243980375127017
10488,10013,155.0913365876026,-43.28069103416245,155.0915790866595,-43.280879867978626,0.9306161644671378,2.3962617171593075,2.530632375704808,5.607511799871035
10492,10005,153.64709995610866,-42.63754713041385,153.64652448803614,-42.63775302669915,1.6947310891005634,3.9021924176309573,3.955898352475418,1.3763015529886662
10493,10006,153.8020075525289,-42.705753115641386,153.8019614761588,-42.70560982985583,0.5300351150379672,14.898268087781908,12.891197678770153,-13.47183711009843
10494,10015,155.53059712659876,-43.47400272369142,155.53062759627394,-43.473895430061845,0.39437403410401206,4.494596942804855,4.427064697782607,-1.5025206015492953
10495,10016,156.26713748544068,-43.79475663023421,156.26717497234242,-43.79512605450983,1.3334901333976321,10.81714842852809,10.49488710117361,-2.9791707998069064
10499,10022,155.3961297570914,-43.41839734184128,155.39609828108848,-43.41849565104454,0.36335758947581154,6.514308506564057,6.491139980643851,-0.3556559517692579
10501,10023,156.05036573063748,-43.701399727185894,156.05030435033487,-43.7018403853008,1.5943923761391874,18.034565920320375,18.312148928718507,1.5391721077431995
10504,10028,154.75120678447283,-43.13589968277249,154.75124166074193,-43.13595151893923,0.20788902792886374,3.4125261681747734,3.101234224550372,-9.122038287281454
10509,10036,153.52333220463652,-42.586299727951825,153.52344390630552,-42.586230409333474,0.3872087102064181,2.8215047137516938,3.557880415795209,26.098687641899144
10511,10039,154.46074705043097,-43.00713147521747,154.46034441848724,-43.007213564865815,1.1003811158258898,32.68927967293324,32.651416068476216,-0.11582881249100746
10512,10040,154.493068694932,-43.021612966032684,154.49320331732554,-43.02198088219874,1.3710713622961157,5.915139987934425,5.873496490320487,-0.7040154197344722
10514,10046,154.82393464554508,-43.17042209322563,154.8237269917561,-43.170283061368075,0.7401125436049505,5.21289459946542,4.734304815709635,-9.180883569080109
10515,10042,155.04811111647246,-43.268988505368796,155.0470787029711,-43.26895321289257,2.7092654999340264,6.042016840579041,7.1345442641230745,18.08216448862678
10519,10044,154.52858159410744,-43.04062401037136,154.5281259873424,-43.04059606827294,1.2029748154619293,0.8699337775984615,0.9449326791794855,8.621219627552108
10520,10047,155.24608528863135,-43.358245250616925,155.24609537024406,-43.35817312978548,0.2609725546273964,5.558996048789536,5.622594715458018,1.144067491868978
10523,10048,153.18431613118958,-42.43722029738784,153.18469581288738,-42.437003675970814,1.2750489145432595,1.5113850321607614,1.708395385683399,13.035086978529925
10524,10049,153.8115009214314,-42.71983570742598,153.8116203402837,-42.719898799076155,0.3890317846628399,2.71926545450178,2.785931821357396,2.4516314413235816
10525,10050,153.84693731463432,-42.73638431196805,153.8468532180107,-42.73669136142079,1.1275219820054656,8.270668067429819,6.668696790992438,-19.36930926711954
10527,10052,154.92243427500375,-43.21862705337517,154.9223832307107,-43.21897481644188,1.25908865528044,3.191696463884686,3.3969291297015944,6.43020625987457
10528,10053,155.07852657406315,-43.28501809623452,155.0782406986969,-43.285233450280316,1.078104163016459,1.7426429358344393,2.0627235089758384,18.36753626112932
10532,10054,153.79487552345378,-42.714623005446185,153.79488478210038,-42.71466780387972,0.16312316652851214,9.322165934029167,10.681627279449222,14.58310606183854
10538,10062,154.0769910833929,-42.84530306035585,154.07702749989454,-42.84555480753733,0.9113728789137527,9.973849845186747,9.141333965760223,-8.346986292642907
10546,10078,154.9295058636837,-43.227360858211284,154.92975286912963,-43.22750905261235,0.8393000351420974,2.998611480606967,3.374150717000395,12.523771046104734
10548,10072,156.00985085497612,-43.699599670708814,156.0096353901844,-43.69952417192912,0.6231843183934759,5.505921780584816,4.493875602187124,-18.381048963797607
10549,10074,153.06460076780348,-42.39077798657019,153.06476341213343,-42.39084494146743,0.4950822298382874,162.78465930644057,170.9578550190136,5.020863604344356
10550,10075,153.4024095527231,-42.54414593876978,153.4028682665472,-42.54417606504009,1.2214815833588075,4.254279694665754,4.142985343543997,-2.6160562800161786
10552,10076,153.8218026341916,-42.734112681713015,153.82195628803888,-42.734213187484194,0.5440511031793812,3.483118731467157,3.188955176113041,-8.44540706283097
10554,10079,155.05021232272045,-43.28223998606576,155.05016162085272,-43.2823684762439,0.48127148979114337,5.941247289019042,6.408272280649421,7.86072299150991
10555,10081,155.9752840185783,-43.68486927204076,155.97487134929528,-43.685041865334426,1.241053458846226,3.1495805501926646,2.8830502942680822,-8.462404808420548
10557,10088,156.7214176976043,-44.0081579343324,156.72144831299497,-44.00808982618466,0.25768541816258206,13.278130891581828,13.921172287617555,4.842860800863226
10558,10083,153.1742490323935,-42.44262537726379,153.17457542540475,-42.44269759156577,0.9052389965043082,7.260142078747916,7.967767301233938,9.746713147080158
10559,10090,153.29750321514888,-42.49904010945479,153.2964404350028,-42.49894056264574,2.8435476673709688,1385.0589506568995,1460.6390931335195,5.456817736225179
10565,10096,156.9552465258699,-44.10992543973465,156.95504611321542,-44.10962188151561,1.2093758924306999,20.804212447344273,18.43685273226316,-11.379232552411835
10569,10093,155.24195149010734,-43.368308690039,155.2420214180638,-43.368728429347414,1.5221028634470715,5.67297101732896,5.793562941322286,2.1257278351142617
10571,10094,155.51520762199553,-43.49067235540515,155.51528104083548,-43.49036864897283,1.1100307074431042,1.391049482674413,2.1836961047081713,56.98191415231516
10572,10107,156.44460553582212,-43.893801755092646,156.44481315456576,-43.89376009548323,0.5591060018740902,66.36802627643549,69.55380486801411,4.800170760403888
10573,10097,152.94596992108154,-42.342061770742234,152.9462067146572,-42.34215508789492,0.7140447698039768,5.313058790620702,5.7842632261251845,8.86879769401975
10576,10101,154.2766284035038,-42.944864701546635,154.2766581947803,-42.94503526605263,0.6190306148199186,17.58432327314643,17.80542911647046,1.2574031988008694
10577,10102,154.51851749859625,-43.050671069072344,154.51810212158657,-43.05051841697346,1.2231395077235596,22.926179964611862,23.355243113188063,1.871498650182847
10578,10103,155.05948912786386,-43.29217236868112,155.05931856716305,-43.29214791792788,0.4555092480612347,2.6632251801169877,2.685926103561898,0.8523846805891596
10580,10112,155.39252176425381,-43.43938075187236,155.39283447655865,-43.43931264460129,0.8534005201738706,12.090174626017976,12.163179232313311,0.6038341757134712
10582,10104,155.65910730184373,-43.553814356073126,155.65920656736895,-43.55398628583302,0.670946295859267,21.390334838309307,21.424055022475606,0.15764215203357748
10585,10108,156.6231865258377,-43.971671079074866,156.6231206865307,-43.97196486427016,1.071294435847226,16.09080642325695,16.320189869328665,1.4255559357185117
10586,10110,152.93332510795696,-42.33676590435601,152.9334215420121,-42.33658876171834,0.6874108518392452,3.49210240762467,3.8419793730545657,10.01909235725656
10589,10118,156.32598449913385,-43.846171835328036,156.32631104949823,-43.84621743789679,0.8635796783809564,5.215305053910161,4.9443354779733335,-5.195661100085956
10594,10115,153.77091511240386,-42.72171176495305,153.7710727450412,-42.72185496691316,0.6630043097311097,23.375686327645745,25.034490970311744,7.096282091637149
10596,10119,156.3524444041709,-43.8590692321295,156.3525074916758,-43.85913662001825,0.2926951721868373,6.576673375995287,7.100019965063843,7.95761867966196
10599,10123,154.20168922066952,-42.91538731094495,154.20186753978686,-42.91561777743402,0.9536228029903249,20.790763374542045,21.3697667016533,2.784906531235096
10600,10124,155.36851348549524,-43.434441657794665,155.36821619920158,-43.4344006617965,0.7910499835514473,53.12097616095143,54.381987359187285,2.373847939870521
10605,10128,153.07736426586774,-42.41089476167015,153.0772107920465,-42.4108727635258,0.41554603492453585,16.0552630250615,13.188383395447568,-17.856323033380825
10611,10136,155.14391799426065,-43.33776141136603,155.14355704123642,-43.337671025867294,0.9995488770393581,13.592402710620267,13.203759550664744,-2.8592675498928593
10615,10133,153.73574268229336,-42.70997576813435,153.73545680078428,-42.70979963745521,0.9868816403166136,2.209805428002075,2.2265465132931377,0.7575818702825204
10616,10134,153.8248291113927,-42.750370998706096,153.82459615410738,-42.750300134669885,0.6665825101990964,10.653824186893786,10.995183104571723,3.2040975305174704
10630,10145,152.90475844137382,-42.336411143047215,152.90492535993414,-42.336449596492365,0.46526356414269165,2.242572276228542,2.206934524733544,-1.5891461725787357
10632,10149,154.69316425635554,-43.14430843287174,154.692997828986,-43.144485671887516,0.7734482203808336,289.8085648241109,268.12948365791704,-7.480483256024955
10634,10150,155.49939467881057,-43.4977417781027,155.4993189434072,-43.49794829169665,0.7693066175365578,20.407352457790285,20.32337339807127,-0.4115137418864863
10636,10151,156.31184324331798,-43.85043728662189,156.31198752061016,-43.850701388719735,1.021888839277318,13.33785523343569,12.758683962763318,-4.34231186750693
10638,10156,155.44530911882399,-43.47663218866641,155.44478634531464,-43.47649627338572,1.450680144532839,3.5263071030246325,3.6172284029219557,2.578371572326669
10647,10159,155.4015306273861,-43.46092811691472,155.40127981281162,-43.46170863428386,2.885282483524982,1.6883529309465284,2.00555429718494,18.78762197312509
10649,10168,156.87996995377136,-44.09949500418199,156.8801416972828,-44.09958737700786,0.55472875503705,2.197920808528501,2.2841058868842112,3.9212094458221576
10652,10161,153.03116910347975,-42.40027439300655,153.031361536343,-42.40029051532521,0.5148507430255708,2.2967824166701463,2.286269950731915,-0.4577040411808918
10654,10162,153.71387059795896,-42.712175771948594,153.7140917960546,-42.712131936031625,0.606015397753116,4.477868404898865,4.669453481200918,4.2784883113683305
10657,10163,154.09518719514907,-42.8834666022215,154.09520959165985,-42.88360531755185,0.5028577208175894,71.28747078238544,71.36369966671167,0.10693167184865594
10661,10167,156.67902827425084,-44.01507143189449,156.67874177697462,-44.01507274402748,0.7417465607113883,1.7242779039378604,1.7534746594850783,1.6932743544726243
10663,10176,153.58690290514355,-42.65688076262793,153.58719225043004,-42.656535796121034,1.4591437444463238,25.47722955229244,25.754599469644113,1.0886973278721988
10668,10173,156.28389806434714,-43.846852569444295,156.28421667287327,-43.84699869544108,0.9803036182470302,1.4499294153491684,1.5313820360217412,5.617695579543611
10671,10166,156.65168321191555,-44.00417990096067,156.65114188893256,-44.00418129981801,1.4017328668991742,1.0610485182633829,0.8430171460288522,-20.54867128897954
10672,10181,156.6935742535006,-44.024003038092175,156.6935553160837,-44.02384470151316,0.5721157038259546,21.86327881027558,21.82550753817465,-0.1727612423950672
10676,10177,154.02372583274666,-42.853848042380996,154.0237099885504,-42.85384817899267,0.041817746772500164,8.20688846742448,8.735038300461405,6.435445481357566
10677,10179,154.8374852992575,-43.21836583801899,154.83761434401393,-43.218654522543915,1.0930163896166574,9.730235513087553,9.923218451758988,1.9833326584116577
10679,10185,153.88170188474297,-42.79353885232689,153.88197781364238,-42.79366371932533,0.8563853914585698,23.84917743267919,24.163936075876972,1.3197882572104334
10683,10196,153.89340278658386,-42.800893084255584,153.8934752833521,-42.80030183767315,2.1370843422989303,7.9556011015884645,8.30616518005852,4.406506485098392
10684,10188,153.95547213428128,-42.82790875390599,153.95563249626525,-42.82799956748528,0.5349245194866621,1.2183451583516505,1.408298910210267,15.591127896433946
10689,10190,155.51302828507238,-43.51882974013631,155.51277089118864,-43.51881092385254,0.6753411581054798,8.584554991994054,8.199554414908752,-4.484805297937436
10690,10192,156.72698852604103,-44.04371709728297,156.72704330082368,-44.043873595840104,0.5809512074201528,5.074672452328324,4.762293231000764,-6.155652887197405
10691,10194,153.13663754106935,-42.45973043872593,153.13625139645148,-42.459640123681126,1.0758697728280968,28.505727152927296,26.31563277576927,-7.682997754832302
10693,10197,154.2200478884571,-42.94902579514263,154.21992140586693,-42.949111067156466,0.4531197619281396,6.551554875091737,7.3304494042684825,11.888697324935997
10695,10207,154.40421754430707,-43.03229563388322,154.40473711719284,-43.032141087435626,1.4761174263571128,74.14793305010402,74.07638647808065,-0.09649166076553885
10697,10203,156.84960533753033,-44.09781231484485,156.8493138354598,-44.0975675278058,1.15954311055079,5.856019409638751,5.935551588568674,1.3581269693030105
10699,10204,152.95240212679008,-42.377557820245556,152.9527324763651,-42.37744739854511,0.9642790037948024,2.603964406904004,2.700156329683404,3.694056743800409
10705,10205,153.17952318944685,-42.48130877472688,153.1791196577048,-42.48157651759477,1.4411418417346749,15.554122699983436,15.40972338336323,-0.9283668349894099
10707,10211,153.47044656330914,-42.61408415150605,153.47055643839477,-42.61403205553958,0.3462819579383672,22.35290459627057,20.70917637302339,-7.35353303266648
10709,10212,153.78700045812198,-42.7571986312829,153.7865682443358,-42.757197746623376,1.142455261734389,9.472427812561262,8.139011583951737,-14.07681594407402
10710,10213,154.43719290286055,-43.04861175932373,154.43661694203433,-43.04888350528678,1.8035961382164736,1.2141616557434434,1.0620397447195167,-12.528966822855308
10715,10217,153.36052093616158,-42.56618451844732,153.36089069505906,-42.56628179265332,1.0410392562260922,59.310346576437986,59.667139046194606,0.6015686812701269
10716,10218,153.44037538101438,-42.60396380484757,153.44003270545434,-42.60386183591787,0.9794113512268235,4.595831069594929,4.243932209348156,-7.656914601906582
10725,10223,155.67454234289156,-43.59999443967297,155.67438598044086,-43.60020266543235,0.853281278239901,17.7497186776912,17.932223299098048,1.0282113464492875
10727,10230,155.7491341967,-43.63278364210671,155.74938501940395,-43.632894460844085,0.7656871648906024,11.237748672932698,11.654886535119703,3.71193443035192
10728,10225,156.26025287139126,-43.85353747992751,156.26000637562416,-43.8535603716244,0.6451894853877096,3.4969800915648728,3.645732146494218,4.253728961401654
10729,10226,153.0532826927731,-42.43219131141204,153.05224804590682,-42.43203941498279,2.80299436321015,5.212124317250879,6.404569482868522,22.878294780324705
10731,10228,154.29772693725928,-42.992540243408406,154.2974891637796,-42.99263187892185,0.7076941023762322,1.4709227139294454,1.710151486817065,16.26385741563133
10732,10236,154.31149186208586,-43.000910959682,154.31180969860827,-43.00068790780023,1.1597597921820566,16.251165932285947,15.024620505995157,-7.547430328392807
10733,10229,154.66626952213727,-43.15753941939425,154.6658730191153,-43.15748019826572,1.0628637329715283,2.7727390697403433,2.9189809890876313,5.274276290303181
10740,10238,156.40283536862947,-43.91762657840828,156.40249742144908,-43.91767482679516,0.893416726316678,1.3949039689364011,1.0103091766100927,-27.5714171649793
10747,10254,156.9467349144945,-44.15407674305651,156.94694650549243,-44.15407903869675,0.5465785300483258,0.40478787050158216,0.6255526293609798,54.53838292778952
10750,10249,155.86766600414816,-43.69123384236225,155.86672543484187,-43.690759349195,2.985360857155596,1026.9420904002911,839.7218407092315,-18.230847819090087
10752,10251,156.0434432291517,-43.76679383046952,156.04304817334798,-43.76665267135676,1.1459018177107612,7.447015185879451,7.525776257880501,1.057619328484682
10755,10253,156.7236907124851,-44.06055284782438,156.72335509955886,-44.06059499512159,0.8813816932706914,2.1047705335242126,1.7386828974212098,-17.39323267178338
10758,10258,156.86407145189065,-44.120521600410214,156.8640764183166,-44.120248852381636,0.9819767875184744,2.3398712815322424,2.3927923483099236,2.2617084621435373
10759,10255,153.78739548399932,-42.773160190225305,153.78743043237233,-42.77312445557958,0.1583624408745303,11.505083350391033,10.687735060637856,-7.1042361438033135
10762,10262,155.64995721863033,-43.59986200697506,155.65015278154118,-43.59983884402828,0.5166115899203456,4.348018890027775,4.2032155615363616,-3.3303288728464606
10765,10259,153.49317217317423,-42.64079943024954,153.49325023466142,-42.64075764660825,0.2556582542334573,3.9227306224833396,3.537119018062372,-9.83018314361975
10768,10269,153.74303924559524,-42.75789969163438,153.74339513607322,-42.75763778966916,1.3318699658701911,1.7449914356760332,1.9400207212109541,11.176518207916818
10773,10268,156.55706555304735,-43.99532366396785,156.55695055427714,-43.99560737386378,1.063892752851112,1.175075324045412,1.1586990068736374,-1.3936397809287748
10778,10280,154.44981030584188,-43.07882287287431,154.45024805485954,-43.07873458993388,1.1941294782405545,25.868804637589296,26.11529524484101,0.9528488490478839
10779,10275,154.83370866004051,-43.24908646103436,154.83318001233343,-43.248989388586544,1.4295785932679523,2.6165521548562056,2.6305468032430617,0.5348507332782415
10782,10285,155.99806536234715,-43.7585292038111,155.99831368855365,-43.75848888155521,0.6617990932353249,11.419292900469491,11.321695161266165,-0.8546741033266068
10785,10279,153.4752107733386,-42.64047089418773,153.47728614109886,-42.64107715124234,5.913513979758481,3.835264931576926,5.562250872138216,45.029117189336226
10789,10281,154.65225561622412,-43.16851845536427,154.65228596107718,-43.16870373861241,0.6717613467216411,2.365310912335858,2.2616631462396333,-4.38199331663623
10791,10284,155.13557889514135,-43.38399025565081,155.13497482441994,-43.384166374339465,1.7028967544942122,47.66192508933541,46.2912128177416,-2.87590622708715
10793,10294,155.38338573966556,-43.492968143817976,155.38358088495036,-43.492900312776925,0.565132371560363,109.67191200202397,109.87739543861731,0.18736195334093206
10795,10295,156.08837401937137,-43.799756775146506,156.08864008183426,-43.799882106945766,0.8255316716352938,2.718431251041512,2.765885083541347,1.7456329815828258
10797,10290,153.5496553695977,-42.67584240090799,153.54937061452864,-42.675922074143294,0.806400422394491,6.359087947557946,6.491430123603497,2.0811502708713725
10798,10291,153.68406783916737,-42.73727622781587,153.68408381317195,-42.737359261610685,0.30189089911863715,2.3535615482075887,2.4062233504809325,2.237536652204812
10802,10296,156.5712997740528,-44.00772050632011,156.5710609485311,-44.00773125409937,0.6195968725057901,7.76576444995091,7.826986366277962,0.7883565967216429
10804,10297,153.06749715099716,-42.461105482334304,153.06744167375825,-42.46070346606924,1.454739251572851,1.9553826742720004,2.1713633305205615,11.045441850862868
10806,10301,154.73159993847838,-43.20950411519009,154.73168020252209,-43.209734191909135,0.8546314606140039,10.778053135558254,10.866755424209732,0.8229898993431067
10807,10302,154.80755994290382,-43.24210284488941,154.80801594998022,-43.24205953570223,1.2059886617799778,3.303838059440238,2.9779486615052653,-9.863964034308248
10808,10304,155.56963354554227,-43.57672952664782,155.56954342809894,-43.57688303197318,0.6005216905895524,3.62681133636272,4.1077239710330895,13.259929730799572
10813,10307,152.94691432684317,-42.40718145553638,152.94679484204752,-42.40736482053155,0.7325463792472139,2.005127400924902,2.3695509349560293,18.174582515955354
10817,10310,154.51637385067275,-43.1158205777097,154.51611796311053,-43.115813451832345,0.672937358888385,84.15933387789168,83.01024433737999,-1.365373854050379
10819,10318,156.6167775397574,-44.0331345959184,156.61670308743402,-44.03302349791871,0.44395266444894765,1.8197468840331128,2.7437377169664,50.77578871218849
10827,10324,155.93417871126076,-43.741017482293294,155.93437313651347,-43.74101400343453,0.5058358163511023,6.065760893419004,6.232487976691011,2.748659009175519
10828,10319,156.71050070987138,-44.07450819391963,156.71049319774804,-44.07469145281087,0.6600180396630714,5.082378403390323,5.469235890848407,7.6117411328527025
10833,10328,154.87055506774803,-43.277470882737525,154.87077842862698,-43.27711156090905,1.4198628000554132,8.276916069950897,11.435923791533256,38.166482478311515
10837,10325,156.49715629289037,-43.98401704586372,156.49687593351175,-43.98408264402885,0.7636520049510255,78.06591843274525,75.35428414817682,-3.4735187121439424
10840,10326,153.76081817829208,-42.784201355366065,153.76055400008252,-42.78406199966791,0.8595746200915697,3.1157184197319925,3.1131444136816837,-0.08261356462790322
10844,10331,156.6695007174109,-44.061295540683886,156.66905288296496,-44.06151971646399,1.4119044260926596,3.290605545164842,3.393132977687597,3.115761859497478
10845,10332,156.95209402718683,-44.18101412774222,156.95196545177433,-44.18074221408342,1.0336399745427014,15.505720942783125,13.894444557883416,-10.391496086156833
10846,10333,153.61041919477609,-42.71533627294785,153.61006604486377,-42.71537787556539,0.9460255213531953,1.7522358204368864,1.7575711452385276,0.30448668720349337
10848,10338,156.2037145148151,-43.8622603232717,156.20343057141716,-43.86208777845677,0.9638613442165133,41.40588316728324,36.61947422531226,-11.559731554652485
10851,10342,154.25370987989015,-43.00880926375689,154.25396921085223,-43.00907681692932,1.1805922827753734,4.012079507409107,4.71935401318125,17.628626363610678
10857,10352,156.83848991464473,-44.137716598638406,156.83851441463096,-44.137522093834306,0.7030725041024685,37.71298364634148,40.12614225527533,6.398747528340827
10865,10354,152.9313161234984,-42.41347249084996,152.93129893070324,-42.41340925732788,0.23218187377399047,59.47827426692229,58.92046014186975,-0.9378451744400433
10866,10355,153.34632154097338,-42.60315384432301,153.34616835361373,-42.60355410607275,1.497024800419868,8.740883911752421,9.053162332240715,3.5726183260302182
10868,10356,154.45365328495322,-43.10197351628713,154.45393060359757,-43.10200020593968,0.7352369627804395,27.757618676754955,27.174859745284284,-2.0994557863808785
10869,10360,155.60486901366076,-43.609738388291134,155.60478452178947,-43.60975892261648,0.2323115925722929,127.25027226432657,138.40555952923054,8.766415243286875
10870,10357,155.79038804679794,-43.68866811559642,155.79027035264974,-43.68904748103961,1.3996592997502928,1.444973295554795,1.355235629775212,-6.21033385569443
10874,10359,153.18279756160197,-42.531522755672974,153.1829376444185,-42.53152917812012,0.372338620012448,1.1957518180621238,0.9448082014387714,-20.98626260339208
10879,10361,155.62653318723122,-43.61959334026835,155.62680405328408,-43.61979850257052,1.0216810361349264,1.7244784321001958,1.77023402776424,2.6533005465495902
10881,10364,153.11154389153026,-42.50047343013468,153.1114300155061,-42.50035703710083,0.5166498712372791,21.978819349044958,20.73988308540254,-5.6369554886771205
10882,10365,153.15199371689454,-42.517178430493345,153.1517784428384,-42.517169219119424,0.5721848254229871,63.280840048242474,59.16289763195001,-6.507407950262876
10883,10366,153.93744882868026,-42.87356695913206,153.93764319436622,-42.873526931120836,0.5326545579777958,7.1759157277414225,4.835039792020263,-32.62128520645179
10890,10379,154.78030071942152,-43.25373050838361,154.78204965823227,-43.25433107547687,5.069775034084391,370.45578445679877,7.709832191648019,-97.91882526467958
10893,10385,156.4618197250654,-43.9867631232879,156.46188708404648,-43.986581473978354,0.6768126013478147,23.3709148111775,23.723481723788982,1.5085712966736853
10897,10381,155.75361848561198,-43.68207073019654,155.75354691735825,-43.681954581680166,0.457770351949206,1.3132500381297965,1.459890379266476,11.1662164004587
10901,10387,153.2959812528796,-42.59071754496259,153.29622080752873,-42.590935110334094,1.008244564742166,47.93300285647633,46.803814783000945,-2.3557632657742333
10903,10399,155.90155886321082,-43.74889124104525,155.90149576780078,-43.748673245351526,0.8017544106956093,7.852375048851865,7.915287740297129,0.801193155623181
10905,10393,156.7246240907692,-44.10139333626659,156.72455847724922,-44.10140446892096,0.17429398043780941,3.470838824942639,3.785313812434273,9.06048950564079
10909,10395,154.5776347583706,-43.16717287123756,154.5777090202289,-43.167511990633784,1.2363033865089972,5.089601255549936,4.498130755663571,-11.621155964652411
10910,10397,154.93800905132784,-43.328868691299206,154.9382865526645,-43.328987439277185,0.8431171418947748,14.686729665675276,15.939495039358299,8.529913753440235
10911,10400,155.9944956963752,-43.78833999592424,155.99442771418052,-43.78908702058036,2.695085851934369,1.1266009022527232,1.251968501686472,11.127951272102365
10918,10404,156.36728865006376,-43.95375667810004,156.36710377385137,-43.953959479376884,0.8732645151171166,2.525218154291233,2.2096235709446947,-12.497715605688644
10920,10413,156.63197685437717,-44.06727929855387,156.63202993483108,-44.06723968010823,0.19797539338405087,26.754759672180445,26.195971484050975,-2.088556185800825
10922,10406,153.42635166551818,-42.656375289853536,153.4264158663413,-42.65647594062565,0.4002295838540567,15.241325092100107,13.051881915880973,-14.365176013166781
10928,10416,154.7494371399613,-43.24928446015142,154.74977552558903,-43.249232648510606,0.9066964179004198,4.0064753464315475,4.135918597024016,3.230851044865661
10929,10410,155.29754747044495,-43.48957135881529,155.2973958075864,-43.48944354224733,0.6071525544509728,1.8691728746883234,1.705360841254583,-8.76387816515127
10930,10419,155.45707252871293,-43.56159742342853,155.4570990059352,-43.56139400755001,0.7355473513480068,32.788673191486325,32.826939530392494,0.11670596941417259
10933,10414,156.6521071707771,-44.07668001330103,156.65225672052955,-44.076862034999394,0.7609107233108612,11.101342939325606,10.451019862986756,-5.858057713316227
10934,10426,153.52173482129473,-42.70159969894344,153.52182143044445,-42.70126199348216,1.2371443664617656,5.8671142279201876,6.2460173348369095,6.458083006354522
10938,10420,155.84943574597074,-43.73399347753964,155.8495912666146,-43.73419386847736,0.8270922657187479,3.5151403100722924,3.671404210234206,4.445452709644463
10940,10421,156.16328167808274,-43.868006500338225,156.16184915868087,-43.8680327696278,3.719130320695917,1461.1206968617234,1407.7473588267362,-3.652904113234825
10941,10429,156.4001772929597,-43.972423254638855,156.40001832938407,-43.97212210343023,1.1597361065715968,23.61161569940331,25.288111954124346,7.1003029867346354
10943,10422,156.8321266797464,-44.156375267026185,156.8320476249855,-44.15646541579296,0.3834233173911586,17.81223710750191,16.37828708487754,-8.05036455539006
10946,10425,153.37675239412556,-42.63754708001046,153.37680782933768,-42.637387758318525,0.592049567579375,0.7025062442982882,0.8649170909187165,23.118776229904608
10953,10428,155.96895333880025,-43.7875505315217,155.96881473858332,-43.787696917580945,0.6383303563754095,1.0947046375619995,1.1695957481800483,6.841216164465845
10954,10436,156.9408224175853,-44.20487952636421,156.9408635723006,-44.20473321171672,0.5373334352560678,62.81743213724402,66.61398408856594,6.0437872452780095
10964,10437,153.85848183788852,-42.8580555289261,153.85846516971372,-42.85808217030438,0.10551462080827258,6.469877273768841,6.547640087842656,1.2019210068959603
10969,10449,156.60873191679391,-44.06708508611415,156.6086157931457,-44.06685644366386,0.8762082945889577,4.277202466659934,4.190514324508041,-2.026748624307872
10970,10439,156.67173495996485,-44.09391610353882,156.6716057515087,-44.09410910604857,0.7709492554287058,3.2316150261396412,2.9462460568829956,-8.830537268467157
10971,10440,156.92101486749044,-44.200111092910376,156.92077165790013,-44.200319419558916,0.9779883391136264,3.99143671018944,3.9843915622258987,-0.17650656831301206
10973,10444,154.930479056217,-43.33934711583933,154.93041160039553,-43.339432969442534,0.3559778001700517,2.540930305406986,2.6632919848095176,4.815625172487083
10976,10448,156.4791553963664,-44.011759029603645,156.47874355965587,-44.011936308725375,1.2426896356707202,28.1372287583161,31.94146009360869,13.520277238277178
10980,10452,155.9984881829947,-43.80450393141396,155.99744995332298,-43.80546930054636,4.399331941405672,3.198423914607154,3.2705452329333915,2.2549017970025953
10981,10453,156.12475424546474,-43.86309906168971,156.1249821509948,-43.86327367168515,0.863170196763854,2.6498211493975314,2.7363830995256637,3.2667091568732167
10982,10456,156.90640544360474,-44.19632239589442,156.90596938177308,-44.19636263041394,1.1347743600568476,8.022598454180283,7.79874165083888,-2.7903279046050122
10983,10458,152.9428072867539,-42.449786287755664,152.94281347204034,-42.44991064103561,0.4479732101024913,9.850319084511272,9.904684069022556,0.5519108979603368
10985,10461,154.6835871882193,-43.23385781282199,154.6822774591135,-43.23358292162183,3.5749066862860754,691.3669686987864,705.5215595495831,2.047333976258207
10987,10473,155.67250458176258,-43.66911282082704,155.6723311127285,-43.66884107157147,1.0775504647557785,3.824795469354153,3.870612735263034,1.1979010714687377
10988,10463,155.75365556680117,-43.704508306899335,155.7532619125222,-43.70466639909707,1.1719501416774645,1.2452586273896855,1.1247031091950872,-9.681163056650096
10989,10465,156.31143182287713,-43.9438309531924,156.3111665627431,-43.94411612358813,1.2355932112092887,14.551429120068466,15.238460898276323,4.721404148959796
10992,10475,156.7478425347268,-44.134387988235275,156.7479999953462,-44.134543797500605,0.6929222896070345,12.426294646572188,12.544473198380912,0.9510361308012539
10993,10476,154.95688312766737,-43.35956633623424,154.9567430421236,-43.359561321871595,0.3671059370722451,21.8641356054144,22.165623820393787,1.3789166899638428
10999,10479,153.81878061858382,-42.852043170582554,153.81895577421182,-42.85213092945606,0.5599175630126878,29.595892385251243,32.12156500081516,8.533862005872663
11002,10486,153.2334325401217,-42.590499722125024,153.2332228864762,-42.59041792613492,0.6288595008771697,101.07277849486287,109.92824788704466,8.761478138875816
11003,10490,153.80524754128334,-42.84812087245695,153.80510210339014,-42.84794047880148,0.7543839993585634,17.585508678258922,18.238362466640098,3.7124532495798834
11005,10491,154.79271239004447,-43.28990206394859,154.79253740330807,-43.28976639623408,0.6699223947212872,9.812886179510139,8.887856278460864,-9.426685320989348
11008,10493,155.9699278789606,-43.80553997408859,155.96959678878162,-43.80551954142483,0.8633434698261202,6.993474238163896,6.684131597350119,-4.42330421588845
11009,10494,155.98174431852343,-43.81105404009339,155.98163972247033,-43.81099944876344,0.3353481375536225,3.650585073289936,3.3914731975045163,-7.097817763000547
11013,10499,154.29360590485354,-43.06874255300887,154.29245562495532,-43.06904684249565,3.2173723495869035,676.455923512624,724.6449968521566,7.123756576674173
11014,10500,154.38937455337734,-43.11334889273783,154.3890937680346,-43.113251197766935,0.817436115954656,5.115179575108035,4.858287533653381,-5.022150985759454
11015,10506,154.5062784184845,-43.16561029856012,154.50641015753675,-43.16557698057115,0.3661210362507514,2.6949983205157637,2.9165601745777345,8.221224198001307
11016,10502,155.76558730685616,-43.717982060286985,155.7658755478541,-43.71815548541413,0.9758323150141931,1.0041454435322672,0.9034060952975677,-10.032346298393813
11017,10513,154.45273307290694,-43.14408281363437,154.4529928662575,-43.143877533654276,1.0058825523034,93.24781483454548,89.82352922555374,-3.672242202208844
11019,10508,156.04028290755195,-43.84034136728543,156.04000837483693,-43.84076175578373,1.6728783776339926,2.935703950656187,3.3585472226197446,14.403471162991217
11020,10509,156.6564114617415,-44.104941013186256,156.65614770511021,-44.104872777420276,0.7247232776518389,3.8815716158537104,3.597676010784731,-7.313934487501124
11021,10510,156.77936229679048,-44.156289939054716,156.77946074508742,-44.15639206273469,0.447008841930276,32.34799695923529,32.512069164521016,0.5072097833213279
11024,10511,153.19986320812023,-42.579218990258475,153.1998479725893,-42.57915180724187,0.24520768235586213,5.650163980301945,5.47529420034806,-3.0949505282241487
11026,10516,156.20734217630877,-43.91378623885737,156.20722939965535,-43.91400365717477,0.8355649512317745,8.531362314850014,8.952726727186311,4.9390050121638165
11033,10520,155.54325463337113,-43.626827335622586,155.54326052946365,-43.62711190628027,1.0245695750362227,5.888406571707949,5.76182654559785,-2.1496482039517977
11035,10526,155.69722585628386,-43.69595696693696,155.69743944905593,-43.69602202889111,0.6032761837278156,2.952768898129478,3.3743444725817833,14.277296632302145
11036,10521,156.05606461400959,-43.84989764260596,156.05576962793145,-43.84998662772426,0.8301330076957438,34.83451537198875,36.19563806689432,3.9073966735879386
11037,10522,156.28878368813636,-43.95128472840978,156.28875943237426,-43.951280535392364,0.06465170501369517,1.367968117475232,1.7270699333968735,26.250744541065174
11038,10524,156.5036831972774,-44.04377573414209,156.5028786238157,-44.04347379264616,2.348682583643029,5.25757288807385,4.384405190871972,-16.607809645065508
11040,10527,152.84227271162447,-42.42159783302794,152.84125643505413,-42.42132064114747,2.879240769162141,873.2343856834306,809.0828182713294,-7.346431664150901
11041,10525,152.94183929114973,-42.46736070900977,152.9418339898209,-42.46733426666126,0.0962278389888153,1.8781854200854324,2.2699113317762425,20.85661551312605
11045,10539,153.18184054337522,-42.578807798945675,153.1824294304246,-42.57878783001428,1.5627062394712372,4.681030621558883,4.768495284022918,1.868491568100593
11046,10529,153.44779878519378,-42.6979847567411,153.4480762172543,-42.69822754695229,1.1413776810633867,10.880908216826855,10.884974383775555,0.03736973851513561
11048,10531,154.11333631946945,-42.998533842065164,154.113046423597,-42.99828912175275,1.1656515248976893,1.7352139630344694,2.038311024199125,17.46741713826532
11051,10541,155.5759117822717,-43.64714280529612,155.5757590322198,-43.646861080581644,1.0894737339665397,6.891891777395237,7.420623395674514,7.671792235819296
11052,10535,155.89134548187474,-43.783873649430745,155.89078025416777,-43.784342074372425,2.2364691319257672,0.8305460082170422,0.9399772804949975,13.175823036326998
11056,10553,155.33372912981787,-43.543609837686326,155.33392342706298,-43.54342479557119,0.8371493101523632,5.773461437878175,5.246161614871689,-9.133166102868701
11057,10542,155.8245442593474,-43.75572335677911,155.824354245205,-43.75590930137119,0.8319962476760495,15.243727612524859,15.904232125285933,4.332959296769229
11059,10545,156.47468126897923,-44.03730446940856,156.47505865054455,-44.03733832702849,0.9842375392162754,1.7815770403600206,1.5826923674029638,-11.163405704693313
11060,10547,152.96812209946137,-42.48509815271347,152.96884349153663,-42.485407114272334,2.2147232518403355,3.353325938582418,3.765578123288618,12.293829835118125
11061,10548,152.98568405234823,-42.49190766151733,152.98585164081626,-42.491793261705894,0.6062358019371099,5.06144942921942,5.430893797280571,7.299181256822849
11062,10549,153.09400993777786,-42.542060729724554,153.09384722406156,-42.542048702543745,0.43375035121499605,5.184586800772986,5.170474127559008,-0.2722043965369371
11063,10550,153.11125621542095,-42.54939116101238,153.111707246319,-42.54913884135696,1.5019827234769432,1.8108879735240742,2.049923370938626,13.199899767923126
11065,10551,153.78062357752393,-42.85457386624366,153.7804285212021,-42.85457124919468,0.5148586800065927,45.941099119299636,46.87309398507703,2.0286734180155133
11069,10554,156.19493771418271,-43.91800109812785,156.19503214332232,-43.918186987931875,0.7125980254073209,4.379705798988603,4.659797734816645,6.395222617298252
11070,10555,156.22103405251485,-43.92937500862677,156.22081793698914,-43.92917120637692,0.9231802598630956,7.776340541938185,6.611014670303482,-14.985530344897368
11071,10561,156.413962126293,-44.01385187742726,156.41415360521228,-44.013860841750976,0.4967917370577251,21.93765004212059,23.66646577216431,7.880587604982167
11074,10556,153.24065123796464,-42.610918963769365,153.24100377965607,-42.61113063582539,1.2054573379979079,1.9231523794354122,2.2785938224232343,18.4822298424512
11075,10557,153.27195593591156,-42.62369559513384,153.27199713322898,-42.62350765936337,0.6853134628342048,2.7742511985709815,2.7650610138579745,-0.3312672160956726
11079,10560,153.92366935130298,-42.92097221790933,153.92385737836443,-42.92107479577564,0.6181212226706029,6.194903399098652,6.021756324149453,-2.7949923315090213
11086,10563,153.16387236918834,-42.57891498552271,153.16383557930726,-42.57897319353948,0.23113136387331384,16.10208661355162,15.775945243475622,-2.025460289112564
11087,10566,154.36316212226683,-43.117744041497055,154.36278019458135,-43.118154059321505,1.7849504439397745,8.167320853231125,7.7400642780868925,-5.231294114950839
11089,10568,155.1376718023427,-43.46292443603986,155.13728869911884,-43.46296710936257,1.012748918066737,101.06132726151031,102.26129524341495,1.1873661413525176
11095,10575,156.55980043092455,-44.0806027140959,156.5600775361286,-44.08089343751073,1.2684344075665237,1.0389438307581198,1.5367542542088677,47.915046869039536
11096,10576,156.7537274965245,-44.1630605200818,156.75346785058943,-44.16345557076681,1.5723283706342768,3.2103837293265616,3.2192632457633126,0.2765873859762442
11098,10577,153.01918723742355,-42.516742108110535,153.01922109435185,-42.5164882491686,0.9182973400080546,7.231889078264,7.540435917608659,4.266476379899406
11099,10578,153.19691206407526,-42.59818253449763,153.19715936211676,-42.59807714927824,0.7572410570182558,10.299683793095568,10.548928417435942,2.4199250127218095
11101,10587,154.0113702982773,-42.96677431613619,154.01079770303826,-42.96660356088386,1.6288379668989528,1.366771390607242,1.384483679388368,1.2959218273698625
11102,10589,154.34718043503528,-43.117079864121536,154.34705398056784,-43.11699217650851,0.4583412709750108,144.88049708009893,174.22262149402178,20.25263924771096
11106,10582,156.81452823687795,-44.19310011907959,156.8142673140964,-44.19315948651199,0.7065862204569991,2.9648513225315827,2.631732624134102,-11.23559538604594
11112,10606,155.51915481925977,-43.636537133210744,155.5189662525334,-43.636179837398956,1.3768997624914177,11.313826551423439,10.367298105746235,-8.366121235596612
11113,10594,155.59963103643142,-43.669645027603416,155.59930586017614,-43.669675475841146,0.8538237632819753,3.3131896425726195,3.5133818910469543,6.042281609901747
11114,10595,155.65898008240768,-43.695813255011494,155.65896359908095,-43.69593468065965,0.43923275535967476,340.62091586562315,395.9542698150609,16.244849148155975
11115,10596,155.83936961594236,-43.776439178987474,155.83959363708155,-43.776823896826805,1.5024201207261916,6.189058040248853,6.063605309007154,-2.0270084789292917
11116,10597,156.13873086552545,-43.90406856906091,156.1388819675082,-43.90395130968354,0.5760258856545029,3.132144180345444,2.755047268711771,-12.039577041184717
11119,10604,154.86393287249675,-43.34856968599998,154.86363189779053,-43.34861772007514,0.8066701148651996,172.32307150077696,153.59404743396743,-10.868552831432723
11121,10607,153.56895892824227,-42.77146831683843,153.56885039480778,-42.77142421521983,0.3278257129283784,4.786133451229109,3.739336309164939,-21.8714574662632
11124,10609,154.64309070796207,-43.253689172042044,154.64235575090433,-43.25392335238518,2.1033786799230056,2.7293313860678916,2.570787322786943,-5.80889752304357
11125,10610,154.95038810244785,-43.38882709164333,154.9506544431248,-43.388810229297476,0.699426855548606,5.079384647299248,5.21424168546935,2.6549877108008864
11129,10620,154.39363403612364,-43.145947247179606,154.39381068886706,-43.145526429700205,1.5844076791314783,2.5374383246141794,2.3585848881319733,-7.048582609762582
11134,10625,156.74149670062533,-44.17042536631102,156.741455458618,-44.170172466131,0.9166478041391888,4.745304296750821,3.9350389065985496,-17.075098655044567
11135,10616,153.45878058829973,-42.726137604492195,153.457630614491,-42.72583659982353,3.228489389298384,6.577311501397188,6.846797490281924,4.097205808596577
11136,10617,153.74219420489433,-42.85329539836704,153.74235797892445,-42.853504851170314,0.8691252477321428,40.456553297807055,40.331927560981136,-0.3080483300406975
11138,10626,154.4945211223549,-43.19269151991677,154.49491943380977,-43.19259685647377,1.099553534936216,6.66152401332895,6.864677236253635,3.0496508384297343
11139,10622,155.23642218001322,-43.519029335327595,155.2363121065631,-43.519082086601806,0.34443197243933454,16.894454093439617,15.533106339874767,-8.057956451481216
11145,10624,156.51552821077152,-44.07469593997864,156.51492647551078,-44.07445481733731,1.782018432708844,5.429645704973929,4.678652940828684,-13.83134010856885
11147,10630,153.69942368592055,-42.838328638704034,153.69959877475145,-42.83788495199228,1.662800876569401,3.8081059790206373,4.2246173392462385,10.937493927958354
11149,10640,156.89484840558802,-44.23928618317904,156.8948469068723,-44.23918059400641,0.3801406745713059,13.799256586215533,13.493355671390878,-2.2167927157048997
11156,10635,155.5850814282748,-43.67656533704222,155.58515827452092,-43.6769263495776,1.314956658848599,2.386681805389575,2.3951099767547075,0.3531334317838365
11158,10636,155.71951097018606,-43.733351670086854,155.71967970316427,-43.733781898406605,1.609811617364298,15.45289460935505,15.334080375525426,-0.768880114911904
11159,10638,155.9376520131993,-43.82820467763797,155.93736715051136,-43.82840695914435,1.0380877338835839,2.2778241569400235,1.9932259509498897,-12.494300981180936
11163,10639,156.287477211251,-43.981091300744694,156.28732391070696,-43.98138521235188,1.130149689215982,9.307055802249627,9.176579064134705,-1.401912064214594
11165,10641,153.83850242017138,-42.9034659864029,153.83847875259147,-42.903743493385285,1.0009727309974308,1.9966591809642316,2.4878274056279848,24.599502476259218
11166,10642,154.04881116967312,-42.99821706971735,154.04926210176575,-42.998149234036916,1.212137266633601,71.30402170443888,70.1385893908136,-1.6344552323515331
11170,10650,154.9261098193824,-43.39014281902442,154.92602000115892,-43.389876968959825,0.9854830366056881,16.633507100633004,16.73462590009873,0.6079223031796994
11171,10643,155.15782069054939,-43.491650670623336,155.15795975578882,-43.49188047380429,0.9035061523729225,17.008092305913802,16.472018127707027,-3.151877168613314
11175,10646,153.00274173909983,-42.52787334269279,153.00249900190826,-42.527982846530584,0.7550635653470453,2.3924994008840734,3.0321246661087238,26.734605032222653
11183,10657,154.0636667653319,-43.00823864861935,154.06346822733448,-43.00842716155816,0.8565797718690822,3.29055433072211,3.048167629995267,-7.366135804651838
11185,10658,154.54264166647124,-43.22371409236847,154.54280453977572,-43.22400384783815,1.1272306997813537,23.059646628008846,24.00081523832373,4.081452875221939
11186,10659,154.69738655591922,-43.29096270065659,154.6971469268196,-43.290888012988766,0.6830626698665203,2.437348921598574,1.7151140453142897,-29.631985387245873
11187,10661,156.70760561824247,-44.16679939546964,156.70712554895303,-44.16723814652193,2.0079025689283063,1.26694358017646,1.1229266460150904,-11.367272893186833
11198,10669,156.78738483782536,-44.2037243850959,156.78754749066718,-44.203613005233294,0.5804948441947995,5.600973852965997,5.848034842258886,4.411036290806063
11199,10665,153.46787193851065,-42.7453083747997,153.46783025702686,-42.74532211622154,0.12079041518127884,46.312116950585526,47.40432699154667,2.358367772577783
11206,10670,156.86496811166774,-44.2367089570351,156.86430021236646,-44.236723715187765,1.7235112659052962,187.15782471331647,225.71536226533078,20.601616636160283
11208,10673,154.01911642921388,-42.99485520357365,154.01892973201208,-42.994741657730366,0.6393365688958433,27.605591498288852,28.11505501999781,1.8455084425216473
11216,10678,154.50032643054945,-43.21214031426439,154.4996318794007,-43.21211576349024,1.8244812498873992,6.367130380823503,8.260682490728989,29.739490110151955
11217,10679,154.68072424762315,-43.29339245808248,154.68022140996604,-43.29344311143335,1.3301271388354696,3.920737577643001,3.3691928501893975,-14.067371675131882
11218,10681,155.61144436069026,-43.70105221895821,155.61135583060997,-43.70102441999916,0.2512066407997153,12.367814425521857,12.412948521065557,0.3649318625816594
11221,10684,152.86925329696012,-42.476956544522366,152.86909242281516,-42.47682620310475,0.6345335242269823,37.11137881743335,35.83911326792885,-3.4282357326665527
11224,10688,155.1074838495224,-43.48223331022845,155.10763003774844,-43.48238947251179,0.6796088910135885,26.075898354947217,28.800561178210852,10.448970103255146
11226,10696,156.44004543708056,-44.06311835279409,156.44021021226686,-44.0632721822507,0.6988338980209711,4.807704250026096,4.863798819780509,1.1667641526433081
11227,10692,153.09617567433108,-42.584307463161835,153.09622548259014,-42.584382856943876,0.3018235743445449,30.16948144390661,30.82519256886594,2.1734252415921693
11228,10693,153.51466715198868,-42.77491013526896,153.51471662986992,-42.774964789615915,0.2362352278899161,16.264141201387297,16.530741704489408,1.6391920102081445
11234,10701,154.4550011746007,-43.19729532608448,154.454914585459,-43.19741618513043,0.49086215383805093,3.627487681580446,3.815676128832829,5.187845246393554
11238,10708,156.39734080652698,-44.04777963983155,156.39741087697152,-44.04790047954729,0.47129416532099255,7.177812849605048,7.650101774391378,6.579844510884918
11240,10712,154.69473519306538,-43.30740552405888,154.69490917931748,-43.30764859030935,0.9866264736363481,4.439018940374977,3.6101672073087134,-18.67195756989151
11241,10713,155.28052809965138,-43.56406397460775,155.28044509244552,-43.56431630899243,0.9338536918074668,5.098718925973644,5.818179585027682,14.110616205749182
11243,10717,156.19793965690906,-43.964182398472374,156.19779917179616,-43.96422675949217,0.39751312212325196,93.89921662507122,92.37859010496332,-1.619424074835026
11244,10727,156.7825220609867,-44.21577036109717,156.7823697988035,-44.215746363036864,0.40225201577080566,2.7743081793990907,3.1048959890793313,11.916044948973378
11246,10730,155.0179258114313,-43.452106799757004,155.01657810112627,-43.45199440712586,3.5452982477129424,2930.7008395390685,2982.3848395756927,1.7635372174238324
11251,10725,156.570833788897,-44.12656860632923,156.57047364456673,-44.12652526781087,0.9436339539850536,2.927810753289352,3.1450526791553948,7.419944257735063
11252,10726,156.61531973438787,-44.14558374731121,156.61548013461382,-44.14561544712821,0.4297833090172634,2.322388399219595,2.936736731056248,26.453298339033054
11256,10731,155.42848313141798,-43.63423016994147,155.42819067648313,-43.63430169871562,0.8043343923647985,9.051394699557452,9.085324864176913,0.374861176047487
11258,10734,156.0256452216182,-43.89323815807343,156.0249337878069,-43.89283218393788,2.354246633124325,316.9055469977235,264.4232810191592,-16.56085432261029
11260,10743,156.89977227826986,-44.269173661913925,156.89982503905358,-44.269028392554574,0.5403663988703763,18.89049957162427,19.392248447329965,2.656091088556382
11265,10750,154.87557725285268,-43.393831044963754,154.8754895435744,-43.39367581967512,0.6040806596361818,25.59198554372528,25.145594648557797,-1.7442605006352463
11272,10736,153.33654092682994,-42.70309833515436,153.33666512356123,-42.703631154749566,1.9460880767591398,3.238790058269627,2.886631891350369,-10.873139678198346
11274,10746,154.11408373067673,-43.05661121876565,154.11410965723206,-43.05686511358307,0.9165620647996721,5.294206258692329,5.303926191640631,0.18359566048911416
11277,10752,156.8766279248405,-44.26252378913942,156.87557500741448,-44.26224436594618,2.8949589153915647,1058.1719658892282,1007.1404228873706,-4.82261339809485
11279,10754,153.83839647315926,-42.932746520391646,153.83803709941114,-42.93276741680676,0.9502029462633833,15.94794983052718,15.909037445394041,-0.2439961596734791
11280,10756,154.0300017086472,-43.01894780871483,154.0299342398203,-43.01906072441607,0.44359301524935785,17.68962121044305,17.869700478920116,1.0179939204732997
11281,10757,154.22035903762483,-43.10603908615838,154.22026482907583,-43.10598317777298,0.3190937033356614,6.396671478032594,6.619026880949154,3.476111031810394
11286,10766,153.14086587405262,-42.62097677455852,153.1410318900592,-42.6209973548592,0.4459829199637885,13.266986197819673,13.291042804821714,0.18132684125347845
11291,10779,155.8573976290415,-43.831484008051525,155.8576860331515,-43.8314036324873,0.8029261716083524,10.46451817416759,11.028151220375003,5.3861347156793205
11292,10773,155.97617873825644,-43.881442268308895,155.97588611202158,-43.88138627353332,0.785607139537939,12.394042978989754,12.138127537610902,-2.06482615731345
11297,10783,154.71272762005836,-43.33172336409426,154.71261485718648,-43.33147319670434,0.947774846917893,39.52274740341498,35.366595968867216,-10.515846462102612
11298,10784,155.07980186669405,-43.4936240393638,155.08058649095844,-43.493652395471806,2.0516838033610214,2.6201102052176966,2.686768285962394,2.5440945427392463
11302,10781,153.07123507408565,-42.5953042053535,153.07132602889962,-42.59525552087068,0.2980263258324144,122.25228808509634,123.23563987709981,0.8043626891620973
11306,10790,153.71853118691,-42.888938017708455,153.71856145800948,-42.88859649972893,1.2320546231359297,2.2771587670296416,2.436326967453963,6.98977175982958
11308,10782,154.63784317869778,-43.298066624640434,154.63739465323036,-43.298131549114125,1.1981829767553422,2.4143393942588713,2.5513660645156024,5.675534706618748
11310,10792,154.93763744643556,-43.43329882880688,154.93804304057096,-43.43335389779365,1.0786903525707363,9.251194401100019,9.753621938819538,5.430947788317778
11314,10785,156.20218108879442,-43.98441160300031,156.20183430963684,-43.984547586152324,1.0229974879299162,50.22133894196694,50.490763851668724,0.5364749633878061
11315,10799,156.2801908657207,-44.017875285670115,156.27980878150217,-44.01764969109312,1.2798459071691237,20.75212941130548,17.921618151448996,-13.639618391712894
11316,10800,156.64909602318443,-44.17611384253796,156.64898859198718,-44.17626129124244,0.5989189914344193,200.23689124432258,233.42794363382333,16.57589277542374
11317,10786,156.79593287640148,-44.237001716755664,156.79571374301176,-44.23713162305042,0.7335940003976801,21.390607349549853,20.96471717698122,-1.9910148674558072
11322,10804,155.80767803356636,-43.8155754438187,155.8078593389761,-43.81555747595104,0.47539097959559495,7.364751594136035,7.285062907931921,-1.0820281605636735
11323,10810,153.68568163187842,-42.87830524406263,153.68600181176978,-42.87824671710728,0.8705434406772425,6.547910750237127,6.488899388550844,-0.9012242826331509
11331,10814,154.8524833266356,-43.39930944070743,154.85238446059927,-43.39968058040876,1.3608991580633152,2.9352199175603806,3.0167891965501044,2.7789835610518883
11337,10825,156.3503543041763,-44.05529978024118,156.35015524830948,-44.055027701316305,1.1066229550323503,2.3716581612479244,2.4384551145949134,2.816466320417847
11339,10828,152.87339795719032,-42.51476958203765,152.873451071487,-42.51474554144654,0.16539362147884812,16.34662767669855,17.986894623578316,10.034283396678202
11346,10830,154.61072282164895,-43.296232430079776,154.61075936134196,-43.296322770120014,0.33902321171647554,1.6961893663330672,1.3230330330848494,-21.99968592274172
11347,10831,156.43572313696052,-44.093813352048144,156.4354746736443,-44.0933753250258,1.7027320198529279,2.5953372313055296,2.838464776958889,9.367859510536865
11350,10836,156.6331531889653,-44.180041830198995,156.63325033037572,-44.17968954356097,1.2927918166750558,4.353867945827019,4.885749505564425,12.216299767364095
11352,10832,153.71554474308903,-42.8989860544943,153.71493829087626,-42.89867238064603,1.9578137555296364,5.961696153558734,6.202253038591555,4.035041015789184
11353,10833,153.91564268312447,-42.99004298004222,153.91558316493118,-42.990352227637295,1.1242693399719697,2.3309685814570598,2.65085622650938,13.723378667436274
11354,10841,153.9372480247798,-42.999705090960504,153.9373837545759,-42.999488314514984,0.85832631477771,2.740831641908542,3.011416319432594,9.87235674700668
11361,10843,156.01334855554896,-43.915212264548146,156.0133931132342,-43.915049868799336,0.5959349171571668,3.9477777171817996,4.252189595760105,7.710968053075079
11362,10835,156.31201273767607,-44.04182369352713,156.3116613428548,-44.042169207863246,1.5407980168625355,2.674513185485775,2.2473455172624677,-15.97179144756096
11363,10844,156.3757749479636,-44.071259873126785,156.37582580393666,-44.07114336083455,0.43958635541456037,1.8155640256340966,1.8159946608296713,0.023719086162457628
11364,10846,156.65342484786368,-44.18982130050269,156.65347915611713,-44.18999757160144,0.6498761691433256,17.106005889506456,17.19074971639516,0.4954039384535116
11365,10838,153.00763161102233,-42.57841308192412,153.0081486612449,-42.57830631316289,1.4235071315674488,3.330903117130411,2.8096379525712525,-15.649364338408944
11367,10849,154.65746858571953,-43.32349399139848,154.6579878206893,-43.323251761945876,1.6154433543876734,2.0795576794320367,1.9186161356283657,-7.739219998342479
11372,10847,153.76343383852003,-42.92331296869788,153.7636452196851,-42.9235173799313,0.9230539947176976,65.7400233621618,68.91103950952638,4.823570155878162
11376,10848,154.54968712437068,-43.27704558258457,154.54956206195425,-43.27695153282951,0.4712525411847144,4.316553090518216,4.223279876233647,-2.1608262965525338
11377,10850,154.9650154655484,-43.45943580857696,154.96484157239112,-43.459605404946196,0.7610826248507152,6.969457807591088,6.317612392200358,-9.352885595788296
11380,10851,156.14987227237043,-43.97787894691621,156.14950838812302,-43.97795821271764,0.9849174366722464,1.857284156859439,1.717954408467277,-7.5018002968248245
11384,10855,155.08369227400095,-43.51388262715469,155.08382942069005,-43.51399208351576,0.5324220127334927,4.957003831873047,4.906392296350514,-1.0210106193000246
11396,10862,155.8473888933416,-43.84960152402256,155.84749599434986,-43.84966095582004,0.3508420018885749,19.36456474983262,20.42031704093923,5.4519804846929825
11397,10863,155.8728834545097,-43.86010010994535,155.8726302960667,-43.86008078249775,0.6608023166260508,12.307642936233693,12.40857221907312,0.8200537126592413
11399,10866,153.35829116780948,-42.74573149056352,153.35771169904316,-42.74568682006426,1.540384449154715,8.369452730134809,10.182176871020072,21.65881329801197
11400,10867,153.7458097584106,-42.920469561395564,153.74559851388602,-42.92069897987449,0.9961211944036547,7.24209842919696,9.674661572547581,33.58920300701237
11401,10873,155.20330916315672,-43.571864420569796,155.20319392145367,-43.571647356207976,0.8372471584072425,7.436067588067446,7.11204886780343,-4.357393426385263
11406,10871,154.2484196596131,-43.15089621034512,154.24832419552575,-43.15120865840843,1.1524182851954818,9.82599363521245,8.815487017215965,-10.284014579199726
11410,10881,156.46489768561787,-44.12145918598509,156.4647186029992,-44.1212076284316,1.0170126809652724,4.132948295920957,4.225436458800393,2.2378253067118785
11413,10874,156.6328333578362,-44.192190541953316,156.63267577806482,-44.19240814614197,0.882677697781966,3.5885788176823556,3.745518171291397,4.37330100806868
11415,10875,153.05357390899854,-42.61353983419085,153.0538152903922,-42.61321308010581,1.3389140463513793,2.2708397430331133,1.8333301821626844,-19.266421693239195
11419,10888,156.1942177449181,-44.007140718672275,156.19436288206302,-44.00711578020597,0.3863804498190409,4.213756143484541,3.969728701320419,-5.791209406871958
11421,10884,153.42712123548762,-42.7854275409881,153.4272964512833,-42.78571656991851,1.1388375515313434,15.785117819092125,16.158771455708155,2.3671260544162394
11423,10885,153.6604642047189,-42.88984730184785,153.66042803264793,-42.89012636356184,1.009142293177975,3.8545186865754886,4.018711761758165,4.259755589057786
11425,10886,154.08533952814713,-43.08001631891063,154.08527095178,-43.08032524980622,1.1266741366224327,9.528778394614317,9.802740903270942,2.8751063075563748
11427,10893,154.35303382842758,-43.20177484643007,154.35266485479482,-43.20191318724338,1.0888365153743667,252.0615884581461,230.76404348755906,-8.449341726703995
11429,10887,154.84597039993616,-43.418560306149054,154.84605231422034,-43.41887191209707,1.14204763333554,10.696732723079197,11.551294258886632,7.98899587313833
11435,10896,156.51303948751823,-44.146131919294035,156.51293676354635,-44.1459908087017,0.5731303319681645,9.088509603340796,8.560290209183444,-5.811947362229631
11444,10906,156.47314272028441,-44.13105403922019,156.47287209492404,-44.13071720357559,1.3997847444207712,9.357384838590823,9.425597196215778,0.7289681764892223
11448,10914,155.16051673772293,-43.5636401764848,155.16067391718934,-43.56346182546289,0.7618139532169138,134.60888389229365,134.247367548025,-0.2685679680383513
11450,10908,153.22590225813002,-42.69824890420048,153.22571702499835,-42.69809477514235,0.7403089888744142,6.079251865368066,7.2547449106678705,19.336146475461653
11451,10918,153.5883710170272,-42.86460277678461,153.5883011862171,-42.864420131667735,0.6828526186732113,146.95505750879616,163.87127611995973,11.511151026667479
11452,10910,154.23548634512244,-43.15513245092621,154.23557614502872,-43.15518082510847,0.29316344982020953,43.26449938627178,47.032762917938506,8.709828115710106
11454,10913,155.06433239788637,-43.52204174877959,155.0642679269336,-43.5222708711715,0.8418343061889113,14.274639893459502,14.986529904713832,4.987096112879949
11458,10916,156.60617087660032,-44.19014225914464,156.6054514448522,-44.18991306385018,2.0321272083089728,8.617954160432966,9.188296067368396,6.618066147926421
11472,10929,154.07157512405155,-43.08743258980883,154.0716789179571,-43.0875430663836,0.48233281192819044,4.84655033256982,4.972384905761756,2.5963740094949923
11474,10943,155.39650976986516,-43.67507855751415,155.3964423076367,-43.6750589191152,0.18934932485163858,3.6293746830649454,3.559963784615732,-1.9124754127230783
11475,10945,156.00690306821645,-43.94013852867394,156.00715876918034,-43.94022878827666,0.7381968248142097,4.976820342662178,4.911578226302689,-1.3109196608971767
11477,10940,156.77482670049582,-44.269303681383136,156.77447539146425,-44.2694042861107,0.9753542608320044,349.94948787387153,376.1470746668938,7.486105195405905
11486,10942,155.02179965489188,-43.51034463329326,155.02150565039122,-43.51035270088036,0.7681656229983598,11.36079197742632,11.684559084564304,2.849863880804288
11489,10946,156.50681668424383,-44.155945272420276,156.5067762891316,-44.15589431591574,0.21103750099182353,10.930769112716556,10.630577871875742,-2.7462956883022955
11498,10956,156.32888858865653,-44.08297052594363,156.32911823155987,-44.082884038130395,0.6705285450943034,4.403786509410816,4.474763928642657,1.611736152062862
11499,10951,156.8528353545627,-44.30622033080073,156.8529985198252,-44.30633970677855,0.6011502671528537,5.288186825572618,5.544699780317783,4.85067875258718
11502,10955,156.15308247492203,-44.00730112497125,156.15259409892755,-44.00760090453398,1.6624607554987063,6.418198184580369,7.04444213688982,9.757317151938262
11504,10958,153.3641895424854,-42.775500429973214,153.3639742786003,-42.77534054476849,0.8092387813096924,3.660111626682621,4.256582964367367,16.29653405476499
11505,10959,153.38056136668982,-42.78229008575932,153.38070918379768,-42.78258498104283,1.1311851118802543,2.1367937612547268,2.346302293006781,9.804808285710777
11506,10960,153.48307124875674,-42.82887088669291,153.4830240644565,-42.82851716689649,1.2794704070085101,81.5938941353392,78.57545171617735,-3.699348402412532
11508,10972,154.4018420646283,-43.24379342750295,154.40197023851312,-43.243568925504846,0.8753161238705212,5.285969058853367,6.030699375601336,14.088813393650772
11510,10963,154.56118198332877,-43.314009108089685,154.56084904011348,-43.3139712621497,0.8826828433442575,9.80968609184845,9.015673414136435,-8.094170091454968
11514,10966,156.74250887817877,-44.26285424920041,156.74156166428548,-44.26299079238296,2.4910126963038954,2.5751903891842067,2.2858839575099204,-11.234370588263015
11515,10977,156.82835461158004,-44.30063959845588,156.82812706362617,-44.30049908206553,0.7743423662016089,10.68513931791178,10.110402607167252,-5.378841526016245
11517,10973,154.6044647939307,-43.335465993971276,154.6038512270802,-43.335271268954244,1.752875997522163,1.8572903282647417,2.160511988007873,16.326023730841793
11519,10982,155.2548588700443,-43.623072016410134,155.2544838165212,-43.62282847194997,1.313017909877722,1.9088788889223736,1.9342603844773318,1.3296545790438798
11520,10975,155.8329232577492,-43.874049178764785,155.83324026270355,-43.87402180223097,0.8285467610896727,19.199096128047174,17.703415436329088,-7.790370347347274
11523,10979,153.54001363765997,-42.85860201754272,153.53925929949574,-42.8585078973789,2.019273788342676,1.9645675921267705,2.0238136962776783,3.015732540246686
11524,10980,153.6121543300387,-42.89196490982314,153.61223636735642,-42.89195818190407,0.21772466369163807,4.0101476188837255,4.287464678735297,6.915382828943499
11526,10983,156.40675430713196,-44.123996704550756,156.40711603646935,-44.124433103782884,1.8281057063537018,1.666055733832287,1.4913858526709032,-10.484035894741977
11527,10985,154.2779429422601,-43.1927781963343,154.2777576608885,-43.192621800843206,0.7439579377609504,2.499285664560353,3.0072997588837724,20.326371712006107
11528,10998,154.65064424159772,-43.36032772866981,154.65084284509226,-43.36053591614813,0.9120995517063124,1.6502686829970128,1.5793767503953673,-4.295781246536193
11529,10989,156.6036797068937,-44.210289982961584,156.60363570011094,-44.21049193042554,0.7358259280100544,51.95236983627071,51.57943693505205,-0.7178361687714518
11530,10990,156.63266151379997,-44.22224389510132,156.63263638260872,-44.22214369000015,0.36651860539407155,4.059167075137024,4.3551718315792876,7.292253582153213
11531,10991,156.7891991370365,-44.28817432358946,156.78892149123521,-44.28838465923621,1.0417764821453066,7.610631780045202,7.509581167160327,-1.3277559052301828
11532,10992,156.83632454863744,-44.30802930770745,156.83627632208342,-44.308137996368814,0.4105296033734658,20.051077691388187,21.42351230267752,6.844692501883748
11534,10994,153.6376036239092,-42.907034527791794,153.63747385932638,-42.90703221161933,0.3422717867627793,1.173242111745789,1.559104038347742,32.88851659337295
11537,11009,154.19096615703774,-43.15797071148728,154.19052726495963,-43.15751537494375,2.003857877638268,8.722116748782124,9.05918693305104,3.8645456599280306
11538,10996,154.47106252108313,-43.28075178238479,154.47079242898445,-43.2806739768049,0.7612641101196083,13.332704000537479,12.977891090564105,-2.661222434391931
11539,10997,154.58502105144737,-43.331732320789655,154.58457998685242,-43.332001407765915,1.5074393303124158,2.1565269010911643,2.3354409774205083,8.296399003361222
11540,10999,154.672320553423,-43.36993797439465,154.6723665616368,-43.370449647321934,1.8459532867594306,3.5114530984263297,3.4990907060799854,-0.35205916182917374
11543,11001,155.5945625487877,-43.77711523099018,155.5942830317273,-43.77699446081765,0.846707882079801,1.6644424081404454,1.1856055377718664,-28.768605511772975
11551,11010,154.9277394361337,-43.486346649480325,154.92770279278275,-43.48646050014949,0.4208890746424711,3.1340222714856707,3.2432843949958245,3.4863224969476234
11554,11012,155.5133951484903,-43.74255740897973,155.51305990613113,-43.74239917408092,1.0415010824655042,7.251389714239408,7.676554352321517,5.863215946692566
11555,11013,155.74429266728117,-43.84364077506659,155.74448995226254,-43.84358996932632,0.5439125955618053,4.786363485828228,4.90832757457287,2.548157679744991
11558,11015,156.69653955514107,-44.252713190303986,156.69654050628492,-44.25275466699721,0.1493362367437795,45.04628956949714,46.147835299091966,2.445363958102181
11559,11022,153.34464608334335,-42.78008038592097,153.34469608564243,-42.779851537471295,0.8343811192360715,8.697585319532426,8.756456605820008,0.6768693163075157
11564,11018,155.4420466519016,-43.714242165798744,155.44158913783548,-43.714299459287496,1.2082154147219417,2.35648019508919,2.360224729757787,0.15890371904676318
11566,11025,156.76919322901077,-44.2872026720396,156.76939434226915,-44.28731334033426,0.6537131499791369,65.72154372039174,66.35299140378352,0.9607925311040152
11570,11031,154.2645555089432,-43.196608835416946,154.26457819778403,-43.19646915205506,0.506373319473043,4.101215130873724,3.8845107906289664,-5.283905704273332
11574,11026,152.89461237393934,-42.57826458723393,152.8947488082025,-42.57831872464637,0.4108394030756246,12.984497903615782,13.742272583128004,5.83599523937853
11575,11028,153.1953089522521,-42.71503829762022,153.1953343148942,-42.71481705038864,0.7993102363575326,1.5465135019176912,1.6311902823350621,5.475334053816596
11578,11032,154.48720664250405,-43.29573770639636,154.4871630412925,-43.29597082032749,0.846950384577665,105.58490445589321,105.74449322589435,0.15114733571388728
11579,11035,155.67504173304266,-43.81856178539432,155.67474989896132,-43.81867497541141,0.8606267309303788,7.050564941160132,6.939970847358374,-1.5685848541884317
11581,11036,156.17685713588608,-44.03733190400392,156.17648047616828,-44.037554868241315,1.2627345859478454,112.08747448541415,109.7168500513403,-2.114977114933867
11585,11041,152.9446795068447,-42.60571041879462,152.94495079974445,-42.6059872018568,1.2286533304212526,17.334488772325145,17.16092857536782,-1.0012420858607471
11589,11043,155.7028568666681,-43.83472345978988,155.70256726111506,-43.83463595312609,0.8153699338196843,7.333082578155808,7.552599866622797,2.993519930089153
11593,11051,156.55949005879125,-44.20604222299479,156.55956669801338,-44.20607908988069,0.23818105111494522,15.049544260418438,15.403613907785443,2.3526934851990045
11595,11045,153.5335471633033,-42.873631696887074,153.533604210492,-42.87370814099204,0.3136663298018404,1.4951280316802755,1.458364741176268,-2.4588723992213417
11597,11049,155.76765184803173,-43.86621905733913,155.7674991755102,-43.86631163776515,0.5177832190389551,10.740041219521538,10.565232867608161,-1.627632039210784
11600,11054,152.8194318769383,-42.552661541364465,152.8194063893213,-42.55240356794239,0.9311608002054877,3.450922672469928,3.8157908300672476,10.573060952889236
11603,11059,154.03768136769068,-43.10475600695917,154.0371005423579,-43.10475210612217,1.5266943270550875,5.410609218844039,4.4254054612900475,-18.20873986098884
11604,11047,154.35012822831257,-43.2425744624331,154.35044636603416,-43.24282594406485,1.2311320892083804,3.379088391387437,3.708464411395398,9.747481623963107
11606,11060,156.50543890214666,-44.186246909853814,156.50534825904674,-44.18639586934666,0.5850823123952211,13.65572198415334,13.923813422002382,1.963216870994787
11610,11068,154.83050498632267,-43.460340055521826,154.83062179358464,-43.46013880764139,0.7861625793829611,5.279732051552628,5.52760940246714,4.694885052767355
11612,11070,155.4018883809673,-43.71222271866336,155.40219635402357,-43.71226030692853,0.8127363082337319,2.449746630630021,2.525802258259243,3.1046324006847312
11613,11065,156.57640986856129,-44.217166062346045,156.5761753828684,-44.21706462664208,0.7066660531187072,12.365358544692821,11.19878689052261,-9.434191899521588
11617,11069,155.29198377474472,-43.66276474296401,155.29160087562468,-43.66279784757566,1.0042793029967185,20.958265020517366,20.337546906529564,-2.9616865393206084
11618,11073,156.61163986199816,-44.23599553788028,156.61146799657976,-44.23567712517723,1.2290160284769935,3.0927144387338017,3.109165303337075,0.5319231674686551
11619,11075,153.21598244249114,-42.73884928710775,153.2159581646657,-42.73869980921153,0.541935555671387,1.310438394334897,1.310552444433011,0.008703201814529736
11620,11076,153.37359922335108,-42.81099704555509,153.3730098160584,-42.81105632477297,1.5711596679836641,639.5582317977635,578.0476584435537,-9.61766580367622
11622,11082,155.32467867981825,-43.68223836606343,155.32484417798904,-43.681826464111374,1.5441770133559578,4.535495550833605,4.540948773120526,0.12023432116296945
11629,11093,156.38214958622504,-44.14183030076538,156.38218286936484,-44.141731117828726,0.36726580197053715,3.3330205719319017,3.153540764782348,-5.384899471098152
11637,11092,156.3199758581956,-44.11543079999679,156.319713188285,-44.11541874420671,0.6802773012777764,18.86130741136047,18.757718012317746,-0.549216429081326
11638,11094,156.76941671632503,-44.30829205635754,156.76914979305002,-44.30834725686443,0.7157678498373836,4.457025827786321,4.363276587116765,-2.1034035765531733
11639,11095,152.94553299214687,-42.62129882822584,152.94527405467005,-42.621096068625825,1.0016561634593133,1.8867584722490895,2.308820485352084,22.369689566035458
11642,11096,153.39384717565565,-42.82674279689133,153.3936297552417,-42.82654588186371,0.9121773779843437,16.116225476852264,16.04239921792494,-0.45808653541959504
11645,11101,155.1503957456418,-43.6104008757444,155.15028747646372,-43.61031854755543,0.4092494648966126,6.247318764801998,5.958105936736229,-4.629391246933358
11652,11106,152.79941644099026,-42.55750246390129,152.79929467231997,-42.55738218771015,0.5401381272025157,7.628886633264688,7.708529507965746,1.0439645852618449
11655,11111,154.89742615539697,-43.50082522024807,154.89735107807772,-43.50067792697126,0.5653379757128324,1.5943870555080968,1.5605154847969969,-2.1244258471670654
11658,11112,155.23362460057515,-43.647742556150924,155.23362930532605,-43.647910604727265,0.6050989996463627,52.13465500281752,53.01965916836938,1.6975352872365492
11659,11123,156.21817279202017,-44.07739114774831,156.21819697953825,-44.07714319020192,0.8948363449697415,11.637642588333604,11.692188545438414,0.4687028037748067
11663,11117,153.61798570659474,-42.93099582602073,153.61844414169846,-42.93062007640738,1.8138156517874833,1.5813213410855884,2.012419702474492,27.261907506601496
11666,11119,154.32056915774905,-43.24506043616871,154.32014055442568,-43.24518952399606,1.2162300738202136,2.8193618860419334,2.621822922234008,-7.006513239251016
11667,11121,155.02171300281267,-43.558243752836965,155.0216884467752,-43.5585221949748,1.0044367041015627,16.259371027129554,16.56993355112881,1.9100525074498074
11676,11133,155.45337667177796,-43.749915301476896,155.4537093431598,-43.749759613799505,1.0308062683735788,2.0433829742652128,2.244963202732757,9.8650243741035
11681,11127,156.66690687904344,-44.272673268919526,156.66734306901785,-44.27261828217173,1.1416567219852418,3.271260574841886,3.53644419616397,8.106465848716482
11683,11128,153.4242622840883,-42.84626747847861,153.4239923023452,-42.84629679820364,0.7203782472363724,29.285397732341824,29.27516151051997,-0.034953330377860505
11684,11129,153.63522944902994,-42.94166554238881,153.63543942812717,-42.94168711472441,0.5587957297980541,9.469426612294466,9.934903232905661,4.915573452006604
11686,11132,154.4248176511439,-43.2974221866572,154.42484134852376,-43.2973766659535,0.17524255076964276,2.1794750417612123,2.4908819565941878,14.288161546522257
11689,11140,156.34968404586274,-44.13952361717497,156.34958988649166,-44.13958703915005,0.3336263221794126,33.126896917241616,28.975670023275136,-12.53128810808079
11690,11136,153.20100084786554,-42.749089813737044,153.20085692217182,-42.74912157556617,0.397291657779483,3.7203731592878695,3.5355458370838098,-4.967978057325793
11692,11147,154.2264674605649,-43.211805910366124,154.2269890462632,-43.21168158856607,1.4398524371015582,86.86539644860221,85.72641670447477,-1.3112007665807037
11696,11144,153.3165728541997,-42.80283815922367,153.31653634788873,-42.80299292386889,0.5654350437962643,3.305026487115173,2.4361161122768604,-26.29057220042887
11697,11153,153.36278099850801,-42.82475860874956,153.36287252033716,-42.8243501311532,1.490242595235004,174.3214672702129,207.11906955689298,18.81443679902088
11698,11146,153.92002758225914,-43.075126382317634,153.92000113389585,-43.07502941227268,0.35595301055913264,21.22904495721899,20.481365644233883,-3.521963962542064
11699,11148,154.9571930603724,-43.53750891114776,154.95674301903662,-43.537603879374586,1.22323196881603,19.82216100169288,19.585827727725725,-1.192267956793264
11700,11149,156.29649389971794,-44.12062053125061,156.29635988956002,-44.12078200219297,0.676644775674184,218.11664545053776,220.58922675243466,1.1336050473312462
11703,11154,154.07068644922916,-43.14559551392631,154.0702716160673,-43.14580759216589,1.3304711187526834,12.784817773531067,13.269759872417785,3.793109197776078
11704,11155,154.18923115774942,-43.19860563945759,154.1887870757751,-43.19857281773837,1.171400021564374,4.3802516021607465,4.7227815408443545,7.819869034797922
11705,11156,154.43676007366628,-43.3093610005828,154.43686257000616,-43.30978628972973,1.5544055369866931,56.217911861052634,57.198917895205696,1.7450061762836402
11706,11158,154.7732945104971,-43.45725596568867,154.77352460405365,-43.45730489655701,0.626550842806968,12.924348979250361,12.737125439918405,-1.4486109871571706
11713,11164,153.59621527405898,-42.93399615089834,153.59645829503532,-42.9341659998097,0.8855261490633497,4.294368409583499,4.6645875822436516,8.621038936341728
11716,11170,154.35209932420423,-43.27475713591209,154.35156086376193,-43.27381772790347,3.664553771079823,5.042909161916032,5.501501258002192,9.093800450530436
11717,11174,156.4178655145759,-44.177125661980874,156.4174678328789,-44.17687487501118,1.3672458933883391,22.991000433921723,22.172465839680623,-3.5602391318013544
11722,11180,155.06527822380286,-43.5916614049158,155.0651218257896,-43.591455076753036,0.8473586409348551,46.45113187993186,39.94379967195226,-14.008985238077562
11727,11175,153.0738663876913,-42.69901309256997,153.07377062679743,-42.69911805848449,0.4549520523236436,3.1708455327773644,3.3034228529766536,4.18113461626634
11728,11177,153.81426042797048,-43.03478228651606,153.8143410078216,-43.03492371142585,0.5515182296424508,10.126163152669852,10.512506594111134,3.815299394414942
11729,11178,154.29733387990345,-43.25217758582757,154.29730643485968,-43.25227457581603,0.356502452068463,7.593087007203419,7.5475292386347625,-0.599990076834844
11737,11192,153.7545943840152,-43.01225204207463,153.75475857212206,-43.01192263655509,1.2621654853542672,2.947482852918498,3.0790730808389486,4.464495112843639
11738,11184,153.77722773334924,-43.01989754539271,153.77728918545577,-43.020074954038314,0.6588335100829167,5.1495528388568665,4.954834690949535,-3.781263228101113
11741,11190,156.2643054963561,-44.1167072274979,156.2641941640045,-44.116783675974354,0.39816816146859746,54.230270767874686,54.318774874908286,0.16320056267546576
11742,11191,152.95999453314093,-42.65283138446401,152.959880578195,-42.65279440429125,0.3297839396718718,244.67799812574034,215.82549972673428,-11.792028143118422
11757,11211,155.23712516528622,-43.67741826068688,155.23710423615378,-43.67715745150329,0.9404930454634424,3.597399375951331,3.708961930237558,3.1012001345200706
11758,11204,156.6667242277553,-44.294981400929046,156.66667445891903,-44.29525193652653,0.982334708984602,3.816088537099851,3.7531066251707355,-1.6504310976228156
11760,11199,153.5157417936149,-42.910752911230176,153.51546558363637,-42.91087111220188,0.8434826129903004,2.953270813101148,1.1912094698073457,-59.664739700708665
11761,11205,153.68656188740187,-42.98773197480757,153.68619040017907,-42.987393200401755,1.563464095346402,5.71011423183684,5.933192971056585,3.9067298859971262
11762,11206,153.76227410535435,-43.02311475295322,153.76212386448853,-43.023056233310854,0.44803612202423904,4.336142268249366,4.566629522444748,5.315491050261044
11764,11207,153.9477942965493,-43.10472258675867,153.94794128595484,-43.10503893974297,1.202617004495345,74.31540478143873,72.74203664519432,-2.1171493862836113
11768,11212,155.80449511709443,-43.9262016565385,155.80436255070916,-43.926315139879804,0.5339014165403182,2.0106972357256936,2.1768021449776116,8.261060208399204
11770,11215,156.81904958062304,-44.361489101270436,156.8189146787547,-44.36148062418963,0.34854821617634996,3.172415731159547,2.876185756472785,-9.337678280219833
11771,11217,154.21685641139635,-43.22908696126831,154.216527691193,-43.229113999383955,0.8677213381056902,66.01179270835674,64.44314386843907,-2.376316072566059
11772,11223,154.6637308129866,-43.428541297798965,154.66416548694406,-43.428611572253665,1.1642459603861455,4.13632877108471,4.137446765468236,0.027028663469448086
11778,11222,153.03435816174238,-42.696005641290164,153.03435707105407,-42.69595781586843,0.1721957014763666,6.25097289439225,6.603136465148173,5.633740166620295
11784,11224,155.94568245314608,-43.99041146936152,155.945392345182,-43.990306008265165,0.8418623550861053,10.285135516705324,9.018084579345127,-12.319243974007227
11788,11226,156.5483649999477,-44.248780764395875,156.54804083832136,-44.248653370748784,0.9534715381505403,15.056736651815672,15.05513865680512,-0.01061315640637021
11789,11235,152.93412862952678,-42.65367808107197,152.93456777328328,-42.65352604408736,1.285092038388596,5.3281084358269055,5.581857580172343,4.76246208953247
11791,11236,154.20088639902298,-43.22703381873183,154.2009243453676,-43.22632579864478,2.5508151622573023,12.579796829423833,12.416774843592083,-1.295903169520551
11794,11230,154.9157955851356,-43.54199471911287,154.9153847088266,-43.54191382092204,1.1110442059208443,1.499235089901001,1.4519639877737447,-3.153014656986032
11798,11234,152.91609173979242,-42.646165394070835,152.9160759754274,-42.64627167495406,0.3848816144637879,1.958043554696296,2.323065237173876,18.64216358221903
11800,11237,155.53787160450332,-43.81732210441271,155.5376427102958,-43.81748249314345,0.828797181219119,2.702312243955909,2.8750775015237466,6.393238159441084
11801,11242,156.21807161318824,-44.11435283920309,156.2185296955856,-44.11382719790398,2.232181581713093,2.309869661194722,2.4305014981752007,5.2224521152455345
11802,11243,156.41232841764023,-44.196998953116804,156.4124431832033,-44.19692215140912,0.4051983162428165,70.21937021525946,70.15409389063734,-0.09296056689487815
11805,11252,155.795464424951,-43.9326187452825,155.7956260116503,-43.93264159136667,0.4269207331021008,4.240028408802396,4.521361362870374,6.635166723975827
11807,11244,156.59196252719684,-44.27410198782286,156.59190594161623,-44.274120848481374,0.16088616115445573,2.229411413899946,1.765807676696721,-20.794893859103173
11812,11257,154.98578518238975,-43.58029083605378,154.9847815410489,-43.58037426386803,2.6345423909365273,623.8397146441041,535.0670430485973,-14.230044915648083
11813,11258,155.07031023080393,-43.61798082303634,155.0706303237528,-43.61803927761177,0.8603704623686586,5.45653569838668,5.9421215894125,8.89916089377721
11816,11255,154.39376315835776,-43.31936547981634,154.39406136811078,-43.319450957613064,0.8394868158573069,6.1127480669668035,6.23582486771191,2.0134446798194086
11819,11265,156.1607429212236,-44.094611548110066,156.16106694871596,-44.09495212565794,1.4849661780359642,3.97451389665713,4.230490668232032,6.44045481361125
11823,11263,154.26815370549815,-43.265915898082206,154.2680751280197,-43.266296036921396,1.3839155021762852,1.5504110778301698,1.4983935834397908,-3.355077574857021
11826,11264,155.26349671592416,-43.70605525919971,155.2647234919642,-43.70636260142073,3.378866542108344,2.6792184549447824,3.180044320043154,18.692983551753464
11829,11278,156.027126588206,-44.03906859123444,156.02710638721217,-44.03856062905211,1.8294109885842327,11.15828324537658,13.331251491694578,19.474037345470364
11830,11280,156.51228016883974,-44.24742358195296,156.51234982503127,-44.24743067996467,0.18143775582603902,3.2082390597876316,3.312211881947688,3.2408065677916986
11831,11266,156.5727283709223,-44.27295501339616,156.57218852620196,-44.273175583023246,1.6021587329758273,381.8521613748339,351.58574273042285,-7.926213782695052
11832,11267,152.7329468121028,-42.57344902755333,152.73283867037733,-42.573364975706454,0.41683474615151017,10.567880383520357,9.946893797705615,-5.876169707438348
11834,11271,153.20672928454243,-42.7890774558062,153.20587727156868,-42.788701729419635,2.6260757456737887,434.6036745291719,390.5056244874245,-10.146727380876621
11842,11289,153.5879227528297,-42.96470102371399,153.58852992459302,-42.96460033630936,1.6400824737086146,2.2072819566598403,2.9796263619638355,34.99074520016201
11843,11283,153.62683781813598,-42.982124971352306,153.62667589680447,-42.98198887265269,0.6495457669902451,4.3572559888877445,4.310888360592831,-1.0641474453914073
11845,11285,156.47783373272512,-44.23610242317984,156.4776509701658,-44.236111720775554,0.4725855554890508,38.11019488780565,36.84164498469949,-3.328636620307762
11846,11286,156.82227662941142,-44.38312131428828,156.82254583133619,-44.38332855085428,1.017991208843315,2.943078786924214,2.6288408621217836,-10.677183573832824
11848,11296,154.07470548420815,-43.18624397189896,154.0748548988678,-43.18556766024279,2.4661082559417733,6.789352769741535,5.612230701100443,-17.33776559508343
11849,11290,154.35388175027498,-43.308474418483264,154.35394680198863,-43.30882782554643,1.2836272460820766,16.02489444194208,15.594728424654487,-2.6843610037250323
11856,11292,152.9367900037036,-42.6724248630739,152.93664084064827,-42.67229351381838,0.6160138807092544,14.146274983677955,13.205231634835028,-6.652234244906927
11859,11288,153.37793119264532,-42.87155540794937,153.378226875547,-42.87170961318677,0.9574792795201835,12.4020557316323,13.514571007301155,8.970410226679663
11862,11299,153.23861407864808,-42.81137474979029,153.23936044020007,-42.81162971873123,2.174333907821652,5.790700771424391,5.355376570020191,-7.517642830940474
11864,11300,153.8537689503701,-43.08929325817494,153.85038847879386,-43.088184690504974,9.742396042946869,50.94800845046917,43.63192008549449,-14.359910401772149
11869,11302,155.6970839116617,-43.904553951037244,155.69681435771716,-43.90463430406552,0.7566431676756871,4.099149850701232,3.835042621666882,-6.442975706027668
11871,11309,154.56553050413092,-43.410889529441434,154.56549406484882,-43.41053840918218,1.2676200650900538,19.705451920224913,20.440751945556617,3.7314547684999804
11872,11313,155.6452049329286,-43.88521762071238,155.64543286210497,-43.88528368183595,0.6374180635005656,6.237937480185801,5.758995738809063,-7.677886206747811
11875,11307,156.5864500537591,-44.288999127986486,156.58668671557976,-44.28914117785555,0.7958969346825896,3.9904767450092056,4.236013414937687,6.153066052460223
11876,11317,152.861889263958,-42.64493426677975,152.86248906668854,-42.64455537324097,2.0936223729294436,4.846874402320523,5.23889771178664,8.088167279070177
11877,11318,153.05965454844932,-42.73520865164274,153.05966453086512,-42.734718553491945,1.7645507763925197,20.587527961775905,22.221014641370726,7.934350751715575
11879,11310,154.73920384484268,-43.48888431584023,154.7385578035582,-43.488969043392075,1.7146951253609366,11.412277301227926,11.544859513814925,1.1617507101122957
11881,11311,155.34258403682082,-43.75393581184453,155.34263705120426,-43.75406848564572,0.49712207607766196,2.905058768815429,2.9057840035607385,0.02496454643515603
11883,11320,154.22091126429277,-43.258991794838295,154.22036347120937,-43.25921252889197,1.641356074913519,6.558391559015151,6.449978058066437,-1.6530501415349195
11885,11328,154.35198189541384,-43.3200849527097,154.35193090359428,-43.319736563360024,1.261292369756338,18.777138001035656,16.840526781937246,-10.313665580939947
11888,11321,154.63896869788405,-43.44539030054439,154.63865759559673,-43.44538034679757,0.8139199263108604,58.27856137062709,56.69333092891389,-2.7200919247676736
11891,11323,156.55116491091033,-44.27798900035364,156.55082142311264,-44.27843188372563,1.8236896884539169,24.30145622309933,24.658094103445784,1.4675576519873674
11893,11324,152.74367394108867,-42.59467274517249,152.74396701315396,-42.59479972509291,0.901230198546052,24.06113668779143,24.361007367565858,1.2462864230623936
11896,11334,156.292146115486,-44.17061659208254,156.29196465729308,-44.17102438822768,1.5410257619601897,3.0629746687851127,3.2204243597352535,5.140417665046871
11900,11337,153.5582963948349,-42.967430743835365,153.5580851808801,-42.9675025904864,0.6135739452003107,11.444007832366879,11.35981005060727,-0.7357368414365528
11905,11350,155.8239648909663,-43.9707341607315,155.8233700340962,-43.97055586616681,1.669531412884887,3.8717981603863354,4.351492989339435,12.389458568915547
11909,11347,153.31439800301686,-42.8571859987519,153.31473474536324,-42.85718060477084,0.8888701369322491,12.913533559626286,13.076571440412026,1.2625349989058974
11911,11348,154.5392699975835,-43.40889542766638,154.5391215449065,-43.40898874102185,0.5134027828357692,19.42742883508582,19.569148936665204,0.7294846002649545
11919,11355,154.93293949537016,-43.58465598293616,154.93278279252058,-43.584502268738056,0.6878950942471272,1.5224815174824842,1.486066615024889,-2.391812448259439
11920,11365,155.66041138977974,-43.90363996346527,155.66068831508812,-43.90359169293812,0.7390174482623023,3.5503251556142024,3.370337511789557,-5.069610132469897
11921,11366,155.7086516401316,-43.92480677311493,155.70861497704968,-43.9245323831121,0.9923678416123818,61.94001165131095,60.90113299779619,-1.6772335455199576
11923,11357,155.9648948459395,-44.0346952803095,155.96478844909046,-44.034597859890766,0.44590004028073255,2.9471905471432307,2.7727600209442635,-5.918535751549761
11927,11362,154.27337136596188,-43.29267140285238,154.27324693236463,-43.29273895193288,0.4067497859313752,7.472432183808441,7.427702896182651,-0.5985907469687215
11928,11364,155.57935995661742,-43.87040350221338,155.57882113581718,-43.87034825300398,1.4124618450875221,2.9480506225119583,2.6401738674188415,-10.44340123409356
11932,11370,153.52226614117228,-42.958012413171076,153.52231472267107,-42.95799691264375,0.13963133789026483,1.533128275151613,2.0211412178927364,31.831187947587946
11935,11372,154.73204518004675,-43.49822640136145,154.7322311449085,-43.4980573080085,0.7787168003217136,1.9102085648713327,2.0973053979725518,9.794576180942915
11939,11376,152.94640016763574,-42.697783176595685,152.94642692423074,-42.69782776285234,0.17542852543196932,5.8816105306820665,6.0960780005188955,3.6464071994912937
11940,11377,153.13058020122673,-42.78146059989335,153.130752112602,-42.78173684565642,1.0933076368538885,2.2063453506470125,2.194164881171383,-0.552065408620523
11941,11381,154.60174051001914,-43.44459141731829,154.60132875813494,-43.44452737713294,1.1006306216693518,17.459835440514485,17.490090974226085,0.17328647692402416
11943,11382,154.91734208968685,-43.583061498315544,154.91782544034479,-43.583132708319205,1.2862632592781766,1.0920737070712334,0.8720368016661785,-20.148539789970645
11945,11384,156.49173097827892,-44.26808077943704,156.49139152162795,-44.268140241092794,0.9008843169008267,1.9315488360375956,1.76215894251022,-8.769640734265062
11951,11389,156.0864803996041,-44.09613426974668,156.08635727680152,-44.09650447087424,1.3702128819613744,2.847279014689834,2.949897398322889,3.604085974841963
11952,11390,156.78260568748092,-44.394255644141616,156.78251465050133,-44.39424174458381,0.23946570707065493,2.5750971391093858,2.63760843737611,2.427531657634646
11958,11395,155.0888540994862,-43.664153529410335,155.0885850388982,-43.66427753110616,0.8308155910989787,5.709357146936577,5.995408692747531,5.010223365767855
11960,11405,155.42336369005199,-43.81271317485513,155.42388440786925,-43.812525261855086,1.5124387104375934,1.285676155447051,1.3783994997719327,7.21202955596856
11962,11398,156.39138463899823,-44.23117584265221,156.39136963738588,-44.23127255345239,0.35030279654394486,23.701409444405325,23.44437339315542,-1.0844758066089522
11963,11400,153.04958303732616,-42.75431732676178,153.0493123432962,-42.754479936851176,0.9244966628578939,8.483683384504225,8.780950302732354,3.50398411580397
11970,11416,156.49623431415978,-44.27899185827743,156.49714155267228,-44.27875906921837,2.4839734322841194,3.028547266498489,3.691180623999878,21.87957786993712
11971,11407,156.51374357642706,-44.28403538589481,156.51364150338097,-44.284215811124696,0.700779379074241,14.207052836250522,12.966282996080857,-8.733478044114358
11978,11415,156.48422740860707,-44.27457061901185,156.48378236676547,-44.27460536266649,1.1539423957558392,2.164894334972925,1.5461787508016136,-28.579481879380005
11980,11418,152.84826647712168,-42.66587605179498,152.8484677258328,-42.665928792179585,0.5655571823769096,9.463027943717712,9.283962546698087,-1.8922632172771199
11983,11433,153.88640614692224,-43.13669204398131,153.8870166611,-43.13699852999137,1.9466959171139375,106.01852375803774,97.94609793748226,-7.614165463177819
11984,11420,154.1461609774578,-43.253898857940946,154.14572956188772,-43.25387247532247,1.1351382830934038,7.269055545939035,7.686357016781874,5.740793535082701
11985,11434,154.27716678513553,-43.312633529854416,154.2774791971187,-43.312246307770366,1.616454520623934,5.633747744292101,5.286321840304134,-6.166870079335131
11986,11421,154.382328008512,-43.35912391540314,154.3825197328902,-43.35927253298631,0.7335382234590406,3.117516863458603,3.3065812824242387,6.064583681381783
11988,11436,155.00633590803125,-43.636087280192164,155.00588652887774,-43.63612928836681,1.1805628052612527,1.4929279218974258,1.4845473353112109,-0.5613523910493778
11989,11428,156.1979318109023,-44.15327612974254,156.1976137539374,-44.15336013550754,0.8754127575647092,5.50124496609053,5.987117210866873,8.832041615511423
11990,11429,156.61739519053327,-44.33320932285772,156.61739689305756,-44.33323903630629,0.10705821670128005,4.598116865341709,4.791665222107204,4.209296162617469
11993,11431,153.6744206449318,-43.04373245857075,153.67482592446058,-43.043769048010276,1.0743947455327747,3.4067594876711604,3.600898475790286,5.69864085861365
11994,11432,153.73075353028122,-43.06731487621122,153.73045091270353,-43.0672686860862,0.813066069118018,4.904678126874565,5.013631174471544,2.221410758842356
11997,11437,155.21605179614872,-43.72812803080294,155.2153606935399,-43.727912963159596,1.9575042691385598,31.823731145072376,31.783046928798548,-0.12784238305798876
11998,11438,155.562104302153,-43.879136355649315,155.56190250141952,-43.879250301780374,0.6651910645035229,72.4259163043413,80.07527818788355,10.561636322830676
12004,11430,153.52028372721392,-42.973551800863554,153.5198577850293,-42.97422602005635,2.673942776267444,5.322972288497282,4.876997749182002,-8.37829909952776
12005,11449,154.21954061475222,-43.290388964361945,154.21858793676904,-43.29015399861984,2.63581344324752,948.8544922038476,850.4829441932462,-10.367400778397503
12006,11441,154.4248805625386,-43.38148075973307,154.4246792502529,-43.38166381114845,0.8436243530959032,3.0612352004828303,2.816722784175787,-7.987377652931663
12008,11442,154.84678916177236,-43.568956942160305,154.84647227778922,-43.56891267555207,0.8417711176201114,3.8262285936072042,4.304631945730172,12.503261120422229
12009,11451,154.89793311313363,-43.59225790973317,154.89827517933045,-43.59208713374866,1.083252997256579,11.987775962058386,13.175282905163979,9.905982117651199
12010,11452,155.0932901065397,-43.678396687567016,155.09287872313683,-43.67794828824938,1.9372651252468842,13.12618103559231,12.669110445578129,-3.482129255834664
12016,11454,153.32743050278393,-42.89212373775949,153.32689313416202,-42.891850550210535,1.7251046189649806,577.5995117691646,459.2395876549531,-20.491693933687667
12019,11457,155.96804861585625,-44.06291502895959,155.96761695390597,-44.062722993148284,1.3133392204819467,5.843727748350417,5.975078428786806,2.2477207373917674
12020,11460,156.3786621122837,-44.23964883276364,156.37784107089183,-44.23975977273968,2.154912942051284,3.3746959396447456,2.6475016395089908,-21.548439122853438
12021,11464,156.394340511177,-44.2460099214075,156.39442462680046,-44.24606352710369,0.290339177827536,3.9137107159033944,3.7424681371942126,-4.375453147656934
12023,11461,156.78306001129565,-44.41229339698738,156.7829716949193,-44.412322898824684,0.2507173873866255,2.251707077948851,2.005951092291668,-10.914207627798977
12024,11466,152.69364885792794,-42.6058874982841,152.69434144342532,-42.605682021616104,1.9786210721845154,9.197621162838374,9.12646542086661,-0.7736320154091305
12026,11462,152.9594747201136,-42.72572033800591,152.95942242931426,-42.725583261672774,0.5124851278465449,15.264688672807154,15.244387999962054,-0.13299107030766671
12028,11453,153.08027237271742,-42.78062310417998,153.08034227225022,-42.78077145745025,0.5651051626003716,4.040957547507176,4.157422505505751,2.882112881151678
12031,11469,154.39824347975582,-43.376612906583986,154.39875156819025,-43.376581934327035,1.3341716293494679,4.528821000085789,5.650667764781693,24.77127633604096
12032,11471,155.90345450326564,-44.0372554644034,155.90343499713308,-44.03697467548733,1.012099860796969,14.40772091460288,14.08171118165878,-2.2627432532627245
12036,11476,156.76903865280948,-44.408579998463864,156.7690534854379,-44.40863309591849,0.19491976575639688,7.233072893142243,7.360028879947574,1.7552150888137705
12037,11467,153.4890364354866,-42.96999388448167,153.48926434862747,-42.969713043945816,1.1758428810491197,2.6003825105573894,2.083488856323955,-19.877600781226565
12038,11468,153.83374738954623,-43.12534857238977,153.83363585879195,-43.12540856282325,0.36402930505367415,31.65741915711563,32.30134895717804,2.0340565251595275
12042,11475,156.67980760038762,-44.37166562021102,156.6801027461006,-44.37182348623962,0.9486002416926665,4.174199482216623,4.1802898289306425,0.14590454385245366
12046,11482,153.90631038236063,-43.15949008728931,153.90644640798473,-43.159447076440664,0.38932275825556484,15.929960178471061,15.748621913583507,-1.1383472579713536
12050,11487,154.180501673762,-43.28350668320078,154.1802936941808,-43.28350666368903,0.5450505408102435,30.32791969217346,31.665391788455363,4.410035735576868
12055,11490,156.53670295175448,-44.315423206624466,156.53684709506044,-44.315282986310415,0.6266341026943033,7.592093433452831,7.6425418274843295,0.6644859480944875
12057,11493,154.42426191681258,-43.39411992326991,154.4239020118395,-43.39419919952977,0.9837886948047355,6.12839183797272,6.626762965996145,8.132168131538506
12058,11498,154.79419063511125,-43.560518687249264,154.7942116567655,-43.56022869289671,1.0454190390795244,73.80712550185669,73.81240458777978,0.0071525423693131794
12065,11497,153.4027824287006,-42.939442719078,153.4026560091256,-42.939626939947246,0.7421810812437013,3.2078405246515986,2.6861416314088182,-16.263242802553027
12076,11504,155.75131434868092,-43.98246726843163,155.7507701028165,-43.98209652821236,1.9413659128291894,738.9771985617447,650.1032093843905,-12.02662130175703
12079,11507,153.64438214361843,-43.052800719531746,153.64405606390878,-43.052679501170275,0.9624111732099135,10.331412419878971,9.480159015693333,-8.239467844180881
12081,11508,155.0279557427128,-43.66773112353782,155.02816557821336,-43.66747109970316,1.0839014877526227,6.3026694283503355,6.2871398204053826,-0.24639731024283912
12083,11510,156.71094175920337,-44.39749355137996,156.71087867448932,-44.39722273057872,0.9883662318702681,2.0347372804907344,2.270892295124645,11.606167385745012
12085,11512,153.88754885624544,-43.162286727386594,153.88742057015557,-43.162174986804345,0.52468844346208,15.724889432410237,16.271730942875216,3.4775539301274567
12087,11521,155.14134938492901,-43.72142042194188,155.14138781494543,-43.721304602938595,0.4287692499891419,6.021982212598802,6.223381292847027,3.3443984578179444
12089,11523,155.94255412769266,-44.07029649712485,155.94338851151713,-44.0704361465187,2.2159573517436946,2.848329578176156,2.595721246256193,-8.8686482721467
12090,11526,156.30134220507355,-44.22467844565916,156.30126280415627,-44.2245870621694,0.387539651762561,14.425359505184849,14.626884705911637,1.3970203006334425
12091,11517,156.33969363864426,-44.2398574613341,156.3394499263326,-44.23962694799273,1.0410305873883428,2.8664742528762694,2.999181422421735,4.629630613716657
12092,11520,154.09416045603717,-43.25843654677432,154.0938946393399,-43.258513950908686,0.7505548944677458,4.566070441580019,4.6043008769179785,0.8372721320683532
12097,11529,153.20103673979864,-42.856773932970405,153.20132802777,-42.856740755590025,0.7779334616918087,44.072759533376285,44.12099573965951,0.10944675757527446
12099,11533,154.16253915176299,-43.28983331260177,154.16230486982874,-43.28999085640925,0.8357996452662215,9.207224552192429,9.185549173230065,-0.23541707752965002
12101,11535,155.34134382773192,-43.81059031577666,155.34129579966023,-43.810862409650916,0.9874524384031873,13.025363272355436,13.667204645554945,4.927627427956111
12103,11537,156.16210125966344,-44.16868488485172,156.16160857812173,-44.16880430702518,1.3429030152812265,4.454590424718839,4.167881826253675,-6.436250499578998
12104,11539,152.7216973082239,-42.63886547147716,152.72180601366736,-42.63897683649574,0.49356787471028,5.583975901147019,5.818476985951864,4.199536118282231
12110,11544,155.23880549796456,-43.769972812047946,155.23867318384242,-43.770244890456304,1.038123268294316,2.1640780587284767,2.4958753384704004,15.332038435659486
12111,11551,155.37625037116152,-43.829910261346804,155.37616377888202,-43.82965483818718,0.9466234338520473,6.907429609668844,6.35674979509798,-7.972282682403831
12113,11553,155.8993392356252,-44.057517350432065,155.89920724398445,-44.05741915447932,0.4915006507822265,3.955193415682167,2.6454570082650006,-33.11434536233094
12116,11555,156.58548521491062,-44.35264148964803,156.58538414775174,-44.35262856251665,0.2642948542457338,1.8420335183482273,2.007583727952089,8.987361410899444
12118,11558,154.67252336346553,-43.522369722659434,154.67213370202998,-43.522468999133714,1.0781248456386194,156.85524470307092,127.73013606509662,-18.568144592875125
12120,11550,155.07481609077604,-43.69977325991223,155.07438920524277,-43.69991585526869,1.2239091285610506,1.7881841147414939,2.0524604996928817,14.779036608855714
12121,11560,155.72684519031557,-43.984616376798286,155.72706812253298,-43.98434137335815,1.1461179098913123,2.0320135681332188,2.3582277668864338,16.053741169302487
12127,11559,155.03811752613848,-43.68582487773087,155.03823383206984,-43.686032143285,0.8052474786793553,2.442769629937252,2.8599958282219835,17.080046893142725
12130,11561,156.5171306872367,-44.32694260705704,156.5166474558389,-44.32700046369631,1.261780230659557,4.5258066327280675,3.726620672763753,-17.65842036168878
12131,11562,156.54755201964676,-44.33980631473699,156.54747815565807,-44.33991091873986,0.4218732627999168,37.381140362952564,36.31104278668921,-2.862667018376738
12134,11570,154.09425838242794,-43.26885179210506,154.09419120209847,-43.268668267904054,0.6837538077451784,3.8909811166441783,3.983658649389966,2.381855114879571
12135,11565,154.61162596576634,-43.49772644536654,154.6114596009902,-43.49761297657848,0.5963317875555926,4.231235247252155,3.963278249274706,-6.33283148582828
12140,11568,156.72222085955127,-44.41483253568275,156.72220762998268,-44.41496919432063,0.49314588180908153,31.053361904781983,31.135431791447424,0.2642866396143801
12145,11575,155.83903674895504,-44.03833477079547,155.83868840942995,-44.038219042812834,0.9931011135338303,2.7911347602213,2.553401570692424,-8.517438603001276
12151,11580,154.17758987582505,-43.30808447492803,154.1779616912487,-43.30870779417973,2.4462244408027947,3.0479885471895654,2.4371474141300786,-20.040794891526748
12158,11583,153.91049155650572,-43.19177190666634,153.91055122832734,-43.19211058178392,1.2292483909974714,5.115364542468679,4.695783852970233,-8.202361454692271
12164,11595,155.98560984860882,-44.1069138686231,155.98532788081346,-44.10665106548041,1.1942978864812166,51.877178342477805,54.47479032471099,5.007234520514041
12167,11589,156.50094783469947,-44.32634908523597,156.50045691270637,-44.32637129114138,1.266814309827485,2.8599832748108174,2.935105830859593,2.6266781596387148
12169,11590,152.89617915668168,-42.73280474172793,152.89580707174332,-42.732798850036595,0.9841307151916524,4.254059948364179,4.48452324271046,5.417490518320068
12177,11610,156.3755281703999,-44.27903873617606,156.37565528976728,-44.27887423840871,0.6767858225443162,29.0709599570891,28.113146906014745,-3.2947417370742498
12178,11605,156.46369905488004,-44.31485520512527,156.46345407182585,-44.31483888535063,0.633766735861802,6.567645612929597,6.474101874950336,-1.4243115949359775
12191,11613,154.1694498013261,-43.31653246381338,154.16957721751086,-43.31684553700234,1.1754369870284174,2.7589133197699733,3.1027845878175513,12.464011304140882
12197,11624,155.71244515908296,-43.99697822592452,155.71238401732973,-43.99671481432412,0.9614107621534874,14.422920386780289,13.583072177074072,-5.823010785499461
12200,11618,156.16902502864954,-44.193088943369744,156.16865975935198,-44.19299499680085,1.0016521107217675,2.567862619845056,2.691756189283203,4.824774054525658
12202,11619,156.39398746749242,-44.290321971296926,156.39380692812196,-44.290555715188006,0.9615238992546008,38.991415843865326,37.00337059138425,-5.098674181111754
12203,11626,156.59739189770355,-44.37766608590416,156.59779251551106,-44.37767919693158,1.031902897877376,72.12280725182845,72.55061451005142,0.5931650119069984
12206,11631,155.02063143867426,-43.69625485812804,155.02046911340594,-43.69595960575569,1.1438041554845166,26.789798742534607,27.71313131423603,3.446582710736949
12208,11625,155.82103829824703,-44.044086965604635,155.82112478110844,-44.044210344741614,0.49735802601777784,6.912712523485976,7.051988705658403,2.0147833675888527
12209,11635,156.69150891580264,-44.41995160924234,156.6914191166986,-44.419842782455724,0.45475350242977297,24.27504331356042,25.008255236993193,3.0204350779600424
12210,11627,153.38437240223067,-42.967208054062915,153.38438097994853,-42.967164019954176,0.1601251362049455,6.487861924058094,7.085089614356557,9.20530827087798
12212,11628,154.5090248074324,-43.47180770254453,154.50917334453996,-43.472081592363516,1.0596201663182723,24.940704740733942,27.92881087076592,11.98084080259251
12213,11641,154.78804367747108,-43.595283658999776,154.78829200447382,-43.59526939862229,0.6494761036070353,2.625385085372997,2.5622180228365896,-2.406011327189102
12214,11642,155.05985053299727,-43.71539823788926,155.05972374286668,-43.715375415988,0.3399859662582138,4.351700426387752,4.465753848346139,2.6208932321442147
12217,11645,155.99555419348724,-44.12285950767221,155.99551185087762,-44.122606246290154,0.9182838834798884,4.131538440048083,4.381327914611039,6.045919170004111
12218,11633,156.4125025141189,-44.3006773916109,156.41227137444244,-44.30083983701673,0.8346507341152423,15.006031539277775,15.647719322245226,4.27619908226806
12219,11634,156.4490307270247,-44.31662730204538,156.44872350965028,-44.31627338508979,1.4998412429014985,3.008665600692172,2.798501557860852,-6.985290847310177
12220,11636,152.82088717142764,-42.71235114035887,152.82081800040675,-42.71234800241393,0.18331724866472335,3.8797652440080475,3.4534739655989832,-10.987553411058395
12221,11637,152.88169076604976,-42.738888864546546,152.88119529323805,-42.738698278062856,1.4788435431234983,227.61315838627442,260.41329773483,14.410475906182715
12222,11638,153.03136381971532,-42.80862970302685,153.0315876030267,-42.808876055104484,1.0657593635760023,72.16865680507459,74.79052796358155,3.632977631256959
12224,11640,154.09867556670306,-43.290746843388696,154.0985326882655,-43.290711454797396,0.395478002578392,5.687661783304496,4.868426115102914,-14.40373389652595
12230,11649,152.76202864910547,-42.687364423476396,152.76160944427048,-42.687426635513816,1.1316948289503133,2.155632623034793,1.831909022800517,-15.01756824307677
12233,11655,155.23309041849615,-43.795446649737585,155.23273701893018,-43.795587259294294,1.048591626730611,462.65626440359705,513.7784966767649,11.049722268230548
12239,11653,152.97411317663241,-42.78496098129941,152.97403642577095,-42.7848191363542,0.549431817328384,15.008290606787044,17.23135306066418,14.812229534466923
12242,11662,155.45406898657163,-43.8942796616477,155.45446588510896,-43.894247089699775,1.0363030234129367,50.39386385700449,52.33315540822196,3.84826921928496
12244,11656,156.19659430354915,-44.214173970010116,156.19632010837304,-44.21419899948908,0.7132087925786365,11.777076568121764,12.4020588696489,5.306769450908057
12245,11664,156.66385844326277,-44.41562922063808,156.6634217722881,-44.41555745084692,1.1522050442930607,35.079745377563306,31.467090759887675,-10.298406042554268
12246,11660,153.66680180056056,-43.101628834276376,153.66661654954277,-43.101495629286006,0.6834199404394274,10.42996067303488,8.281211639436668,-20.60169832810094
12247,11661,154.30233831938386,-43.387954319788314,154.30205803948022,-43.38809295666629,0.8870006307770719,5.117787507178941,4.75523399153373,-7.084184623465544
12248,11674,156.5219893112581,-44.35727094009435,156.52174847802164,-44.35712160665003,0.8205430536465825,247.03720089881608,257.9179038993569,4.40447955245308
12249,11667,152.90831786534108,-42.758805650000845,152.9082746225235,-42.75880987159232,0.11530473761720149,16.426250252851542,15.692559455113848,-4.466575063960977
12250,11668,153.07371605216883,-42.836229186526076,153.0736986145808,-42.8360921260123,0.49556052052286875,2.3606670254611424,2.762896446676078,17.038803731176884
12251,11676,153.28737681001158,-42.93315911714479,153.28742657307887,-42.93322123840233,0.2592620810011607,1.9543239317389227,1.7872621677546305,-8.548314906815042
12252,11669,153.32648045449707,-42.95062311108904,153.3263756430436,-42.950679163534275,0.34204145342436626,6.021366064146799,5.533191606416338,-8.107370529043454
12255,11671,154.5849905580221,-43.515499241385115,154.58456521018337,-43.51528647677912,1.348991436535441,2.7047054362244465,2.588679947493759,-4.289764318758862
12258,11684,156.06986592462118,-44.1653306302776,156.0699386838089,-44.16524597839268,0.35801460463243134,9.107381591723023,9.378222838473555,2.9738651446940363
12260,11685,156.3266934207359,-44.27595570658976,156.32676679361404,-44.27568758365636,0.9835957292062987,1.583582047685725,1.8724662085627948,18.242449849646267
12261,11675,152.7085882379103,-42.671066645797985,152.70865995731765,-42.67109030934362,0.2080739757190882,52.17050948840787,53.06535841361826,1.7152389999358209
12264,11679,154.1851696766157,-43.33817182819168,154.1852747358565,-43.33810433412929,0.36702581085161357,1.9340978912777254,1.8433830204603234,-4.690293662306455
12265,11689,155.1523982422518,-43.76791109859679,155.15245122255808,-43.76766045672106,0.9127626153400943,18.164984546747444,18.41352925129297,1.3682626809062175
12266,11682,155.35651527036637,-43.85529925851023,155.35641473177418,-43.85556862550229,1.0042286889198004,2.8653650711973477,3.3236705837714373,15.994663897489957
12267,11683,155.5394743733861,-43.93620136337435,155.53907796218905,-43.935925111895386,1.4300798955700664,4.46542585439859,3.85866516688166,-13.587969150114787
12269,11692,156.46836371103936,-44.33868554976618,156.468589373977,-44.33848749896832,0.9197545791839309,6.871857363497833,6.711900123370389,-2.327714788975539
12270,11693,156.48719658689117,-44.34613304178669,156.4866374201617,-44.34599737275951,1.52015541708204,665.4217711585393,597.0517814812765,-10.274684815049936
12281,11694,156.6295082760765,-44.40773251983629,156.62913277711357,-44.40765251568624,1.007729373630938,5.366166153094542,5.5842776816910815,4.0645690493716735
12290,11709,153.38957125755445,-42.98749432330915,153.38831558385604,-42.98722766958428,3.44323105282077,2050.5019709227568,2305.217996234925,12.422130235629195
12291,11702,154.81854775516663,-43.6268254879634,154.81835710486766,-43.62702862553323,0.8840867277523916,10.659523957052164,9.693004219941615,-9.06719419182988
12293,11713,155.43260896686894,-43.89694199464562,155.4325792928752,-43.8967095732547,0.8402505328935564,5.704099963157988,6.021874211393625,5.570979651270094
12296,11706,156.58203114781406,-44.39252657206814,156.58237439631813,-44.39274393007433,1.1798069745007138,6.45221571045189,6.2740844801727,-2.7607761158796458
12299,11711,153.68346490751588,-43.120921594438194,153.68360622218728,-43.12094642493705,0.38193829861732026,3.650438837969952,3.474366932186123,-4.823307925403967
12303,11714,156.59991330420868,-44.401054161148224,156.5998004577607,-44.40092639635565,0.5438756082798967,2.5163717530443708,2.1457763755900787,-14.727369952628672
12307,11719,155.90265702998346,-44.104839514433905,155.90218956905483,-44.10500454173628,1.3465493951219407,10.315043931031843,10.400407012554354,0.8275590689992485
12310,11720,152.96848474422836,-42.80231620623382,152.96855914519637,-42.80249976914227,0.689427734168673,15.543324804761554,15.561751566706059,0.11855096754370516
12312,11721,153.23957691428257,-42.92347544155798,153.23994334045378,-42.923676988080885,1.2081030717398222,4.919234789125403,4.886037332762855,-0.6748500078901568
12318,11723,154.2534869473663,-43.38098294823914,154.25339560733875,-43.380974932431215,0.24072611457910736,7.028582237612451,6.585990008946486,-6.2970342197533915
12320,11733,156.61588726634469,-44.41316130530718,156.6161836698096,-44.41319822500926,0.7737095571626862,11.650622912208068,11.491575302791675,-1.3651425388571683
12323,11736,154.12188065408284,-43.325266700753474,154.1205194860848,-43.32508945527926,3.6214159257446843,2085.6451875613766,2190.29542988751,5.0176436025772455
12324,11729,154.5760510467688,-43.526196202733985,154.5758937912861,-43.52625150531237,0.45620439282053055,8.621304963539023,8.586559528443939,-0.40301828136261086
12325,11737,155.17822755760645,-43.79332492322463,155.17883841403173,-43.792974962259436,2.026588634949492,1.922925737107595,2.0286406179325183,5.497606006560416
12328,11740,156.7308550066927,-44.46431315904269,156.73113747274226,-44.46435039755415,0.7380100189144614,5.6527734593542025,5.858291343420919,3.6356999894737596
12330,11735,153.7031337168735,-43.137657859328215,153.7032873452243,-43.137911260998976,0.9975300423967423,3.0211118942206703,3.009821137312815,-0.3737285245691928
12338,11739,156.68621844211899,-44.4462023970184,156.68607150929466,-44.44601162612861,0.7837494814129145,5.091210377376962,4.632574279015409,-9.00839023269446
12340,11741,152.8161976748605,-42.73749362890371,152.8155353216081,-42.73718791685663,2.0684275135999353,316.52039248756995,308.93195856628125,-2.3974549828054763
12342,11750,153.7551478730658,-43.16515579685642,153.7554593785713,-43.16493590964993,1.1382706036977481,6.495316438133214,6.3807740985854196,-1.7634604970949577
12344,11745,155.61457311706053,-43.98768031112253,155.61390858969708,-43.9873612885874,2.069218990562865,2.849062343464279,2.8613218268490415,0.430298881064706
12347,11759,156.43291039467465,-44.3412491401905,156.43308771090693,-44.3411809308953,0.5183813410169203,36.81331720070614,36.87356619909155,0.16366087863512513
12348,11751,153.99902172656974,-43.27509745462065,153.9992774691105,-43.275398858376526,1.2754063632069856,7.526889148632955,8.939756118898018,18.770928365826528
12350,11768,155.91354189403117,-44.119647526080236,155.91367955714804,-44.11944247921268,0.8194327397058132,5.37226153874927,5.145240948272328,-4.22579185394231
12353,11760,153.2442210518911,-42.93785986394069,153.244555727435,-42.93806244973606,1.1445082913664562,15.092582690997379,14.362084394964425,-4.8401145846872895
12354,11761,153.32848566417294,-42.973983149516464,153.32812426054625,-42.974084297403785,1.0191991625563985,3.537049888779495,3.7326365390115863,5.529654836154461
12356,11771,153.65263130466087,-43.12289424610939,153.6528418845991,-43.12272475452397,0.823693528726433,9.21363682878159,8.31709847286853,-9.73055887239283
12358,11764,153.92343290388465,-43.2426260861962,153.92343529936798,-43.24271906133951,0.334769463124153,14.035021673338868,14.047017041595906,0.08546740102172075
12363,11769,153.07326919812724,-42.860008954846734,153.07270833555395,-42.85997653322563,1.4846357047523748,30.174476043537258,22.733229823672307,-24.66073050987976
12365,11783,155.12094366909133,-43.77819790987286,155.12080924114514,-43.77790713400911,1.1035707082245545,41.23638378872124,41.71489843385389,1.1604185458753276
12366,11774,155.24793989724387,-43.83212493949544,155.24747000718736,-43.8322283190036,1.2757658786228454,3.9288228409230874,4.376166869086871,11.38621022826978
12370,11778,153.9530511687445,-43.260311442452966,153.9529054048804,-43.26028014049588,0.3984161810454605,2.590192321627131,2.5072286146716123,-3.2029940890027038
12374,11790,154.6118421995331,-43.556154801888994,154.61197401380198,-43.556041304047206,0.5340505073337902,3.9245808889024554,4.11705375346627,4.904290929716104
12375,11792,154.65345656099305,-43.57435820429738,154.6534563993803,-43.574055008878624,1.0915035889119071,4.0368990245211,4.189202797452043,3.7727912441161693
12378,11784,155.59412046755855,-43.987057723644796,155.5939480104779,-43.98733087366148,1.0800436661002617,1.9589624568966122,2.1050201657993806,7.45587075385574
12381,11785,156.23437170217213,-44.26200684663615,156.23428546601,-44.26216177800246,0.6004324393363464,26.33595374843814,27.328472378801475,3.768683070466726
12383,11799,156.73386941071985,-44.47777201032532,156.7338330137855,-44.47781404630661,0.17788027418586974,7.402649206286506,7.388417594245692,-0.19225025587769726
12384,11786,152.7319498816146,-42.70985621671905,152.73223919596688,-42.70998589751255,0.8964686386413967,4.7404493621092625,4.870855776668921,2.7509293866105993
12385,11787,153.2689678980523,-42.955224148921204,153.26908686905085,-42.95555126817397,1.2186343944153388,1.8638060232918403,1.8661868128166168,0.12773805294241733
12386,11789,154.186242740952,-43.367225916999686,154.18603678549238,-43.3668132952262,1.5802066199298193,2.7689163219058375,2.301973979322145,-16.863721698252597
12387,11794,154.84775208539406,-43.66101444572942,154.84763596401453,-43.66085354714343,0.6534319109603508,17.273334556697698,16.331780989952755,-5.450907950948347
12388,11796,155.64387320575165,-44.009147227591306,155.64311959875516,-44.008436825243926,3.2168297004586806,3.1763526411469307,4.238183971775851,33.429264650083375
12391,11800,152.82147957781822,-42.75101433071651,152.8213919286214,-42.75106468841313,0.2941956887508544,9.958714985738446,9.885030189218725,-0.739902654360959
12396,11805,155.15947988874666,-43.799691289373776,155.15950582633099,-43.79976399571213,0.2702801762646306,5.222098721289497,5.456377459781829,4.486294706326067
12397,11812,155.50743689387687,-43.953369541507996,155.50641854832756,-43.95337022752796,2.6392042118964407,801.095400572555,904.4852576364742,12.90606050041292
12398,11807,155.57067383985878,-43.97925739888233,155.57034101574374,-43.9791958806904,0.8901797112770029,6.459448310946838,6.525877683735322,1.0284062909197054
12402,11814,156.5832632325955,-44.4190290139605,156.583048449587,-44.41906738818789,0.5692802539622123,6.393511307145366,6.367451596030978,-0.407596230967225
12408,11821,152.68769700374696,-42.696520154472324,152.68786986450326,-42.69635066720056,0.7625409704811533,1.5056091854391338,1.4099109208985272,-6.356115880941224
12409,11823,152.76509357169817,-42.732927231660675,152.76534185668038,-42.73302771172192,0.749591748115268,5.229119512981366,5.1784960505000015,-0.9681068171360531
12413,11832,155.68352305675424,-44.03610212161225,155.6836539154997,-44.036097218972,0.3391281861753801,60.415335110632455,59.47651495862943,-1.5539434653202855
12418,11829,154.03685958701502,-43.3102403501214,154.0370570345474,-43.310356599667266,0.665326079488288,2.315594410097884,2.1704413142106365,-6.268502603662431
12419,11830,154.06813444287457,-43.32349281925611,154.06793812693996,-43.32336909103718,0.6802546894882132,118.89819129393717,131.55930516524415,10.648701829287283
12422,11837,155.29850853854884,-43.870308080707275,155.29858866551578,-43.8701117589388,0.7367166611127448,20.815286305922054,20.650558497519235,-0.7913790181975711
12423,11834,155.88934706783374,-44.12566291760493,155.88828302866284,-44.125464981120956,2.840454589932138,2771.3496160186255,2871.0412672081566,3.597223916221368
12429,11840,153.36854812955235,-43.01401151594254,153.36871194280909,-43.01417831495625,0.7392603898367208,6.942167782228385,6.598035514316531,-4.957129800187424
12431,11851,154.50682560936303,-43.52515760694508,154.5066209988689,-43.525148861366816,0.5350136840394155,45.57024115384706,52.50076360471778,15.208439269550912
12434,11850,152.95519185732172,-42.8286286600539,152.95533242758458,-42.82865848206275,0.3863503796412821,2.8521073486365047,3.2225158247693715,12.987185643974671
12435,11854,152.7063435569941,-42.71572224733888,152.7057161645988,-42.71573655876758,1.6602664123606508,11.024339486858247,11.140469836960406,1.0533996185494292
12437,11856,153.08563616083887,-42.88876663252414,153.08588571497094,-42.88885489439663,0.7309104485254015,3.9759621197439885,3.969162251920847,-0.17102446196291202
12443,11863,153.3213287489912,-42.99727999458243,153.32143951446392,-42.99738331256139,0.47265121665923,2.0623237528855904,2.241322339038044,8.679461015856505
12450,11869,154.98841916469598,-43.74485863469492,154.98776058444335,-43.74451640273002,2.1098774859328344,1.0413428884668274,1.6822682959249196,61.547969891236185
12453,11876,156.34406650799644,-44.33476525223254,156.3436765900388,-44.33461931277579,1.133180198134652,3.843660311709189,3.086180060429025,-19.707263125531757
12454,11872,156.65303709601304,-44.46544685539794,156.65329682069566,-44.46564835612388,0.9856389527845821,3.816485809805337,4.1226868012713735,8.023113584736594
12458,11875,155.83042027946664,-44.115122139401144,155.83012221586134,-44.115241474866906,0.8820637434508991,10.340685153161278,11.336628430188908,9.631308392782438
12460,11879,156.71423575090276,-44.49495859345843,156.71397771824573,-44.495500218505015,2.0593594071850734,7.5334624737655735,7.895648420180924,4.8076956336694066
12461,11886,153.95813344671026,-43.2901316785444,153.95765503291256,-43.29044904394443,1.6961556192739902,3.1053870440764864,3.257575232954776,4.900780054730634
12462,11887,155.57801664075996,-44.00630516980112,155.577841357093,-44.00636525370816,0.5027770247170246,22.890976050937997,23.122193792019736,1.0100824908786035
12463,11888,155.9551840218152,-44.17119463664072,155.95457848562305,-44.17103757812936,1.6626710558936473,2.5034604667740954,2.2768543630887725,-9.051714883971087
12464,11889,156.29017468009042,-44.315403802533694,156.28985556510483,-44.31547867167618,0.8650430471513053,3.704965058448522,3.8967377812671566,5.176100713320643
12470,11896,153.64402281675243,-43.15322209158656,153.64332842561885,-43.153078344915905,1.8956802736234626,1.8182377021079885,1.5822215202504222,-12.980491031724789
12472,11897,155.3340882204523,-43.90483063357547,155.33398126485343,-43.90425960545738,2.0743358806264025,5.126528398500356,4.406332150459141,-14.04842014045784
12473,11898,155.48791529719009,-43.971301066827614,155.4876940631496,-43.97129129046244,0.5742694174513807,53.27908157991624,53.703848919360006,0.7972497401379495
12474,11901,155.61091403946548,-44.02619910132821,155.61061905165775,-44.02631968153692,0.8783341293398436,78.69089545628039,79.16108757290894,0.597517811815708
12476,11909,156.53798990834963,-44.42585351407895,156.5377770395554,-44.425763248616136,0.6364825673583241,282.03804076780733,276.5888207707369,-1.9320868852427582
12477,11910,156.68112662632373,-44.487125079222515,156.68125683678429,-44.48720889752297,0.4504265725374396,24.575318843317774,24.935648198046124,1.4662245361928494
12480,11917,154.81535365165476,-43.67970130220675,154.81549698038697,-43.67952456725006,0.7376052859168658,7.843804632351486,7.957361165326189,1.4477226078062015
12481,11921,155.84778255306193,-44.13132222144461,155.84763731389344,-44.13119084851068,0.6037474713589924,3.630985495183837,3.741576597203673,3.0457599504741832
12482,11906,155.91057875627016,-44.15774498706582,155.9106942765935,-44.158047574038804,1.1294334202656586,6.116201339311176,6.256676700685417,2.2967746413341885
12484,11913,153.71968331272393,-43.19273316468312,153.7198400731157,-43.192994883456535,1.0281021573954128,9.671250971675933,9.122633849420911,-5.672659347397251
12486,11928,154.00299058863453,-43.320970894640396,154.00298636044482,-43.320949595071106,0.07747397769324739,28.23157676441316,27.447158502284964,-2.778513820443003
12491,11920,155.80409728674493,-44.113833961112206,155.80331509952356,-44.113645906942644,2.132023719165995,3.5276670381866917,3.405552426185698,-3.461625223670873
12497,11927,153.7615133313661,-43.212677519927574,153.76142580101975,-43.21248793907299,0.72009484155793,2.939520530920169,2.889206128384601,-1.7116533804177265
12502,11933,156.0557706974664,-44.224513173104974,156.05531927717428,-44.22454874843059,1.1715965840144458,6.976446727723854,6.339695497136973,-9.127156781065652
12504,11935,156.2533548811411,-44.309999248179864,156.2534849377665,-44.3098929114108,0.5087166581001508,5.684329318164916,5.562713556767854,-2.139491830785124
12511,11946,156.5199884282425,-44.42672998703145,156.52028131159832,-44.42647154068808,1.1969296363423967,39.35897627367571,37.64243017258422,-4.361256982792915
12513,11936,156.59331274619507,-44.45671345596707,156.59343513451094,-44.45668569187591,0.3299910464147867,2.2898780702908206,2.290059657153829,0.00792997956373006
12515,11938,153.27203722678172,-42.99682319916452,153.27167130584687,-42.996898596512295,1.000976579423734,7.601360760525926,8.506456316631972,11.907020132582469
12518,11951,154.91515430748547,-43.73199135887669,154.915215276372,-43.73181294585291,0.6615782768427392,5.236348170636521,5.241222884730186,0.09309377327122394
12519,11941,155.41292299584495,-43.95033983615616,155.4128304341986,-43.95020524111632,0.5406786367550335,11.857497329779807,15.000217803901139,26.50407912155685
12521,11945,156.06970524358158,-44.23472717890712,156.06910694316872,-44.23495733252457,1.7515849523515377,3.436987720172231,3.7708522760485783,9.713871071369933
12527,11957,156.11927401660506,-44.25863500007629,156.1191202832099,-44.258475404007754,0.6980073056654572,24.79600138032895,23.581554887048377,-4.897751353748559
12530,11956,154.19598137020665,-43.416759349856044,154.1960369515737,-43.4170906123818,1.201369237952597,2.495434079984128,2.352363215924515,-5.733305688464549
12534,11953,152.68777841854157,-42.73394042282685,152.6876831830772,-42.73443235846607,1.7887829792951768,8.495457629126498,8.623040245423852,1.501774499585975
12538,11961,155.3666240357463,-43.93561989692413,155.36669567039795,-43.93569463512226,0.3269240579618393,8.307623974375945,8.231957560247698,-0.9108069209876619
12539,11962,156.28022740587642,-44.331617301300064,156.2813446322409,-44.33266498922027,4.743668258129924,5.8901679039251755,5.825157575726977,-1.10370925343021
12543,11965,153.11968931058945,-42.934614892278525,153.11957028872675,-42.93445731588006,0.6482365616038821,1.4555826537032928,1.2612215413947192,-13.352804927571793
12544,11975,153.62978929775227,-43.16684750282228,153.62959997873185,-43.16667647337636,0.7913282067644897,16.641050916814926,12.92352321663437,-22.33950078491849
12545,11967,155.0370543926998,-43.79341679161691,155.0371173393569,-43.793776150766675,1.3039930681870942,32.96958244552969,33.50728186001778,1.6308954333177923
12547,11970,155.75239953661531,-44.10533404796329,155.75233719385943,-44.10557138136744,0.8694661500159145,6.854078580356513,6.90463136832889,0.737557753091114
12548,11971,155.81614456203081,-44.13316991903687,155.81569916070728,-44.13336395467596,1.346234135451494,10.804268351954637,10.647938197802688,-1.4469295750476838
12550,11972,152.9395625034102,-42.85414135142265,152.9400115927494,-42.853981037558746,1.3182480280486764,1.5099263930157754,1.5671126152056793,3.7873516520024513
12554,11984,154.95487231306802,-43.75976491270241,154.95541348975615,-43.75965632181951,1.4604022304066338,6.172077230320291,5.62777182119085,-8.818836654466086
12559,11989,156.3980048363262,-44.38639101453871,156.3979779275211,-44.38623974428349,0.5489555818162503,5.785862668196835,5.371273029823358,-7.165563065510559
12564,11991,153.88090677781534,-43.283867277651645,153.8813042458062,-43.283866022697545,1.0416450311518832,4.556993338494819,4.942758921585911,8.46535323702077
12565,11982,154.23458563938115,-43.44189449385644,154.23448148765303,-43.44189253270543,0.2723295198743466,15.748126582378264,15.355832696991968,-2.4910511312835313
12566,11993,154.62931831454335,-43.617635055596395,154.62969885664987,-43.61759835108425,1.00055340452208,16.52431931863138,16.552812275068245,0.17243043956877377
12568,11987,155.2896668675373,-43.906555013193994,155.28940038981375,-43.906629401888694,0.741230022674556,18.115283291422408,18.237308381587912,0.6736029914767225
12574,12000,154.05190454594958,-43.36270340959131,154.0520826327286,-43.36246457737792,0.9780090332764336,4.08194309843807,3.962927473368708,-2.9156610515933634
12575,12002,154.4894476008953,-43.557429630605675,154.48968169706083,-43.557436145467285,0.6111748618531396,28.654093616215626,24.78494069680386,-13.502967398773952
12578,11996,156.00129176381893,-44.218060755810434,156.00131468616084,-44.21805644654358,0.06114243665850955,12.053284514695466,12.231724643362767,1.4804274175204712
12583,12010,155.63347174748068,-44.06236253829735,155.63339976844975,-44.06231335668057,0.25694254439728753,1.7623332359288228,1.8868337652592868,7.06452825108567
12585,12004,156.62868884678537,-44.49045547463585,156.6284689195631,-44.49050134670294,0.5884468824410977,19.143618823957613,19.33360496151252,0.9924254097513987
12586,12012,156.71289511218805,-44.52689205141506,156.71293523754133,-44.5269998915364,0.40165105362836806,2.427586521629598,2.2955390604638235,-5.439454371213646
12591,12017,153.96667029350536,-43.32859482170808,153.96641480884375,-43.32800933326146,2.211397326416492,29.11392140760315,28.552803926300147,-1.9273167411809635
12592,12024,156.08209944807874,-44.25849941118653,156.08199663755607,-44.2583259766839,0.6783046043777035,27.532205793214022,24.530526985277252,-10.902427616884246
12594,12011,156.38206902724838,-44.3869227110911,156.38202003933023,-44.38718665934987,0.958535153867322,2.8013137397374135,3.0516043494325444,8.93475822235436
12595,12025,156.54508311519507,-44.45712419415885,156.54493293177597,-44.457041352443056,0.4877168553721716,31.80469266973252,31.173958660982564,-1.9831476295012478
12597,12015,153.24269536833944,-43.00179608365272,153.24290026955768,-43.00200310201909,0.9200223538963901,30.921577534296706,32.75875737211861,5.941416914399639
12598,12018,153.9908236884247,-43.33961313677524,153.9906014536687,-43.33944879099114,0.829830717396986,32.94995273912587,33.94215089808686,3.0112278667484076
12600,12022,155.6160432244179,-44.057162859057534,155.61569644593612,-44.05705661579898,0.9752872199573245,10.421946608034151,10.67155778862978,2.3950533425608485
12601,12023,155.96192556183462,-44.208353984199945,155.961542724889,-44.208478890635824,1.0854362102946145,5.163904839932573,5.484954299673736,6.217183888798286
12605,12026,153.53515199581082,-43.13800083317254,153.53533861461094,-43.13816546511043,0.7691533852052214,7.226413235085557,6.0221194995491105,-16.665165641087068
12607,12029,155.23520947716287,-43.89290419919084,155.23560170204993,-43.89327300288412,1.6727712364002782,1.5070052766345825,1.6391954733272551,8.77171425622858
12612,12034,155.1717948177818,-43.867825666356985,155.17218595203397,-43.86789188220392,1.0427559814719254,2.1328508403507858,2.292558368146366,7.487983912147995
12613,12039,155.67197895447848,-44.087412708796435,155.67221480434316,-44.08715759026609,1.1024702211245316,13.644552231059011,13.558843059779608,-0.6281567165267866
12616,12036,152.84266886427255,-42.82743337124842,152.8425192838854,-42.82729520444469,0.6351202393425437,4.068148636925131,4.35953127038435,7.162536560597685
12618,12040,153.64797710598313,-43.193507980184634,153.64787341574672,-43.19322296550435,1.0615300312241438,21.585348886083608,21.15441430986783,-1.996421639928227
12621,12045,153.71597673897986,-43.22596926062266,153.7161167384044,-43.22583188412902,0.6159969203745439,18.335276923932092,20.295022154123764,10.688386318472874
12626,12053,156.57097734323995,-44.47831260196185,156.5713001206333,-44.47848262431289,1.030560219280464,1.6598138256655308,1.926875611322666,16.089863906878357
12628,12046,154.099848201411,-43.40013189933121,154.09936372129255,-43.4000075761073,1.343951461254249,3.734088312182474,3.4938689206926945,-6.433147033669852
12630,12048,154.95013866248425,-43.775244434395056,154.94972361231794,-43.77544874965031,1.3057582126948837,11.49793513392687,11.245749751594083,-2.193310184788442
12634,12052,155.7949797271427,-44.144463917665675,155.79571559216117,-44.14474285528406,2.1498901421211496,2.543416892420612,2.3903388681578224,-6.018597451285421
12636,12054,152.95659565053452,-42.883414460511446,152.95655561067085,-42.88323854868222,0.6420298951067287,43.44944942438596,44.538463713491026,2.5063937599491366
12637,12055,153.00192296647407,-42.904621270849994,153.00178007157632,-42.90446169461805,0.6870263916039228,4.555045085168665,4.827180360506395,5.974370620914574
12638,12057,153.11375676188084,-42.955121431791866,153.11328315808453,-42.95507501580638,1.2589878515880304,4.374779797613784,3.7541479033125107,-14.186585908616383
12640,12062,154.17856599114765,-43.43690208314952,154.17752058423753,-43.43678661490739,2.764209290373467,598.1012774569141,501.82050429142714,-16.09773742247571
12649,12060,152.97716738448963,-42.89504519216567,152.976907592233,-42.89501407772117,0.6942630837145924,2.358366991849225,2.4742958068806313,4.915639314494685
12652,12061,154.14087015114572,-43.42037924777288,154.1407671482275,-43.42051534050228,0.5590832810365354,12.792982953059068,12.35167125636653,-3.449638745801754
12656,12069,156.13448489729203,-44.2968777129186,156.13453439354606,-44.29683380016943,0.2031156709889415,12.018223324491913,12.081330309410074,0.525094127595009
12657,12066,156.3493548476599,-44.388837515703536,156.34952648754964,-44.38905022164587,0.8839309526673849,4.036828377704574,3.2957911045198163,-18.356917952655873
12659,12075,153.42347190684617,-43.10204607380422,153.42389742198475,-43.10145951353343,2.3895401581776086,6.277369827849679,7.557659119428486,20.395314067665375
12662,12070,156.54326283888076,-44.47305736513191,156.54187765344898,-44.472664388935605,3.8293097484530882,1940.2855941889743,1811.7935258881225,-6.62232759371491
12663,12072,152.81803723209137,-42.82787220529346,152.81825934957084,-42.82754429101055,1.3181339234148466,1.6546046702507144,1.7074144730021734,3.1916870356383646
12664,12077,154.71894828250797,-43.6817109540046,154.718673169424,-43.68166920142694,0.7318521379835177,186.12528208141347,149.17233766944443,-19.853801696754648
12666,12078,155.56834487298568,-44.054839273517814,155.5687168528143,-44.054884014603275,0.9757816507916526,4.7616685091178965,4.3194457837676925,-9.287137995923327
12668,12079,155.73002882053083,-44.125907895997315,155.72944086672206,-44.12574393354299,1.6299771595569523,1.8043779177337176,1.5190970780077109,-15.810481658095043
12671,12085,153.75963370206966,-43.25768993115745,153.7593846385614,-43.25764063923123,0.6766776918356797,6.133709542858094,6.206905389434931,1.1933373444796425
12673,12086,155.07684266561373,-43.843102621472624,155.07624056783396,-43.843180513874216,1.5882724187027784,6.877983739045776,6.757004209693197,-1.7589388684620972
12674,12089,155.47049852016357,-44.01317326654328,155.46940441985825,-44.013280329550106,2.858777131318749,3.388818944032467,3.997771141622897,17.96945212026636
12676,12090,155.8899160586167,-44.196948439234006,155.8898860015496,-44.197244696885974,1.0693452527830063,4.257197127052564,4.2608168473627135,0.08502590324389962
12679,12083,152.61787830746525,-42.738198219623584,152.6178139160992,-42.73878008379125,2.1016185791493283,4.602331391070327,4.78226038423454,3.9095184130660523
12681,12092,153.46574778235745,-43.12743848610991,153.46586975422395,-43.12741698655695,0.3296836580052526,4.654491791138992,4.817076808546287,3.493077755917779
12685,12095,154.2857442077394,-43.493498739218204,154.28552343308291,-43.49356476187779,0.6236492309984055,12.727107066593927,11.774566246793139,-7.484346716159986
12692,12099,153.53268657375045,-43.15724218685512,153.5326523582546,-43.156961810441565,1.0133466862395266,67.86203686445897,64.35225399155796,-5.1719385905128545
12696,12107,154.99962439545268,-43.813436166354634,154.99977391790168,-43.81333088985824,0.5426874389599564,11.07320557863237,11.098966023956637,0.2326376507808679
12698,12109,155.3425364221821,-43.963185589076254,155.34277316166686,-43.96322258959272,0.627741133113381,3.2205991100295632,3.2148127565662525,-0.17966698945208287
12699,12102,156.30358950353866,-44.378747195952606,156.30362978233566,-44.37877399663893,0.14159752848920193,24.32609029408092,25.76934665241377,5.932956512473465
12700,12105,153.90982731829936,-43.329617317397734,153.9101283494515,-43.32978623810416,0.995608956283765,6.184793105217863,6.624125426980004,7.10342794476817
12703,12106,154.67913871478322,-43.67240318942337,154.67933815217316,-43.672498826110896,0.6230733685834579,5.514521947116867,5.985449962880567,8.539779518148686
12704,12116,154.6973690051954,-43.682074706118186,154.69763067566637,-43.682012842973364,0.7167276974212105,9.883602102783032,9.528353053137375,-3.5943277152529824
12706,12110,155.48919758682143,-44.02915895179342,155.48917656607424,-44.02947763413338,1.1485458769914652,2.3801437727747548,2.490327850086357,4.62930342998358
12707,12117,156.01099497462502,-44.255616044431896,156.01069705385163,-44.25547934314774,0.9122909626965268,5.948332629468895,5.760273313670433,-3.1615467310417227
12708,12118,156.07569000003195,-44.28314169372301,156.07616359282045,-44.28315189515544,1.2211114854543388,3.185529741358618,3.540205200719629,11.13395535932882
12709,12111,156.1563253576883,-44.316259387202635,156.1559340989082,-44.316339462656764,1.0482142906831289,15.680478753311489,14.740470849955033,-5.994765326651394
12715,12113,153.3285460193026,-43.07075614091966,153.32894807839492,-43.07078396938353,1.062086044131313,6.941472135264085,7.149650150680083,2.9990470516824677
12718,12122,152.67372034169344,-42.77237181001913,152.67424638398646,-42.77264112906272,1.6948326164341776,1.8478854495573864,2.32921370550749,26.04751588175519
12720,12124,153.473119580365,-43.13638842651727,153.47287194391444,-43.13624219881367,0.8368567362191401,10.388195439302413,10.769803306009916,3.673476003962519
12721,12134,154.0789397969565,-43.41116795351075,154.07917246689468,-43.41076914341397,1.559335139412088,2.459849318653883,2.5975761650610867,5.598995245878422
12726,12127,156.5521654158549,-44.491703811875446,156.55125662349656,-44.49191955180593,2.4596735149595,5.0088522431248,5.335239761974977,6.516213755320479
12727,12130,152.9045837425672,-42.88154770193317,152.90441300666816,-42.88139761273819,0.7034202392158274,3.700639243731778,3.558515753677244,-3.8405118871088524
12729,12132,153.8798039496321,-43.32341038830775,153.8798852799803,-43.3238231292932,1.5010569290719231,11.167252034855643,11.285059873852466,1.0549402720482792
12731,12136,154.96433903898046,-43.80331687801121,154.96389523959135,-43.80363795257296,1.6326694585464265,2.6719628672741793,3.174356724024983,18.802426594473005
12733,12140,152.61360273018278,-42.7489010959898,152.61378883253238,-42.74897232855716,0.5548024127987057,2.8422625026344317,2.743396626149473,-3.4784217289332764
12736,12144,153.76546878132962,-43.27213726413215,153.76526633968456,-43.27238811882791,1.0474358096913394,265.28448023577334,304.59679307694716,14.818926763538803
12737,12145,154.12302151615526,-43.43266651808654,154.12281708960919,-43.432733773274094,0.5867110822509386,9.076852233134545,8.483062803911755,-6.541799006655573
12738,12146,154.7152208889166,-43.696211997228396,154.71509757726156,-43.696213144040954,0.3209878155968534,10.49873868443016,10.407107322240348,-0.8727844833942109
12739,12148,155.26588247667064,-43.938160520589435,155.26532348720883,-43.93815331591886,1.4493122305977701,10.33834144094792,10.857699968099135,5.023615539472797
12743,12152,154.87427812380068,-43.769690906944795,154.87438087946563,-43.76969733055625,0.2681282996109851,4.770947336496579,4.5699423043431615,-4.213105238361738
12744,12160,155.58034327433492,-44.079518135968115,155.57978863317217,-44.0791344704317,1.991275145316993,8.956498045735106,9.199451194460162,2.7125908751885954
12746,12153,156.53317655850304,-44.48949374627251,156.53314525658436,-44.48985536018742,1.304289763020119,3.7239558171602845,3.921080225667844,5.293414266603123
12750,12155,153.80825840098697,-43.29813254524942,153.8082565335289,-43.29825402338424,0.43734865564626135,7.118764483913991,7.485775958795635,5.155550176030774
12758,12162,156.47096398140604,-44.465070328190684,156.47062383176544,-44.46516773498356,0.9416531764580459,14.849872279998207,15.019059464745384,1.1393174402924702
12760,12165,153.74578969146637,-43.27172281145878,153.74559923718977,-43.27153578788833,0.838172202199949,5.000717806319165,4.658285018961186,-6.847672686614381
12761,12166,153.9004106370573,-43.33857583735785,153.89983109477316,-43.338907973579424,1.9319022833599695,4.226763793047056,3.203467039356452,-24.209934687476665
12768,12171,156.06927265784915,-44.29345269634846,156.0691955391115,-44.29350500112207,0.2737602626321309,2.0044568574172583,2.0310444791281705,1.3264252414576965
12773,12186,154.84156798971898,-43.762548423325065,154.84184232849452,-43.762590196865894,0.7289520122263632,1.659246017133343,1.6137838477219664,-2.7399293981685116
12774,12177,155.0063900361534,-43.83405923423205,155.00619072053698,-43.834331067436686,1.1070497566620168,81.6995203162907,74.24856718761754,-9.11994721612516
12777,12181,156.0021542006073,-44.267334120772325,156.00179267404278,-44.26723510966636,0.997824892961315,3.1355094619898303,3.1384328761289493,0.09323569820337188
12779,12173,153.05803617404902,-42.96167965977596,153.0580350350997,-42.962187769473644,1.8291973726932473,3.8246064993947373,3.6422640906036157,-4.767612271222626
12785,12191,156.14078292132817,-44.329773621177964,156.14026980461463,-44.32950759327066,1.6319376961612688,24.803793315838295,25.89018231990222,4.379930884886943
12791,12201,156.44559521549095,-44.46245891144592,156.44567651804627,-44.462357967834066,0.41915940779172856,3.8591137361604675,4.1538374060320455,7.637081724489579
12793,12194,153.02083978678817,-42.949156703104535,153.0205805231104,-42.94919765086559,0.6988957939891578,10.913546208525227,10.551660547591881,-3.3159309908877797
12794,12195,153.18290931284642,-43.024950477898706,153.18304836043262,-43.02526913795125,1.2041299662855434,7.4738832826668995,7.552523546735211,1.0522008585642526
12799,12198,155.46306701437288,-44.03955108023357,155.46326598713603,-44.03969334075652,0.7262424547053651,1.4945713997442425,1.5796791368482321,5.694457763513585
12801,12202,152.75801533502698,-42.83102297823992,152.7577551546555,-42.831058473845765,0.6986874371369005,7.6315972683591005,7.3042565745901005,-4.289281552187866
12803,12203,153.25436718873792,-43.057931533962375,153.25431977203493,-43.05780093167707,0.4864302321718502,25.384796450142847,26.67451609128507,5.080677497947658
12804,12213,154.1558958945717,-43.46500210904643,154.15659445774966,-43.46461721576872,2.2916117035890657,5.655394060069769,5.607835351617842,-0.8409442020622021
12808,12209,156.50066067109557,-44.488959638337185,156.50097950743924,-44.48905458114021,0.8873033873835768,6.7250590327212505,6.618759316568527,-1.5806510490913896
12809,12217,156.60125931363604,-44.533156218969054,156.60125462283787,-44.53307215650977,0.30286417549243766,6.686158424098814,7.079971048401274,5.889968488976383
12810,12218,156.61767794533796,-44.5399149406356,156.61763394067268,-44.53931163427739,2.174836027269661,1.769485483339,1.8688026541390024,5.612771154956979
12812,12219,152.99996123726137,-42.94599012751424,153.00049002437618,-42.9458585212775,1.4717963046357738,15.427062893442075,14.814572743372649,-3.970231756362329
12816,12211,153.51966744446435,-43.18150688527681,153.51922773547915,-43.181580043959,1.1839372202601652,3.965636346994874,3.5583124105513115,-10.271338589889343
12817,12212,153.57655996815052,-43.2054627419936,153.5766682163656,-43.20554492514039,0.41014197804748825,4.851542628158732,5.238414337855941,7.9741999472863565
12819,12223,154.49343253889137,-43.61806399803855,154.49381905452853,-43.617981157173716,1.0505696888195377,16.053612546767628,15.893340477445562,-0.9983551605917881
12821,12214,154.7511345121341,-43.73129203095948,154.75093624612916,-43.731133141435876,0.7701879107791554,15.131287606043323,14.887959411205337,-1.6081129456610308
12826,12224,154.59413102378613,-43.662865226102596,154.5938283091791,-43.662806562463246,0.816155087707395,2.2903071961440817,2.532245210645581,10.563561731318035
12827,12232,154.68960060256003,-43.7067760885524,154.68969338428275,-43.70651921773068,0.9557379491260498,6.008394085781317,6.7291935101179625,11.996540407400962
12831,12226,156.6351744901216,-44.54977352783004,156.63529351078753,-44.54985958896093,0.4350012349664146,1.9775426065756694,1.6485148523695554,-16.63821315970842
12832,12231,154.09949624642786,-43.44412916635169,154.09944161618697,-43.44446547394015,1.2190985293481142,3.434096362739776,3.2672051442344925,-4.859829220754158
12833,12241,154.11073251970925,-43.45151499505889,154.1111300979266,-43.45137773099427,1.1505688718717086,6.320962022692947,6.6252300767718735,4.813635218603924
12838,12234,155.70920887418953,-44.15489207873869,155.7091018855965,-44.155145590890825,0.953561628348014,4.933458745222628,4.918822927580093,-0.2966644376363327
12840,12235,156.42517158890772,-44.46304325727434,156.42505684592243,-44.463112210812284,0.3854007815544011,8.18919423272312,8.716766428857095,6.442296777207401
12843,12240,154.05431653015802,-43.427699606763916,154.0540361968594,-43.42718936848597,1.9776825670992466,5.1000781533861135,4.245931383356305,-16.747719237649566
12846,12243,155.12333012286757,-43.89964719810998,155.123005145449,-43.89958995256633,0.8678164998883631,1.8488522208072407,2.021645276796878,9.345963622457242
12850,12246,153.59917606150557,-43.22378566760209,153.59862606239878,-43.22377119436423,1.443733410896491,18.613196410547182,18.12636605725052,-2.615511825904324
12851,12247,153.6297074909985,-43.23741648538997,153.62968454760787,-43.2374661108535,0.18851317870282053,4.031632321950661,3.751340028150023,-6.952327777375826
12854,12253,156.02162553957453,-44.294231744710075,156.0217958756754,-44.29426885615091,0.45879603600744895,40.304480508470576,40.66459603801501,0.8934875850062218
12859,12254,156.31604040114274,-44.42133730502636,156.31579775368695,-44.42124655649123,0.7042472063403298,15.545982530417934,15.599849149599951,0.3464986473297473
12862,12263,154.5032677798574,-43.63454660962041,154.50359167432964,-43.634455914636064,0.9048731148712253,2.6064499689655936,2.785331449998731,6.86303144748752
12864,12264,154.93963485599537,-43.82704599711228,154.93944817926416,-43.826856544197256,0.8367950108963065,16.85493293692083,16.693211131169274,-0.9594924308319366
12865,12265,155.0847775507116,-43.89078041483953,155.08498417923366,-43.890725200649065,0.5717391196609939,48.8608721308019,49.155674013436986,0.6033496124381323
12868,12260,152.74679182479176,-42.84363919598652,152.74700237616352,-42.8436983627427,0.5951825024234502,10.945786749709654,10.764201755788175,-1.6589487633339468
12871,12262,154.2144770374488,-43.50742294163775,154.21429543588528,-43.50737187754352,0.5085546425471761,26.810714938848772,27.62756378209808,3.046725330198829
12877,12278,155.19258464060454,-43.94195019053808,155.1929193358866,-43.94186874892684,0.9157839642266514,127.29671434314552,128.37972629687997,0.8507776177278514
12878,12279,155.79994109875693,-44.20646160614819,155.79996136072222,-44.206148656202,1.1278325363064055,3.4405700929795358,3.3592497599546736,-2.3635714671471417
12879,12280,155.8521086671575,-44.22914545211733,155.85233688720442,-44.229265373441706,0.7300452122808607,18.59600720837757,19.140301331813077,2.9269408068969747
12880,12285,156.60167019467903,-44.55103009345144,156.6014961221458,-44.55091662286669,0.6052247576179574,9.195369030055403,8.850787165159177,-3.747341338557996
12883,12283,156.41507100880895,-44.4712315941996,156.4150090232376,-44.471466006743,0.8587776794699936,9.251642412874576,9.273983445593448,0.24148180098035613
12885,12297,156.53267826381514,-44.523475849882246,156.5327147713668,-44.52348789120516,0.10324397481347933,4.490362345339866,4.706498538816994,4.813335246796643
12888,12289,153.6284741030038,-43.24917034918845,153.6286391510113,-43.24926742894949,0.5562760720708204,10.87968530176922,11.11579634847055,2.170201068802371
12891,12296,156.39919608642708,-44.4668315158903,156.39928354949186,-44.466883228574005,0.2918060026312625,9.04465567573452,9.197353283920569,1.6882633641401537
12893,12299,152.6593808408604,-42.810058702476894,152.65962774024953,-42.810234021951494,0.9074869427584996,118.92990481383383,120.01461243216643,0.9120562402118636
12894,12303,153.82230911086452,-43.340034695355406,153.82213324309438,-43.34003303850244,0.46050550604382995,1.705386864020696,1.7553046521391917,2.9270653581092674
12897,12305,154.7617504883621,-43.75844744383267,154.761271621746,-43.75849920383092,1.2589868941139133,10.968130076251043,10.817426185147307,-1.3740162639942715
12900,12319,155.8707657625325,-44.24326482561076,155.87088997672618,-44.24294988350937,1.178178913516383,7.211770328745468,7.396133641585837,2.556422409980437
12904,12309,152.5587987654663,-42.76610446475909,152.55929531803764,-42.766100493578435,1.3124038249735765,36.890365634994104,29.40751731059636,-20.284017779697834
12909,12316,154.18687919650895,-43.505026265001554,154.18651924511664,-43.505081173555006,0.960441228513767,11.01094438295992,10.471503095317352,-4.899137339004132
12911,12323,155.93465091947624,-44.27294968590277,155.9340451703585,-44.27348048593872,2.4676907132685018,11.690699253998826,12.696125048045493,8.600219475347117
12912,12310,152.68112873001874,-42.8246180308358,152.68110145792576,-42.82480987530168,0.6943838541455407,9.673405690149385,10.611900358506281,9.701802016973016
12915,12325,156.44836246943933,-44.49506999897221,156.4483700401118,-44.49506734392635,0.021663472129251325,1.6594586030143625,1.7872295955119648,7.699558896227339
12916,12328,153.00846423005626,-42.97792047523193,153.00827683043397,-42.97781000015022,0.6338705779115208,12.470006102424488,12.586317012710015,0.9327253678160871
12917,12329,153.18112713419274,-43.056517251946275,153.18100828856834,-43.056549625050664,0.33363447097741733,8.01742541588894,8.242249975525647,2.804198953833099
12926,12335,154.5720650664129,-43.680837718712276,154.5718133157226,-43.681222761931004,1.5333040449515531,6.662521463581166,6.139139632016067,-7.855611939504005
12929,12345,156.25752516713052,-44.41770765760673,156.25767438607008,-44.41765259404948,0.43187138474278836,5.873199452895321,5.996599851192218,2.1010762410948614
12934,12343,155.4506398262356,-44.07061056219922,155.45021211555712,-44.07050226425951,1.172979790193952,36.67568036667227,36.191378959919795,-1.3204974029399708
12936,12344,155.94623933852876,-44.28578638296847,155.94629681224959,-44.2858893769932,0.3992682761412215,3.0837858470702946,3.691753820356531,19.71498681932883
12941,12348,155.244858246705,-43.98213492906927,155.24479342608933,-43.98215614373849,0.18446428249897273,2.663251654279309,2.6332966524804156,-1.1247529594419663
12943,12349,156.45972047927856,-44.50713695149269,156.46056094228248,-44.5074886496383,2.501817329266479,2.2699824650754734,2.1812756763737897,-3.9078182350071295
12944,12351,156.6244664615988,-44.578559865330995,156.62447293560092,-44.57855010042934,0.03887632288599325,1.5751745137479236,1.8006275195608372,14.31289065720581
12947,12354,153.63390520209725,-43.267890203018666,153.63359425058408,-43.267815630830775,0.8581887912218705,9.620795699111202,9.078216641505142,-5.639648471655888
12949,12355,153.88551602860937,-43.38161173728724,153.88583326491434,-43.38168792243202,0.8741753356915768,6.077134316835095,6.21828341991706,2.3226260227776834
12956,12360,155.64087357383926,-44.1578236939048,155.64049886381486,-44.157621878967866,1.210140072576513,2.1068631620035663,2.145090284652817,1.8144093711761455
12959,12362,153.45486570086223,-43.1903720732926,153.4535603877027,-43.19016241198327,3.5082189663052388,2611.600338459072,2357.6552296007367,-9.72373548581217
12962,12367,155.6268125550868,-44.15343673956307,155.62705529954687,-44.15343310957443,0.6271249810541668,3.511340149549745,3.6081147594630054,2.756059105400812
12963,12369,155.78284334535877,-44.221203294363605,155.78282869693265,-44.22115924022116,0.1630355711955415,8.358268978421204,8.243426081581482,-1.374003362851989
12964,12370,156.02313227203223,-44.324541293588645,156.02317237423975,-44.324228807558214,1.129680770073538,4.134185609789639,4.747770324196809,14.841731173225952
12969,12377,154.56340975530017,-43.68893979274695,154.56315415003485,-43.6884717320837,1.8116355711894525,3.7205910678244947,4.008538818275517,7.739301234719985
12971,12368,155.65390464752943,-44.165787462902315,155.65367209974207,-44.165652352733886,0.7727961290133006,34.20029886920513,36.735747752387276,7.413528439849791
12975,12374,153.3737938257567,-43.156247006002,153.373706808206,-43.156231656885694,0.23510840799839838,81.1359955234354,67.43944584231349,-16.880978156194292
12979,12378,154.87789355352177,-43.82953766243889,154.8775249253363,-43.82946990060909,0.9879379637849031,3.4278850659512115,3.0685461851491125,-10.482815902183267
12980,12379,155.14639115076113,-43.947572164514206,155.14631892718373,-43.94774029512759,0.6335571487846847,8.91608223044379,8.707598133948942,-2.338292661579355
12982,12383,152.62914958772024,-42.81989532497473,152.62911814089728,-42.81976011114755,0.4938016870724404,10.8207211888935,10.733233144665334,-0.8085232278044931
12984,12387,154.45609839212327,-43.64487134995268,154.45554907852696,-43.644895080001675,1.4335497619997397,3.516011460117564,3.779271059955378,7.4874499933800465
12985,12393,155.116625264788,-43.93720151772223,155.1165136966176,-43.93706769972686,0.561898049273152,5.070956264840676,5.157539758917612,1.707439180204727
12987,12389,155.67214512721858,-44.177666844896216,155.67187874591406,-44.177600989283334,0.7274743662533184,22.39191378317439,22.18078567869874,-0.9428765514196308
12994,12391,154.17418496813164,-43.521894803168436,154.17387137407093,-43.52206600349057,1.0246784117839989,17.15410120671805,17.26849899096674,0.6668829970752979
12996,12394,152.68668222786619,-42.85069789626606,152.6870970657478,-42.850896506061105,1.3076489429055473,9.287717252073673,8.859905969059083,-4.6062048553326935
13001,12397,155.08335471591445,-43.92540261629806,155.08305902586662,-43.9251223308579,1.2672607525665462,11.090410619489608,10.935096585094811,-1.400435382634594
13004,12399,156.08880547729615,-44.363040541021824,156.08859634147416,-44.363067016734824,0.546631805091441,10.738733993009628,10.260601608937684,-4.452409235419971
13006,12408,156.30739146792172,-44.457268267365045,156.3075657148293,-44.457074356921574,0.8293285019648199,13.045598568046758,12.756948185065761,-2.2126265918376693
13007,12401,156.42765364019147,-44.50703682135807,156.42737679760225,-44.50712279278793,0.7752240329915862,10.455110680520882,10.724415268847112,2.5758176699934605
13008,12403,156.5767986522879,-44.57153040263519,156.57714209570855,-44.57153421923257,0.8808847702364265,3.7773446800885293,4.247293430776638,12.441246179236545
13013,12406,154.16074968773543,-43.51772179453361,154.1604180725072,-43.51777316178831,0.8852382084576523,65.314138386834,66.28603028423056,1.488026821452296
13020,12412,153.87584494987843,-43.39435978558756,153.87545948062632,-43.39437759071413,1.0103888417248466,2.74473638815568,2.4464630690518225,-10.867102589195522
13022,12422,153.9958204907615,-43.448396776382545,153.99616241337918,-43.44827343591379,0.9978756341178427,76.46651687482029,77.17750889822477,0.9298083036375486
13024,12415,155.59041187097893,-44.151465470203334,155.59041637465498,-44.15150350539167,0.13741994756780548,1.918810997812206,2.1503552072969176,12.067067040407528
13027,12418,152.6496644884644,-42.83810486295625,152.65017925516895,-42.83835670567876,1.6335652996888843,7.652209590016248,7.95383113958947,3.9416268729328032
13028,12420,153.46102599465053,-43.20950978877457,153.46087010138714,-43.20949041227666,0.41495011834684437,9.513010536140728,8.71673772269003,-8.370355634797098
13030,12427,154.93437136465707,-43.866027236994995,154.93463201448827,-43.86602591778378,0.676523842476155,3.501586647422969,3.75627693754684,7.273568121220501
13033,12436,156.37199895627586,-44.491152646354564,156.37252304427244,-44.491089394807275,1.3650326607495535,14.209447460133472,13.61371579168639,-4.192504107696568
13034,12429,152.82293953449488,-42.91989517663664,152.82317578469267,-42.91992512137288,0.6320874791061767,6.428577484463652,6.512602538637248,1.3070551669737898
13037,12432,154.869395336479,-43.83952811983024,154.86934352849235,-43.839536048206,0.1375200509314043,6.191983597351871,6.1675715221084975,-0.39425290554408954
13038,12433,154.98461557793837,-43.890315597893945,154.98547096857564,-43.89068053322006,2.578941268313631,3.583594327125241,3.6767330311265947,2.599030344934988
13040,12435,155.9820747896709,-44.323071827593225,155.98176598738198,-44.32338753571582,1.3871791162388118,12.979871044267506,11.14150986753972,-14.163169806988874
13042,12439,154.6171029843768,-43.72862766547973,154.6167160733416,-43.72879300556663,1.1693512899276783,5.225036304689324,5.267780836649183,0.818071482517684
13046,12448,156.43567608647206,-44.52216261969586,156.43583362221747,-44.522275591046906,0.5734995657851918,8.348426731422895,8.134142906398422,-2.5667569701237753
13049,12438,153.42327572980295,-43.1964086582095,153.42279228602723,-43.19629922206312,1.3285301856682283,7.724244586013113,5.947061320030828,-23.007858518622886
13050,12445,153.76642021858834,-43.35121577667926,153.76616174680612,-43.3512684766465,0.7027153039878544,71.22965531422183,102.4271914469507,43.798521830695876
13059,12452,153.1956486428595,-43.09758159546224,153.19569887114318,-43.09731400352079,0.9723372752387179,5.364345174199609,5.840133705164613,8.869461518870185
13063,12450,153.97781919792055,-43.44897980682852,153.97746288974878,-43.449220076744766,1.2709691909850056,4.001538388489667,3.5926082965351447,-10.219321977037641
13071,12456,156.0783739210656,-44.37307147892353,156.0786401511169,-44.37273344201928,1.3965209972530936,2.289178336622219,2.316816495989966,1.207339722099954
13074,12451,153.05206250388397,-43.03166249585335,153.05181948555622,-43.03142780506735,1.059624498879577,15.300140631561455,16.043543292699404,4.858796262332666
13075,12453,153.79939526415745,-43.37212891144169,153.7990931908495,-43.372102830021156,0.7960439937128645,5.877026001530066,6.420979121248516,9.255584705203514
13076,12461,154.31420204276475,-43.602704055246846,154.31434065480954,-43.6023435722815,1.3471075658214293,13.164346325567493,13.000890832416529,-1.2416529397551999
13083,12468,155.25677563770523,-44.0203580067369,155.25691062215913,-44.02049252818834,0.597186497722601,11.10726908107508,11.376435061424885,2.423331769358316
13084,12463,156.52566138923927,-44.56830463086841,156.52544906664878,-44.56849865387266,0.8856654149850628,5.7353066120735585,5.726175434071383,-0.15920993627356142
13086,12471,153.14202738664082,-43.07891514955787,153.14210433386123,-43.07841863472522,1.7988685812272762,15.724010398582672,16.979874605544882,7.98692048102061
13092,12470,156.29984173515422,-44.47334026293387,156.299716270926,-44.473569372420265,0.8855300925361851,1.4803250270939239,1.3835536677577431,-6.5371697137456275
13095,12472,153.73345269696762,-43.347956516398064,153.73216402338664,-43.34817349230774,3.4628782276204886,504.33671219928334,399.333616293581,-20.820038154234446
13098,12476,156.3670231732834,-44.50328496956969,156.36705339818883,-44.50326173010022,0.11411290144279428,40.3790733472221,39.5799837360278,-1.9789696616435062
13100,12480,152.89771113672973,-42.97186641681426,152.89819466643087,-42.971680023482016,1.4396058516993497,27.886412840973986,25.90506971658723,-7.105048382112211
13103,12487,154.79027410517457,-43.82149949759686,154.7906339080194,-43.82152881617096,0.9404935383415632,11.41128749302927,11.551665938204865,1.2301718387285066
13109,12496,155.4080311021562,-44.09431951008495,155.40804338167462,-44.0940347635582,1.0255790373964995,8.23840267713494,8.415028143619324,2.14392854302441
13110,12489,155.63483615704075,-44.19145612444578,155.63501435963533,-44.19152817971182,0.5280857585907289,2.653610538544061,2.8535400531990867,7.534244824212966
13111,12490,155.92155602005232,-44.31628471006985,155.92174955010375,-44.31632470179772,0.5188643354557542,5.903437285977293,6.062267226348588,2.690465447114539
13115,12494,154.86632018061542,-43.85831297521773,154.86630628265527,-43.858409033194995,0.34768544433395976,2.56168110830035,2.728550608092639,6.514062162210553
13117,12498,156.4788353970838,-44.55810455088188,156.47870483754267,-44.55782618181034,1.0566091334969878,1.984804727859885,2.0624571927296267,3.9123478385438144
13122,12501,154.83410302332334,-43.845525969314885,154.8336291771725,-43.84557282160235,1.2417811124527258,2.771467524705918,2.2039600193779503,-20.476787127000033
13124,12506,155.59836283807527,-44.181220098823324,155.59844751657707,-44.180975676783824,0.9066700429320772,8.525201468929286,8.762584703811704,2.784488269838304
13125,12507,155.69932749531014,-44.225936071594106,155.6991774088986,-44.22520543853331,2.658623925269129,2.5506423219346903,2.329289262399697,-8.67832614676819
13127,12508,156.3486561138068,-44.50501486971664,156.34835245583463,-44.5048396883478,1.0027747673503873,41.547398759459284,41.09925183998099,-1.0786401383943822
13131,12514,155.07434280454206,-43.9546062403413,155.07472217061306,-43.95449736975216,1.0584094480439805,96.99822771840283,97.19363685579471,0.2014563997593571
13133,12515,155.1547268727548,-43.989623893556846,155.1550511714604,-43.98955897393689,0.8718666373111845,5.0164592286011365,5.01588615868769,-0.0114237929051513
13135,12519,156.07098733089128,-44.387627532401176,156.07087156596907,-44.387381802559894,0.9334152700345593,13.455774825473016,13.691203971501318,1.749651351051247
13136,12509,152.90152550382152,-42.983129859872044,152.90129178346342,-42.98299870106049,0.7757692973583891,6.676230791777689,7.367507728032071,10.354299571335138
13141,12513,154.49438126387716,-43.699046718200805,154.49452598026443,-43.69912651940563,0.473711262311998,4.881122443355676,4.744306235582785,-2.802966107910878
13143,12516,155.61812211642584,-44.19351319218192,155.61809550349736,-44.193788341029084,0.9929148393386978,3.457078619136311,3.584797339147204,3.69441178756881
13145,12517,155.82473522709503,-44.28328960426288,155.8244474343007,-44.28342512817597,0.8877845376491562,79.69108298675549,81.11171572389969,1.7826746530478315
13148,12520,156.5214049767174,-44.58233098071361,156.52096232574974,-44.58268941107533,1.7184860966092848,3.183834316635588,3.7973157342271984,19.268635129226404
13149,12521,152.5961029400209,-42.845956440814625,152.59623699373014,-42.845888261129275,0.43062745010633113,54.41349358852637,53.919002354730026,-0.9087658247707409
13150,12510,153.1212956615904,-43.083640226990255,153.12112492379447,-43.083888616534296,1.0005623040512577,6.98473717437087,7.984746685790513,14.31706714876807
13151,12523,154.53285425833138,-43.719081493413604,154.53169636150753,-43.719159378431534,3.025695135809597,485.3066497947173,558.1693880662153,15.013752295032152
13156,12527,153.14244459686955,-43.096376461192214,153.14252492291004,-43.09660841609146,0.8613214563533841,2.250359272020397,2.327864620104553,3.444132190260045
13163,12538,155.76597989055432,-44.261811972415096,155.76610820545895,-44.26167170693235,0.6036727492894515,10.895679434916351,11.306735537279557,3.772652314328684
13165,12534,156.52950296034842,-44.588887648412545,156.52976398148274,-44.588883310605574,0.6693840036734028,2.2903128199728,2.501720631348642,9.230521242873394
13166,12535,152.52113968887483,-42.81524162961029,152.52082936201555,-42.815053930104575,1.062160007526242,4.10958830612332,3.9743964461755024,-3.2896691803989393
13167,12536,152.70714290103143,-42.90070989248491,152.70695431344186,-42.900602125216245,0.6307543758695257,3.442024683983855,3.648219928066287,5.990521946047711
13170,12543,153.60757136942252,-43.310060298265356,153.60754572161034,-43.3100237976822,0.14758194557887588,10.179889749291897,8.747060310345114,-14.075097807876052
13176,12539,152.7490181145867,-42.92053462461041,152.74885825226005,-42.92066704768644,0.6362996168690112,2.15175977219185,1.9137900548119513,-11.059306919633295
13177,12542,153.56429759751208,-43.29219659032363,153.5640421006898,-43.29211837684906,0.7262842694773741,9.322877112905301,7.515432477410386,-19.387197896161684
13188,12555,154.6252451880013,-43.768847507156025,154.6254650149193,-43.768758835233704,0.6545937694367472,34.84884558142016,35.91335550466296,3.0546490292073014
13190,12550,155.4449587929467,-44.12829707010859,155.44472561009155,-44.128391865331636,0.6924769900998646,8.582051609530739,8.682022515586727,1.1648835337341288
13191,12552,155.95641973271205,-44.349845880080565,155.95648558533017,-44.34990037267123,0.2592731963771877,5.102964985185106,5.226727436176415,2.425304726773859
13196,12554,154.32100665903968,-43.635187536732424,154.320957924451,-43.635211229207606,0.1529646994102907,1.2216583323880785,1.4704417033573998,20.36439848799651
13197,12556,154.85517280823626,-43.87070135291348,154.85533741176076,-43.87081972622837,0.6033976318665453,16.38523082232926,16.17101539049146,-1.3073690212888223
13200,12562,156.43065793503195,-44.55583230861679,156.43077825224162,-44.5557109997718,0.5347688781442502,6.460502975848035,6.199069930561732,-4.046636094180981
13203,12558,153.88279948804865,-43.44001258097039,153.88290367448968,-43.440277080913575,0.9903795588360653,5.204206974715209,5.456212276699339,4.842338193090797
13209,12565,153.16999451436646,-43.120078071731555,153.17024008091144,-43.12037423322326,1.2462454755064747,5.227122414539833,5.255166392582511,0.5365089205615449
13210,12567,153.68242556529682,-43.35461370386037,153.68183396012796,-43.35543744883143,3.3454772608182326,47.88266066540606,52.267343689572726,9.15714156906591
13213,12571,155.4141287411209,-44.119432395903075,155.41425607691508,-44.11910077785871,1.2383525568212566,2.2689565763613224,2.28691765200628,0.7916006781302674
13214,12581,155.50120926763765,-44.15908254829491,155.5012410093483,-44.15876740906238,1.1374592495548934,169.37010810324614,171.71982847535054,1.3873288494756328
13218,12575,153.75359795353418,-43.38655615064137,153.75327327226776,-43.386471288190634,0.9027150982457963,3.6312664950685294,4.018652271104939,10.668062411902342
13220,12579,154.4503748757887,-43.69703316538884,154.45006360564315,-43.69712406393827,0.8737669658449024,2.4356043902815623,2.967189556199426,21.82559565251937
13222,12580,155.38827526655484,-44.10996266933446,155.38771034515867,-44.11013650193413,1.5886652380546324,15.671529749016193,15.205374664703276,-2.974534661124451
13230,12592,156.4489511556467,-44.5701405566352,156.44865558602797,-44.570198875266165,0.7865577302667623,17.747074697938324,17.6924980937546,-0.3075245081943715
13232,12600,154.1364712774544,-43.56136456319415,154.13375434367362,-43.56197928420316,7.425061174646197,4.543572667571341,308.5553815302105,6691.029969267367
13236,12598,153.28832313574898,-43.18195281239048,153.2883493479561,-43.182093083109436,0.5096410119040976,26.155141331409382,26.513933687221073,1.3717851923087157
13238,12601,154.49027490091228,-43.72275011423757,154.49000303895076,-43.72275059737237,0.7073037563833926,9.955847969152076,10.596541587790204,6.435349561617451
13239,12602,155.01409223383374,-43.95329358342629,155.0140228616676,-43.953262078106555,0.21257482192869775,8.417277678904625,8.220413599891591,-2.3388093695235295
13242,12618,153.89457855777093,-43.45987051651232,153.89510150116766,-43.45967351862917,1.5395670598596876,10.581227849047343,11.368382284417176,7.439159675979412
13246,12610,155.4006286940498,-44.12364334614031,155.4005558479995,-44.12378240138798,0.5348245783622236,2.62949178829015,2.8285751375565162,7.571172123561644
13248,12615,155.96068423199472,-44.36773665636025,155.96062597793764,-44.367792780438464,0.25159140196222973,5.484725700925302,5.608523667901455,2.2571405340337756
13257,12629,154.96456297324931,-43.93600738041184,154.96492895764598,-43.93614670861361,1.0732062926600894,10.651496316710201,11.029326942559134,3.547207027206005
13258,12621,155.4626497287337,-44.15228135814266,155.46229948137795,-44.1523509828512,0.9387573806651421,9.902082798554245,8.930420693129848,-9.812704308696189
13261,12622,156.00817265755683,-44.39020992760479,156.0079322363109,-44.39041416077739,0.9607846885693081,4.540656029326362,4.547642594805897,0.153866873738313
13265,12625,152.80227683082927,-42.96814398812164,152.80210777497763,-42.96802637285869,0.6144936010368043,4.128410091754711,4.058866500446149,-1.6845126758956288
13268,12628,153.1441917102841,-43.12345616326771,153.14412430359732,-43.12327669477473,0.6699239679563531,1.8344256329219049,2.2572913161389336,23.05166672488549
13269,12636,153.6363689635365,-43.347372926401896,153.6367077670624,-43.34712671169902,1.2539421688373857,7.2092530875411285,7.1123554740316495,-1.3440728509994373
13272,12632,155.98243657581378,-44.37957366086298,155.9823117641497,-44.37982704422965,0.9670590699670707,298.06097882264703,273.2138360290588,-8.336261556858409
13273,12635,152.6177939545111,-42.88389749544105,152.61772685787463,-42.88372552324371,0.6439024667845692,2.0174441305528097,2.1753446932030105,7.826762598225394
13275,12639,155.02811018957678,-43.96779887463898,155.02799857951868,-43.96781152393055,0.29274819206171987,1.9388933512364437,2.427754931700386,25.21343322737129
13280,12641,155.50649124677756,-44.17880948613654,155.5065215136112,-44.17912894712292,1.152711274264227,16.268883548415168,16.296998044148697,0.1728114633672455
13282,12644,152.87803874973727,-43.00912511051325,152.87794390511138,-43.008889883309166,0.8828586273169602,5.089924837760589,4.698857441532052,-7.683166425706875
13283,12645,153.8456203428362,-43.4472164052545,153.8452967405224,-43.446873972069795,1.4950043322796345,6.0421143381499824,5.110787961347424,-15.413915140965678
13284,12651,154.42071355084744,-43.704163575332714,154.42070500207396,-43.70382663772396,1.2131794118068364,108.51091884711431,109.42771501331693,0.8448884001197421
13286,12648,156.35937582700717,-44.54815435474275,156.35993889138257,-44.54810687601377,1.4546639771448373,6.42222489482612,6.14163722363311,-4.369010363045018
13287,12654,156.48013711944066,-44.60091375581118,156.48023906677412,-44.60081502129895,0.4411657569389567,3.0353259304502918,3.3537745001810295,10.491412686066823
13291,12652,154.55351288058932,-43.76303172328799,154.55336549627276,-43.76328596824359,0.9922577990994165,7.409256998812297,7.5317697673555815,1.653509502544227
13294,12653,155.32239798371782,-44.10102764738109,155.32226555057116,-44.10117884539135,0.6430331582121104,2.5826531596868136,2.649190288139054,2.5763091030120706
13297,12656,152.90271001544366,-43.022590550333994,152.90251239789055,-43.022581317361876,0.5211716928657192,2.1558154350150933,2.0312669578812983,-5.777325605469701
13301,12657,154.73801104454495,-43.848516197811875,154.73802398345845,-43.84874923405347,0.8396027478461568,9.277812761261492,9.4589979306727,1.9528866778571674
13307,12676,156.57833450820422,-44.64707194348858,156.57846965930986,-44.64720368088631,0.5871437965655361,1.8679350302013684,1.833518600232483,-1.8424853869342128
13308,12661,152.6847214378018,-42.925036965822784,152.68466615997016,-42.92498665556516,0.23245815588942706,10.393008990648443,10.485933152036607,0.8941025786831879
13309,12662,152.7116541473127,-42.937070978068014,152.7122876299511,-42.93714379293159,1.690038661922159,5.005472434891524,4.945749330402924,-1.1931561958525552
13311,12664,153.06865750365296,-43.100071893070336,153.0682053989542,-43.10021985646912,1.3023102656318468,15.600006778417413,14.226546857723129,-8.804226435301706
13312,12667,153.52776073992135,-43.307985434389536,153.52760940520562,-43.30857530461846,2.1602214010662504,8.39622642257301,5.813913988206529,-30.755631213374723
13314,12668,153.59574870068283,-43.33922265232712,153.59584502500317,-43.33945596500947,0.8769733660292844,2.612484528934381,2.2418135999778617,-14.188444940101293
13316,12669,153.6843631572325,-43.378633097452656,153.68448643416122,-43.378999774133554,1.358875611134534,26.131406362203613,25.82136689977909,-1.1864629791719263
13317,12671,153.99901960686748,-43.52034416205472,153.99915525471556,-43.52047520815573,0.5898751760257354,114.25400898885688,113.77339536958684,-0.4206536151540371
13321,12683,154.92579836082413,-43.93357338031134,154.9260948507005,-43.93346768447308,0.8576814369667427,7.830087072756324,7.829785856436119,-0.0038469089475859372
13326,12692,154.19433886788423,-43.611689048160365,154.19467494833947,-43.61163599594117,0.8965763896987813,3.9497715529989774,3.8126662514602616,-3.471221049091173
13328,12693,154.85253451790268,-43.90342529505727,154.85282203841723,-43.9033826034847,0.7614524100269253,11.340711322997386,11.491210983397604,1.3270742558716366
13330,12687,155.992321245628,-44.398110842408876,155.99213977647275,-44.39817207372805,0.5162040685014702,25.702181027460057,25.338790758895446,-1.4138499303867145
13331,12688,152.55728294852514,-42.870999830408024,152.55715630589827,-42.87099332608041,0.3349526834053211,3.586665066088141,3.6118681288773558,0.7026879378146882
13332,12690,153.11426179867334,-43.12656963304895,153.11511713333056,-43.126860390769906,2.479146390208717,4.882616674768382,5.341824047396586,9.404944176781758
13334,12691,154.02681319875654,-43.538596608535656,154.0269540373972,-43.53851579407559,0.46875350597162746,91.81835153354737,97.0449314762976,5.692304267563131
13335,12695,155.457564551507,-44.16844942150247,155.45717913455698,-44.16844861927528,0.9952509099537722,365.8027502344222,395.4790805436927,8.112659155857255
13336,12699,155.48228330141362,-44.181017683057675,155.48225655455778,-44.18091033587439,0.3925707149440501,11.092470122952449,10.921502187102345,-1.541297239974879
13343,12701,156.54333669944262,-44.63868095464604,156.54290580041445,-44.63859197415924,1.1493279787212494,4.155120725412265,4.539872411918129,9.25969934285579
13346,12703,153.95247083652228,-43.50743077681922,153.9529140200207,-43.507656641032,1.4142746471517704,15.799677335043413,14.893151907021208,-5.737619881714589
13348,12705,155.33811846961328,-44.121797143951895,155.33802158287196,-44.12199031550061,0.7391196231819627,2.330722534694135,2.9001271503592636,24.4303904557156
13349,12706,156.04318585900415,-44.427383892859766,156.0428540965889,-44.42752682740982,0.9961222234088676,12.237441773725122,13.695208674904794,11.912350049416604
13352,12710,153.4701371066659,-43.29346018942681,153.4700325230921,-43.29361038619151,0.606185916145933,15.415416738696864,11.593011726809658,-24.79598882521246
13353,12711,154.0915522210633,-43.57327914957449,154.091770003481,-43.573520939023275,1.0393791240049606,5.715156665530415,5.588395192057491,-2.217987727921008
13355,12717,155.7622046149445,-44.30718362495467,155.76113321824366,-44.30674296643558,3.1835251031520038,1232.3129044914558,1144.3988946091329,-7.134065509003398
13356,12718,155.82831099946992,-44.33600111720852,155.82813149195007,-44.33601010649782,0.4633477878777587,8.796313000289684,8.846781441702628,0.5737454023211985
13357,12719,155.8627509782017,-44.349965551309936,155.86233493764763,-44.35005951161602,1.1231587200853528,5.3003811447494575,5.327067230169075,0.5034748387114193
13358,12728,156.26277801099832,-44.52414201312325,156.26301990352044,-44.52424404804611,0.7213757410563256,3.197447211991946,3.4188789098356933,6.925265161947729
13361,12723,153.1485952703846,-43.150719327510764,153.14874561069809,-43.15088358622363,0.7110432949986674,7.002975242986454,7.383852680730217,5.438794576993761
13362,12724,153.4909682160493,-43.305479293163266,153.49074626725545,-43.305351286975366,0.7419173219381733,9.266454561961522,6.556740470450493,-29.242188297499588
13367,12736,155.30906377925407,-44.11366540698158,155.30909847178853,-44.113451272343575,0.7760822442013725,9.397206406623058,9.659944420765536,2.7959161773578036
13370,12729,156.43555666340347,-44.59922684947553,156.43537265714025,-44.59921293516798,0.47432085820378156,3.4567500730459084,2.621969773730085,-24.149281309778306
13371,12730,153.29905699561033,-43.219593451428935,153.2985507769693,-43.21925191695154,1.8098121330113761,4.804604124215852,3.8957006147845408,-18.917344404095964
13375,12733,154.71087144061326,-43.85240674827396,154.71071118564663,-43.852154599330994,0.9985326727681907,3.2242403044111856,2.6636237653385044,-17.38755446688275
13377,12738,156.149981032309,-44.479142953113374,156.1497137237558,-44.479085045410514,0.7175640539518541,27.795822742464466,30.577966602005905,10.009215720357428
13379,12739,152.6048340206126,-42.90435779058505,152.60518237740857,-42.904243327868265,1.0067950515472637,7.300051379224899,7.8269369341350625,7.2175595422467635
13384,12744,155.5451492827978,-44.2195551528932,155.545008754583,-44.21941453235758,0.6226773390369318,4.458103340017496,4.6633608941387665,4.604145271349064
13385,12751,155.57891035375326,-44.234866346308294,155.57912651822627,-44.23486986065913,0.557707427980006,10.971149960657101,11.540776645475061,5.192041735466745
13386,12745,156.3267150001662,-44.55725627167841,156.32660084764268,-44.55730677421402,0.34467229901065205,3.227664386296287,2.4109906634399314,-25.302312295036366
13392,12752,155.63732650275466,-44.26203222580589,155.63687287602565,-44.26253663266319,2.1598922597422017,2.3576709137541836,2.7139491881253672,15.111450554559037
13396,12758,155.00990983599,-43.990395095654584,155.01018838016196,-43.990345224181034,0.743445718099196,2.1823794791818023,2.498095690879033,14.46660467205254
13397,12769,155.1941730515049,-44.07118107593034,155.194070804877,-44.07081747885715,1.3353986218566352,12.321515907155048,12.576008361319479,2.0654313647937483
13398,12770,155.20917975402085,-44.077899914523194,155.20918950213016,-44.07759331490856,1.1040464940106556,7.682926897265064,7.718730198226972,0.46601121474489793
13399,12759,155.40760411791732,-44.16420682234747,155.40719779244716,-44.16432024163309,1.1259543104681797,65.7253664515903,66.68500167518175,1.4600682740936297
13403,12781,154.79482189894364,-43.897758646664506,154.794202943082,-43.897647546431536,1.6546889823974724,3.3553141362179018,3.1439063299873253,-6.300685946171185
13408,12774,152.92237042119805,-43.05793596559352,152.9222448721137,-43.057854591653715,0.44144992179395265,88.42183547814777,87.0277429695105,-1.576638282951955
13413,12782,155.49312343477965,-44.203976800135884,155.49308483041222,-44.20386728135612,0.40666004596960964,3.3890151119964207,3.5402981542901113,4.46392350857863
13414,12787,156.35802586760687,-44.57870343960253,156.35782917606184,-44.57901155676271,1.2185046637973047,8.256888631763372,8.62875294030786,4.503685651202387
13415,12788,152.80340879300968,-43.00755078340864,152.80346504285515,-43.00761796068288,0.28357278450622575,30.901614245410453,29.835211560401095,-3.4509610939426607
13422,12789,154.65244481528373,-43.8368847907333,154.65211033843957,-43.837022332574534,0.9997729455754772,7.614437701762011,7.395168255758555,-2.879653818071376
13427,12795,155.23148508520669,-44.095218736958316,155.23124420660432,-44.09543875120145,1.0075724818602358,7.456983240853331,7.328662060386254,-1.7208189467835404
13429,12804,155.86429308863052,-44.370529128108295,155.8644526890506,-44.370392074875454,0.6419678324134063,64.97402646591618,60.5799326003619,-6.762846793648103
13432,12800,156.53410053854518,-44.65756556003482,156.53400035691885,-44.6575518584411,0.2612393759290638,32.912848658843096,33.267291813620744,1.0769142423726843
13433,12802,152.7040305897764,-42.96511846648824,152.7045946303621,-42.96538098795439,1.760974554049653,2.679742113700759,2.9290832503216366,9.304669107749856
13434,12809,153.60040318995496,-43.373401688497495,153.60022836416562,-43.37310710973325,1.1549548879013571,35.018854742414526,31.767189079120698,-9.285471176061733
13439,12812,155.5006070378607,-44.21492800930906,155.50028914474075,-44.214906945652864,0.8237333353886162,210.20665713454028,230.6081624536757,9.7054515766728
13441,12814,156.25796593511788,-44.54355226606912,156.2587107304875,-44.54312329449133,2.456977613955919,3.8278739454653885,3.6185546573464302,-5.468291043568037
13443,12807,153.01594858041167,-43.110371348780774,153.0159298530431,-43.11030235310291,0.2532138559176741,50.45968481870507,52.55403248409862,4.150536557884302
13444,12808,153.2763239616533,-43.227567033649194,153.27660723416705,-43.22756090943794,0.7433794776417063,6.079534713066424,6.424511506818025,5.674394670535557
13447,12819,154.57339582226447,-43.81037637760538,154.5735309078573,-43.81028268652386,0.4867443151703484,11.010886629477984,10.785598314642986,-2.0460506262217204
13448,12825,155.77950567332672,-44.337626206950134,155.77986910287777,-44.33764947702263,0.9395157839973588,10.449283574291973,9.835410849412302,-5.874782902724187
13449,12826,155.83631792575972,-44.362708361476905,155.83636578269164,-44.36245847213913,0.9079946624584762,16.059813464910093,16.208737820254843,0.9273106170886889
13450,12813,156.05493056642732,-44.455980375998,156.05407863567365,-44.45560779378069,2.5673925642417905,390.1832479793782,359.5965869450764,-7.839050290523586
13451,12815,156.3368783011911,-44.57584405518561,156.3367012643479,-44.57579238421017,0.49061726477770495,2.983572654841145,2.722371257624681,-8.754651802852482
13452,12816,152.84616139878557,-43.03317564996516,152.84644020953934,-43.03289020878153,1.262625022779812,1.3100993999276485,1.2230975076338901,-6.640861929908761
13453,12829,154.7530638734822,-43.89161818604593,154.7534752047328,-43.891559619238976,1.0877665009529944,71.72996453348846,71.70372991634149,-0.036574139298118036
13454,12820,154.94125903703275,-43.972435593804946,154.94098477012835,-43.972497707107685,0.7449300893362539,10.558022135872138,10.680724026492783,1.1621673931119225
13455,12821,155.03507517321864,-44.01540122950324,155.03498395532208,-44.01551601026509,0.47593478929491095,5.483354367096339,5.799302111532013,5.761942841621976
13465,12831,155.92816588090832,-44.40450020853425,155.92800809310853,-44.40459117341187,0.5214638288775407,14.6699459216149,14.495833486412334,-1.1868648741644428
13466,12832,156.17530778753908,-44.51115391991614,156.17543284905219,-44.51116697497433,0.324480856049799,2.9179042601498053,2.95682205786106,1.3337585555071103
13467,12841,156.30409073034457,-44.5674648853267,156.30374173018157,-44.567466143759,0.8951021973323017,5.8642551692447675,5.002778734307842,-14.690295870052857
13468,12843,156.43360782672247,-44.62357900598803,156.43390369168486,-44.62346937610323,0.8546638840100185,6.92447387460307,7.529735191910257,8.740899716974996
13470,12835,152.65689524902118,-42.950685412979134,152.65699704876653,-42.95078206470393,0.4393399696501512,4.538446639142211,4.619559780809136,1.7872445820417602
13471,12837,153.78010841621753,-43.46062919482782,153.77995345427564,-43.46040882563158,0.8906932921231431,2.5384053778616407,3.02538778895158,19.184580025597587
13472,12838,153.9326077568611,-43.53033201258879,153.93274996691252,-43.53045963797384,0.5906478559101663,4.704699126940053,4.8641942556109985,3.3901238818364487
13473,12839,153.98017713057138,-43.55032154889522,153.98037653493944,-43.550476706172674,0.7633391980942558,9.442939376135866,9.39140711539611,-0.5457226684096775
13477,12846,153.45182810379447,-43.31369875051395,153.45120319550878,-43.31371457826791,1.6378707117061102,12.388343700252676,10.344360389774653,-16.49924606496293
13479,12848,155.08645070733874,-44.04266929950346,155.0866079756207,-44.042693057395155,0.41586264444234583,4.492053935536241,3.8943826109649105,-13.30507899389198
13482,12860,153.6877628112165,-43.4248287601783,153.68715849269134,-43.42467794937052,1.6707251958196383,1.9745256809345813,1.6832505872617924,-14.751648787617826
13488,12852,154.82497014787913,-43.9290285265302,154.82485929802604,-43.929362529110534,1.2362798393438952,13.868493191719248,13.555644752293018,-2.2558214155019263
13490,12869,156.50657191516635,-44.66039814439171,156.5066212090612,-44.6605092554339,0.41944260137340944,3.2102241290072953,3.418900432788241,6.500365563119584
13494,12872,153.53528043222596,-43.3583124729048,153.53536217668147,-43.35805755567653,0.9423150027514948,12.02622330267788,12.34894284128604,2.68346537799858
13496,12861,154.14676959441212,-43.630611310771236,154.14682435870316,-43.63078514446073,0.6418645915374104,6.742309358246264,7.18235249591529,6.5265936979119115
13498,12863,155.0609682916021,-44.035107839126724,155.0606816129415,-44.034848703371466,1.191962257973472,4.149178718053844,4.26616744132225,2.8195633694775926
13499,12878,156.03731213978145,-44.46100091321511,156.03747672247408,-44.46115649271899,0.7018013414872033,2.9055657883315504,3.22402255082979,10.960232384932693
13501,12870,156.56980005763,-44.68810846012959,156.56950322801728,-44.687904408405366,1.0567749626666756,7.098126275038254,6.889069876256809,-2.9452335825107308
13504,12873,154.0458998984842,-43.58811759326892,154.0463727664731,-43.588317628691875,1.4279057266554758,1.8757658795075334,1.6072761712431074,-14.313604442731185
13508,12882,156.49172261206533,-44.65715587884502,156.49185985855084,-44.657367869974756,0.8402064834172639,4.133140756842908,4.315223621603183,4.405435853081326
13513,12886,154.6402025496604,-43.853767074998785,154.64006142774272,-43.8538170219456,0.40809931806652017,43.14697359319124,44.15690544679368,2.3406783129786177
13515,12887,155.14306650870583,-44.077181349022446,155.1434567231962,-44.07713695243427,1.021771189277975,3.249071231683163,3.4546440197366204,6.327124688705623
13519,12904,153.1809243938896,-43.20325132597864,153.179669211227,-43.20292366979971,3.498633867547432,3876.330132385573,3720.571143677579,-4.018207515574445
13520,12893,153.77874815837015,-43.471587241160606,153.77843725076397,-43.47155189189169,0.8221782736282198,18.46291831547198,18.963880838973488,2.713344201288582
13521,12894,153.95217645354725,-43.54926341618976,153.95212371604185,-43.549520456120234,0.9355189526828528,212.6613056634899,209.65354584462963,-1.4143427782859967
13522,12895,154.0985052728899,-43.615967326132626,154.0984171949912,-43.61599602198578,0.25173320431119744,44.03338036392897,43.090210767052966,-2.1419422925990586
13525,12898,155.30378948192555,-44.14730206818925,155.30348020511124,-44.14745442892114,0.9690826985875979,3.853951490201844,3.732574644765873,-3.149412901136797
13527,12901,156.18450190131185,-44.530321483158666,156.18428084148286,-44.5305245180853,0.9252587517912557,6.128918334914751,5.460079395089941,-10.912838175940767
13528,12912,156.2073949828847,-44.54013425081049,156.2076059312291,-44.540107415232285,0.5498333114907717,25.112087285756267,25.698434580084516,2.3349205808982223
13529,12902,156.43653609060226,-44.63821948887741,156.43646100371407,-44.63856275759299,1.2506464959052705,3.184709576994922,3.1038896138209067,-2.5377498707519996
13532,12908,155.09025760810948,-44.05744803388373,155.08985740339597,-44.057718942297875,1.4223746144440474,21.010784386383474,22.545117631380318,7.302598593088246
13534,12910,155.47268536500616,-44.22290172757652,155.47243793830643,-44.22296020752906,0.672150749279893,5.5009815949283665,5.309229882889523,-3.485772652205008
13536,12911,155.83983878311298,-44.38340240096278,155.83999688329732,-44.38332676204894,0.48949503284355156,2.324922894591468,2.4792736753091753,6.6389634287131765
13538,12913,156.455065010041,-44.646768146228325,156.4550200661255,-44.64678179181903,0.1251554124237418,31.284938934743046,31.783386185679852,1.5932498764869334
13540,12920,154.5217579041578,-43.809528217043116,154.52229918754864,-43.80950673644995,1.4083371633713724,6.331303364973749,5.176583137138935,-18.238270404526762
13544,12922,154.9800167638644,-44.010867011703844,154.98053055754607,-44.01106560600361,1.5102316548004358,6.072968434600833,6.047867011647298,-0.4133303708696875
13545,12925,156.08362873011893,-44.491181151292984,156.08381208057588,-44.49101957556507,0.7483670438330754,6.186895301336017,6.293630583923099,1.7251832686425543
13546,12915,156.2647509483724,-44.567823929358944,156.26489048443312,-44.56750727656027,1.194804486396831,3.475899537951073,3.2959511368406473,-5.177031129515882
13551,12923,155.23054300433915,-44.12114850102746,155.23044596398185,-44.12118923889696,0.29051814560385936,2.105521442639111,2.3684786765323693,12.488936401600418
13554,12924,155.600413351345,-44.28388573619089,155.60039863781796,-44.28393596023022,0.1847401120881335,17.273420838256218,17.30504063455954,0.1830546282603811
13557,12926,156.2424702455597,-44.56118731947274,156.2424910802752,-44.56120809362311,0.09191867673483847,1.6834118662187405,1.8410694142614794,9.365358009318742
13558,12927,152.5707959475249,-42.93208932475915,152.57034106631474,-42.93212818996289,1.2071032573217988,5.908463656630346,5.574481559839288,-5.652604741272638
13559,12928,152.6588128161718,-42.97356294173162,152.65907780626736,-42.973398292741074,0.9157081573850833,4.076285988474043,4.290119880666237,5.245802006945097
13560,12930,152.8169017681565,-43.04510942674911,152.81689196453613,-43.04514749308078,0.13944495574981153,2.2733659227463,2.4828851908861154,9.2162579742864
13561,12931,153.46156263966134,-43.336445274945184,153.46119177906533,-43.33672761813058,1.4057399321723927,7.73332955010869,8.155395493769833,5.457751941467578
13564,12940,154.23839835239852,-43.68753004550269,154.23864301319384,-43.68734063841446,0.9330551362295445,2.3112125432552273,2.3072471234416136,-0.1715731348545102
13566,12943,155.54128102339095,-44.260755508304484,155.54109102470355,-44.26077777410209,0.4963722826564892,7.614564956942013,8.317950965320545,9.237376164704877
13570,12934,156.21789626554636,-44.552349689599055,156.21770075888054,-44.55251745721851,0.7850639142235836,3.6660041522155997,3.476165481443309,-5.178353948605294
13574,12936,153.2472469532226,-43.242018721391105,153.24732686726574,-43.241854962512,0.6256747224526111,17.31859210561761,24.687471686502555,42.54895280139261
13575,12938,153.42998266099625,-43.32541821826809,153.4297928521613,-43.32558534862782,0.7804495576362769,5.002817481042235,4.850639933494215,-3.041836887407619
13576,12939,153.4816776899772,-43.349620856025176,153.48208250809063,-43.34970413932896,1.1013450011008932,38.78889267234972,36.05283493063797,-7.053714486833286
13585,12947,154.28515351823225,-43.7113612873478,154.2850029481796,-43.711276499365276,0.4966750022072768,14.149883332110463,13.966261491217871,-1.2976915539359737
13589,12950,155.98900183664006,-44.45779443130726,155.98898392663503,-44.45741197577075,1.377608844012,7.106429020567437,7.348886561645623,3.411805568963888
13594,12953,154.44208518496518,-43.78191355017993,154.4417922896018,-43.781812179242486,0.8442230575542856,20.273651007295094,23.904970983608706,17.911524544873295
13595,12956,155.4130464942054,-44.20824878012316,155.41268071766606,-44.20887792903562,2.4537438809577843,6.137521991383729,6.364424865892801,3.6969785986528927
13597,12966,156.37409809314187,-44.62570261530581,156.37404724350543,-44.62568981205062,0.13819768785701494,18.1879249620994,19.363754035756934,6.464888524159646
13598,12958,152.48362217309753,-42.901589491722156,152.48358350396052,-42.90143349135244,0.5707843277582296,7.484419978648859,7.141666885222914,-4.579554519972577
13599,12968,152.72880914042722,-43.013804909552206,152.7293214376911,-43.013406806272585,1.9678603474249212,3.0393234145455468,3.5093977836509804,15.466414888779493
13601,12961,153.6597673562157,-43.43402085656734,153.6598981927458,-43.43451162316517,1.7995625902931862,12.817442690938897,13.975854908408747,9.03777957430442
13602,12962,153.69168289116152,-43.450379360302065,153.69133924740237,-43.45046331821286,0.9476051521338732,5.148702191983485,5.133908472635863,-0.2873290937404807
13603,12970,153.9240088193228,-43.55618766111893,153.92339550216337,-43.55607947077264,1.6468155491424432,6.581452687924928,6.763254006195413,2.762328119505255
13605,12972,155.04275870769212,-44.05071113350716,155.04283346581013,-44.05084651799566,0.5243646895222157,4.126337735232119,3.6042847534087925,-12.65172691430115
13615,12976,152.70446799730496,-43.006270833439345,152.7046295451198,-43.00623004344503,0.4499290515137711,7.332862157209162,7.366618805957248,0.4603475153954655
13616,12977,153.60472897609202,-43.41346437996373,153.6043757078935,-43.41359226811287,1.0321921700081929,38.71130357812566,35.30104336254953,-8.809468812368136
13617,12982,154.56154335026457,-43.842901774497165,154.56157205973687,-43.842814189014796,0.3239995054214303,3.6861626481805025,4.128102711021436,11.989163393511017
13618,12984,154.83206429304084,-43.96227520313598,154.83207330078545,-43.96222566560817,0.1798561470651929,3.394672627210946,3.602394807742077,6.11906370193331
13620,12979,155.82503582724365,-44.39390241810937,155.8243976749991,-44.3937518367381,1.7287574670511479,2.4574900629719356,2.2282270712230874,-9.329152341376789
13623,12986,156.00881063511602,-44.47483927261165,156.00866765520908,-44.474540866623734,1.1353145620285314,2.4468464473395,2.626166819158117,7.328632003597741
13625,12991,154.15909363035752,-43.66641704704877,154.15914221434522,-43.666091799129774,1.1777081672046055,5.863601392360768,5.919615998328626,0.9552935511754848
13633,12987,156.15646547967248,-44.53980941240292,156.15608657995674,-44.539693848461184,1.0575100848568324,16.392976523189912,13.680480844554614,-16.546694096695216
13638,13002,155.0046331543358,-44.04208200545492,155.00465755972343,-44.041770009617906,1.1249592280532557,6.423819309108068,6.957702804124215,8.310998011092487
13639,13005,156.1245814698389,-44.52967890010605,156.12486342851224,-44.529597029409246,0.7813391659041967,4.41018849732315,4.986769647194384,13.073843674056127
13641,12995,156.50184766451434,-44.68979321975187,156.50197539376165,-44.68991405895154,0.5441576399083231,3.8130493998198594,3.7090781066409524,-2.7267229526011096
13644,12998,152.97512674191432,-43.134191790733574,152.97504218624474,-43.13417394584975,0.23124031000824874,10.1587791150348,10.298830547814982,1.37862464764991
13649,13007,153.05336006209862,-43.17186544736157,153.05326736234548,-43.17192979154697,0.3359938033255109,6.008373844497325,6.540891772115957,8.862929328312855
13655,13017,155.9750557740917,-44.46868305586364,155.97474791600303,-44.46852921049113,0.965549678052215,20.42447068986891,21.613258932235333,5.820411507437948
13656,13010,156.10954266639914,-44.52529961176891,156.10973421217713,-44.525104659836565,0.8568845121606445,9.522565609610158,9.325346573689469,-2.0710703817220852
13657,13022,152.752526512173,-43.0387517885333,152.75278407504996,-43.03842443903266,1.3594289110355666,10.984035061513188,11.151676345614131,1.5262267751524154
13661,13012,153.79315426253063,-43.50995951115816,153.7935499236483,-43.51019888695384,1.3452813562622177,4.238660071789225,4.419678074209007,4.270642121659242
13662,13013,154.1883734560082,-43.685456053043616,154.18865467178114,-43.68565823106381,1.0323324135772058,91.3920705126853,89.80755831036721,-1.7337523851132675
13663,13014,154.7365268741863,-43.93012522552015,154.7360921457108,-43.93030240503668,1.2950739218111902,21.949804993848083,21.087361834694498,-3.9291609168979136
13665,13018,156.0945294810957,-44.51975612559682,156.0945692205535,-44.51974449369334,0.11026523058559871,8.36826051718232,8.570094088842989,2.4118939801915857
13666,13019,156.13311987088855,-44.53825599428127,156.13300366530115,-44.53846599936053,0.8126979000430543,3.9315428149707343,4.115142769596466,4.669921281961127
13667,13020,156.22781672010302,-44.5778397336848,156.227748486363,-44.577950508132076,0.4354839324727617,3.1227351849153058,3.4407428485912086,10.183625726961147
13674,13024,155.3109992662963,-44.182464463577155,155.31016598811715,-44.18242966943378,2.1548736942802393,2.8104635945719174,2.443068886370509,-13.072388089672774
13675,13028,153.44899432422412,-43.35832380555332,153.44942707723257,-43.35838622694648,1.1547917133717653,140.489791533635,139.59321066941354,-0.6381822155432725
13676,13030,154.50276314463284,-43.83055885886837,154.50231701454385,-43.830526601182356,1.1644087316682152,6.979101601410485,7.4721233065641295,7.064257454770456
13677,13031,154.520056376891,-43.8364985766761,154.51964474683427,-43.83652412025824,1.0728479284698913,8.805943888275953,8.275066476320704,-6.0286258769153385
13680,13036,155.1318873209417,-44.10814096533318,155.13171418655338,-44.10790797808383,0.9506822124683593,9.199016770896074,9.335534114355541,1.4840427717381857
13682,13037,155.56361190140885,-44.2962218526358,155.5637225567853,-44.29614890334673,0.38763661264811894,15.855635538011855,15.889598581167885,0.21420171442896618
13690,13048,155.04272833606143,-44.07286624231923,155.04294069572956,-44.07277260950468,0.6444408304179441,36.96575843844633,38.02141610190294,2.8557716872344074
13691,13041,155.3335381584061,-44.198962846139594,155.33323771574987,-44.19884786130466,0.8789922906811337,269.8680136578533,299.49457873357386,10.978168429135147
13692,13044,156.3791878657622,-44.651249253893404,156.37904641519222,-44.6510988078031,0.6515897418314356,8.13428306660588,8.42849801942178,3.61697460497479
13693,13045,152.47017685013438,-42.91941902145832,152.47037117651186,-42.9194823087706,0.5606843274428837,14.029216516966708,14.36203501792697,2.3723242175196155
13694,13057,153.06779505661942,-43.1927203085305,153.06841510970912,-43.19251619804135,1.785592191566094,4.561488173119326,5.103062571514318,11.87275682498684
13698,13049,155.27181979835694,-44.173778481076496,155.27160605075392,-44.17380470797895,0.5599198185004952,5.520283757757561,5.9187106223863735,7.21750696363951
13701,13051,156.3617388102353,-44.645305587737916,156.36194568845667,-44.64538296891505,0.5986406922653443,4.856129209614854,5.200906477552725,7.099837196572789
13702,13053,156.49688035340358,-44.703871796612326,156.49664545278307,-44.70411693745113,1.0677398678593273,24.066070821268166,23.917055780485367,-0.6191913997490153
13703,13054,156.5160553837736,-44.71232772330518,156.51585430468714,-44.712446231610386,0.6683172761411453,37.4739488174838,36.38091710625942,-2.916777510018962
13709,13062,156.27260704558765,-44.609832896759364,156.27285396899208,-44.60995306983371,0.7665740815094068,3.0063206193232843,2.876764290854421,-4.309464786827229
13711,13070,156.4082136413087,-44.66856361122631,156.40819400324526,-44.66848268567329,0.29563876408199286,36.88406655677038,37.53661618148745,1.76919110508788
13713,13064,152.99642159772893,-43.164086464209554,152.9966468159857,-43.16427751803987,0.9070808002039606,28.934655420729346,28.607325985307842,-1.131271240876775
13715,13066,153.55238539604255,-43.41428368624159,153.55238046773303,-43.41437677189249,0.33535607416091334,42.23522346286427,44.28040773392953,4.842366402686393
13717,13074,153.81545198568713,-43.5348840427394,153.81549723037995,-43.53465651862377,0.8275545107641729,40.58043814070838,42.35225886382553,4.3661941671835836
13718,13067,154.31886304705034,-43.757076296429254,154.31883473793317,-43.75735611963191,1.0100493086166134,6.129554783173463,6.2589312651976075,2.1106994977726994
13724,13075,154.67294619463678,-43.91694192335812,154.67296880306034,-43.91697133615752,0.12103405607384926,6.053386319986686,6.18495997965421,2.173554647141931
13726,13076,154.9997533343322,-44.061600340242656,155.0002379964209,-44.06172847373719,1.3359497614777285,5.465199461484271,5.827806260451648,6.6348319310727835
13730,13072,153.6814662187775,-43.47604386187623,153.68126095721908,-43.47650349378352,1.7393908958149316,3.872454982869835,4.146573998239995,7.078688237377853
13732,13079,153.8507914326107,-43.55429096335726,153.8510375077069,-43.55456328666322,1.1718736157251382,3.6240944608202095,3.7917034181675664,4.624850680890461
13735,13080,154.2783520714625,-43.743406468604185,154.27788279889631,-43.74349826231418,1.264427715376381,20.525402302170342,20.063132201547138,-2.252185335116789
13745,13084,153.1218657467965,-43.226154106965126,153.12171192249238,-43.226077767771926,0.4882048434086479,4.930690063510506,4.942128616169637,0.23198685197801805
13746,13085,153.37940358698444,-43.34323706876929,153.37911967245628,-43.34313613922784,0.82737458890257,2.718329999148755,2.4861730106404596,-8.540426974686497
13747,13094,153.40946530711702,-43.357759520978036,153.40932200257345,-43.35752248671977,0.9321266550105004,2.928111867921552,2.9902473469631485,2.122032280334358
13751,13087,155.4056440616485,-44.243144590695955,155.40541676119298,-44.24317237634779,0.5946779469322264,4.687881096161878,4.733517632572679,0.9735002973553308
13753,13103,155.8530528718181,-44.43812349969674,155.85290196224568,-44.43791805900288,0.83513860501172,46.90550591567416,48.41890514724687,3.2264852537641664
13754,13090,156.55629379397413,-44.738288748818626,156.55595978901468,-44.73852654561228,1.2092801630912762,7.178485594390031,7.339313553234864,2.240416265103601
13755,13091,152.43842517844234,-42.91679931093432,152.43846305265149,-42.91673527919759,0.2512119357546637,3.1533360747482435,3.256023236358348,3.2564610677694015
13756,13092,152.60357724109934,-42.99127264849652,152.6034442896175,-42.99124844961238,0.36077020455798064,11.052504741385535,11.590938220828688,4.871596909857153
13758,13095,153.71677361717659,-43.49634571762011,153.71696672873466,-43.49658057877012,0.9844795785923327,11.269032206688536,11.797931426529125,4.693386354213012
13759,13096,153.90245511217995,-43.5798867566734,153.9025490365345,-43.579654237749,0.8721703023797066,2.9959072125474777,2.9588359512378775,-1.2373968444128765
13760,13100,155.08216983411927,-44.10419134827231,155.08192555189217,-44.10435263591278,0.8578533272029318,8.705508830683504,8.515317557426593,-2.1847232247535175
13762,13106,154.57185513847298,-43.880306274351824,154.5711107251306,-43.880712506802084,2.422789592160865,2.878858085885646,3.0913169314345907,7.379969391008884
13763,13107,154.6256372093307,-43.90535808510112,154.62566392962816,-43.90576316401021,1.4599300312240733,12.654800608043386,12.686182273873703,0.24798230175488178
13767,13109,153.06028693373773,-43.20397388920531,153.0606975107582,-43.20427975953607,1.5405463587910124,2.8734335264297597,2.7571883157463706,-4.045515917252617
13773,13118,154.96225635620314,-44.05570148854705,154.9624678646055,-44.05565821094261,0.5689598429800471,30.236919182205533,30.2832334811022,0.15317135524813677
13775,13113,155.6466459472767,-44.35449074327421,155.64663209256835,-44.354377740473275,0.4083703298172956,7.685505490486302,7.01660143406507,-8.703449073704421
13776,13114,156.09758419271574,-44.54725381027832,156.09753204923,-44.5473364330208,0.3261423396758535,2.973355963112603,2.9971390572896985,0.7998737612363925
13777,13115,156.4843843840029,-44.714581722098295,156.48385968935096,-44.71467358646868,1.3824303943426803,5.731047881783695,5.93908331640086,3.629972020970404
13779,13125,154.78936412861574,-43.981922484270754,154.7894174270826,-43.981657340618426,0.9644506287151522,2.1519980588548844,2.000424279893587,-7.043397568952839
13783,13119,155.88387545527888,-44.45726218636596,155.88370744464342,-44.45738147609293,0.6089340975384437,2.370471263331369,2.6770551180993074,12.933455870588254
13790,13129,155.91928738630924,-44.47442884664357,155.91908141158768,-44.47445585777101,0.5379745589605253,7.28038586808019,7.191727748707053,-1.2177667637349507
13792,13137,156.1074559035619,-44.55722767445224,156.10760549338636,-44.55721265255073,0.38751684957515836,4.248582559036619,4.274910670094478,0.6196916428482739
13793,13130,156.4312652266686,-44.695642370469514,156.43127261583416,-44.69581117361733,0.6079854598753377,12.877446172720735,12.716105719721462,-1.2528916901322598
13796,13133,154.01650965632368,-43.64237491792534,154.0163959023402,-43.642467289588765,0.44542630411285866,27.134404767318294,27.286682809968383,0.5611991269235365
13799,13149,155.66645270676338,-44.36886932049919,155.66646695311624,-44.3687403493174,0.46574151424121424,2.9120631989757526,2.8894264842184842,-0.7773428394421616
13800,13136,156.04806693269663,-44.53280310429676,156.04803851751535,-44.53262781776537,0.6352308296553585,3.2617554796016366,3.6399507168541803,11.594837185610652
13803,13140,152.60467607259062,-43.00423596447624,152.6050467726294,-43.004565926272655,1.5373577870897286,2.341104055290616,2.676290275267288,14.317442200793717
13805,13145,153.88466979381417,-43.583706645990596,153.88491237778274,-43.583934455225894,1.0357398752983178,8.71981558080468,8.969970731850072,2.86881240465762
13814,13156,155.49352093793382,-44.29601532848515,155.4931928249989,-44.29604293058773,0.851257624377166,2.77670218066529,2.8212297317000545,1.6036127801108215
13818,13166,154.53386341944167,-43.878961750246155,154.5338447495857,-43.87896145087948,0.0484584029053806,3.36850472673085,3.4576515952677025,2.646481919096788
13821,13169,155.72249127810827,-44.39918098597115,155.72126650416595,-44.399161708891185,3.151051973886303,3.269002281409066,2.521941198369816,-22.85287738365351
13822,13162,155.79716257611636,-44.42980624257441,155.7970103165965,-44.42984964389538,0.4214590369138755,8.20058486559632,8.144037008197856,-0.6895588342204357
13823,13164,153.15910696417794,-43.26252910557637,153.15915594861235,-43.26277888935874,0.9083449104573683,15.817282318490637,15.553981601208447,-1.6646394240203182
13824,13165,153.71425968214808,-43.515225929436255,153.7139919332029,-43.515091730780824,0.8497148252648071,16.816915584770793,16.04274044341574,-4.603550142430017
13827,13170,152.58672635524815,-43.00504110272323,152.58659802926553,-43.004888508556824,0.644909574886281,27.755671740825274,24.09442922744483,-13.190970651217185
13828,13172,152.79854717697788,-43.10017111509616,152.79826454490671,-43.10014253082752,0.7500131093328554,3.467157262869238,3.727733138366167,7.515548206812229
13829,13173,152.93455903666757,-43.16249628816884,152.93413974472745,-43.16224051088716,1.4353104996525516,31.502657094084725,28.964136777595492,-8.058114935853753
13831,13183,154.89324812517523,-44.04244288983386,154.8928875943187,-44.041525174456424,3.432984113485345,7.7280387536248965,5.527914871130727,-28.469369171604953
13833,13177,155.42287376537783,-44.271835265461796,155.42300327736112,-44.27192230039418,0.4578499628070844,26.764864229046434,26.20013361160554,-2.109970043591788
13834,13184,155.70632808771583,-44.396126026569846,155.70656020974164,-44.395858893090754,1.1319614611881688,9.783353875526997,9.716778880879334,-0.6804925539308151
13835,13178,156.29603746223597,-44.64975770097067,156.2960779385805,-44.649853788666086,0.36111473788176707,44.58907436981533,44.83024496807488,0.5408737491595287
13838,13179,153.8561501028701,-43.58099654899941,153.8559322204165,-43.58107600304294,0.636136778440011,4.59041688823233,4.45441741648452,-2.9626823676178167
13840,13180,154.26851943036152,-43.766662421675775,154.2683728801101,-43.76670914188084,0.41647228620526855,12.68202260975304,13.756108698005708,8.469359512311915
13843,13182,154.55386988738837,-43.893595027537046,154.55379810422602,-43.89385178520332,0.9429002539549738,2.632633977463075,2.5822930667799815,-1.9121879879254777
13847,13186,152.84569312310612,-43.12745661196439,152.8458838088312,-43.12753632886046,0.5773797188022165,6.315348555241553,6.419586076488994,1.6505426475776412
13852,13187,154.4470701720296,-43.84678689541873,154.4467372467859,-43.84676583351044,0.8676935971889632,53.733473781718324,53.26794832447239,-0.8663602489893674
13853,13188,154.47061795413538,-43.859586733853895,154.47067795467638,-43.859851450865506,0.9656241355328072,6.685781287848093,6.807665700604681,1.8230391858333999
13854,13190,154.58281122687757,-43.90790771718832,154.58259029429152,-43.907654944698045,1.075368804957527,4.019288770408017,3.4369189387894,-14.489375232412025
13856,13198,152.68114733937458,-43.05422211943544,152.68142587675706,-43.0540047068057,1.072127198585028,1.8783701337122516,2.057914186659949,9.558502327380058
13859,13200,154.6128788010725,-43.9231605449289,154.61268846822838,-43.92305518805407,0.622436737756622,4.325762412214921,4.393566392242986,1.5674457717928094
13867,13204,153.06230139633178,-43.22997723350956,153.06257417266045,-43.23006496657941,0.7821008734581898,2.9400434050076982,3.128542267185605,6.4114312685602455
13868,13199,153.2383036571712,-43.3085720965255,153.23796064408802,-43.30846995472205,0.9708887120789872,2.6421606503429405,2.5613928438325124,-3.0568847696654906
13870,13206,153.8369309968132,-43.57951252142032,153.83684066047104,-43.57963627301259,0.5039615904060604,4.056617918586109,3.8394957651499344,-5.352294886866
13872,13208,154.34043385292816,-43.80505928304717,154.33942684727205,-43.80469524009471,2.9262119898816863,4.153708280378885,4.048878127554604,-2.5237726327453784
13873,13214,154.6666227856014,-43.949687796309604,154.66628475972664,-43.949550077646876,1.0066582220145475,3.824747965620501,4.226601588046037,10.506669355410521
13876,13211,156.18835234181495,-44.61177313219164,156.18823827722485,-44.611764879826346,0.2938275742810198,29.66147384791403,30.2426582572182,1.9593915402994722
13879,13213,154.21126526700567,-43.74959614766742,154.21117524073506,-43.74937188045213,0.8406210688748296,3.7063106428082824,4.1913186710948835,13.086005870223257
13881,13216,156.21102731508745,-44.62353898231857,156.21166848722754,-44.62319868942927,2.049321580682923,2.538256759945379,2.3909372821094985,-5.803962788975328
13884,13217,152.7869612975607,-43.10908399839985,152.78673297817454,-43.10894998513296,0.7699596428758336,4.5687555349545965,4.452387522848669,-2.5470395869426583
13885,13219,153.5714548392672,-43.464761888248255,153.5709813609115,-43.46484629926671,1.273911761152747,4.10398165237581,3.824427381536858,-6.811781691984836
13886,13221,154.72946655027792,-43.980583015105346,154.72951241103019,-43.98067985387687,0.368305916448405,1.7679478707913356,1.8509708890335757,4.696010533674774
13887,13232,155.16343025674234,-44.17203576494287,155.1635460245749,-44.17212262286492,0.43258502544883437,7.213663793315063,6.976611312308295,-3.286159263846559
13896,13233,155.95198176895647,-44.514948596915566,155.95217242537413,-44.515008924250765,0.5354449931112503,3.879411877334698,3.499625855801666,-9.78978343990531
13897,13240,156.13593845804957,-44.595514874510386,156.13609776217183,-44.59562734782591,0.5750798543006295,27.78371935789745,26.92723228206854,-3.0826940943220213
13901,13236,155.17572660487008,-44.181080688580785,155.17578650332405,-44.18112793864108,0.2298862114027999,2.333917052204971,2.435686692554498,4.360465178202464
13903,13237,155.37272860549493,-44.267101689530534,155.37257231376478,-44.26707474155094,0.4144251569882353,8.95645572206229,8.574692268883263,-4.2624389046956885
13906,13238,155.68355543853994,-44.40231803756294,155.6832740749741,-44.40234608306107,0.7306759816380162,4.1999477441962245,4.525332894041133,7.747361864074338
13907,13239,155.9663227182062,-44.522429565798824,155.9662176813419,-44.52282358329059,1.443856164928375,4.727427574092303,4.542684392269009,-3.9079008388355096
13912,13244,153.87507861044563,-43.60675104860376,153.87483187884968,-43.606757940450215,0.6436400394169886,2.852415946904375,3.273936874552003,14.777680937630775
13914,13246,155.53168203817435,-44.33689627087282,155.53156311107753,-44.337130808350516,0.8981498686631121,47.58041369799545,48.78658097414419,2.5350079631601616
13915,13247,155.58027750969504,-44.3592722441129,155.58040987932424,-44.35944997201468,0.7248791526753383,3.3028501345582377,3.2381541892522474,-1.9587914277147038
13920,13248,152.5555372160758,-43.008912073599646,152.55551155605625,-43.009060577311516,0.5388639990214055,3.714462671740038,4.198311821302257,13.026087278878482
13922,13249,153.19943461323263,-43.3047442343865,153.1995330452075,-43.30477695240695,0.2834962279305165,4.67662543309964,4.614128321223222,-1.3363719795492623
13924,13250,154.19854695180553,-43.75280782451886,154.19843435963983,-43.752572162991505,0.8974818060954072,2.855649777653414,2.603037543521332,-8.846050944652688
13925,13254,155.82528537393412,-44.46764313948965,155.8248780573231,-44.46775226125814,1.1177534936015656,3.7932416554219808,3.438626628355582,-9.348600993019241
13926,13255,156.2107557999491,-44.633161815463076,156.21066685408502,-44.633182060356546,0.2392358891753114,3.745196696378251,3.8993908212013397,4.117116865242361
13932,13261,154.803526546005,-44.02402108959548,154.80320263323944,-44.02416712692595,0.9896619716290742,7.237865635026212,6.915673894092127,-4.451474470248549
13934,13263,155.18703468686536,-44.19195167886037,155.1873168345941,-44.19169051731889,1.1892634967148596,1.9196112050478034,2.1478718264076786,11.890981921737165
13937,13265,156.2619311481539,-44.65588170876554,156.26201532455943,-44.655990969922385,0.44853432450861835,2.25629471453842,1.7796362460813273,-21.12571843499641
13939,13270,156.49644247246505,-44.758399019228364,156.49697845465695,-44.75826967330075,1.4470947893628663,16.186005320714045,16.523090170135145,2.0825697430712884
13940,13266,152.83702187390227,-43.14384108294181,152.837289010005,-43.14397063584283,0.8425457161540428,2.594400207875761,2.8942412454632533,11.55723919067197
13942,13268,153.53934968309102,-43.46072993814266,153.53928995222822,-43.460836699433,0.4148234425666296,9.735514451592163,9.354515062237653,-3.913500321415487
13949,13272,152.98053919359174,-43.20980999434222,152.98056331964642,-43.209763025062706,0.18055072714033885,67.98860837807621,66.79712248758746,-1.7524787150562702
13950,13274,153.85750319432742,-43.60757953871995,153.85767214238,-43.60770109243127,0.620834540815017,1.8912271698857561,2.144981526828314,13.417444555742417
13951,13282,154.16765246744248,-43.74669050543555,154.16769440561805,-43.74634477749686,1.2493902501718734,5.34778823660899,5.370281876945126,0.42061576376852033
13954,13278,155.85765234381077,-44.487780129904934,155.85675979838896,-44.487995654460704,2.420018160295149,3.504406842404368,3.4241633400499563,-2.289788428199642
13955,13279,156.23751685921732,-44.65114037675971,156.2373799234556,-44.65140621966341,1.0192659670359856,36.15640272183539,37.6212987397368,4.051553549647617
13959,13280,152.67522737270548,-43.073991028373314,152.67501371828482,-43.07405732208824,0.6104336260662827,6.17324664160487,6.578066630020006,6.557651296269827
13962,13285,153.3969021027864,-43.40402456791164,153.39662071580304,-43.404026609030105,0.7360029349604102,5.0371430290384,4.911202198892331,-2.5002432811623105
13964,13286,154.17638098137547,-43.75353585931231,154.1768932202951,-43.75363745303936,1.3813019788185843,6.437700135310481,6.581136244435435,2.228064465727667
13967,13296,155.57100799572441,-44.368086111145594,155.57107797826825,-44.368013643259694,0.31701237924562436,152.25071921373012,148.31306227723007,-2.5862977573014616
13971,13289,152.72245275156465,-43.098726010497906,152.72255225595367,-43.09874772002829,0.27298769996308975,11.065406127076528,10.668936619133456,-3.582963909231763
13974,13306,155.2673884113473,-44.237376323744726,155.26703118894903,-44.23747878715068,0.9924570842637191,4.067822615218472,4.135739783600277,1.6696197156610106
13976,13310,155.61977080881346,-44.39092382568144,155.61999808555365,-44.390981156628534,0.6200286815452158,58.71982056580343,58.540050159553395,-0.30614944752526785
13978,13298,156.10598771228732,-44.59979863790759,156.10607438200645,-44.59983536077824,0.2585204282540659,5.5027027255949985,5.7108251853918315,3.7821861397088106
13980,13302,153.01962396714012,-43.23597466131856,153.01966677292108,-43.23598369898947,0.1168878016872384,19.736595385319326,21.35290524507303,8.189405660897128
13982,13304,153.7257294766747,-43.55648288953796,153.72505886329213,-43.55641945802819,1.7644059679226196,4.605773859013153,4.231803150700657,-8.11960638450939
13986,13312,156.0680150110309,-44.58610039591307,156.06766671734084,-44.586216462195026,0.985912417677187,6.263587109089251,6.191967783747472,-1.1434234743514604
13988,13313,156.2852236415681,-44.678891661506945,156.285097265883,-44.67862537784318,1.0117341167950957,3.1505568242599145,3.0951690830647403,-1.7580302240123895
13994,13327,156.3973825050099,-44.73014828971528,156.3972841991423,-44.72988146689736,0.9929213476488165,8.249409769932955,8.426249947689065,2.1436706708478592
14003,13334,155.18467537673365,-44.20773129193259,155.1847219365919,-44.207731450365735,0.12015090697919487,12.525903774707475,13.084729605812946,4.461361360877306
14004,13323,155.40915854590827,-44.30355969166081,155.4090345479689,-44.30367599135058,0.5266373063871519,5.276447828232416,5.369738700532036,1.7680620625196577
14005,13325,155.53605782933545,-44.35901510340948,155.5358129325987,-44.358935834698634,0.6919277862152955,63.05925140216732,63.07069070879096,0.01814056838494273
14008,13331,152.93144738988104,-43.201053618275026,152.93164931480996,-43.20112419231434,0.5876591778538184,219.0027680281965,215.2191150231918,-1.7276735993207015
14016,13330,152.79269052384913,-43.13903393416365,152.7923179933771,-43.13959456819595,2.243015775137426,2.435290624768172,2.1720199524927084,-10.810646975677727
14017,13338,153.40744233556327,-43.42132649815307,153.40706202547594,-43.42132579896755,0.9944182119873134,1.9452973107584937,1.8011585175364937,-7.4096022456227315
14018,13347,154.9829030147991,-44.1232304318522,154.98282625872622,-44.122919111899535,1.1381695739428384,3.5100255895093477,3.6471723959422597,3.9072879366695212
14020,13340,155.82685358168496,-44.48885486807191,155.8269723119282,-44.489069148016064,0.8294860712348874,2.258525045934495,2.728232722316336,20.79709840842137
14023,13342,152.56243192604083,-43.036668173660935,152.5623393747183,-43.0366274580483,0.28423880106344723,24.57726018429134,24.4439947452163,-0.5422306558003416
14024,13345,153.65491299248114,-43.53421579511766,153.65404864863632,-43.533916002095616,2.500710512198604,441.00733194210574,424.88876528106294,-3.6549430119585393
14026,13354,155.90751480632483,-44.527457300118506,155.90784218128044,-44.52731098514955,0.9916628526122192,7.942583343486454,7.835030536448638,-1.354128781362024
14028,13349,152.6255912476812,-43.06890832126148,152.62552498377727,-43.069107827717076,0.7390629843128916,1.7129136047092532,1.7139716282037851,0.061767475698896436
14033,13352,155.10867578995143,-44.18228600060116,155.1082504200497,-44.18222326956389,1.1211387324802757,21.356470108687933,18.985219869247732,-11.103193680286907
14034,13358,155.43689456110178,-44.32557396601873,155.43710926434775,-44.325714066251976,0.7484132653871761,3.076209615693002,3.305926659427584,7.4675354554092035
14036,13355,155.9384848147877,-44.542307204631285,155.9384545066305,-44.54243521742551,0.46736131496915834,25.429695135004685,25.87277681798273,1.7423790597006765
14038,13359,156.19645770036033,-44.65421150270701,156.196641478704,-44.65413230256412,0.5502674461291844,7.121487666682006,7.418506082904754,4.170735527807675
14040,13356,152.60127190936436,-43.058864892948314,152.6012114239711,-43.05890935015718,0.22566961294316998,5.882698938619424,5.901682559059055,0.3227025662490542
14041,13357,153.03157254865056,-43.25687654785125,153.03161837400265,-43.25688615483486,0.12502544863488424,14.558265438444824,14.805367956722668,1.6973348873369642
14044,13366,155.5515723727572,-44.377077794416934,155.55137508759609,-44.37689739726649,0.8242902062763509,17.56291610839708,14.86516114035927,-15.360518443449006
14053,13362,154.74983362686532,-44.02802449178484,154.74997552265881,-44.028105672562546,0.46936891544484,5.321614688845556,5.757955488836337,8.199406110806533
14056,13376,155.56912022632648,-44.3872568060291,155.56939600014067,-44.38709333330885,0.9217848744246044,2.8228272630879183,3.022520443080012,7.074225993327245
14061,13390,156.34004097474792,-44.72158076795434,156.33989647095868,-44.72110795730765,1.7417904748544466,2.6233158312309097,2.186454036833071,-16.65303846364754
14062,13378,156.42502805364404,-44.755498161141446,156.42444003043266,-44.75568847319197,1.6520009883758642,7.30225580970614,6.386097686521733,-12.546234301551745
14063,13379,156.5187382278052,-44.79701219462107,156.51856204810997,-44.796996305094375,0.4536869787550713,3.4882662127634103,4.189796279431924,20.111138997982625
14065,13382,153.35377061359117,-43.40738346219506,153.35359063038294,-43.4074103241434,0.48054951624148556,3.1019786934024323,2.9369697565574304,-5.319473573302026
14067,13386,154.59443194253336,-43.96220002549871,154.59418583303537,-43.96216428095833,0.6505898001874716,142.1441939239673,140.34246935636295,-1.2675330014309825
14069,13387,155.03581825893914,-44.15829728996369,155.03530042904575,-44.158318155786986,1.339509095642632,4.401439998666834,4.239033108598295,-3.689858094572038
14071,13388,155.67206392596995,-44.43525686324022,155.67188793530588,-44.43527282568897,0.45602805999104634,34.91669849389351,34.39985685618198,-1.4802133649661218
14072,13394,155.70484926463212,-44.45017791516244,155.7047554697035,-44.449851583487984,1.1992677382119004,5.58814467788049,5.820615659731099,4.160074501485208
14073,13395,155.82387952077056,-44.501120579792655,155.82416147222446,-44.50119188537669,0.7681163110773421,15.560802607477232,15.838569717183228,1.785043591341004
14074,13389,155.88425579198264,-44.52701270491642,155.88425198986397,-44.52723276578784,0.792279232936941,65.42413477632577,65.79569488424846,0.567925138319356
14078,13397,156.48444137675202,-44.7851560807459,156.48483506742804,-44.784892038154425,1.3839937501601904,14.185138002882958,14.376858561414725,1.35155934678113
14079,13400,154.28784806912947,-43.830510508158234,154.28811928436184,-43.83049500515801,0.7065563448348541,7.297488199922092,7.42620528753229,1.7638546864875007
14080,13401,154.56264897254187,-43.95166900038392,154.56283981782636,-43.95193819986247,1.0880430028006154,2.567394804964125,2.8469100089238024,10.88711418357736
14084,13396,156.0205685615549,-44.58770763281874,156.02028701981695,-44.587731172208734,0.7267839847875821,39.398352539142145,35.157460320938,-10.764135921650103
14085,13408,156.1432331192184,-44.64068352324456,156.14273392660817,-44.64066754038725,1.2799750826651166,780.6755814922918,741.8773894616832,-4.969822670313886
14089,13409,154.08308563969752,-43.740705312529606,154.0837930363182,-43.74054615858245,1.927027748496937,3.399722020366493,3.5115687698360705,3.289879254819787
14090,13411,155.01558651997917,-44.153706921883874,155.01576985569707,-44.15365762532769,0.505701402183584,5.057179606150345,5.059029187538631,0.036573377501494295
14092,13405,155.95659314587635,-44.562137391859544,155.9564820867506,-44.56245956009405,1.1942760958892158,3.5046309740250905,3.2036892599888263,-8.586972958543216
14106,13416,153.24498578594736,-43.36789595212804,153.2448509052423,-43.36797489279926,0.4531708230989895,243.47870429703318,234.96628593397352,-3.496165460398902
14107,13417,153.37397142622308,-43.425912294349935,153.37386368211827,-43.42554496814592,1.3520468071831593,2.958425548198965,2.972077117392066,0.4614471099809079
14108,13418,153.6728517534979,-43.561021524507645,153.6723742121045,-43.56116611274914,1.3501358578363072,12.006424474439262,11.387695486542402,-5.15331595358873
14109,13419,153.76802925954726,-43.60250527485444,153.7680098710857,-43.60261495421693,0.3980676069785828,5.087151999141814,5.304425422658776,4.271022834655125
14111,13420,154.48688694886053,-43.9242963287355,154.48671612957534,-43.924345376486635,0.47681972505240294,7.816582396330762,7.808055644242938,-0.10908542449226048
14113,13421,154.95603271820926,-44.13110151571976,154.95566574237867,-44.131156590596056,0.9687331952297819,25.678202990298374,26.704346631622776,3.9961660935233505
14115,13423,152.94295808854008,-43.23088263625058,152.9432272410834,-43.23094858429344,0.7448264007421077,8.222523304035217,8.49502520219856,3.314090919384955
14117,13431,154.16113696032264,-43.78190375796782,154.16127217012837,-43.78168139306828,0.8742559611830113,11.43554517013493,12.11184104009497,5.913980137355008
14118,13427,155.1136224760174,-44.20245716509792,155.11349956174587,-44.20266832245035,0.8236972287683484,4.366588042689939,4.834695132054593,10.720202702618296
14119,13433,155.34844615841058,-44.30516776709049,155.34862420002838,-44.30496995554484,0.8470582627618752,3.849693625758661,4.286799560668665,11.354304456471203
14120,13435,156.16297134630423,-44.65758989614516,156.16315227773725,-44.657379590701694,0.8876184131379002,13.15684465728425,13.226404761278108,0.5286989837289466
14124,13430,154.10173717250842,-43.75697692190787,154.10125006159788,-43.756797915152944,1.421103735885785,4.28942692031778,3.9816310869652556,-7.17568661432566
14126,13438,154.33223031594625,-43.85999832525998,154.33236557303454,-43.85965596006521,1.2815450199751277,10.78402073445513,10.934596066917155,1.3962819264704776
14127,13432,154.92885892523137,-44.12156284923291,154.92876612846973,-44.121897157462996,1.227170197909322,102.40632098371425,105.4165624560173,2.9395074868296183
14128,13439,154.97088429775363,-44.14236857458373,154.97096504684046,-44.14220781279887,0.6151909622995152,58.52115606499723,55.72956938592155,-4.770217929350488
14132,13436,156.20243926029886,-44.67552981997337,156.20239022624006,-44.67514900618994,1.37666433909498,3.843134356134983,3.9917444308249044,3.866897717293906
14137,13440,155.1790915532782,-44.235431001956414,155.17870363837415,-44.23601207214541,2.318826384518907,3.1277278818025778,2.97186167170586,-4.983368630102461
14138,13442,155.3282201800801,-44.29942473307215,155.3280831485754,-44.29948581104277,0.41593482775276264,4.361932746853077,4.516703758430745,3.5482209506629308
14140,13451,156.0108859392434,-44.59612775060007,156.01080478835846,-44.59608210440222,0.2651010722123802,9.238498582751097,9.707494060917483,5.076533529398732
14141,13444,156.1416237504461,-44.6512274732648,156.14213749742535,-44.651693920741266,2.1332749259430375,5.203519734765341,4.799723723924949,-7.760055336056144
14146,13452,156.0674627828246,-44.62069077669097,156.06732950014694,-44.62064787142306,0.37482560097910494,9.110022423085383,8.871267050793156,-2.6207989531091074
14148,13454,152.46200504545115,-43.02092080701603,152.46212246002196,-43.02102834494526,0.4953539828672403,8.092073546427201,7.817782007338944,-3.389632305175503
14149,13455,152.56095134302348,-43.06440409925561,152.56083322980643,-43.06427947455254,0.5457014633980471,81.16500181905701,82.44967240059786,1.5827888286195035
14154,13460,154.46197908818624,-43.922759839120715,154.46223020512113,-43.92310260644984,1.3952238401957051,1.7463250382651077,1.4728128791952897,-15.662156418574833
14155,13461,154.72866401010617,-44.04105271798921,154.72881876783026,-44.04126815551418,0.8728721659205062,39.264519964982455,38.10874336241491,-2.943564835628466
14160,13465,153.0651699441675,-43.296426326634666,153.06502030396717,-43.29648556557665,0.44632348531573923,27.406453612694982,28.182369784454988,2.8311440171178974
14161,13466,153.11444571619563,-43.320690462105276,153.11425530688848,-43.32069911637651,0.4996713526407058,1.7652111631661442,1.6674785850077194,-5.536594159257881
14162,13468,153.36066244125448,-43.432286348831646,153.36009164478233,-43.4324163520309,1.563888309880559,8.202430518982908,7.844673320639454,-4.3615998637903175
14164,13476,153.92186371489538,-43.68511534058142,153.92200483244986,-43.68497195979327,0.633559175803418,17.39278609747458,17.877790858186188,2.7885397888152594
14169,13479,154.99105462654518,-44.15873145949228,154.99107522380666,-44.15872316994471,0.060995146028224215,9.608242358814874,9.667446162114942,0.6161772475040985
14171,13482,156.34554101005256,-44.74531396589182,156.34563231175406,-44.74544513826386,0.5267728332429515,4.683969953156566,4.819724207619048,2.898273383905799
14173,13475,152.77783478577695,-43.16748344702552,152.77805669141966,-43.16756460170827,0.6517985029756345,3.6980672726537227,4.190319123996941,13.311057237473673
14176,13481,156.15128458476508,-44.66391607495201,156.15115621720966,-44.66420558398052,1.0928310155230367,41.93600622717599,41.74673720582833,-0.4513281983085043
14181,13484,154.91482296931167,-44.12783695793732,154.91457746850477,-44.12773021807665,0.7416880912875516,5.1803873027188665,5.56078727118321,7.3430797011006215
14182,13485,155.2035226724416,-44.254785660716266,155.20316870198948,-44.254620507248724,1.089277245041675,12.52009395460392,12.12101049373168,-3.187543658372379
14184,13486,155.3917545538848,-44.33675649318791,155.39138369223153,-44.336813688661714,0.9768705211318445,9.095806590501697,8.927636986289437,-1.8488696141348344
14185,13497,155.68203495491773,-44.46424765425563,155.682076951916,-44.4642721886282,0.1394413520734638,3.9888443780159624,4.087395647457819,2.4706722073443115
14187,13490,156.36718596009507,-44.7576826903226,156.36715866239646,-44.75762104017424,0.23265234466859985,4.7253083767919675,4.772925891887568,1.0077123289872645
14188,13491,152.39160310914255,-42.99632858191446,152.3918922456186,-42.996402837089185,0.806873075385693,16.159591150903317,16.653148615954183,3.054269507451471
14190,13493,152.99243244902152,-43.26956053855348,152.9923050905348,-43.26956670457081,0.3345810823747143,4.533512636014484,4.82059567670757,6.332463670939882
14192,13494,153.52336471347118,-43.51010788604535,153.52317854104132,-43.51018751439215,0.5643121062786667,28.808868522016578,24.525517055648855,-14.868169720356287
14197,13504,155.54122719165056,-44.40506099697656,155.54136373519685,-44.40511805120808,0.4068290900853238,9.38298641857519,9.048333548884257,-3.566592284823428
14198,13505,155.77548090955221,-44.506796767340305,155.7758050133955,-44.506712114536015,0.8861558915019627,139.25865440521076,138.2238934990415,-0.7430496227245861
14201,13512,153.93025850601072,-43.69705581430446,153.93041584539887,-43.696586470680906,1.738558292974619,2.0513810119179414,2.0544013788294717,0.14723578379554153
14209,13506,156.01915139023077,-44.611845888289224,156.01916102650335,-44.61203932170614,0.6967980606898382,3.699626021014698,3.451262181818793,-6.713214735358192
14210,13507,156.11913301372698,-44.6561238505916,156.1190531534022,-44.656283903935375,0.6114086375822981,3.508727683473439,3.761161966346442,7.194467785630698
14221,13516,156.10586255548185,-44.65260347572238,156.1058333253304,-44.65272712824457,0.45139932579860403,13.057567882241786,13.416852838364857,2.7515457653618363
14222,13517,156.2229523893088,-44.70296175394144,156.22272133694366,-44.703159471087446,0.9252863896640106,128.84813103195685,132.9558573556396,3.188037180503579
14228,13519,154.0994752026114,-43.77453643046621,154.09911943685213,-43.77453195170962,0.9249337257485728,18.294291600925796,19.54259667081863,6.823467653864562
14231,13523,156.04307287834234,-44.62799403352301,156.04312683677065,-44.62790202380396,0.3589264968522281,2.2837980230322437,2.1878199737098387,-4.202562939211805
14232,13524,156.3766928416828,-44.77009805446098,156.37725590148042,-44.770364634642014,1.7297036568613542,8.766030825782595,8.639564492725112,-1.4426863830494492
14234,13527,153.19721125139068,-43.37091373512149,153.1969474571729,-43.37076103182765,0.88247440840587,12.296699661014804,12.271860494593353,-0.20199864277567472
14235,13511,153.67549734022987,-43.586549613036944,153.67874801792587,-43.58546779660653,9.328413642866126,254.98497952730062,40.30155306750219,-84.19453838331398
14238,13530,154.8919469434012,-44.129216380069785,154.891424700579,-44.129393618316975,1.492703419132965,30.47401208478809,29.494288367150094,-3.214948248074792
14239,13537,155.0226742423828,-44.18683199784375,155.0226933270992,-44.186575643359085,0.9241902190407751,26.538522317932426,26.306328403039398,-0.8749315885464022
14242,13531,156.34476532766567,-44.7591332273478,156.34468173310208,-44.75930340846966,0.6488495055341822,2.0043264000738734,2.033549246036978,1.4579883776428677
14243,13532,156.39938803186405,-44.78190352232096,156.39963302978913,-44.781943038178945,0.6419916767327536,4.388061827245261,4.728576507527104,7.760024668923397
14244,13533,156.42209568556777,-44.791680968340025,156.4220343521429,-44.79170090056722,0.17234432622933887,20.43663408530623,20.78723319936401,1.7155423568984722
14247,13534,153.72093469883333,-43.60910003767029,153.721063276598,-43.60927657344178,0.7184877567558781,49.43782979030988,47.95389848354893,-3.001610938536391
14248,13547,153.7390013490566,-43.619368996533474,153.73853178698147,-43.619164667447315,1.4278255247444682,60.093886335215366,61.778425410408666,2.8031787889313957
14252,13538,155.15606798717036,-44.24681038694363,155.15617167906302,-44.24692499390206,0.49166134866186817,3.9849739169875003,4.201207404250926,5.426220892981172
14254,13539,155.49974273247776,-44.3959154577647,155.50002769453585,-44.395943884148096,0.7401114228942778,3.4311743377142787,3.3449443755977817,-2.5131326370883342
14255,13542,152.8227862598782,-43.204130858104875,152.82316734476302,-43.2043411749841,1.2543028067409383,3.857982250192808,4.2510567360167775,10.188602754829288
14261,13552,155.7463088559284,-44.50621861917156,155.7465713678851,-44.506264197664,0.6936659294606861,15.632742809387025,15.492613718707771,-0.8963819873957798
14263,13548,155.89180655093463,-44.56712560416715,155.8919840352276,-44.56713129466192,0.45566243211657814,3.4365149521083858,3.629406069359427,5.612986410336956
14264,13553,156.05057387184132,-44.63749451989183,156.05065729203776,-44.63770327755424,0.7813181183205238,8.450875847269716,8.734883257245933,3.3606861005770616
14269,13550,154.47478188188376,-43.951085621006186,154.47451089819367,-43.95108008210848,0.7026069928945066,4.179548899459858,4.097174583211815,-1.970890118277814
14271,13554,156.20905314099986,-44.70501074751901,156.2087504325701,-44.70518173309515,0.9893379767728092,6.111850143378606,6.087187325083289,-0.40352459102806987
14272,13556,152.50030798546527,-43.062926147234705,152.5004835001116,-43.06304075079211,0.6191301430767762,5.822285901666145,5.816462946388214,-0.10001149679484658
14277,13558,155.12554432859352,-44.238153603106795,155.12536014755807,-44.238125654824934,0.4855791347945416,7.688837659132172,7.454183390469445,-3.051882209842529
14279,13559,156.30908458286447,-44.75105629440636,156.30901883283158,-44.75113127409879,0.3179896090887842,2.5820237264299353,2.6507309527834595,2.6609835397803665
14281,13560,152.53833701774417,-43.0801561097839,152.53854325774117,-43.080260339298185,0.6594527733485589,10.971352430785327,11.380239454303101,3.7268607138209155
14282,13561,152.61796963381215,-43.118487901217954,152.6177828691716,-43.11827283469885,0.916684766332204,19.15228400173019,17.84484595588282,-6.826538525270707
14287,13570,155.91729413258116,-44.58577461200379,155.91774208829779,-44.58565749275249,1.223470249876588,5.722257071318715,6.029354795561637,5.366723661929951
14292,13580,154.7301080699324,-44.070127861278785,154.7296129520893,-44.06975184107833,1.8634673193552107,4.41609555950045,5.237759448072679,18.60611659103627
14295,13571,155.9745776911593,-44.610842263274236,155.9745288346563,-44.610975080788506,0.4942654502275778,6.038330151515511,6.316929556597718,4.613848499361769
14296,13573,156.34095610165812,-44.76928675120968,156.34082815872713,-44.76931344417886,0.34082555069717624,16.421177830386153,15.911882071745378,-3.1014569350705252
14301,13581,155.10995204548422,-44.23749618549911,155.11026354243336,-44.23771415211063,1.1230360319010289,9.622618714324618,10.026707843196832,4.199367561666658
14302,13582,155.3049643375377,-44.32238030976884,155.3051352199563,-44.32268265994679,1.1740707233595613,134.8642764568886,138.5431343988765,2.7278223994060444
14308,13588,155.4598624745035,-44.39356019181915,155.4597238631571,-44.393856910023274,1.1261243031128318,72.12584605290698,72.30576582987142,0.24945257048695357
14309,13589,155.52740416349818,-44.42134306997738,155.52715118252388,-44.42131686560757,0.6572606871265769,45.38958195443333,47.22359261518373,4.040598264578791
14311,13586,153.4557957381748,-43.5056628414326,153.4557997809483,-43.50597448989017,1.1219841061948723,2.0791739532288402,3.2068668521616526,54.237544539338266
14314,13595,154.76592643775732,-44.09027683518597,154.7657414924773,-44.0903305070948,0.5157687782011718,1.8779939492425586,1.9649802689807307,4.631874334486322
14316,13597,154.96915748280946,-44.178765764900255,154.96895632336648,-44.17891506356585,0.7474012403478361,2.946033656795916,3.185679548146169,8.134526596376029
14318,13607,155.37898890335842,-44.36098992704555,155.3790291708682,-44.36066257517586,1.1830153785616415,3.281857904078457,3.304101281904478,0.6777678521175057
14319,13598,155.44056389279785,-44.385258095748014,155.44029032307176,-44.38543860890903,0.9579518296170281,3.361598515527534,3.81097536395186,13.367951180029774
14320,13609,156.03725293848706,-44.645645764640854,156.03723384179432,-44.645549854792584,0.34872270200589633,2.523928191744054,2.5328451238039142,0.3532957906262157
14321,13600,152.62695961226015,-43.13102065206434,152.62680396429784,-43.13089452344658,0.6110600611976315,28.68201895295941,28.35007788808654,-1.1573141535722413
14324,13604,154.00693810454328,-43.75535845534564,154.00657746878187,-43.75547890451526,1.0331518234207113,4.545937776991293,4.630096175664662,1.8512879586545774
14326,13617,155.2065739995425,-44.287296826956556,155.20707095414303,-44.287279573049744,1.2821830618975791,3.213468165611492,3.375267310571413,5.035031829205391
14329,13608,155.9240547164647,-44.59826228798224,155.9240188279823,-44.59865527132365,1.417727921694738,2.7411223876223243,2.8552425058417867,4.163262418882774
14330,13619,156.01581393132292,-44.63823004496562,156.01596995350116,-44.63795130040285,1.0801424876868089,39.76591638635835,39.302404412332415,-1.1656011382273623
14331,13620,156.39411407745612,-44.80051741889294,156.39369976881684,-44.80024259543229,1.4487564442413354,3.088897185948853,3.1359142103898714,1.5221297961905336
14332,13611,156.4351964300702,-44.817611602926156,156.43498251671573,-44.81783738757182,0.9793306240086014,3.595133277247098,4.001043621167133,11.290550658829899
14333,13612,152.79667305730243,-43.21164997991998,152.79686690608247,-43.21174206435405,0.6071132115784075,14.218935248460603,14.648547917392381,3.02141237318237
14336,13626,155.17615248402055,-44.27632486825761,155.17600697236526,-44.275976440128694,1.3092148852340728,3.2641526903190075,3.300509039731855,1.113806640255376
14338,13629,156.34299821871528,-44.78063496381125,156.34294914437746,-44.7805168823961,0.4432035545818966,13.148570298229474,13.586816804752443,3.3330354295780817
14347,13631,153.78824899330743,-43.663419907890706,153.78792615900161,-43.663385503453874,0.8498216977004384,14.336619001200942,14.819901062045568,3.3709625735617506
14348,13633,154.55851826880556,-44.008246576766986,154.55836628944158,-44.00830474033432,0.4457547194033614,9.945013617165264,9.224436192143367,-7.245615267717365
14349,13636,154.90398594936494,-44.1594257716734,154.90392414750133,-44.15940807517231,0.17185724751676387,6.3702478229700965,6.660663977259556,4.558945936801165
14351,13637,155.07039767403373,-44.23290188485239,155.0711235855272,-44.233064566606224,1.9618926172593538,8.107805995041872,8.373926513513636,3.2822753607388178
14354,13640,156.21894354118416,-44.7296065843469,156.21873959015372,-44.72969292674068,0.6072090062828599,2.627479617943602,2.6207687722192556,-0.25541000122386465
14355,13641,156.29958189998416,-44.765540646713895,156.29934635647106,-44.765602714037534,0.6421710377454043,13.729391416561288,13.584309008897545,-1.0567286142686214
14356,13642,152.4741707018307,-43.07091141113062,152.47396774613836,-43.070831467809974,0.6063866321737371,31.441626595950385,31.717014424152165,0.875870169634445
14361,13652,155.75802277782347,-44.53496181499162,155.75811167123547,-44.535057041470864,0.4117749934336596,13.280512521149983,13.335220205778818,0.4119395583695206
14362,13654,156.45615499894504,-44.83498673110734,156.45584145558905,-44.83497629825294,0.801327197412052,383.0852307033423,347.72350175517306,-9.230773236348815
14366,13662,155.14536004257525,-44.27076178377335,155.14558623751898,-44.270875464965115,0.7123686499872236,4.270910974791679,4.30847604861716,0.87955647043926
14367,13651,155.5143196793593,-44.43109435513545,155.5141676445374,-44.43106902005923,0.4013420531756292,9.365205159289388,9.615879036361271,2.67665120847073
14369,13653,156.07123823423237,-44.670455950488375,156.0710470760177,-44.67041942447862,0.5067575244322596,26.361979957592467,24.879817781870496,-5.622347707214215
14374,13656,153.4011867001873,-43.495454291280424,153.40143144851075,-43.495613102071694,0.8575552800971635,2.845455251505789,3.0084966745705897,5.72988884567841
14376,13666,153.70734111516597,-43.635276016422196,153.70777447483482,-43.63521164796433,1.152647942405017,14.480619241717676,14.912604557475708,2.9831964265278934
14377,13657,153.82041154441364,-43.6854919670834,153.8205557357726,-43.68557878689373,0.4884613821915568,21.835405386649082,21.18999293614385,-2.955807044003226
14380,13664,156.14835669083192,-44.707192066581634,156.14814123465402,-44.707170858788125,0.5565196196968757,10.78280929979246,10.762028507104658,-0.19272150800442922
14381,13670,156.36619818081763,-44.80015280870338,156.36610031992763,-44.800250104180776,0.43031946202048676,6.593896285930531,6.439306494168139,-2.34443772026324
14384,13675,153.5990261516037,-43.58892149577678,153.59912762508435,-43.588401805404615,1.8895029685744367,4.108585864686163,4.300514757831452,4.671410053637756
14386,13668,154.8469666612504,-44.142170369168646,154.84686791686107,-44.142239525242026,0.35644991163244805,6.23039002881621,6.13547183623975,-1.523471117176499
14389,13669,156.27581740905322,-44.763150056360544,156.2755972213351,-44.76330593308566,0.7947705810044751,15.79719021096209,15.77907005392123,-0.11470493675695537
14392,13673,153.2684667378478,-43.441232986201385,153.26851841914564,-43.44149156984566,0.9406518423827638,2.0397003484776377,2.265264717272912,11.05870129225735
14397,13685,155.36047254567265,-44.37086689131339,155.3604998676889,-44.37053898120275,1.182568411879753,16.301885130666875,16.193530555600884,-0.6646751231374859
14400,13680,152.71524887798418,-43.190016853040134,152.7151151406467,-43.190012278825655,0.35140863886014695,7.170328302412087,7.641638112606964,6.5730576107139935
14404,13698,154.97496841022968,-44.20298984419884,154.97578405646544,-44.203308267055874,2.396864193278183,3.6526167337359596,3.367397804659373,-7.808619131656331
14406,13683,155.1786551054298,-44.29297429733701,155.17851368010534,-44.293031998028844,0.41946887785762343,5.886710366635762,6.268338404926136,6.482874381816646
14407,13686,155.4438965724546,-44.4087119509982,155.44358400381122,-44.408955390495606,1.1892012255052808,2.4950828529345586,2.9535571699692524,18.375113936415595
14408,13687,155.49661228093964,-44.430142076254725,155.49629168243374,-44.43003223357502,0.9141407313653875,11.31342081148004,11.315749997848366,0.020587816957741777
14409,13701,155.84292734968562,-44.5817847689799,155.8431136226327,-44.581893170044786,0.6167759336603221,103.85044575159758,104.17728265101718,0.3147188219118221
14410,13688,156.23322179352206,-44.74750888071292,156.23298902473897,-44.74757400407904,0.639650593215294,17.884290832560495,18.231255681263395,1.940053715024633
14411,13689,156.43445092689453,-44.83509193751646,156.43447801260822,-44.835030048878984,0.23328259218760736,3.6930266992981506,2.855061905294201,-22.690461300028037
14412,13691,152.61615531103308,-43.14822881143845,152.61617334081575,-43.14818275066639,0.17244827717253175,6.7086778308421895,7.0095120336188215,4.48425472741573
14414,13694,154.0489067893484,-43.79460733581997,154.04901969517562,-43.794786101195506,0.707278716008657,35.95755604908404,35.68981611486634,-0.7445999217861787
14415,13697,154.96006608266262,-44.197234334261076,154.96005779040718,-44.19719783036256,0.13314543733131193,3.6483430707890996,3.788960212907692,3.85427410170004
14417,13714,156.0159054146282,-44.65797667457057,156.01602154640824,-44.658015315335874,0.32830943566745135,3.5111108521494683,3.5301714591697615,0.5428654298574623
14418,13702,156.1059535645951,-44.69546990184705,156.105439460212,-44.695344896607246,1.390471823185004,9.505140897269214,9.15213993042316,-3.7137899444233304
14420,13709,154.1794162278621,-43.85454786451415,154.17919112892878,-43.854684466427,0.7637389435217871,65.18240589894718,64.88695758289782,-0.45326390146966267
14421,13723,154.60188636455013,-44.04415849492456,154.60192511396394,-44.04382849255732,1.1922326586179832,19.285402074886328,19.61774069124243,1.7232651674339687
14422,13724,154.62328443780368,-44.05353616715511,154.62364390477944,-44.05357295939732,0.939427629250409,130.93941246176033,133.48233345861837,1.942059269282792
14425,13713,155.95997784249732,-44.635728318213374,155.9595111413872,-44.635915795470375,1.37290364952038,1.7336344284176355,1.8017899659137007,3.9313673274401766
14427,13730,154.55224351232303,-44.02379692965927,154.55201348416904,-44.02362777852449,0.8516873764556114,314.0032652392597,319.7978737552326,1.845397534817873
14430,13727,156.40712743768313,-44.82761307852663,156.40706699894824,-44.827654181245904,0.21379402127020883,50.74143330698728,51.26662025062229,1.0350258347209245
14433,13728,153.75627358613855,-43.669594704317234,153.7560521023485,-43.66941039312319,0.8791438574518454,6.486593999042242,6.980041704758742,7.607192708366804
14435,13731,154.81580337618922,-44.14026664207783,154.81570286338567,-44.14054435566421,1.0329415412097518,4.325641615562048,4.693527733086004,8.504775712357654
14439,13733,152.39554776155268,-43.05469143294156,152.39577797980922,-43.05487951414793,0.908404677850847,2.5723213125494313,3.0225758759372914,17.5038227608359
14441,13734,153.1482428102561,-43.397016595354536,153.14799769223848,-43.3967062122967,1.2882735048394327,9.67687756468298,12.356044746220803,27.68627755832925
14448,13749,155.41282412908248,-44.405272223825726,155.41280695169317,-44.40508207746157,0.6859510148125966,7.188541330619617,6.0566153834718754,-15.746253587307052
14450,13737,155.85887922668638,-44.59844053718683,155.8589021812616,-44.59863920596161,0.7176239510969373,5.1720463506743375,5.220216053077478,0.9313470749708236
14454,13740,153.63977034071993,-43.620957058609186,153.63968925408656,-43.62133905165497,1.391316767727132,8.073508317372285,7.661947207033056,-5.0976737021952
14455,13761,154.4113531343939,-43.96731813539395,154.41182430661007,-43.967246832437425,1.2475250930240551,5.535051442818474,5.7311844317373,3.5434718348155863
14456,13743,154.73216726962517,-44.109143694488104,154.73193052839457,-44.1091254928463,0.6154400212883896,3.5854071105684038,3.8624936517447854,7.728175145289273
14457,13748,155.3762542324398,-44.39095051680185,155.3760642224448,-44.39107143765134,0.6545416247081433,1.9254905650397793,2.0507248225278136,6.504018236279804
14458,13762,155.4395713179016,-44.41915248371573,155.43952232132747,-44.4190087850091,0.5324348760727227,3.25951961316152,3.5751477083730276,9.683270318026075
14461,13751,155.91062165114354,-44.621237096042215,155.91053280784558,-44.62123952222779,0.22781570541498192,8.029836641266142,8.1709636752969,1.75753306493798
14462,13752,155.94345433861125,-44.63579129847509,155.94325578701145,-44.6360709310788,1.1278763528365903,2.6953467026938447,2.7237390957165046,1.0533855623947515
14463,13764,156.15703116111663,-44.72898909999849,156.15728480782784,-44.728737997391185,1.112658012846626,6.214861527032978,6.339218393069167,2.0009595627395744
14464,13754,152.61340516291074,-43.157178266430364,152.61365399578526,-43.156954878179505,1.0362213312061173,2.80785984436133,2.6440880556244193,-5.832619782137372
14466,13768,153.59674722952383,-43.605991857362234,153.5968567009925,-43.605752564446156,0.9074898252635126,10.097142812360666,10.98754946053407,8.81840204422374
14467,13759,154.15452900836237,-43.85534853064197,154.15463540796983,-43.85567551102417,1.209099988850694,10.717831641643182,10.668399904822039,-0.4612102379839628
14469,13763,155.80406425317886,-44.57767415629099,155.80381256270206,-44.5775321367233,0.8233744199116187,4.681355756379327,4.434094151228268,-5.2818375278168785
14470,13765,156.30106818115314,-44.79189767577301,156.3009463208451,-44.79187713381335,0.31999277223551464,84.40803679066399,84.27812323205647,-0.153911361461592
14471,13766,156.31809653729945,-44.79972248375567,156.31784565585878,-44.79984061262895,0.7691299093042969,7.986046064153463,7.719982475632166,-3.331605983536232
14476,13771,154.39054434059543,-43.96152309651425,154.39108087740968,-43.96169771568627,1.525838587816329,7.5544354577626835,7.803952510630421,3.3029212343239016
14479,13780,156.33463823447119,-44.807271653287174,156.3346675735056,-44.80729438805153,0.11096845858089481,23.376728030935894,23.832193730794987,1.948372326770227
14488,13788,152.34515586254267,-43.03998801144452,152.3445856444385,-43.04027057758788,1.8126684408300406,364.2274310710568,386.03292423220023,5.986779495718272
14492,13790,153.52371188888137,-43.57681653831865,153.52337240572797,-43.57681315749181,0.8854635577290039,4.14720268593476,4.208886596581071,1.4873618512910556
14494,13791,154.48365210936603,-44.00754094024413,154.48346984326963,-44.00806498829933,1.9447065530438026,5.24319816532543,5.335518561097879,1.7607649541645443
14495,13792,155.81573618725847,-44.58825893194955,155.81581448055115,-44.58834875219091,0.3805906610722296,5.490505886215875,5.5774087760467035,1.5827847493798681
14496,13794,156.12737631872926,-44.7240123394571,156.12708039560798,-44.72415664221715,0.9180369476060587,29.78383644964705,29.71947512247305,-0.21609481801584451
14497,13807,156.17726342529772,-44.74572769083529,156.17738759729687,-44.74551339495048,0.8342414409042216,7.972995199898053,8.013359561631995,0.5062634646319462
14499,13797,153.55513597810855,-43.59455146171671,153.55511114266895,-43.594632189062814,0.29774475352538865,13.999445731021874,14.879667875019452,6.287549956689087
14500,13801,154.8314319895972,-44.16135055049501,154.83131389207708,-44.16134237675158,0.30641138032931836,18.834149041925656,18.904039938416627,0.37108603279814234
14504,13808,156.28340473751453,-44.79267771579695,156.2836463761668,-44.79280723453648,0.7736309882815696,2.555807385061482,2.8715029292857417,12.352086705339316
14505,13810,152.36018737226115,-43.05249687686926,152.36021159238913,-43.05242693028046,0.25974335096133083,15.173945755028837,14.354813930506788,-5.398278323557197
14508,13823,155.72031730777996,-44.55326613053321,155.72034312393976,-44.55306616988776,0.7228984140756344,22.26572587744868,22.509552446466685,1.0950757696382072
14509,13813,156.03983292714867,-44.690479478413636,156.03951838238004,-44.69055112623704,0.8453258760326036,2.7325850739338544,3.076292674407286,12.578111611311227
14511,13824,156.22580854613636,-44.77020712258435,156.22594439780914,-44.770197060983456,0.3490903916898067,19.624804621564227,20.08522185772481,2.3460984455084257
14516,13818,153.99273053594555,-43.79454403493588,153.99176414714157,-43.79418085952855,2.831202224833533,572.387854523682,552.4317455641744,-3.486466178796583
14517,13819,154.0636901283126,-43.82512136368399,154.06403117030155,-43.825018380207226,0.9602276355082096,8.430408685155628,8.134488005907262,-3.5101581702608033
14518,13820,154.30945434470587,-43.93441442484414,154.30940057521715,-43.934490518498606,0.3073645041225733,2.832020937384982,2.8523130222843647,0.7165231242294352
14524,13825,156.35786059302956,-44.827196938029424,156.35762506875935,-44.827091043260936,0.7120076940665674,6.173811106481329,5.768567843755255,-6.563907702013198
14528,13832,155.2264687015903,-44.34233635403862,155.22632253221846,-44.34237736346155,0.40425495818878115,2.8453713549969146,2.743709163611479,-3.572897126658038
14530,13827,155.58258010574,-44.496407957979024,155.58280392352248,-44.4965082926147,0.6788121389639858,11.138692635802336,11.188113489668975,0.44368630576796
14535,13829,156.44435783226237,-44.867129663115094,156.44399551618042,-44.86709711326541,0.931839856251241,6.769770709341293,5.836572602383833,-13.784781597843232
14536,13834,154.1204944101816,-43.856899967319386,154.12091394973137,-43.856693984206466,1.3175545730132336,3.7825465086075996,3.7613972413704317,-0.5591277513452997
14537,13839,155.25262646585378,-44.35588075966529,155.25235240637156,-44.35583642458894,0.7232706217289568,178.0056796041479,204.03926486697242,14.625143040782998
14546,13835,154.38565510661462,-43.97602473140099,154.38577717744633,-43.9763426345859,1.1873414149734725,93.34074744000264,92.84169418637885,-0.5346574430899855
14547,13837,154.99537335890616,-44.24333927268926,154.9951230857233,-44.24334897193879,0.6463930139565641,102.6938541243354,102.7900670272807,0.09368905643448541
14548,13838,155.1319639150121,-44.304646212273944,155.13164910715463,-44.304666423942734,0.8142935538322246,32.231345297498095,32.79319988938579,1.743193114347938
14550,13847,156.19656903925272,-44.76558509568041,156.19691301815823,-44.76581948167806,1.2185953859888854,2.7844716494304538,2.935607703577469,5.427818027090668
14551,13840,156.3113117628811,-44.814735729347326,156.31117216670538,-44.81490650082796,0.7106643115798461,5.196661240690622,5.1577388903707915,-0.7489876387374003
14552,13848,156.330138185388,-44.823209250361764,156.33014296893415,-44.82310203893728,0.3861543540634329,25.41479485520344,25.85450742310001,1.730144077108471
14557,13855,154.8481927155851,-44.18260713657595,154.84823843686223,-44.182281509210526,1.1781861364657256,181.13712037595067,181.27319304571444,0.0751213608129266
14559,13843,155.1443397144754,-44.31200735042445,155.143980404359,-44.31201674767385,0.9261889290624123,3.35288223954434,3.6220016371788155,8.026509087031016
14560,13845,155.92034640974313,-44.64847358381685,155.9203174613437,-44.648247395338345,0.8176469096786285,2.8785135924504037,2.5860249469751646,-10.16110002893025
14561,13846,156.0361604242533,-44.69718861237685,156.0361094542281,-44.69737632565304,0.6882402715637743,3.8163397660617786,3.834342681678716,0.47173251650796605
14562,13849,152.8276332817303,-43.27938326175982,152.8276999085785,-43.27950962360174,0.4872664526107408,9.60956099203889,9.730265455292871,1.25608717561582
14565,13850,153.03247184835425,-43.37094191960003,153.03258304273814,-43.37123118463876,1.0812453710241476,2.5379652298114976,2.2291398334449917,-12.168228025308423
14566,13854,153.52251545342554,-43.59405954505919,153.52275056900947,-43.594231521362765,0.8712546752466732,2.75823677588817,3.056858406274493,10.826540817554173
14568,13863,155.37151831261588,-44.41374410381738,155.37178141569598,-44.41368159761869,0.7130083994242825,5.804011613631424,5.637652136588335,-2.8662843584319013
14569,13864,155.54598992456644,-44.48925481510827,155.54624719608535,-44.48915699325624,0.748708912139496,5.189208691488458,5.459110832124448,5.201219620993352
14571,13856,152.38983581441573,-43.08058349399904,152.389618530771,-43.08047922604785,0.6836055080949325,31.42364948451951,32.12722178096078,2.238989767206636
14574,13859,154.47705127782112,-44.02134530588107,154.47724777666818,-44.02170738488447,1.3992212733225755,1.775443847270675,1.9373282765338489,9.11796954389928
14575,13861,154.6065129165591,-44.08009977896203,154.60641208317486,-44.08026399836339,0.64614629790765,5.149365508688926,5.399996889136614,4.8672283997859145
14579,13870,154.04722878323204,-43.8328231197872,154.04633556776386,-43.83233785904396,2.903855917146706,545.4420469691223,455.8414535475165,-16.427151870577763
14580,13871,154.17530985881217,-43.89069583787944,154.17508417534813,-43.89097894363439,1.175393793056918,8.555198200546604,9.053984331016125,5.830211279472781
14582,13875,155.46142897215023,-44.45699696943153,155.4614985931627,-44.457375058712145,1.3728276308560754,2.5074611790256145,2.6025280065542318,3.7913579011245044
14584,13878,155.97844347046288,-44.67959523008137,155.97853849760153,-44.67956873013551,0.26128720668476185,3.986593317530796,3.8034385494677583,-4.594267673545379
14585,13879,156.10228478132922,-44.73293153374004,156.1020223693031,-44.73278530844081,0.8529260012960506,5.803185949105797,5.911738813957037,1.8705736091046106
14589,13883,155.62480347966698,-44.52871839372597,155.62440610011822,-44.52898199879676,1.3930713614905395,1.9670287482020337,1.7226724533375852,-12.422609231705573
14590,13884,155.9643024057455,-44.673979557822264,155.96445858566923,-44.67425682250951,1.0752527084002224,2.990839949114114,2.6558316496115975,-11.20114433411076
14594,13889,153.45209785487916,-43.570752575555325,153.45184050779406,-43.57076458680819,0.672625964540261,16.099669379476158,16.909113416743004,5.027705962078482
14595,13892,154.39183291973035,-43.990147641736264,154.392407211423,-43.99036846165959,1.6865455329704926,11.26003967618404,11.42467334698614,1.4621056011935272
14597,13895,155.26633907681332,-44.37363887154648,155.26614591219322,-44.37395224503129,1.2327936796492314,8.108504954143337,8.001362355675106,-1.321360707974688
14599,13897,152.70411915031997,-43.231745016506686,152.7037054075571,-43.23160164560926,1.2017026535057307,6.497186094736959,6.6801885895614435,2.8166423457183356
14605,13902,155.353365352963,-44.41377526574161,155.35357904235389,-44.413851783675355,0.6146805124899928,2.7537620492942585,3.106261328981218,12.80064411437797
14606,13905,156.1242717353107,-44.74714800572817,156.12411713826796,-44.74711172940452,0.4162878930390139,11.33204113457095,11.19289148005047,-1.2279310749761823
14607,13906,156.23517148270514,-44.79440267363652,156.23475676584908,-44.79458203164267,1.2407274307299212,12.950643694263142,12.855531570453708,-0.7344200493413834
14609,13907,153.50391901824545,-43.59665538066811,153.5035673172605,-43.59654983758518,0.9925472314353446,2.868143484593925,2.449642954441157,-14.591338696990594
14611,13912,153.80381047744828,-43.73311195619846,153.80376250576919,-43.73281986757279,1.0588975157633074,8.705128011555432,8.949019064556287,2.801694043753372
14612,13908,154.15370051491962,-43.889040432366734,154.1535843382459,-43.88908817762918,0.3469801415499641,52.61368603891268,51.79706044412907,-1.5521162957099017
14621,13920,154.58456259452697,-44.08232214914102,154.58494884742765,-44.08228137597211,1.0095883406517117,99.1882118310654,97.98092877516044,-1.2171638480197395
14624,13924,155.69846449955702,-44.56984772649782,155.69856145147344,-44.569827789690855,0.25879671246447544,16.64420714433375,16.594017739235326,-0.3015427809999837
14625,13915,155.854546599075,-44.63493667842434,155.8544185754523,-44.63503466365005,0.4816544620086706,6.656905602806376,6.848869319040072,2.8836779081375123
14629,13918,154.09848778528956,-43.86845958010835,154.0986386212562,-43.868665115601495,0.8371044888925452,6.765801209641769,7.213550835884459,6.6178359719557545
14632,13923,155.27231908043322,-44.384764607883824,155.2725759593013,-44.38490726657933,0.8369771709696138,8.846716723931895,9.106636852084938,2.93804058911386
14633,13926,155.96366154659285,-44.68522947556878,155.9636624712236,-44.685153490395564,0.2735568609713374,5.333490314345159,4.853082644615813,-9.007378684784022
14635,13927,152.82692874732896,-43.29500204609106,152.82674668622474,-43.29485630683809,0.7091074616612055,65.90352443875446,66.17178250282056,0.40704661298562395
14640,13928,154.2089820244425,-43.918204638520784,154.20872912655753,-43.918349412923995,0.8376906965412578,26.878102723675532,26.397404770805714,-1.7884370701745846
14643,13939,155.3656645680111,-44.42915651228305,155.3652990835864,-44.42879154897769,1.6152684633304593,3.268011156247431,3.5206269597116466,7.729955357749989
14644,13934,152.49910244501726,-43.14936324306996,152.49958767071737,-43.14925616874283,1.3314482294876537,2.9116388560589863,2.993381929590554,2.80745922048211
14645,13936,153.19023792598756,-43.46429741976924,153.19003842041388,-43.46423655303212,0.5654674745161442,12.087975398644824,12.493009603121353,3.3507199602833144
14649,13940,155.40325277348026,-44.44662837576998,155.40339772518584,-44.44679015457938,0.6913571715797372,1.2318988764940024,1.5677861040872005,27.265811667036893
14652,13950,155.89638114783426,-44.66113533631325,155.89657963815537,-44.66112232535314,0.5104071579328597,26.737328393127573,27.136313038233375,1.492238264195293
14657,13955,153.67974668123833,-43.687692929990774,153.67985460900096,-43.68749779487929,0.7565880725084453,5.309624609322973,4.934613014335182,-7.062864563519657
14658,13956,154.11046845239215,-43.88019302361116,154.1108301164012,-43.880220348274676,0.9436038585698596,45.79058909916138,44.181426173463244,-3.5141782566138833
14659,13957,154.23468239636344,-43.9353579759244,154.23481873187046,-43.93538564541309,0.36721029246432435,13.568893192838582,13.1516699415021,-3.074851024375998
14662,13949,155.8322330331994,-44.63522278172758,155.83194288066647,-44.63514850371313,0.7899313982629842,5.756441577255982,5.695104041016954,-1.0655460568101005
14663,13951,156.0907580429533,-44.74607183715871,156.09077199708943,-44.7460982730452,0.10163724907231021,2.4170957924044667,2.5332681751964787,4.80627963347893
14664,13952,156.32627540257167,-44.84634254355464,156.32571925802253,-44.84612379727794,1.6233101407919546,7.304134526638778,6.506411304865603,-10.921529701620544
14665,13954,152.8834878606927,-43.32716031968367,152.88325289125552,-43.32732762802852,0.8610577258156108,3.3587726634768234,3.5517167905108353,5.744483070619208
14668,13960,154.6227074939125,-44.10948038257767,154.62234070664584,-44.10939253145173,0.9994459351095515,3.9176860958177095,3.7844133756675844,-3.4018223229369813
14671,13966,154.51329655413292,-44.06115747694167,154.51339181502044,-44.06146834575177,1.1459393212469555,3.664595245424805,3.4818723036035513,-4.986169810960185
14673,13967,155.06289658910154,-44.30303671264746,155.06266271826905,-44.3032299903596,0.9204266712040192,33.97973663582785,33.87032332671511,-0.3219957537792532
14674,13968,155.8473475331593,-44.64602436474105,155.8473699556953,-44.64603704717788,0.07336719306338071,6.233196559806104,6.15790601419751,-1.2078962196394425
14682,13981,152.47563426431404,-43.14689313087091,152.47551738871837,-43.146799107240795,0.45695755075227473,3.813908755369401,4.485988292106257,17.621804291743242
14686,13984,155.46524262636137,-44.48282053614011,155.46563433363684,-44.48285292919272,1.0128193002510555,4.410272429501447,4.446948427944174,0.8316039208233988
14688,13985,153.05734348449596,-43.41497904602929,153.05775026950246,-43.415156101537754,1.240098004033932,14.47719016385226,14.907695658718703,2.9736812875564875
14691,13988,155.30051561047983,-44.41456155981287,155.30047212207822,-44.414576379666286,0.12390336994315017,6.68954233547747,6.877237213990758,2.8057955103723944
14692,13990,155.79405222982194,-44.62840271681625,155.7936112208007,-44.628300807634034,1.1879534948605543,3.1191392527700232,3.3187487040332577,6.399504321134965
14694,13992,152.48842476545238,-43.158180378091984,152.48794728749513,-43.15808802622051,1.297226289884492,83.25282442868372,74.92315921784079,-10.005264407549697
14695,13994,152.79559647122937,-43.29899774940504,152.79563501991754,-43.29901201782574,0.11331019006132856,27.91327161972578,28.85927281359416,3.389073150421604
14700,14002,155.24400235601533,-44.39214324264031,155.24433686053965,-44.392231486325635,0.9172620446109135,4.669476867381865,4.859880312286738,4.0776183352554085
14704,13998,156.39785736418972,-44.888816213207086,156.39794297310735,-44.888878522652696,0.31303709394530954,4.862304466121103,4.865597933791709,0.06773470673328306
14705,13999,152.4176648756928,-43.12622565674257,152.41771506973913,-43.12614657044705,0.3137725995559949,7.164751864234179,6.808576766147849,-4.971213306971952
14708,14005,155.60345752934327,-44.54974970034562,155.6030564151998,-44.549942825195885,1.2419087586162567,3.368662550718818,3.3740435718133623,0.15973761139702072
14713,14008,153.93615641210036,-43.81674895919247,153.93633386878585,-43.81702698289564,1.1019334418799096,4.106541947218712,4.122414814164349,0.38652635598638785
14716,14020,155.77293095468855,-44.62606195250273,155.77367764198206,-44.62642860655738,2.324281768117693,1.765045929214069,1.9774973765023967,12.036595975886417
14717,14023,156.1460732754483,-44.7859037371658,156.14609176568672,-44.78605129954963,0.533321242205407,3.236002976050235,3.885199623605103,20.061682648612937
14722,14017,154.00120451542298,-43.84861581947336,154.00124546924934,-43.848680231709594,0.2550985124906088,5.863527382824171,6.388080943151077,8.946040942240034
14725,14025,154.51871892693444,-44.08002839737625,154.51916487872634,-44.079970113011285,1.1722206480501798,5.194336471748633,5.330190241302297,2.615421051226784
14732,14016,153.12949748621702,-43.45708035175596,153.12922946012173,-43.45737454094427,1.269732198822298,6.487416292408922,6.794958921292894,4.740602653229377
14735,14026,154.9471816657378,-44.268196898368274,154.94668000878042,-44.268392607880145,1.4726841744924128,2.3289619421014067,2.7264379609019,17.066660112180855
14739,14027,156.38046998465663,-44.89008034626844,156.38050991435577,-44.89001348318543,0.26136401612835386,6.275706749413074,6.038346730201159,-3.7822038009362715
14741,14028,152.75002168658236,-43.28633826263087,152.74975326117124,-43.28620810755261,0.8451973090313702,4.252354603630319,4.278759743605438,0.6209533878613152
14742,14030,153.3584316228584,-43.564704199288535,153.3580774964941,-43.564769422563856,0.9531296151821121,331.66080856229,285.6649396151265,-13.868346141514307
14743,14034,155.3836764434465,-44.46277235610143,155.38339945490145,-44.46269288023896,0.7670377018796356,2.566846497457919,2.556319491430127,-0.41011435776222743
14744,14035,155.8848782120934,-44.67862637743915,155.8847821015691,-44.67852908975739,0.4280115096298102,60.1175887168554,60.36396274807458,0.409820214811941
14745,14042,156.1732032605858,-44.80388015299892,156.17296795395245,-44.80377090243518,0.718286775173939,5.546766730218617,5.744970675895893,3.5733239798505916
14749,14048,154.28191692155036,-43.980740264314576,154.2818442971462,-43.98048982419973,0.9210037103784365,19.584737436572663,19.962661358598147,1.9296859263466402
14750,14049,154.322278996551,-43.99772491393052,154.3220090903275,-43.99781093779678,0.7645134619016642,7.52424067477596,7.45067157297626,-0.9777611453383075
14752,14039,155.03215433135702,-44.310855506362806,155.03187263881438,-44.31083581725194,0.7290986100484751,5.155166241912017,5.255735021602439,1.9508348513145553
14753,14040,155.4693103307639,-44.5019732275126,155.46903049890187,-44.502002455843154,0.7261640606665208,27.44425109749413,27.06781757580928,-1.3716297826732224
14754,14041,156.03411921938988,-44.74621556566655,156.03355943254581,-44.74637778680477,1.5458380120540411,28.942457926071466,29.02408792152962,0.28204237410196575
14766,14053,152.46187868899727,-43.16077486329167,152.4622079484314,-43.160903101396265,0.980155542817828,17.854011891806106,17.717605886381616,-0.7640075869283597
14769,14062,152.83573833341535,-43.33394642260985,152.83670673879763,-43.33291346335481,4.50096773089161,3.317768159909583,3.3440435432651348,0.7919595972091029
14770,14055,153.4683836739188,-43.61992130991199,153.46799675411341,-43.61970217979425,1.2802864711577497,6.1216153124190384,6.198344872689012,1.2534201571652348
14771,14058,154.12482304960574,-43.912834746583876,154.12446343128573,-43.9127987562215,0.9416001063066037,14.323488644556761,14.116426593207477,-1.44561186515111
14776,14064,154.82528088177241,-44.22645999490881,154.82483023592798,-44.226550666583364,1.2074953109017792,2.7935234160305797,2.8320361822262585,1.378644831637137
14783,14086,156.19155736537638,-44.821970056722925,156.19188600889623,-44.821659063098195,1.3991741959969164,13.106837542352723,13.115988502820327,0.06981821845303408
14784,14074,152.7086493886149,-43.280476649754895,152.70835645198235,-43.280554008541394,0.8166847588562557,9.49440165649396,9.433020832535268,-0.6464949154190053
14787,14080,154.80183623463853,-44.218899825415285,154.80150368489592,-44.21877350000851,0.9710685405447048,2.4652131672812465,2.4111582914173204,-2.1927059526272275
14789,14082,155.39624451095597,-44.48017239498358,155.39596326659532,-44.48003963723885,0.8661835092804403,6.641640211790364,6.586558665276538,-0.8293365005837547
14790,14087,156.23896525586,-44.84274790781854,156.23764317504092,-44.84236340972087,3.6475492343711955,1781.3570749831633,1761.1749420146405,-1.1329639212684868
14792,14089,154.13581401927212,-43.92750755659193,154.13543515540536,-43.927660248633146,1.1256536960936643,7.4514004807209995,7.0346680949108435,-5.592671966677502
14793,14090,154.41682431299145,-44.05260298760946,154.4169413245594,-44.05293899067658,1.2469218736322354,9.528585258299884,9.050209568232034,-5.020427241821236
14794,14108,154.9284961475878,-44.27852951914722,154.9286566065755,-44.278499941587924,0.42706009587560706,2.9670649546454424,3.1827903220940543,7.27066548074242
14796,14093,155.5976356443527,-44.569094604765574,155.59782174388985,-44.56911323077652,0.4819685728348899,2.052020621742826,2.1278131871638655,3.6935576873816864
14797,14096,155.9259642169704,-44.71134477510532,155.92575880267472,-44.71133968143943,0.5258469864429625,37.050454277511264,36.33769144247255,-1.9237627417468588
14798,14098,156.38637859477075,-44.90812371237637,156.3856397953921,-44.90792684383689,2.012608236940355,4.589205803457756,4.8008019693342865,4.610736038839279
14799,14100,152.34867784796072,-43.118636613372885,152.34895808650097,-43.11870622893948,0.7778830774901998,145.13294475729563,141.454940555057,-2.5342310861185444
14800,14103,153.64058262379496,-43.70702438732474,153.64135027529522,-43.707441035161786,2.498128874022119,5.5801906460684965,5.575327878446265,-0.08714339582031567
14801,14105,153.9512924834809,-43.84538460095035,153.9508855383813,-43.845429439981224,1.0688360547779223,10.39648308642435,10.193564723304116,-1.9517981362871064
14804,14114,154.71903606755987,-44.18849352515252,154.71920900651796,-44.188379174970834,0.607253714924754,5.163408340767225,4.791392154471428,-7.204856980970818
14806,14122,153.10356689083926,-43.467865225008495,153.1040526625314,-43.46773535501725,1.3525688141044176,3.943048851002496,3.925455613648608,-0.4461836010328738
14807,14112,154.12264900805994,-43.92389355918987,154.12268480267588,-43.924162253396375,0.9717416938211427,17.364668740866385,17.83914067744751,2.732398433057882
14809,14113,154.36696947222657,-44.032462770953806,154.36701933189056,-44.03261623918216,0.5673565619486904,8.588413081007243,7.567978252240043,-11.881529441379918
14812,14116,155.58041767575745,-44.56624142102533,155.5804602258203,-44.56670195011236,1.6614926012791125,5.254421760102047,5.444013047598887,3.608223628648296
14815,14117,156.0827999860393,-44.78146460124963,156.08300737215927,-44.78160286030778,0.7270222805928998,127.05183859799705,127.28001216200833,0.1795909185802863
14817,14118,156.20694539834204,-44.83488699543202,156.20710331555657,-44.83479411982487,0.5237559144442735,3.708585884275763,3.183074236333518,-14.170135581068536
14819,14119,152.51227977718338,-43.19801470859874,152.51215897489894,-43.19787699968951,0.5884543179455833,26.717376594418266,26.773553429301728,0.21026328945484463
14820,14121,152.813668332271,-43.335939741645895,152.8133812220217,-43.335651723674225,1.2807273540411392,5.082141894835822,5.251571440093689,3.3338216201722135
14824,14126,154.95304455037044,-44.29408654492485,154.95302150827666,-44.29407633396714,0.06983197519627495,10.478034190540212,10.804129991519389,3.112184929436314
14825,14137,155.08801150630146,-44.354141797694666,155.0880907181726,-44.353965961884555,0.665038247842986,61.26070926053201,61.21048137889477,-0.08199036910204525
14827,14128,156.10391044838366,-44.79382519895361,156.103963452067,-44.79403368661085,0.7626725760342438,6.490808513463036,6.242356704409584,-3.8277482464337202
14828,14131,153.2445501655856,-43.535546124310656,153.24474337071055,-43.535589617712624,0.5279795979322878,13.210073520356381,13.058511625170604,-1.1473206031156766
14833,14140,152.42605807699212,-43.164405699895624,152.42640382250826,-43.16453238358297,1.015976557202113,6.371615840491151,6.3914271615118015,0.31093087713718176
14838,14141,153.72692096678273,-43.75484107782007,153.726561076882,-43.75486983754177,0.9415313524864526,5.869666809232266,6.616480111381364,12.723265671135753
14839,14144,154.79859886693603,-44.229879668383134,154.79837605458164,-44.229868482037126,0.5761689643769299,2.8232811190779814,3.1220674213448825,10.582945504359758
14841,14145,154.91277290012525,-44.27940695186229,154.91255395022864,-44.27980978997124,1.5561445245984689,2.0054001050770047,2.065208255089987,2.982354985499803
14843,14149,152.60684530950934,-43.24746021782588,152.60696996880188,-43.24752915933903,0.41043039943998555,9.548583425161867,9.852607083528367,3.1839660903559217
14845,14151,153.6246411223708,-43.70906715467341,153.62479153796133,-43.70920287402167,0.6260453647488353,9.771756249618921,9.988394251868959,2.21698123362918
14846,14152,153.66542430790864,-43.72897984745938,153.66546687517126,-43.729083612608925,0.3896220178729913,6.3456924084386515,6.517358910172898,2.705244608231563
14847,14153,154.55120671270515,-44.12324577640414,154.55097612630965,-44.12370672132816,1.7631495592331936,2.2125091118926123,2.066165991957169,-6.614351061824972
14848,14154,154.57712567434152,-44.13376128209828,154.57631565642916,-44.133775842495595,2.0935625009741035,4.333776010787292,3.5241191543754042,-18.682480460378066
14850,14155,155.4718059982672,-44.527052089193006,155.47156645099778,-44.526810554104685,1.0649212108846382,5.849643741887231,6.3550080853566016,8.639232845081402
14854,14148,152.52957087882498,-43.21460378228314,152.52939943704237,-43.21563982100327,3.7567641410072445,5.258935339683073,5.693487066337295,8.263112181189323
14855,14169,152.82817556243555,-43.35274443218375,152.82872186605405,-43.352435903113054,1.8107336664036493,144.09439639927217,144.72181076237268,0.43541898837065546
14857,14165,155.15429994239807,-44.38997448718825,155.15424751992944,-44.390049833265216,0.302921207134063,2.7669473972619967,3.02457097608154,9.310750868428933
14858,14174,155.1687360244604,-44.39753744268459,155.16848457945318,-44.397330091305605,0.9876851729465036,6.844728695388457,6.836694289878227,-0.11738091994271782
14859,14166,155.49234003975062,-44.53669232151928,155.49213781540914,-44.53654485660728,0.7423682286012577,58.22709218409003,62.66285290084583,7.618035780890018
14860,14167,155.60006651633438,-44.585495216900725,155.5998113306287,-44.58568421861554,0.9439451503067395,7.8992480805852825,7.318371623643511,-7.35356645361532
14864,14168,152.48258090720756,-43.19631107654249,152.4828862963606,-43.196396031684934,0.8578473595486714,9.419668673804575,10.067723356175597,6.879803364774557
14866,14170,153.2741006404846,-43.55497993799659,153.27398827608997,-43.55509492537636,0.5072456790631437,7.259809841343764,7.338644202517198,1.085901186068008
14869,14173,154.36870715264166,-44.0471354141023,154.36863986457726,-44.047521777830596,1.4017645653774056,6.2685047643947,6.691798054386962,6.752699501746913
14871,14184,155.70605754899495,-44.632972051832574,155.70600427313434,-44.6330246364703,0.23337561403531662,6.642930160796135,6.544531868253491,-1.4812483371171123
14872,14175,155.87030089946649,-44.70310161807685,155.8688988554255,-44.70322466790581,3.6147098363570986,6.325089127172357,5.425044374702761,-14.229756045698014
14874,14176,156.23762298859674,-44.86125865844167,156.23762317270825,-44.86133099985205,0.2604295011055999,14.247195196978069,13.880193717693457,-2.5759559984301736
14875,14187,156.27797118518976,-44.878706204721404,156.27804612686003,-44.878664244641406,0.24365024419066314,13.093997625406281,12.61985154854225,-3.621094874372402
14876,14178,152.62373486866693,-43.26309593832093,152.62346233007074,-43.26309472836608,0.714492735383751,8.16810923802876,8.38471020614963,2.651788336919247
14878,14180,153.34078090905788,-43.58937787513362,153.3408743745862,-43.589516779203976,0.5562812130803795,103.38199412465127,101.33400290632969,-1.9809941137837312
14879,14181,153.38671169206418,-43.608068021704554,153.38642263287588,-43.6081849632263,0.8631139176363326,4.698274390293074,5.5876333134616845,18.929480257817236
14886,14185,156.00715632945048,-44.764772607273265,156.00699268213265,-44.764798808666555,0.428788183707462,7.315854250992379,7.216203918247415,-1.362114789690435
14887,14186,156.1967784864411,-44.845753019788425,156.19662333557602,-44.84577835266106,0.40637683346758946,13.572587850631908,13.984214546494435,3.032779749834976
14888,14199,156.35376263183457,-44.91341692969584,156.35387522714566,-44.913419473192235,0.2871996685831811,3.0298044339819055,3.116293099442282,2.854595646185302
14889,14188,156.39408479231952,-44.929446584961724,156.39360311251224,-44.92929555896438,1.342672483903593,392.60115974953567,336.11917253724596,-14.386607326459004
14893,14190,153.18335636409782,-43.51963043586737,153.18355301854243,-43.5198707165185,1.005876057448385,3.777734259068862,3.6706907453149116,-2.833537417222529
14897,14193,154.88505459781544,-44.27787357574086,154.88458297024889,-44.27784966456865,1.2186475893751623,4.104826983206515,4.863490629992935,18.4822320134376
14898,14196,155.56492468847566,-44.57589488078608,155.56460786531173,-44.576146400684586,1.216530841105698,3.979546897318055,3.8881559210011707,-2.2965171331056715
14899,14198,155.9279630751682,-44.731407803531546,155.92753269802313,-44.73131306630698,1.1523139691376747,8.660627643602037,9.41168112581911,8.672044488275702
14902,14204,154.13592969789647,-43.948191145537166,154.13557997849415,-43.948071495580294,1.0035722938889324,10.991858330556145,10.972818884882411,-0.17321407446460785
14904,14212,155.83394664031138,-44.69458727340628,155.83421432071276,-44.69437190212631,1.0346055307486606,9.816316713302891,9.381119778654115,-4.433403560207107
14908,14208,153.85799938812212,-43.826867802560386,153.85762167170637,-43.82660828786214,1.3546881563476183,2.2063247459689856,2.436201642272752,10.418996420348252
14910,14213,156.076161884181,-44.79935461102764,156.07610787249416,-44.79927860900693,0.3064265396316203,6.745567918074605,7.114329979019231,5.466731125136781
14911,14214,156.13007745250218,-44.823117591456565,156.1299317336106,-44.82315250827202,0.39274214763251236,5.098531769943433,5.028872209293956,-1.3662670704560425
14917,14217,153.5743115854218,-43.701844942737736,153.5743449978638,-43.701806550296354,0.163293280904998,5.2161024368842295,4.9543838896686,-5.017511645571967
14919,14227,153.90774472376995,-43.85286109139199,153.90820958109663,-43.852830307222376,1.2118649930330099,23.52191797920336,22.412175952677106,-4.717906199262399
14923,14219,155.23098872576142,-44.43630871364291,155.23094311883284,-44.43641056428736,0.3849477507622741,5.902323167232072,6.064577459745526,2.7489903198496726
14925,14238,156.0431689482127,-44.78835880673479,156.0432760303554,-44.78832092562643,0.3056955447857432,91.56248750399926,91.65935964593433,0.10579894078438465
14927,14223,153.46983505410242,-43.6576619851552,153.46982624918653,-43.657487401148174,0.6289206650275478,2.839594037573968,1.8799591109919334,-33.79479298392622
14930,14236,155.6337708226299,-44.61222221000815,155.63356414888324,-44.61219667599172,0.5375716684654391,9.701200769200618,9.216959874608117,-4.991556263116105
14932,14239,156.23480524240878,-44.8722446229628,156.23465043345325,-44.87221552379432,0.40861366532775495,12.656829143200522,10.59564133611252,-16.285183151068367
14933,14246,156.28689314168673,-44.8946394090358,156.28671475733756,-44.894453624951204,0.808877468654303,3.6898894414697567,2.7610798003111143,-25.171747172692495
14934,14244,154.9163322840349,-44.300880132549466,154.91583851707668,-44.30075987178351,1.3438198776734067,4.003306367387026,3.7055856620554652,-7.436870376870111
