id,ra,dec,x,y,flux
1,154.8122906106137,-40.191521480685175,101.82399917927451,-0.16140916109015302,0.016787319720667264
2,155.52918999151376,-40.513744760255996,474.95077771943005,0.1149579501325655,0.6205220679844813
3,155.85701185949233,-40.65928214182432,644.4910865272658,0.04285104639591194,21.546743259324366
4,156.78447526830578,-41.06763175909515,1121.1692340162856,0.5495847600791146,2.0405703673473967
5,157.3436705510753,-41.309982463680434,1405.9999952459798,0.6334858845275902,734.7975431625366
6,157.45142192652239,-41.354957598012966,1460.2842169427454,-0.07875399617128974,2.254416950569146
7,155.10586041727078,-40.32591795975704,255.522477470515,0.9298665560646303,0.24614553326568026
8,155.16340331655562,-40.35119978946666,285.3117289992928,0.6487993088520203,0.269263622995233
9,155.5698294582522,-40.53186633676801,496.0105625257683,0.12194419647133892,0.2897873907104443
10,156.222962371319,-40.82249161641155,833.5203536936848,0.872742236314318,6.004615588885173
11,154.63080700260164,-40.11387742014736,8.244693601223476,2.096612940119339,1.8145137367301933
12,154.83652882923533,-40.207834108192756,116.02938863820782,2.5545682633567455,-0.4896168962557152
13,155.59738560811581,-40.54749498256003,511.2331283568663,1.8251513289165768,0.6182347570925717
14,155.65346898309704,-40.5727029121405,540.336879182663,1.9542463113116388,0.631923051367191
15,156.1527934153247,-40.794836271180166,798.3275890567609,2.5187721159373413,4.154979080689373
16,156.3864449741383,-40.89705273692024,918.2688001428742,2.26403975712091,0.6440110395618726
17,156.46900471133188,-40.93284958462605,960.5146656369016,2.065421879044561,2.0453412639661535
19,157.30634180631986,-41.2967353329971,1387.8158188761902,2.0810627627402636,2.8315377366205845
20,157.9187867650716,-41.55803840250939,1697.3757237945288,1.476968368063456,0.19293215683712117
21,158.43994677288183,-41.780413810791984,1959.647453286549,2.209912628209107,20.70631330997915
25,155.8347071105801,-40.65510106142944,634.5771767157072,2.937199195396468,2.219457085775988
28,157.35845986249376,-41.320235585458796,1414.5555338500853,2.6129612449346036,0.7707345917701902
29,158.33377920081637,-41.73814632134269,1907.104633016087,3.5190006954730557,0.06443243119068717
30,158.42379448928207,-41.77440343156509,1951.7663674692078,2.6209574910518816,-0.5439420886704188
33,156.1222977530254,-40.785166930044795,783.6846425749723,4.433933202481071,2.1417536561810717
34,156.6165172230414,-41.00236894232374,1037.469899881961,4.6096063544530335,0.5197707251014383
36,157.2255120977242,-41.265250127052965,1347.6687600078417,3.8072363988913995,2.379654104832086
37,158.1977262614335,-41.68149119961008,1839.0551435409564,3.9920682691940814,0.1932134997327036
38,154.78925662094352,-40.19228559609076,93.01859035118157,5.490268431274073,3.4511200520502125
39,155.3026810557444,-40.422736718434415,360.32132432892035,5.267460888815041,3.299297327309348
41,155.95406066125236,-40.71211116593808,697.3450879082108,5.054995985864597,1.4983885892969009
43,156.5463927770023,-40.971956800600374,1001.6261304011355,4.729155732368972,2.8722328307317766
44,156.93131594917816,-41.13994624762148,1198.4474085671309,4.862000678533051,0.767660791450826
45,157.87709178448006,-41.545902415441695,1677.8519227162594,4.354838958629428,14.641302908753328
46,158.04368818905294,-41.61834020461761,1762.1872658329683,5.128254349770637,0.37918732474740535
47,155.5391053068311,-40.529747984247656,483.3730494091199,5.989058596992908,17.069983207692378
48,156.51930385400792,-40.96289232629207,988.5168425743447,6.1456044702682835,1.5499322659787365
49,156.67549279669828,-41.030451278529924,1068.2909737978825,5.7996172052622255,159.94092528547455
52,158.28443882384278,-41.72120329207002,1883.382483105404,5.5235509113055015,-1.5879775479137006
53,155.85620620738948,-40.6726818280917,647.9438746224934,7.025197596921553,3.4630103413919135
54,155.89460170220653,-40.68912025281177,667.6026651799145,6.7385627499008285,0.8736057915434589
59,158.08456453180776,-41.640611973085036,1784.053115927321,7.633961302803998,0.7423703648610168
61,154.84535773181037,-40.222832887168465,123.81477088240844,8.127599219769976,1.3892450713845412
65,157.07735066443342,-41.21189172913058,1275.2114254361065,9.257985943932022,8.408704899497081
66,158.23905321605875,-41.71023590347957,1862.772282199105,9.735932217435693,0.5157229738361362
67,155.23848902752636,-40.40398429529517,329.8213030388562,10.331538378503836,21.830873433455803
70,155.73627748307945,-40.62787160573039,588.3524295877099,11.27560583745182,0.42676179045232854
71,155.75704001627588,-40.63530893445948,598.5812980742058,10.373109522589925,4.000783544109318
72,156.0271271386386,-40.7569595721649,738.527919709194,11.433046291382995,0.7854890997570834
73,156.92272706894175,-41.14828781404556,1197.3670896075257,11.007736378017224,9.108662278177635
74,157.13633316495753,-41.241352720804315,1306.2974824220203,11.264951492617747,0.7350395480379526
78,158.170774042416,-41.6848603754495,1829.418118938203,11.551690302920239,-0.19553688224988786
79,154.87093931733907,-40.24463312731946,140.12124814361837,13.31795317172555,-0.7205445684537658
80,155.18553581881858,-40.38573033769522,303.86143788839246,13.109885153012105,1.1101235697070642
82,156.90291323531898,-41.14354337758743,1188.3177545322071,12.972996255292387,-0.7143515223432345
83,157.5007192513526,-41.40168452492964,1492.1424219779421,12.948249429028506,-0.016693061975596023
85,156.74751269545766,-41.07799786949725,1109.549684609832,14.017115038709047,-0.25026423979099766
86,157.3850943351306,-41.35507217839281,1434.378345207489,14.526979738019058,3.377143233309361
90,154.84415783028703,-40.23529137234978,126.93747790695167,14.70573943084641,-0.7233378554772605
91,157.47227747970308,-41.39362504405001,1478.854873615427,15.068521406430808,-0.11023285229820323
92,157.5639493814775,-41.432714544520664,1525.1995417772184,14.933809121450345,10.977340791505615
93,157.98880547415422,-41.614075015143364,1739.6173319967538,14.869760546201457,7.290299530004459
94,156.0390113897692,-40.77168300634536,747.3023779092159,16.245118179084248,3.1632305353886316
95,156.1672229775827,-40.82871310942418,813.4295379246538,16.499252592649842,4.165847280493645
96,156.36652277204198,-40.91495131949065,915.4350455686155,15.80491846448418,3.75479788454543
97,156.4656483932415,-40.959548744072386,966.590192374518,16.388131917115704,1.3559874541449435
99,156.7977103661353,-41.10409630318441,1136.3537876087134,16.175795930712688,0.7161186612955791
102,155.01119752946624,-40.31493992812619,215.28701880063343,16.920520734321002,0.7136031053017834
103,155.37581460223367,-40.47774904017022,404.6420448891168,16.56997846488986,0.6800422910967359
104,156.1945650141111,-40.842839220679856,828.0714809875659,17.560138827646618,0.6838341208157909
105,156.2884362109897,-40.88349198523589,876.1327240468482,17.24085901400156,0.5235164111457691
106,156.5897435604172,-41.01496481227674,1030.464515581705,16.965428534582625,0.9138215536116998
107,157.1698755333379,-41.26650972298599,1326.2499491255735,16.69425285901788,-0.3444227641645605
108,157.3353832585433,-41.338531314342994,1410.4754894112123,17.006287568066185,0.16437960942046903
109,158.0562407216711,-41.6459016179681,1774.3910227500037,16.482003009217767,7.966285922283673
110,155.26265909651218,-40.43042011219174,346.8362785810181,18.239028925637523,1.2480580167580817
111,156.12750451644186,-40.81433241186418,793.8680270892905,18.08245439116742,1.936339391350512
112,157.13804119281264,-41.25525739677774,1310.7444775077647,17.972192357988035,-0.11013634491599812
115,155.05700747544088,-40.339872786284175,240.38536906361378,19.11302372736221,2.545350278099449
117,156.02308653028862,-40.76976953463177,740.5323075755515,18.84354033219642,6.25863534943841
118,156.10648074007378,-40.80542184323118,783.1494355226627,18.26346606097871,0.8130967050274569
119,156.2717851882419,-40.88057724853379,868.8048222837805,19.477898091124402,0.8741876856793953
120,156.3274717632475,-40.90476031768906,897.3215626571849,19.336334473528975,0.8714792476069669
122,157.81563951134223,-41.54700260893087,1654.1338984613096,18.300037050419746,0.2646702274927965
125,158.46899352062616,-41.825462604777016,1982.7776656309002,18.984871386386036,-0.4258561734423185
126,155.32392763315352,-40.461103030156636,379.5810657457653,19.890937531358603,9619.923646816367
127,156.30461163691865,-40.89675078249038,886.149371072771,20.36753653374452,35.17852682093085
129,158.1165251292887,-41.678460498199854,1806.5450554485165,20.038164084716723,4.845860449156417
132,155.27507639324193,-40.4422658249899,355.0794835242461,21.423400260044204,0.3266125352588923
133,157.38042939285626,-41.36575301445987,1435.437706956354,20.99542338289343,-0.6575086842643642
134,157.67477846236974,-41.490710316770766,1584.0610978409482,20.296323044926563,9.355215425734228
138,155.96804924095306,-40.75240610352941,714.122657194313,22.372342984092622,8.686424244554592
139,156.99007787469816,-41.20037322346434,1237.937169524163,22.648396633297185,1.5015937329342743
140,157.36585452483806,-41.3613661423006,1428.5562982258243,21.957202894106686,1.2215000333557104
141,157.9634681772284,-41.61680369025992,1730.446049836722,21.768870136348085,1.4160846629981636
143,154.98166152071917,-40.31262322477263,203.05399866998832,22.476403419441073,-0.6774003795905054
145,155.38152532804068,-40.491865434781324,410.89581567145643,22.430669611961534,0.11108949992839076
147,156.22104656320093,-40.864914832218794,844.5872520514611,22.855330796829953,169.28014509886557
153,155.97817488700466,-40.76107733142624,720.5168452288174,24.5026497882481,0.45446662608645977
154,156.58381711971455,-41.02649502518221,1031.3262083843513,24.14647490463764,84.12300528509903
155,156.93773469300646,-41.17930397972253,1211.7145746183683,23.481733625209728,0.15306009203101628
156,157.60795196531987,-41.47001980509752,1552.4070081982632,24.34027954907277,9.943063121953958
157,157.81462145726718,-41.55688400949553,1656.3709614024333,23.565456775582522,0.5152545985028597
158,155.09046164800029,-40.36683948909337,261.21859026199326,25.154945872939432,1.389137578470437
159,155.5126440206762,-40.554285073881765,479.9676098091489,24.40937240310426,0.42961943584798395
161,156.84039271916583,-41.14073762508101,1163.0939447706146,25.37468876740133,-0.31676398170423425
162,158.32324276108614,-41.776712385134594,1913.1243876691894,25.51062338489647,1.3326992940024955
164,156.29531556919014,-40.90294354208419,884.2326433452666,25.58935269688896,1.2939411595477188
166,157.14059444619758,-41.27217451207371,1316.3397178065593,26.02756143016759,2.5195447875964283
169,154.9970264341664,-40.32937295568145,213.8831046078607,27.45444800068094,-0.01968753881709273
171,155.23146595183997,-40.43445693779572,335.774268926886,27.36217746326177,0.7119552921849037
172,155.3224248831099,-40.473774939072705,382.6038122241331,26.65223168010331,22.598878117342025
173,156.01231431213745,-40.780721110662796,739.3821215041561,26.819164064119647,20.633046581774863
175,156.28080163540676,-40.89901025136485,877.4597833474588,26.830754211620597,3.85084637856272
177,157.12573743130366,-41.26821488451506,1309.4554237306324,27.282805131070063,0.23703428756060957
182,155.1998559271383,-40.42051711963383,319.41524190038814,27.47711677177066,-0.04601039186395256
183,155.27813766492181,-40.45631541226135,360.2864800420392,27.84679457965298,0.8790303194253949
190,156.96786573572362,-41.20201159961567,1229.6986383616147,28.386959170176016,0.32177729763086604
192,157.68130681381672,-41.5101112107672,1591.8043646891426,28.769339537858794,7.444717663223061
193,157.76389028637792,-41.5454091095702,1633.4951606421396,28.76464757119612,0.5787584763149858
196,154.92520430227765,-40.30212854494822,177.92964339944075,30.033212178727617,0.28234778009573663
198,155.9155971806928,-40.7446135971635,691.4065826889694,30.189885234948335,11.605257877630835
199,155.9544524239734,-40.76028836606115,711.0109075013505,29.424614270788048,0.9927607762580715
200,157.17000989860583,-41.29283351068329,1333.4493089656291,30.075281284934505,7.337456377492962
206,157.7020957960636,-41.52382048508757,1603.5919033058408,31.226555551357084,1.8987489257761143
209,157.73582103134177,-41.54099184937505,1621.3532401255873,32.63088832739407,0.04268126267402529
210,154.81175191357107,-40.25676751263209,120.44245964933594,32.97229819427498,37.071460989067404
212,155.87218182318347,-40.73156941269665,670.7524765671529,33.320762835748795,4.13061941549745
213,156.20976863232835,-40.88030532920454,844.460961659244,33.19423868570869,1.560312796558973
216,154.7919228896782,-40.24991240079512,110.70144181146009,34.03410134877279,-0.2870799189410779
217,155.35671568008672,-40.50362344384379,404.529633342063,34.00731560240907,16.383496886908038
218,155.52690587561472,-40.57929532771411,492.6423493636414,33.86648653094637,0.9282562652696017
220,156.05170952171568,-40.812441020255676,763.6757773595554,34.0950236984746,0.7659794384829316
222,156.6131616976584,-41.06054936082759,1052.1937199740257,34.94752185668123,0.6839666233926266
223,157.01797277545975,-41.235278999707596,1258.3629548309034,34.265529376483734,2.5581399397182225
225,158.09597839975788,-41.696791783777556,1803.3711756105806,33.856666606994594,6.08821884266331
227,155.60193417117458,-40.615452933727354,532.2477457971955,35.261501529213795,3.5947882325322134
228,155.955399756366,-40.771400424271434,714.4976063086409,34.85256709470023,0.0030038453907169985
229,156.04175976646857,-40.80898854552283,758.8168875195307,34.57130378965158,1.0556149030065722
233,154.95144015237403,-40.32541535554685,194.89899899894348,35.8374462415264,0.9263265069807156
234,157.15015666894251,-41.29664216440801,1326.7239663233013,36.38550902047404,2.534881566297533
235,157.80576446229597,-41.57807332562583,1658.5620076775456,36.30929068044931,8.46001924794065
238,156.1784199542947,-40.87407187849443,830.45965448036,37.03514352482944,3.75743876133167
240,157.09829715419227,-41.27404916651829,1300.3157046089482,36.299411278830576,-0.11584913114773293
241,157.4975336382887,-41.447685725990034,1503.2725702987161,37.10322072352651,7.055220771392019
244,158.4495133526293,-41.852632449363384,1982.288293757806,37.0767001079558,28.877060753936643
245,155.0901862282729,-40.391993946166444,268.31986127801576,37.953432498479735,9.142463568429505
249,158.49113820114613,-41.87225615295067,2003.6518416487745,38.14279173850885,-0.5652619030724931
250,154.57590804307833,-40.16121719955678,0.47417327825189415,38.6142689677333,12.153319060430265
252,155.47270712420436,-40.565052425127526,467.3900660010706,38.89360963430172,3.2905673988325765
253,156.10740544012623,-40.84732006012763,795.2144533543623,39.334184649757646,-0.26230608343196005
254,156.19236340668314,-40.884335390312344,838.7747576323244,39.13130716337505,0.17276921915095808
255,156.93116313748965,-41.20647035551096,1216.5677116215393,38.763124101454,0.6447015898424149
256,157.31545496454362,-41.37372830827875,1412.201187033614,39.320264141846636,2.2402022628758846
257,157.36220761503887,-41.39241587359581,1435.5149355755234,38.58375881149386,0.7495870366122896
258,157.8241418301884,-41.59186997590257,1669.4142723064851,39.348233507385146,0.09549346764059419
259,157.99756411589166,-41.66482067808318,1756.4973236297049,38.88113547224929,9.27736590095398
260,158.2943785481059,-41.79086211208869,1905.582082486022,38.97873422809977,149.99842424813983
263,155.41181363284352,-40.53983114738463,436.3950061155652,39.882450456501616,0.2909066619182617
267,156.39158884556898,-40.97359597429617,941.5066675193218,40.023886877933386,2.7154372096251693
269,157.5258105431332,-41.465798106513596,1519.1866734635857,40.15025589469166,0.2540047257701634
270,157.62735558784988,-41.507849743697356,1570.1278960347913,39.396820846319315,1.9669919435735455
271,157.9334048215912,-41.64080710070727,1725.08391606302,40.55825972492172,2.070786068418179
273,155.5868310912217,-40.61982858825828,527.5756415715521,40.88772931107317,0.38925990511721564
276,154.63359881611433,-40.19500099054895,32.849508431265164,42.47688455016288,0.1109591225033505
277,154.78911550260898,-40.26532269217072,114.051125732734,42.470391206493595,0.9010169259815188
280,155.22334891711816,-40.45975199999333,339.82163777446766,42.01614180005953,1.4457326236350574
282,156.25964039518598,-40.91999295129048,875.0169516320273,42.215763920345914,0.31710678477392423
284,157.67141602078885,-41.53128164336278,1593.6075568563053,41.72854988364819,0.079797548473059
285,157.73180290786556,-41.55775634602097,1624.2634890000534,42.060922686179936,0.4554129883903879
286,158.1440106634872,-41.732003714130165,1831.4174851399557,41.43473377689056,2.234373750469748
289,154.93919441334575,-40.334169241008496,192.62356239053773,43.058196951514944,38.04454036534359
292,157.05231198601606,-41.26702455387925,1280.4328295379364,42.8569215011671,27.582220815965883
294,157.26651933312695,-41.360116884631594,1389.4013807281128,43.13172625448488,7.09756978276733
296,158.16788150722317,-41.7458159896442,1844.3753398049378,43.321462867027265,32.29341362441957
299,155.9623730473191,-40.79278458521702,723.2210310286146,44.14243096693287,3.014350450750336
302,155.68261214026836,-40.670427965436474,579.3551856409755,44.951185055487066,1.4663998736828254
303,156.90511142633716,-41.20716897233439,1206.5762913878077,44.87452350607531,1.9954010968496523
304,158.27778200973736,-41.7954865763703,1900.324968050966,44.92828225485149,0.37700084920487764
306,156.44548530274767,-41.00948450551819,972.5232847895406,46.261877859902576,195.37250701701566
307,156.7894522943035,-41.159688340075576,1148.3717451515638,46.29281747727101,2.925958269822305
308,157.12923990032624,-41.307045216485264,1321.3767257046663,46.28910321744523,0.10191592766908024
309,155.44667800921798,-40.568106097200406,458.0718665588407,46.32581466231471,0.006711478966929897
310,155.75852023539161,-40.70706582413491,619.3854387114383,46.44375788741602,1.6473655901260682
314,156.95043137345118,-41.231706296846504,1230.9908474071576,47.35361434536692,0.49979307850244514
316,157.99987829044034,-41.681532530154456,1761.8312804093857,46.911890917874985,2.617086129739896
317,154.92335191662767,-40.33714216110342,187.279274480737,48.17333686686696,13.811857189859582
318,155.05063016489459,-40.39430003613935,253.5009891161925,48.117559532598044,3.749323272940706
321,155.91222671637627,-40.778880419563464,699.7060814814721,48.33745048895232,11.534121110643502
322,157.39809737488085,-41.42638107856527,1458.698237002494,48.024832682507494,1.7450116835757419
323,157.468443485754,-41.4570190093306,1494.4227825021574,48.23054359656223,14.341606125641851
324,158.29784789926407,-41.80918612585845,1911.7516298132243,47.593627204457995,-0.43331856801735846
325,154.7976146408072,-40.282191550618755,122.24589657300233,49.06150107928951,0.9093355399169526
327,155.2143829000808,-40.46928574807325,339.0364526799814,48.878958217041685,-0.09253469053858193
328,155.85074388104053,-40.75294975696878,668.3742399652846,48.986196546106136,5.98666177266668
329,156.54980102323367,-41.06063811896553,1027.444502716447,49.06669858767113,11.161251080853006
331,156.76625282678637,-41.15377088794209,1137.681084890393,48.41871926579609,876.7543591512778
334,155.30230216540258,-40.511509170998174,385.48252694012086,50.329011504142635,0.5543455648012171
335,157.0527681825086,-41.28102934085427,1284.4242977203078,49.88739998751315,-0.062413556211462246
336,157.45423731588332,-41.45474022853985,1488.2622298705733,50.17974769578977,5.882007274552345
337,157.70855261778613,-41.56317667647224,1616.6361208941933,49.89665453064764,789.1177456692958
340,157.47959417506638,-41.46740946663747,1501.5727160891843,51.08633074690259,0.3307139782062046
343,155.06618847920802,-40.40879626976833,263.745206488132,51.916628401577775,0.5542628158105144
344,156.52550398826133,-41.05551860253315,1016.5332669224285,51.86373033549993,23.50423835189109
347,155.62718927797076,-40.661524786619644,555.159187695135,52.92652121008675,2.467055347762539
350,156.0887581562296,-40.86708104753095,793.4410548548288,53.54154109883975,21.444889144981204
351,156.69757850849712,-41.13195243265931,1104.849075871059,52.535012883752366,-0.06642720880588543
352,156.83757874363909,-41.1942972025,1176.6638867734944,53.253432356686034,9.219144394500585
354,156.97281747707805,-41.252500634631296,1245.4132926252107,52.99705514568037,-0.10745612795634762
355,157.22855298051002,-41.364795811041844,1375.8388027249798,53.85828756360884,-0.10744915183498643
357,157.95255098005353,-41.67386999498275,1741.3344539480645,53.27698314275438,0.48955865695745227
358,158.35805430473266,-41.844960846356884,1944.6186883075409,52.87840142482292,-0.1356899249153032
359,158.41828393813512,-41.87013692051429,1974.6950977242464,52.75715990523459,-0.09278523041961534
360,154.8820734582089,-40.3292387573984,168.8538213330975,53.58587163879941,0.17077519171721708
361,155.45275057985387,-40.586508327067214,465.6734000326966,54.27878932248034,7.450334974053786
362,155.63851108932445,-40.668772326980296,561.6361221926514,54.04920062387836,2.1483371085896916
363,155.89276182653126,-40.780848823022254,692.6458810946699,53.70576365478208,7.06135205049985
365,156.33620894988582,-40.977045831585805,920.8093751713976,54.11949112923554,1.4937579581339193
366,156.71276459473646,-41.140569220739955,1113.1520565675423,53.552066511000525,15.0682886407216
367,157.84482024106833,-41.62963519476273,1687.5442160483658,54.12054904386529,1.699028844877518
368,156.824208525112,-41.19126275523503,1170.6085275327225,54.66678438683918,0.5297976559639765
369,158.25823107420482,-41.80697565290694,1895.7234867653845,55.02419070213318,-0.4511735194835111
370,158.43941462295854,-41.88332197048842,1986.3825679283582,54.94324375771666,49.17758344866357
372,157.341903319282,-41.41831076957061,1434.5772741497567,56.23480166688093,6.483047444255109
373,158.54274130187645,-41.92777692501653,2038.2641209769208,55.426852333334395,1.9146482125049713
374,156.77527023292004,-41.17442693622234,1146.87194370862,56.93080377573485,0.18413519195610037
376,157.86790858165492,-41.64501118221189,1700.6446353684141,56.94471597980706,1.7941678627372404
377,158.09482265111404,-41.741934516982184,1814.8553393765333,57.163357482522166,-0.1969922465479166
380,155.07748970161566,-40.42589566672216,273.06767776467206,58.0024962825935,-0.2947010617788911
382,155.49203386058545,-40.612211944319014,488.3328386833722,58.42836636751922,1.4636586241514227
383,155.9502516046247,-40.81400581877534,724.4295126858003,57.63164546446045,0.07897260421693064
385,157.96634956710506,-41.68972240756111,1750.9238146040607,58.372774310514394,15.52875794618032
387,154.62785575142223,-40.224960398305164,39.283110293798686,58.937411350219286,15.783242977582312
389,154.95652024679217,-40.373577535702665,210.73346757519286,59.052069593996016,1.8585296034900944
392,155.56833627608344,-40.64798129324711,528.309837607098,59.333210348383446,3.0080965209955997
393,156.56888979363777,-41.08859414289877,1042.6187438197996,59.03962931141287,-0.31701668904944197
395,157.76416953353097,-41.60466004467025,1649.4196311325911,58.93678264119233,4.395265839623029
397,158.22516360862045,-41.801014544804005,1881.2628513517548,59.126952506415854,10.588475394114763
398,154.55872478197887,-40.195311758725644,3.644656416558954,59.78537020461861,-0.7287622342670723
399,154.9717859019308,-40.38285156718703,219.36980091337662,60.26826080083689,0.7767759668348208
400,155.1428617749,-40.45992963172723,308.38329790394215,60.37730438677629,1.0480963125211362
401,156.12595709966277,-40.896701700705755,816.2553131972883,60.25856252412749,13.328310762856892
402,156.74076133182356,-41.16622723010436,1131.138861716419,60.4007766818254,4.403522519553465
404,158.33822532461116,-41.850531429849134,1938.3512581367231,60.00446303031011,1.6787799638479999
406,156.41591358870323,-41.0250148077599,965.2632757329861,60.73770358560392,5.864269575535149
409,157.20794388384365,-41.36902894821287,1368.9380263536882,60.54460917339561,3.9443864037487137
410,158.30514824720365,-41.83761252599721,1922.067032682133,60.54320100884632,1.7396915824279764
414,157.40855742379648,-41.458431473461005,1471.4231993269145,62.067675845075215,13.913418920947093
419,156.98088060094923,-41.274342047663055,1254.5212121834243,62.33581040626925,20.801096787085847
420,157.00337854904473,-41.28622009838235,1266.5463826865769,63.41954490105103,0.38510409153192016
422,158.1695181479906,-41.78513475005371,1855.3853317556338,63.05199195025949,0.7254311951128228
423,158.34963296024478,-41.86109669074731,1945.5694088915527,62.942150106345764,13.16040312603653
424,155.18132096491192,-40.484384864457155,330.41839224438866,64.02757130049723,10.135216613822385
425,156.01534208103988,-40.85441560018165,761.1964010510159,63.55101909693094,12.252896644468823
428,157.50455860482475,-41.503300112922055,1520.96946328722,63.92019287697834,1.7684456498960317
430,155.3038022359139,-40.541341754394566,394.57157299237656,65.10022214008599,2.237663553389616
431,156.39759774392675,-41.02576190994764,958.3125041587147,65.19530119094688,2.245444082801352
435,155.13899325048348,-40.46914489754033,309.507151449349,65.9212070819047,3.917188151800146
436,156.2285561219872,-40.95386169297047,872.2874119617519,66.35930209488549,549.9357261504977
437,156.43626697115064,-41.04408679546509,978.4972385454014,65.89969481565603,1.9102283931514605
438,158.01887312197022,-41.728045137628165,1781.5652962049824,66.5378511920773,29.530199135815973
439,158.08520154073042,-41.756147914245666,1814.8613530110235,66.50653164698227,1.7927305159398377
442,156.10322571844196,-40.90014879667342,808.3322156269736,67.09311672975178,2.499730606496936
445,157.34622455658484,-41.4411121074944,1442.4211739201155,66.9056640783227,2.123321090200137
446,154.55408321015557,-40.20869685920722,5.713998970998054,67.61352500914904,1.2345221930991408
448,155.1558201614599,-40.480360270408944,319.2955716154819,67.77837689226249,0.6950663869877644
451,156.64131403117207,-41.13769322885952,1084.4442498581793,67.93018484400355,1.2741790349947892
452,157.20371933348224,-41.38212486316586,1370.8384089902067,68.14358186548684,4.295347339015445
453,157.83527115191373,-41.65325376951511,1690.1081283125702,68.25084025862115,0.6701537696810775
454,155.040755780074,-40.4317051740663,260.3671173658993,69.29567676621622,106.55734367600637
455,157.47834618970475,-41.50210611157199,1510.4195198483544,69.04670902660153,4.912324477039077
456,158.10402284217832,-41.76878432406178,1825.538032103381,68.88172245895029,2.2520176002688457
457,158.4809774715977,-41.927556042789284,2014.14395131883,68.60494505576052,-0.3239228655302611
459,158.42387180039455,-41.907580603590176,1986.6752986812323,70.69268251097638,0.5174459333126754
461,154.94486324551627,-40.392124795697825,211.50639404000034,71.09142248612943,0.6402137179620276
462,155.60197287313275,-40.686643826681205,552.4015165078729,71.34615664662329,0.9308378539654111
466,156.564823952783,-41.111004476869205,1047.2112551887906,71.33575521287113,0.24641210200733768
467,157.2692159326618,-41.41676186391039,1405.7835615545157,71.39809024933422,3.9823547679950897
468,157.9917255752973,-41.72517955617068,1770.2219023658326,70.96493017242913,0.22854781582886596
469,158.32656095468056,-41.866976579501106,1938.1222193171657,70.92553793057938,1.7917781372685269
470,155.06438993663406,-40.44763816490191,274.1765907965455,71.98557085558463,-0.44265394686956866
471,155.79664047069838,-40.77484037510691,653.3766688948505,72.24892321386685,12.402472755672576
472,156.8368326742926,-41.23123563559092,1186.486879130354,72.21280502588615,7.816211108168362
475,157.3336415947264,-41.44642738648716,1438.945593587676,72.37360224464013,3.115152132923535
476,158.2101013510082,-41.82000153975276,1880.3924088591875,72.0831532753069,8.285192728818414
479,158.52552665901598,-41.953519231960335,2038.2747983409924,72.29239772605649,2.7024324140905964
481,155.68912594458035,-40.73019185834999,598.7712313269477,73.79037643389407,0.5705969031484573
482,156.86506802223207,-41.24599417207973,1201.5513636549072,73.48079033993322,-0.011507171140131223
484,158.07141803144637,-41.76335802395047,1811.3948139129652,73.17503126184027,4.7494370235703345
486,154.70553962622705,-40.289974383591606,88.4809692735722,74.0340292589545,1.617976001525758
487,154.86648811882705,-40.36265921443798,172.3837654288548,74.04590459858369,5.336248354935939
488,155.70582204791015,-40.73779938881217,607.4433932329644,73.88965841087354,2.9273195842050135
492,156.54392720974215,-41.10900227400995,1038.4964820214573,74.95866607408965,3.182767097923382
494,158.18557435846174,-41.814522464554656,1869.391231158018,74.58866985200305,1.915617685928857
495,154.5846836826352,-40.23932434490709,26.564080779623605,76.08210071684115,604.8537230084088
496,154.683015688975,-40.28315485264661,77.7025057599334,75.73574100146492,2.7771785830221516
497,154.75017677194933,-40.312931043548055,112.56694941449237,75.4413853688093,0.2615366516430401
498,156.05044046864083,-40.89467984141895,786.1761451056698,76.12857624022604,0.09600660343264351
499,156.80873007221768,-41.22565308635022,1173.984338922905,75.58700069583242,6.303917093525499
502,154.87526720528217,-40.37224945758844,178.57790038965513,76.89519271461327,13.832496881362033
503,155.60565655586555,-40.699208203233376,557.3945423931345,76.88488921345761,8.970158825424019
504,156.07944253760238,-40.90947395144576,801.6424402982922,77.14775019037283,5.63256705510551
505,156.4512902086037,-41.07297904074834,992.3607131387819,77.23995383337396,0.5712870959357156
506,156.61599887330672,-41.144910994179085,1076.543785279524,77.21547656907438,1020.4714423092604
509,158.3526345647137,-41.89020992582275,1954.3753461736069,77.1722496739526,12.088574985626114
510,155.15075159027268,-40.49857952603703,322.5248725720158,78.15242402473521,0.46877537923458973
513,156.68336740173518,-41.17581438903363,1111.3550280884965,77.99178422165383,3.6970437575455373
514,157.70034144059488,-41.61505528946515,1627.2991743728887,78.14976435760866,5.300801457431846
518,155.05437809056212,-40.45732486394924,273.0394246363928,79.1639401061463,-0.343112064700299
520,156.31319660004627,-41.01599007327678,922.6271918492207,79.03402574329671,8.854376028968446
522,157.80386490117357,-41.661336377461765,1680.0147452079761,79.20874885959346,-0.06799632416640772
526,155.23101863586592,-40.53821269544918,365.2240460956898,80.00925457703701,2.719469629819336
527,156.3908258303451,-41.05271989580221,963.135746557477,80.40052197139713,3.197967687141557
528,156.46026368910915,-41.08246803715833,998.4899891529683,80.066309453315,1.753772535189491
529,156.93451938227045,-41.28794488486138,1240.1311186421117,79.48926552628097,2.9724089171911188
532,158.48538520647367,-41.95205787466857,2022.2619204044413,80.18172407333513,-0.5137713816972838
533,155.3761654500158,-40.604520298257874,440.847363947666,80.72205888883205,0.6036198994442848
540,156.20610362141463,-40.97484150963445,869.3545171037372,82.02639627286575,4.496479350922999
541,156.71836089526175,-41.19897281968054,1131.3815810528363,82.01653489798223,2.333569527688913
543,156.15945716130514,-40.955641361647196,845.7847333672903,82.69576226403979,0.35542772959833324
545,158.4529899093654,-41.943941184747096,2007.5271625498883,83.00605117489938,6.969350605971355
546,155.34326028612637,-40.596211402520396,425.6233900459736,83.95796424901803,1.5707588772539491
547,155.72089254543508,-40.76535689382627,621.1037531773309,84.47200180456572,1.1428754624514896
548,156.72742371376364,-41.207416422813736,1137.2382712151239,84.30372220306181,0.7117611765509081
549,157.6750669078937,-41.614454335643686,1617.283325775703,83.35402085806386,0.5488686178920088
550,157.7224041175354,-41.63656830683476,1641.6488990059092,84.3135488225792,0.7504642831091798
552,154.63768299272746,-40.280864811797315,59.31926078055955,84.94612994415753,4.759070218818552
553,154.6743193245805,-40.298000090118805,78.59819116529005,85.22838462212673,0.49830766166538765
554,155.10445672970326,-40.49125730229294,302.33477534036876,84.95787558091321,5.279416394839904
558,157.60791526897614,-41.588043810672694,1584.0305117370388,84.5382828995822,-0.45858016949531766
560,158.50135467722748,-41.968020917145175,2032.6480153683776,84.9058162063457,93.26514560496744
564,156.89589865112413,-41.28322519106856,1223.767122437526,85.61364119530181,0.15052129394046354
565,157.24126742807277,-41.433128603563354,1399.3071009507732,85.87156609908841,-0.02189632120585264
569,154.8510200256019,-40.38109438731678,171.64791385442965,86.89681624624573,322.72730106869056
571,155.62791754630703,-40.7292132270733,574.5753045274434,87.07839080734927,0.011550165867306873
575,156.7601494760111,-41.22651710221569,1155.255003869415,86.77394370287583,-0.5373597945176023
576,157.68235454979757,-41.62595603136493,1623.1999752500958,87.63046899089711,11.181152676539728
578,155.4833241332836,-40.6673408729786,500.5643549594742,88.33174606077331,0.5921156437261597
580,156.85918362328886,-41.272128833307086,1206.4036091363084,88.07755431296738,7.50165303598597
581,157.095569251612,-41.37433050061535,1326.5151247378994,87.96257042576745,1.4676242556663588
582,158.01634673862114,-41.76903102112733,1791.435183645999,88.00916894875785,10.450781501518577
584,156.06596278016968,-40.92738835770003,801.3813379883384,89.25666994258435,1.7791399578808271
585,156.32844459459218,-41.04305381428291,936.0938951741553,89.3830759197527,50.043711083678275
586,156.80128260712686,-41.24827707980121,1177.27545790783,88.74242014438946,-0.0337592586028735
587,157.07876748678257,-41.36902295479124,1318.5167869352413,88.9591358361414,1.3697078290613438
588,157.80152865797956,-41.68002933720463,1684.0847839992468,89.2534731226828,2.9900776437900247
589,157.89748352382935,-41.71946865078358,1731.9734979360437,88.51279809815017,-0.3086173678311769
590,155.64576412381444,-40.74397115179998,585.7169497007802,90.53964153005741,0.4149679975537259
591,156.84757987614014,-41.271034552878334,1201.5755870436005,90.08470918778575,-0.08850271577304787
593,157.6289037499019,-41.60858076148815,1597.7141033180965,90.42871170755578,2.284983672644465
597,155.84457533352068,-40.8331144484028,688.4935659218371,91.0390440458548,2.680528837690102
598,156.531948519659,-41.13558096012709,1041.1534938131108,91.1284392985262,0.8773127567566883
600,157.56714875720908,-41.58260233082325,1566.6770005373378,90.66583329281308,5.2807259334034455
603,154.7604630822414,-40.34994260595895,127.27548590368609,91.80565213868206,0.0550624832274172
604,155.2837042854419,-40.585760373978175,399.3749106921173,92.14742179684922,7.455242542658045
606,156.47296223802422,-41.11043283480311,1011.1799825589702,91.45372858776197,5.692958131442967
607,156.74482811588413,-41.23027840795258,1150.3067236455713,92.07753354848607,1.4277896166986652
609,154.55407587927488,-40.25864663164602,20.205999127494618,92.85547265660053,2.1230067396705166
610,154.60387819673687,-40.28063796426493,46.04289232148885,92.56626936423791,-0.029135409594742177
611,155.15550461878894,-40.529930961319224,333.3479880548749,92.94375352245848,1.5626381306770953
612,156.75960619307043,-41.23949876181018,1158.603597032611,93.49641345414888,3.781477931125464
613,156.99800477637018,-41.341727800648044,1279.5765859973683,92.85707816049307,3.891868111834469
614,157.16506130930557,-41.41494866926564,1364.6534849465024,93.35685143286163,6.475163120153174
616,157.4096227909703,-41.519743066212364,1488.3603265416307,93.07851337850036,0.35017301993511973
617,157.80649411972908,-41.689685890937376,1688.5924827102426,93.09922335197452,2.3321501152775355
621,157.34945031545743,-41.49586184464283,1458.4575621926733,94.09313919081484,0.49614591080507364
624,154.67937730679517,-40.31952594131749,86.80225212743991,94.95261400999031,0.049792938473041295
625,156.5884565547936,-41.16835345947036,1072.2483433673026,95.243018332605,1.0368486659316505
630,158.503765914336,-41.988987675076,2039.0596439973406,95.10485142290932,0.518566771776995
631,155.0248216357349,-40.47646003333443,266.9762967222543,95.56619337937074,4.261502624448126
632,155.04573935491206,-40.48746720448348,278.3051014126232,96.38063627332197,3.8448118307557966
633,155.46516206131906,-40.67495483657329,495.62865915267776,96.29027422786088,1.5598943071346334
634,155.92464033341957,-40.878567055569015,732.5229392861972,96.13345687892013,1.5433882119161326
636,156.3343646410807,-41.05925998700099,942.9015395602639,96.29592252396304,19.034260639627114
637,156.4532035745173,-41.11025145727394,1003.4164275099415,95.75403925175767,0.9064907408576496
639,156.9111543535334,-41.31249215794779,1237.7161496557135,97.13656588318557,-0.5647439141040961
640,157.21302813392154,-41.44335502764857,1391.0613612939337,97.2814354915623,-0.43034035854079067
641,158.36473827058913,-41.93456273159699,1970.715969315584,97.22544850878826,-0.07733762291943436
642,154.61610698141206,-40.29671121023056,55.478117196513125,97.8906254775758,-0.2666572815255566
643,155.03283887362252,-40.48628127767772,272.9252623407353,98.712819357487,0.05263273057673903
644,155.4501521994243,-40.671854770003854,488.8858700604788,98.10940258906449,1.3793987603531792
645,155.6915657063048,-40.77986371458478,613.7383947183353,98.42504708139433,41.63846283602598
646,155.72263141913186,-40.792797734664234,629.5181875442252,97.99421929815246,5.570520901926599
647,156.75275643356338,-41.24422966457306,1157.2282056091624,97.41795110301106,3.7785208301053728
649,157.28574924517477,-41.4767976720374,1428.4688784439918,98.35015946669053,8.693028606989815
651,157.7950741818534,-41.694734995343126,1685.4877450933013,98.1594159012131,1.2425656731255346
653,158.07134895324648,-41.81196742096796,1824.219534319811,98.00754865896796,-0.3664855392071137
655,155.5719515264457,-40.72770423159534,552.2858953576663,98.92540703179321,-0.23390984826871178
656,156.41041639699267,-41.09844227902269,983.4473645989833,99.26999378632729,12.943720336724232
657,156.48070096607307,-41.128611931287885,1019.2247864588747,98.97136326147334,1.65248754512327
658,156.53880972154732,-41.15324437111024,1048.7054966641256,98.58203263849363,-0.12148339297897467
659,157.4767779084066,-41.560377556844045,1525.478322765801,99.08921334343259,9.366500189067489
660,158.44685152149256,-41.97061127988018,2012.110434020406,97.95849290219357,0.32951105094327476
661,155.54044498223794,-40.71605776833249,536.6838996636305,100.12738243775162,-0.4180008575762753
664,157.43394102544863,-41.544691687900134,1504.5598484610891,100.46750987093729,13.450703347204795
665,157.97566715145808,-41.77453068131807,1777.0453952078578,99.63889523096331,0.12620627460144973
667,154.80794197443583,-40.39021665643006,157.44560874193857,101.33368160183979,0.6176696399850405
670,156.1365206055066,-40.98302023348992,844.4606195532751,101.7195756498306,0.5322485286141861
674,157.6487516117128,-41.63820314378382,1613.3783223073956,101.20260833622181,29.722135442185944
677,155.64021514189355,-40.76418430885455,589.2584567754475,102.03508015792671,0.2160876555516593
679,155.91256198317694,-40.884927490852036,729.590128662729,102.06802399108983,27.548551631957736
680,156.19237913632045,-41.006829382833175,872.9009377265722,101.33190923007336,9.025858598022364
681,157.07987204184732,-41.39629135025055,1326.3611930276375,102.59661373790985,7.146523332364811
682,157.98835698820295,-41.78346909980152,1784.3564590467304,101.44826963202239,16.841991298398607
683,154.97089077780046,-40.46725153916301,243.26529482208952,103.17321000184664,0.3175770612326116
684,155.30359315958512,-40.614885826217204,415.44314772540895,102.39260564736243,14.624038493001521
685,155.3894206360405,-40.654780481702794,460.31586784269325,103.18260346823324,0.08311076290492413
687,155.68024184911792,-40.783659610706785,610.3869713985018,102.89732508030065,46.14198957719754
688,156.70623370518695,-41.23553906380639,1136.6904713141223,103.29591145274536,1.50030058676914
689,157.91934207153864,-41.75641395753144,1750.3016433446562,102.6175266167439,-0.18853103898636878
690,155.004315900371,-40.48454697542391,261.2861270723628,104.32010487421535,-0.22494947336728263
692,155.7699810881107,-40.82565817938449,657.2645761446603,104.01142022775103,1.8041466209129577
694,156.50873200415424,-41.15117499177548,1036.3963147764366,104.20934401475974,0.13534686570856794
695,156.55433628376448,-41.17157110457363,1059.8195408481592,104.44956900373842,3.960331522646916
697,158.00835427762445,-41.796066080844426,1795.480683544816,103.54138447283817,1.507005105506936
699,154.50467502488098,-40.26023223640926,1.3671162551564442,104.97329584617205,1.084456188402452
700,154.89810216589825,-40.438046858052225,206.43954398665025,104.97070186363484,1.2405085476931856
702,156.47221884956423,-41.1375490963572,1018.3841450017366,105.39736300407412,1.4728958064307274
703,156.73155511361256,-41.249802776015464,1150.4852088840196,104.943530568979,25.608864441437277
704,157.8784187150336,-41.743359669814964,1730.8949213739302,104.84471066196706,4.33185704257752
705,158.37992562343413,-41.95661214925646,1982.4033940970373,105.21830486132455,11.397302336795713
707,155.79685098288346,-40.84222118249186,672.4165126777252,106.37379178351406,4.064761838097361
708,156.3195275238674,-41.07195229823571,940.6314406446701,106.04728452531187,14.48239074036552
709,156.36684785767008,-41.09266918070812,964.8438129276013,106.03253568840405,1.8057774997755456
710,156.85739573146503,-41.30735824328266,1215.3419938018967,106.39377495361151,103.50177978192522
711,157.12967245462792,-41.424856989861055,1353.5407468030094,106.18205496448488,-0.3373535361331671
712,157.5878928940679,-41.62184643651997,1585.2836943903242,106.14179741335734,-0.14196866180860362
714,156.09443231487344,-40.973647030754144,825.4157165214672,106.36803256280722,10.444499772242335
715,156.11510818914343,-40.98400530712046,836.3767615391972,107.0040802978042,0.6052345409265816
716,156.57394188173032,-41.18632138201948,1071.5355093765088,107.59577836457653,14.594706687764452
717,157.08768278400643,-41.40666682116333,1332.227190534531,106.15895972854304,-0.06809031078852919
718,158.13602491783786,-41.85780892497785,1861.506595177674,107.4114459320982,5.561156171719442
722,154.62013522521445,-40.32145075777205,64.21792124156356,109.4706270711469,9.022169488818873
723,154.75336529281572,-40.38064055817791,133.3656468670413,108.94509128062877,1.8906600266628961
724,156.3547015963179,-41.0938913202912,960.4425980813772,109.3570670328347,1.4189798956676072
725,156.48440476141124,-41.15054247498553,1026.729148641899,109.29169504225943,1.8403232654539168
726,156.5617921387521,-41.1839674582357,1066.1464576316982,109.0950977272552,5.966605640379583
727,156.78822257450364,-41.28246687728188,1181.5473302593705,109.01912907642397,6.018250084806389
728,157.23866740704526,-41.47825493173351,1410.5069599487076,109.42379170774126,1.4484932570655453
729,154.80353863365178,-40.40650735087568,160.42323941560502,110.57452121147158,-0.026460934639389144
731,156.52904186718573,-41.16969369604831,1049.4322763547384,109.11003832245184,1.481357072940863
732,158.45903522528732,-41.99930493180619,2024.3501547011101,110.00024763237187,430.7643738207595
734,156.45092603947398,-41.138749180235735,1010.407490591515,110.7393069494418,1.457130526080623
738,155.05523395305846,-40.52281283235074,292.1448292207129,112.10715373272454,0.5411042672110927
739,156.0162627426539,-40.95096452739725,788.5671053294486,112.34176288591628,8.674751658875996
740,157.46895751398688,-41.583267993031505,1528.5848578841628,112.46397489260949,2.2137825745484045
741,157.53598255631078,-41.61162133883769,1562.3156387506806,112.26473186986759,0.22659584958963894
743,158.33209672327837,-41.94898933937578,1961.7954196564779,111.63275735348522,1.0501786085391838
747,157.6145350798833,-41.64695079869093,1602.3883125699012,113.12537408971689,409.93341344272267
749,158.42430603439402,-41.99198601356679,2008.9277408170203,113.73453191648623,0.39520089750657356
750,156.69037312039222,-41.24982460951358,1134.4271309850087,114.07061763590981,19.738817132906128
751,156.7141290979253,-41.25992880015233,1146.4672137166187,113.94881867459083,197.72583231542336
752,157.35658387033973,-41.53859511697593,1472.7668082467333,114.29887858272785,0.602389894753245
754,154.4950320526233,-40.27622585696595,2.2470183516233537,115.26148646070826,2.479619190213539
756,155.2109414459622,-40.598371083894826,374.5531048339096,115.01542625098017,3.361463772214991
759,157.3351719715585,-41.53138595907882,1462.4779464211244,115.31797233196666,0.03887319509645653
761,157.96789786734288,-41.80169753005034,1781.220704305349,115.18784104432348,0.6808596119010433
762,158.30994003751283,-41.94556337632469,1952.2763312400782,114.66056338375873,-0.24190573771866597
763,154.94373574919337,-40.480080683235535,236.34610729657572,115.84090945658386,-0.2480397269846092
764,156.86101769593932,-41.327870355042116,1222.363670703349,116.02742969945184,1.006523122478481
766,157.6876469080548,-41.68418141485537,1640.8239193097468,116.16690362934928,-0.02302567659745713
767,156.7812397877879,-41.29406916142087,1182.0031250373772,116.46305378130535,0.054034819031036074
769,157.78113939942597,-41.7266343487042,1688.559771484976,117.46107619367149,1.3154407473008438
771,154.69729601977812,-40.37397758275772,109.54667903199062,118.37924680293152,3.462403416120498
772,156.44731310482695,-41.15102901504294,1012.3932330218606,117.78081698540083,2.485686400442089
775,158.04536999578596,-41.84018878978056,1821.5666101119098,118.03993006821844,-0.29588579409517624
777,155.11980223902722,-40.565656223550114,329.6222395548939,119.12551746579686,2.4155496765043845
779,155.4565429477828,-40.71600647105481,503.9094923977651,119.03201076081757,0.37668365236673074
781,157.2104754733753,-41.485505206100875,1401.4815325754894,119.30423728598012,14.950958746505085
784,155.1615548551128,-40.58498582994145,351.44907460334184,119.43616540942331,1.0430284569337733
785,155.73386382896894,-40.84104788882622,647.4991135883852,119.9304157139354,3.9119962103249257
787,156.14636905759602,-41.02391808769897,859.7049683601971,120.27884174100153,1.3909078724277324
788,157.24688389734507,-41.503616171485476,1420.5710752091238,120.53472970544789,2.8061701364705147
789,158.2187428917651,-41.91836279065768,1909.6493297180973,120.45103342756587,48.241852586677005
790,154.97187678906374,-40.50318044502346,253.96795242815077,121.12263283520315,56.935736573761
791,156.51007446547692,-41.18558990421834,1046.4202155430667,121.39826217095622,3.9161605013507605
792,154.8601751344723,-40.45422724153117,196.28671122334848,121.79201814651304,2.4348114878352076
793,155.76041759095864,-40.856994870395994,662.3524681348983,122.04817133304611,-0.3574362058722836
794,157.07662667878094,-41.43333611004441,1335.16513527305,122.16546082438411,0.14381504003132575
795,157.13670842109525,-41.45905166236303,1365.5635915760868,122.04188815727504,3.474203048895579
796,157.36368696472985,-41.5575245846629,1480.6389624360122,122.38517638570987,1.7677183874150533
797,157.7444207390137,-41.719878432803924,1672.4615694771342,122.00549237070405,4.824613674677236
798,157.92321507913277,-41.79512015892015,1762.0829277776722,121.52571823789306,2.120713356815694
799,154.94425065543638,-40.49512037166266,240.8685821964478,123.33014724635966,7.0741126453454175
800,155.0805575628142,-40.55520059787929,311.3096447108461,122.74264489853802,1.3017550093493697
802,157.5248664892563,-41.629062397215904,1562.666210069411,123.58107852861474,0.5875258515724262
803,157.53594667552377,-41.63351639369896,1568.176785983853,123.43094954360133,8.145485377803332
804,158.31364985609068,-41.96336969165593,1958.3914383343963,122.95567039789604,-0.5118843419012084
806,156.0497602847756,-40.989308341449856,812.3563981988777,124.30346891743096,9.59859293009519
807,154.59414896879966,-40.34003069158202,59.45455048596865,124.80186408149841,105.38319491722888
809,155.01846534323528,-40.53125485587044,280.21032745090463,124.73208494245836,-0.42585426655166525
812,157.82482420292686,-41.761411702172374,1714.8275696516298,125.69912659779091,11.31171884392865
817,156.5368277261855,-41.20598925777411,1062.481477125773,125.82520651014855,6.937470827778103
818,156.90409755687082,-41.36606336118955,1249.5942137086565,125.9464579736239,-0.21222319675774948
820,154.47885603811164,-40.291472329630835,0.3616081260204449,126.66819156757904,1.7364458289280005
826,155.72493909677553,-40.853126399039354,647.4191304976632,128.05903657083377,1.6201661688211724
827,156.36825907876673,-41.136450875719625,977.5253377060845,127.955031234789,0.8567187486566158
828,156.41330140536414,-41.15566959922624,1000.4115191484447,127.69845067779332,1.212696964180107
830,157.45141998089002,-41.60525947443773,1527.6664897484256,127.503637440913,-0.062058016747536214
832,155.0005461269524,-40.53139833239285,273.2575404927438,128.87706409412309,5.0246920708284195
837,156.17367833420096,-41.05298106345641,878.4543207565786,128.93369407972537,1.2055990375943726
838,156.28510167863863,-41.102368917031214,935.6430888190304,129.16150299489536,2.3176427526914556
839,156.39884933034315,-41.151634404965854,993.6590590105081,128.86231331046773,6.444373707466684
840,157.19488305146862,-41.49883492076311,1399.0160863861158,129.51388716313932,-0.33484726813142385
842,154.4948672626081,-40.30498276635279,10.535713772607126,129.8233489143641,1.6406983967419704
845,156.99363224424857,-41.41289423027804,1297.2597830499276,130.03372541216504,0.33434879348108265
847,154.85904897694851,-40.47155397256431,200.83567505866668,130.80898077758707,1.0819527735679906
848,154.95984951070466,-40.518092222325365,253.55560773001017,131.39969736132977,6.70228801300473
849,155.02661488553824,-40.54749013613171,288.04654666220466,131.09287457594922,2.352310483495047
850,155.45501854828146,-40.739106608635744,509.8675760136906,131.07636458713515,71.26864184573934
852,156.80846607607347,-41.33402501822108,1203.560775572528,130.7639163471518,0.252673485057793
853,156.90560467376434,-41.375905815918834,1252.8690317738233,130.62038892930585,-0.2873153711777144
855,157.71130223555775,-41.72310279173819,1660.4287611072168,130.85892250210827,71.29174415248256
858,156.0819449378567,-41.01897602611761,833.1955699145514,132.16220141245518,1.981199490277809
860,157.1614961352414,-41.489586189785996,1383.5032457046646,132.13794702098508,1.3807078335823493
862,157.48175856012116,-41.62660383700919,1545.2185674230288,131.7463175025097,6.663546743439427
863,157.91310063528078,-41.811414938548126,1762.4708656776888,132.03363998653464,1.033118417911038
866,154.9058796453937,-40.49639866425107,226.25999066491875,132.7081014215028,13.863662157863706
867,156.14931722924118,-41.05000191320316,868.1233761567809,132.8589834368102,0.6691872654402052
868,156.655778283214,-41.27271727189934,1127.2290010136041,133.36774684629785,193.69324535439355
869,157.29441666678187,-41.548962866706,1451.3458139914435,133.20130445917408,4.8479174960489875
870,157.4690293055843,-41.62383109786742,1539.5169076913805,133.11564984703492,2.6673207797473553
874,156.84496386609771,-41.35715640991712,1224.1138771328071,134.4663613947777,35.81930410602479
877,154.71701417806787,-40.41689290435609,129.644564806214,135.565193014179,-0.07022555243531825
879,155.49027692746478,-40.76277907039004,530.335894689564,135.11180311000848,50.51299002171767
883,158.0995081739777,-41.89644005160149,1857.4911104402483,135.0314176019783,6.49175272847676
884,158.2718324731612,-41.969084766803086,1943.6297336498174,134.89309077961045,2.054186491797358
887,155.88310894796126,-40.938045909261334,732.9964139390918,135.61184479157376,1.6121477557562016
888,156.70785773668314,-41.30053550544866,1155.1688763267791,135.98007908524926,-0.21113012180519414
889,158.33329083102515,-41.99810974375879,1975.1388392442743,136.46563593324296,0.47294239733598115
890,154.77489313576928,-40.445736425448025,160.55544806592494,136.93769886436573,2.0838010140289764
894,155.74990922447302,-40.88284801475006,665.5304535085987,137.51449049652723,19.71200592251797
895,155.79522085415917,-40.90224601397462,688.6615759164788,137.1738708483853,-0.09701931962665916
896,156.5143506538755,-41.21876990498397,1057.2439334505982,137.30663572795802,5.408910099885361
898,156.86225544793217,-41.36951629364522,1234.2310901531027,136.9350937573154,-0.25541990293642536
899,157.33623577627142,-41.575223900961305,1474.7203412949273,137.4115674984553,1.3179036297213595
900,157.67109494937833,-41.717938196831795,1643.3995369879658,136.98237321569758,95.15907330312105
901,158.2028104008536,-41.944371975684135,1910.295917305906,137.17186884560417,18.568268730290825
902,155.41334571102848,-40.73326042760289,491.94959527924533,137.52281264581043,-0.27857776620513897
903,154.53652357130838,-40.34113207821205,37.284989575692705,138.54292160576384,0.8608421616440489
907,156.95326774349735,-41.41364154539032,1281.7362912864721,139.30685440011717,13.859847339974621
908,157.02174314744025,-41.44272403740319,1316.3332544461769,139.02064673373366,3.8161171987167397
910,157.45439043609005,-41.62819916979367,1534.991523923855,138.54079317823823,0.10412759706609509
913,156.2623516917005,-41.117041346227964,930.846997588662,141.67872536811078,2.6764143857392306
914,156.38667741628637,-41.167842255708,993.4001304961283,139.80035864853383,0.0943804610372809
916,157.0943048059696,-41.47578452172083,1353.585185500917,139.87979209544156,5.085909760584225
917,157.3790666827143,-41.598355880538584,1497.6336701983582,139.81493869959502,0.7123638551442529
918,158.40252565343184,-42.03410625151136,2011.4760105805506,139.9419657701435,0.012046921947388007
919,154.67980951837762,-40.411029701442075,113.43368338503709,141.09634421978927,0.6758234303008709
920,155.33503626226917,-40.705357324756406,453.4705421190779,141.0868651868887,5.661410181472625
922,156.3069132843538,-41.13493009860166,953.1846140076929,140.83593341947096,1.0978444150784614
926,155.9958249543453,-41.00038399753679,794.4162776451242,141.9863137242848,37.493360910453404
927,156.05794778508812,-41.028034110603144,826.3664728361384,142.1211625994927,-0.33360357528218215
928,157.18456945494512,-41.519832085481525,1400.6865147951817,142.46670328787033,0.020258100714239252
930,155.16751967816995,-40.633811716338684,367.72811210151406,142.79192600822756,4.735907485916601
931,156.79820955368115,-41.354609436010705,1205.1993600286912,143.4961256667159,1.3893635828329236
933,157.38767026925703,-41.60831284917873,1503.6654838087718,143.0033683822864,0.8669759843967937
934,154.52082675173887,-40.34481586592691,32.229970016307696,143.99614823238812,0.5860892006323969
935,154.61237248607767,-40.3874342918529,80.29759921558201,144.5825066390153,1.9748326351182948
936,154.86244502610722,-40.49953035165638,210.21416995934345,144.17935267654042,3.4039350338085645
937,155.03401023657347,-40.57714315953335,299.4324981166681,144.41205699643962,3.002469666260856
938,155.43415351136088,-40.754846031398266,506.1933648901092,143.75639490919863,0.11053495323646884
939,155.98063717400987,-40.99715923050186,787.5921826777221,143.74889065413385,1.2048928104951309
940,156.68036575260678,-41.3043546494305,1145.5041328468167,144.00468112921814,0.3866874399296977
942,157.54328899661317,-41.67847695333616,1583.0951722445375,144.73867420673037,3.6442492120435173
943,158.18007551724264,-41.949138416096574,1902.7112658168176,144.5153446836809,21.849813267686525
945,158.29747264154742,-41.997872634370104,1961.1537728048709,144.06463792176515,0.21002059321359828
946,154.93155167158625,-40.53255962349665,246.6707114633579,145.15158054566234,9.275853144402827
951,157.67599564920263,-41.73786084500523,1650.6295130987642,146.07038977378346,3.436495484378447
954,155.21429195370567,-40.66265472872158,394.20684571034496,146.79139582786848,2.0081312879389106
960,156.95533545783397,-41.431893794563976,1287.517453498493,148.1355388893783,1.7890894554678765
962,158.34530383308484,-42.026601991313505,1987.2743890586435,148.42938600096883,0.33559777664954865
964,154.70036638870766,-40.43697696189227,128.95247600199093,149.51372328477095,-0.5739495480695324
965,155.1649327491616,-40.647341858930524,370.58429667932273,150.22425270052884,3.8291592700911803
966,155.62198738446307,-40.85047915174072,606.516488965777,149.86882831930708,3.274456550794573
967,156.60473477845613,-41.2838735220393,1110.4060175537413,150.3430871524918,10.52507170334094
968,156.88056656035494,-41.40318434174416,1250.5636165774085,150.0166634615586,0.015114863500237915
971,155.9226132339774,-40.9857494699994,761.7756526085212,150.95149654313926,1.0377818747466816
973,157.26188271416294,-41.57006886597149,1444.3804587963475,151.07908648978545,-0.6162967152082212
974,157.62664747834273,-41.725988660052046,1628.2561845966509,150.7700956644895,-0.036013447941946074
975,154.75638408828064,-40.46787300221931,159.72176989097696,152.34606457558144,0.15580702198995453
976,154.92979267332203,-40.54504447359388,249.57197951041553,151.86429650941952,10.38781279558551
979,155.63298616339316,-40.8596573360765,613.3964312893744,152.044530883306,0.2002073352031385
981,155.9423877148448,-40.996366074043536,772.4582549810918,151.90768420358148,6.108047315168072
984,155.08032511674506,-40.61445322295024,328.1836717163183,152.77077542230413,25.04664529685309
985,155.49638587101532,-40.80115819661706,543.5928871066392,153.17282439673073,-0.039066930682658124
987,157.8831739573719,-41.84028880043435,1758.4947352842219,153.25568976042513,0.0755738950893856
988,158.20076002167636,-41.9744260062761,1917.406286924619,152.95761029233503,18.75498404710498
989,154.5297518170338,-40.36852041986008,42.589691795928864,153.92463418883358,2.162557434569021
991,157.6580061082589,-41.74686806193469,1646.0376591199063,154.57931849992892,16.759732417342853
992,157.73878567190815,-41.78043253610282,1686.41696236069,154.10555017683527,-0.4714823344252371
993,158.02327974988202,-41.902190602689906,1829.3698592629053,154.4631403168391,-0.08900462967149747
994,158.2614218234319,-42.00300188502411,1948.4901153837209,154.45706930027325,1.4570052865509857
996,157.2466471591469,-41.571929528659226,1438.9531366243425,155.36652149537403,-0.17182885944551382
997,155.45432655068964,-40.78809623913367,523.4921624530011,156.0423358902902,46.322193927378564
998,155.5525272808092,-40.83207658961452,574.2336703211301,156.18261912501322,5.083806677737546
1001,157.75056333018355,-41.789244105596616,1693.3464563224038,156.0360827698878,0.40751271786656484
1002,154.48773236029612,-40.35561252112438,22.456768549346013,157.02433274621177,2.2550072709318263
1003,154.84669296132265,-40.518474894266156,209.5240889587516,157.34253263603807,51.84511750321032
1004,155.163875428,-40.65969328989844,373.7003253622383,156.71313343569273,-0.18602130559089267
1005,156.15865603235585,-41.102014988655874,886.2516900246115,157.17000934488246,8.524592703116637
1008,156.40759876933404,-41.213961766260915,1014.3159114342702,158.5701248860976,53.26424966455311
1011,154.69086447176767,-40.451309140397306,129.3885103583233,158.92373163403556,1.65574499380081
1012,155.00077594685104,-40.59101514229978,290.4486481128429,158.97590197621503,1.2520350777021818
1013,158.02421504171556,-41.91207809011575,1832.3479102638587,159.30528869205247,24.450370144021466
1016,155.9027925251964,-40.99526231763775,756.7161564969103,160.21415879776072,4.138283900758658
1018,156.2479283617449,-41.146722185653495,933.4704331677651,159.95780296252644,-0.13795697665171316
1019,157.66627693713295,-41.76168230719113,1653.2128109823184,160.32842172694683,0.292579181336278
1021,157.96821667741204,-41.888452397278684,1804.329819598175,159.3808191009891,-0.11491850832099862
1024,155.10775328775483,-40.64230793766096,346.84917834576225,160.63930550047644,0.8049822823231878
1025,157.2539316401936,-41.586250444315375,1445.6593238976063,161.0595952511383,4.80615130864232
1031,156.79835454251338,-41.39159963031662,1215.3815045821025,162.26984296963715,60.15911115763095
1032,157.33619977836736,-41.62219086475604,1487.3737163981755,161.335546978598,175.95556566704036
1033,157.51171471316243,-41.69929337923775,1576.3941237928934,162.23594811329033,0.3699483925575662
1034,158.2358499652023,-42.00675083437109,1939.5396124398278,161.88666115511884,15.81640996392836
1036,154.89605012861935,-40.5521375982735,238.45359542896537,163.12539373371328,28.18359708818176
1039,155.2445757497995,-40.70845417490615,419.07701352187956,163.1130974740354,-0.25343670311627825
1040,155.88088729023528,-40.99040681357183,746.818105507488,162.65919435392215,1.489976115107506
1041,156.21547622362348,-41.138940590396814,918.6646519662339,163.23904302856266,2.106535245747075
1042,157.72197938003413,-41.790765505265746,1682.636768240191,163.02874579452362,0.48811228578643806
1043,154.65658851259076,-40.4460180704883,114.49501567747572,164.07525594637238,6.123236829014078
1044,154.98156819049706,-40.59242289997795,283.36392275657477,164.05111328795616,3.373344713007639
1045,155.024548366442,-40.61166549551905,305.63752255838443,164.02025255124298,0.5362527746170217
1047,154.59824247548787,-40.42143974035134,84.63529347838288,164.98844184198433,0.47034614866207775
1050,158.25647776467068,-42.02039056684572,1951.135573467686,164.40093996826175,11.747736828187946
1056,157.28581361972053,-41.610008945258976,1464.4828032085143,166.16755326994752,0.26103714451565896
1057,155.9370147490074,-41.022945651806054,777.8080014843671,166.58876711856172,-0.15872245157505227
1058,156.26179396618636,-41.16693014497897,944.4842619567411,167.12621433269257,0.24211588943447898
1062,157.07749076059636,-41.52325540874689,1359.931193181684,167.73026065938063,-0.31652174966308383
1063,158.09521985013467,-41.95925688055464,1872.4004029902708,168.0163893747072,0.3645491656904881
1065,158.30154522483386,-42.04693508662994,1975.6050490917178,168.23905239420012,0.34677478766065817
1066,154.91326144609098,-40.57090111821312,250.55678408560297,168.69601360709854,5.7602038916279845
1068,155.9158716264336,-41.01917377605144,768.5138108185222,169.40918559957274,1.5265023113604397
1069,156.06703604345753,-41.08578078650773,846.0295143235335,169.3849780695789,31.29812605836933
1070,156.2231481506458,-41.15386940415008,925.8030806616597,169.1056591081336,0.6097575276643274
1071,157.8254540650136,-41.846123975649334,1737.6055333101165,168.76098166452934,-0.010133698105913988
1073,158.27417912568362,-42.03705893197454,1962.3864357084908,169.0942731592949,4.15564975728443
1074,155.98858001715135,-41.05303392555547,806.317831078209,170.31009147977903,2.1480533947366456
1075,156.69174817868048,-41.36052326321879,1165.358928796217,170.03230814845082,47.95822067507515
1077,154.6884442140255,-40.474655448279705,135.19156586396304,171.2705699402259,-0.1949952568623008
1078,156.65459844046416,-41.346902722744275,1147.1561756505116,171.3290100947974,5.272432714652574
1079,154.56637849906113,-40.42157286366978,72.25323127933534,172.33871301261772,-0.2868216857375386
1081,155.03625586859349,-40.63169476304481,315.94069857066467,171.4914817984431,4.301017275795236
1082,156.8899991236039,-41.44962233257887,1266.9162025390394,171.55027303122665,0.19374953871638523
1083,156.9355192928682,-41.471272636611715,1290.537772464786,172.52857033295015,0.19064443372835682
1084,157.02032923471845,-41.5070667002843,1333.2878031422504,172.06409431704606,4.234804835314822
1087,156.77520692419262,-41.40269832549215,1209.4087544650813,173.02309468963983,0.37970199960056433
1090,158.25896115636283,-42.03764633886968,1956.6308250774994,172.67468177919207,3.8628271606444433
1092,155.43503522801032,-40.814763326353415,523.5363125555842,173.8960860675628,-0.566897296222149
1093,155.75149770157992,-40.955954057383266,686.7246616304261,174.20986964654543,0.3746448055026077
1094,155.86491860330162,-41.00527013020386,744.7655667520991,173.77191095474555,0.7620829159168423
1095,156.47299778718298,-41.27342180878303,1056.2175960222107,174.24284137476755,258.74472412013404
1098,157.6637410616111,-41.78710506376012,1659.0180054908983,173.8367532488016,-0.5792520437614657
1100,155.9180549613305,-41.03084243633694,772.6335744839636,174.83655324587048,3.1799828009225966
1101,156.51598120563145,-41.29379866719287,1078.5745253356104,175.05683561571556,3.4537178065638185
1102,157.19517090202615,-41.588390538390364,1423.3765048735936,175.0336237841125,3.8865214055543973
1103,157.56152462261008,-41.74633270019819,1608.3750888549332,175.3324089316063,-0.04557334211793128
1107,155.57253163921305,-40.882756565163696,596.360127500316,177.34845507535584,7.064175888497357
1109,156.28608051513555,-41.198383049255106,962.6723031661884,177.6834986084149,20.018510335410777
1111,157.69848876722168,-41.80779195136567,1678.0470362616904,176.81723778742676,-0.22241641306301485
1114,154.71600408335854,-40.50120906419795,153.6025313504159,178.3980543884259,0.13735082292744394
1115,154.93191535806278,-40.59764803350912,265.5114553832255,177.9760617731615,-0.028350531350432317
1117,155.29751758466347,-40.76148870570423,454.8162386049936,177.97894256378203,-0.36185147783933624
1120,157.02182151555238,-41.51995574496052,1337.3739350229923,178.29176207161933,0.779205990772898
1121,157.1293879812258,-41.56572881999409,1391.6485305059302,177.93877097516506,62.60033310715383
1122,158.08664297469429,-41.97645267668134,1873.6055801557054,178.6445381359692,5.749726441113435
1123,158.2944592743794,-42.0637857559483,1977.2724107912165,178.36877843803245,1.546953133515343
1124,155.5321927898675,-40.86852602122243,576.620776704067,179.22249700731575,-0.13203154263224923
1125,155.73299782561858,-40.95737802273816,679.9187309142462,179.0838942519271,0.6351072530206632
1126,156.00697097745052,-41.07720770194307,820.239602639135,178.4574860735112,-0.11049966191178727
1127,156.86916860853367,-41.4555987587725,1260.4418419914775,179.18116755415699,47.90308891324791
1128,156.88706555370229,-41.46266311254596,1269.3343790177378,178.82743890420866,0.5791119784523936
1129,157.60766704432712,-41.77331234895004,1633.5345416470534,179.0205884903645,6.970744829748592
1130,158.17760894669715,-42.01576680428478,1919.2899227112566,179.0561069785348,8.695163280945144
1132,155.24516768748603,-40.74124265306732,428.6532999447261,179.57045967028168,2.8597971091691736
1133,157.31880598701775,-41.65143191253112,1488.493818638196,180.03009195528668,5.643439080548753
1134,158.0710192082895,-41.97226699051595,1866.4331641804538,179.88683494886718,-0.1579204434004359
1138,156.89608083700512,-41.47199193813566,1275.388137470782,181.5835690209115,2.5769444530168855
1139,157.58876939495,-41.76958898275883,1625.193006831829,181.2413649277979,6.713409099416547
1142,154.92133101045886,-40.60003396150617,262.07266300851035,181.58804256357305,0.5843703523838399
1143,157.2541613138897,-41.62873065045602,1457.228226539171,182.63174403773564,1.3907756636127742
1144,157.90308585246737,-41.90404471344935,1783.153288284941,181.45010084339083,39.752770999556844
1145,156.3685101958034,-41.24412698780883,1007.4411077539045,182.5716408780105,1.557272726338403
1147,156.44010323852302,-41.27654682811933,1044.2750452292605,183.13017664497752,0.16955367114780948
1149,158.10872812400157,-41.9949341429357,1887.0563927629153,183.30103683060648,0.49518758417595055
1150,158.32945862920326,-42.08842314391145,1997.315455611621,183.40958705319866,4.28993008622721
1151,154.55016534157622,-40.436536679511455,70.2725623400024,183.60115003507502,0.7241604780424835
1152,155.1711598637938,-40.7177386414614,393.1160341793119,184.42809889548755,1.4429831625061114
1153,155.55270356221087,-40.88695058651173,589.8219214180475,183.9352370254453,2.639764064621533
1157,157.01692522244315,-41.52809577572201,1337.6830497706385,183.50881766772633,1.547695773240692
1158,157.04565550130494,-41.541807106955105,1352.5856396617219,184.16535680699096,0.44880552267399254
1159,154.62317430265733,-40.47287952384187,109.24355137467504,185.2723050981581,1.269431221359019
1160,155.2444036981607,-40.752083052368846,431.44506267419115,185.22813787451238,3.8438010740515782
1161,155.78995797344638,-40.99518448439455,712.7369752243222,185.4620858505326,24.705008544901247
1162,156.25213722872508,-41.19858598343095,949.5135519324524,185.34168302452392,1.2987512163948407
1164,156.98302331813593,-41.516783451881636,1321.418137980654,185.2138504152051,10.478711194700578
1165,157.06403597648745,-41.55232223624024,1362.591251624335,185.4739419487851,5.354412958476553
1166,157.12915033859792,-41.580483704478645,1395.5566455966364,185.49789656920797,5408.861370180006
1170,157.0971860178985,-41.567903005351376,1379.7135762598264,186.116575476385,6.00687302702662
1171,154.69622200222946,-40.5086932340508,148.05638512460928,186.6903765076525,-0.008289984702421534
1174,155.69447200182262,-40.95555991899984,664.4017166400682,186.81289944048575,5.857815149355027
1175,157.36417515930847,-41.684837689414664,1515.136654302946,187.11014366444456,2.425824038022182
1176,158.04274261228318,-41.97506101616175,1856.1902776265954,187.42718486564746,0.15348096668495287
1177,155.2989945252262,-40.7825507530967,461.3859409225766,188.30349249109352,5.875706073678665
1179,156.6376834068991,-41.37254730673147,1147.6190665708289,188.10085497266041,0.12535835620167696
1182,157.18251542221455,-41.60924573558543,1424.0998810375322,188.4219557845655,8.229481570127202
1183,157.30532395500146,-41.66233051796297,1486.191753828867,188.52900573954722,1.7908648972687764
1185,158.27332595449508,-42.07446746786438,1971.8709115339332,188.37485917543017,11.17074105857723
1188,155.63060162000895,-40.931200204183355,632.6601364056021,188.8237945632742,244.84041445803402
1189,156.66137686153348,-41.38574829551506,1160.464072507995,189.56623531366873,1.488430008128152
1190,157.37855731886074,-41.69492112092394,1523.4424675015555,189.098880311831,2.2228312236902803
1191,157.4971299823381,-41.74431418781174,1582.803380970209,188.35089334030852,0.653580451483578
1194,158.40159081116278,-42.12983173391536,2036.141770823474,189.03367005726187,1.1906896659508028
1195,156.43477434701913,-41.28692086486783,1045.067256408632,189.5802376525881,-0.15139544502392602
1196,157.6549524207052,-41.81507737521866,1663.074130630994,190.00349712512485,1.651790292389009
1197,157.84912193720817,-41.89784718488869,1760.5471317084161,189.99426697541475,2.644941681051071
1200,154.771335289159,-40.55161385479095,189.70297567510977,191.2514285671652,2.951979591614838
1201,155.92131074168054,-41.063808037042556,783.1354748217427,190.82057993802178,0.9083632250349828
1202,156.23407704511453,-41.20212036990049,943.4651634189631,191.15612812547252,1.6758261340788247
1203,156.88619282699068,-41.486838898867795,1275.5935232737982,191.31083895495445,0.5765853816675913
1204,157.54224674647278,-41.77013817778731,1607.2603230355735,191.66235455100383,-0.8222372936896786
1205,157.57365701431604,-41.782693751519936,1622.828034429094,191.2107879296911,5.705178517293238
1209,154.8064493463781,-40.56937986686292,208.50027000896694,192.23098316254317,2.633292953763733
1210,155.10551628880415,-40.703670993407755,363.5270226608497,192.18277128232677,9.285590839760829
1211,155.57609084382736,-40.91255207168199,606.1670102218482,191.63757465865137,1.9202055350901703
1214,158.1583411360579,-42.03307800042148,1916.3656477023267,192.04914001963616,2.8590213886757807
1216,154.99835687506007,-40.657303705307946,308.51468313841696,193.0422344977446,6.967618684237007
1217,155.9508689150567,-41.08162320983249,799.6300417068494,193.2398753051033,0.4775530863100439
1218,156.7622313267624,-41.43587209344536,1213.4440968835831,192.7484541718643,0.12144433754874001
1220,158.37819737300524,-42.12757291259667,2026.4749785613078,192.9107922840692,-0.15366703245027005
1222,155.31844693520569,-40.80235647663766,474.5966205047525,193.93119917151972,2.585868556164488
1226,157.06528526517585,-41.56994531390494,1367.8632426085169,194.16339589387042,1.849504358959592
1227,158.02416045559823,-41.980363039963315,1850.3764700231159,194.1511130900305,205.63459640704744
1228,154.5183321590234,-40.443657202634014,59.9368741432172,194.47441401521024,-0.31224699124311284
1229,154.70502240016887,-40.52938192406888,157.45962200993313,195.1336678835963,78.97306707811413
1232,156.0216281772939,-41.11556416306098,836.6633578104096,194.63281555936928,16.76878733214355
1235,158.17458028039596,-42.04599526600798,1926.0675836924604,195.13571794224714,8.117111933089996
1236,154.6369898908252,-40.50158917432099,122.93115541725639,196.61694610218376,1.7353642344009974
1237,154.82863668837615,-40.58722607726436,222.281140625741,196.19799289582338,1.476096670120216
1239,155.6476317034074,-40.95312499755623,645.4765747312025,196.1016262609721,5.346110830192104
1240,156.08332819304246,-41.14607071048741,869.1925542620968,196.32697494135846,1.3371011963906605
1241,156.18596997759437,-41.190717173488274,921.5727679241212,196.0856641454674,78.08894804072348
1242,156.29779672559158,-41.23922740363967,978.5615783285936,195.80593227532407,0.2871186209039624
1246,154.40172343349698,-40.39720829788743,1.0296248604320999,197.71783551870465,1.0285783918364202
1247,154.93433086549786,-40.63669994382386,277.6677167753777,197.16706409375888,27.461148818147862
1248,156.55867758677962,-41.35531518236944,1112.1413127345206,196.8376310625165,-0.3139128281377542
1249,156.5956114219721,-41.37243076534745,1131.2191280254438,197.35247361504545,1.9999826264411542
1251,158.38367709759697,-42.139349000126316,2031.6799747082046,197.74507413665552,0.5644992756270186
1259,156.4185384354064,-41.29929884901238,1042.1703222059775,199.46817886428633,-0.057096381762681614
1261,158.13730026107356,-42.03965938180674,1909.9324529827832,199.94943045959474,1.3022181519810911
1265,154.8787116868727,-40.62140776793725,251.61547455670225,202.07987008049204,3.725123060528506
1267,156.64997642378003,-41.4058162178309,1161.5406510997414,202.28235828308743,361.8913396326427
1269,154.4047525099876,-40.408746387046506,5.5652455155521485,202.8465278600255,20.64339589391122
1272,155.8446455960319,-41.05308982792276,750.2882301711409,202.550957634425,-0.29380147790916106
1273,157.4808629454513,-41.76650731630507,1582.4382657957003,203.2025679278912,0.10187161813535181
1275,158.3674631492494,-42.142358093844486,2026.177920981758,202.7681705421846,0.5275001754922486
1276,154.92839000207815,-40.64804009382266,278.61084351499164,204.24838503198018,2.5706846160261336
1277,154.98068816171283,-40.67227074681258,305.9262348603859,204.61912150292517,1.3976846613950944
1280,157.65904401054226,-41.84403773910546,1672.3974912680928,203.86847888268827,13.600191045264891
1281,157.7402695736741,-41.879161800307585,1713.305539612673,204.1047066259265,1.2484319051690616
1283,158.20082917430855,-42.07437412959918,1943.7153272295043,203.95454674155823,0.5067115113241767
1284,154.77925309122986,-40.58145393714303,201.38844443925393,204.52340005705636,4.583175884441755
1287,156.47248636094048,-41.332590921183396,1072.3501202860816,204.4006964984891,2.276077697467859
1288,156.67036954501543,-41.41930681246475,1173.1752949232423,204.6265190220015,-0.08234337179613481
1289,157.1537006698036,-41.629476368649264,1418.3769278261695,205.0351256878289,2.912837654298021
1290,157.1740077806564,-41.63825419445321,1428.645385929056,205.0469912443562,2.940914595040109
1291,157.24535772383481,-41.66981399248236,1464.905642709672,205.46796035825653,911.9317020723229
1292,157.2941290029859,-41.69020993432567,1489.362152129885,205.16914744200614,2.4075497726421458
1293,157.86713880265754,-41.93582952053029,1777.6275389778828,205.44979296786346,0.2729928415053686
1295,157.96116762333244,-41.97494945201704,1824.4930909568916,205.02256360573446,-0.052726510260449874
1296,158.04516047096214,-42.010747109929895,1866.5530678601417,205.1071086965556,7.047226378608826
1297,154.44547587786474,-40.433667063610365,28.66566406577722,206.09916547898843,7.032943890823624
1299,156.9137740146106,-41.52764551482878,1297.4496371843197,205.9801192018725,5.5601562352950715
1300,157.33928185795145,-41.71115032605891,1512.5508553798284,205.94861942951235,0.4171682842397292
1302,157.78854279282623,-41.90313520291509,1738.4293863940247,205.83755948424033,28.795373119507104
1305,156.7899593728125,-41.47487090639621,1234.9015469769647,206.4470312637084,1.2212818145548368
1306,156.8640927169866,-41.50845546495624,1272.9007987509751,207.16930862955869,0.41448236426999735
1309,158.34881569197782,-42.142286124493914,2018.9271274425232,206.74230007817712,0.23692657248157076
1310,155.41675029850467,-40.87475544850736,533.4327858133262,208.38762059280765,2.5105972478374055
1313,155.9867270714033,-41.12629037739335,826.0782126311152,207.86901832912255,5.049854659086057
1314,156.0318787992744,-41.147375260524,849.5358768905446,208.47355974328022,23.09785392717926
1318,157.37202124404533,-41.73024713894227,1530.4123452578401,208.51129804675375,251.9811583383924
1319,157.43321598154037,-41.75612477061338,1561.1422409831443,208.3164519818352,0.42905861175339055
1322,154.6215007955027,-40.51840589357919,121.76481449860555,208.64404308328184,0.369460684771193
1323,155.68974394214675,-40.99787168471842,674.4807852063626,209.30858985119363,14.703157886210422
1325,156.29961202308013,-41.266395609442604,986.8002258995799,209.18905915603793,2.324291702204073
1330,157.38808063201594,-41.73993736733281,1539.258206988184,209.93447734203983,1.8064272734355808
1333,154.8347336305991,-40.62022492017556,234.15383698884335,211.4839010196253,-0.25554205538015046
1335,155.87112567063718,-41.08160064659985,768.5891000526719,211.07070853498269,10.639224031867862
1338,156.91657577660575,-41.537866216557134,1301.3251956636361,210.55896731390305,-0.43257208649089945
1339,157.39784757066545,-41.74695560609684,1544.93977913215,211.37323384110664,1.9066030590044958
1340,158.3189667894863,-42.13716243153549,2006.0106246247356,210.54906605009555,4.837758606596791
1343,157.61175584424743,-41.84048559475541,1653.0866914893493,212.35061456989732,24.292523309764775
1346,155.55378586819322,-40.94482812185095,606.6061178700193,212.99890651766637,1.5603370297016652
1347,156.10521781074917,-41.18879493423423,889.6189375269053,213.1111383649724,-0.5164619615155938
1352,154.72790514063158,-40.57660452591618,180.0005415647945,213.7696391377133,-0.12499967797353073
1353,155.52578453202017,-40.93552227042497,593.0786985680389,214.58767272062272,3.1629427031462316
1354,155.76266870108134,-41.03979157398956,714.6533487314097,214.18330594920832,1.691835775282796
1356,157.48150231142714,-41.78815273637509,1588.49507836096,214.08480304695027,2.6093432270857244
1357,155.72964360731166,-41.027494748552755,698.3458216483157,215.3602846116626,1.0464672739024286
1358,157.3138406794849,-41.71803822850999,1504.5245491080495,215.0187473438157,1.8225159606817218
1359,158.13121204261256,-42.0663646351409,1914.6029640005613,214.88795489715088,1.9077832762872688
1360,154.84822893229398,-40.6351670844784,243.70624871655082,215.96383888568417,1.3566923228390555
1361,155.12431315556879,-40.76033350083823,387.04149931540894,216.5781929798161,0.4995254881100749
1363,156.84403293692645,-41.51767162961752,1267.6204932514775,216.27424344155645,5.247262240559586
1365,157.5229253795915,-41.81010839761561,1610.4666948828644,216.2312283055781,17.948136752369592
1366,157.53766450710344,-41.817427134088064,1618.1501566210584,216.74549322277238,0.036949294180209376
1368,157.20466178233482,-41.67473313874894,1450.424744730488,216.88630445179618,1.7165563526990435
1369,158.0348224306896,-42.03001258334283,1867.6291418361116,217.1677897485519,136.24532662977884
1370,154.3948684165913,-40.43335949788282,8.876558835011176,217.52958431358485,0.08637058731289571
1371,154.7125184015565,-40.578889782282246,174.67142794248332,218.42982197050108,0.06575149758663601
1372,155.3387502287207,-40.85753338126295,498.1873729964885,217.2668526890991,-0.27977160004940055
1373,156.49204307516297,-41.36761474914751,1089.6165901900386,217.8466887008921,0.7313196068271671
1374,154.69440242582715,-40.57207235572439,165.65288988474424,219.11566312728525,-0.06789019324889291
1375,155.16286146875018,-40.78245832430535,408.36113923764736,219.04014871342494,-0.2969095535369357
1376,155.47064654846614,-40.920731809653866,567.438332420248,219.5136065602812,0.41083947501650536
1378,156.60427815979227,-41.419854105420704,1147.6302045699128,219.52023867380208,3.1803271442097087
1379,157.2142591508844,-41.68325425307958,1456.4564362483322,219.11868790422318,1.248024195690431
1380,157.27144874991828,-41.708181171823135,1485.4012435704979,219.27839065259707,39.21067554747191
1382,157.451144175032,-41.78452778010187,1575.7342382493807,218.8632572666022,-0.11139774362328353
1383,155.5344412225444,-40.94933329258411,600.3528789702814,219.6317436606761,15.040958197203079
1385,156.17200306873846,-41.232094698598814,927.6469592717309,220.1863702452535,0.9791481318201571
1386,156.24540757128491,-41.26359404022131,964.9427608525285,219.82363640804692,-0.0944581198401253
1387,157.72330791773928,-41.90355625980917,1713.2204452762496,220.22037790398653,11.323339096965789
1389,156.52447422162396,-41.3876202575734,1107.7382694567145,220.8180077913066,-0.21549230885908222
1390,157.03891715089316,-41.61209071736633,1369.0624019459226,221.38999266922698,138.70393197982554
1391,157.7692789175399,-41.92343017917315,1736.351868668211,220.36259536623015,-0.22122110767239042
1393,158.04833902088797,-42.04326606919938,1876.3707920630159,221.00531451036662,51.56901426229494
1395,154.81748678812997,-40.632480904589784,230.9693250885193,221.599126862371,2.5767330353750575
1396,155.24170075422992,-40.82312223601538,450.63384661765184,221.77670700358001,13.667712984307913
1398,155.67588988771413,-41.017225178895174,674.5427082926009,222.22100176723438,9.407790393407007
1399,155.80191801967416,-41.07258226523782,739.1354675692788,221.99936785125792,4.705436272480773
1400,156.41616134209173,-41.34265722055078,1053.2275237254457,222.00466595535914,-0.36341368520204215
1401,156.55888707437947,-41.40442002315029,1125.7410765292143,221.7277387127626,1.325203874913092
1403,157.52631281245866,-41.8234334506644,1615.3524619921507,222.2781905988459,1.456658035951903
1405,154.5928706524838,-40.53298042817535,114.83926658713685,222.537507163987,2.3985503131424144
1406,154.7396359910488,-40.60056468992341,191.4783410977967,223.19866817373094,20.717060657199205
1407,155.4103179971891,-40.90077090644671,538.309351113388,223.00382266987336,6.137271067577705
1412,154.8825899319103,-40.667320498826726,266.323818095984,224.39806398808042,0.9655434005960802
1414,155.47373335614063,-40.93069919150929,571.462161061091,223.863503330435,1.550169447354791
1416,157.7847701571603,-41.93768659756991,1746.1552438225133,224.2646938660726,5.351818733556495
1417,154.47662586419733,-40.48470518034377,55.61233449753113,224.7299136660719,0.5940909540362301
1418,156.2464842113189,-41.27488136607578,968.494296976415,225.31022001396656,0.26870964359351257
1419,157.11097717105756,-41.65081002321174,1407.5594928520695,225.25935530059508,0.5730562901051754
1421,157.3817930364676,-41.76776913178209,1544.3044453274683,225.47500192113566,-0.09290614432666337
1424,158.18653950623855,-42.11009987045034,1947.563779163738,225.26419820330722,2.876489046867628
1425,156.05558697803679,-41.19237944583774,871.3165149804144,225.9998760154491,3.5753256932861333
1426,156.31467656928692,-41.30562928753206,1003.5309184734884,225.7482480988876,2.2759706697361985
1427,157.0212344798398,-41.61344504075036,1362.5616206781842,225.96360027788427,5.583512021499462
1429,154.89754465937034,-40.679686835481746,275.6960129580798,227.24837219385918,70.8366880251896
1430,155.2926520359898,-40.857029642044886,480.1089674378276,227.41831737771798,-0.062403966003246686
1431,156.2663007925349,-41.287570307001495,979.718947764525,227.33979217511504,2.517908911358215
1434,158.15074227841936,-42.09803963084726,1930.5139372957885,226.8318913357617,0.25256927612078367
1436,155.61696831733354,-41.002767489035634,647.5483496333842,228.13153459643135,0.3265081539780277
1438,155.72429440711633,-41.051040422873776,702.8901074517092,228.48679370813394,2.502324001912667
1439,156.46516574789464,-41.37605689314982,1081.4976399244758,228.08976676439798,1.5624772455193894
1441,154.54426260177993,-40.523730756862825,93.24724892882942,228.96784664888932,0.04404492637457613
1444,156.39731158280716,-41.3478447586671,1047.3340246360408,228.8201658431337,0.6234267846915332
1445,156.44417034970263,-41.36783345662697,1071.0680719257095,228.5705528695366,-0.2657309897565727
1449,154.7164376469902,-40.60363244331207,183.33749967514876,230.03212388240115,1.562592006955861
1451,157.84685723027462,-41.9755737566787,1780.3071138593984,230.10534296822047,7.85751714488394
1453,154.97771027295389,-40.721945962457525,319.01231457976473,230.40241616672938,2.966122420823363
1454,156.690171010533,-41.48007622163058,1197.5442637652902,231.1200019926715,-0.2757831306409468
1455,157.00539098238823,-41.61762821261136,1357.5452107729361,231.5718781965328,-0.06339239579694383
1456,157.1771289494017,-41.69115868825505,1444.1751534568837,231.2754555712973,6.753546121854648
1457,157.92982418826358,-42.01355490616271,1822.5538954941549,231.49107046170653,1.8557391167029091
1462,156.27746557450484,-41.30265301614577,988.2418173161635,232.50899152094433,4.956567684656979
1463,154.9041061443253,-40.693595438141195,282.24419486854555,232.78541153793182,0.6159104001771647
1466,158.13012129076535,-42.10147495855299,1923.4241563770045,233.03314816859444,-0.5362908268819662
1467,158.18010972697826,-42.1224176494632,1948.3091551450689,232.93447649211987,2.557754419907588
1468,158.28690871695548,-42.16772657754282,2001.590177948514,233.04710490340324,7.637785639990868
1470,155.87164713687807,-41.126821225313364,781.467871842792,233.8693977530781,10.228722503464438
1471,155.9236863292546,-41.150480188211844,808.3259670423388,234.22007890875153,16.326771428535384
1472,156.11991276582233,-41.23741457065035,908.8754634266412,234.490149165233,1.9099368329991324
1473,156.42720412509607,-41.37205229323922,1065.6395375703999,234.47432867067104,0.6716353323465394
1474,156.88042191999259,-41.5682422246552,1295.5618121024502,233.95856675262016,0.14064717872957688
1475,154.47834785972387,-40.50590661645932,62.43617385257631,235.03507735606962,3.544887012414466
1476,154.58210746541224,-40.55259423203773,116.32984370617439,234.895427121261,0.3435284278473149
1479,155.07982956480652,-40.77735345779896,374.60039008354323,235.25762927410696,42.325606967335304
1482,157.9081879075839,-42.01058621516161,1813.3774951907967,234.66243323024295,0.974980194934454
1484,158.32079852305864,-42.18590248771502,2019.4820349712654,235.03128446644698,0.48264724606570975
1486,154.59011897993253,-40.55929426135037,121.38558819587719,236.44888867478448,0.39245743905773567
1487,156.31029930402127,-41.32410673851945,1006.9484983138469,236.09578834397144,2.7330795314388032
1490,156.82827432072384,-41.55039265529825,1270.4358969011712,236.37482098393033,4.064785756110692
1491,158.03199412755657,-42.06640262306737,1876.140342636008,236.33601586828047,-0.1140622151477942
1492,155.40524044601185,-40.92585469433317,543.4494865865789,236.8412706692821,0.6600091098132704
1494,156.39474730736748,-41.36330209928282,1050.610044063219,237.23355741804258,34.219238549696165
1496,157.46429517234347,-41.826869233943945,1592.2048311915682,237.5493562872263,26.847093446777002
1497,157.6420136760114,-41.902592602733854,1681.4218123390444,237.40082948136856,-0.13876041372983405
1498,157.88245828501377,-42.00532396358984,1802.0059850111159,237.55298785463094,1.8962149163520419
1500,156.51902690698617,-41.41987760735015,1114.5078959012094,238.40104727848527,9.707938920351705
1502,158.11016748535465,-42.10242265175406,1915.9395800264936,237.82242486446228,2.428234550206381
1504,154.95469876081654,-40.72925672783827,312.158575566995,239.31840152233593,1.318903149163292
1505,155.59662744009333,-41.01575996386936,643.3050343284989,239.2796690739205,1.4236931419269037
1506,155.6235316990492,-41.02767532361006,657.1270978078198,239.26881214050312,1.9633314074586194
1507,155.72750084466443,-41.07263648555595,710.2125690935106,238.70586397348004,0.8885829666301294
1509,155.1506237916248,-40.81788390164037,413.71312619505505,239.72216797206238,0.46505233742189916
1510,155.96219152124885,-41.179233634081726,831.3372191274285,240.18742119178825,0.6249949417805649
1511,156.12859008808132,-41.252455098234705,916.4353308689793,240.18308339830048,1.0052610498084271
1513,156.47981152520623,-41.407225910175256,1095.7860553230068,240.6651728263318,-0.763696993539288
1514,157.1577053346497,-41.6994932257921,1438.8900125882144,239.77158372249318,1.1721948068238628
1515,158.15924415522227,-42.12749692383035,1941.5581711918776,240.0243631176371,1.744308985622557
1516,154.96739681917708,-40.73800397322865,319.60556496968235,240.85731999170463,0.010175469042585572
1517,156.23917716217323,-41.30355780649491,973.6131618061765,241.48188022667,2.3045940625903865
1518,158.2332137821204,-42.16130834719604,1979.1018565343932,241.33220946866527,18.246240889483918
1522,158.33715142218202,-42.20554636243387,2030.9576630072745,241.5398155352333,1.3119955482235501
1523,154.83927369623296,-40.68478852859238,254.4976203654349,243.06783531042237,3.373137977666962
1524,155.31530522848175,-40.896996844234145,500.28486424016387,242.5224012239611,-0.48651579886119
1525,155.38150610438973,-40.927018686381395,534.5511229043702,242.7796439944768,13.67892902978304
1526,155.39651635109854,-40.93440617993437,542.4830942485762,243.13418906762308,3.060839192734662
1527,156.52341197190867,-41.43090392474065,1119.248513603635,243.0275262737337,-0.14382488541182273
1530,157.314450659975,-41.773641985745996,1519.7481501269945,243.18021108530786,1.6016875994641049
1531,157.53384754638182,-41.86729129155965,1630.0243408884828,242.96761249418094,1.098017451550968
1532,157.5507627390589,-41.8743538443701,1638.4765592174397,242.87926828423812,0.25591972446141004
1533,157.83724567218076,-41.99623569650109,1782.0647617802476,242.71867216692436,2.6745884475635764
1534,154.79466242245556,-40.66651110113391,231.88939386620723,243.98032840964086,51.52461310533367
1535,154.82449047495462,-40.679717695182674,247.2900503708869,243.86730688485977,0.16934868013073526
1536,156.05005676146814,-41.22396661988652,877.9776440210316,243.2473788247119,0.6671391878487651
1540,155.87339219754537,-41.149895696886986,788.6126207482982,245.17042764381662,37.44577955421133
1541,156.64334115816567,-41.48761030917314,1181.4210172255025,245.29194586449734,-0.04389054800291259
1543,157.4251260410245,-41.82574672710865,1576.7067389621368,245.5230638750227,36.59091785558786
1544,157.72357178937762,-41.95282059591169,1726.4461573089286,245.2612655558968,0.5918940878443298
1547,155.11230550446592,-40.81383188202009,397.6565254253678,246.3447147688106,-0.22784823476137553
1548,155.50710493765158,-40.98923107715416,601.0061149620329,245.97729101736726,8.156842853432954
1550,156.17846370139802,-41.28642644775954,945.2646813922502,246.30249014467353,513.1545120429084
1551,158.30905269904588,-42.202739922125545,2019.339570925877,246.14987218418008,0.5113432846866032
1552,154.46139335027922,-40.522364425552084,60.619874320989425,247.21539662254165,-0.15397230809761062
1554,156.50545441211057,-41.431142197151686,1112.3391850703365,247.12470991711888,2.2113750180709504
1556,157.46874795911094,-41.84782659814087,1599.5553573661996,247.246436221322,0.389234102097306
1557,157.73337188585955,-41.96064708649448,1732.3300857373974,247.12026714824103,0.8868295459966945
1558,157.78219670273535,-41.98100212204281,1756.6752972588465,246.89400663171747,-0.09411036115874925
1559,157.85589111699448,-42.01155251871952,1793.358012813933,246.4831883563693,0.6342487881749874
1560,158.06563721490033,-42.10174853377197,1898.5050160233777,247.09168007396403,0.23204474727239485
1561,158.2058522734535,-42.159239156555344,1967.9583738784784,246.17035878710223,-0.12358197656857442
1562,154.55086729453467,-40.5655419989452,107.93041529841616,248.56182236515528,4.3740185373049885
1563,155.25676613082936,-40.88115604654035,473.0196286862969,247.72494959915832,-0.5595381187297463
1564,156.3495245212313,-41.364266476171515,1033.3074247857326,247.7594942676101,3.06744009370869
1566,157.88482503343667,-42.02670108065254,1808.590772833035,247.93538716443132,0.01653892196164318
1568,155.54943863064497,-41.01391054054048,624.4387247002514,248.94854409886366,4.583787548870081
1569,156.4373242612926,-41.40479592765918,1078.611809252071,248.84799174922497,5.423959450269469
1570,157.95363194945858,-42.05705245491855,1843.2960924430113,248.51206793430848,1.504384347232152
1571,155.2396684827068,-40.87773585611663,465.399215625672,249.85689771429048,2.7058967757466714
1573,156.37840241166936,-41.38177867364145,1049.3679003506104,250.2357325538817,1.5523163542173937
1574,156.58335475099165,-41.47050192014918,1153.425778044292,249.86596422948958,5.098516623708785
1581,155.05258226032808,-40.79622227387473,369.4030872418024,250.9671792786509,4.073071656009966
1582,156.085221930488,-41.255380419443874,900.3987992746827,251.33102449502468,4.665702126580761
1584,156.42339655728756,-41.403959493255336,1072.9715940120184,251.51124442728346,0.8360794970422541
1585,156.4719507062007,-41.42460147929162,1097.524304199628,251.22581929738385,0.20120357349125476
1587,157.33693528321433,-41.799463716118716,1535.4269425873956,251.40452369554623,2.9923108495852286
1595,154.99349111105633,-40.772169916786325,339.5450590396929,252.20382459900384,-0.02842619229905935
1596,156.77836591880612,-41.559508059617,1253.548215889969,252.0062048425032,12.201451373232992
1597,157.93207723904007,-42.05520885894581,1834.4550982004016,252.23581022783674,0.0604220591823167
1598,157.966519979513,-42.0692719631004,1851.5223577358927,251.9532739404412,1.666955812755176
1599,158.25917693007327,-42.193171219144666,1997.5160407411236,251.99837555681117,5.236344891043043
1601,158.3180366152669,-42.22079878238944,2027.5455670182098,253.43287698401124,2.7101846226556052
1605,155.15301581049798,-40.848257393823424,423.31259313148286,254.5372047361711,0.393709388151989
1606,155.45177187205397,-40.982290587710665,577.5348381113894,254.91696929616174,9.524492635752008
1607,155.4679862741426,-40.99054637292676,586.174011321531,255.4448610699014,5.03875201743003
1608,155.58166682222438,-41.040513259611544,644.4772286555021,255.1716509874067,1.8298709064485346
1609,156.0248891674391,-41.23616467168773,871.6021623598916,255.04489506793237,30.522402714319345
1610,157.41873483393192,-41.84157664439419,1578.4798858441495,254.9741333766178,81.41130454231586
1611,158.05052214427408,-42.11135900125699,1895.1833448177551,255.2558947329789,1.484546036471603
1613,156.47289530124274,-41.43538356387458,1100.8643406825906,256.4886587639628,0.07040213736423302
1615,156.93010816818764,-41.633429166989266,1332.6184678417515,256.15296393884915,11.695636374993255
1616,155.09102984396992,-40.82459571898464,392.4620599028911,256.6015357018006,1.2022272239235066
1617,155.30127474265188,-40.9198587143508,501.33052939875233,257.2517441752771,17.98902005157983
1618,155.50853381970805,-41.01242981519006,608.1232282435033,257.39654607086885,13.150311444884053
1620,156.05420844897054,-41.2524781110118,887.5420565460538,256.7741365281021,4.4222231703738215
1621,156.1027602295297,-41.274083958993636,912.4217539488913,256.9042566820744,10.839066871709852
1624,157.47210421372313,-41.86850563472967,1606.4038534189756,257.040484604987,-0.16258414992527098
1625,157.64726257492072,-41.94208874319763,1693.999813184208,256.3744427982726,11.519093622314923
1626,157.80297135497008,-42.00862425792524,1772.0690594506677,256.4615303524573,9.824721528088173
1627,158.2424839939836,-42.19629442996075,1991.8706503234569,257.18473670283595,-0.33487486386022824
1628,155.2807238154841,-40.91245672238878,491.23890485444207,258.1458206497214,-0.6712347410598463
1630,157.162759342184,-41.737818246076834,1451.222330564351,258.1546234770835,0.2546770903034981
1631,157.2604380700135,-41.780324941881126,1500.5959412942323,258.39111335436047,6.027110178731807
1634,154.79074132408584,-40.69553130878999,238.7220095456959,259.5279153337802,-0.03896387270712732
1635,156.3255649864968,-41.37491818171053,1026.9499448268239,258.48254888944035,0.9093561877395897
1637,157.08155177898303,-41.705643780469856,1411.004208632803,259.5972371618433,-0.058691032759329784
1638,157.69808140504458,-41.96769372249702,1720.5263853477375,258.37286178013477,44.050683258560554
1640,155.56489674041478,-41.04306819015706,638.6823724672807,260.2326445918991,1.4187575520461257
1642,156.4594316023283,-41.436269401150874,1095.881158575362,259.920863045953,-0.2820442204208506
1643,156.7855235495197,-41.57862754298662,1261.5543532369713,260.140540887739,-0.44792665204165044
1644,157.23261376818897,-41.771445391111484,1487.4072114540465,259.961884518081,0.10718815442891819
1647,157.98409775401058,-42.092351881794045,1864.4335723574984,259.9175476190638,0.8692470064631425
1649,155.9501822456505,-41.21560571023704,836.8401397843058,261.3018116252796,3.201683450180848
1650,156.53074036821988,-41.47056390786054,1133.0148553480894,261.537018673798,0.5762943073836323
1652,156.91066634303513,-41.63504875472988,1325.5152647790896,261.2518254401301,-0.3387862056075523
1655,154.89446537384288,-40.74820742285682,294.18199018532044,262.5644068997515,675.2396153488725
1656,155.61894979439143,-41.071079153738864,667.5876077378448,262.2713714448656,4.135686467337394
1657,155.73402127863696,-41.12243413563816,726.7513300850375,262.4631605144561,-0.20863578655820386
1659,157.39076303846218,-41.84434315039614,1568.376467770426,262.48597460619095,3.8046571479549147
1660,158.02396145742773,-42.11377668835622,1885.532851968493,262.22509856063476,0.3256493156892818
1661,154.37226157452605,-40.51248947461263,23.102058451621875,262.62193576922056,4.787599155371543
1662,154.6837026545461,-40.65459959250856,185.32051390224072,263.22204484942574,6.078727079254501
1663,154.83469350425992,-40.722748585374994,263.63643341931214,263.2816977705047,1.9753018290576905
1664,155.14416832518341,-40.86088488796984,423.47822498844556,262.92165391548673,118.10234933654783
1665,154.95097010966776,-40.776756895620316,324.3337646323547,264.1642853453115,0.01940839685494318
1668,156.70828050495908,-41.552829685826524,1224.517070902574,264.0720974778147,24.125794935359128
1671,157.761596552385,-42.005717139984995,1755.2629948892904,263.9538109610952,2.3596381405693667
1672,157.8996750109605,-42.064830638489546,1824.4486473479583,264.1518012159124,200.65088517824807
1673,158.04413553426392,-42.12592273756129,1896.5510065347385,264.0601382278145,2.442391334191706
1674,156.01840803430568,-41.25217560987187,873.552984568561,264.6054827648125,0.3639202319809563
1675,156.0472910151307,-41.265756953663576,888.5582342047749,265.0471426160319,74.07435099520954
1676,156.19676585707683,-41.33145630718765,964.8854399228765,265.0638665480426,0.6087382499031982
1677,156.68764478028027,-41.54482919713135,1214.3163277524773,264.5634192356138,0.3333089000046865
1678,156.82538217738835,-41.605437657059134,1284.3469900368557,264.97792761949097,3.7822559278457906
1679,157.01696526938244,-41.68873901811706,1381.3612277130078,265.1779272463538,7.738140159550304
1680,157.41014577958558,-41.85752855931883,1579.4345855740967,264.96590929174175,3.0612043918708127
1681,157.59560706944623,-41.93683157905882,1672.5734672682531,264.9297462018915,3.679682654593559
1682,158.27469033861055,-42.22458485010874,2011.7551566255083,264.6866213913187,0.7195311612091306
1683,154.40405944663436,-40.53317583629864,41.47423136463566,265.78018186920195,2.6759291683200432
1684,154.46380031619455,-40.56125925556343,72.84582234140862,266.2878418975343,0.7507287233014001
1687,155.16649825291756,-40.87577103829785,436.40249139502987,265.3978456327844,1.9790953695778652
1689,156.32623861702706,-41.39081170967003,1031.611001158928,266.39524098485396,6.589234197927974
1692,157.99978542584992,-42.111469598095844,1875.5603599928538,266.27215534356236,1.2527797682435342
1694,154.87571049567708,-40.74908432567543,287.14602866767393,267.26565966874415,1.1447579018765017
1696,158.06587165075328,-42.14189723857663,1909.1804029798209,267.511784038806,346.3863246144666
1697,154.9180628109766,-40.76978327532245,309.5462893646096,268.10713907979203,18.009451109868586
1698,155.01054538672983,-40.81127972600833,357.37613200433935,268.10045514171355,2.0140558768850427
1699,155.05465071028186,-40.83079564609142,380.0980395927938,267.97142571269103,0.11118813949870908
1700,155.20210752805093,-40.89731915562382,456.3815446333358,268.24396311399465,5.035907386141916
1701,156.52233483487092,-41.47945359370555,1132.199616163942,267.9090810061339,2.3125338191842504
1702,156.93715814699334,-41.66026044936641,1342.6590714787876,268.23774502950107,8.980560310436278
1703,157.71179820833567,-41.992641643613474,1732.4878827019356,268.1006948875155,339.45094820673165
1705,155.67093362409,-41.10760997130017,698.0749758802484,269.1003919363064,0.6379804453133614
1706,155.7598031637415,-41.146528280311735,743.5373945417336,268.88842309777647,2.4197839439892928
1707,156.1429223158825,-41.31530676180303,939.4909748295061,268.85781833480956,0.7509551307745832
1712,156.95364911114473,-41.669695074744034,1351.623587968319,269.4074183457068,1.7366126433102627
1714,155.1620283878102,-40.88513758986727,437.33787644199344,271.14319575690854,0.8481702559047272
1715,155.35037698392273,-40.969522263657005,534.5187383918789,271.2969946971489,2.1671328831527537
1716,156.36090143658214,-41.415957438566785,1052.0229721551566,271.45865354154796,1.9912967709604246
1718,157.80953409770336,-42.041012787801755,1783.2144050194345,271.5395304997666,1.1832896166306943
1720,155.24432959031495,-40.92241895964337,479.9333720453512,271.39869787905303,1.2185594326358045
1721,155.37575121119755,-40.98192617497679,547.8954673881217,271.8528907754111,0.7594589561669324
1722,156.59919258515257,-41.52108441265129,1173.4757877266136,272.0435527942192,70.9929359966256
1723,157.1651546758735,-41.767051099020435,1460.0591129215047,272.4948334464745,0.1775639957268865
1724,157.74622294677235,-42.01463807636714,1751.6796613725842,271.83302816364966,1.995086040287309
1725,158.29022173735788,-42.24572045719748,2023.3018720360317,272.12869739785856,9.411227668423713
1726,155.25707940473765,-40.93089776126081,487.2993420041039,272.8077049417465,144.23574732628225
1727,156.0489570367205,-41.28202004340208,893.7399072663165,272.9182691312452,2.4275459649650095
1728,157.6343806542948,-41.96977490498335,1696.3961953129815,273.2724940770482,4.067073563257271
1730,158.05773846644271,-42.15019489080159,1908.2186752881598,273.49751100312614,14.560298956758631
1734,157.27121799951482,-41.81549126104522,1514.2615134339787,273.92104786802685,-0.979135183583084
1736,157.61215237472163,-41.961265186174835,1685.512117304308,273.77174305758234,2.098215192858711
1737,154.4056797676771,-40.552030780938104,47.5837872235042,274.9193681098849,0.5411159039298127
1741,156.14631042067242,-41.32990482539491,944.8662069907601,275.5042315269916,-0.08055883774261384
1742,156.3911275486662,-41.436401509853724,1069.4046026827139,275.1263382367732,14.367860867787558
1745,158.15663173899193,-42.1966382745544,1958.724872790001,275.8500744938986,14.051800631412274
1747,154.76260840778158,-40.71545877204026,233.53046240329448,275.98788485436717,5.609743656832656
1751,155.5709321452469,-41.0770097334969,650.6102615600246,276.05516349602584,13.737666296776505
1753,158.0113326194996,-42.13501854810764,1886.249380354049,275.7811012944107,5.064711534082585
1756,158.31084153272764,-42.26306157546814,2035.8193965475498,276.542610438306,7.80007270881729
1757,155.61267059048743,-41.097409676507304,672.5739794141888,277.00884755482355,0.9942883361813009
1758,156.42471585047537,-41.455105111136284,1087.6037375131439,277.17031450203433,1.3142198090037789
1761,158.0843200271593,-42.16882579724306,1923.4180644377952,277.2598104072142,265.0124916573586
1762,154.34994033780205,-40.53316088623698,20.443719728792676,278.15494215115916,0.7586899820495964
1763,154.6674857326057,-40.67663093853371,185.38103579686134,278.0363571294196,58.73814733543612
1764,155.09634370706897,-40.8696897207392,407.4134265266845,278.18991371868907,9.388682152450075
1765,156.89248693038115,-41.66003192991253,1325.2705141277163,277.9440797166999,0.33681230543536445
1769,156.6295599979012,-41.548688623449365,1192.83789295194,279.3475444099012,21.02621771508478
1774,158.21694412769972,-42.22857147499809,1990.4511499947641,279.1459940886752,4.18626770499973
1775,154.86817374455472,-40.77085548460717,290.473805811914,279.97252643587336,40.80306035998693
1776,155.27883867728082,-40.955009853314756,502.61012729355684,280.08952051101,1.6279254453997114
1777,156.4823273960127,-41.48570008697412,1118.3954694748304,279.93400080877603,3.2662548853331432
1779,157.24865851973445,-41.817665329564036,1506.103326880533,279.95934509631854,-0.6239658312264431
1780,154.58747134757735,-40.645509115508645,145.30599901006988,280.5644031127294,29.516612805111492
1781,155.93422504860735,-41.247473322322136,839.5545928368911,281.01134856065437,178.55935316444646
1782,156.8440211909058,-41.64384934204277,1302.0623432681505,280.38662890549665,-0.4328507414476399
1784,157.01828136210585,-41.72047520264649,1390.4907005701978,281.01896514129487,0.2613025639173846
1785,157.04441915277283,-41.731521020368305,1403.6226722479248,280.8973298234342,1.0038237035142665
1786,157.7139207787623,-42.01904285685314,1740.3401490399674,281.08554307721556,8.170387029869232
1791,158.00489059498017,-42.144789169127186,1886.334859714276,282.15261423577357,18.880481360172233
1793,155.236022149288,-40.940881655982636,481.9630382706684,282.6086790683783,2.3640215696829068
1795,156.39654217592576,-41.45368570845169,1076.2802199449936,282.69426280377036,4.83109595467935
1796,157.84356882259925,-42.078828590101395,1806.4304588238708,283.4309329646863,3.0995660458113363
1798,154.99698565530852,-40.83629311356299,359.27262703806264,283.81067472509517,6.271434216095348
1799,155.0246178327769,-40.8500664181089,373.94646713927744,284.50997865443134,2.8911533571960293
1802,156.43891656377676,-41.474650177226245,1098.506962311531,283.9403681175517,0.4743180163255504
1803,157.4531483076018,-41.91427177980659,1611.3319206370427,284.4634918449927,2.63206674199726
1804,157.54273733172494,-41.95070928483503,1655.7986294999723,283.49714827526685,-0.6190709986332058
1805,154.56182733145937,-40.64279511941361,134.56092150888983,285.0432166531306,1.3332600284747127
1806,155.95523513128126,-41.26449808905309,852.4686171588007,284.9458890495466,2.779631919709998
1807,156.60852609310683,-41.55184011498146,1185.5443917904652,285.593311164072,8.120951677578411
1808,157.06697028331254,-41.74871309112643,1417.028343730857,284.6891323885469,1.621274710366233
1809,154.32213089790014,-40.53594972159448,10.45458733280497,285.9264941506172,9.758161945481332
1812,155.21489233820552,-40.94019732498712,473.56366112992976,287.03309336413633,9.23056108764785
1813,155.89867133542955,-41.2432584380426,824.5758142506588,286.816956179914,0.8093131117330592
1814,156.21688569459343,-41.38404780614673,987.2961270540269,287.2556916684531,46.567506872240834
1815,157.6563425584552,-42.00636073934964,1714.6629962001966,287.1287110536518,1.7954761717351284
1816,154.5933676221245,-40.66246718387151,152.501744579074,287.77696716717617,3.788262991384785
1823,156.89817706165712,-41.68247982762459,1333.5931234911955,288.09698995802967,4.375746346164158
1824,156.9736566050409,-41.714645433305684,1371.6069298552911,287.85353950065974,1.2257920010862726
1829,157.87570431307043,-42.10098357391401,1824.7441613421859,287.76094626712137,4.074491803225843
1831,155.5154663080128,-41.078437597866056,629.478777091021,289.23870638821603,3.475859542792174
1832,155.63747064318497,-41.132998605122765,692.2339293376207,289.45743718168166,-0.10363560979186645
1835,156.87134755940875,-41.67188169805776,1320.303624678394,288.613508985218,-0.06179495011095883
1836,156.95241421066694,-41.70772725628526,1361.4912841431092,289.0040712767586,0.705537653743059
1837,157.92038563456117,-42.12174576289581,1847.5363050916949,288.67297793036437,531.2530893363465
1838,154.367031412363,-40.56537756622842,36.453744775268106,290.4893992947711,0.47036653901809244
1839,154.48104397678574,-40.6165698256815,95.59182662408384,290.24942754040694,1.1862207351765168
1840,154.61409742812103,-40.674123274018996,163.92210401232265,288.93369674489736,2.0351487600549394
1841,154.65715374917303,-40.695525636352485,186.8250227839562,289.9255041577256,5.777191037214061
1842,158.02875050341353,-42.16963411874203,1902.1249604585691,289.66370244092974,-0.5494961100936812
1843,158.18728857153707,-42.237472119767006,1981.3136803212478,290.06920134859416,0.11391069759788235
1844,154.3983185604899,-40.579783809271156,52.79043797530598,290.5987553191357,3.4995728850408647
1845,154.747731084717,-40.73720722665002,234.0190424041742,290.35080032633977,0.47034975982393307
1850,154.44924946268833,-40.60627304095133,80.25914774994827,292.317769706049,1.9416094165965025
1851,155.0496268098615,-40.8762040803177,391.13501398906004,292.05361018395234,1.1426788456880699
1852,155.6919789753799,-41.16193812982515,721.5381821404256,291.8851593301466,3.2725374101624984
1853,155.98722599600194,-41.292064538806066,872.5831652367381,291.7738509845753,0.6824979769380924
1855,156.44554564068153,-41.49391048979555,1106.3911238778467,292.24363947165074,1.040013656276884
1857,155.29665299612503,-40.98820008174658,518.963165801628,292.85350408054836,-0.6316291794494291
1858,155.90209978045698,-41.25651923664569,829.6172434993327,292.76805060558513,5.712338263095498
1860,156.99163394781823,-41.73298398562893,1383.5589184255682,293.224742517836,0.5445352202821997
1861,157.7727663113724,-42.068837528796564,1776.3687351344029,293.68158992510627,1.0497339159473709
1863,158.04798032185553,-42.184640359277836,1913.5223427694036,293.16201663708154,46.969142807816404
1864,158.15254029105046,-42.228589125310535,1965.5390276725934,293.0232123648556,1.3033181484507061
1865,154.51137703207482,-40.637717365689426,113.50041904246856,293.99205143104103,1.7884425152416004
1866,155.34518149211164,-41.012014861153254,544.5648126248547,293.9575444562324,9.3951553518713
1870,156.30590047127626,-41.43683233535154,1036.458057987757,294.25019514765563,3.3463931782189915
1871,158.1173177703686,-42.2154142407224,1948.4500995419291,293.8958044896086,2.6268556824177867
1872,156.06026214491237,-41.33036827025447,911.6035593310586,294.9005963582303,-0.12275288183059987
1875,157.54286310321785,-41.97409542086004,1662.1034886884768,295.37253795037407,2.0122700909627134
1876,155.79168478524215,-41.214950071878484,775.1254948377874,296.3984422216129,1.1640971325746328
1877,157.21214657298472,-41.83277841412893,1496.0341088558118,295.6296963869649,0.21118543422809088
1878,157.85663161259663,-42.108095711311854,1819.2470594801857,295.512161029278,0.34066016126652365
1879,155.1054279546297,-40.91045666508362,422.5858825283806,296.73639712483225,271.08765780668847
1881,156.46044318022072,-41.5099600846727,1116.5938298296298,297.0875739490179,0.8433566772657395
1882,157.42838576038443,-41.92843934590045,1605.5415500716028,297.0689493609075,1.146782371431307
1883,157.99705426353256,-42.17095384572113,1890.2094850827752,297.1797654114844,4.352475648691255
1885,154.67545168052575,-40.71963663147729,200.89042662094354,297.9274143911243,0.6921547679877266
1886,155.19624156556188,-40.95289886243874,469.94194851369605,297.6647808884328,1.092062354880054
1887,155.44180659024966,-41.06310047619816,596.5503070254986,298.04128455813975,0.5126331323915273
1889,156.25292230914573,-41.42070163783653,1011.4417851504018,297.8327579093396,-0.4085794442231402
1892,157.98302299959948,-42.16727271500898,1883.8092301380939,298.33418031610205,5.7863950613396185
1894,155.99933047191195,-41.310492268302966,882.4232540737215,298.4105300986145,0.433572579115516
1896,156.64211252689287,-41.59238753027557,1209.6962722401502,298.75850712233444,0.7299378243808284
1900,154.84779365582926,-40.8020059304933,291.51280657551007,300.32932916103374,3.9271127471783296
1903,155.86544080792325,-41.25642756301231,815.3686183592773,300.911208313934,0.2789531033297259
1906,157.2052032999308,-41.839061976931866,1495.0411730022322,300.3431919898594,-0.3450497564825887
1907,157.73806740742216,-42.06771036537625,1762.6390054136575,300.6303879408598,-0.12413446472628131
1909,158.1177301860262,-42.22969173227361,1952.3652209502152,301.0854437459809,86.40412012661781
1910,154.98155081308963,-40.86521610237969,361.56500753602,301.9180591300193,0.401300380271195
1911,155.89586556476806,-41.27210671408127,831.5603467450321,302.0553553450267,3.9723872485482343
1912,156.55686322796646,-41.56234692271936,1168.3989539434729,302.34096132225,0.24582063890690353
1915,157.91834773910273,-42.14766900788977,1853.6067310917017,302.32159200119133,3.860620230306989
1919,155.95429657412126,-41.29851777068288,861.6105906251588,302.3893730481171,0.29088975127949285
1921,157.8070189093772,-42.10161524749162,1798.3296925564275,302.95355048747325,4.445680019125291
1923,154.76623486891296,-40.772691061331265,251.42396817384932,304.05585320802254,0.6993319704467106
1924,155.0559973770902,-40.90163626436105,400.8804329193053,303.46098084609804,707.1490811291835
1926,155.20075370445707,-40.967081928346104,475.7339339134209,303.81463214174244,3.3630670456834735
1927,155.45196446029945,-41.0798965703821,605.2471402340268,304.25219478936043,0.6623881335649132
1928,155.57922261373534,-41.13584819305563,670.4337104833223,303.9684070378465,-0.02340670354285055
1929,156.43163433360962,-41.51137134968163,1105.813077064423,304.1819392397014,21.149001166140735
1930,157.44470733043474,-41.94926349377518,1617.4480756539847,304.10682121082965,104.3911447400221
1934,154.28363032988506,-40.556351057683386,1.4501835843475372,305.02558408213474,0.8512603455364767
1935,154.37203942682387,-40.59627776715257,47.383651873751326,304.9240935655493,2.032739302485135
1936,154.74773048744154,-40.76684230913831,242.55775852073094,305.30990752265484,1.4861107591964424
1937,154.8283958904849,-40.80319274731873,284.32546042092576,305.3325440777832,1.13642172471962
1941,156.75111034828132,-41.65134760029987,1268.0918831595052,304.65411900180493,-0.04166244784779976
1942,157.86282453113458,-42.12927482575461,1827.2563558649797,304.960428498344,4.503670034601292
1944,155.10465514940284,-40.92915951869332,427.6270352072914,306.3615452467353,6.865599168353511
1945,155.39166971560277,-41.05721296596356,575.4274247232823,306.3450716723476,1.232690130759314
1947,156.99203297233274,-41.7612570192916,1391.3942683274943,307.5028031052489,33.26770913265726
1948,157.57462061858723,-42.01110781424786,1684.2923693125342,307.3031324153397,42.91974088275766
1949,158.1864091092939,-42.27027176232921,1989.583488062073,306.98270644995023,2.601456988151739
1951,155.90815777659927,-41.28837874329283,840.880671758962,307.55178049134656,1.9848018714359306
1953,157.21652662648967,-41.858710807797394,1504.7315568223937,307.8565873597838,1.3203368169364367
1954,154.62422435683717,-40.71829113503751,180.61952982501327,308.91257288483143,32.78132975732435
1956,156.1705842403382,-41.40677739932252,975.6485827123754,309.07095652550174,0.5242207035849562
1959,154.6399933586123,-40.72716647670896,189.30285745619403,309.7996348599411,-0.03375345802492233
1960,155.26902410206608,-41.00978584557232,514.3779878434361,309.9962835812171,1.8551843699069475
1963,157.7871500383088,-42.10781924450792,1792.2896302237039,310.4169112304816,7.905138544506012
1964,158.05045147072218,-42.22015572979641,1923.8383014238993,310.7300241243834,-0.43701188735960006
1965,158.11807547869904,-42.2480254639616,1957.3205439391893,310.35680234967805,7.020682196277587
1966,155.22656644049232,-40.992639641036085,493.0276381000857,310.9063776889969,0.5552008483039774
1967,155.29959120810682,-41.02501203755744,530.5647865119395,310.8025175992163,0.1079581668462894
1968,156.61669901920476,-41.60598411168039,1203.576850986324,311.2691900944781,2.0712158935227176
1969,156.78632622479412,-41.67962071415274,1289.4648988166427,311.2537795192347,4.431372454621721
1970,156.80757844472168,-41.689569250190594,1300.4153368758723,311.6273105323926,5.097478503225821
1971,154.80988845861683,-40.808017996589044,278.53151253157233,311.971092094547,1.2498961337823018
1972,156.87600235352798,-41.72059197206696,1335.3837348987147,312.3312296843162,8.284242461244247
1973,154.7380538512656,-40.77760698431635,241.9044782601729,312.9429505622163,0.24994464809865125
1974,157.1887846831442,-41.85719629073316,1493.580414838403,313.1536406767596,13.961624345361608
1977,154.94495392562655,-40.87355051022482,349.7525780768965,314.41926263111174,2.907757497257993
1978,155.14292303747968,-40.9609685027725,451.5531228708284,313.78558648606787,0.5612998230505983
1979,155.55455740907027,-41.14473364748027,663.373330212757,314.00022499992787,2.936166722039598
1980,156.16904707931823,-41.41602199660753,977.6205296080282,314.0982223510053,-0.3116194562897511
1981,156.52686586429536,-41.57292273031672,1159.6809572830637,314.33756028192795,8.145779021487137
1983,157.81250294134853,-42.12583740401311,1806.8791929601016,314.10198010049703,-0.3587581716612966
1984,158.07864633613084,-42.23839762563639,1939.5438062934156,313.9471708839701,0.006948748358005741
1986,154.75337341080362,-40.78941959426404,251.25130195547436,315.4226016319923,5.3668075186160795
1987,155.18376973712571,-40.98203058283299,473.40361753019806,315.203931869581,8.575239344881243
1990,156.11230839548756,-41.39296849786615,949.2165210194771,315.03457309977466,0.8813879787895129
1993,157.44929883207567,-41.97342692222638,1625.7049697507125,315.39960120221934,0.4670284006235681
1994,157.11568086053936,-41.83119291589169,1458.244094909953,315.9355090241933,0.555302335734901
1995,157.34189320625762,-41.92909087870931,1572.2300906831838,316.2615852054207,1.7422703831865816
1996,157.35412666879907,-41.93406056710312,1578.301430352199,316.120232986226,0.33823192245580114
2000,156.00651149097243,-41.34886157276862,895.9140139021584,316.2478196333389,0.12908099031164322
2001,157.05124509233298,-41.80569575643133,1426.3869449096965,317.0954937047885,0.20362891033355865
2002,157.4312998158847,-41.96882146027687,1617.5042320138152,316.9774710521415,0.3858967996765196
2003,154.36082951286525,-40.615977973445666,48.762324791435134,317.41902782825673,2.731547136668659
2004,154.39120396106156,-40.62974110164293,64.54695680107153,317.4144070348377,54.95790065900634
2005,154.86369716279629,-40.844499090786144,309.8934460922496,318.17445478478487,-0.3003564078586702
2006,156.5581605587526,-41.59353596992298,1177.475329495609,317.8802375852084,5.404531209324774
2007,156.86462032131584,-41.726549886090766,1332.598666503921,317.8593209466283,-0.05375722641568001
2008,157.88923288095697,-42.166885869627336,1847.4315648233583,318.406148726319,-0.1801233411195413
2009,157.91001158543853,-42.1756505428749,1857.7854127874605,318.378486569987,2.160703836233932
2011,154.63203526010386,-40.74225366098228,190.57353708527947,319.22368199407634,0.3575755265801858
2012,155.33718866455908,-41.05776862863935,554.4511865397253,318.89226617526543,0.053825057351715055
2013,155.4059984229751,-41.088497822267854,589.8522852332454,318.9410825005662,0.03313632180753819
2014,156.276041449645,-41.47269959468967,1034.812781127606,319.06265345156254,6.443418112426071
2019,157.20950234995843,-41.87767975385858,1507.1321788187724,319.03583817341956,-0.22853983882055492
2021,156.67790906171044,-41.649797833788,1239.305669261489,320.00140895898505,5.500303552464761
2022,157.75299904526756,-42.11293800323694,1780.4399771516196,320.42275067097927,6.7155462262016234
2023,154.40834175419144,-40.644127590780855,75.37480170532625,320.7517210848304,0.9036024837357446
2024,154.49558279615496,-40.68449773175421,120.92945631454053,321.190564988325,5.1829857022556975
2025,154.5493395970785,-40.707218920071895,148.3633432824239,320.3902942149821,-0.3542147643334793
2026,155.1270715759477,-40.96851398649983,447.55723057348365,321.1794080859837,1.6605821599193153
2027,155.94310408719966,-41.32962186925461,865.9611282722789,320.6409782970408,3.720879752217006
2028,155.97665973734078,-41.34589913965975,883.5148689938172,321.4016962477731,2.341573821554932
2034,154.73359767455358,-40.79309690313246,244.63926357603663,321.77337181742683,140.80900079017968
2042,155.95387957497397,-41.34029414068779,873.1195609900877,323.6426251385857,0.5246745942109657
2044,157.80024059441422,-42.13832463163065,1805.450538370322,323.1160799330508,0.9877433783484578
2045,157.9891932983455,-42.21707934772669,1899.3444283595536,322.3804693861889,1.2850209829147066
2049,155.44866905507033,-41.11719894399868,614.5269760460887,323.8591056795947,-0.006547365993076287
2051,156.78856568515675,-41.70577455050546,1297.4758144625016,324.0399391751159,4.784427170213816
2052,157.32015219097448,-41.935551457731606,1565.5538745788074,324.29076479803456,97.21684568267247
2055,154.95572930736085,-40.89978267939451,361.45087436737117,325.22491409512236,2.3186923995740925
2056,155.9981803038469,-41.36291188435399,896.60422878508,325.22182335688177,6.69784459460085
2058,156.81800191891728,-41.72170641287085,1313.2240147729892,325.65194944289044,1.0954392371358135
2060,154.80633416453773,-40.83398935414657,284.62307633772997,325.887965048049,2.9559691849894607
2062,155.76428902923638,-41.26170936293357,777.6241690613753,326.1991572566463,1.6497554219482216
2063,156.71813991611725,-41.680160854067765,1263.2006675740847,326.54553472689,1.0135828112422112
2064,156.861025977721,-41.740882703358885,1335.1130920969695,325.92807819679456,0.24174636554084766
2065,155.72889401797545,-41.249411414305094,760.4501989662218,327.8938195860286,57.903584251947
2066,156.02625691344036,-41.380740243054866,912.4574603305074,327.99696148120387,-0.2934874464502297
2067,157.9144696988851,-42.197324426848375,1865.2419148084318,328.455225504382,2.443444021732332
2071,156.49931249338442,-41.591079966734846,1154.0026300087202,329.64006756401966,0.08533623032841632
2072,157.13946918965874,-41.86724628216461,1477.206459687732,329.05109908364125,0.26342946689624014
2074,157.55302272238592,-42.04534903355645,1685.0863152505735,329.4228654075777,5.952058533239905
2076,158.03782766719615,-42.249936409522064,1926.806121159529,328.628669831486,11.363041804977875
2078,155.4771996337446,-41.1415944030597,632.490074796568,329.78471921252935,3.2020347082227762
2083,156.7531464244722,-41.705094196161596,1283.5747220455999,331.4915941619204,36.8573099380213
2084,157.0376919311439,-41.82651104735371,1426.7844043423652,330.6422087492403,1.5854169224976267
2087,154.40908532091763,-40.667088629208244,82.3318832118763,332.1577058213407,0.5853306359651307
2088,156.0967809976854,-41.42021921697861,950.7800521534408,332.2971384884224,1.6771044428281503
2092,157.51779369938848,-42.03646643033369,1669.0865452250216,332.56312453614123,1.2599656856322865
2093,157.61008402688006,-42.075371733106294,1715.1699327520787,332.30294548195474,-0.29642855639574067
2094,157.87563872242873,-42.188635113605095,1847.9340528562036,332.4230066176775,2.0512136672662136
2095,157.93334160472978,-42.21281763158812,1876.6319811431233,332.2696779890885,0.36985540553048146
2097,154.97053119328746,-40.92199101398348,373.55318034268265,333.08723609905144,5.561305063317985
2098,155.06431522224545,-40.96492972067932,422.198526214639,333.5528239216748,411.5941131054069
2101,155.54751256916757,-41.1791931188268,670.3687796991287,333.0134057756193,1.6005972760385163
2102,156.27041716743759,-41.49913936030761,1039.955955538817,333.7138210447404,2.088126228923287
2104,155.59349464413984,-41.201709269547834,694.5430281549874,334.0884509318064,2.0036900498331494
2105,155.99768393751438,-41.38013073029703,901.2154571646143,334.0539645435468,3.371162352113488
2109,157.10104217069397,-41.86137360673505,1460.746817087257,334.4779208648322,48.432712247251146
2110,157.64429488240614,-42.092447976244785,1732.9516542195418,333.56650028500957,-0.13425198008362405
2111,154.6224938743353,-40.76894972214311,194.5854593263482,334.86341689070713,2.9317236847971264
2112,155.0013752286465,-40.9405787173141,390.83337335222393,335.4915795147378,782.0863511627446
2114,156.43868914327726,-41.575133873813655,1126.1302993246873,334.9606975275475,1.3436495908908255
2115,156.69338258381168,-41.686318385340066,1255.2994868559085,335.1261276766847,3.5691905345405983
2116,155.42973394600386,-41.132621828524876,611.5519101196891,335.91479978733145,0.14477377150269874
2118,156.01920548693636,-41.393267053096544,913.2173676469876,335.91295055416646,8.340310733318423
2122,154.65883555750912,-40.78922126414876,214.52939978326594,336.81932642391376,5.354879189382837
2125,154.54523545284303,-40.74032290620514,156.35373381377005,338.02169165817384,3.0408648628542214
2127,156.88912207537572,-41.777914125960166,1356.0771764716994,338.558679623266,0.06243868089765777
2128,156.98384636365205,-41.817295096158524,1403.4443326991207,337.7667479217785,4.854853212528831
2130,154.26589054516913,-40.61786238744776,12.492740835502353,340.08603602062584,3.922081008687311
2131,155.3513002382268,-41.10571022456362,573.5258187414739,339.95155010320724,-0.15418766009555518
2133,156.10363258968113,-41.43802454460833,958.3876721844669,339.7938013969453,8.838983291536701
2136,157.9160464128613,-42.22037086427788,1871.9456331657839,339.8530682277314,1.6996173681400166
2137,154.88624817662946,-40.89981265617624,334.5199997044023,340.98468772849276,275.4199912112672
2139,155.7623669677391,-41.28933915449081,784.6345096331052,340.6137569432811,1.473722717425886
2142,157.05728103268228,-41.855855737793306,1442.3198388033377,341.25817761275414,1.1417402679381583
2143,157.11183084450624,-41.878668571138604,1469.6017161916473,340.9041990394356,0.3774255476788263
2144,157.9435212777429,-42.23538576019887,1886.5289097424338,341.56659007434166,0.5150349100006562
2145,154.57343426063824,-40.76012094508721,173.0136831634376,341.58160489703084,4.334484510256346
2148,156.63670624710272,-41.67514859286739,1230.297902267592,341.9525937544985,0.34914058895441763
2149,156.72529443332604,-41.71299599972973,1274.9529774365315,341.63559981305457,0.21383287179599855
2150,156.7495598382474,-41.7239985625666,1287.3533054885534,341.8771063713216,0.6669693398766319
2151,157.27577453565402,-41.95179100083045,1552.7572950220003,342.23289405573223,0.7246852038898215
2154,158.23290659131158,-42.358054627888514,2030.5647194994363,341.73609470105544,0.9906491348062954
2157,155.10458252171858,-41.00238950394588,448.50579059617024,343.3737078784938,2.157889315169114
2159,156.06026023182676,-41.42648011887077,938.3750351426702,343.59558738572883,131.23497886284215
2162,155.15052235511533,-41.02395341613235,472.46176706705927,343.8923208976392,2.826482504852291
2163,158.15420696712872,-42.32991404060357,1992.7976371306174,344.3156658991345,3.8709496043322096
2164,154.81515556031795,-40.87543655441765,299.9618594855566,344.80487939139624,0.47281245945676276
2165,156.92404184089585,-41.805923227015185,1377.2122673370734,345.1139028243909,1.2461480909073561
2166,157.88072450593603,-42.21624310055541,1857.2072229356115,345.38344125890274,38.67061437321594
2167,157.9989554050068,-42.26675288927959,1916.2217902502,345.58061837333435,1.2410589848021223
2168,154.76053965948662,-40.85270171279612,272.2529778822807,345.7302803317894,19.870917682380934
2169,155.00998822944752,-40.96523617652432,401.2276778412305,345.994450833462,0.7718682223436295
2171,155.53225129671955,-41.19899759271544,670.0452864635213,346.4549803658133,0.6553494122941921
2172,156.0071523738648,-41.40783327189218,912.6096126377665,345.9752499643266,5.203301391950298
2173,156.0810139311059,-41.439348799512736,949.9953970045474,345.496233790631,13.97958056626301
2174,156.16459242145805,-41.47595854371149,992.5402386227125,345.46177537431174,0.12019908790135489
2175,156.93556371476453,-41.813303981207596,1383.6772898088404,346.3331084919487,2.2244412205751045
2176,157.1437324764767,-41.9027500151872,1488.4548824380931,346.1605450681219,0.7762877068733793
2177,157.43194731625093,-42.02617564477416,1633.135805187593,346.00866486532925,0.14989537118732404
2178,158.2349182513675,-42.36887322850476,2034.1749227970838,346.81888094350217,2.1700196172312736
2179,154.34101007287333,-40.666334795347005,55.721943978776046,347.33168122922086,0.9148143276483566
2181,156.01798936361757,-41.41591524295418,919.0599730704787,347.6549406442969,0.5597528844377342
2182,157.16665184102976,-41.91444866722499,1500.4807062888742,347.09302741880487,1.0123121812683207
2184,157.84520697162964,-42.20571870436892,1840.699376842194,347.70292111871385,0.36339744894672393
2185,157.94545639934594,-42.24788521186123,1890.5783404605072,347.51528826584865,47.10092046571681
2190,156.03436276844627,-41.42396866857364,927.6454682692072,348.08813743889294,0.1400565277653349
2191,156.25328486096313,-41.5206356677083,1039.2748347345569,348.41041298477217,11.446430978352625
2192,157.07667073338177,-41.87804650162962,1455.8321891612109,348.28531447687027,1.3851616504589128
2193,157.6508403753391,-42.12244377028948,1743.475029719971,347.411630083874,6.348723253901871
2194,158.04487953000597,-42.29175874548687,1940.547969270319,348.4172952628232,4.930596900033414
2196,156.05066871502973,-41.432309705701016,936.2837672703291,348.6831837132236,0.315466598314435
2198,157.06190280840514,-41.87277465290347,1448.6920407107957,348.84106976585855,1.3200823688092678
2199,157.1819044762158,-41.92524718737985,1509.295891225965,349.2461370327867,17.706689878210856
2200,157.81908278812895,-42.19723225868528,1828.358098616697,349.03245592031055,0.7131086039513435
2202,155.41473336672104,-41.154588740449256,611.9586488747804,350.39340643833845,1.7388586384776188
2203,156.11864416690415,-41.46556230100528,971.8589518654511,350.4066997133821,1.2926104579298243
2204,156.2707553102344,-41.531722209268224,1049.1091834878112,350.1539588532678,0.7583895309940109
2205,156.5101939087222,-41.63592807451871,1170.5563888451904,349.98307028783216,5.516856796578769
2206,154.63173763729688,-40.804243252005435,208.36285811644225,350.5622433660683,37.35857168360164
2208,155.4026403730706,-41.15020575412273,606.0322966964724,350.896239094688,0.22486852262257215
2209,155.4927055532712,-41.191131824308705,652.5028264596721,351.353475395584,0.39639940694837433
2211,156.088734061174,-41.45420266207047,957.1181952535833,351.30332135688553,0.5095936127489354
2212,156.74176239671482,-41.73849258485805,1288.2973271625958,350.95010812458185,0.39322202324528976
2214,157.23354655434994,-41.951175539826785,1536.2612890562452,351.14020496857563,2.8683057394954994
2215,158.02147703808222,-42.28571669706661,1929.9191042420632,350.3841799211698,1.7482604256293353
2216,155.0746173027752,-41.005565013910775,437.8004083620151,351.7480866433686,0.6924351082091804
2217,156.14294337708557,-41.48008185728688,985.302536266692,352.3614785608702,11.700904558222689
2218,156.53731328888838,-41.65063826617005,1185.0977047494748,351.4535600309087,-0.008178171540116574
2220,158.1029435903244,-42.323984029977204,1971.446886929338,352.3278580409298,0.8150428477442013
2221,154.31526929482894,-40.66720562930851,45.99977492661736,353.65472377444326,0.5511428975483252
2222,155.08694366928543,-41.01344325292271,444.8261697913881,352.9418539192934,1.9225135817111092
2226,156.80615130218084,-41.772663864325985,1322.541141044051,354.1283031584959,3.2611663314428
2227,156.9696579220027,-41.84383866947748,1405.1638191313102,354.36006132914446,298.6244989300577
2230,154.2969989752433,-40.661587475710135,37.28496251618209,355.0013718834043,0.4097020058529217
2232,155.67313927441143,-41.279348964148475,747.2631791095184,355.5224053450985,4.13149730502483
2233,155.77592920516787,-41.32385651477819,799.5730861076327,355.0509132451131,0.4798885314877309
2234,155.86772381088934,-41.364053840592945,846.3830888968505,354.89496140074795,1.1996189536796387
2236,157.73783367794275,-42.17567846446727,1791.2507007112656,355.6477987771272,1.0246336466808466
2241,154.44338096821542,-40.7320880549843,114.49157532889494,357.09531392026474,27.08695696424591
2242,156.4027944374247,-41.603576637843496,1120.0772858372036,357.32607740177355,1.5532277259425322
2244,156.46237197921414,-41.62864341270017,1150.043046025491,356.85819416113355,0.23644352212252284
2245,157.00308916461353,-41.86356461858905,1423.4482174927637,357.0486734860026,0.957472446365695
2246,157.52417115184048,-42.08669726596972,1684.985296561601,356.7296562157292,-0.05925767465483978
2250,155.30983974209377,-41.122532213392944,562.2353557420948,357.78658776216866,1.198652785073864
2252,156.4990209505961,-41.647492511098136,1169.4138075792453,358.3168003007823,1.6789548899920743
2253,156.72292925732717,-41.74205755759783,1281.9853679101936,356.90544465162134,1.0074945596505636
2254,157.05152099462677,-41.88495651128825,1447.977518321143,357.3030432622446,0.21254361734124624
2258,155.59715107692864,-41.25294391529685,710.4007754081331,359.18549610956643,0.24822979828555747
2259,156.2106724363505,-41.52283839905009,1023.3888697299751,358.98278127473134,2.257641338316833
2260,157.82044407642283,-42.21750962779339,1834.2591551104197,359.06160074228717,1.4335741249647704
2261,157.9213623945462,-42.25971553883683,1884.3993664889658,358.7426055667103,0.23928567058517164
2262,158.00309310813546,-42.29490648041772,1925.2433492445894,359.02955900319125,0.08772082858238532
2267,157.13942062239295,-41.927232788167196,1493.4051375633057,359.5436800091295,0.8114082399013616
2268,157.4813157759416,-42.07360089257377,1664.922049281265,359.38576829535566,2.9925068785217723
2269,154.71456755047967,-40.862115958891756,257.150909858979,360.9226444095847,1.9715444078605955
2270,155.28771484648775,-41.120198680261204,553.0031222059894,361.5888538973988,1.3001349342837898
2272,155.63239442838125,-41.27288758488783,729.6661445580121,361.37728984349155,2.8641113845507027
2273,155.94370134423153,-41.409261158636525,888.4382422446672,360.83594521729947,238.3432624774428
2274,156.539733297693,-41.671395378444565,1191.7390649288031,361.4472989775478,0.06918133569775255
2276,157.36658999729403,-42.028149029073475,1608.4024114486137,361.24691962375397,25.51950586703841
2277,157.61464831083293,-42.13424036617098,1732.6354475573821,361.26685445323363,0.5357662828584377
2278,157.76289367424968,-42.19694839806233,1806.5792960348945,361.0477570639616,3.754517447915331
2280,158.103571750301,-42.34178694672169,1976.3692762967876,361.2637627035047,16.500594965907336
2281,155.26519990764072,-41.110446178140606,541.5119957032235,361.7317136468164,1.3633289782639155
2284,156.02088522794904,-41.44523377475868,928.3527370566025,361.8583012638858,2.370410659546959
2285,157.4291937570215,-42.057157084977995,1640.377149921448,362.3633718927,3.030969632736636
2286,157.5032553693311,-42.088389611709395,1677.3562952905781,362.13688544721487,3.7916376606379916
2287,157.601475131404,-42.13038152354791,1726.5176249625606,362.16247964740273,-0.12540766613914722
2288,157.72454154774647,-42.1821592269722,1787.8388670994134,361.8254196108944,1.3319244232664231
2289,158.14050514751577,-42.357544654350654,1994.7627563923618,361.34462820873523,0.6183334688218755
2290,155.2331536133823,-41.09899565529026,525.8447840133365,363.1666742822936,0.37702372537974105
2293,156.13355952535227,-41.49692739941475,986.3500133590073,362.9808197890891,2.6178539272807324
2294,156.569282467552,-41.686615749840854,1207.3521156824756,362.6445822312108,3.3816068194578786
2295,156.5906712423682,-41.69770993817589,1218.6718872093866,363.5527314332015,1.597258314188602
2298,156.22280473397808,-41.536922066137706,1031.988862441974,363.4266025581873,2.274327079286752
2300,157.7776149478778,-42.208792237691284,1815.4079865040542,363.89003051202366,1.58137024202031
2301,157.88842909558147,-42.256962243558554,1870.9561835965203,364.45335474932557,1.5996387507362115
2302,154.42480684649215,-40.73998581612842,109.587402357444,365.31430839211816,21.54425683383353
2305,156.7134939885997,-41.754665782460904,1281.7836262431733,365.38084886895444,4.912162327852514
2308,156.04919414598336,-41.466651427221954,945.2763115501746,366.4045711721727,182.17436738315823
2309,156.30500728688168,-41.57904905436914,1075.4619255218936,366.54705813611804,1.2355598644577737
2310,157.3055949355966,-42.01179754423965,1580.4366970441934,366.2298993521667,13.064967017188714
2311,157.37769841382772,-42.04331792298545,1616.767556982823,366.53905145669825,8.347720677597703
2313,158.22503019404277,-42.40164409716213,2038.9412554291634,365.6473708808011,6.660565948055792
2314,154.2750411522304,-40.67432066977844,32.48604105840579,366.438358956537,3.208221635277434
2316,155.6094849091734,-41.27384853017744,721.0663197470941,366.99517900194644,2.6018290956911074
2317,157.03738451853926,-41.898405292823035,1446.156481986054,367.2301705353265,1.3095823292394464
2318,157.5344896285659,-42.1119594153702,1695.7240709839914,367.3371582606661,2.53924656007672
2319,157.74453006520872,-42.199442034826134,1800.1500155045123,366.292703198731,5.534716325858992
2320,154.52117079279878,-40.789557532043546,161.28070882122807,368.3308754156096,1.8699931729825452
2321,154.9782292041708,-40.99469404379617,397.35401667552765,368.0528836533452,6.658739501083921
2324,155.78448943153685,-41.35264946918312,810.9625363481167,367.7090041845154,0.34255153493087165
2325,156.36345997778707,-41.60729366884969,1105.882627814686,367.916585823335,2.6288467633697854
2326,156.5417500738144,-41.68575750848903,1196.4658203857778,368.28616307794283,6.716732051189455
2327,157.95511243848057,-42.29140313197581,1905.7979360042555,367.59487475860664,77.2537059112393
2329,155.32310435127917,-41.15067827915776,575.361121640534,369.0250002667867,14.472625672314626
2331,156.25067002271547,-41.55987037423137,1049.1297266722304,368.87345245121196,0.25860157282540774
2333,156.49728839663595,-41.66871959654916,1174.5833569297045,369.4641541157325,10.666204387565049
2334,156.52844675230978,-41.6816963671667,1190.2039726960807,369.1635768706552,0.3072065013750204
2336,157.1042982474911,-41.93034099348967,1480.6686027587614,368.8050638588439,18.401793594208154
2337,157.46130315187725,-42.08456518165195,1660.1256121197714,369.31441213405895,-0.11955858496734252
2338,157.71911855293536,-42.195123687493904,1789.1905137856354,369.5980207070826,0.9242816194011654
2340,154.5562558745121,-40.80915598986499,180.54052292090802,370.22068740292264,3.1883431531922724
2342,155.0501856844635,-41.03093656851096,435.5847155348726,370.0815072829871,5.305913582246457
2344,156.33892109013794,-41.60133368447016,1094.7429384879356,370.3289724880103,2327.559021333824
2345,156.7773333414132,-41.79147169710507,1316.5281611981384,370.01151244346454,1.5276322981513553
2348,157.7760597140128,-42.22086187338156,1818.0102692507646,370.3700671923838,588.3944937285602
2349,154.94197251330831,-40.98411933946315,380.2849126810146,370.9193655337039,11.831050870056004
2351,155.173540825586,-41.08910308409223,499.9441033577231,371.6090022555213,3.6506742356509942
2352,155.45753006437224,-41.214234803264276,645.4112884245696,370.93244471711205,10.216910255777767
2353,157.27859085726774,-42.010256475563416,1569.5876016644581,371.3363999142735,10.987041891459057
2354,157.30459316598544,-42.020991845153794,1582.522698406956,371.12176144589876,18.760531198967
2356,158.0176243945179,-42.32432283054813,1938.6048719480116,370.8803243282887,130.54509303414972
2360,154.31967433627167,-40.706238454607984,59.06318137313571,372.31533014931017,2.1607312935525287
2362,154.6280043212725,-40.846113926321486,219.00718821643378,372.52875252809787,24.38681931181552
2363,155.33215767658874,-41.162241832489784,582.1472029034044,372.83162027663803,1.2560059184242147
2365,155.41055032811414,-41.19779208090944,622.5711526428416,373.1733039183233,0.8253322491341712
2368,155.57028517141282,-41.26800090562391,704.2429980159069,372.8219066350182,7.435237005919553
2371,157.5373416478339,-42.12550344722452,1700.444570990835,373.60650018397075,0.51774469607249
2372,158.0934351005981,-42.360668387651614,1977.4210069221801,373.06557801235476,4.5157742966312915
2373,158.20140463931276,-42.40490469337001,2030.6815763742786,372.3850336277898,1.1961539583115366
2374,154.95131946303974,-40.9952278890037,387.086439036528,374.41121054995295,4.009305675535501
2375,155.35820600261695,-41.17719000535434,596.4706071556642,374.5269394341046,37.96126093227316
2376,155.9689434175502,-41.44733522966742,908.8357701304101,374.4884630185577,0.30726020094036993
2378,154.3562229182867,-40.72811317660616,79.57732576224977,374.9875892782181,3.321376785872776
2379,155.37269709003564,-41.18328473212388,603.807931978078,374.348818621295,12.530866748597974
2380,155.6455555654509,-41.30628680352804,744.1619065230441,375.32427610229007,26.201084783954435
2381,155.6992394941989,-41.329622393425545,771.5014358980065,375.11548248212824,424.7990091555693
2383,156.97253769600013,-41.88583727326694,1417.6816457180792,375.0561460344051,1.1061374604341787
2385,157.80564980524963,-42.24226604010082,1835.1096993401175,374.86367404690486,3.7041556132701046
2386,157.89405733358237,-42.28060390746844,1879.3808830153562,375.27518627526763,0.4375711421650073
2388,155.07277446283643,-41.053188809296316,450.6871140744762,376.2143233268269,171.00452423512766
2389,155.54006982521503,-41.26168337900642,690.7654259525576,376.40115634565785,1.1596226842615147
2390,156.44784860330512,-41.660969507457416,1153.3278155360674,376.459441264285,2.1682705610165613
2392,157.46329253324737,-42.09797544607359,1664.484701623066,375.70103644531844,0.8123338841249269
2393,157.76507131341512,-42.22793830194456,1815.6463393808683,376.34958969004686,6.087188134973156
2395,156.05748185307945,-41.49052270432613,955.1290613661703,376.6499432250915,82.43947825512856
2397,156.8692999741245,-41.84481722344369,1366.6260168043957,376.87901617486705,2.972689169313652
2399,157.13318822339136,-41.959472481539514,1499.709737392156,377.28565808983643,2.39645861551736
2402,157.99827200962952,-42.328552576708425,1932.2524268134846,377.2060715631633,0.10153505824410548
2403,158.0129260049595,-42.33563224124276,1939.7717844916829,377.6531653323851,0.947576992004917
2404,154.3366882166181,-40.72553291321586,71.26314423845692,378.1493398678348,0.8281675776340279
2406,154.81809902565743,-40.94372116112372,320.7292012829954,378.59517680918066,2.07604354095568
2407,155.1020513809305,-41.06925216421136,466.60662528789845,377.71467593514,12.403942211290463
2408,155.3874390179072,-41.19744791215933,613.5272470766821,378.19310019096287,0.8284437844934538
2409,156.22597348280377,-41.56662127966812,1041.4454533182982,377.77165490833517,-0.16715537053034712
2410,156.4271814946194,-41.65521222724386,1143.7488845451026,378.1096817246796,0.950965080886849
2411,158.13435055896397,-42.38820042576972,2000.4367874018053,378.2885957841333,-0.02665761406994459
2414,155.47523349364724,-41.23702841215127,658.7079959943342,378.48115810227387,3.5219375704026326
2415,156.65676626993937,-41.756693991085534,1260.4026954090411,378.9030321489145,0.9439750945267102
2416,156.78333580997642,-41.811812608834664,1324.4007211729347,379.01450630593206,13.63005391795155
2418,158.04132787974117,-42.35096199778287,1954.7658612467667,379.3414957982585,2.0250728536822407
2419,155.40405087393097,-41.20862187124877,623.1214398762191,380.10754193749676,1.670657187913372
2420,156.4900573604891,-41.686422217857405,1176.6568084702976,380.0378072757509,0.7955856302423674
2421,156.93556495475096,-41.87842206237069,1401.3781437343239,379.3977871472777,-0.25512598584023893
2422,154.2215984143226,-40.67805623517581,12.878956975998946,380.5458114613383,0.697545606481406
2424,154.39544314847555,-40.75841195811422,103.56490103957273,381.30126338501105,1.1797072972308191
2425,155.2326734905265,-41.13369176051834,535.5265959057555,380.8034273984522,0.6992944311450688
2427,156.26175187359084,-41.588693749046726,1061.3971670413378,381.0214762602753,6.06391225364812
2428,156.5872534604009,-41.729686040521855,1226.1242613405175,380.52542534097444,585.1960561813501
2429,156.8238618983391,-41.83298952171024,1345.8411172985814,380.8551859230158,0.14680436094649119
2430,157.35759184999395,-42.06277860490547,1614.225336697161,380.81179823691855,1.9131242052550932
2433,156.2882427858781,-41.60316988172832,1075.648127612683,382.4856134563044,1.1334870368275756
2434,156.35204043415885,-41.63003343315785,1107.7443969578273,381.970442314532,11.80773291126879
2436,154.9134276234169,-40.99504063737346,372.363069308269,382.8934058450024,5.413666178645089
2438,157.8863363347628,-42.29201018245865,1879.4176722637476,382.7497146912737,16.260877320218082
2440,154.82688811756566,-40.95943628683803,328.6469513374768,384.53163799863654,1.7471595465269036
2441,155.89664872551734,-41.43478672370217,877.3602967854025,384.2463254965953,4.50427539784682
2442,155.98894067954058,-41.47389440942488,923.9804536061857,383.48197480511044,0.7407274615662285
2445,157.09039370942102,-41.95319265309533,1481.4777328738103,383.45445046369366,165.22511297052034
2447,157.69652432588978,-42.21495721504307,1785.7412407438305,384.5844241718549,0.9233948689114329
2448,157.782986603463,-42.25085088217874,1828.6396371417065,384.13484959405287,0.37447252710801343
2449,155.03529153338812,-41.05396351226553,436.3986014098476,385.0733116858564,0.5438478479925538
2451,155.50031188743029,-41.26047415521695,675.0373103680987,384.70669111278806,0.8553514120684087
2452,156.9735284382291,-41.90617367549522,1423.585036680962,385.1649054164644,4.945597516490679
2453,157.40235925786,-42.09026315021387,1638.8880684164396,385.0362558788963,1.6738319453945945
2456,154.29441268023342,-40.72278204244842,54.09632011740663,386.422871647334,2.118085971346004
2459,156.01301157735193,-41.48948554828248,937.6371423451835,386.0180925484608,0.6865780485653299
2462,156.81506531441437,-41.839796508381035,1344.2971246848745,386.2424644237317,-0.5582384999817921
2463,156.92407723571247,-41.88589879445674,1398.97097630534,385.71306818308204,1.0875124645252428
2464,157.71046469492143,-42.223537231653495,1793.4020137854282,385.9309391163531,36.66824069021509
2465,157.9632406569782,-42.33166799307399,1919.5600171347153,386.345801800172,1.7153692849936726
2467,155.87259811959498,-41.42986061502609,866.6792713387647,387.1159046541337,0.055540648023495655
2468,158.00076586128384,-42.34920145829656,1938.6566465787441,387.1844766939686,64.5124824868122
2469,154.25674902178324,-40.709106570041236,35.5355861365212,388.1443904171809,-0.01910826049679276
2470,154.50999618652497,-40.822693896032774,166.5474905488112,387.58083978959235,8.87888715090377
2471,156.14586155589978,-41.552781493305105,1006.6222947711793,388.54025433117755,6.709047937312097
2473,156.71884286462347,-41.80133622891134,1296.6122119915794,387.8835715296036,1.599355562179543
2474,157.82292989608163,-42.27669167090472,1850.900666591242,388.6503157862372,1.3934739556106195
2478,157.48936018587418,-42.13545181847783,1684.578479522211,389.0905983866401,1.2681419114226906
2480,156.0022182132703,-41.49335417183673,934.5407081184044,390.3786364432201,0.5574033119379449
2481,156.1016548185954,-41.5363906618719,984.9737072387563,390.05830301358725,0.32013079588473664
2482,157.5419576101618,-42.15936580398791,1711.2720161785976,389.8261193851751,0.6916525016830685
2483,157.73349455738537,-42.24242500886911,1807.3066559516856,390.5557882309218,27.814704857273497
2484,154.82875992985765,-40.97276119347945,333.19916847456295,390.8302467380215,0.040980853799575334
2485,155.66114642850653,-41.344308790777056,760.8902632373957,391.06590665220443,0.9051428984154971
2486,156.26269927905085,-41.608993796623004,1067.3822964585056,391.097023970262,3.4301513195670235
2489,157.94185556979633,-42.332062461590404,1911.415970554975,391.1589998191847,3.6609074711752774
2490,154.49181947784263,-40.822838426910465,159.55415513277543,391.7944048296621,7.996730526099341
2492,156.30506786034337,-41.629524522888886,1089.4415193733407,392.1129166179667,6.53138228962891
2493,156.96888762595,-41.91843527079592,1425.1204248099332,392.4073380735333,4.661364307748455
2495,154.22827393303928,-40.70593570908515,23.590726093446584,393.05970563186725,1.3862617149351366
2496,154.62180928868997,-40.883702114934486,227.46157755287226,392.8914581051981,29.58602688927963
2497,155.06285929100298,-41.081590114007014,454.95942883336267,392.7936222568312,1.4048782347283058
2498,155.2755945022331,-41.177128481352334,564.4811213786558,393.08151759918536,4.244393267847073
2499,156.24126287653655,-41.60308782110099,1057.459456940775,392.8564234886065,0.48278554096365633
2502,157.46514155397497,-42.1333559947878,1674.6695410756636,393.28886102501656,25.473313524058756
2504,154.2989659413591,-40.73973952813402,60.79357103245834,393.92439747218083,11.423314589692517
2505,154.3793328600731,-40.77612830489843,102.4736693818209,393.904660413912,15.769518889474224
2506,154.81432690976277,-40.97242908252337,327.51837021041615,393.93421886909505,44.32886368577472
2507,155.80572030128087,-41.414298716777864,836.455673603243,394.1625368926341,5.082247207978837
2508,156.12161357763128,-41.5537115441854,997.5044447996755,394.3962099300803,7.667062002999309
2510,156.54060827371953,-41.73587424389007,1209.7923398213525,393.95283696244377,0.717335847572938
2512,156.9416812838506,-41.91013876714441,1412.3585013791771,394.1585000530439,2.030927800182446
2514,158.06558434182756,-42.39018109335585,1974.4396024793753,394.0940024089365,0.598795321939701
2515,154.59369330448223,-40.87442116544197,213.90060957652858,394.60603411107064,1.8040128106230937
2517,156.7808917614104,-41.84286823979516,1331.930594999825,395.3107121279039,1.75387471928102
2519,157.52485193023043,-42.162806480756345,1705.5893733869646,395.2902401070443,2.107136163866967
2520,157.7125632032164,-42.243244177610045,1799.4488917939193,395.5036573047458,129.87159053271634
2522,154.43348336430475,-40.80517229610073,131.8582762152608,396.1870667817393,1.5136112609287993
2524,155.46338257236454,-41.26732022663324,662.6838267987558,396.45308743353235,690.0685878699278
2525,155.53920137268767,-41.30098893834505,701.5182925702919,396.4687811998031,1.039995802754513
2526,154.50700908591259,-40.84009430421955,170.42918513832709,397.0316961889874,5.392071082359995
2527,154.5232036530895,-40.846862640131114,178.65486080869314,396.7553345321162,1.0460584935347128
2529,155.37044756137226,-41.22592626852028,615.0198515759108,396.40359095053833,0.13459514625324032
2531,156.28039475266922,-41.6283579845511,1079.580947851404,396.98704662648754,9.951858907529056
2532,156.57856363842558,-41.75853940480761,1230.6820283076495,397.0743423952932,5.075545015787526
2537,155.06159218542572,-41.09000170272318,456.87111973838194,397.32639232258043,1.571732818386448
2538,155.26208054851946,-41.18096040664262,560.3413759083041,398.05910360902567,4.220470458011691
2542,154.76921406932797,-40.96339304328415,307.4649038580019,399.6054865479859,2.131867103728823
2543,156.76063440245622,-41.84205767142018,1323.883586584341,399.3522280791589,1389.9194338777854
2544,156.9136477614284,-41.90763316501257,1400.849816138504,399.0332888669784,2.1381552467827007
2546,157.08097512719644,-41.980376831492535,1485.1948229585198,399.32078015967215,2.0614775663086458
2547,155.24106099654585,-41.17620481586202,550.8589081834139,400.38913589916274,55.84101339026915
2550,154.19438508520997,-40.706073854958724,10.517526863305534,400.8823838601507,1.4342520271043835
2551,155.27233414463012,-41.19179830278024,567.3862848798968,401.2259513391638,204.15590035603228
2552,157.55213168800498,-42.186009160509805,1722.3118759386693,401.1668717121764,-0.28685783315672153
2555,155.65109367906007,-41.35837462559543,760.9578198810093,400.428634237321,11.440565181697243
2557,156.51199452844392,-41.73916946435002,1199.6405629362914,401.937705967858,0.9717506831607176
2558,156.84777823964006,-41.88583319797993,1369.4787417268171,402.4213541521861,1.0878801030008867
2560,154.83821292181244,-41.00161497309535,345.14328050764647,403.2450717499945,0.13973209246452584
2562,155.9629534457843,-41.50125083953034,921.5601825898318,403.11571865747953,0.6525688584633276
2563,156.48923901310465,-41.731070395359865,1188.6215184933806,402.8547613832971,5.525968702279418
2565,157.50180061190227,-42.16830187642927,1698.1633409575008,403.0909359529194,-0.23796709181087738
2567,157.78103692430554,-42.286897172243606,1837.4468264051154,402.9005881851487,2.618964469967774
2568,154.2219587521358,-40.72494594587664,26.688538092097865,404.07751615952895,1.2576786664637696
2569,154.5404358664035,-40.8698981315539,191.98686251202994,404.4433863388422,1.1027513968935025
2570,155.18975769367094,-41.16004552824648,526.4185148424709,403.78362669147424,0.11557827845564807
2571,155.74205617974124,-41.404871001419956,809.1933078470286,403.609540749532,8.291154415534779
2572,156.0485271552943,-41.541277835354094,965.7924966054203,404.34087141473043,4.490080065858144
2576,155.87420250593254,-41.46591959903381,877.3829378831114,405.00611329307367,0.11713690621168157
2579,156.3837415256665,-41.68886369219428,1136.2339088499125,404.77205193552766,2.6411303293454753
2581,156.9195548049454,-41.92123041529649,1406.8266768250437,404.63974599455526,0.41023415304885236
2582,157.1150573058035,-42.00501440500515,1505.0156931292,404.38139515117615,0.498747913139121
2583,157.32676961597045,-42.09685442447896,1611.478586177862,404.84455039191585,16.128561943920683
2584,158.10039311371594,-42.42555488256308,1997.1541559918664,404.6211340506263,2.4459160064267107
2585,154.8208308973297,-40.999763360359914,337.88763302086255,406.2494542911333,0.9493478993348515
2586,155.66186451593734,-41.37358992420517,769.4013219709359,405.71372989669635,2.349220659906949
2587,155.70458449038767,-41.39358342726409,791.5366821323778,406.2734552729075,9.041721995701101
2591,156.72127847998087,-41.83923525182797,1307.9111114588636,406.57430934209776,0.35173169335960675
2593,158.1519012463024,-42.44998098591157,2023.4135557973389,405.9893840093677,155.41716404643273
2596,155.8440257835949,-41.457176779758925,863.271725320049,407.3108224739643,2.6161511130704955
2600,154.33412879593016,-40.78415010766213,87.3148206949017,408.26382184207444,49.772126129513225
2601,154.58984746172376,-40.89924209713323,219.58339542451031,407.99363605488884,3.657046556814515
2602,155.06616238367369,-41.11342601202112,465.3269583713907,408.1197988020145,7.968293518487235
2604,155.7502316979468,-41.41820392960687,816.0944387144572,408.527568785475,17.35859110129471
2607,156.13795233073483,-41.5890487179741,1013.6336566588467,408.6636190520346,2.94342332625644
2608,157.44950502183949,-42.15546724845786,1674.5541875383037,407.9290402243951,0.22379003339754427
2610,154.19824858236967,-40.72461989225699,17.42156767366343,409.33675983332915,1.7252409513245532
2611,154.89693951194093,-41.03915457040697,378.6298543160022,408.8863541505249,0.07275688088469937
2613,155.91376132233296,-41.490666939812094,899.59029727251,408.7138664987366,282.247198688545
2615,154.73851412670174,-40.969673739525156,297.39614621555677,409.737408227279,49.64392924227985
2616,155.4777841057169,-41.30020910003079,677.5465476843929,409.8451987515484,1.0532334343285827
2617,156.41003444727306,-41.71095783294161,1152.4836839308493,410.15633225786576,119.22810990004751
2619,155.18941494459543,-41.17562279030423,530.7190646744642,411.7272784728141,1.4810318834964922
2622,157.00683266337367,-41.97175540026133,1454.23597285584,411.1664424129881,7.672874416333689
2626,155.3405941630785,-41.24291294542304,608.2880189948938,411.6956307886948,1.1370371170217524
2628,156.33553477615254,-41.682101607389924,1115.7423017868,412.00903823024225,4.921447323089802
2630,154.34081006819412,-40.797749235318605,93.85181048005721,413.5886771226701,1.4341638007747035
2631,155.10670681148275,-41.14088962711796,488.84236879710596,412.83512160408856,0.19240110764856264
2632,155.71237314745184,-41.41088305166271,799.4052883282391,413.2822435823669,5.483025352898014
2633,155.8556729861108,-41.4739076024937,872.4542300999741,413.1788969143358,9.513514730723582
2634,157.02068505806554,-41.980526071928736,1461.9599335231983,412.5870809274166,24.344948863992467
2636,157.60796147035242,-42.23259119677595,1756.2694474260936,412.74589886313885,0.3481630706692785
2637,158.1745911900364,-42.47366589991731,2038.3641604510442,413.18001592599785,0.7245195637798982
2638,154.6024219296066,-40.916725805944935,229.49674468208778,413.94806605765945,2.5528864321501152
2639,155.02496741653363,-41.106928817488566,447.5403609470377,414.1419201012803,2521.845800157111
2640,154.65336527168418,-40.94168889196462,256.40211741312277,414.956270401902,0.7409516219885752
2641,157.1799218610948,-42.053840681334464,1543.2333869869021,415.01184418336135,3.299258105701874
2642,157.46233401125735,-42.175564164934634,1684.8812918513697,415.3570850348595,-0.14447961421513517
2643,154.47819243866994,-40.86466831626817,166.39818529045166,415.97905259112747,648.4177401534192
2648,154.44592567329317,-40.85252425486105,150.40142674391043,417.21069601423727,2.255572081416941
2651,155.9306088102883,-41.514561756121296,912.7730201428757,417.05388444072014,11.967377875071449
2653,157.39154156623258,-42.149444383771076,1650.5816153392711,417.4718022822467,1.2033506794438673
2654,157.918907433156,-42.373478377807665,1913.5028223598945,417.1927127154492,4.194436535363843
2655,154.38196978991814,-40.82590375790765,117.94735682489451,418.37959662121784,1.3784500186310442
2656,155.81707211658446,-41.46632359417556,855.4138785921456,417.950209428728,182.42637747342994
2658,156.16000843927213,-41.61787994076842,1030.1570445751795,418.3689541022027,0.37633337475583306
2659,157.2955894831286,-42.10853540479984,1602.5874515048345,417.5723618874631,28.81496181882564
2660,157.62827007313123,-42.2512030741668,1769.0575348085404,417.8096882090894,0.10148778923026203
2663,155.09606312690974,-41.14784774244077,486.7114127408072,418.74878381023944,2.069281236882228
2664,156.4440848723335,-41.74405481099166,1174.751877324579,419.4069904910423,2.1654349803014523
2665,157.1654663940354,-42.05643474646626,1538.3557540727127,419.4850292871023,11.194993417233858
2666,157.96322604297268,-42.39576771953513,1936.4603828519719,418.9845000052912,1.001581808088243
2667,154.51542148143304,-40.88873312972891,187.76149685554773,419.62936780475036,0.2761931908981723
2668,154.5473662309713,-40.90440758106353,204.64739822142954,420.2596178564956,63.58867329541789
2673,155.77961667618536,-41.45431036056529,837.5748142742913,420.230452266767,151.89943707816192
2674,156.1158255091351,-41.602397107980146,1008.7908150478993,420.3346898534147,21.461271546998276
2675,156.25902581283705,-41.665034281359176,1081.470020117552,420.30069951914527,3.8216621345691775
2678,156.83303994193832,-41.91404960222493,1371.4725016327639,419.9743168869628,6.104275186871417
2680,157.19604082045967,-42.06954341178093,1553.686906002086,419.4696935377388,1.5457866366897777
2681,157.57216798342998,-42.23260601335123,1742.472089061839,420.51461856158534,2.6008607184481667
2683,154.18150036949507,-40.74265706451323,16.20591019265071,422.2493255283556,0.8049198998545937
2684,155.18612303109072,-41.19348730551634,534.5300196009888,421.4896470418092,0.017804970279145016
2685,156.29371873558205,-41.68161653844968,1099.4555603852782,421.01818199351544,2.486415040324328
2686,157.13564343268143,-42.045875643699205,1523.9994332932008,420.6348713434329,3.456705196865277
2687,158.04455602582996,-42.43551275025856,1978.2584807055503,421.7051746837435,1.735557472468756
2688,154.16498577533346,-40.734792939486724,7.526078207510975,422.06880300484795,3.624733515638174
2693,156.35054215749742,-41.71032334769099,1129.329697350491,422.98815853109767,1.1406019965322804
2694,156.56677712981752,-41.80497060343773,1238.8683586021882,423.2150527691923,1.4624317185823423
2695,156.7323090844659,-41.877296788392876,1322.5676341306673,423.4554882888457,1.7011236656298643
2699,154.61704583597833,-40.94359836130107,242.90975138922855,424.1703330252425,2.245576998252449
2700,156.37276548079623,-41.72295790903557,1141.3973373559365,424.4755820786545,0.12140543530629938
2701,156.9658065957525,-41.97918701052123,1440.417819412371,423.9218498042882,2.2886830154952413
2702,157.2923607890479,-42.11979813137788,1604.369860246846,423.99797194742916,5.374091132597166
2703,157.36464346813446,-42.1496966391576,1640.2755072879252,423.4520197543314,2.7218704685141604
2705,154.56344154347497,-40.922327407249064,216.04282573358643,425.6345882110908,678.6857267748071
2706,155.26201975019976,-41.23459266279083,575.5520405129117,425.1617111491846,39.20013486712345
2707,155.9195813492793,-41.52465587296582,911.3300916123834,424.61734117708073,0.11605273614474854
2708,156.05146029583028,-41.583305710817136,978.6201609214432,424.9653306973374,1.109381400486821
2709,156.1946573445696,-41.64575686684836,1051.2704813593928,424.8014700503307,2.730495917784837
2710,157.6062235395283,-42.257077680538785,1762.1233105681874,425.57494708806144,3.932706880215979
2711,157.73775874757513,-42.31223776241119,1827.485304036928,425.15228523912145,0.29090028264980455
2712,154.42460050943413,-40.86033611958,144.42111348294435,426.0059996324931,1.264176240839968
2713,155.06309331336885,-41.148134514764195,474.0481342409243,426.3322985566089,0.9240686197458906
2714,155.05023005783394,-41.14333550505784,467.7061815880586,426.8131765811093,1.657989524839359
2718,154.58313301609874,-40.936760978851524,227.82545920858124,428.4317836811497,2.3057436797891895
2719,154.82394588625488,-41.046751299275776,352.5868986639135,429.2448031639811,5.752808503739653
2721,156.31948573659534,-41.70785506532889,1116.6557684904963,428.60762250562976,1.3966873746143522
2722,156.6974440827247,-41.873781475580884,1308.1504442277333,429.33838250405404,0.7686008940923639
2726,156.13924318812508,-41.63234336843511,1026.1497129468466,430.2996639013014,4.354087803492253
2727,156.15765265882297,-41.63987691384217,1035.349144543055,430.0300926832435,9.211366161220177
2728,156.78239873646814,-41.91109983634292,1351.1241265139163,429.59619479804263,0.767057263746037
2729,157.34737813672945,-42.155773379057194,1635.2485812318039,430.2969366760834,7.903304951617799
2730,154.88401281679006,-41.076073884568125,384.2168138419984,430.43746126454994,3.1913796875735905
2731,157.08557900872248,-42.04447360077452,1504.3076670157045,430.8610772356388,6.964382016937124
2735,156.2812917383627,-41.69917525091843,1099.5105378919393,432.66347165510456,9.027215196942151
2737,156.73647529181608,-41.895845084192736,1329.2404167131322,431.94759509067546,5.823475406912767
2739,158.1310322003901,-42.4921278624471,2026.4299952062015,431.94050705765466,3.547607787027988
2740,158.146717720966,-42.49770037053571,2033.9300050548025,431.4089031675628,4.1972877325372675
2741,154.59267970390533,-40.950813982817856,235.57433527540593,433.34456650601027,0.6058007628902261
2742,155.02909432015852,-41.14640959816982,460.4155563230251,433.1355327403447,4.857786121201097
2744,156.52452523221731,-41.80685394079739,1223.0750639132818,433.484476952022,1.3117958788120447
2747,157.36560106161124,-42.1687739298204,1645.7622418131746,432.9376470160564,15.645207695355694
2748,157.51230722021273,-42.23209117331062,1719.2596724613315,433.2398639201961,-0.3807273950412664
2749,157.84516297214432,-42.37392154103691,1885.2089064846032,433.32935911724536,0.6012711089439112
2750,154.32061702873656,-40.82988171746345,95.3847822546217,434.3808492802686,3.183621612773519
2751,155.68618597257606,-41.44087847745204,797.7092872452604,434.3020055164757,2.6464191988124273
2753,156.44020705504298,-41.77089579310367,1180.643251826131,433.8657299900305,5.676708694883756
2756,158.02231248159364,-42.45035770740872,1973.597519705704,434.0504091293464,8.971099625183218
2758,154.7514838111373,-41.02547894212684,318.46755128171276,434.9370061621693,1.898064389139841
2759,157.1456153321797,-42.07825758722267,1536.5880470542788,434.9012230348783,6.859979216550193
2764,157.9396330925012,-42.41919893031624,1933.5520500152759,435.9958015466239,5.445688621395209
2766,155.00989143509497,-41.144886481961684,452.5599646726239,436.70244436181315,36.35643820557725
2767,155.38356801990062,-41.31230216347299,644.5531120329294,437.09686417418146,1.6675956322944772
2768,156.1730977001656,-41.660840600576385,1047.1263278887286,437.21960745575865,1.9680640430844187
2770,157.62134845943072,-42.28509307328533,1775.4131845902373,436.5435029663766,2.498677818529435
2771,155.25153930069857,-41.25514539526632,577.3394391307653,437.89848592689987,2.6800244597941956
2772,155.45105679827498,-41.343766338180465,679.5234027631583,437.85045541925706,0.39176588372005267
2773,155.89556898256657,-41.54058131011997,906.5024689545277,438.0221894149861,1.666839406526261
2774,156.22692496525832,-41.683794301869334,1074.2661119705845,436.91309603105725,0.6961391665383353
2777,157.24111796460505,-42.12618617669308,1586.329144046394,438.40907048899027,0.801730735559424
2779,154.22508357061255,-40.795530629503354,48.467455634005624,438.9022574449199,0.5924575059746946
2780,155.3908224946165,-41.31943881809526,649.375535208508,439.0736183346544,2.5269087308807396
2781,156.04954555754404,-41.60997035398038,985.2982165857833,438.8877165805596,3.552527664841278
2783,157.22262136330514,-42.11947869082307,1577.3925229597005,439.0344612133987,5.543520165760326
2784,154.19316081208353,-40.783110128022955,32.51141169845942,439.94679762079767,14.044215861648903
2785,154.29577569437902,-40.829302234610914,85.61622883283918,439.7590816913347,5.283768766849293
2786,154.88190336174875,-41.09415714473244,388.58614514503626,440.0364010083857,4.465141927820631
2788,155.49925078460012,-41.36946479663454,705.3966629856159,440.0324686716969,-0.08967446410185881
2791,156.5541917851978,-41.83244185446362,1241.5477730647926,439.9148133353089,59.19961034354243
2792,156.84105165336405,-41.956802699947794,1386.2045507683551,439.90713965775717,-0.22270563395075868
2795,158.0239208422153,-42.462237854183044,1977.342601176744,439.7523117359353,0.11879793635953559
2796,154.8494276268145,-41.081102437848514,372.29417871668164,440.80068290764626,0.30942633731267505
2797,155.5534324568549,-41.39530622017533,733.6115546100632,440.95642521784964,90.97007031347076
2798,157.3139526138852,-42.16235658267932,1624.1305494427763,440.91697366267044,5.138532186235777
2801,157.78498006772904,-42.36390479732576,1859.3775677004012,441.2290367709706,1.2750945794593533
2802,158.10329013809377,-42.498866874406744,2017.519284052275,441.3332794253613,1.5421267778280738
2803,154.57841813754504,-40.962332714554606,233.39002060245426,442.39101885018323,3.547339550250795
2804,155.93251180100808,-41.565029349213845,927.59202736094,442.16726445220576,4.296645045056921
2807,157.79076215974894,-42.36768342278003,1862.6053863254365,441.9022579090226,1.373738873055285
2811,156.11361476700426,-41.64686385169615,1020.2855175186979,443.33757291030065,7.87193473623838
2812,156.3259355151055,-41.73882042388838,1127.6960366953433,442.8668081320223,2.077057719723395
2814,154.4143885761511,-40.89135044206622,149.468812703781,443.9560297016251,3.4952089887149427
2815,155.37446571333905,-41.32272968491843,643.9890332052972,444.40761177871553,0.767539024469334
2819,157.3341453724676,-42.17649109172028,1635.7082968508348,443.7026555162709,1.0944686946911804
2820,157.7191357623146,-42.342005975206135,1828.2118511631252,444.32146334678174,12.481262559801392
2821,154.9753209609074,-41.14578567395317,439.46071447424765,444.9635573379845,2.2319035260683453
2826,155.6452633838288,-41.44498316571041,783.0579206947684,445.5229732778159,0.6057510485465158
2827,156.27282347052807,-41.72145696996513,1102.40172559672,445.82318097859775,28.164871409379028
2828,156.5148456482237,-41.82488562783666,1224.2919150550674,444.75800635937776,1.402415673481376
2829,156.94178761483965,-42.01155074871783,1439.935426945641,445.60650908951726,2.1146812555960968
2832,158.0018932319116,-42.46696707001884,1970.1081576118615,446.9003240268877,4.767432857831556
2833,154.37436928639292,-40.87941770990291,130.5451918689627,447.0667813537143,1.0448121709479103
2835,155.7463767263219,-41.49241097650751,835.4150581376668,446.91795368457264,9.574388174653565
2837,157.03083698372822,-42.05180663948756,1485.1819646675353,446.55051425534856,0.9762176833875433
2839,154.14069825257272,-40.775023493514674,9.882193179345304,447.8753639065318,1.7251832391861786
2840,155.52649679379076,-41.39780579478971,723.9139986905453,448.2507163320376,1.5949042207507191
2841,155.95365147210697,-41.58612645237134,941.6375295531302,448.13816846167754,0.9938927342826842
2843,157.74787153134045,-42.36134364265412,1844.4085450213831,447.94461244834946,22.509930688064657
2844,154.25793562287964,-40.830498709515304,71.34437430120292,449.0013042462466,0.15202869908066238
2845,154.47679738158746,-40.93007123853935,184.79997496067733,449.2487618141623,1.872366758448389
2853,158.0544267573852,-42.49493310942732,1997.681240385126,449.83456542711065,24.7458980057543
2859,157.3472925302547,-42.197687687015595,1646.4624634625338,451.61068737564193,3.3801033480995786
2861,158.1002737026059,-42.5178657049333,2021.3448615382576,451.65501660804733,0.7283225916618611
2865,156.169459754757,-41.68938912265044,1053.636556607111,452.48026688232255,2.1517298777662175
2867,156.41452332675573,-41.79565749052126,1177.5494785757442,452.0832583850258,8.461409671654755
2868,157.0892886647264,-42.08761094036371,1517.3988735804417,451.95030993528144,3.594737013334178
2869,157.21016401443424,-42.14017041963464,1578.1635742981496,452.25863260416463,0.42955585690183806
2872,154.20765881963104,-40.81493377040169,47.38966691762844,452.6516349184482,2.326491357202876
2873,155.47736333985722,-41.384240733218874,701.1149970402982,452.4030350009057,4.461309636111424
2874,155.53248435456536,-41.409629583085476,729.559611707933,452.88486907482894,0.1902399186165945
2875,156.39623193669644,-41.78891927529137,1168.637133960236,452.7089618111955,1.5263743907421181
2878,157.2955811001751,-42.17828285498496,1621.3290779889858,453.0065583932449,1.4309112130330257
2879,157.38757077529507,-42.217878171890185,1667.3934083475174,453.10984659361407,2.9765948931694823
2880,157.44858167752056,-42.24413638447119,1697.925667332317,453.19637479254243,1.4412765910098522
2881,158.079259529846,-42.51136167868381,2011.552233080228,452.8595859390876,2.516735309228027
2883,155.26922560459082,-41.2947002197056,595.401542066624,453.8941966025207,6.9117252437209045
2884,155.71744462390487,-41.493261747867834,824.4842410668751,453.8059967679223,3.6581566160559484
2885,157.12076744886252,-42.103436154905644,1533.8061529063366,453.1098863238374,3.8912813389818157
2886,157.68210436157014,-42.34600982566844,1815.0153397340976,454.3671287369586,1.3673199190293452
2887,157.9891720117553,-42.47643083169427,1967.7039826293635,454.45539940271476,16.738611031854887
2888,154.32070585621395,-40.871156185663814,107.41652333313733,455.1442804710972,2.8616555300304074
2891,155.9633524266715,-41.60443846604327,950.4868034644128,455.2457054078011,2.130970750430474
2893,157.62334713216245,-42.32214789077358,1786.0465542730692,454.95126755187465,0.9052033416840913
2897,155.64960407020155,-41.46841826486401,791.3209805381177,456.3992444725448,1.6368110564086287
2903,155.48641339485138,-41.398410726616504,708.6089049637858,457.5344691121956,4.216650409943735
2906,156.93542481579468,-42.031763432165484,1442.9683717964133,457.25592304482626,0.8254506096912937
2907,157.63286228024572,-42.3310075033651,1792.0676917190726,457.39550823532034,0.41584394644790973
2909,154.7880366372117,-41.08756549868633,350.4365506349789,457.9592112001065,0.5121466403475058
2910,154.80727839905472,-41.095731244366625,360.21246863442224,457.7193246445009,3.3005395008311758
2912,155.87624440882837,-41.57220987700052,907.8774538432707,458.3251176419282,0.30166455466954245
2914,156.21648725391248,-41.72100499198378,1080.5393441473825,458.06728883203886,0.2276526692035209
2915,156.6006798104408,-41.88818750797216,1274.7633115969563,457.93265867501157,1.2498300128328876
2919,154.27015784463052,-40.85569926752765,83.39959003335,458.8973236436626,7.2912319504252245
2923,157.5416535006502,-42.296316742790744,1747.7079420806722,459.5205901758025,4.14472023529693
2924,154.44354879196538,-40.935932667637616,173.65612034223895,459.76983371638323,5.8792471818991405
2925,155.29842313491662,-41.32014217412721,613.89287962596,460.17871891317714,0.5680061435886379
2929,157.8216804626508,-42.4165508038834,1887.445233502471,460.0858721342287,0.6073848124788739
2933,156.0599978849975,-41.65719927081955,1002.4654843019994,460.4694296880446,2.9894493055955795
2935,157.86495327421554,-42.43684262015943,1909.4628168841302,461.07342675363515,1.1499351752313307
2936,155.027231538633,-41.20201747683316,475.57835553745224,461.61530117280216,0.3218720074601801
2938,157.52818691092196,-42.29604092305606,1742.4492748196271,462.30022902094134,4.272706835146608
2939,157.67664914891003,-42.358903985798314,1816.3410685531983,462.1037283625745,60.47179816864138
2940,154.38161635101534,-40.913914425280936,143.35639933601678,462.7873400255768,1.5300278675523145
2942,155.7184624186133,-41.51180358394727,830.0787135632688,462.95306211777495,1.9029607393236112
2944,156.48399968841218,-41.84675413944744,1218.4020453366486,462.6414373296374,1.049082703638039
2945,156.66751576470395,-41.92847875846941,1311.559416460576,463.65374322402226,1.5622264356613595
2949,157.95678145531684,-42.48056325654179,1956.330271104052,463.5315558302041,4.267073892787464
2952,156.07566758927473,-41.671906216034515,1012.5980447542195,464.4340013280567,5.112252046659373
2954,156.32400712966432,-41.78034268140089,1138.413858376876,464.3239435862343,1.722440691775678
2956,158.06453513184667,-42.52774734667857,2010.191465769667,464.3658203941673,2.347058704284718
2958,155.19262099450455,-41.28277097399441,562.4377479930839,465.10152809255055,10.213011990747558
2959,155.42800800420545,-41.38753782448656,682.9938563334654,465.13143296754976,-0.7532570701946599
2960,155.9107632533146,-41.600758964450655,929.1683999873732,465.0823439694839,-0.18087210054857308
2961,156.2311424316434,-41.74187872970282,1091.9694053560202,465.39078015450355,1.0689188914242882
2965,154.65892771734804,-41.045363886866525,288.4417076533109,465.95264365808094,5.8804910178986045
2967,156.51006481434277,-41.86382450416329,1233.1415251453516,465.5447880905891,0.7228573505847642
2968,157.2063506825743,-42.167081921208194,1583.9421020868424,466.7549917259086,2.0305589725284396
2969,157.63821019894232,-42.35107338986296,1799.4641136626342,466.4395270442214,0.567356530282395
2972,155.24872824594667,-41.310887245014314,592.0838336635095,466.67490354679046,3.394483534904139
2973,155.44383912110433,-41.39809129900233,692.0858880370629,466.9133817777735,0.9590130325669379
2974,156.6372004010042,-41.92254867153042,1298.2511976146877,467.314159356952,2.212629054352453
2975,157.57128563096515,-42.325216486156535,1766.8208613941592,467.787593941985,2.8313869564010714
2976,154.9212618582923,-41.16797321584218,424.9345532431325,468.36879044246047,0.8117510526337608
2978,155.78859507289798,-41.55397931036197,868.9589671447628,468.6332145856395,6.303325547212816
2980,156.7409577020845,-41.96905620182224,1350.950952384134,468.08987377538784,-0.23826800383179683
2981,156.88008535677224,-42.02969402378791,1421.0790827421533,468.32659504105936,0.11874778789281046
2982,157.5600247075185,-42.32114104228662,1761.400120342499,468.15613739550287,2.987767403755594
2983,157.58265488269436,-42.33029193791912,1772.5493159031926,467.9043953504496,1.1788497798746445
2986,157.00926549254018,-42.08725070464952,1486.465388471088,469.25522257039853,0.9435209294673762
2988,157.5974100266236,-42.33875542152812,1780.4826080958828,469.0106656960694,5.084347142623189
2989,157.8161682417899,-42.43173902508289,1889.3426220105491,469.00119287742723,0.21829055244513793
2990,157.93875455925027,-42.48457690668568,1950.4537668438347,469.45574308579563,1.4621057749847992
2991,158.11851090189552,-42.55852395539188,2039.0253480878298,468.43779219044796,0.6945218295593838
2993,154.9794275182826,-41.19772891336021,455.89921978796696,470.24036770878,0.9914731929755196
2995,156.79319092572058,-41.99532150662612,1378.2416838180202,469.94412915923346,1.5600071036144507
2996,156.85223878833924,-42.01974051623633,1407.6426716899246,469.38011567886923,0.5601158449032417
3000,154.9410120165469,-41.18268546081888,436.7690712719777,471.32712817708443,14.14996614868854
3003,155.69699278829398,-41.51831046832719,823.6203441560824,471.03475303566444,1293.430265014885
3004,157.77146093858877,-42.41774560469825,1868.437744315144,471.5346257428289,1.282158390072378
3005,154.1325185254078,-40.819268360255045,19.639461764719602,472.01093485192916,0.9930434926454821
3008,155.8671630998505,-41.59510165637065,910.7690252412517,471.9251117625135,2.204050054251885
3011,157.74859746717652,-42.40895549758793,1857.312030748162,472.0023225693196,26.39661133739156
3012,157.8268103687711,-42.44321181166572,1896.4715229917651,472.5406354387775,7.611049188727829
3013,157.88190214174588,-42.464473735365495,1923.2820204715622,471.47642087757816,503.07655028475443
3014,154.57766933314568,-41.02198704468848,250.32940811942208,472.6198726583048,5.137946615230127
3015,155.6355401091647,-41.49477721797056,793.3023310461366,472.86463520268325,0.7826444391305711
3016,157.21070664728583,-42.18155712096485,1589.5173445758478,473.15530934444286,3.4342115370154076
3019,155.3504127958191,-41.370257941207214,648.1607754051504,473.8103115711721,0.9672845946730376
3020,155.60330759538417,-41.48271777385105,777.4760695734741,473.97392775170226,4.308619135835502
3023,157.13874546742016,-42.15129900759668,1553.650420802826,473.48389762096014,2.819445288201534
3024,157.2659373155599,-42.2079355380327,1617.8803289252148,474.51983590278195,1.1951286032785489
3025,157.31969507273612,-42.23019989795297,1644.5578764353158,474.12839879967004,1.1197996138492072
3026,154.5540452523272,-41.015807782585455,239.42611658057788,474.87356156582666,10.513805167370345
3029,156.00499806299334,-41.66180924507167,982.5327906799129,475.01600303537555,2.3044459142745812
3030,157.49952809943028,-42.308418918147815,1734.7211285050423,474.80561306622957,0.6276800040256549
3031,157.81243867325054,-42.441715660538215,1890.5474618973833,474.88040344695935,4.900612299305903
3032,154.18545421779612,-40.85176795852781,49.55283838800473,476.26361292544357,1.0143795913726927
3033,154.29516523274782,-40.89985800243036,105.89881023914967,475.4203324510348,2.227287978706639
3037,156.438388922263,-41.85326571996155,1202.608111612426,476.0003294507281,3.7504657043482803
3040,157.11068703437886,-42.14488199102738,1541.1130771377736,476.34903367515574,65.46998494014277
3046,154.8613272714424,-41.15890569877351,399.204336553423,477.34388506760655,2.279975127544512
3048,155.83861442241587,-41.593034696866994,899.1799954350873,477.2367438355443,5.3225798658103605
3049,155.88475055504912,-41.61278913898432,922.4926681828581,476.9556361696787,333.0795580559042
3052,156.6763091411237,-41.96045610989863,1323.6895397059357,477.9313562297651,1.4413531719917019
3053,156.98677942878007,-42.09420866417969,1479.6884195152384,477.7024195033213,0.5397604844149148
3054,154.5397774844937,-41.01746399913768,234.3981428801286,478.9498900507421,0.23889471651944766
3055,155.19095666483045,-41.31006562626567,569.5563396331271,479.25257343721216,1.882605419150233
3060,156.04857445095715,-41.69095585721776,1007.4437528565271,480.0868624253841,2.601298781247489
3062,157.16698203889015,-42.17667838852387,1571.3671469941537,480.2089676382776,50.00927393745598
3063,157.99652716176328,-42.53048346044996,1984.7599085306863,480.38110558532804,1.0346852758515197
3064,158.03504343488837,-42.545126222662084,2003.417523336275,479.5505927016509,4.016064037729558
3065,156.09714069539754,-41.71386139271064,1032.531900873578,480.90186642091305,21.841000435475756
3067,156.8109788075557,-42.02621364046886,1393.5081719447069,481.708385582923,0.8149888081332247
3068,158.10201689918728,-42.576971008327206,2037.5223221123742,481.37010019009284,22.263431940152813
3069,154.18628162896087,-40.86219017707968,52.91039018544021,481.31912862245343,1.5100411520728703
3070,154.48988525517345,-41.00150841914066,210.53073893403018,482.2546541567134,5.136866796637275
3071,154.76767952554206,-41.1257009874349,353.536149390251,481.79433916610645,2.788147845746109
3072,155.0652996554847,-41.25902256916379,506.53964888626825,481.79100405674757,0.5068528782673374
3073,155.39243565895046,-41.404226142353245,673.9866609587046,481.536159335265,1.0983367324509805
3074,155.77752482613568,-41.576516832250014,870.9992239791706,482.4958270533154,3.2253246628053804
3075,157.00661814559123,-42.110760531699164,1491.8116124460134,481.7632385732294,41.79448302871229
3077,155.20725449914036,-41.3250832602139,580.1127987658492,483.1663108056429,0.9639842296372938
3078,156.77737119876537,-42.0132005471724,1377.018152617827,482.4809652058156,2.1970953527841535
3079,158.01141875790137,-42.54071742185424,1993.1766984895748,482.38624257353297,34.44009489731022
3080,158.06057399755426,-42.56356820881588,2018.0761302406415,483.4496882969945,15.438975604990876
3081,155.63116044615958,-41.515177532758926,797.347135546024,484.1527432169073,11.914211734893147
3083,156.62163835250166,-41.94941616280557,1299.6064961304662,484.3547361816693,2.2208234583594963
3086,155.22031877812307,-41.33480654293719,587.9151574034807,485.13619816726526,0.45078716406627634
3087,155.4766602373044,-41.445477153227635,718.1289137264476,483.49573573444826,2.5587494669778956
3088,156.33125330835088,-41.824208330764634,1153.3113516143244,484.93654296762566,0.5570936331938963
3089,156.70960011244887,-41.987715961708425,1343.9612625400034,484.43637723186583,180.0986114538016
3092,154.20429561705637,-40.87848507899616,64.61040829313791,485.4040153246744,1.9398554822879586
3095,156.16651678543792,-41.75431838982942,1070.4967475943388,485.9993423598194,5.947358013294648
3096,156.1960806604282,-41.76707382093321,1085.4247213208748,485.90813284205126,22.238975008624802
3097,156.4689681382138,-41.88634669524981,1223.4886047989758,486.01452386407243,1.0012552361641063
3099,157.88638644048353,-42.49352131696376,1932.6750921599357,485.2868297514802,-0.14283943457400222
3101,154.83919804222262,-41.16854603202706,393.4304567874968,487.20871444976916,68.87148962599387
3102,154.88239509852826,-41.18713601026284,415.4245194312737,486.81544508603196,0.6562915832571522
3103,156.14513810603495,-41.745994369331136,1059.9493434890921,486.52297487169335,25.878555523100363
3109,157.7465021666527,-42.43679388560518,1863.8849331977085,486.6107563898631,1.7907558845536142
3110,154.59966052492814,-41.06192758233427,270.34478966717995,487.74872313144033,10.744521362792975
3112,155.3687635014657,-41.40619336912686,665.4125495130663,487.8385992942751,26.92484362577869
3114,156.99705891894254,-42.11928357366595,1490.4387479373584,488.17707637252505,490.4684475696377
3115,157.3214168185739,-42.25799440526658,1652.6793619201237,487.8696422582027,2.213909302879656
3120,155.40995827928916,-41.427668082995424,687.3735349007407,489.4456028379532,0.8956040592211691
3121,155.45718405238188,-41.448626265794054,711.5064772000342,489.44826950834073,3.323586659389624
3122,156.03391442005616,-41.703035093269925,1005.1506613942261,489.45223230095576,5.357801233279254
3124,157.5522450333372,-42.358659186835126,1768.4069910004534,488.90917478161776,0.9077826396353007
3126,155.26482563984442,-41.36478450360466,613.5927990481911,490.2648944754602,0.03165254946053421
3128,156.5813122649086,-41.9430697178373,1282.333949036369,490.0096441571258,2.3539021278992243
3129,156.6786913883234,-41.985066588358286,1331.3321619039057,489.8827438292095,13.021748046853956
3131,157.4848587552206,-42.33263723949803,1735.5435930851452,490.29247421231327,37.23233892263333
3133,157.71994963051418,-42.4320671283939,1852.4213921184103,489.94259312929455,0.7998185110412388
3134,157.9882354647767,-42.545814213961606,1985.6066068903783,489.96552837872997,51.532577881786786
3136,156.10196017570584,-41.73583023226498,1040.4880630913365,490.9499450914055,12.768946818277955
3140,154.13477122004403,-40.858846984808025,32.060679938272855,491.40864937209335,1.1993386591513708
3141,154.30471897869208,-40.936737282200525,120.30589635775335,491.8051218662099,97.9767244796838
3142,154.35293274337863,-40.95889857442461,145.34213697732167,491.971817147179,12.06657712124595
3146,155.83469698051977,-41.62066167401259,905.39275608433,492.078413406678,0.9863982821998529
3147,156.3242123582637,-41.83527494067908,1153.6511816518425,492.0957748322018,0.5899088345559899
3148,157.14086775720475,-42.188127722862035,1564.4014986522302,491.7146537371495,0.5865517651474491
3149,157.17843861458144,-42.20570443032598,1583.5986356438366,492.44580318587833,4.222480437272481
3150,157.19942853190133,-42.214128494724896,1593.9450990318858,492.1484478279972,14.028391496805266
3151,157.53240779629243,-42.35674239090704,1760.265875772092,492.23299088709194,14.460610551578787
3153,156.2001263304847,-41.78285974861287,1091.3540604720542,493.0026336001215,2.837909953382456
3156,155.1237671610301,-41.30934565925536,543.4339292802608,494.0099812413673,38.53711443444021
3157,155.8480512432482,-41.63091634991136,913.4064419276439,494.29037163697717,0.9477134310484153
3158,156.04392302960835,-41.71694202186873,1012.8745535752455,494.2666449620376,1.4447842180607373
3159,156.3327918668029,-41.84351439950102,1159.2295139786856,494.37237737865905,3.0268638794062825
3160,156.4008923657976,-41.87360557659383,1193.7566179456603,494.5754274538602,3.7313388908080785
3161,156.43518434662792,-41.886616896013464,1210.547128143945,493.6005655613868,3.0188914703429077
3164,157.93407286849592,-42.53186957127521,1961.1190528451714,494.5249700310077,12.923103051035127
3166,154.46415935239085,-41.01525081820269,204.58301204349186,495.0257953350371,0.9905787363180687
3172,154.85541739010532,-41.192387467424716,406.5235255462651,495.56094450299594,1.8551400551146342
3173,155.08613065670184,-41.29699449567492,525.4011436367219,496.2539748350266,454.3390079247586
3175,156.44906821967365,-41.89819421662395,1219.0788372177485,496.40296082525555,2.8897111988353457
3178,157.49371602435892,-42.34819007690332,1743.1029584485104,496.2737273232905,2.280006919330721
3179,157.65325256400286,-42.41539998333394,1822.3514298221007,495.8853094826191,1.706190649977341
3180,157.9433000184159,-42.53933917014403,1966.6331409888626,496.338936632562,1.6221799597091973
3182,154.80373618959658,-41.171611147875495,380.6314342679503,496.7751138932222,3.288461094841506
3184,157.4121003074899,-42.31426949091193,1702.6465344612302,496.74825659488255,0.6065665822843918
3186,154.68555939739403,-41.12165721169308,320.69426596278703,498.3594473388203,1.2452352218577507
3187,156.24397008217912,-41.81237879166841,1116.4127844858044,498.2426767932933,0.5308770478748254
3188,157.12081769735707,-42.192166484491175,1557.774898519115,498.1370198677754,3.4144625767978547
3189,157.4305473671022,-42.32507041143651,1712.6309826986103,498.2305657348703,15.963014339263761
3190,157.60500600931485,-42.39767058906523,1799.0866098126485,497.31097643438926,0.5536232563246939
3192,154.7562642151515,-41.15463628432299,357.44801857226184,498.96289831874844,0.940677279347467
3196,154.1015374949825,-40.861191232043346,19.926207399235686,500.18616991849035,3.1798760033053273
3197,154.13214207882984,-40.875477199722354,35.89974666095253,500.3756387820725,2.2388944913844755
3198,154.17366123422255,-40.8927020761133,56.93640435198241,499.5543198004172,25.545552373231942
3199,154.7105202427206,-41.13661797331056,334.62614402847686,500.24214503636364,1.488892567753291
3202,155.1799721471054,-41.34749465709891,575.9614564108529,500.61202607755786,4.248599788007194
3207,155.53233528627052,-41.50446453893188,756.2294566079768,500.8309351373288,2.4732028509007837
3208,155.6522972488631,-41.557971188226006,817.5197343173452,501.05687697929363,4.0027827706662364
3209,156.89512011929406,-42.100954069184404,1446.2271657557278,501.17723832615883,3.3556528688768714
3212,157.945403709166,-42.54820410374409,1969.7768215529431,500.39597582305083,1.1939759265235521
3216,155.5998907847815,-41.53667124361721,791.3344580569955,501.99908758012407,6.735327928516985
3217,155.8552448622078,-41.64824126000364,921.0193185415145,501.448970208523,1.422703588598188
3218,155.96909409585098,-41.69837497753547,978.8732484796777,501.48825518919296,0.39870213659600257
3220,156.6177833002771,-41.98416793786713,1307.6315868287147,502.8134292053858,1.2647180977112087
3221,157.37805104700593,-42.309250658217806,1688.207025107589,501.5924676929193,5.542241511342662
3222,157.46232747643424,-42.34694067079991,1730.6984608291118,502.44531753417044,1645.9907431507502
3224,156.20259791046124,-41.804998053580725,1098.4337396175051,503.6603497615077,43.748765990342406
3225,156.29933454889562,-41.84607375655041,1147.0475378822941,503.0599162213507,-0.22293925025167777
3226,157.0700342542712,-42.18081216113532,1535.1686969487403,503.45538834113364,1.6318303360101096
3227,158.0573571123079,-42.60124909634771,2026.7337897950854,503.31689895984977,137.90489973636224
3229,155.88858743136362,-41.66764402047108,939.2850691523142,503.8416873598792,31.942303648730668
3230,156.70015768662765,-42.02135714119271,1349.5092150422345,503.56221044023,3607.544950008069
3231,156.95067545252337,-42.130697607734454,1475.6776462123642,504.1080982052111,0.8244453694309564
3233,155.8715308733449,-41.6632611142161,931.4895526089432,505.4194991881211,4.231865741929186
3234,156.25987268544628,-41.83179913482774,1127.9061134690126,504.5562683937259,1.9656247297799965
3235,156.41604944652295,-41.9000544231041,1206.8737445218883,504.6261632682485,0.5971336764928565
3237,157.4718243265461,-42.35500307132939,1736.5037763225398,504.4814061225995,10.370329890132965
3240,155.21213722536538,-41.37227689899699,595.4045707444897,505.88578451032714,0.999086061657975
3241,157.4187725687354,-42.33482377302609,1710.7114311092894,505.7398903858106,0.35374147810498313
3242,154.43365422589972,-41.0265279896706,196.0845802330293,507.6423729978616,2.108399266370144
3243,154.58649371560801,-41.09505163696404,274.8250001290436,507.42306874196487,0.5495311108486355
3247,154.6943635565875,-41.145303267956955,330.89563428525923,508.27877482994853,0.406450424760488
3249,155.34864093141317,-41.43765872218233,666.5597735011183,508.23797649019184,224.633081040751
3252,156.05045142853626,-41.74745838913027,1023.8710457833809,508.256013443187,0.6891285184615995
3253,157.01061162303213,-42.164906463071915,1508.0051715230745,508.3608457256329,0.6736764582268967
3256,157.94289144164298,-42.56194675580969,1972.4316461463443,507.92734521782074,6.685313016989906
3258,155.10183487569495,-41.32864598934034,540.4745529205791,508.6846137524036,2.7148035428074246
3260,156.85354220062496,-42.097994336294555,1429.4216790287003,508.7794474667225,352.05247814137834
3262,157.4019129205401,-42.334393826105135,1704.1138831193164,509.18076545559893,0.2975876140939184
3263,157.49081823572396,-42.37228499670463,1748.420386261382,509.14271990989806,0.6362655377300577
3267,154.143914695492,-40.89975697309508,47.52330867707643,509.8988774409229,2.1974225997136525
3268,154.9972025152073,-41.28463382453913,487.5882982706128,510.06128567770503,1.6446752070461432
3269,155.85644262565825,-41.66647706193146,926.5745802878943,510.4021481007308,10.547362094064756
3270,156.43507369387413,-41.91916271813587,1219.4549160752329,510.10804620409414,29.12677887800258
3273,154.98594388985552,-41.281432846969,482.33414251720563,510.98603977544656,7.10300172348162
3274,155.14334705289133,-41.3529125669805,563.3839233668189,511.58401156103616,2.9286682047565007
3275,155.28552937858908,-41.41593630262993,636.0825802858994,511.4339791112474,0.627957293482208
3277,157.68552725430078,-42.45894372148762,1846.3202658763537,511.04194412583985,1.7454080785383557
3278,154.07634919007154,-40.87329805363302,13.750405971647723,512.0354936249822,1.5960286171507079
3279,154.82555066253178,-41.21192573294393,400.61064844375977,512.1618569474257,14.049352508744
3280,154.9679374764228,-41.27649865830356,473.9836060748164,512.5594157911883,0.4791587885342461
3283,157.03952839786888,-42.18472805148841,1524.4910032600296,512.1013178039665,0.03709350138387757
3284,157.15716273648323,-42.23531669524391,1583.3918705842204,512.111771462716,1.0410906982860124
3285,155.30014082734579,-41.42471664043363,644.2024112895533,512.5860521585043,10.439009162339085
3287,155.68249831608077,-41.59505217710707,839.5669387494177,513.0540205958147,84.4427936668413
3288,156.51334002203993,-41.959398410744846,1260.6368046381845,513.2432151747232,1.9608862820714512
3290,157.54913518273895,-42.405328871003135,1779.6480568077868,513.2964405872632,2.1603852646947694
3291,158.07026760027065,-42.62429789370935,2037.7410999596218,512.2731678834307,1.365420360165146
3292,154.17748496293305,-40.92326786732068,67.32058406504798,514.0581161815433,1.2688241365883957
3293,154.30345998229657,-40.98086373315838,132.64356626211202,514.3004046596375,1.2621489007876296
3295,156.13245720505586,-41.7939461604277,1068.358057273017,513.5972172251228,6.662473888832929
3296,156.40656072484487,-41.914989706371564,1207.3298563446215,514.281951342217,11.504952791674954
3299,154.54118300511533,-41.089361611030554,255.714397025971,514.8429562090645,-0.0062833738643719925
3301,155.6695465127119,-41.59333715423789,834.0959328605873,515.0770082451431,4.544369246853347
3302,156.26400140527633,-41.85343190428565,1135.4727624820869,514.5933699099845,0.7127142861644061
3303,154.63447368922868,-41.13358139176183,304.4328435778234,515.9472468705766,23.09041209783079
3304,154.86534320322147,-41.23830620466688,423.51132005546975,516.4656273662857,2.6450518444446773
3305,154.99794294129416,-41.296879898802274,491.37112992742334,516.0697751479717,0.24520974216892816
3311,157.88995506425212,-42.55542849725693,1950.3814432680983,516.0057024661654,4.678963084099703
3312,157.97652335721781,-42.59181171578993,1993.2100863864473,515.8856299743633,0.6369068780315192
3313,154.51022179373865,-41.07995009254723,241.06058533999246,517.1352998463352,-0.2330221269988976
3314,154.5962934392153,-41.11860289714838,285.3978554838329,517.0617678492796,103.48175707517196
3315,155.81557063101215,-41.66152424667893,909.4464375861816,516.9941507600164,6.485785887127552
3316,156.11248714680957,-41.79121982795118,1059.9119729786064,516.6418649466609,-0.09037117094099122
3317,157.1742372824795,-42.25227971491222,1594.5277630361002,517.0003057466284,47.27771384293431
3318,157.72620311424004,-42.488272674801756,1869.7269546468501,517.1650981191088,2.0278038384332127
3321,154.7466583734163,-41.18830316085467,363.42025039775245,518.1030820831616,4.660114708830422
3323,156.42205242020933,-41.92993711441667,1217.4052975963427,518.4348630963244,3.99210033938564
3324,156.5266291116129,-41.975614437524285,1270.199893669544,518.5316667234993,0.884561967039845
3325,157.13689254425805,-42.2385576658101,1576.4702552863096,518.1739725748024,1.3511688073663604
3326,157.42697191038195,-42.3632375988513,1721.4620121296593,518.3917363434259,2.1651589151465265
3328,154.1335588386909,-40.91309427708409,47.4222009436656,518.9734653635148,6.421947135849379
3329,156.00628001261927,-41.749718074100244,1007.4873147404184,519.1992151463522,0.2398669999479945
3331,157.55703984972084,-42.41967621048108,1786.5078224209753,518.8744188164308,4.525092915496762
3332,157.5961058346432,-42.437019048070795,1806.1349864328579,519.2321295587537,1.3061463198477208
3333,157.98405521033155,-42.601516224845916,1998.654937158602,519.2030328815437,5.878235055272449
3334,154.07456148089048,-40.88791466699602,17.331879152271053,519.7949161779607,1.3764266064448505
3338,156.67029527153574,-42.04115914968166,1343.4236557090562,520.1545808797224,1.3992718680982725
3339,154.19841732208826,-40.94557401174483,81.8883978960359,520.5008325616614,0.6764874232325078
3340,154.20983706581362,-40.95215623351131,88.20667966067809,521.2060163589681,3.335938024036562
3341,155.60610396950858,-41.576311802059124,804.8745087993315,520.6370572169174,26.302916083355505
3346,156.0712574513059,-41.78344002109752,1041.877945170321,521.8435524078285,0.7903827644486767
3349,157.4481318041391,-42.38024397046707,1734.1392728698672,522.4395189037452,1.5149720974479857
3351,157.8975960313055,-42.569941021781744,1957.1430847202048,521.7412023742459,-0.09556868609121916
3353,154.44052198110992,-41.05883530082485,208.088625243938,522.3451717565682,0.6406719304050121
3354,154.92061419947186,-41.275859899166406,455.56349544993515,522.9154754572893,4.321297534892831
3355,156.01649752145636,-41.76308828420331,1015.1398273939006,523.6939991871202,0.8365094173411243
3356,157.63889483637095,-42.46368875385709,1829.6641897316024,523.5310223628042,0.8980910921095104
3358,155.87526068672068,-41.70251477873861,943.8842934824016,524.4354691633907,1.1141725721786708
3359,156.86740533679668,-42.13410199619516,1444.5661849924204,524.0519370741206,71.69698721760948
3360,157.43407300831666,-42.376648205709444,1727.7759646220884,523.6621390648477,1.8058309341924788
3362,154.25769399833683,-40.98258206735625,115.50425284251607,525.597317902028,17.295885263608977
3363,154.60693908741442,-41.13921835559817,295.44642948753767,525.0302255152761,0.9558775327985741
3364,154.87914053000293,-41.261364302088836,435.43376954137193,524.9717947863063,20.68051573467037
3365,155.18481828089548,-41.39847550029653,592.3207084896544,525.245049924201,47.341363368372406
3366,155.5317278157518,-41.55200261219002,769.3866071671961,524.9769659046137,6.332833722090868
3367,155.8604692739067,-41.69716462621654,936.6952731223678,525.0201403309832,1.1490634476083588
3369,157.303686812315,-42.32374070950674,1663.5005591303925,525.1061253112413,61.3987202769347
3370,157.56921930757954,-42.43815891562371,1796.108943165578,525.6285219738829,9.304076493121414
3372,154.30671264906374,-41.00607576826828,141.22219488934886,526.2464191536661,0.5984108209650969
3374,155.54857811932874,-41.561928788946695,778.6714901226096,526.2236064746694,3.709020850772615
3376,156.0936608690432,-41.801692637400926,1055.5691292343392,526.1112383581669,33.46260810779694
3377,156.26955345686633,-41.878116004620274,1144.4277757682362,525.8597659310504,-0.014202921910764544
3380,154.09001116315633,-40.90916629178394,29.49336098933166,526.9496348372671,262.7327357018225
3381,154.96855285194653,-41.30509008663901,482.3917712638259,526.8366510514378,0.4318521297544884
3382,155.02082536226393,-41.3290065870878,509.35974010257115,527.1124232349357,0.3039353836922933
3383,156.21977572789402,-41.85865199458213,1119.8905636484944,527.0129093036784,3.692866942456154
3385,156.6370903995518,-42.04037837734681,1330.4355059256077,527.051680320446,3.60013757359892
3387,157.2216180434082,-42.29321163619907,1623.757950515736,527.457757446296,1.7649480572851914
3388,157.48418274521362,-42.40470255674416,1754.5224140649323,527.0473994463143,0.8212385427142613
3389,157.70733000572187,-42.50025506931945,1865.6544074398423,527.3300256269898,9.841264585459138
3390,154.36539664109458,-41.03661526308123,172.6997581046767,528.2515168862537,10.06425481807528
3392,155.60248030738308,-41.58870310560537,806.9622955929713,527.7054958676513,8.700554222719086
3393,155.778782110101,-41.667322933214855,896.9009057154269,528.115415184571,1.3195760331016169
3396,156.79321178595058,-42.11073740725517,1409.6784456474063,528.4554093110092,1.865388516198942
3397,157.09477612016784,-42.24061008155536,1560.8311832713516,528.3968835873204,88.94391229182011
3398,157.67326570028453,-42.49023081621223,1849.9135279565046,529.5919106448325,2.159331916679739
3399,154.14750895270416,-40.93900894849689,60.35710774798432,528.821012843985,3.0475006249730385
3400,154.40699679654858,-41.056634188148344,194.53251931024957,528.8615326636893,6.671787430478142
3402,154.71126090516327,-41.19406749095718,351.4375591859586,529.0201406873887,27.54387593301164
3406,156.61163598149147,-42.03303123260831,1318.6344035271247,528.9219866495325,1.6704529721295236
3407,155.78824883140084,-41.67460825204134,902.5840813973207,529.6894640339433,18.41266669480016
3408,156.3837659309117,-41.936515669913206,1204.4813095626303,530.2080485547133,7.040329397142537
3409,156.89309628682693,-42.155740033208055,1460.3212773368068,529.4011385815479,1.6862435125386175
3411,154.45284689478504,-41.081916855176786,219.51998147180834,531.1626093040353,12.600392812079038
3414,155.93520136991586,-41.74291255964161,978.2270180784553,531.5383822873914,2.6736442046434528
3416,157.04343486408553,-42.22394145551929,1536.5931277209152,531.1406539527334,0.2700927187488229
3418,157.3139414798541,-42.34029570181667,1671.8818600481504,531.2818521420658,1.8498256250735576
3421,154.42611092688475,-41.072694972375956,206.5496380117705,532.5986316998346,468.36044417573
3424,155.91139506952265,-41.733044480742485,966.3125333573763,531.8379233940143,0.2894941140874594
3425,156.6733543040832,-42.066037128201486,1351.394945094356,532.0888383604636,5.910480662280887
3427,158.0209695607952,-42.642125431658805,2023.4982493053596,531.9290282437827,19.92106279647214
3429,154.32585437419493,-41.0275723773357,154.84055840987884,532.7034075003273,2.246654021175138
3430,154.9926692848315,-41.32863312906394,498.4071097529265,533.269481033721,0.5816329455860846
3432,156.43140645679537,-41.96336994297312,1230.1978609145467,533.3016687161505,-0.13748400274970202
3433,156.63894307597707,-42.05105188309783,1334.0658167447402,532.0523959152771,0.708675978992437
3434,156.7169087531433,-42.08674462859484,1373.7967181763004,533.0240804046415,0.7319882754287986
3435,156.7429402593723,-42.09697015107637,1386.5954967269772,532.4968942785745,3.998079865754047
3438,154.56397567768948,-41.13880200201193,278.77369879656266,534.5662356436733,302.6459572380467
3440,154.9285213207357,-41.302976823767054,466.36696202277585,534.8009668907732,12.250138197925013
3442,156.2484224776566,-41.88807668109883,1139.0474391871137,535.5701406788037,0.43640549021713465
3443,156.79883108367505,-42.12482090765563,1415.6721148066595,534.3627847495678,22.241230273312123
3447,155.00682304923922,-41.341068029654686,507.40867293026815,536.3492851579446,3.843371215955082
3449,156.78647374179718,-42.12341602548254,1410.5383802422084,536.3580157625933,1.3029764983075562
3450,157.04691061701678,-42.23585695314917,1541.149069353348,536.4261409489876,1.344153096971109
3452,154.6423513714304,-41.178202463862085,320.32529831510607,536.636840217642,2.119390774966217
3457,157.68015770902974,-42.508175998264484,1857.3217354602396,537.2226378959537,0.058125915385437786
3459,154.6826091159649,-41.198723693287604,341.740032548335,537.8533260493423,3.9754703288582
3460,154.9899135319235,-41.337998013805986,500.0199963907875,538.6121451199074,21.84103257690897
3462,155.48323019964315,-41.555994099646846,751.8359758200177,537.8369525397952,2.1762077632938985
3463,155.93049055585385,-41.75288352532095,979.1921320761909,537.6257649479649,2.627872837919874
3464,156.46982643314325,-41.9903809283807,1252.3979004763473,538.5151444147008,1.842442878034349
3476,157.96792455691613,-42.63566874573452,2001.4473695280813,540.0413625710626,4.586237509262238
3477,154.76634908686523,-41.24282570399186,386.66942192073907,541.1195705316524,0.9296416354017822
3478,155.0117012155748,-41.353300979510706,512.7787665548525,541.4178977706596,3.0678816701996907
3479,155.3342996227279,-41.49571110098947,677.4670304613558,540.7550963811518,14.627464874412894
3480,155.6540514209064,-41.63726849948888,840.4596936617085,540.7279800794446,29.63380271068152
3482,155.81107825441498,-41.7069950619204,920.4282387877702,540.9759335728526,4.6956732009971125
3484,155.85272477854102,-41.72471920990404,941.4076660425311,540.6704082218554,3.9169728480474406
3485,156.50647866670877,-42.01164384838091,1272.329736483525,541.213900863789,70.51923005348698
3490,156.48786094786345,-42.00522025184833,1263.4075057504394,542.0587006586967,12.689052929426685
3493,156.37715127379326,-41.959852015478916,1208.3606298787472,543.480327847881,24.28784942197691
3494,156.54304545019332,-42.03091661595236,1291.675289219558,542.9296479700047,5.7147257730345995
3495,157.0964748788049,-42.270406301931665,1569.5241225025895,543.1420771696697,0.3666193519695769
3499,157.88825986315132,-42.60793031900868,1963.5764176333932,543.0681099354822,11.923654815361333
3500,154.4730076311609,-41.11677157480191,237.3709584744113,544.1268175654264,7.42075061388887
3501,155.24645659902828,-41.46378363852801,634.6012498550963,544.3491517569335,23.024864632504276
3502,156.06560087209948,-41.824091661575174,1050.9871950943652,543.658282238305,0.1630080396148706
3503,157.50249930659524,-42.44646819023786,1772.699012669881,544.2920980281224,8.946718847561002
3504,158.0102061768475,-42.66024007925376,2024.1272397990547,543.45482928989,1.7771190582322667
3506,154.28258317124994,-41.03227910638247,139.540757424965,544.9276492717951,0.9206258855103995
3507,154.98206881659243,-41.34716451358157,499.6170062681253,545.001421223978,0.7780901539231867
3508,155.07118819486595,-41.38759840582167,545.4639468479538,545.3160621325824,1.1898763391254281
3509,155.5546304653306,-41.601004548204955,792.0001268571473,544.6049012541575,17.17951779244917
3511,156.40979936255215,-41.97699774007119,1225.6340844921765,544.9627752351109,82.10119766392042
3512,156.83572024478974,-42.16119813073711,1439.7461798513264,544.7233452150988,4.846353823794095
3513,156.98208705581374,-42.22527018644313,1513.3741504383008,545.2065594306132,9.689723678712134
3514,157.8357765449182,-42.59030923780334,1938.789328031241,545.407766474472,2.548381765409829
3516,156.87989775911302,-42.18424113744541,1462.983558304489,546.7376093479761,8.38565377579569
3517,157.1377314707786,-42.294130197654155,1591.771224645286,546.1872676517171,79.3691736232958
3518,154.0639429149429,-40.93680652946016,27.5253785441862,546.8060325677086,2.5396867333387116
3520,155.1473589563645,-41.4249304860053,585.4158246949221,547.0099041028553,4.955693899874083
3521,156.42723514339463,-41.988502875894554,1235.502307070798,546.9453181032828,1.6740743885015292
3523,157.51254419245407,-42.45570878731633,1779.0191996773442,546.8102109272053,0.7348475161084606
3524,154.138004445975,-40.9726238634164,66.4991027813187,547.8963017032607,0.7203972585312446
3525,154.693841588105,-41.223847705218,353.294385002483,547.9649964630702,0.04759644546840419
3526,155.11485357177034,-41.41253303813111,569.3753116435659,548.066156390087,8.035537117912327
3527,155.73112078900309,-41.685763129868725,883.7175407700563,548.0478832017493,2.218484930101872
3534,154.37602925283613,-41.084268701168654,190.61500427318913,549.813256962462,1.5155250869979622
3535,154.66725531721517,-41.21302968286735,339.9449148794989,548.5359237580578,0.8374423621778687
3536,154.7925221717483,-41.270700276284984,404.74915418172736,549.2460437920055,0.3135373023641242
3537,155.2197223125182,-41.46044601476074,623.3626482862095,548.6670644110469,2.7959948822467644
3540,157.32166238158473,-42.379480086777775,1685.3531257798857,549.495123803808,1.2687595683631383
3541,157.692323372886,-42.53652502956864,1869.5105557755633,549.0015463183911,0.6046245297493609
3542,157.8129510825419,-42.588147586041615,1929.4606336102852,549.2253602731914,50.24839801140061
3544,154.47431430598346,-41.12957576027172,241.57767490919642,550.2751226994263,4.023783108190784
3545,155.35765583717276,-41.52380786582493,694.4075332569223,549.7002160827486,16.636670084204958
3547,156.59321413037867,-42.06653519958487,1320.7165024238438,549.9412974511002,2.854322813267242
3548,157.352454976054,-42.393331921245185,1700.888185305628,549.8412074886621,0.3238667251781744
3549,154.81978781461953,-41.28704749721479,419.93523184480125,551.3212821431629,0.07674855307977642
3551,156.23597700011928,-41.912889943071356,1141.115725404017,550.8758292664905,0.9931608074540084
3552,156.63107622094748,-42.084957860957445,1340.3084232290241,550.9564353239025,2.534238445594585
3553,156.71711734014937,-42.121132970995475,1383.2547079759397,550.4032601891587,2.165623418770941
3555,154.88537982088422,-41.31834225326344,454.15173649565617,552.2802420004084,0.9206748075232405
3556,155.2532153043722,-41.48111729722281,642.1192810029894,551.5772882429678,3.0879364746631706
3558,157.27698819985744,-42.36538946393508,1664.4192685368596,552.0480963898541,29.173414551126392
3560,158.02505899442266,-42.68262496112632,2035.7026433524115,551.6512962489638,0.347290686473686
3561,154.30049661559016,-41.05538819057101,153.15243490466403,552.4732441124968,38.10270737111335
3562,154.61454682317876,-41.19841389860496,315.44225895355237,553.1162121465183,1.5739175541209176
3564,156.82315239427288,-42.171579956399285,1437.7382485127207,552.7363459804851,2.3470933660133113
3566,156.97492403802417,-42.238533660056895,1514.212094766866,553.4961748205461,3.4562672180779535
3567,157.19367902871826,-42.331924064816704,1623.4358065314166,553.1817433588798,16.298275171805344
3568,158.00619154534664,-42.67751539416232,2027.1256746172594,553.1032738958093,-0.22263106191404416
3573,156.9166066831718,-42.2151816651655,1485.4822213084183,554.3966120230366,21.73397171408048
3574,154.18291624899646,-41.00794296700823,94.08492575364768,555.4078599751854,34.137837320646035
3575,154.68055244465634,-41.2332013426637,350.86934120743973,555.684370815014,0.07214397261517798
3577,155.36111471393784,-41.53496440398869,698.8939107388506,554.5555297900183,1.7280769065741746
3579,155.9498283664198,-41.796707643733725,998.8388309891459,555.4871222861894,0.31600742817166355
3581,157.49369200314783,-42.464643734923165,1774.1648681048225,555.4294001596895,1.2304838715537731
3582,154.62647661127284,-41.20931570055117,323.17626816376054,555.9025514842518,-0.07633779207233188
3585,156.03721060087298,-41.83581280266332,1043.3215293289004,555.8772880402533,10.454857774139978
3586,156.17563631348673,-41.89776749188511,1113.7305220420549,556.564049452556,0.7578495160665021
3587,156.45356707305473,-42.01828635174019,1253.809273792807,556.224014108765,1.9386495313770287
3589,154.16649707872878,-41.004058732796715,86.6325907732664,557.2004746054197,0.9832223592905868
3590,155.34193490309323,-41.53152242466276,690.5397912738952,557.1155882546481,8.98355552061329
3591,155.47536504860662,-41.590899416648014,758.6503651491834,557.2178192707814,6.100688018347423
3593,155.56397136565465,-41.63000015580373,803.7524407648441,557.1602627332861,143.4495812034365
3594,157.1460120342187,-42.320034141073336,1601.9303424306145,557.5249992418417,11.567659276210938
3598,154.04410605011986,-40.949868031336756,23.704690920963586,557.9065682522851,1.8929351114329738
3599,154.21880928695572,-41.029372367465996,114.14133396090295,557.9996320940031,2.207470611891125
3601,155.81760017588113,-41.742475645585266,932.8530836345305,557.4549169106202,6.846760559804306
3603,154.39871106506115,-41.11170781042456,207.29993276834432,558.4625911808253,4.854404093299303
3605,157.4791428511594,-42.466734102219796,1769.138670493006,559.641298500735,1.1394759884994572
3607,154.20481748679035,-41.02687851115387,108.02966398636067,559.9355484233016,0.20563349390867378
3611,156.2744249282154,-41.94849458929207,1165.7306276512602,560.3984555525667,4.185183699963986
3612,157.02999724471638,-42.27511204796896,1545.2585308221758,560.0245812795958,0.22929735429980327
3613,157.20870386571576,-42.35241392602843,1634.7153500628035,560.3090371144777,10.981542089797433
3616,155.40473513272912,-41.56735640094503,724.8324667750209,561.1352951093129,4.245886783158673
3618,155.8511417664676,-41.76424705584552,951.8339150159169,560.9992868928651,1.3066624659737287
3619,156.2189544844901,-41.92579538654318,1138.1368721928873,561.1664660018797,1.7205889645700665
3621,157.45367788215992,-42.45858649503053,1757.191918908204,561.0199465207697,1.0238028768692804
3622,154.7271394592135,-41.26706748410198,378.53859483972576,562.1992894885644,1.7763035316380889
3623,155.23082307001664,-41.49146582312811,636.4376606482615,561.8228690160144,105.60448840147058
3624,155.67794975675727,-41.690246703902865,864.5184477302845,562.1595637910992,6.080718298506101
3625,155.71063964038407,-41.70520513432545,881.2846561039602,562.4316601948067,2.3594350942086018
3632,156.4674563904636,-42.037981288036384,1264.5552994339978,563.1371437184387,2.57635334622445
3633,156.88151607744567,-42.21725526839521,1472.5652117709592,563.11851744443,26.293072699660385
3634,154.5267522556428,-41.1803972278102,276.45124728699886,563.9530346017876,4.82855699204126
3638,154.14264563501507,-41.009211138067435,78.95401008650572,565.2338681899712,0.4908696623497477
3639,154.26929970840513,-41.06643623196469,144.35401549279248,565.1357100589333,1.6251940651891503
3640,154.69520580565603,-41.25844182206028,363.769834731268,565.0795410092978,0.7168925652925099
3641,154.8032170784427,-41.307197437250345,419.33604064436963,565.2166527337423,2.70404985338978
3642,154.8427318096632,-41.324711944469314,439.5620399899167,565.1166193763524,0.5910236930234234
3643,156.05955403390394,-41.862610692166214,1059.3541381167647,564.4766178966368,3.2012617108250088
3644,157.0146081368736,-42.278371135881756,1540.2297875704655,565.0342917615751,1.1792595353021564
3645,154.1716025862867,-41.02433471564433,94.5053384380308,566.2314201353757,6.612937460661624
3648,156.233656284954,-41.94226395152286,1148.338928013181,566.2495843465758,0.4560497897706911
3649,156.84421203101866,-42.20680249617581,1455.3997721570065,565.9790788070293,24.540390448725613
3652,155.20765264957186,-41.49150536082112,627.5345488763129,567.0435849507313,2.2428588285378406
3653,155.9011523346658,-41.79834498092209,980.5762981047151,567.120915521545,57.670384722388626
3654,154.28130362919472,-41.07809530501481,152.3614803472516,568.2662467979318,1.188972474479355
3656,154.7127009643875,-41.27164099574726,374.29701182372594,567.7687108493707,17.52374881148772
3657,154.76562835953084,-41.29554537489143,401.5290217845872,567.8407894288041,0.05105268925546658
3661,154.0807114643842,-40.98975088183749,49.44302472453597,569.5905623029445,2.4650473332871097
3662,155.6804534787087,-41.7049475663881,869.6034875815391,569.0266186002495,4.338615916980485
3664,156.02018951698022,-41.85487562602762,1042.0727602856705,569.287961719274,0.6442317281902248
3666,156.63185386114483,-42.120728452388214,1350.3824174922963,568.903780241096,41.026326707876635
3667,157.59634902256525,-42.53553514711689,1832.42675802509,569.2265176164905,3.489463161938537
3668,154.96399308234857,-41.38854110724543,504.47797135996507,569.9310471134988,1.8907982290496548
3670,155.39403914402433,-41.58045889531,724.4190868316517,570.1415620665701,22.39847276415658
3671,155.818030123593,-41.76807645680552,940.1707418249255,570.2950044781405,1423.2963548758328
3672,156.36475290802824,-42.007670437176806,1216.7568788180663,570.4161891600424,0.7720543402589735
3676,154.13889471360832,-41.01945531880697,80.49723842553274,571.2403759196001,1.4531718572272423
3677,154.21660180484423,-41.05304898308122,120.18192045570773,570.4099991819174,3.3062247637753455
3679,155.73951103488315,-41.73429711158674,900.53482290066,570.6980168409542,1.5124842922008013
3681,157.35337706887842,-42.43558604258849,1712.5552481754432,571.0883659993438,9.310641114852826
3682,157.69963612057194,-42.582747554235354,1884.5684525367599,570.9088293611643,4.205390907211423
3684,154.18423001505883,-41.04140654751287,104.33696905221149,571.9356999031628,27.558045254418253
3686,154.7278806192805,-41.286764714284644,384.48389659225984,571.9522682406446,10.22903452002089
3687,155.49662596069453,-41.62921122570017,777.6261518028803,571.8049070193509,6.244603239026251
3688,156.11853183141466,-41.903461839746925,1093.3547312404405,572.0762679160384,12.766391224930372
3690,157.8976765109807,-42.66897640363326,1983.2765847724625,572.0781553961694,7.236293990255816
3691,154.54817185417554,-41.20760470683527,292.5485200565976,572.7900131108546,71.90041302548067
3692,154.86846574453466,-41.35221804863373,457.34127303606857,573.1669195031275,27.53792045730508
3693,156.926462089823,-42.25655533254499,1500.4813191881392,573.2164561547704,1.5525133415380887
3698,154.49396037778422,-41.1853879587099,265.2753588779846,573.9058118400229,0.32526271152426833
3700,154.80308985276997,-41.323382810346295,423.92908790828983,573.3988971096041,1.2230746927475793
3702,155.297829464753,-41.545412339831444,677.504428918789,574.0076460180858,0.003050893406993784
3703,155.8967500106806,-41.810831141857314,982.3643225745191,574.4086570229055,4.554508254889607
3704,156.0986505562235,-41.897761794561944,1084.1337980398494,573.5937290705797,4.763327870200053
3706,156.8357995970247,-42.218670166521406,1455.3929820663684,573.8335715443914,1.0585055802667842
3707,156.86984029676023,-42.234182021195856,1472.6750073860233,574.2502846408395,7.091836589054569
3708,157.39182284479386,-42.45825825533687,1733.3708693697656,574.2581662389564,16.148647994173267
3711,155.40544778990548,-41.595043465012935,732.9258655935962,574.9482415228641,1.7407084637217107
3712,155.54889272061277,-41.65704781890297,805.5616079106045,574.1830034764394,95.65919686850924
3715,156.50365418990776,-42.07803688350758,1289.4517990815407,575.4517854504062,1.0211943452998935
3716,156.59694912932508,-42.11848761959624,1336.3626446532357,575.4317825833884,6.568005246553783
3718,155.76604266394895,-41.75729727219534,917.1711318779472,576.4119228085144,23.537487491062233
3720,154.42077540619334,-41.158646432842104,229.3853736995376,577.066639444778,1.2349544592208497
3723,155.0910675887511,-41.459310125389614,573.5380859874897,577.0014175573943,0.2968860351163716
3725,157.0869343166287,-42.333670695374124,1582.9264214983166,577.3081570483664,6.585691099690791
3726,157.11223107826083,-42.344030936696704,1595.4279209313056,577.0523461124915,4.655086881566884
3727,157.35985116911692,-42.449795345424874,1718.842161703543,576.8956232747333,0.5039915659874106
3729,153.97803328350636,-40.95968278255443,1.1495556832732772,577.9472815810838,0.36183074061817594
3731,154.11369319584009,-41.021309407099686,71.3421894507068,577.9240360949309,0.7058387037356906
3734,156.9990174416519,-42.29810211659206,1539.5788980935845,578.4394500596736,4.735506612908423
3735,157.0435973779232,-42.31638375161199,1561.6288870170426,577.9865503057654,1.3614907829642011
3737,157.66419654365282,-42.58054060270116,1870.394836013754,577.4344439207794,2.0087987467482744
3741,154.73544978767276,-41.303554865028005,392.2193436909065,578.6967872884478,12.406454591468412
3742,154.96117985126543,-41.40629558506924,508.4670224483301,579.5126353529896,33.522028407121944
3743,155.11040197200336,-41.4730041280821,584.8710768111528,579.5589451932794,1.9107910454050696
3744,155.9535118500968,-41.84626579352,1014.0502679083901,579.7198490678891,0.23529716390877098
3745,156.07577316370538,-41.89973234830324,1075.8886180249142,579.6543077292029,1.0537597845404056
3747,157.69071241718137,-42.59590211019817,1884.633212191369,579.516695537471,6.703151242009187
3749,157.97346019987208,-42.71438203650663,2024.2663829665987,578.8782676161165,101.46001073534977
3756,156.24677876595717,-41.97582582161131,1162.6505639936856,580.3295572497858,1.363906776811935
3757,157.15099297950204,-42.36664499972608,1616.3936291025805,580.0835929606443,0.65885918352516
3758,157.44274775686102,-42.49254862324259,1762.0650969458823,580.6292841243906,0.7830056183597974
3759,154.17312176283897,-41.053860799260235,103.69082745992533,580.7307281759071,0.5131604034472538
3760,154.2757219727804,-41.100672582264124,156.77378324511756,580.8925186587848,3.664078536978337
3761,154.44920259702798,-41.17855122736661,246.0810118225144,580.6256143332043,1.5000555861192828
3762,154.59774757337178,-41.24563243147021,322.58769849933583,580.6960376584107,1.438796569226495
3765,154.89374512584862,-41.37844635104986,474.5714340224069,580.6793518897291,1.799209811856101
3766,156.19822593587804,-41.955723025866405,1138.443306232006,580.8851417658234,1.9867986851094117
3767,156.56725402158472,-42.11744698095821,1324.6737372473312,581.4264633480927,0.9764446673425249
3769,157.84368211989636,-42.66357660008178,1961.1592202029294,580.9472725631447,1.1927855449882778
3771,155.39256035937768,-41.60358584537834,730.3831623242512,582.1424622300198,1.7808254111098634
3772,156.61172338050181,-42.137939397011884,1347.354467597194,582.0383985779732,2.691922568779154
3773,156.6488109576545,-42.15269634795068,1365.6266403623913,581.373232630685,4.301362328415974
3774,157.3533901594423,-42.4574974289643,1718.4251138936668,582.2057897557216,0.7474070218031421
3775,157.45202447374743,-42.49916074682753,1767.3875292792418,581.9768152622033,1.0693746233246524
3776,157.95315775592368,-42.713472281208404,2016.2487430590822,582.7755758530275,0.3556224751026062
3777,154.0080008747609,-40.98335494025975,19.601886389236466,582.9903328017883,477.86490961711763
3778,154.4011726373927,-41.161283012188264,222.60866017538515,582.8470098592386,8.736083556067385
3779,154.78569168603119,-41.33462287059401,420.4612089701255,582.990409575483,2.2252651141983653
3780,155.5842410413541,-41.69092555890495,828.6771785001634,583.3973268133177,38.137210484937874
3781,156.12046434838877,-41.92641070099853,1100.4557026032046,583.2533451299373,5.5548765575532375
3783,157.76950052046865,-42.633762138849825,1924.8553472657973,581.7674753154622,2.8821259168057423
3785,154.4245050332019,-41.173806794644655,235.20883938616456,583.8472896038073,0.1422564690183185
3790,156.4361414448415,-42.067431924373736,1260.611622386802,584.9368464356548,0.44536130774788646
3791,156.47946827699963,-42.087189131157984,1282.67287645693,585.4039234435171,2.192462083309596
3793,157.57472057433807,-42.558502982086345,1830.2394461606407,585.5646007170527,1.6885601473564043
3795,154.25372370372227,-41.10052433021589,148.26983003471625,585.8269136820533,0.7075755506154596
3796,155.11562669740997,-41.48860236462083,591.3177825809706,586.2487582671808,6.329164406620602
3798,157.8398289359657,-42.67260320654309,1962.0642238261835,586.3637431969361,0.2541317564765547
3800,154.64231684544862,-41.27817832883866,349.1038088453891,586.9874871096182,1.0097552828965126
3801,155.0354845441438,-41.455647299835086,551.1211437866576,587.6565589207466,581.6444189237025
3802,155.87867676119643,-41.82801847641324,980.210100278666,587.1067320725346,0.11316197242552162
3803,155.91196822560778,-41.84352513232734,997.3234589589612,587.5520971695335,2.2669952943575584
3804,156.02925748072235,-41.89381504162417,1056.373997555421,586.9638272990456,25.857981054613845
3806,156.26825841011407,-41.99745576594782,1176.8715515252682,586.5298702968755,0.35736795305561464
3807,157.12226456779524,-42.369060512311464,1606.0221388080386,587.561233761471,35.72325402075808
3810,154.92637118583045,-41.407357934895295,495.3853028620741,587.8912892416532,0.11820344309915588
3813,157.54141894006682,-42.54973200351103,1815.1401333527938,588.3089455567014,0.0455932931600425
3815,157.70347631361687,-42.61813696429555,1895.4167764040383,588.0590702910106,120.71274911660099
3817,156.73132556962443,-42.20406826755394,1411.3137624435321,589.3046701240435,1.2402182281682108
3818,157.01168687547374,-42.32272131970626,1551.0956867212708,588.1571975189472,3.96998726509124
3819,157.73284266103803,-42.63254786691892,1910.4858363972664,589.0492795347169,7.748824796103997
3820,157.91260246734788,-42.70937102467439,1999.633652081752,589.4031237580373,2.1035231720942758
3821,154.89489209876902,-41.39776142332566,480.53820181238706,590.1521524384077,5.756496340918992
3822,155.53513992713016,-41.68159190804894,807.1803302840373,589.6431212282839,26.577861570923304
3823,157.17821628135974,-42.39833037768727,1635.3631415723976,590.232059404368,2.7297551950262435
3829,154.9502963801604,-41.424548605520656,509.49591828685357,591.1624466883449,1.0925535457136435
3831,156.21726286371253,-41.98387329795207,1153.5356710820718,590.9175137521407,0.7117318837072149
3832,156.48491026960338,-42.10090740951705,1288.52512433112,591.1508426341236,5.955824343808213
3833,156.70793384640774,-42.19816246550506,1400.72651230752,591.4379698841719,470.9275320496111
3834,157.20878991601595,-42.41410030604897,1651.328584099466,591.5837147244501,35.91029363750085
3835,157.3554021817797,-42.47634714397964,1724.2410127998905,591.3351153012187,4.2984657887017175
3839,156.32889814583638,-42.03434639402984,1210.3292258525678,591.817648779219,0.9924917090776076
3840,156.44829704563895,-42.08665419990797,1270.5573337471799,591.9903822363821,36.6701753731565
3842,156.95102554375046,-42.30348546537601,1522.6187750597114,591.640532714422,2.0790006797661276
3843,157.19617290261812,-42.40981587855325,1645.3383050677246,592.1531836513172,0.19207805623505012
3844,157.38551486796374,-42.49101148272543,1739.708548439762,592.2489157067376,0.5705901466262258
3845,157.8795183485057,-42.6993250372252,1984.3148504287524,591.4081020412648,3.859234543432704
3846,154.37194285126714,-41.168104312737945,213.3446215204556,592.9210358347308,3.4488095965879557
3847,154.50240041417715,-41.226771897272904,280.47917537468584,592.8172194847401,8.983914364653906
3848,155.41561242003712,-41.63550272574925,748.2556983087783,593.0900789512672,5.14955646837924
3849,156.4083620660197,-42.072079463448674,1251.2216971200246,593.4038903802908,0.697605058426202
3852,154.5558091974001,-41.25346822764394,308.720221483403,594.1429561377488,0.5920673910448929
3853,154.9726361485319,-41.44022661018124,522.5609670362687,594.0311063846524,5.369961778992043
3856,156.34159450823154,-42.045242411666315,1218.2047535270428,594.5317856470427,0.8075533883935108
3865,155.5957545512188,-41.720849139427216,841.5094102993776,595.9359363826089,8.089051757666445
3866,156.2226036448446,-41.995564562238464,1158.8163063747768,595.6511086832844,6.015586072953419
3868,156.57926128438567,-42.15223628453994,1338.8014836450716,596.4034641359362,0.7360311228167115
3870,157.1632076307165,-42.40253461426633,1630.7379539173228,595.6284338059424,1.1595462823302256
3871,154.5952938354756,-41.27716207284208,330.73172161168577,597.1228954614966,8.766378491774516
3872,154.77419848996257,-41.357354122651515,422.56375235986326,597.0346577440381,5.29264671754945
3874,155.8994508539257,-41.857415505603676,996.3847592829871,597.348724145771,1.3827974333861
3875,155.91361927009044,-41.86341452642858,1003.4980049773171,597.2359562392649,1.3946267782632746
3878,154.95090446869182,-41.43790073007115,513.5435943429526,597.7532297121221,1.9684019681803202
3880,156.05418047095122,-41.924783766413476,1074.5438472389058,597.0992948426808,5.030018356570116
3883,156.64670965589718,-42.184707138575384,1373.5596311819793,598.0445954207139,0.9656440199232446
3884,156.9126561459065,-42.29870179185338,1506.603145831081,597.5927050390551,4.6778730518384375
3885,157.20269909136044,-42.42324534548145,1651.4503541839547,597.5460680505447,0.42699913305738096
3886,157.4332263681395,-42.5235182965845,1766.6819208861184,598.4108846806134,0.48110082980924673
3887,154.6573798128219,-41.30868308805673,363.67497653851837,598.9356766552013,1.8034749221178965
3889,156.2881493658577,-42.031579127757375,1193.921149669019,599.4027311454132,6.072337059269617
3890,156.6645172037673,-42.19359243378898,1382.8181750315005,598.6393490769212,1.1492676031386633
3891,154.11757119434796,-41.068535387794746,86.60696135781316,600.7773631625358,7.9416990180451394
3892,154.39024690283358,-41.189804820687606,226.66905118825585,599.6775764743844,0.46406928597014674
3893,154.49279565008533,-41.23662032203072,279.63203004068333,599.9514369590709,1.5459574390710387
3898,157.8141880209012,-42.687694221262184,1956.2244535916375,599.5493572506282,192.88280882554847
3899,154.29783335766803,-41.14988834113541,179.56989088351887,600.6109651441002,31.205555161806533
3901,155.41557334945745,-41.65171635899812,752.8166068848348,601.2793905093156,3.718141793044539
3902,156.23385895177015,-42.01070574648843,1167.3192350082882,600.8239513580698,32.18828407543723
3903,156.31913388734634,-42.04839917757277,1210.451214911561,601.0793432414279,0.7488339528522422
3904,157.18691929390056,-42.42376192524509,1645.5389209142065,601.2380662091349,7.546046423014311
3908,154.90130386473683,-41.42345641043831,490.35205546264814,601.6515806536687,7.98597605136938
3909,155.28252629456892,-41.59534019769878,685.7605634143612,602.620649122679,0.8644207195771758
3910,155.755793358662,-41.802269752343506,925.8116310618134,601.4072343943552,32.372319287322775
3912,156.06625538778266,-41.94057572956489,1083.5616684948563,602.4092745151135,8.772924890676896
3913,157.59094654323468,-42.59886204921829,1847.1852018966554,602.5529192405668,7.700456370701746
3917,157.01884134263744,-42.35495183857582,1562.5481333645748,602.9359604342669,233.06241941624168
3918,157.53403806484704,-42.57521987487775,1819.0948946301974,602.8448747946186,2.7944030231181585
3920,154.7513176405542,-41.36055261675133,414.68732063351075,603.8136000039065,1.15939727647795
3923,155.67479319760565,-41.77243036021033,886.3455705206579,604.3649813805123,3.026779597582132
3924,156.6778598920082,-42.209853441965485,1392.3735870654257,603.9491149140941,0.16287796966044
3925,156.8129127028148,-42.26948850166429,1460.4156696448524,604.5875004971929,1.2511541260138457
3930,154.55638481175166,-41.27525002935882,315.2249947084419,604.9745358052801,3.9865696790357834
3931,156.66093635689225,-42.2032475648418,1384.0786568466917,604.31352400635,13.499207809066377
3932,156.91664229289844,-42.31512234452859,1512.5808932222735,605.0435424775892,8.154967934385521
3933,156.9771917497458,-42.34230938967887,1543.1596096700412,605.6090288824196,1.6838983827671903
3934,157.2692404779628,-42.46788945189048,1688.9448044677692,605.7374179742447,0.718560536742177
3936,157.62832655440383,-42.62115087066503,1867.4233431084942,605.8009932014744,19.74503535428061
3937,154.7874624962469,-41.38230846570505,434.81962597527496,606.6062669426409,5.953467165484202
3938,155.8234679441852,-41.84354169111416,963.3343150126393,607.2103866839088,3.889123622557145
3940,157.88717237620645,-42.734026339239655,1996.3871879997282,607.3984032958892,4.723761863618715
3941,154.03354729531696,-41.04502556556361,47.44998291348913,608.1418296604047,1.3780881830994258
3942,154.09859158866533,-41.07509205513529,81.22441623745289,608.4026201238688,13.278793855477668
3945,155.05687961306535,-41.50499414147133,573.4047128133761,607.7155566163577,21.538868953995053
3946,155.16421570306568,-41.55349178982619,628.4367471235514,608.0501765465067,53.83110164479724
3949,155.76098812758374,-41.81693311027422,931.9074291413922,607.6573939470132,0.8308277850254681
3950,156.11226274950238,-41.971466500013904,1109.7871809198389,607.8472361683336,0.9973096542372348
3951,154.32464641885483,-41.17914980031285,198.36720037771352,609.2278072191334,3.0380089778010886
3953,155.08104010718574,-41.51848781209201,586.5291467975521,609.0856317878087,1.76862294417516
3954,156.60677692239645,-42.18960326609929,1359.5750963926273,609.2825327831313,2.914156704062759
3955,157.3748857442791,-42.51971630828502,1743.308617350172,609.1185901106289,8.611007740691559
3956,157.56752999035615,-42.600760400710314,1838.719278210084,608.5743450808354,74.61446709580622
3962,155.97857887285187,-41.91739055843783,1043.4616869604135,610.1070914523419,2.154429766834794
3963,156.72371086308732,-42.24020798326003,1418.2354331650824,609.2765743014224,4.534758104033098
3964,157.28066929978002,-42.482218584451694,1697.1669011750773,610.5254922172314,0.995556316001607
3965,157.3959623672036,-42.53100692555915,1754.4018536910369,610.2814936836579,12.452900929203434
3967,154.36403293422384,-41.201938174322706,220.10979152735794,611.7360775456885,1.3600381204061276
3969,155.8751827959542,-41.873500615458646,991.5483540295972,610.8610702128962,237.76154857665543
3970,154.5680069232882,-41.294236188981266,325.1667191458533,611.8962097506725,1.673717267853465
3971,154.69344895911,-41.351730331197395,389.9164532683704,612.4490600730743,0.025509009766188473
3972,155.27762133960996,-41.61183861248456,688.548370069692,612.0397969438752,12.04087306305373
3975,154.19677532504525,-41.129884507534804,134.9173845008586,613.5587421718349,5.509257487224935
3976,154.61209188652532,-41.316018452150225,348.38254573918175,612.8765479201443,1.918179652782676
3977,155.5430833023167,-41.73005869864779,823.8656451300241,612.3324115797425,7.252079251211363
3978,155.82137223279906,-41.8527928288779,965.112174759619,612.3486470604432,1.0827220469069032
3979,156.33768224186974,-42.080033367660654,1226.2809984549997,612.9942562750318,1.320519654573187
3980,156.97229461975743,-42.35553357372074,1544.8581887427622,613.3791928328114,4.067432403299359
3981,157.70125821053986,-42.6664239391946,1907.3553050498067,613.0637078485921,16.946689709237692
3982,154.72042075697917,-41.366826130724256,404.61661668677226,613.9528360180299,2.953314905442391
3983,155.138344434257,-41.553135642507236,618.3971558490417,613.6780138739758,5.056485289572279
3984,155.76023410312365,-41.82806124876614,934.7295157850743,613.4447993185532,3.12842506642255
3986,156.36278571332443,-42.09302677017208,1239.488593282701,614.0377353893853,0.04383692366627869
3988,157.91489809398385,-42.7595517042707,2013.7190324367473,614.4139193139426,0.13270882224096467
3989,154.98949755607802,-41.48835434550812,542.7751695428758,614.4860352426622,9.316094764093009
3991,155.50707280035078,-41.719556218509595,807.0822448895725,615.0682530612182,5.464675130960914
3992,155.77669262386232,-41.83963006327016,944.2822771720637,615.628347037835,0.4003172643008547
3994,157.00254327173383,-42.37252599433102,1561.0471836391216,615.3961196759678,4.855555046897169
3995,157.62604510798602,-42.63885108084026,1871.2468093595737,615.281072040047,0.4743263687662378
3996,157.67759447733775,-42.66064501272947,1896.7640400972814,615.22966344573,3.3795764076833423
3997,157.87522068038646,-42.74274861681428,1994.109547529289,614.3990097075239,0.3415802963775794
3999,154.28809732965442,-41.17691428951953,183.67475665239922,616.4153251907862,1.357719228587752
4001,155.72503466144377,-41.81813430073381,918.4386005903045,616.2599712114863,12.978895433403357
4003,156.23394777000337,-42.04181809697222,1175.9426974897701,616.5382635627373,1.7699694153972647
4004,156.8669966142208,-42.31597984676913,1493.776595345092,616.3195633929382,-0.010705539908831942
4005,157.80512336023287,-42.71656122333998,1960.3735831379036,616.1659157952247,2.296285594376519
4007,156.7580365458826,-42.27044442684561,1439.6300181761496,617.0759219088756,13.30434419360791
4009,157.27003037055775,-42.491364383825406,1695.542261192391,617.4733805055504,8.152763665488026
4010,157.3722238942884,-42.53468351725665,1746.2900813080103,617.2895109455068,4.388818279167256
4013,155.1915573540522,-41.58493085205085,647.8651011783687,617.7649605166635,1.2432278045964904
4014,157.16028127292344,-42.44532139319375,1641.125967833392,617.9618832861672,-0.018712527175331634
4015,154.16461075802664,-41.126050763989404,121.44367344313652,618.959849424184,2.702932865314226
4017,154.2180951519881,-41.15021709390182,149.02347180618972,618.924133688109,1.1329112602420788
4020,156.00826629108522,-41.94836248280157,1063.462650422258,619.1821200967785,27.235850826213817
4021,156.57223292759195,-42.194817093013,1347.750375078604,619.501573044819,6.799164787433871
4022,156.71739472022188,-42.25685592855623,1420.3473828294518,619.0902884369134,1.9716517970559984
4023,154.3905100401571,-41.230410477384666,238.53068920479663,620.0414692590039,60.84619480962714
4024,155.57018539773233,-41.75779030133006,842.0676344732017,620.2833574545733,7.125652316130686
4028,154.06680631508982,-41.08604852286517,72.20890394360897,621.1609764163853,0.12573101327243685
4029,154.50120094848003,-41.28271329364822,296.1762877770378,621.2362903636445,4.186094897432104
4031,155.58621812329105,-41.76634226739058,850.6252234538256,621.0252285633013,1.5445429550910583
4033,156.62593070718935,-42.221002678568546,1375.4981172638827,620.977681142984,36.33455012191855
4035,157.91914927020136,-42.77315098862402,2018.9235071087749,620.4119568036523,1.2191542145284904
4039,154.67002263000262,-41.35991919979116,383.2715569030612,621.8673788041045,27.535584272136422
4040,154.98115947727194,-41.49883174153395,542.5618144184131,621.6410044288821,8.72433223692044
4041,155.23657774837966,-41.61398760090475,673.3947559307411,622.320099823184,13.736511557939542
4042,155.74457915715794,-41.8382430438736,931.5671303866022,622.0669046570882,5.0417212437481425
4043,156.9146426612765,-42.34809715211833,1520.7460109680428,622.1884835299167,-0.5198886795719937
4044,157.30931892130096,-42.51716240711797,1717.5059795823045,622.0359272593996,0.7177052527707442
4045,157.55128711282927,-42.620541035310964,1837.7581292510117,622.1246709912702,1.5260895657473759
4047,156.41496795681812,-42.134021292155225,1270.7740935334702,623.291287043234,3.9273090373501995
4049,157.3987679037467,-42.556510151556736,1762.289380446083,622.6144637661603,1.4766319915713626
4051,155.3604237782403,-41.672312687515614,737.4513239378051,624.0025289087448,0.7931586387636919
4052,155.62599032656266,-41.79031167178251,872.6212757045458,624.2608685391167,53.16060383853423
4053,156.03048046920568,-41.96740163636601,1077.2729998453951,623.8854695259746,3.338377315009914
4054,157.73998010833762,-42.70513856496453,1932.422446954069,624.3846304610479,0.9851739657922254
4056,156.86395995561986,-42.332115388173705,1496.9888141363253,625.1570915567862,1.0454447993119538
4057,156.99048855859996,-42.38690796233039,1560.313280676332,625.3123374004136,1.1918021711050681
4058,157.08525879925068,-42.42716758937862,1607.4918483968777,625.0768078312944,46.65369937859961
4060,156.16974473726302,-42.03348621828782,1149.0088167363606,626.4982112870832,0.18943300267428692
4061,157.01648034574046,-42.39871614781124,1573.4629465621135,625.6325243274214,1.8064944692786835
4062,153.97052018265276,-41.053514561502176,25.71756133361086,626.8048218902329,1.1062391681702266
4065,154.40597584254243,-41.252228167348136,250.78778738486395,627.5029235761353,0.4419909060408743
4066,154.4602758032604,-41.27816649828868,279.144156850345,628.2285763613626,1.8592513222653082
4068,156.9032168074363,-42.352574561861076,1517.5797447143216,626.9506703011733,0.1379708658882712
4069,157.81349089066416,-42.74177216809076,1970.229013065393,627.173333182151,30.454770314525916
4070,154.17033060469117,-41.146017954481515,129.45461675035747,627.6918965785145,0.5242737241053047
4075,155.93340501926517,-41.93424594154585,1030.8122743810652,628.634723698015,11.103976189509401
4077,156.21184282041636,-42.05672086981093,1171.5771410756329,628.9515039665554,268.54313766749476
4078,156.3125836998883,-42.10079576627544,1222.3695475631368,629.0254452253129,3.157141016384368
4080,157.46447116134743,-42.5971267018131,1798.2856376460227,629.0054662845881,1.4672454312501837
4081,157.61628190303375,-42.66164220560659,1873.5571914996733,628.9590529308248,0.07936959766809992
4082,154.1100406891187,-41.12306524264063,99.61336937484074,629.8983549300843,16.02526723431529
4083,154.13264533040174,-41.13308905379946,111.21599368547972,629.7820167502102,0.633012167823712
4085,157.74530808965233,-42.71892312799146,1938.1058945059544,630.2383910872078,1.2217251919432037
4086,157.92830197714002,-42.795480692150676,2028.2974492304518,629.794159902779,2.5439336365994825
4087,154.00593379464055,-41.07810625387548,46.509123302210504,631.067286102408,9.545156298101993
4088,155.37807015152507,-41.69469894479267,750.5483738022309,631.3468306476481,20.075501912427747
4089,155.830961707155,-41.89419264763711,980.3466553837208,631.1283277236633,10.175296502709411
4090,156.34006326010137,-42.11687279246978,1237.3335012167393,631.1036236208599,0.38163536855049396
4092,157.72595384680986,-42.71234997937532,1928.9621283454997,631.0674048164686,0.6819503737175621
4093,154.25325453698633,-41.1918832723108,174.63915662967563,631.866819783312,14.12063774736018
4094,155.68318169014427,-41.83024168863634,905.7643830408676,631.6838872492401,1.216170497448993
4096,154.54109121177797,-41.323480967733616,323.26275624732745,632.70760450952,3.928272785069657
4099,154.56742103789992,-41.33771447155451,337.476908220219,633.9064822664366,1.8442164916627108
4100,155.127846427101,-41.590052924413,624.8579959842971,634.6414639027472,0.5663995482231956
4102,156.21830034886784,-42.069179702221575,1177.4939201373174,633.825674185874,6.6813763843911875
4103,156.72541808384858,-42.29087830331598,1432.6871467867873,634.5615221339921,50.00400468690716
4105,157.70579763826353,-42.71012625135277,1920.6615657740194,634.2792634631497,62.92612398431844
4106,153.9880676725525,-41.078001495333055,39.61805115403735,635.0951021716584,49.82742884735191
4107,154.22985980798418,-41.1873304825661,164.33287033528143,634.901474080227,4.8186305896582216
4108,154.40109784823446,-41.265204134957024,252.6706558299639,635.1358242852887,4.78473486805446
4112,155.06997371728914,-41.56565588443033,595.704815195182,635.3419340889993,6.934369319815051
4113,157.90742359617082,-42.7966915177006,2020.6304304102932,634.8911950364931,35.99460089070415
4114,154.5514983531215,-41.33402265691352,330.2990699521819,635.654280602561,5.474725327196544
4116,155.43150181001022,-41.72773135703788,780.3754584977136,636.0669651963763,89.2089150492149
4117,156.30132945152366,-42.10977135668057,1220.525991399939,636.0441901043348,2.3064970767670494
4118,157.6153420914628,-42.674789494166376,1876.6863084416325,635.8362577476513,0.5684306804566805
4119,154.21492861831598,-41.1856850207558,158.12165460319966,637.472615502881,1.5150475603299112
4121,156.85420250487547,-42.35087667966723,1498.3382224053112,636.7915526233733,0.9146881856945533
4123,157.48649613847428,-42.62102308745058,1813.0838976549358,636.3696128332163,0.2935703440426047
4124,157.7769424743718,-42.74537730173796,1957.1982141017922,636.8659461317384,0.3384060459596485
4125,155.25568496634796,-41.652999821664096,691.7836590817562,637.7075569286282,0.5506270350749614
4126,155.5516362853859,-41.78562623626775,842.7711330530728,638.465730408917,7.190433047062808
4129,156.06734489977856,-42.01423553095358,1104.4043548971563,639.3969112885336,115.77428377052124
4130,156.23857824694187,-42.0894901257224,1190.8750984731216,639.6214162715938,11.618296335324027
4133,154.09430116109883,-41.13605462845992,97.35755246390976,640.0136078003381,7.138132673216818
4136,155.48811496466507,-41.761174080704905,811.5209782906636,640.2972524010097,5.420245672141157
4137,157.00136137754637,-42.421527715559876,1573.8315961455783,640.4863492532523,1.9898447249132294
4138,157.7096734873202,-42.72281997156,1925.5033698419581,639.8901738179047,11.899931303542449
4139,154.16968105760452,-41.17118646080493,136.53219416743434,640.4882089399533,21.682764940049967
4140,154.999145400561,-41.54631094066146,563.0087786795315,641.5141511393193,1.429119954287235
4141,155.3101868406005,-41.68386031829175,721.4335032593814,641.0650425966155,1.4150356457388442
4142,155.4082761056096,-41.72765343879327,771.4412848883479,641.2162916360943,1.8398735169349
4143,156.0278618059033,-41.999852970139735,1085.2743395518635,640.8629407201681,3.3076538857995654
4145,154.5193550589112,-41.33208457303764,317.40036516822613,641.9592784896664,3.0610982665024773
4146,155.65561958962138,-41.83904943771195,897.6576118333617,642.2632298086818,8.014726368796525
4149,156.71942781504762,-42.30271065983867,1433.6129833971684,641.8633180256938,10.602970418125299
4152,155.38312895310872,-41.721252816657575,759.9865958000044,643.6078194273668,2.574550515843134
4154,156.32856871855176,-42.13638441571606,1238.296090411112,643.5026299646164,2.438018589382535
4155,156.93904642673522,-42.39877780033362,1543.8152605610924,642.5416553157938,2.1221650180978697
4156,154.0106232227187,-41.106327261231684,56.557229576502934,644.171734710429,2.1167770583118135
4157,156.9486757254237,-42.40423987514744,1548.9808355412915,643.2092674886956,0.40687701543346977
4159,157.4458289262052,-42.61811524114609,1796.7456002626411,643.687139712641,2.337900691015568
4160,157.71488797325824,-42.73368159387425,1930.3714712099588,644.282505526975,26.7451194111365
4164,156.74985488216984,-42.32215786602372,1450.5618021156763,645.0529441977837,1.9912058857569315
4165,157.3284533014211,-42.57127616453713,1739.3165657667912,645.3357729305072,4.373169320700578
4167,154.67665713387004,-41.41068845762494,400.4154303661607,645.9197091333791,1.1970895977401304
4169,156.27543994040397,-42.11758984382323,1212.7550227957486,645.7024592011462,68.87435566977297
4172,155.9365718681613,-41.97123161391281,1042.3164857327176,646.6161591907079,12.95665542465587
4175,157.82750827301874,-42.786831307362384,1987.474264275499,647.0478421124221,10.125227616817462
4176,154.37252477221563,-41.27797124539868,245.39891362976397,648.0414111542698,7.292412477122313
4177,154.91990258829884,-41.52371542320675,526.1504808444175,647.9612682085345,0.6169635038514949
4178,155.04165390353046,-41.578329192853246,588.444520551229,648.0893414436217,3.626291035724961
4179,155.97734426517255,-41.99209879077002,1063.7506437514276,648.1266772080158,2.483620935015269
4180,156.09185948037612,-42.04152228070336,1121.364764172032,647.7664708150779,0.14892318986133513
4182,156.5250063491386,-42.230480019186416,1339.403584782277,647.9146244065179,0.18400513154062972
4183,157.0104622595803,-42.44158269994751,1582.7321636831728,648.6660335792407,0.7463762543604857
4184,154.41160686704714,-41.29793189565963,266.1761544349903,649.2087472874312,0.45261132434559964
4185,154.69260195516878,-41.42491590407515,410.6230985109259,649.4774336441287,3.62888414722605
4188,157.85332995232758,-42.80229146077468,2001.4206416005657,649.3525913006915,1.6865548474544103
4189,157.8655099046375,-42.80663581621395,2007.22116534825,648.9432460192991,1.4882603509072665
4190,154.27475498727495,-41.23826075416934,196.36200497580825,650.2891640243632,1.0676244372360661
4191,154.54361982283024,-41.35903956937255,334.4894708657224,650.0234477325664,0.2703184703984493
4193,155.64288125138097,-41.848972709635,895.5533156889751,650.1064656032435,3.2113450856823325
4195,156.2206983276873,-42.102109584620806,1187.5033764413495,649.9444433658213,0.6681319272604721
4196,156.3140353338446,-42.14265044162387,1234.45055048711,649.8716169364402,6.730213337400464
4197,157.07458949933937,-42.47216797610869,1615.533015805407,650.2066279401397,4.50629606744522
4198,157.36340014066215,-42.595928552796714,1759.281753053422,650.2698071293242,4.467829358671078
4199,157.67364519786267,-42.72668632766298,1912.746790068396,649.613778742492,0.16029597715253113
4201,157.8362740086535,-42.79507880532557,1992.9996525992685,649.3532829691017,140.62289439556798
4205,156.12200773662295,-42.06105900415404,1138.3306581477127,650.9782550661694,14.579439311866258
4206,156.41236104999396,-42.188090985304605,1284.6219281627993,651.2162354667082,0.78434521281479
4208,154.88603816010396,-41.51760251177526,511.4099327550548,652.5075398484904,15.944186794580283
4209,155.34730827786808,-41.72196675595767,746.4467387023619,651.9754399334366,14.22170774618459
4210,155.57586131186926,-41.82252577490549,862.4303818587877,651.6850482379313,2.16115288353274
4212,155.86118070950673,-41.94951506450775,1007.3636344224875,652.3605974573403,1.8143900455518658
4214,156.42121396164669,-42.19316222134506,1289.4061609918772,651.8349610097331,1.5091469413690333
4215,156.44896319195553,-42.205629500558885,1303.458943026733,652.0424069959084,10.074165144658267
4216,154.5177050809007,-41.35385909606333,323.050761463825,653.2857551393233,3.493748491196234
4217,155.11056333295775,-41.61889130259225,626.4225786895047,653.0522740526126,6.851943082634622
4218,155.31821882371756,-41.71140322144529,732.3035187348642,653.1548733154413,76.58902324582094
4219,156.2448622211902,-42.118394410226685,1201.2573346814165,652.8488746876236,2.8733301900387214
4220,155.7805711511515,-41.916802458442234,967.3311004518196,653.7332150484706,4.786090037771685
4221,156.64396360911843,-42.29283188604584,1402.012025197221,653.3847162188368,-0.004936240361772642
4222,157.24276209308013,-42.55229216427143,1701.4384297076876,654.2874754548263,3.613455690277015
4224,154.98528979792937,-41.56690404721802,563.5642688708027,655.0024307713803,10.66367213377767
4225,155.18675768467278,-41.65606221801171,666.2059435861437,654.6948496831828,2.795481829784297
4226,155.54264747056658,-41.8146285962849,847.474609487899,655.1021797277663,0.47845763355528287
4227,156.6574014867158,-42.30301819098916,1409.9367756434267,655.5972679047238,4.7702133619870235
4229,154.2566430435476,-41.24212813898504,190.53487791767662,656.3507881869585,78.73773384165679
4230,155.0070406469173,-41.57812908294141,575.1081906951007,655.7667256347531,1.906162952739278
4231,155.9146138419877,-41.98011742250835,1036.3702876271973,655.9694425100619,9.93858570511165
4232,156.2828074909565,-42.14015625378011,1221.7969088463649,655.4887422558153,0.3024118127812287
4233,156.48291101485484,-42.2293343555954,1322.9625732595143,656.5766793634297,2.278196407317093
4236,156.96968262079136,-42.43966787797626,1566.6028709863535,656.5790669600401,18.990430440741257
4237,157.7929209148214,-42.79043023102429,1975.2007971544047,656.3102181390743,52.66529153011499
4239,155.7166061257737,-41.89603787339525,937.0029888722858,657.4624630643665,3.5385205801052906
4240,157.10755937411113,-42.49852530936506,1635.2518579060202,656.394307272158,6.461541463068734
4245,157.29584296113006,-42.58123156997151,1729.5025200598618,657.4513874529931,2.539832538729242
4246,153.9392770884976,-41.10393261902262,28.47736084951552,659.2629121782135,6.224053461500377
4247,154.2827872652154,-41.258975608996785,205.45705670173834,658.8751557164139,2.4503680203329203
4249,155.22754740608354,-41.68143814210996,689.0456571698919,658.3448465859775,1.5749093403504977
4250,155.33972768176963,-41.73263670013522,746.553996722024,659.0500988297706,12.85785697372332
4251,155.4773345046971,-41.79364443015599,816.5272597183908,659.0815895140186,2.8164292913564215
4255,156.68435129242252,-42.321624947023714,1425.3286477824504,659.1149982244524,42.11308204735532
4256,156.76403184063366,-42.35681863471275,1465.4159024377925,659.5019915086091,3.4883344107805048
4258,157.71542651236112,-42.76317807509101,1938.3789944402065,659.1429758518352,7.990494144496981
4259,153.91119772950182,-41.09269877226784,14.41562273392637,660.0390891572848,1.5319651346453536
4260,154.1399356636753,-41.19643031275503,132.46697396303014,659.9468635173333,0.9142022072977958
4262,155.4997446002113,-41.8047619768517,828.24898887908,659.6904084898105,205.2390465434192
4263,155.76600026948802,-41.923003735506036,963.4773003027378,660.0996462002228,3.0711684990233046
4264,156.02147814595094,-42.03486981916704,1092.5434877095038,659.9666200121787,1.9697694245923851
4268,157.18263841112102,-42.53863020441895,1674.766214231008,660.4099445049288,1.1519790150824922
4270,156.07983260515815,-42.06283910262426,1122.659873286013,661.1957367449093,1.3532626519175028
4272,157.8925946599299,-42.8424449676807,2026.9976051954734,661.3182493937144,403.13935839547963
4275,156.4272295817036,-42.2165913367275,1298.1402841772156,662.3629493993814,22.002959632138495
4277,156.79064162452454,-42.37308812209477,1480.024305884415,661.9238522542483,11.672661000895879
4280,157.8289852625247,-42.81642794913356,1995.8403267864544,661.7624190685431,0.2615387637587668
4281,154.77687775405397,-41.49049070789357,461.77374536770543,663.4591558181218,3.894314810497888
4282,155.29410338431535,-41.7213605691898,725.8712002870399,663.569342071083,1.138420625823287
4283,155.55325764326534,-41.83424716144665,857.0556918942049,662.6349064356533,0.9374532694985827
4286,156.96543995631797,-42.4513516911733,1568.1366143888836,663.4222890341832,2.1720394727791694
4288,157.46534965882802,-42.66451583060173,1816.5791276378345,663.0077959625463,0.2060792986182168
4289,157.50281597870537,-42.680781812338154,1835.2362417623485,663.1657604583015,1.4870300152267941
4291,154.31820476373298,-41.286136336846035,226.92313958454687,664.4802002274819,2.956122904597119
4292,154.52983092650052,-41.380754661144806,335.4621230897961,664.0677353263411,1.4442342165001019
4293,154.74949920936743,-41.48047143287853,448.39991763124476,664.5922050123462,0.7005929964749118
4295,156.94788457747907,-42.44468264864394,1559.6151196638677,663.8693566463735,0.950823825277195
4296,157.15241794465766,-42.53252024125858,1661.5619679483898,663.875780250152,8.551184099775693
4297,157.91198520137385,-42.85570141352193,2037.8924520129635,663.8914293641024,3.1460298284369537
4298,154.06601727014296,-41.173503042181686,97.4272287032808,665.2741466243493,1.5735169263501707
4301,156.75111868449986,-42.36074397420856,1461.539238837192,664.3121423831229,6.068800765825578
4303,154.12333715864915,-41.20089857877619,127.40113977491185,665.9723114154364,2.576573298443044
4304,154.3569626101823,-41.30634070938307,247.64524957622558,665.8363799302593,0.9829659552892631
4305,154.68942237561927,-41.45658091660321,418.500527964905,666.1300288416185,15.450186414464333
4306,155.1315668882682,-41.65427951184437,644.5337320834478,666.170621967077,5.442124871554733
4308,155.81827253400087,-41.95697234033458,992.995473647373,665.6444310036238,1.0061248292573233
4310,153.94389977960762,-41.12115951449095,35.29199429765698,666.8563035570213,1.3260937619165052
4313,155.26396581375138,-41.714092204667786,712.2591697150127,666.6493710326607,2.5052964238302766
4314,155.4005584144342,-41.77552756970547,781.9860584181936,667.0828141684091,5.5349343592156455
4315,156.13555918216994,-42.099434518238475,1154.1403706057545,667.378587077868,2.008820152630047
4316,156.26990117237017,-42.15710350681551,1221.5219348124285,666.8996966566722,0.6661751683524546
4319,155.51421337796006,-41.828112617907834,840.3641340932143,668.2423603507191,0.6302504660872491
4322,156.77225993437497,-42.3778910232317,1474.2926677801338,668.3720143553,49.45676026743629
4323,157.5627157204186,-42.715669661914845,1867.411754409159,667.9378737660606,1.4653127658342073
4326,156.87766760296532,-42.42559161729073,1527.5761618964318,669.5102108492932,67.0031042860606
4327,153.89001068871602,-41.10280243774275,9.248131862460982,669.9540226773097,0.16975628026882802
4331,157.45739130810352,-42.67376757869749,1816.0009222105268,669.4210449931331,0.15137193047722924
4332,153.9317966667682,-41.123695380069286,31.392081266804944,670.8940605747645,1.0663396069559195
4333,154.07056037413687,-41.187495646534636,103.25173835667292,671.2662757132404,7.639342695552685
4334,155.29816132219372,-41.737910580518026,732.1079008542006,671.0040697744354,0.6488169858482339
4335,155.4781032380463,-41.81860937611908,823.8496210996511,671.5012608002737,1.9556883081359637
4338,156.93795034098912,-42.45471865456716,1558.5274536778634,671.1177083341352,6.031439596986141
4340,157.77986896345644,-42.813623627360435,1976.333125675369,670.8935182879018,1676.4248048284753
4341,155.0757364639724,-41.64077168569933,619.28818860965,671.8915845223913,17.58545870447004
4343,156.83219080241034,-42.4114906460064,1506.350807111033,672.2938927547623,4.544489157910166
4344,157.09148471924286,-42.52284741755641,1635.6494216940528,672.2143705458247,4.577606313086089
4345,157.4394545122079,-42.672158561351644,1808.7148932283071,672.4816172415535,4.9488377360216615
4346,157.86596091329616,-42.85259019180657,2019.4918978719816,672.187727382765,10.499386300951821
4348,154.54901392502612,-41.40578149576791,350.03574775305407,672.3133586236968,1.8756395762671685
4349,155.10598884265733,-41.6569243913873,635.478635092975,673.2403207421615,6.571955272651909
4350,156.17545498809554,-42.128743781136876,1177.5233502808012,673.3855510781485,0.9245565015454786
4352,157.26731028617127,-42.60066496868825,1723.7935482512196,673.4890756444403,1.1619141368660941
4353,157.67275039514735,-42.772415360609266,1924.5126308319136,673.0200315222165,0.5932742290784561
4355,154.15678591955756,-41.23201099279209,149.28981207087145,673.985015165613,2.20992388817953
4356,154.33828953326756,-41.31368147414615,242.61064811962052,673.7648902379887,0.26523368278015697
4357,154.49724476054456,-41.38638699539172,324.5901760043114,674.27827443912,0.49576808648037796
4358,155.37393481115043,-41.7779745324485,772.4712034958268,674.2632121241124,3.4072469864803496
4360,155.7857474362601,-41.95837720242505,980.9241128054636,673.5714656852499,0.48885864865918705
4361,155.97966698107575,-42.045204524957406,1079.3924331985208,674.4368895385822,22.521531804404706
4362,156.05257229260906,-42.07734680572969,1116.236093189739,674.549757347846,2.0280476187235634
4364,154.5711294730954,-41.42177039331896,363.1235875982332,675.3519163016064,3.7325633889582397
4368,155.4981997693512,-41.83382987873619,835.8346574854194,674.6960558187205,1.4660373726179379
4371,156.47002732395867,-42.26030775765929,1326.5152690662235,675.07287504507,1.6417069101307595
4372,156.52797603762968,-42.28507052605609,1355.4785722166978,674.8816281152912,0.8615987296556894
4373,157.8158442335927,-42.83620444304256,1996.0321076183773,674.6285208770585,6.1621959627887115
4375,154.7813869353145,-41.51800539926946,471.3889087633291,676.2905440329876,0.9215019047157568
4377,157.48293364382448,-42.6978048350077,1832.166032217453,676.0962655170177,0.38659214007480003
4379,156.13831862337457,-42.12045957391768,1161.011541300191,677.3934306994737,5.002155327377382
4381,157.04753594285785,-42.513355439498554,1616.281824093283,676.96168243309,1.6461269604370894
4382,154.34233785102077,-41.324130616823346,247.19066144944316,678.0979719151928,1.1889345885894138
4384,157.4635510759436,-42.69422414168112,1823.8046340068952,678.4668618081765,2.849948693374254
4385,154.4684746069551,-41.38250043148544,312.4370036592238,678.8400112320759,1.7245816252526671
4388,156.334401104717,-42.207440052956194,1260.0789236046974,678.1472135690757,1.9425343425705712
4389,157.1616142231861,-42.566880689235255,1674.3135252346167,679.293226483855,14.214299784344579
4396,154.07669382977156,-41.21006960684434,112.18755889458058,681.2056342277211,1.1100375711470685
4401,154.2833779812638,-41.30472777355825,218.96034061708528,681.734277982414,2.8717702559244374
4402,155.40378683691927,-41.80691471063428,792.0753152380838,682.1873950322039,1.4552519935702495
4404,156.7759585054945,-42.40757359223207,1483.7719934294432,682.5901784623071,3.111214051670295
4405,156.85699145886397,-42.44136784013042,1523.940048797088,682.0093862084017,0.8778374956303177
4406,156.90966576418182,-42.462933920756925,1549.9291500117024,681.4430591480524,445.5038682473539
4407,156.97289697744537,-42.4920581889067,1581.987915646502,682.4172205088729,0.39498965695524924
4409,157.6043923405885,-42.76162138883706,1895.5345319951687,682.2685149579656,2.0488107399089532
4410,153.9301435886163,-41.146979565552364,37.57284304946224,682.9605751443603,6.590254773788731
4411,154.40143707478094,-41.36031796206852,280.32485195533565,682.8807493035191,38.35612691567164
4413,155.41633419445463,-41.814853306654,799.1210298408407,683.3890205069011,2.586741533396564
4414,157.38576299093052,-42.67042785796201,1787.730569543675,683.2134344098281,2.602349299259262
4415,157.6854595281684,-42.798252424273976,1936.2057434695207,683.3980240594582,0.39619938328056875
4416,154.37344308609252,-41.349906024094096,266.580492880225,683.9956707979717,27.800759486499995
4417,155.22770606042144,-41.732491601434866,703.5712647801319,684.0381286603391,70.26454841747444
4422,156.4526365833714,-42.27116673106759,1322.8344353226664,684.3830897674987,1.095106087680133
4423,157.58376504378785,-42.75678496937931,1886.3711568060505,684.2608887731344,4.177052811192933
4424,154.85978076300265,-41.5707834589843,516.5474828747036,685.1933279902684,0.16398168126109625
4425,156.30625234582615,-42.207509070573614,1249.3219519103934,684.3761356543783,2.024167090179917
4426,156.8847113204146,-42.46008540602403,1539.6133387670816,685.441019712,20.657389389113845
4427,157.0095300906001,-42.51291674515186,1601.6285419729893,685.0081258046814,8.57951553636832
4429,154.60959224222682,-41.45942761435197,388.7116248553314,685.5964455953535,1.2087434316736714
4430,155.27042217443204,-41.75533757100287,726.4067941987958,685.9922018497363,7.5785848431919725
4431,156.21929092770094,-42.173240107820355,1206.5912822504501,686.2069543935773,0.6365738525109492
4436,154.89566974235612,-41.59131635791726,536.1704271476005,687.4518485400532,4.400858768562472
4437,155.47215178192755,-41.846279313272206,829.3572730777331,686.7821944767264,1.6365043446382321
4439,156.83460177064964,-42.44167396444217,1515.4589346513865,687.0495422088605,4.1227496189523105
4443,157.84656398108152,-42.87366620724129,2017.6327180887824,687.0543927788465,13.960611869982984
4444,157.88223363806966,-42.88948597651101,2035.4136557377817,687.4334457592676,1.764223928564192
4447,155.16974030159685,-41.715563968772365,676.5620968863251,688.4901339694842,17.262139478910587
4448,155.55264675996568,-41.884048948094865,870.8110650806559,687.892109592232,3.993672388975958
4450,156.94793639003535,-42.49171573512132,1572.3497665605817,687.6797762964451,1.3407676027648645
4451,157.42781453219436,-42.69820036395064,1811.207810506353,688.2057233590191,17.441125402158637
4453,157.60297240722585,-42.772070165695396,1897.7631779196638,687.876533985481,0.7404572091073987
4454,157.79979623413064,-42.854937174766796,1994.8416954693703,687.5874832802635,0.31854987037413385
4455,154.08616165742345,-41.22987561028493,121.59187890259696,688.9950596817974,58.50200889469609
4456,154.2371306452647,-41.29852459942633,199.43187764718655,689.1256288988645,9.195906481321389
4457,154.4792060431459,-41.40772920516026,323.8359667438742,689.0942682759933,0.7289240509659852
4458,155.5063352477886,-41.866589093447864,848.1652529191995,689.4036980836127,2.0905155103459254
4459,156.14652024391162,-42.1474865593787,1171.6233899321246,689.2393309571424,6.030362262789815
4463,155.6354319305927,-41.92511199623889,914.0388632556424,690.1815208752696,11.217671511405127
4464,156.3703709902649,-42.24660209747615,1284.611054105491,690.035786301293,2.7474853019366425
4465,156.69786308258492,-42.38870177975966,1448.7659260774283,690.1072621797725,1.1559789341754052
4469,155.19257150730172,-41.73090873665883,689.661025677927,691.1070907730532,1.3763790725747522
4472,156.80986629393166,-42.43920587102661,1505.3292788117546,691.1985754596782,0.7219622416420431
4473,154.31856203465216,-41.341309665954256,243.05530289009582,692.1281755913735,0.23990463359711317
4474,154.6077896579443,-41.47128579201538,391.4333376267086,691.9680842517795,2.267154884803791
4476,155.12246176411304,-41.70168255245734,654.5081307746682,692.0927319559122,13.262670156267813
4477,155.4091587785636,-41.82958746680025,800.5256940227508,692.4188726091588,1.271542428637767
4478,155.9067902836833,-42.048170995320255,1052.3080266918382,692.0665945028456,8.248895953791205
4479,157.81467420372522,-42.86999509319176,2004.4910112926293,692.0370834383627,83.94128304548755
4480,153.87811785125152,-41.14390226595431,16.730418989076323,693.3010185633628,4.744109397684684
4481,154.2190592868601,-41.2980292495879,192.36205692737164,692.9844366354945,4.70961372380369
4486,157.12403584313304,-42.57674003567935,1662.5972116263513,692.4490154589158,8.42747280680521
4487,157.22529675275064,-42.620235199823206,1712.9775728122956,692.517302628515,6.481550294612672
4490,155.05538444341016,-41.67577208429635,621.4451317078882,694.0876368596796,0.738367213064841
4492,155.91886677928807,-42.05728092551963,1059.4653006831545,693.992076872566,2.64685945272825
4494,157.07431594213512,-42.55815175435431,1638.5905873941613,693.8334588338276,20.229276309359356
4496,157.4820144677981,-42.73365655389601,1841.356767796002,694.4803657365226,0.6069468254058248
4497,154.3284349766078,-41.35239564047877,250.05165284375605,695.4584045642323,1.1593620952487946
4498,154.9924439167525,-41.649113003685336,589.7417462333627,694.7942192107798,4.494524224223234
4499,155.53022296025975,-41.8868771618064,863.0171643066468,694.3127817792351,4.508870351079474
4501,155.93164150640908,-42.06478036715423,1066.440898014043,694.9505933737164,49.27716809040956
4502,156.1277781689683,-42.15198338522811,1165.6928481184618,695.6463279450222,1.8984712228554246
4503,157.46887911150418,-42.730017780087024,1835.3710763199642,695.4710519525977,0.17692601657840346
4507,154.54680789154756,-41.451827281556234,362.4622035587501,695.9687006231738,0.546665226389681
4509,156.00968117233788,-42.10167148823587,1106.558028319926,696.316421517377,0.47874921164789624
4510,156.9265063940552,-42.49917797874997,1566.1733900446382,696.1268216682548,5.144811640301175
4513,155.0011441760656,-41.65676433729514,595.2548182151827,696.6926686218509,0.6417179534051952
4514,155.1700660944072,-41.73304383099109,681.6453831304589,697.2231662158815,0.4249283932927437
4516,156.24308755342898,-42.205053440105246,1224.4712435587617,697.0414195361415,0.9723880880610434
4521,154.36367897078577,-41.3741728348295,269.8637889749904,698.4068281424004,4.168345192689656
4523,154.5894453506673,-41.47536502444453,385.5785080029306,698.1653117072118,2.020303426986335
4525,157.27611890908346,-42.654826096338695,1741.6639056677238,699.0360854351183,1.2268218183524657
4526,153.92137069613335,-41.174377705890684,42.22893294220449,698.7163012504053,116.38337354292388
4528,155.7226840972424,-41.981410929104605,963.2059477129603,699.1961655136523,1.5593812539709038
4529,157.60117185215879,-42.793046723282544,1902.638069030626,698.9078147989105,1.5535651980092293
4531,154.93957955301897,-41.63564595762139,565.6505400060402,699.8927747672665,2.029411088216217
4532,156.43915398383862,-42.29619628299173,1324.536632752934,700.0000014328634,4.461614036597124
4534,157.74865513679197,-42.857868098052975,1976.0913130853573,700.0644133986292,0.7847618927912761
4535,157.8294677043585,-42.89266870682962,2016.1106916437732,700.3725203217314,16.788961973812082
4538,154.63719565918953,-41.50211270586883,411.56763898339494,700.8297477133145,9.7889022010234
4539,156.08919941470276,-42.14621288999819,1149.3326588561497,701.2459321072608,4.481598105714446
4540,156.27666300942286,-42.228719773221655,1243.8375742718554,701.6092230631979,1.147256324062097
4544,157.75897025507683,-42.863977592886904,1981.6410765967796,700.9486119348097,1.713146104081783
4545,154.07124155028959,-41.248598154661146,121.33320473438167,701.7954801453983,0.9687981265990746
4546,154.6154603548826,-41.49392891077132,400.8874301173012,701.6230530527356,122.38807254658634
4547,155.24504697316505,-41.77588591976373,722.502324337422,702.0230463234915,1.2771041738925553
4548,155.9513014024806,-42.08750063441359,1080.2799844112672,702.0714788143822,0.3157140851372594
4550,157.04928595933052,-42.564090005620045,1630.623812229023,702.2821976730015,6.438230903686074
4551,154.92180212200572,-41.633771914659,558.3063881516821,702.9458436007553,4.284344027183872
4555,154.85232930356304,-41.60449257509661,523.3320919136218,703.8367423289956,4.184966130026096
4557,155.80067055514886,-42.02535569029567,1005.3295696194859,704.0660729544541,10.447400906022366
4558,156.0226133338061,-42.122365943125224,1117.2465676264403,703.9088785419741,2.2756565500781605
4561,154.36469421572224,-41.386946465314345,273.95069025824296,704.5959958243947,0.1417005031124379
4562,154.545315172437,-41.46993913796236,367.11000366153934,705.4133527432468,1.109527386485543
4563,155.57600288902043,-41.92873736640617,892.3002577811217,705.2311577953282,4.475197736544234
4564,155.69527865289308,-41.98092025886677,952.577822375663,705.0349342506643,1.9037488708467196
4567,157.86562528228865,-42.9173548210859,2036.4054261230476,705.1475436321579,1.1959688018443182
4570,155.17773224810756,-41.75471499444308,690.7273325153634,706.4231063929091,13.498196564758306
4572,155.6564007974064,-41.966186623257116,933.5731173888458,706.2402159754423,16.363758757658417
4573,156.4022821328083,-42.292549382737704,1309.4335141000795,706.2528565258343,22.084015782464885
4574,157.4078052560999,-42.72533753058942,1810.7995518656671,706.2912535666413,1.078139649976229
4575,153.96178415555568,-41.20950762925436,67.98765506291299,707.124584664228,44.54973363899831
4576,154.05189115216064,-41.250266761241576,114.40690135278457,707.0416286204131,1.1302094131789788
4578,154.8819848304811,-41.62317147123367,540.0292185221066,706.5647412232546,2.3747589938846034
4579,156.38336783170922,-42.28620283501034,1300.4578884777832,707.1993879325131,0.9314810007705016
4580,156.50139057883317,-42.335789794867566,1359.183351212918,706.3652114779345,0.6061216729948334
4586,157.15119534729942,-42.61881224470622,1684.2826911488758,707.8695931338407,1.571230758225492
4587,157.7997870496843,-42.89599103049997,2005.6602079263464,708.431112200358,21.179032541212685
4590,156.35582418783727,-42.27743073196087,1287.514907006792,708.8177574368061,2.128621037681814
4593,157.46887201121265,-42.75710143988044,1842.5773662135805,709.2081212087879,4.76554044119359
4594,157.4954833967338,-42.767751971140584,1855.5702256618697,708.865825848136,79.17898889926805
4596,155.3407375102811,-41.834105723978745,775.600188400667,709.9717279046323,11.50637338831385
4597,155.74896391633132,-42.01451429255726,982.5146037835291,710.0654734243666,15.18464767547155
4598,156.81320609789074,-42.47891017960829,1517.3768402101946,710.5671861000134,1.5483386128640206
4599,156.99564319883223,-42.55656880110855,1608.098533883838,710.1383193154479,3.3688190036577534
4600,157.13569894996888,-42.61690701881465,1677.851256238393,710.2674472633183,0.8457186321366974
4602,156.05511668984278,-42.15163814230546,1137.7946112280692,711.5112745952799,5.030403408902717
4604,157.20661033754067,-42.64906853904222,1713.570062080304,711.1806690483505,12.775656125439534
4605,157.8246526770093,-42.911978660817915,2019.3588103392367,711.2091525451176,3.289882190552542
4608,156.78678944013154,-42.46938505748986,1504.6966713985585,711.5110547217892,2.4600469559496436
4609,157.10096090424935,-42.60427469532979,1661.185416852298,711.4098212057011,4.742254529916165
4610,154.22187202651395,-41.33953716364676,205.49866258363804,713.1959106989212,2.0296072525612097
4611,155.1664293471759,-41.762535897852196,688.617694228862,712.8935639061639,15.037460156911507
4612,155.95112719165147,-42.1095540150908,1086.339553079767,713.2441724224282,15.141474221433551
4613,156.5406250370055,-42.36723704942143,1382.7839329720784,713.6679171364262,1.0233372651195305
4614,153.9849440338058,-41.23421697168494,84.07972969239476,714.2443826126777,0.7521421214019491
4615,154.2869205233308,-41.371942751375634,239.81524211740108,714.7019008827575,5.047204158812059
4616,154.40780072508866,-41.42525872364222,301.5451268029616,714.0791932047221,12.003747973154674
4618,154.51096989152182,-41.47177711099974,354.4859870283477,714.1051681609691,38.832704309937206
4619,154.59795392912423,-41.510517793695065,398.9554416992769,713.9200788033321,0.8916470390083876
4620,154.84533091653606,-41.62149347551478,525.5136492670712,713.9672368110146,14.94415958152448
4622,156.90379086663214,-42.52546702163791,1564.6018587005701,714.3858024673301,2.7016409950017524
4623,156.06168689678336,-42.162161945910135,1143.2224906068866,715.3751093718151,0.5673105744133672
4625,153.83651977693592,-41.17026810160569,8.522583429897024,716.037307009834,0.6103874841477948
4626,154.3053170423366,-41.38412158122172,250.39105286193865,716.6454084843568,1.0634487064101434
4628,155.2507266205179,-41.80535670889259,733.0180036165876,715.6009206933605,1.903687190106441
4629,156.4514992407349,-42.33409270467061,1339.6428491567888,716.4510120829655,14.23870643374185
4630,157.08445794210004,-42.607198618426516,1655.6685701504846,716.4750294942331,51.808274770986664
4631,157.38611721565098,-42.73565352014502,1805.2703064358316,716.2088227186564,2.856944464960803
4632,157.42528702483804,-42.75048647706401,1824.1772223535704,715.2656679783341,0.07504481518727121
4633,157.60560861182182,-42.82964817001918,1914.0345682624659,716.5211088400474,5.099053224082662
4635,154.98288950628782,-41.68917529103004,597.4987975219923,717.1095439606227,9.758477839590068
4636,156.01301401465804,-42.14415670636149,1119.61619666715,717.0334445567796,0.4436169535664473
4637,157.1093465488167,-42.617590170773234,1667.9695412931846,716.3340714521674,0.14949420474493166
4639,157.67060570285423,-42.85872980021593,1946.534630218159,717.2850303709638,5.931462950888191
4640,153.8480707628944,-41.17887528391804,15.469196642916046,717.7160024331827,6.136719897290645
4642,155.2016917067768,-41.78829673445583,709.4184735917087,717.9758412923709,40.361212870423536
4643,155.7867158472228,-42.04756015181405,1006.1838902689999,718.3653745980769,2.771918028569616
4644,155.90606022367925,-42.09809952540242,1065.9157561243399,717.433094077321,1.4230577883883482
4646,157.15689533850087,-42.64135712203056,1692.5146967849266,718.0549284576269,1.4478255889292384
4647,157.772861750068,-42.90335062850997,1997.3287049940473,717.9487147049023,1.6706853785724278
4649,154.5399444523204,-41.495486034684454,372.4152022396808,719.4718741792882,1.4237757874278136
4650,155.25804571269666,-41.81541052905219,738.6641181659239,719.0295053567689,3.9720342903295793
4652,155.59847425663958,-41.96620125330339,911.4090044534043,719.1257448599787,24.407573047161225
4653,156.42578518564116,-42.32766576608289,1328.0514224956548,718.8449971674322,0.8752033402889366
4654,156.8001991669326,-42.48953271161912,1515.287912862143,718.7812451928553,94.90156713658651
4655,154.05492012176856,-41.27759858130218,123.53909420502255,720.0732707146707,10.6008657885567
4656,155.9301260695713,-42.1135914421673,1079.4278012458221,719.9279036206825,5.6137807749220325
4657,156.25334763848042,-42.25424653819342,1241.9505580506648,719.6402322033007,0.887281990288904
4658,156.3255490650849,-42.286283547966114,1278.371298477895,719.9471194481424,7.701372632123318
4660,157.57876036175742,-42.82531303249928,1902.6407824434502,720.1052077410818,2.9879039550952893
4662,154.18952527745947,-41.339212361031656,193.01779520804453,720.38374892447,2.1191670890847183
4664,154.68084321955712,-41.56216694203822,445.53842219582174,721.1824025826254,0.678418580123044
4665,154.93976988109623,-41.67771640638888,577.7257541807287,721.0267845354291,2.0990252212540925
4667,156.2406210586734,-42.25186370010024,1236.4281845148855,721.2376011022718,19.496949623328106
4670,154.62812027717004,-41.5405262716143,419.13703602386573,722.1973308366852,0.40982280151883826
4671,156.6181546814976,-42.41785796292603,1426.2347264957452,722.2938558566158,1.8954952565068057
4674,156.1982445915503,-42.237490410105266,1216.2636351202566,723.3075212902451,4.3991645471522745
4676,157.25057797685736,-42.69080331090377,1741.5423791852234,722.8016812601261,658.0657989628196
4680,155.58454804144998,-41.9704286726183,907.2664701178766,724.3547449071195,120.47903935826004
4681,155.86175716688408,-42.09049532941962,1046.8540530893752,723.4031568918517,5.886716083817005
4683,156.89330955222889,-42.539740317034656,1564.4590964912256,723.8945889026903,8.11266936011664
4684,153.9121419606709,-41.222057830896865,52.64830100314452,724.7510790104334,844.8423449240584
4686,154.268119312847,-41.38378378871846,236.05111499113139,724.9178825975621,19.123300136724755
4687,154.29373885194119,-41.39623498761092,249.46974740077866,725.3580351587873,1.113735569776407
4689,156.001902550656,-42.15507390105378,1118.3941793827507,725.0006060291284,68.02359562721313
4690,157.0283299767913,-42.59998565380441,1632.2911825476215,725.017203023865,-0.18206004351325986
4694,154.16075100990147,-41.33787046206322,181.61145688652664,726.2511271123934,19.90244813479427
4695,154.1853903028514,-41.34891195423075,194.25431760888367,726.1946784343395,0.7663150940821511
4696,154.86932956141436,-41.655831863685826,544.5164383073904,725.847417596242,19.667381738726903
4697,154.01132603164342,-41.27210166802175,105.24524270329654,727.2457216689897,2.3019372101357725
4699,155.5542664418815,-41.96253000397013,893.4661976037095,727.1083893145803,14.914652330640116
4701,156.57732428326045,-42.410588370611556,1408.6499998830532,727.5535501550952,54.759015696542384
4702,156.6834624280306,-42.45559165533095,1461.466206898068,727.0994615752724,23.244464558021267
4703,156.9966097429631,-42.591538254067984,1617.9013895235234,727.6357861891076,22.619782157789516
4706,157.3487229691752,-42.742266527769765,1792.7626618149957,727.6448234918911,0.4062304716841126
4707,157.4767823978609,-42.79812090398146,1856.5102300548865,728.3013740255018,14.504780930647296
4709,154.32048857756624,-41.41552873664406,265.3009633549664,728.9821728109571,4.739182298109404
4711,154.5939929117517,-41.539188472821586,405.6891557155264,729.2306365935866,1.225182428641081
4713,155.4711486913605,-41.93001539587933,852.5346726084002,729.222312074575,21.52736702143993
4714,155.91724893892712,-42.126571313229164,1078.1106852590733,729.3283691311258,3.2897641996689195
4715,155.9359109146773,-42.13415368863428,1087.353454621843,729.0276138714684,1.6347205183012397
4719,155.88527473341222,-42.11398716367524,1062.3853430655163,730.0523420973944,1.680268458954622
4720,156.26825582630727,-42.281638954784704,1255.1928296689243,730.1999791287649,1.7247737202438413
4722,157.75806747713784,-42.921056702332045,1996.3566894637368,730.1119016142175,11.464445765162585
4724,154.48523342355134,-41.49498646019882,351.32832660562786,731.5933320476994,22.755122301287706
4725,155.30526768606939,-41.859627151401774,769.2342259804074,730.7536818867857,2.553916747588946
4726,155.36646493569296,-41.88686808237869,800.3353606616012,730.8171638587509,2.0139674420402676
4727,156.86884874695758,-42.544329231667525,1556.3591394167843,731.5463207200269,8.257186870514245
4728,156.94378066682287,-42.5753695255753,1593.3651431477733,730.9419793584785,29.525932625848032
4730,154.23442338678612,-41.38217820494311,222.68706600512778,731.7617814158034,35.71083914628012
4733,156.91066039587815,-42.56313626217772,1577.4128128114749,731.9588175659599,5.075339578033081
4736,154.38070074112122,-41.45046686179135,298.46079787002424,732.8862766962285,4.21560782176739
4737,155.1614276302293,-41.80088847027064,697.5801643199364,733.3293508613265,17.724462119901983
4738,155.23266998191977,-41.83139113282097,733.4765607965852,732.7534650453305,3.484241006933467
4739,156.1360042946122,-42.229771000991924,1190.3395308043066,733.1235114430297,10.16276199346145
4740,156.14972725522597,-42.23449406036564,1196.8895007239767,732.4840715969948,1.2253396881096867
4741,156.57849119745734,-42.422788998461165,1412.4257738601236,733.4680087517455,1.7244150919972798
4742,157.1379254213175,-42.663428354993,1691.2001205571664,733.3507831046355,0.023681614555959928
4744,154.60744139145928,-41.554840774216956,415.33879798754043,734.0634210838074,2.0065741539514192
4745,154.7111206225466,-41.60151721567457,468.4204586398486,734.1454635276573,3.0823186165079752
4747,155.45587121060544,-41.932853945590544,847.4895985316041,734.0568928607224,2.751123660218957
4748,156.1854530992108,-42.25396957055587,1215.9203253324777,734.4493248499751,4.100636244244216
4749,156.78757273773186,-42.51464920590483,1517.2788756316897,734.2459501816506,1.0931073962354352
4750,157.6064057356543,-42.864228827451555,1923.5023069232436,733.8908492656333,-0.02020325377781041
4751,157.63225723627968,-42.87577424036608,1936.4181797810813,734.1831026795082,1.4048766731433173
4753,154.64927748988435,-41.57581280485586,437.37659273790655,735.1659079206084,1.1133676065588627
4755,156.30149083679464,-42.3054306015105,1274.4405829524003,734.9117683231977,11.424721262396583
4758,154.01823571162367,-41.29162153681873,113.58770532377409,735.4685047511064,0.7438007252000547
4760,154.72529967472016,-41.611039555138674,476.57710232769284,735.7388518085332,1.519446114157753
4761,155.3588656221555,-41.89380544286651,799.3854694208339,736.0085743619491,2.5719295846888963
4762,155.80756007816495,-42.09255624221487,1026.7035193300812,736.4483823175935,4.874202744167782
4763,156.15711528882147,-42.24502811325808,1202.6222095284145,736.1762337738039,20.96303303983235
4764,156.42240639302526,-42.36025401637195,1335.6933504962929,736.0595042384781,3.7067549910043454
4766,157.10456325893907,-42.65490391448442,1676.1761504333067,736.272141693868,0.7653098353702942
4767,157.15200238451388,-42.6746064615485,1699.574452946875,735.9595672842567,136.05755966937292
4769,154.16886267918812,-41.36421811222373,192.37861393047743,737.636997345693,1.4496812400108072
4770,154.96488282142363,-41.720499084925514,599.5343659396638,736.9192374489244,1.4559456337391512
4772,155.27317620646136,-41.858619393316204,756.6736692086118,737.4150943927079,3.2425003796773693
4773,155.31620543984673,-41.87586172440112,778.0039424500735,736.4902361939967,6.709211292137462
4775,156.6747974581811,-42.471382401932026,1462.4539385982052,736.9808646858928,0.9337966655948863
4776,157.03846310286485,-42.628662279395364,1643.8858909699486,737.3364404674586,0.45234595583650555
4779,155.08362568301376,-41.77550336410941,660.6116299761386,737.9725305411989,1.8252830063355103
4781,155.24246691689217,-41.84579696970412,741.301021732617,737.8193646698319,8.572952073821922
4783,156.10655056204263,-42.22593867573713,1178.0230263590545,737.6822134628379,9.88375368496692
4784,156.18835261294478,-42.26307801098164,1219.5413099037157,738.4113695818046,4.588499288550409
4785,156.40989150190438,-42.35975170181924,1330.7744945882357,738.5519069458754,19.353484489683687
4786,157.42970475061225,-42.79709036004766,1838.2773839242807,737.9392367296488,55.54005376838008
4787,157.57166498025435,-42.85743509685903,1908.4536650281502,737.925859385906,0.42816938841630825
4788,153.98314638416275,-41.282502155519026,97.49717073019326,738.8876284812579,21.04641727953829
4792,154.56903520633693,-41.54714486226564,398.42850014368275,738.8675981387377,223.59208445515156
4794,156.12012909539595,-42.23410367500918,1185.469429845445,738.811360285666,3.062471909167485
4795,156.91184857426236,-42.576299069140134,1581.4250155879977,738.3628760305174,2.2063534377295726
4796,157.38948151590745,-42.78327310948897,1819.2535604958264,739.6212773197863,1.0841003263725917
4799,154.31685050467613,-41.43658655003264,270.00935935572795,740.3854285125683,6.337016179713309
4802,155.87652810973708,-42.12982798599705,1063.4484386501301,739.9822826642558,1.5100363613260026
4803,156.25307269680428,-42.29501909422173,1253.0747387488823,740.3000243159184,6.205584531499074
4804,156.2756332357133,-42.304884603170784,1264.4102934078992,740.321655935199,9.482308248266325
4806,157.25457679915513,-42.725936331177614,1752.4743825983992,739.7378777609537,0.7133799262574864
4808,154.50288646510774,-41.52123159504839,365.6535039258649,740.7916650334766,15.271482727724795
4809,154.76414064017587,-41.638783675766895,499.3891266672948,740.943122069373,1.2420817756696776
4811,156.13224564118372,-42.24327422000388,1192.6338099349125,740.77140121631,0.3836057137677283
4812,157.2449654531464,-42.72333984711233,1748.1124486824756,740.5032235158128,0.9456300980391864
4813,156.06320295050892,-42.21545877455902,1158.5580468447054,741.9525790238292,4.129846747859989
4814,156.49572532208828,-42.40319428134683,1375.4580557506367,741.6877786703191,2.9748914004027456
4815,156.85489132715466,-42.55995891931763,1555.2615535126304,742.4975264235242,3.269717534204302
4816,157.26424645372074,-42.73412218305811,1758.354073795919,741.792286890727,0.6807581997934445
4817,154.65931231870263,-41.59534590574082,446.8271361149024,742.7238466061838,1.5777540783252566
4818,155.55617730064805,-41.995196794126066,903.3647620358846,743.1528778156166,1.190932996704551
4819,155.76762497279756,-42.08780625430022,1010.1122146711383,742.9028206917336,0.3746793560450525
4820,156.338093599748,-42.33772828432729,1297.3026599993868,743.1870550290108,0.8429105628889731
4821,156.44212132005407,-42.3840492408147,1349.7443703518875,743.7618147228008,32.66349527129818
4826,157.76593678281603,-42.95035562391094,2007.0829605495549,743.2898146661387,0.5253193444404329
4827,154.28261984083568,-41.428550483697215,254.58376362966396,744.1127013792169,3.215449352357081
4828,154.46603794419937,-41.51068003193523,348.51204892996776,743.8225989001666,3.1490702216145747
4829,156.7974351040235,-42.53868623838489,1527.5643714382747,744.257220841702,0.6218779069993032
4831,154.73190674717762,-41.63200609535299,485.11633877091316,744.7947426070208,0.7072426419768355
4832,155.28735997272005,-41.88074587553213,768.3523547591252,745.3924553780467,3.464019898058764
4833,155.47719434638802,-41.96404134435668,864.4162224658792,745.0261872577656,9.640598789224113
4834,156.11557002555068,-42.24449340246725,1186.5989202859228,745.0629932309913,1.900661491713141
4835,156.2743041312493,-42.31410029102973,1266.4386100894376,745.2697175245831,5.80675654392263
4837,156.8129807373849,-42.54758483346225,1535.9111707004838,745.3701319630356,0.7359877119343289
4839,157.6595085170974,-42.909464534686435,1955.7222574749267,745.4107021504838,1.7686073747043614
4840,154.0508601764988,-41.32695584912025,136.37877414035796,745.7729373266816,48.0610883300831
4841,154.91136956255323,-41.714925023488384,577.4751669239424,746.1324220426952,0.7489485771937378
4842,155.022970576333,-41.764616877492074,634.3167380721738,746.0899632637444,12.97033858842411
4843,156.4770100685016,-42.40295399850946,1368.2446487804727,745.6680450608218,12.359642611782395
4844,157.58918333512776,-42.88087780937461,1921.3476543620118,746.0425803180374,0.756497900735599
4845,157.78187195745156,-42.96259518886647,2016.3816246290576,746.0802508304724,0.7986384185935086
4846,154.03216377022326,-41.32110764106012,127.52063776572211,747.0946649471446,12.92520033581925
4850,156.09243867655093,-42.23832875789787,1176.056749525092,747.0505344055423,0.6936107155725668
4851,156.16363201655165,-42.26986813049684,1211.9697560421507,747.285603111747,0.5323862350437998
4852,156.59795470695707,-42.45791835885957,1429.4427527253326,746.9730317839444,0.4903489589426194
4853,156.95961607569748,-42.613729849234275,1609.7678676838639,746.9157894555485,-0.09542168653386625
4855,153.8865744796999,-41.25628221311039,52.881389014598135,747.75711470934,0.7260743230152339
4859,157.62378439168734,-42.89927936287647,1939.4108959084513,747.9285713160687,7.033709325274485
4860,153.92354560262888,-41.27508780189964,72.52713595702855,748.7564604497562,1.0499224974357626
4861,154.41491411132588,-41.49836157276672,325.39819165480407,749.201885786858,4.909311930391525
4863,155.09605694666237,-41.80299735894335,673.1760421041765,749.0290774293095,0.6256150766116021
4867,157.30466914616423,-42.765908000868826,1782.27180316455,749.1522200625328,0.0768625614888538
4870,153.98637559606897,-41.305365332818795,105.41020412827848,749.6246216719984,3.6807141115390563
4871,155.75450740596168,-42.0958359382637,1007.3393433005743,749.8612164664821,9.291113157117572
4872,156.628806879925,-42.47711469480075,1446.454259782383,749.9329374417896,1.9820651542900465
4874,157.54494373963962,-42.86985366239933,1901.5606310278147,749.9791545972697,7.405134615329331
4875,157.7908641369609,-42.97340786818566,2022.6566701744118,749.6374502386141,2.7500300095229386
4876,153.811841847166,-41.22891074673245,16.274275172756344,751.0922188676843,5.502955797947243
4877,154.96290166500458,-41.74760140440799,606.5004411786047,751.0034012721472,76.54991815889959
4879,155.28555270418659,-41.891151961567616,770.6020397256591,751.0377899455727,20.713976710177597
4880,155.38517854315265,-41.93622223561448,821.4073083135447,751.5113788284986,254.54587563209924
4881,156.12247708247764,-42.25958257884473,1193.407600418716,751.1597127955938,12.31130067231219
4882,156.60375834650213,-42.468866510027205,1434.6437798913512,751.2395742001639,1.3838599176146538
4884,157.065304339804,-42.66693672880315,1664.4324520115058,750.8873626568628,30.22901356683551
4885,157.22054611035708,-42.73363190651391,1741.5540496258436,751.0049901669038,24.66356896731485
4886,157.28101842541892,-42.75947220851736,1771.532165706675,751.0070541472942,0.7252167971908656
4887,156.41225567673052,-42.38819582306651,1339.4752047171041,752.4085824387033,4.651853791070543
4888,156.5750349176532,-42.45671176475523,1420.36303945526,751.3775078349739,87.77985792374842
4890,157.0904220174591,-42.68035301768459,1677.6229087692263,752.2289397837194,0.4673603739776264
4891,157.26561932579162,-42.754799626411014,1764.4100396832814,751.9715370729559,7.862164238453961
4893,157.72495981449902,-42.95069364337199,1991.5575341965207,752.2599671613168,27.950680349663685
4898,156.09210021730442,-42.250468421788185,1179.2846321621994,753.2544722890572,33.27094787375249
4899,156.3060526326743,-42.343229492875864,1286.5766744456414,753.006549114341,1.1485277575130342
4901,154.6501070300762,-41.613190829936705,448.4319142269379,753.7720913258813,236.21938460619106
4902,155.7004289087254,-42.08080076715435,982.4743289521779,754.271698360028,3.22583901763371
4903,156.97940317303824,-42.63719110710269,1623.6481558409976,754.4894136439311,14.700383690031298
4904,157.1346922265982,-42.70255816313359,1700.4755902357672,753.8704287564192,21.02671682547228
4905,157.70812842358944,-42.94779315323174,1984.3789899225997,754.4038691105603,623.6298832709588
4909,154.8901406365943,-41.723999131230826,571.9471566813077,755.4673984773912,1.7042825821011967
4911,157.01066539380201,-42.65281719394162,1639.786925326454,755.6055139304414,5.386361572189498
4913,155.26936166334536,-41.89438910090549,765.3275820380777,756.2844062802201,0.8268608298817988
4914,155.70949121381037,-42.08888749661818,988.1969284460074,756.3394629990412,190.10684075395167
4915,155.7377723070785,-42.10176447003693,1002.5993740990212,756.5617210312439,9.288876998420626
4916,156.06537350364584,-42.24315252950476,1167.0519605483778,755.4552875419469,1.2934966571794435
4919,156.82276443954052,-42.57388353818724,1546.7719041104995,756.5440193220281,38.03727126042075
4920,156.87176165068067,-42.593491555566295,1570.7756676236095,755.7920011303471,5.934631321711594
4921,153.84405004145083,-41.25561046511797,36.41969599853741,757.1270398085653,100.41358635346629
4924,157.02643937729025,-42.66360288106213,1648.7096673776346,757.6390484107885,5.310146122170123
4925,157.40010558603345,-42.82160915109165,1833.5225057331036,756.757396027683,5.237903630238078
4927,153.99665263149097,-41.32653863437379,115.52315797296157,757.9075661037415,5.022698513975573
4928,154.08815164332125,-41.36944857051699,163.02609397774577,758.6140575926873,1.582762903008558
4929,154.22967032548513,-41.43203911679139,235.34316672943905,757.8795474748559,17.984875230212737
4930,154.36435189160017,-41.49322575290171,304.57601558562305,758.0708949113105,281.7856146088675
4932,155.1573829282047,-41.848433124318966,709.5143186472881,758.1750686691113,4.3305905622235095
4933,155.17309061034737,-41.855518838188644,717.5269398477319,758.2286909893675,1.2829935402939938
4935,156.54718448049402,-42.45888075833653,1410.3237802014878,758.5691346741617,108.55901804032706
4937,157.77267028063395,-42.98236655785747,2018.0861396401592,758.086858440151,11.709902975510094
4938,155.21764320927937,-41.8779822929776,740.918367877642,759.5777303496362,0.5740623778747096
4939,155.57854722981213,-42.036593880343105,923.5263916467885,759.0481037971247,9.131130736988444
4941,156.838520567666,-42.585433952475846,1555.9121426017366,758.9549784888615,2.150390566884895
4945,155.07578848096543,-41.815186246387526,668.889374684624,759.7051365901758,0.4851437438543494
4948,154.6239068239194,-41.616082941246596,439.2448761605838,761.1355997734553,0.8015374241112522
4952,156.30131427769015,-42.35730992884109,1288.6382863792717,761.1609437624195,4.607905261104349
4956,155.1878953046596,-41.86965309015765,727.1901776318492,762.0343388226295,1.173476902697714
4958,155.50563760924467,-42.01059587290253,888.3715011900376,762.1580859058499,4.427411250499747
4960,156.2084180967762,-42.318335774945844,1242.4426613518349,761.9023814367717,1.337039709974954
4961,156.52327170566625,-42.45639767411301,1400.5188410784413,762.5487221607463,7.5602013056401205
4965,157.40678490724187,-42.83573139042959,1839.8306693216518,762.4728112899098,0.6792513125026026
4968,155.52319160317785,-42.01957980842203,897.6016721391289,762.780622861343,176.6104216353745
4969,156.44096239102964,-42.42109534325342,1359.4479214643086,762.7391654278779,6.069671230891199
4971,154.57736374214073,-41.60108620101806,417.1386690290907,764.1004111934996,0.3647873374160615
4972,156.0669297459984,-42.2611345773091,1172.6219864991826,764.1897144312208,0.9812592513879678
4975,153.86456330852982,-41.28019317771899,51.46472381707757,764.7739015137965,0.6155444578833303
4976,154.00396414739265,-41.344106719060484,123.44694776958289,765.0572525081449,3.2722439126937695
4977,154.45005209242808,-41.54457524060734,352.18194671811034,764.4696786907748,850.820707372081
4980,155.22984960199432,-41.894177455364805,750.166608659832,765.0050210668002,6.446965110511809
4981,154.2621882333016,-41.46369549337383,256.96104365859907,766.3966410304075,9.603665955418888
4982,154.394442550871,-41.523067043238576,324.7101574006705,766.2472007587179,1.9904446720726863
4983,155.4231352456549,-41.98178655629661,848.7475755582195,766.0090641691814,10.761854402620441
4984,155.63184103754892,-42.07289429844569,954.0576607643744,765.5085023324792,0.6586142380539278
4986,156.16190482832587,-42.30659963647255,1221.4474376711669,766.214476364198,4.414208864934794
4987,156.56800586330797,-42.483051071091985,1424.8671076923722,766.2318493769054,0.2782302732130715
4988,156.73768174554215,-42.55543195614912,1509.3059712883726,765.7622584104427,1.270119796664053
4992,157.24580937031874,-42.77632536071251,1762.6170848027257,767.1628850488479,3.4652979996307574
4993,153.8165381254846,-41.264485709283534,28.501684172589616,767.8599975651733,1.5761750358309736
4994,153.83023738605155,-41.27100897279441,35.65094959164191,768.0031664849711,0.11536565452865423
4995,153.87412663263152,-41.29127911852243,58.366967471527765,768.1517666903471,0.7469024767973066
4997,155.73747772825766,-42.12433722872405,1008.7884758963606,768.0109546813941,7.27020299997441
4998,156.47149589192776,-42.44481501930158,1377.5932224240955,768.0345273969386,2.525062370462921
4999,156.58743325363136,-42.49565405423399,1435.7174802884867,768.3538391735945,12.797396084026806
5000,154.60011133319014,-41.620407636833576,431.39178631243146,768.6778027445839,1.1070093086027557
5002,157.22726481954527,-42.772300158420926,1754.4714459981358,769.1373597260039,24.31937549758918
5003,157.62156276686275,-42.940460769403614,1949.4652550568258,769.2912583093407,1.4126977670916285
5006,155.15347232245182,-41.86949933439541,713.992066490103,769.6558056022153,2.5892986279035752
5007,155.46539001655142,-42.0070063289129,871.9860008387099,769.3066024446101,2.7024808574804378
5013,154.84831805601758,-41.735900579151796,559.3596700366492,770.8525548790255,3.5987319133377844
5014,154.86163523724525,-41.741799413595245,566.1340799093197,770.8267665457322,1.7551627502039129
5015,155.5410563248076,-42.044707680480606,911.4794448452157,771.472082619907,156.69907487565922
5020,154.7632532187432,-41.70002875311046,516.5907873086816,771.9434920393693,172.54302067804852
5021,155.81321790463932,-42.16601882062436,1049.3360680908056,772.2544798188732,3.988098112204562
5022,156.242745428782,-42.353767569570124,1265.3068173713132,772.2454326525204,1.2431761804983399
5023,156.52851612144332,-42.4785219439419,1408.5636386922347,772.5837393257186,1.989745715492991
5025,157.67593874275101,-42.96827804481867,1977.5289727211587,771.7098919004895,0.9894070564528324
5026,157.74041266996775,-42.99667572607224,2009.5740996372772,772.2685795698472,4.8297788206103425
5027,154.26136041086133,-41.477609408691215,260.6795891029878,773.5706646992526,11.294565347687982
5028,154.66469216490907,-41.65815698555719,466.91985948435274,773.0891850836517,9.114821597486811
5029,154.70510020679225,-41.676372151870474,487.58829131472476,773.1418636117818,13.621438772710393
5030,154.8269035856209,-41.73017269617094,549.5391819635832,772.7854054401239,0.39738575737010606
5032,155.79492555236243,-42.15960125021551,1040.563075766479,773.0677644994596,13.338807550157604
5033,156.77485322649213,-42.58539161211824,1531.6150314492647,772.8089460109187,12.063455265032974
5035,153.82526469187323,-41.280535946871574,36.54243573507301,773.9158569904247,2.3727908422559434
5036,154.2913550649988,-41.492529478997376,276.46842072239866,774.2615017527271,18.272464006279403
5037,154.48039170221597,-41.57703761164345,373.1452459478615,773.9194645978782,0.6066430688910275
5039,155.19702282037085,-41.89721677374482,738.4842320077648,773.8717792229234,3.214221897500054
5040,155.34571828028237,-41.96283084256823,813.830596388416,773.7153007571757,39.91536112160848
5045,157.56594619844861,-42.926026376946915,1924.4604785033184,773.9378895527333,3.466313239748908
5047,155.29768026725765,-41.94458905240709,790.3322473148754,775.2443943038729,37.553142099779954
5048,155.576519280246,-42.0673082762318,931.3624876228033,774.9808050234162,19.110043313561995
5049,155.72082102563843,-42.131603373214375,1004.4561385134358,775.367470390945,0.5319376371113631
5050,156.2694552765656,-42.371435831150535,1280.362549763677,775.2970716609437,2.0838618425553546
5051,156.42003817146102,-42.43593972320728,1355.528704483202,774.8277513739922,3.7404040722922116
5053,157.19191358797917,-42.76958480696554,1740.2714125204384,775.4153383663929,0.788945689237471
5056,154.2702416731255,-41.4863613340589,266.61150875656125,775.9509966863699,1.921501631466027
5057,154.89987621536193,-41.769601480302434,588.6835549178185,776.2213858078067,1.6777819350282104
5059,156.0702279173884,-42.28703439062975,1181.0460349283942,776.5360848733795,4.4039205973337845
5064,155.59739647113818,-42.081244522994524,943.240632036746,777.3672789590989,4.36629021752975
5065,156.0524922059541,-42.28003541543245,1172.3401717762597,776.9140403369784,7.475134839716832
5067,153.95755104224236,-41.34944800528605,107.26566729555884,778.3083942516762,0.60973671999589
5068,154.3903593839173,-41.54457027896772,329.36497136264296,777.9722474169363,8.011040984569796
5071,155.43664789440572,-42.011269766902366,862.2067900704386,777.8538753564685,5.579868718946659
5073,155.9132201611068,-42.21989373411215,1102.503039836443,777.3118408978269,2.2358952023664616
5074,156.2429692260563,-42.365718663508545,1268.6823027182263,778.2316906550216,88.168909297203
5075,156.8869830868673,-42.64419670365181,1590.294195091727,778.1352175829522,0.2208932149629966
5076,157.10767074983255,-42.73872018669798,1699.886101747063,778.0405312751508,0.3443349204055192
5083,154.91219004357885,-41.78046419247275,596.4870905994233,778.9209103935965,0.3923132301695367
5084,155.58015647250477,-42.07661040262293,935.3588610436642,778.8611766820468,1.9087938480281421
5087,156.51746980724062,-42.48524167280289,1406.1852488353936,778.3979384894966,0.905379760579197
5088,157.14829095559688,-42.75817603600934,1720.588928921365,779.0870177711593,0.9208489045981947
5089,154.0722302585939,-41.40523161318064,167.36351683291207,780.1925249917468,4.8623926149571135
5090,154.66988686002793,-41.67456591312605,473.61475563739884,780.1669297880586,10.279395877568957
5096,157.76652318333444,-43.02314536157178,2026.4906749560648,780.0934190792944,12.56131580751786
5100,155.4992140049178,-42.04600375837759,895.863676271703,781.4303253590849,16.713228099366006
5101,156.26820826984124,-42.382854569670386,1283.027843963604,781.3380177104619,0.9319132688244359
5102,157.58471242923505,-42.946707727181895,1937.0866870890968,780.3850160438591,0.9952750797179657
5104,154.0080704541637,-41.379254321872516,135.27312413795073,781.7563875305163,18.359661609347263
5105,154.1871183113656,-41.46103472222478,227.49733132527254,782.09487002872,38.3875686078882
5107,154.48964318764925,-41.59664154672773,382.33337302715455,781.6778472898177,6.376871105787744
5108,155.28469336382486,-41.952198007434426,787.5210152270947,781.9745209543438,2.632258331043341
5109,155.39445148850825,-42.00139560458843,843.3128382691303,782.2780854420669,14.65489376455968
5110,155.42362203632922,-42.01446487140088,858.1315300115962,782.3641488796304,5.508737948629941
5111,156.07050676913644,-42.298542866347034,1184.3355584036728,782.28339744066,5.135519223726074
5112,156.30507281391442,-42.40112169852286,1302.114376841345,782.465405691479,11.246883409376899
5116,154.4713040069572,-41.59222938189233,374.05430627815747,783.6055253750685,0.21086265486469838
5117,154.58417281880685,-41.64180396859812,431.45438851416685,783.0270375617596,0.6112802585906378
5119,155.37084844368005,-41.9918014261097,831.5965337073474,782.7049998290404,40.53611577986853
5121,155.2918649877518,-41.95891969136603,792.1582756351795,783.7589088225042,3.8903735229017293
5122,156.11818577911038,-42.32270096710876,1209.206309205887,783.9714925845752,0.5373381412183169
5129,157.73435946824915,-43.018972277014335,2013.1496268919566,784.8770545834294,11.14071250191738
5130,153.8310515036281,-41.30698047598933,46.50366979987872,785.854836160337,2.4404192466991126
5133,156.40598416380467,-42.451788614289796,1354.5097201603608,785.9165791226053,7.520900118532068
5134,156.56889122649457,-42.52174234095198,1435.759962472738,785.5963955605023,0.48486090735362986
5136,155.96585006347684,-42.26226144507527,1134.3499707183694,787.0622311993184,0.9562753997016803
5141,154.02094170202864,-41.3974488766518,145.4985421837252,787.9548379590077,2.6483659290316246
5142,154.11820045926066,-41.441440894575635,195.46984433406377,787.912803831691,0.7149184447128847
5144,154.8261684106725,-41.75901223383483,557.5023344335265,787.4540054151149,1.41454680694127
5146,157.07395636416086,-42.74609646093476,1689.0219786939629,789.0857720953034,1.9114723410878758
5147,157.11840611950643,-42.76410573912849,1710.794214316667,788.5653646609039,2.094670755037821
5148,157.5150724860332,-42.932921420197204,1906.9185770685638,788.3854386926665,2.3531666617269047
5149,155.4315158670978,-42.03194980905384,866.0656091854271,789.41471754499,1.6816450622603343
5151,157.09642448391537,-42.75603815092239,1700.2534099624538,789.2461803540109,9.709495870397221
5152,157.16589502834697,-42.785828154280324,1734.7126143566277,789.2748880588381,0.9714761947661135
5153,157.21410130298645,-42.805576604670456,1758.3656737563763,788.8391275377302,2.228773320575111
5154,157.3474695397742,-42.862809903650934,1824.4520865735392,788.9987941563998,8.205588592784512
5155,153.8637311454499,-41.331027204778586,66.03159005605372,790.4562808160832,0.5385586870325914
5156,154.04972811327374,-41.4140940349423,161.34852431595476,789.7567694888519,0.6623887057065126
5159,154.7846906621419,-41.74634904113381,538.0393294970621,790.4114314712483,1.437750905772736
5160,155.02102948220903,-41.85024731100295,657.934156427881,789.6177164382457,2.155816981896249
5161,156.0530306767539,-42.30766723001984,1180.191430432128,790.7409375723316,1.6096388069838037
5162,156.2870957147362,-42.408172030689414,1297.1947150607555,789.9743853907428,9.064211918166103
5163,156.7317969359656,-42.60085143767561,1519.3940803535354,790.016017624363,33.95149139688661
5164,156.79296905376543,-42.6282567712036,1550.1433023786155,790.5415228876448,3.371196097490688
5166,155.5909245366399,-42.105895568596445,947.6759376731058,791.2290902043726,2.024365227652833
5167,155.6114657940228,-42.11479997083131,958.0100329847131,791.1560719657331,14.410469679216783
5168,155.8069073743195,-42.200717677459615,1056.592349462108,791.1514740330983,0.5137723019320821
5170,156.2121181296227,-42.377608280450175,1260.1864937339485,791.0187051139982,1.4421435223722296
5172,156.80695031970302,-42.63472510782431,1557.2244824253462,790.7673587706327,0.6680594649153265
5173,157.25925793330006,-42.83007483622297,1782.1186776294016,791.4779008394232,244.60276723346138
5174,157.48770529430104,-42.92740680497041,1895.0365242967373,791.4848340611132,1167.2027452268715
5175,157.62258848726114,-42.984550978800115,1961.5220949885072,791.4265495297246,6.0584203913144385
5176,154.25421977936247,-41.511517889408125,267.78403271348174,792.213410107675,1.1036079949382689
5177,154.734867366219,-41.727492812052795,513.6127619986985,792.1398441972794,2.4355702349857533
5178,154.98438483664702,-41.83840854935446,640.5724862591914,791.8742728959649,9.56501156327915
5179,155.25811039043066,-41.96039192597674,779.6857242756182,792.0337179932425,1.4801564961844227
5180,155.53873851751572,-42.08518149246379,921.9502226923776,792.3838390357997,17.32315865781333
5183,156.85209328968784,-42.65605746873037,1580.2034459898712,791.7284553513656,0.8958848831369166
5184,154.37106041524945,-41.566304514539006,328.2750485719856,793.2550697912626,29.752509950002825
5185,154.44745983022312,-41.60007054122464,367.20818436806957,792.9336413700381,0.4044199183167496
5186,155.7236199970149,-42.16776542823932,1015.6208502407617,792.9801449263393,1.7376642349805707
5187,156.09526320756635,-42.33137967956227,1202.8588396535097,793.4014131912417,3.0156532248249825
5189,156.52130416429495,-42.515832273804584,1416.0028711966538,793.01862841258,5.458238710197918
5191,156.95031782299986,-42.7009529360205,1629.7597824799952,793.080308028912,1.7190740361905505
5192,154.92056079798382,-41.814089576618485,609.2733325980662,793.9558454375125,2.473788777536525
5194,156.01257653597696,-42.29614048299901,1161.567612625239,793.8450760888743,3.7412946829191145
5197,156.92417452405417,-42.692824286911915,1617.6055564396302,794.6495661417143,20.720763434359064
5198,153.9632344420287,-41.384885107564365,119.78813926210073,794.7887829829251,1.276566011144143
5199,154.2357791251397,-41.5091204666171,260.0453586818963,795.1912377099794,4.6624271088309275
5203,156.16387013593393,-42.3635517170967,1237.9093897571036,794.5354171067148,0.9657755536761395
5204,156.58913749520855,-42.54785052906476,1450.597608492035,794.366543481394,1.3312525758081548
5205,156.6252895087833,-42.565379439034636,1469.1530961109152,795.3278132630498,22.520003530091294
5206,154.11466630136084,-41.45579887334455,198.29752656829322,795.9205579309645,5.109230752511604
5207,154.34893057055064,-41.562506076410045,318.72467712593425,796.356512382781,0.21932343973019708
5209,154.90939397497417,-41.81315016177758,604.741636772011,795.9892392614616,2.6778599492835586
5212,156.19142100774002,-42.378097877571044,1252.4274699399484,795.8176345962721,1.1431183147400812
5213,157.39845524896947,-42.898538480578544,1853.3852244994064,796.0959659566219,4.229536763031554
5215,153.90784798192485,-41.36344286605924,92.36767186173746,796.6527591881602,3.3728226659227896
5217,155.4634214564316,-42.06128543680429,886.4938004885372,797.0919700734978,8.195635661684877
5218,156.3528981287646,-42.45139560225311,1334.1582364018823,797.3602754397187,16.211482226617065
5220,157.2216538216536,-42.82529966832883,1766.5218045331112,797.1925589137496,6.066731227096571
5225,157.3578233871644,-42.884802818861694,1834.2585004099694,797.9048667195656,2.163968458059595
5227,157.73479363663782,-43.045220736318015,2020.235550474606,798.0962913275773,0.3237269598391708
5230,155.58512479838328,-42.11919202112266,949.1876540407815,799.2178066371382,0.4437257282512503
5232,155.82969370323264,-42.22613744133614,1072.3639752708666,798.9290612112885,98.29814096730817
5233,156.21078421349236,-42.393669561106286,1264.1018142043172,799.4210260108788,1.5351129913089898
5237,157.68269540729762,-43.02564223796024,1995.25195911542,799.3487448729641,0.8695846686566774
5238,154.92191033206845,-41.8270748660036,613.4906778650121,800.1841841225385,4.718659881988405
5241,156.06743608387436,-42.33237828412589,1192.5212237633004,800.0364488447764,1.693825124327163
5244,154.69142373274326,-41.72491676016391,496.28539546137284,800.6241501550262,98.73761379467308
5246,155.37927653115315,-42.03182642311974,846.0914095221958,800.9859655252612,2.3756988709680966
5248,156.29280922730945,-42.43172353241621,1305.8465817212286,800.6130925995079,8.08678427999286
5251,154.48978344929748,-41.63780020159768,394.25176374155166,802.3221687924369,10.933828328317027
5252,155.15948952176404,-41.93664862378811,735.320530550933,802.1105991184751,3.5782924340946205
5253,155.8481932019943,-42.24063990733267,1083.4562213783247,802.1514701418583,0.6603440320622893
5254,156.57658171216627,-42.55749881363033,1448.4421094119664,801.9872174836813,16.7638075523333
5255,156.72478657673327,-42.62208755369904,1522.487767276343,802.2826377603935,17.27855090551851
5258,156.13790821977304,-42.36859647659669,1229.400455913518,802.7954350515358,2.8335779704140713
5260,156.8668605483,-42.684911964109084,1593.6338306258015,803.1106838509065,10.236213051522194
5261,157.00748703775218,-42.74539845094764,1663.5159735689344,803.1542981309271,0.9300109643085226
5262,157.5163362355556,-42.96307324663876,1915.4006640288621,803.3949232155245,1.875216139023619
5264,153.98350771802592,-41.412643309522075,135.63460138419475,804.0956005133577,191.19084784593113
5265,154.01523446387256,-41.42747565731279,152.07620612598316,804.3157977354117,1.5109028790322496
5267,154.71878611289898,-41.74314674855796,511.9576562731349,803.6276807845692,-0.02978652815139329
5270,156.60759724593086,-42.57543955312804,1465.1501598013638,804.2774982310585,3.890804605885575
5272,156.75912073404626,-42.64080466497974,1540.6474322984607,804.262371342144,23.58272600142154
5273,157.14054472059672,-42.80519674370253,1730.2532165748923,804.570820017748,1.3683728378794675
5275,154.08859071480217,-41.46177407442765,190.07904592217636,804.843152068348,2.1887107448863277
5276,154.24537444583953,-41.53240687273243,270.4635646124747,804.7042412386193,3.7670415741894905
5277,155.4016983444896,-42.048549777529125,859.3569420632103,804.4148396569817,3.874183599929606
5279,154.42377681941835,-41.61526908376345,362.5515822917628,805.9204920980525,0.20211444216614094
5280,155.00097355340125,-41.87469644626304,657.2316211676213,806.4115345398935,11.427025775007092
5281,155.98938218728773,-42.310558318522034,1156.7152482168399,806.2360327794321,2.989834719343249
5282,156.39908314515918,-42.48973596390746,1362.2755978244331,806.5987656334972,83.01524551686293
5283,156.89139573537224,-42.70126737651084,1607.3995286484583,806.0474750071761,1.7542045199394578
5286,154.6594946856011,-41.723024747434145,483.55329581604803,806.8635631395147,4.23842758609643
5287,154.70014136482644,-41.74164007013236,504.40843287722686,807.0667659992948,212.70567925612025
5288,155.09648516828085,-41.917883965740145,705.9539613771266,806.7563225242252,2.7338334379857496
5289,156.00800191051897,-42.320398443845534,1166.5411780348768,807.093617902142,1.0488188046388662
5290,156.27360983882662,-42.43714109902051,1300.0164406231681,807.5645830169493,3.9174739904664033
5292,154.5601690038948,-41.68080239044485,433.50590644884477,808.0371575163266,687.7611351358128
5293,154.64397260039811,-41.71885336114222,476.4309082851679,808.2638550500428,1.9069721634934735
5294,155.32069861564239,-42.02010458687112,820.4343218642617,808.1368751550544,12.088067324705252
5295,155.3640758391689,-42.040241090818384,842.6618267500558,808.6097418687852,2.209921360070076
5296,156.1287271003638,-42.37496511021335,1227.65764559844,808.030602930197,4.7723795670215505
5299,153.71908764240013,-41.302523589524164,2.4356019790590713,809.1886303279666,116.81931128482202
5300,154.91309678014665,-41.841129139809695,614.1333546275673,809.2297435703272,5.679820705986974
5301,155.17774003320383,-41.959383412761774,748.7247925459676,809.474420249454,0.7039517354196115
5302,155.83399146605075,-42.24585846130233,1079.4914350350373,807.9235002476656,5.561443529620269
5303,157.4460495505751,-42.945564382907286,1884.0091468466317,809.6605130031004,1.7287846261253796
5304,157.60924280190537,-43.01339189669669,1964.0746957231006,808.9158844828625,0.5518184975852459
5305,157.69180160730065,-43.04741184399008,2004.4620956094413,808.4321628904827,20.36793685564136
5306,154.16340270569918,-41.505584979291115,231.3828735460238,809.8360073686051,192.49319359417055
5307,154.9640487711105,-41.86551502955691,640.52648566121,810.0682403170799,1.6149740674094262
5308,155.3037724193663,-42.01667153567393,813.0076062967684,810.182086726703,23.156668424126476
5310,156.73034299768014,-42.63996289619696,1529.4566672666126,810.1089841368046,4.073138823064553
5311,155.1499977651347,-41.95026254545219,735.5556366597596,811.0835727316825,3.828139996429095
5312,156.5616037007331,-42.569615815551174,1446.0387459061997,811.3844516497961,3.9092194605163213
5315,155.60795524107644,-42.15530549398763,968.0108310416424,812.3484380069627,1.3597275513959195
5317,156.78250071904546,-42.66523140586494,1556.17520634628,811.5203466681814,0.9379046857223872
5319,154.52428299763466,-41.674621280153566,418.02927185976824,813.0289273572349,1.8476148397829224
5320,155.0414081649221,-41.905571941494344,681.4404082048032,812.8878153633269,2.041313616900514
5322,155.4354919484888,-42.079464536902684,880.9482724955266,812.463128147418,2.0467845565328835
5323,155.5926364938248,-42.149524775367716,960.5496781977126,812.8352223207864,1.9461352400879375
5324,156.01275363887768,-42.333307642270356,1171.9276003704467,812.5587372714728,2.0667985198443177
5326,156.3891875620682,-42.499206884395186,1361.0994406092411,813.5511951974971,5.555623025824113
5327,156.92840341278827,-42.731092528789326,1629.5455038371194,813.0905797639407,9.654962924579952
5329,157.13082085867768,-42.81847912815614,1730.1149033776824,813.4002342286997,3.798680527428584
5330,154.47138015584,-41.65342694566801,391.73144008425487,814.3273446522912,0.711865113108384
5331,155.2700021600229,-42.009596676044204,798.1264249304944,814.1519388741475,6.279527818902491
5334,157.29853903152872,-42.89154430334881,1813.494689456838,814.1195962392314,1.700406429692834
5335,155.5088399648473,-42.11815457750566,919.7950131248633,815.6410790419473,1.2901583387434197
5337,156.03458990671004,-42.348161338920626,1184.3633029464281,815.2390306365825,3.344881161983552
5343,155.09991455409835,-41.9377128390323,712.8887394442077,815.966379089309,11.4534901937557
5344,155.7555427533596,-42.228369133314054,1044.7050299861241,816.4625845019091,4.680147252356177
5345,156.48337756166563,-42.545572048376286,1409.6733868637866,816.3441856425662,1118.270326968453
5346,156.52109212505624,-42.56161224610255,1428.4217575627865,816.1975804368494,3.6227171022528233
5348,153.97146878039203,-41.43214153088105,136.73019054069735,816.6141605453671,12.051329324239731
5349,154.13939877746722,-41.509424663027275,223.33652053916225,817.2107925164952,212.50683733341404
5350,154.32512689531563,-41.59340990049904,318.5783284896974,817.2602264135145,155.46500910012963
5351,155.2939215799028,-42.0269039202981,812.1376531023903,817.5300596359449,9.0841017521379
5352,156.43665490487703,-42.52742896435761,1386.9125335951112,817.4069347542552,3.4600882924009055
5353,157.07071056823676,-42.7998621208273,1702.2376328595997,817.001760725932,2.060749378782752
5354,157.2717868387588,-42.88453939540349,1801.4450913013138,816.3513445554712,116.15636169297056
5356,157.5614254219982,-43.009396707139416,1944.83209474038,817.1703899742379,0.7658285491115214
5357,154.92532266417135,-41.86444855169411,625.4457835881799,818.2145704240448,5.973681736579037
5358,155.35654829121899,-42.056547368847625,844.3851384839265,818.4974732151894,7.386542880067689
5361,154.1488224547216,-41.51757789824053,229.30291940600986,819.1625463307087,2.4722860098713215
5362,154.19239349035783,-41.53720499248622,251.63209782730993,819.1253742539546,0.9145212018889645
5364,155.25638038107832,-42.01251164516732,793.7536988184171,818.6581309097006,2.9060218947467353
5366,156.89546464332773,-42.729240254746564,1616.505224013551,819.3120443051254,1.6802275692777076
5367,157.17551945715456,-42.84913878018008,1755.345085109818,819.2435998546061,9.577879399580048
5368,153.75213611899883,-41.33818917366469,25.521782744337713,819.5132828778653,14.142164920064106
5369,154.05245244330132,-41.475766982587366,180.35943687717148,820.0752680213768,1.2135560993281551
5370,154.45835159649366,-41.65919273996697,388.42208054785084,820.1656073750842,9.755537399010088
5372,155.00608556546118,-41.903777516820455,667.4537892571201,819.894644512386,0.30899173228781857
5373,155.1281999535144,-41.958124095420914,729.467699372478,819.9118787167868,6.917938518179058
5377,157.1478804092681,-42.83953795160848,1742.2551087775305,820.3657170983944,0.7288604739120141
5378,157.6747206072603,-43.06350400644011,2002.2153419889848,820.2567363848037,3.8759137082797315
5379,153.9534878914656,-41.43373889456853,130.33436936334357,821.5076306738838,2.041049862873157
5380,155.09064952471243,-41.94445158559938,711.2663220948333,821.4290493303369,14.77091820657687
5381,155.85405727128443,-42.2799508280422,1096.6250820335604,820.6787056638199,126.65367269205258
5382,156.37367426701738,-42.50734438914121,1357.4190221983133,821.0610956229419,21.052666698402632
5383,156.67804127067174,-42.639462526288575,1509.4020113502231,821.2607034178666,2.3746204787543492
5384,157.47288500223425,-42.98004001233434,1903.3766762292025,821.3471630783499,2.9194808553428766
5387,155.47135585396998,-42.113669628824596,904.240710519982,821.7141078298934,1.0493574286079639
5388,156.362002182824,-42.50459283321022,1352.2182692718495,822.2301391493404,19.357732953957736
5394,155.54093976462266,-42.14687196968632,940.0920712290946,822.9764223650462,1.5726212890607367
5396,156.0303904262275,-42.361959092772636,1186.5806111563465,823.1256590044775,12.118060468466664
5397,154.17547125706102,-41.5405294174056,246.1400452713534,824.6317156101481,0.7952612695496383
5398,154.2770433649976,-41.5851609732322,297.8414474847584,824.0065793151003,1.2034978381188568
5401,155.87174076381234,-42.29400134104981,1107.271248981087,823.8561638012861,10.048435558033228
5402,156.47815561888947,-42.55935504244177,1411.4509169213468,824.4495801388364,1.3926112910209534
5403,157.08353256033297,-42.81898737035422,1712.2554564299874,823.9014065249705,2.327431824567312
5405,154.26543100379368,-41.581603320936715,292.3799541722104,824.8512561587767,1.3704500358773994
5407,155.5136796738437,-42.1385835246056,927.3735077577826,824.8564494406861,0.7823882623632933
5408,155.5788202069813,-42.1679654045793,960.4459938163453,825.1930532065795,2.8951404468717286
5409,156.81164553041205,-42.705481408014606,1578.1738734656115,825.5274121785845,2.5729954788563894
5410,157.14954997133214,-42.84939112219932,1745.5319961061348,824.9915531569583,3.3504897943997176
5411,157.18911041884326,-42.86658392626129,1765.1884610020754,825.1341055865015,1.0127756730839723
5414,154.51000116288043,-41.6934589984292,418.004233524317,825.7135485201686,1.0842513655660433
5415,155.55233656930275,-42.15836209234816,947.6584682075411,826.2340185922048,20.11152063625451
5416,156.3144257180113,-42.491280125258236,1330.4425776307248,825.9413244173705,58.954272641651386
5417,156.32722287892017,-42.49758307419179,1337.0471856019833,826.3167108522091,23.097947481652287
5418,156.93052337186958,-42.75778452884943,1637.5545392029267,826.1319392118189,3.8929733525336436
5419,154.13207106587814,-41.52571295550726,225.2756656200201,827.0458235762679,4.012008290264873
5420,155.71954250307397,-42.23364639307079,1032.45261959414,827.0933335131997,2.7867353268814874
5421,157.10815587026576,-42.834923541580665,1725.9029217362684,826.6318621915433,7.768830888610146
5423,157.65193342913892,-43.06629081868161,1994.2897882245773,826.5606865516179,1.0866468983741198
5424,153.70149169550152,-41.33239613329287,4.495863236153887,828.1775072108046,0.8021022277762023
5427,155.90277660122567,-42.31572000618364,1125.1323935861808,827.9534637075262,3.728236641099028
5428,156.15006059471125,-42.42408872235367,1249.3410194746548,828.1281869137988,1.943673702644995
5430,153.74312240266156,-41.351854959269524,26.09308312853711,828.4194374236143,0.37787037155529485
5431,155.67926537450154,-42.220221548363796,1013.352565314463,829.2492238258181,5.078590594049704
5433,153.71622835146002,-41.34334626422534,13.334609449437883,830.297555345858,2.6443616194976904
5434,153.97255801181234,-41.45885700222382,144.94383137622452,829.7627492205098,0.44667182429075203
5436,154.52128703966656,-41.70788845242412,426.46449031616777,830.4139967043433,4.779895511896134
5438,156.2306858585471,-42.4622927470146,1290.5780687054832,829.6892164149307,2.3407461977677664
5439,156.81565863729344,-42.71700538826604,1582.8206229901505,830.4810041468387,0.39342942197350717
5440,157.13114466462002,-42.852211825292756,1739.286713457582,830.4033199367385,55.59699227193301
5441,155.2085782178964,-42.01668868829793,776.7047375442876,831.4275861565274,32.947973189421525
5443,156.8818782597617,-42.747084896974066,1616.1541955511793,831.290237554249,2.647194988120118
5445,157.43851487048772,-42.984021924180276,1891.3664300243058,830.7665977365396,8.010762814991907
5446,153.84454341847916,-41.40388031184241,80.03625913746029,831.3546830922816,3.5854916692738854
5447,154.00198160872992,-41.47744492896561,161.5916197766608,832.3908601955368,2.84980617664197
5448,154.33356559109478,-41.6264758844476,331.3645460837146,831.9487202477634,11.530840951237021
5449,154.84446626431105,-41.85590293456313,592.1657220594848,832.0590497592817,5.281572502236539
5451,156.10008869096424,-42.410206700182044,1226.4732328723917,832.1177503784287,39.532639725501355
5453,157.0795714956529,-42.83391801205624,1714.7588509889813,832.3150281004381,10.215604381669085
5454,154.033686550108,-41.49219270804334,177.98541795702087,832.5786379412524,1.3645931019808113
5457,155.12051848913927,-41.979915331691785,732.715720550399,832.5928384912884,0.3013216539271914
5458,155.28546399085124,-42.05487829457095,816.8085696722699,833.4975433556248,1.251877311032497
5460,155.6968631819242,-42.23567811009112,1024.3758836496843,833.1400309178665,6.239793441575323
5461,156.15794734024124,-42.43725916755309,1255.9768563251882,833.0401627582618,1.8477282956298757
5464,156.69760505376357,-42.67189637708236,1525.660692278861,833.3883055748645,2.8009812403538055
5465,157.7206487893923,-43.10824307287761,2031.4708422315302,833.0855208302382,4.066687243064879
5467,154.64438131818298,-41.77071698774199,491.4737086553013,834.2306877483137,1.9157384430201434
5468,154.79556230472235,-41.83732397335184,568.2075865911778,833.7015645218931,0.33877568996475266
5470,155.52204267908942,-42.161151572554964,936.8928230666235,834.3663405438139,3.325112254761977
5471,155.7418637548535,-42.25732128982919,1047.5634554861324,834.0841669508027,0.8180206732924933
5472,155.92768067300668,-42.34039297543162,1141.4693633955599,834.8983266972867,7.3233734967335264
5473,156.840227035875,-42.73394207283895,1596.7523957386209,833.700124277612,0.6156569162759564
5474,154.9635864856734,-41.91562963761643,654.6171212002806,835.3752494591247,6.315007124346038
5475,155.03277535938676,-41.94483082825441,689.3027190001171,834.5681491752811,1.5398007311180195
5477,155.17663968155375,-42.00993318654942,762.6162762584316,835.158467110786,2.7492916531527842
5478,156.59528116054756,-42.63139901547761,1475.700385216691,835.2465065858057,1.9734883911344354
5479,156.71539747202084,-42.68286800811511,1535.4109689184193,835.0558696210587,3.135287387094765
5480,156.91018022778397,-42.767053104012795,1632.314710619518,835.2388346270118,4.796403319592159
5481,157.19464023787077,-42.88753982046984,1772.9023016800702,834.5457704654768,1.5665170031310391
5484,155.77540428519308,-42.27562975507363,1065.4467483607623,835.8908284728374,165.38511107915875
5485,156.96129112432743,-42.790834939945725,1658.1731458394174,836.168645404883,0.31027776141604946
5491,156.52111293530362,-42.60258851593096,1439.6137867651883,836.8943662574073,2.013723507468707
5492,156.82130943086304,-42.73270363209166,1589.2191237835937,837.188824754233,1.9970072536152248
5495,154.37558458189324,-41.6581933881869,356.5601777184253,838.3667483272841,1.491543863635668
5497,154.76613696346396,-41.83344160774347,555.8766189031552,838.3613617454826,1.2005384130119556
5498,154.80683229820212,-41.851013624151136,576.4180775398592,838.0509772018111,3.3471492196673607
5501,156.24595991976446,-42.48545964312524,1302.767816820078,838.0285800387927,1.7712110200905773
5502,156.63565361965658,-42.65474700879653,1497.421308011441,838.2323469391314,2.337027482008962
5504,157.51629789754872,-43.031606478475005,1933.563588476897,838.1299186704349,42.481814776020286
5505,153.83264072342647,-41.413871481736855,78.42158651469234,839.0754968628539,0.9800580053529638
5506,153.98910371870892,-41.48534865330412,158.98503016031924,839.2824930153758,2.3245820126258745
5507,154.4713293851484,-41.70170700021974,405.6301759696041,838.5837138405224,1.4001715481956933
5509,155.20926033510256,-42.03207691246667,781.3169397180653,839.0190510154264,1.7765185188058144
5510,155.35765864530947,-42.09775424126099,856.4183788020712,838.9966130542628,1.7961409883588653
5511,155.64302653834903,-42.22422456603553,1000.6607502574969,839.2972905139204,1.3055277459492352
5512,155.84954854658616,-42.314910414657696,1104.6266190310423,839.3014569521973,189.6531140580673
5515,157.3974548884088,-42.98292314400456,1875.4662037062826,839.0567294322818,10.517923753883483
5516,153.8642156660512,-41.43057213437014,95.35220190157885,840.2499672329059,2.228148430065823
5522,155.00904630752729,-41.94573509801872,680.512910792226,840.3341740368201,1.8493827110561563
5524,153.90254888464264,-41.44897833133729,115.35445970288511,840.7447615495763,0.6194758050130744
5526,155.41444661366992,-42.12746810937088,886.4250920525462,841.3186718375752,3.9173229980696576
5527,155.5152538822774,-42.171804261011424,937.2937072394245,841.2395050434573,10.882832213700507
5529,155.75547512641316,-42.276917460586716,1058.2125430428403,840.9487606226754,0.3733538018475994
5530,157.2089925635397,-42.90614184509852,1783.3378441150494,840.8585193426571,5.774449947375555
5531,157.5960772584921,-43.07150989229441,1974.4444912659826,841.2002182058477,4.660699244300898
5535,155.8811727417581,-42.33404467473193,1121.9902526202134,841.9635705649183,3.1096378118101526
5536,156.88073848068234,-42.767897953426804,1621.3424798905844,842.0630068023219,4.245773424354842
5538,153.9469977181206,-41.473585814124256,139.49448301820135,842.9630004050209,3.7938656602021736
5541,154.67776191641605,-41.8029156543017,513.4385057990354,842.8941235881252,0.3241978854487813
5544,156.95322901446866,-42.80219953567727,1658.1694574524365,843.6666806302662,2.667851014229609
5546,157.57388080219584,-43.065248724298584,1964.3551574800408,842.7961197551182,3.957376967728975
5548,154.9733499740045,-41.93617825984547,664.1872630437314,843.5210747316398,53.99057390549076
5549,155.70554534908973,-42.261668250849816,1034.9385110724602,844.3146887202939,0.5202720068434233
5551,157.16061715476974,-42.89248008687641,1761.2886405730637,844.4046703517209,4.762907346812454
5552,157.6460884772467,-43.098087758188655,2000.4672578025381,843.9315577865693,7.376055591157094
5554,156.3151909676453,-42.5296650223729,1341.2699543531567,845.1523837407677,2.6505974097260476
5557,154.46298377860256,-41.71293746886614,405.6851999619266,846.1063647316105,2.0646762066173996
5559,156.6745527425951,-42.687465699318665,1521.1173307790943,846.2823430379912,1.617720315369656
5561,157.55239115934327,-43.06284146599816,1955.5540596000064,846.1945434743934,272.8909142375591
5562,157.68764201372252,-43.11935667733702,2021.8633330291693,845.7967693250982,1.331615327349371
5563,154.27234736460326,-41.628324854295535,308.55370519161124,846.7314164505975,75.2246767740582
5564,155.4141085466444,-42.13853138896731,889.4078994154427,846.9640815383494,17.49308551504714
5565,156.11896510415647,-42.448715645742496,1244.2916472135682,847.3936549031697,2.1144560722288666
5566,156.37334803345783,-42.55881851376902,1371.4007426520427,847.1244814013427,4.0452485099434075
5567,157.1927430728919,-42.9104138107265,1778.3036077172167,846.5335191366138,2.3848060968162477
5569,157.3561975716816,-42.98075008843343,1859.2079102109426,846.8498358194244,3.080524495938684
5570,153.95186861840472,-41.48564132369548,144.8717034098041,847.8984441870758,1.2655456252321031
5572,154.56744358396236,-41.763165377413934,459.9685620203756,847.7681136154857,4.9240351818307255
5575,155.22930203767098,-42.05854872086051,796.4392492204938,847.8682485841789,37.32148000892188
5576,155.4935004629046,-42.17440911824232,929.7360831357448,847.3830165379198,6.203770135989898
5577,155.92713935458607,-42.365957588542685,1148.354961570149,847.9089150173817,10.164221921933473
5579,157.08881726601763,-42.868602856066474,1727.5885619538017,847.8622859925836,17.375175668603116
5580,157.13674096469754,-42.889032825705314,1751.2879813886532,847.825774695854,5.796766136264226
5581,157.50578526204856,-43.046564471677726,1933.5357124554896,847.968948016937,3.0698283721459276
5582,154.09017172899155,-41.55144720440563,216.78035910068826,849.4645649013169,0.6358411055338831
5584,156.01512234077913,-42.40683003600036,1193.1807088563482,849.1237202191923,1.7067773352834215
5586,156.4077623797609,-42.57829695546364,1389.8323385983501,849.422818040633,1.1604273980112216
5587,156.6579989999211,-42.686583651535024,1514.5799965306257,849.4458788323116,31.691281152408287
5588,157.1684911212941,-42.9043279499506,1767.4555375730451,848.6975022340523,1.8666211214496045
5590,154.6744106231533,-41.815321824484734,515.7179378448603,849.8808187579327,2.7694496131550608
5591,154.7896944818563,-41.865329085569485,573.9764235141928,849.0943441648099,0.7309720511281819
5592,155.37648222123465,-42.12901545746772,872.3946946022975,850.5440800077945,5.755573195358286
5594,155.5912395817757,-42.22345246793748,980.7153309338781,850.3902292278556,3.258617897767993
5595,155.75270072612255,-42.294730556558115,1062.1202313174153,850.5400261753954,1.1401378808643692
5596,155.9520356557782,-42.38173843481661,1162.21087237116,850.3749471925356,41.29784673849518
5597,156.61892455420895,-42.67029790012045,1495.2862618184936,849.7400547707516,23.748501491100978
5598,156.81868186285678,-42.7557097698265,1594.4441094222932,849.3916829661696,15.450384549356961
5599,156.89391048378428,-42.78962093913363,1632.2179196732818,850.1856746444217,1.0578938115230547
5600,157.66051323094712,-43.115533578691846,2010.551956201729,849.6780675549438,1.2939854341168529
5603,155.7663089880344,-42.302625834639244,1069.502667307202,851.5090070219562,1.359292539985874
5604,157.20018345234692,-42.923379610835745,1784.6013515302334,851.4872936357759,2.7270124342446094
5605,157.56535622282152,-43.07783910812046,1964.449599924851,851.0070657352777,3.1861380778219535
5606,157.64181184809797,-43.11047220579495,2002.1137863220183,851.1256376559693,3.0307282913679656
5607,154.00031233813408,-41.516637112718946,172.38414658402775,852.4216641412994,160.5689615247814
5608,154.27792239179465,-41.64137489327118,314.45862035232847,852.0177095555368,20.692907021514618
5610,156.12456884843138,-42.46008782638343,1249.5624980939097,851.8985983200371,1.3883841285635647
5611,156.24250734329152,-42.511377706201394,1308.580378387395,851.8676444866667,1.799793342055883
5612,156.4546262672044,-42.6026710528006,1414.332481549549,851.4750368988468,1.5581216766144232
5613,156.4981051513606,-42.62278782882625,1436.3711102277157,852.1266314742988,21.084381464873722
5616,157.27076226147202,-42.953407188403766,1819.4496025213864,851.4396799871874,4.429730707628703
5618,155.18437676539497,-42.048640161099335,776.5191574136956,852.9063457666266,20.872325141574727
5619,155.5182810667458,-42.19553662892856,945.1034380533106,852.5195468269012,3.3139073093071483
5621,157.34841260046437,-42.989696159064906,1858.6329155617004,853.0581607302993,9.733338542658993
5625,154.47918081338503,-41.736277044224266,418.5858118233527,854.1690876219669,40.22968083371536
5628,155.84385225056022,-42.34171885240605,1109.9097416039149,854.0743238610256,1.0955414742207379
5629,157.05560535967143,-42.86665423055345,1714.4398131467149,854.0699581332648,9.04496480591839
5630,153.68333139255208,-41.37708266778095,10.700205468193992,854.7118495152796,0.3552296924403996
5632,154.86473370818356,-41.910226073934176,615.3964740625224,854.8177490641675,22.695581045790032
5633,155.95726401824112,-42.39286610649178,1167.2855459064342,854.8332142198739,1.085692863375085
5634,156.5161526193367,-42.63707547614296,1447.136701917674,855.3983149962993,25.223854206398975
5635,156.70456299471215,-42.718092750243606,1540.8490750172898,855.2193023013106,1.673627199126577
5636,157.617844348503,-43.10805600299758,1992.374334269866,855.0452545821146,1.7728019399083612
5641,154.6009881890689,-41.797041801584065,482.4888574582937,857.2249535777112,4.313802362022783
5643,155.61809069499685,-42.24918810350021,998.1423926068253,857.4006578564896,20.885786497468
5644,155.8877353708567,-42.36712628594167,1133.675990479247,857.1931747414329,2.465645424214691
5645,156.4987941223525,-42.63261160474546,1439.3150119294373,856.9374973457101,10.364179750885906
5649,156.26951577393257,-42.53547933484342,1325.4830117654133,858.1048043920814,2.950645334583323
5650,156.39677902586953,-42.58970369101248,1388.7754913736228,857.586755799248,5.409748253182133
5651,153.7689459211415,-41.425583407399955,57.569335351500776,859.4674666273337,8.05263472595227
5652,156.98781541374237,-42.84820713581733,1683.7116845834998,859.4321577797888,12.805406448446474
5653,157.03692620416766,-42.86849834584122,1707.8356568304712,859.0498100672438,2.2980233285743172
5654,157.4309537949778,-43.03702074092859,1902.5783187681309,859.2380446937806,62.040682548601104
5657,157.01539392459298,-42.8611572924,1697.678155020504,860.0029856860189,1.0549525159760071
5658,157.6304875775249,-43.122384770207475,2000.9604557403661,859.59234573705,1.0641935586263598
5661,154.28263659776945,-41.66142749950641,322.0617461274486,861.0124062898631,1.5432414283836606
5662,155.2500044785589,-42.09441621184061,814.4595170004546,861.2998749668936,75.44549115013024
5663,155.3404601767308,-42.134340015345025,860.1727827511802,861.2413628614177,2.8885823794097534
5664,157.29511626251764,-42.983098949621876,1836.6270959329458,861.2136333563676,3547.474197039856
5665,157.3268640093894,-42.99661810853127,1852.2913606350617,861.2092384084465,4.765558405679034
5666,157.4650118413433,-43.05522267815654,1920.3465207760332,861.1259173270217,12.647121689643578
5667,157.57325345570482,-43.100712412743256,1973.501843621161,860.8990986148274,3.2138748576710277
5673,155.9339696142111,-42.39646871087785,1159.4168451046933,861.7861548858252,433.51783009908365
5674,156.0434521073985,-42.44467670260136,1214.4321312220322,861.9726623156122,1.8309476290219624
5675,157.35650737374232,-43.00975393586028,1867.0502078650186,861.4685312495859,5.191475015237743
5676,153.65616075092362,-41.382632471570844,1.9758645520791103,863.6977821858059,1.5542559142712864
5680,155.38620430321137,-42.15672285900003,883.8962217128835,862.328577637645,1.788050784004774
5681,157.20115925489628,-42.94718893843102,1791.341910236771,863.3258685915827,4.728825267494946
5683,155.41046909691548,-42.16971291290676,896.7906930421602,863.4712920120571,1.1636839620239487
5686,156.95148895627162,-42.84209949930651,1668.2603054371548,864.2227000457632,4.8884191536741355
5687,155.75052767527745,-42.32199666896672,1068.8910020641129,864.7607702316446,1.7443338346544495
5688,156.56138558548312,-42.675605891713595,1474.8462976745377,864.9795681434238,11.0110739454232
5690,153.83494303458738,-41.46891125655359,95.41373399410665,866.1321928418448,15.122061982689004
5691,154.51615672334825,-41.77717168532236,444.45216551746563,866.3613309545502,25.249292187083256
5694,155.4527546777177,-42.19325214848555,919.5077153079076,865.9228781841937,2.2409702432595657
5696,155.5953544401209,-42.25655482820016,991.5462280340831,866.151134244459,383.7095368864383
5697,157.60561239683662,-43.125130903693936,1992.243361901447,866.3224394599494,8.375850614670957
5698,153.76801954823378,-41.44008365647298,61.46791114028096,866.9429830104416,3.9371741654288974
5699,155.8053723829209,-42.3501004449229,1097.5919078793142,866.7995876425434,0.8111591695947247
5700,153.89270994477798,-41.50005228387246,126.53369300668774,868.5829834470838,9.437479006019288
5702,154.60129234705977,-41.81952685102281,489.062415040775,868.44856803596,1.3159150543324025
5704,155.03705782384557,-42.01323120507222,710.3638365340782,868.0083426788223,1.44405935852207
5705,155.49552496835474,-42.21743546559902,942.5803027169151,868.5990969675028,2.9885348267297034
5706,155.8573530109862,-42.37576793590091,1124.5114011337282,868.2557610452393,22.199174321263108
5707,156.3319343405646,-42.582516748076785,1362.139304164663,868.160782850533,1.2557139938673831
5709,155.19804686271956,-42.0870587854008,792.5929444742875,869.1840370511275,1.4865871120070544
5713,156.18303423793094,-42.52357726461437,1289.3076830342666,871.0809803043605,11.338270613989973
5714,156.4876770096138,-42.65619104176328,1441.5238457078276,871.2747973947731,6.870308660519843
5717,154.2660807384813,-41.67501014784559,319.6867570028965,871.5732604285771,2.800414170963274
5720,155.10189401862016,-42.05029670128491,745.5709168129091,872.1563601914437,6.264205950191573
5722,155.36070004311765,-42.164478576792014,876.3680454047992,871.9057886354155,2.466617010833596
5724,157.329820322674,-43.02027864369137,1859.7193165263873,872.5495050714427,4.20368192903014
5725,157.34395246450046,-43.025150234290464,1866.382817648981,871.969246825276,10.474101864891455
5727,154.15468554494873,-41.62748822254951,263.46971144358616,872.9653948962808,79.33446301113501
5731,155.07546382601353,-42.04156298916594,733.0303255093211,873.669364271174,1.0564182412543595
5733,156.08491425676507,-42.483754835873974,1241.003720563362,872.558050140507,0.7290015368553566
5735,157.26431394396883,-42.992048363425766,1827.3168325058878,872.3902741504205,75.51494488542309
5736,155.2718578795354,-42.12917961559955,832.595169966879,873.9214088851966,45.15267140673898
5737,155.33685658167232,-42.159341636305264,865.8442615591902,874.6260032964865,2699.091449572067
5739,156.50942833895743,-42.672328593300435,1454.197669888851,874.6710817246085,2.5803111728929955
5740,153.73531664797372,-41.44147150778925,49.41576387164636,875.0969845620405,0.5333428281885778
5742,156.74064066267755,-42.77331427863016,1569.5415894764405,875.2686199662774,6.594292403289845
5744,157.2737591907715,-43.00221449805514,1833.6167995753924,875.4972572229705,14.862445630521414
5745,157.30909792922483,-43.016921531810496,1850.9568432837038,875.31824717005,2.481164342889279
5747,155.38370397372492,-42.18273705946262,890.2640031597936,875.9784829042835,27.366059451210244
5748,155.6222524878479,-42.28798931699895,1010.5763216707363,876.022267243998,0.9696346788624226
5749,156.24980014567444,-42.562651613820854,1325.4491812832193,876.141802260782,2.8100523858726536
5751,157.02633730824252,-42.897111635263926,1711.5037391498508,875.8161367796946,3.3549211616812866
5753,157.2150095450163,-42.98203580439991,1805.9206252701656,877.9676128428813,47.2012461669362
5754,157.47866260188806,-43.09193143596734,1935.2695237382607,876.7802763956322,8.395764800145475
5757,155.06087896905075,-42.04407443168812,728.1897644962975,878.1915701449435,5.502627417564537
5758,155.50031759767953,-42.23918480038921,950.5054907038084,878.4855570955659,6.411080476892511
5763,154.64903348067716,-41.86143898601533,519.273698114521,878.7534162301308,9.584318572579965
5764,154.70095655329695,-41.885018956413546,545.8036950248586,878.922447043371,0.5824060094274797
5765,155.12248297374828,-42.072683476271784,759.7539129900089,878.8167149066398,1.862591504727156
5766,156.22155732318626,-42.55683395838512,1313.1099812295186,879.4027960359033,66.58550061051555
5769,157.258665110018,-43.00330195985867,1828.1764088000327,879.3047009385269,6.638245031081203
5771,154.22094048865443,-41.67145742472418,301.46357544963985,880.008417141095,242.6445741812478
5772,154.46326457472554,-41.78132239649886,425.5010046740043,880.3722003546605,5.391489784965895
5776,155.363341316822,-42.18483530267642,883.1041730118118,881.5630942083308,4.918440149617428
5777,155.75567013804664,-42.35646389458937,1080.4502633975653,880.9904487832817,2.7157288020512658
5779,156.91075378114903,-42.85706932678589,1656.8182671020475,880.6305868386138,8.398254971753047
5780,157.60989709176144,-43.15650176858968,2002.1592748513349,881.2960603270251,33.302413093323985
5782,154.34374066500297,-41.73042202284682,365.29668220431296,881.8127654945193,5.620001544559145
5783,154.67715458167046,-41.8799805251966,535.2970967139418,881.7419107403617,3.3065732657888147
5784,155.19573692056727,-42.11203872830416,798.7766604735178,882.2648038069118,7.551408900527772
5788,156.55000754010769,-42.705172623168636,1478.5766888427988,882.3959474932186,15.291697784180293
5789,157.15882894020615,-42.9667105994746,1780.48999045826,882.3515232105615,6.344150266766144
5791,154.19858396524694,-41.66818172857731,291.99980136276184,883.4277695151462,1.8055904834005234
5792,154.57655189426023,-41.83712470076108,484.69478166541126,882.8551702680603,12.41263617013008
5793,154.92955832518982,-41.99575857114454,664.4632984159653,883.2800796897125,3.7218447077690398
5794,155.68755193221122,-42.33090075242432,1047.4083168394425,883.1780038805864,4.897702592764479
5796,156.42027551408867,-42.650524242537806,1414.351819270527,883.1499788301649,10.91988703410841
5799,157.28736153668004,-43.0224756735348,1844.1864136399988,882.8171650252602,4.398394338861274
5801,156.2903751518194,-42.596603485747295,1350.2007344619649,884.3771693128214,7.373365536922698
5802,156.95289330387428,-42.88161357952145,1679.4385821862404,883.897871550899,8.594158373286525
5803,153.97083932042918,-41.568490647109904,176.27719608354602,885.1128270152018,4.647051437583414
5804,154.04202415820893,-41.60036498654629,212.6733337909388,884.9214531696975,0.40004802172966863
5806,155.95255276522064,-42.45089757520534,1181.5719767217684,885.1295077270722,3.365849418832181
5807,156.99835047427155,-42.90317070886382,1702.5038005970916,884.9439000229372,3.1256733700827715
5808,157.25137157166193,-43.01187852139865,1827.6975933416297,885.2188613012307,3.2828015213237483
5811,154.05665518232922,-41.60686894748093,220.13822110588765,884.8609719456794,9.074948837484163
5812,154.9538742516841,-42.01225479470547,678.4144194275599,886.1275816692934,37.711564529857974
5813,156.26042128025975,-42.58575946142303,1335.8361923504315,885.4719846566727,24.342643664995204
5816,154.72166869892553,-41.91154335814571,561.2837549019829,887.5914157162898,448.50638222037435
5817,155.29374630579957,-42.165371848443534,851.1358819601393,887.256216406634,6.599104518892466
5818,155.7108954285411,-42.34974043399807,1061.5436804974433,887.5037516491522,11.496443977532437
5819,156.65893594630802,-42.76147303455563,1535.2832072308624,887.0776115209294,13.437586312780004
5820,157.58749235345766,-43.15912703012542,1994.3542994176885,887.4336005218374,119.48401808224386
5821,154.4494076706587,-41.78991406633727,422.70071872949524,887.8099661961679,4.456822241185808
5822,155.25842893842375,-42.15044744707399,833.4860835716834,887.6128828750474,9.188408341774215
5823,156.24135296204975,-42.58357717880705,1327.987978993197,888.552556623389,2.0153788815585334
5827,155.4820535635331,-42.2509033700218,946.8430884678191,888.4389858891582,0.37553391795194624
5828,156.03544823716751,-42.49462318827834,1225.1931547152456,888.9209410328627,5.986083463214961
5829,156.19598995262106,-42.56480816103326,1305.5828354861399,889.0366105362135,1.2452236104462928
5831,153.92546793585583,-41.557005610356015,155.6493504972199,889.6708544453637,2.735634930595202
5833,156.22402396512953,-42.58000568654428,1320.4192430013711,890.5518201335179,863.315671368196
5834,156.4270283641133,-42.66735785227296,1421.5209305973322,890.1706806656699,5.734141596978681
5836,153.6365995410436,-41.43007871133682,8.475664802727595,891.9235135783624,2.8549919888933193
5839,155.41094078931457,-42.225357649854985,912.6146695825695,891.3743924858583,11.26191258545496
5841,157.3773637142071,-43.07636548252538,1892.6955934492612,890.6972951460494,17.07161045309927
5842,157.49427081828978,-43.127598558708414,1950.6491453195877,891.4864183263848,3.3560786221271504
5846,155.22946502846875,-42.146274057884185,821.2866416654618,891.9665634917541,0.5878077638965837
5847,155.46769784945337,-42.253022753973354,941.9765357910082,892.692612103528,2.6515236845600945
5848,156.4088334368926,-42.66359760405612,1413.578670986862,892.2517191498197,1.250927635310223
5854,154.67790479550467,-41.90597159214654,543.0302546739468,894.6261508017849,1.7303192639134723
5856,156.0940995154878,-42.530178577524985,1257.309250500465,893.9505231121386,2.9808606311357027
5858,157.3850484760525,-43.085677451145344,1898.0875940380397,893.756401863723,13.43504189288769
5861,155.5790247187404,-42.30694046888092,999.4309477210332,895.1438011978125,3.0543917071060767
5863,153.77511314888753,-41.502088796884834,82.34471817771289,896.3842129815085,5.006158624830711
5869,157.5454110017582,-43.15775174030011,1978.030938959675,895.7703070402599,1.435994326681315
5870,157.63569488942042,-43.196669562380876,2022.5501410703782,896.1111362528729,2.786520949886262
5871,153.65586795525724,-41.44905574447546,21.38958462623237,897.0249764402267,4.34550436920735
5872,153.95752583142075,-41.58606422934427,176.33491172619006,896.9450460998004,18.394896102148245
5875,157.04786652770017,-42.948065814148855,1733.3682743202344,896.9220833327689,2.2386225146531227
5877,153.79301238009117,-41.51346985065095,92.49249607634229,898.0063091195167,1.0738065559859105
5878,155.08210651313416,-42.0931126195774,750.1775541648882,898.1050106853236,0.7294765987147022
5879,155.45515674926125,-42.25827016926519,938.6792377292652,898.1180542405359,2.1022355455767996
5881,156.10736643321326,-42.544714590769125,1266.361698283778,898.3648851855052,1.6464379177413946
5882,156.92250541055594,-42.8958101776503,1671.7252068139903,897.6651848706578,17.15367808421288
5883,157.1325648214169,-42.98562892742641,1775.5872344526458,897.5984199026069,1.9972665314819404
5884,157.65840029768825,-43.210220115189244,2034.7333291834907,898.1086022262025,1.1134387598483275
5886,154.48275226087165,-41.82787165280704,446.32748607126274,899.3410899031653,1.960349779773374
5887,154.53766100545369,-41.852103864182595,474.1958574031492,899.1324060207245,1.6564656896094363
5888,154.78826298893912,-41.964029221102265,601.6375911479387,899.0058076369772,394.0010526771253
5890,155.83707979697743,-42.42846543202743,1131.4411908592174,899.2875260539065,3.474965481239128
5891,155.87065401139407,-42.44282360195553,1148.192415133027,899.1152569230707,0.10315989649496063
5892,156.00446042894626,-42.49977048932482,1214.8358200769933,898.3355436574755,2.846934004557254
5894,156.3847757378428,-42.66694356549933,1405.353365807222,899.2029466631346,3.813512259299228
5897,154.5918705826528,-41.87725291123811,502.05134019824,899.5537383478501,0.9778424354542196
5898,155.26229199565725,-42.17662495539764,842.343266487025,899.9208633373139,26.557555154986417
5899,156.54024072850825,-42.73597303211328,1483.2580153650586,900.0803319816006,9884.018518854142
5902,155.7229483955442,-42.38263590379358,1075.2976282796583,901.4083975600608,0.6280468949181491
5903,156.3093271103562,-42.63740190476639,1368.5960866978648,900.8110678190695,1.4922309983973485
5904,157.1389023210013,-42.99518685703946,1780.5520500989164,901.0630504151535,5.352018157363985
5908,155.41871076027513,-42.24986394820121,922.4573308712841,901.9811054739743,2.1628791505901894
5909,155.80631978687884,-42.4202814022891,1117.4726983922976,901.9537075592724,11.437307906179903
5910,156.27192653150706,-42.62353416405594,1350.5815257479262,902.0083526663818,1.8452276224771373
5911,156.39625999427795,-42.67746819129368,1412.5957688165465,902.0024603304462,2.6255780498364807
5915,154.4166182820895,-41.80520437277158,414.6286273372456,902.8798195159814,2.2406258453593
5917,155.63666568641528,-42.348680849266074,1033.019314192582,903.3949214602168,1.5001111785427579
5919,156.8336207706073,-42.86824147394203,1630.5444246206735,903.0228851815815,2.494314920445813
5920,156.9623565886334,-42.92365780739153,1694.3520744343225,903.1021821095351,3.8650702807606425
5922,154.0591733806388,-41.646650939065694,232.6744724399774,904.2308935915265,0.7962522904016843
5923,154.49416569073492,-41.842784553335555,454.96373068992636,904.253190429731,3.357894231791514
5924,154.56218628703215,-41.87280046015603,489.4771031784955,903.9993013298898,0.9779275471428116
5925,155.47775127593144,-42.27892784926356,953.0690675655887,903.5001205408514,1.9044887428766801
5926,156.1655430151213,-42.58106087654834,1298.4848554754967,903.917283449599,6.604366414443607
5931,157.28852675883357,-43.06558377326038,1856.1244706247712,904.3809145166766,1.2463861848597488
5933,154.52200372677595,-41.85796353647537,469.92307988898847,905.5998435695936,2.5065830649307657
5934,154.63694137858454,-41.90882631406107,528.2609300522937,905.2676315519537,1.4446728166343914
5936,157.18487835375612,-43.02324923837535,1805.5047921001146,905.3255545026192,69.6098449745314
5937,157.5179835135965,-43.16457230368203,1969.4370563010223,905.1139892875495,98.3030449589784
5938,154.39709568314575,-41.803093926577915,406.5913483897725,906.2259324113077,0.7422380925882677
5939,155.42747388550742,-42.26233858706277,929.2943514267155,906.312479119975,11.765534176383394
5941,155.7862059564471,-42.419211697300064,1109.5293748544525,905.8559695382562,23.218699463092953
5943,156.84187957366586,-42.877113402917146,1636.0759688659666,905.7126933971961,0.059062555864041126
5944,157.07533827324707,-42.97730899126051,1751.6424102162912,905.765227592358,4.346062101245201
5945,157.33990930314403,-43.08992215706217,1882.0958611503781,905.6250769463678,3.225326268189947
5948,156.40084483875387,-42.68927079555056,1417.565647501461,906.9562941607124,2.724408516595688
5950,153.67494760599763,-41.479386871872215,37.56259326231591,907.8558697735161,2.523849026059277
5951,154.58303761135284,-41.89020966834541,502.4109684442423,908.0456074463257,0.6770524361725011
5952,155.26345412081753,-42.193723655993175,847.6095769901634,908.2627322896927,0.9030110700820853
5954,157.09515797138178,-42.99022393921039,1762.6255776567511,908.0096346657958,4.8506245763094995
5955,157.16772109974292,-43.02057647173406,1798.28153382519,907.6788835185399,4.8966978525507825
5961,155.94421445347305,-42.49500596340118,1190.6205432576542,909.1989832721147,16.883074834674456
5962,156.7125896051192,-42.82817901676442,1573.7589863912613,909.09152124296,0.6937472577102769
5963,156.72927490966993,-42.83568232685501,1582.1260982711055,909.251931245007,2.285887379723095
5964,156.7493164818882,-42.843158710267765,1591.758690815852,908.6700829719866,2.1022469480679606
5966,154.29253724969917,-41.76444063589542,355.6433610252721,910.4491358220557,0.8505628739767628
5967,154.31803554775456,-41.77533745253553,368.49525573295676,910.1529319096597,0.22023945461500188
5972,157.64300016691064,-43.22760195622681,2033.4811460353726,910.2137418233932,1.5473499150105097
5974,154.08873286800187,-41.673033362916335,251.59576581732537,910.7511387915714,13.378912627612324
5977,155.2890485041251,-42.21125412414696,862.285579440073,911.3835064510286,4.890625781167153
5978,155.9887052092128,-42.518845095039715,1214.124609361101,911.4183601581448,10.38551248025471
5982,153.97558274326568,-41.623752187403966,194.19822649601707,911.7280449183805,132.44732651263934
5985,154.849945005939,-42.0163400093837,640.034282696102,911.4545323838108,25.362304974107552
5986,155.75115711833033,-42.41707575666816,1095.6139407309488,912.5213545453172,0.7302024176190275
5987,155.82709993371398,-42.4491225581988,1133.387635227881,911.897514779786,8.057915515386188
5988,156.6785941599936,-42.8190045669068,1558.3665712081074,911.8558782614374,2.038439238777338
5989,156.83896034502465,-42.88823129969976,1637.9709827240902,911.9645994473891,1.5269671291309297
5992,153.750223592428,-41.52407545839952,79.31743308142252,913.0664420010652,2.847753540970454
5993,154.25395367245613,-41.752117181936086,337.39841028148845,912.9912375018831,0.3060473477992819
5996,154.9311749498353,-42.056078668993194,682.2480029119561,913.2311200094168,3.5880487054329406
5997,155.22399435184917,-42.18429418288201,829.9436287194904,912.307787063459,1.964270650478578
5998,156.19276677676964,-42.61181011854797,1317.288983770115,913.4511413531628,6.065989974679157
5999,156.88150222243425,-42.90844827180931,1659.5709952014013,912.9475510295514,6.382232365826622
6000,153.77097390613463,-41.53459093725278,90.29380459334284,913.6042925625858,1.6102464032344979
6002,155.03499330931905,-42.10436777045865,735.4506139833497,914.286094973506,2.7793158749277604
6004,156.69940813912004,-42.83125105672126,1569.5886395188054,913.5113304921898,1.5939086828602813
6006,155.56911987156016,-42.34174589963705,1005.4039509980146,914.8613761786096,12.8260168942013
6007,155.62836401737457,-42.367974788120634,1035.2534118214378,914.9473991934482,2.318434334353178
6008,155.80963961786867,-42.448224460040734,1126.5032933885414,915.2981664565189,0.26421208526471945
6009,156.0394635405594,-42.5481832798468,1241.5182890683718,915.0402014761105,161.93667685265012
6010,156.24146741459273,-42.63592173416682,1342.4132169076713,914.9330354545428,1.228654499812312
6012,157.01284550238728,-42.96862686210164,1725.603319382651,914.8992286932395,108.57266102317335
6013,157.0475295581818,-42.982819183946454,1742.571636678414,914.5677138297875,3.0697293660635454
6014,153.87993736287277,-41.59017724422173,148.01165050442125,916.6431608455352,0.6788499469230403
6017,156.09902673639894,-42.57596410580988,1271.8112058221645,915.9541142673123,6.00888226015377
6018,156.4510261831581,-42.7289472537836,1447.4639608063742,916.0126199711544,3.068555117630509
6019,157.1071572887099,-43.01141794349946,1772.8580986108425,916.1330605740736,1.6287106015913637
6020,157.13472101000144,-43.02380194812565,1786.6287269594318,916.438964557958,3.7085413646804573
6022,157.57325906414044,-43.20998162817034,2002.4011115252808,916.2432015169068,4.910109562155358
6023,153.8144085400781,-41.56103663103417,114.56202692397505,916.9570310329602,2.268439168123382
6024,153.89153283519929,-41.596137192137164,154.1639519376388,916.9919263061194,2.1725101936126583
6026,155.0831281402151,-42.13154370799045,761.460367988482,917.1968808149051,8.631050315934848
6027,155.17964652376918,-42.17384986059444,810.1314265759663,916.9373583293416,2.7375153483982912
6028,155.20407985215255,-42.185085524588494,822.5957582088148,917.1422473950195,7.496467224919254
6030,157.28554699183383,-43.088336467785496,1861.0604681319144,916.5355767838967,6.869620190725486
6031,157.5344175716143,-43.19483823448705,1983.6779367456425,916.9101377729983,1.7525924740118715
6032,157.5954097107116,-43.220546753863516,2013.5857811736648,916.842524062229,2.600144616568481
6033,153.74540129225542,-41.53171846283465,79.72372829034443,917.9922698392485,5.586189329973825
6034,153.9156727786349,-41.60854668669497,166.97080788401252,917.7207742908423,0.6648498962347626
6035,154.3013304168351,-41.78418086116453,364.69763353385156,918.3624508181622,3.1636306033850907
6036,154.4940160291501,-41.86971285295358,462.65680714471495,917.8004655409953,0.6273180142566829
6037,154.5710436317848,-41.90354597132687,501.6787874584238,917.4384485763364,7.975668011826347
6038,155.67549618918954,-42.394997670069785,1060.7085565068635,918.1262363014781,1.3280007774586562
6039,156.05199330392966,-42.55973360889218,1249.4677020532824,918.1078255142564,23.86039173747825
6040,156.9941840267816,-42.967978844129505,1718.3506428637922,918.6121694544591,7.017422665421423
6041,157.2120104510981,-43.05976309062136,1825.5544772759617,917.939039876007,1.6784549431188474
6042,157.3455252183363,-43.116837207667274,1891.3888053464752,918.0361989246578,49.536180263801036
6044,153.6844700551522,-41.506056267094735,49.01741452597263,919.0349476506553,0.5600923507255271
6047,156.91844157104072,-42.9374049115683,1681.3918834864046,919.56995631659,1.4799122389277617
6049,157.260938701584,-43.08322761149576,1850.3687257815513,919.2555725726188,1.2648647698605642
6050,153.77076268675424,-41.54651616872117,93.70768532349044,919.6238922595153,11.557470419108512
6051,154.01121354203585,-41.65649709008432,217.29472369249623,920.0469269935859,0.29134981077149824
6052,154.22201567253887,-41.75477552095895,326.02028487340425,921.547306067115,0.9139010742312333
6054,155.12221766698974,-42.15687243584426,783.4961464696489,921.2069390692657,1.44091022349472
6055,155.44789576493577,-42.30137529727796,948.018771900875,921.4225614937869,1.9284268170439491
6056,156.64254874481776,-42.82156034360478,1545.3801597263816,920.9944040567779,5.696904440395333
6057,154.16740113842252,-41.731348224557216,298.45724719873976,922.1607317306044,43.67128259938057
6058,154.6277786650933,-41.93866640803369,533.3333724789029,922.3079792978936,1.874193651870929
6059,156.26235210270607,-42.658999431243686,1356.6806802532144,921.9967246603529,1.0042464432352374
6062,157.63457343162855,-43.24689677877959,2035.3785866779524,921.7919971059173,171.3757787134899
6063,154.05766544728104,-41.682795081880556,242.61720291354152,922.6876861137548,9.046592619193623
6064,155.2170848691503,-42.202738540127996,832.5257808866754,923.1220341163515,16.85654941152036
6066,156.11500997673127,-42.596316732505294,1283.4926392273771,922.7049080521363,5.230323560916969
6067,156.17919933253074,-42.625480992043094,1315.8975408970928,923.3216718569859,426.02900543753356
6068,157.6099081288206,-43.23954699908513,2024.0958395125024,923.3560268963779,1.4156096207345041
6070,155.49738854877222,-42.32853800144203,974.4453047234919,924.1121636323734,0.40041675443158525
6071,155.89473831279645,-42.50363546945274,1174.2160099542223,924.4475234230678,558.9832523237891
6076,154.37721247424597,-41.83187188902513,407.33274950122103,925.1492204013141,8.275733898556
6079,154.77971480808523,-42.01307441804881,612.3970383501946,925.5563126723239,2.6139396186839345
6082,156.91828172683475,-42.94929741214675,1684.5354198769328,925.6147521265468,13.281079580107107
6083,156.9699343010062,-42.970446816564476,1709.81751106839,925.1113643299126,0.9975709113692696
6084,157.0436774655946,-43.00226040270598,1746.3297147027438,925.2301199219465,106.24357140721018
6085,157.40498248147395,-43.15544416631166,1924.1866895813969,924.7791205350228,50.54952307697001
6086,153.85283576492978,-41.59750269600858,139.8452255337605,926.4759150040012,2.7537296935864117
6088,155.5764525162224,-42.36625280352804,1015.0462642907648,925.5735931699222,0.9274161631290199
6089,155.8514351081509,-42.48796264730919,1153.4203633435282,926.0967458212979,2.115205103324188
6090,156.33634893621127,-42.69802443625849,1395.473020605999,925.4812345974769,281.3306796575566
6091,156.42943404062083,-42.74031772400535,1442.3735623108166,926.4680980400016,1.7735059937515933
6092,156.80300295609405,-42.900176708400544,1627.5565146677015,925.8079652000175,118.7327118188816
6093,156.93391716694853,-42.95730481673359,1692.6217639081253,926.2725606616448,4.915716559745853
6094,154.0759708771714,-41.69895626650074,254.27909321288652,926.6366067100598,77.65970242535921
6096,155.2536326091683,-42.22756124527862,853.4223771664698,927.4670610228212,6.853641900729629
6097,155.7289892229212,-42.43671491230626,1092.6608255247331,927.3096123321632,8.779498326933172
6098,156.09929328741973,-42.59721458884973,1277.7723334027226,926.6091922293115,20.483000045221296
6099,156.2627115681562,-42.66918489757266,1359.612940791032,927.0553951372259,2.677462233864506
6100,154.4320563139402,-41.86140697578582,436.7037076407681,927.5957913906047,3.146916725639571
6101,155.68412161011221,-42.418346428424144,1070.498305025929,927.9758458799555,161.22831191859825
6102,155.95857177408044,-42.538806668610874,1208.2024557769082,928.1111209815598,5.9948923768323255
6103,156.90328422825496,-42.94647000606382,1678.0858874053934,927.4373205157198,1.9763306436457586
6106,155.61694340651565,-42.39112184581739,1037.3806556190893,929.1283907279045,2.2518853154056777
6107,155.63938189876322,-42.40077569180836,1048.6005201112541,929.0235513975665,7.129077277256051
6108,155.66143804453145,-42.411037396886776,1059.842971650862,929.3113786107261,0.5940857555115376
6109,155.71014890726815,-42.432413113545536,1084.3060524990426,929.3061392356999,10.783661566710988
6111,156.98030577068963,-42.983861015926635,1717.3581469432188,929.6452873183225,1.9476560549638964
6112,157.27438580439394,-43.108941494750944,1862.3231886740678,929.3653437830453,2.044212741901037
6113,157.43701300107065,-43.1786680962814,1942.4877358380866,929.6462815072816,3.698614425934921
6117,157.02630395274298,-43.00459773473808,1740.370223973004,930.1705225820546,1.43632038915678
6118,157.05462902924813,-43.01643083856059,1754.2849425083348,930.0250540052742,3.9941001783077152
6119,153.76092720995052,-41.56520628928444,95.44388426063944,931.2221174467355,3.0420205503637003
6120,154.11172081685797,-41.72370004352503,275.06403227881395,930.9362809188531,1.6738544670396167
6121,154.19992906697095,-41.76239538187257,319.8300159210602,930.3637681072005,8.875221183018255
6122,156.3200432020232,-42.70165638560549,1390.2791426771732,930.8815538155193,2.7590033969692263
6124,155.93274296530953,-42.53434074560835,1197.1581937189878,931.5470799477562,0.8945283718533414
6125,156.58792431314725,-42.82024927594001,1524.298420039661,932.2312545637757,4.546177741315316
6127,157.14331598776127,-43.05901694993503,1799.3141506359977,932.3904464664855,0.6732212423698211
6128,157.58651701557636,-43.246623324347695,2017.1052088115655,931.953761395961,1.6508844687765118
6129,153.96358445361338,-41.660918343140594,200.47140374822956,933.073131100328,14.216394809232314
6130,154.73609347342827,-42.00819617794938,594.4212629160982,932.8907397468281,0.6543576868161972
6131,155.9138523044721,-42.529039127267126,1188.51666728196,933.0359582075469,5.193728479881357
6135,153.81760538312957,-41.59713973284464,126.34358803481824,934.3088568718405,5.775587161514202
6136,154.32245699616058,-41.82495402385385,384.51732418428617,934.0385250874067,4.928526881419822
6139,156.0252763694588,-42.57970971897271,1244.8398802158276,934.0504008590572,0.5008390421431854
6141,153.93645719864622,-41.6520756570457,187.57918919050064,934.803551088735,3.2624359839906845
6143,155.51694471809577,-42.35925354110321,990.481481738553,935.2343516556778,53.03169844040882
6144,155.59681597039042,-42.39410504583301,1030.569266236211,935.0847704182913,1.8746573030441502
6145,155.76100793780907,-42.46709539399525,1113.2791395841361,935.5377047532739,6.091595476970311
6146,156.57155014770893,-42.81934522071938,1517.841108853009,935.3431099758161,8.454548346618534
6147,156.63948102192018,-42.84797440692279,1551.3892058620515,934.9997267104342,0.9732663064188491
6148,156.8161993445337,-42.92526800329365,1639.3417513234774,935.6181204875286,1.290367395439451
6149,157.10916580052057,-43.05056352043116,1784.107866191862,935.4926662911644,1.5507097628111626
6152,157.2629361909259,-43.1155578748737,1859.748870104553,935.1797937203324,10.241536541278542
6153,157.47195222306732,-43.204057214813396,1962.4550411308846,934.9895645205571,7.569320656847726
6155,153.909382397768,-41.64321163248933,174.69957499717174,936.5141099230065,1.573959117502386
6156,154.10853582054602,-41.7326141122893,276.442842553802,936.1252172907882,0.10581125300264838
6157,154.4557907799063,-41.88855342765667,453.5470663167292,935.8652181515191,1.369894756767272
6159,155.42498379503482,-42.32093894694609,944.8060535113884,936.3508572000535,3.0964943387905084
6161,156.5410147062209,-42.80808043224661,1503.19216500149,936.3133890355159,8.420050777482933
6163,156.38215553605696,-42.74093201221726,1424.6009313337647,937.1101471979808,48.19631423728838
6165,157.0633184008986,-43.03484801901591,1762.5195327112294,937.4565642686595,2.136693135510547
6166,157.17953851760078,-43.08209010995465,1819.2128464781104,936.2385336868867,2.41704431676595
6167,154.91600508869914,-42.098598059296066,688.5817929140442,937.9870247664122,4.738996486412774
6168,155.18855285530313,-42.21959454166509,826.4454561280862,937.9523159339429,1.5951340494836643
6169,155.35316075078399,-42.29257264745289,909.5516742664321,938.0304274802892,22.491066399534866
6170,157.30592420797487,-43.13933290628239,1882.3710576103954,937.945464232586,2.3824754635010783
6172,154.7446898687533,-42.024098057097454,602.2345918646499,938.9465108227038,2.098980870599023
6173,156.67729351749668,-42.87254323562796,1572.397143524715,939.175989157613,3.281230938160315
6174,157.57725867474988,-43.25788561706099,2016.5745877392878,939.6409044332911,4.255702917415146
6175,153.59371162250292,-41.50618145828732,14.544308104847302,939.8068611781459,10.18628787150979
6177,153.99882935210005,-41.690423154925874,222.46809817327377,939.8549701580864,14.08093741287826
6178,154.02800253119253,-41.70415436682544,237.55500363289786,940.1169939430233,1.2504752066436846
6179,154.42887150134533,-41.88481357041148,442.2384347378099,940.0553624003828,1.4401708488307505
6180,155.57262256791464,-42.39372693632372,1021.2756959215277,940.2502545639023,4.298594359121585
6181,156.32680477650268,-42.7235056647956,1398.8309477105374,940.4234744571986,5.670628236319454
6182,156.3449061515502,-42.73063066600224,1407.6496488879816,940.0580137424646,1.32827403078312
6183,157.61830410269295,-43.27473539096298,2036.5623605924334,939.3753780013159,3.1169419087562407
6186,153.79909638675016,-41.602636929596294,120.91660802012603,941.2730725571691,6.462514763033204
6187,157.02107171283484,-43.02382683070649,1743.5508383612355,941.022323625241,1.4080228888904964
6188,154.1059070305144,-41.74283580324791,278.41318475491914,941.8431648590748,8.671099900871296
6189,154.56095163075625,-41.94891355069281,510.87203213120114,942.4767479324744,1.1422386362213852
6190,155.0222237461388,-42.1550679007633,744.9856955881118,942.6173604097831,0.8347969794869825
6191,155.49786575206977,-42.36303388199299,984.2946681732593,941.3653218089077,8.423925204451603
6192,156.464651012647,-42.78655608775628,1468.3594731004807,942.1101122681038,17.731596005549424
6193,156.57592625886718,-42.83454319117065,1523.6351402048654,942.0612245581085,2.854419672848816
6194,156.87043306985956,-42.96212726857771,1669.8520836186112,942.4718487777473,4.773493276797398
6195,153.83229046905907,-41.622274698437714,139.27880745300516,943.5538942643366,4.4951649819768145
6197,154.2020927009165,-41.788297066847115,328.1598715670948,942.8586157895344,0.11013673325246663
6198,154.327985379696,-41.845520267525806,392.5608090599654,943.1037115428277,108.95043438147766
6199,154.58504640244655,-41.961136610631534,523.5370141884939,943.1922151388065,2.945311474574933
6200,154.9793151308563,-42.13667851323499,723.4635613912774,942.9628221657703,6.936262827985926
6202,155.81713565113412,-42.507755175144545,1145.8934229291428,943.6300103849376,0.8391358556442303
6203,156.11245507263274,-42.63566945557099,1293.3680670366848,943.1046998265329,5.126741193965893
6204,156.47405208492995,-42.79219875034906,1473.464594611504,942.9055817410144,12.433299382925648
6206,154.54804583453762,-41.946770245311214,505.3524141541921,944.3041974067627,6.701489038508322
6207,155.8374731991021,-42.516236313057476,1155.9688265729071,943.4171748119688,0.42208062410063274
6210,155.5984909755427,-42.415297524624734,1037.1282371177583,945.3809294364486,5.1476095919454385
6211,157.3929709870138,-43.19094447285454,1929.0658539135238,945.3265763436333,1.3423273382450926
6212,153.7321160278151,-41.581978369000836,89.40822354240106,946.1804618294484,131.34004399387368
6213,154.70568507392412,-42.02078303207622,586.4662480762015,946.0326793408173,1.4550734661503442
6214,154.8182371914849,-42.07097053555335,643.564198013664,945.9966554019667,2.8846444159616262
6215,154.92010112066276,-42.116728186766366,695.2970936573888,946.1780044241415,4.4233273649800795
6217,156.3340507534567,-42.73769492394768,1405.4659379546167,945.9955891202908,0.9690592799629358
6218,156.66777542404282,-42.88281463267656,1571.5742419255619,946.4328450129486,39.489836492795405
6222,153.77010219260632,-41.60100074681496,109.41824206309725,947.053058192876,5.620751137414644
6223,154.83052770189104,-42.07784662638923,650.1945462566077,946.6967745272922,55.455461125236134
6224,156.6308477930161,-42.86795480473096,1553.5408714953267,946.9665646650539,4.561100861098905
6225,156.68747539748264,-42.89311919207794,1581.837133216001,947.3506839054411,20.066088992884534
6233,155.7332394259243,-42.48038922148603,1106.4372025374942,948.3626870760785,665.662701712783
6236,156.5821449636363,-42.85005110474361,1530.2106723892232,948.5342466090289,3.905697040435779
6239,153.74275642048863,-41.593313921777714,96.77457954331244,949.4312301756245,11.975497229663825
6240,154.02965400609895,-41.722270559536916,243.4555412820907,948.8187521379369,6.090859432811112
6241,154.23491400640114,-41.81548032646965,348.506413061902,949.0644359120273,0.5810639316304914
6243,154.86571488625506,-42.098038673874974,669.3167595578299,948.9590668466662,2.620287352868467
6244,155.07759632798454,-42.193613751751855,776.9483320958982,949.6276811934641,0.9513301524221474
6246,156.37683050352334,-42.76182988135494,1428.2966950585487,948.8166004839485,7.4671097993757405
6247,153.79851247200884,-41.61941026534083,125.60446766342389,949.803635741857,61.68289659442701
6248,153.87308572450246,-41.65267868454981,163.66952211874602,949.5032102209972,5.741808154523123
6252,154.27251959411655,-41.834483592434985,368.29436101314695,950.0941310799466,3.6540707511856656
6255,155.03695555490376,-42.17626496779017,756.5953291029559,949.9790944606395,4.075225801752119
6256,155.53429554242123,-42.39594431723139,1007.3440382919451,949.8535473769463,6.735876247855188
6258,157.57588813155502,-43.27693145793522,2021.0868789152196,949.5769134559476,0.5109540965844973
6260,154.10106669796502,-41.75874002366644,281.1942426102701,950.9090676572343,2.191131321556905
6262,156.61795874465628,-42.87054422602213,1549.357727077384,951.0795430142125,4.924394585117899
6263,154.37094719017134,-41.88330053704565,419.79253972705965,952.3558196706069,3.4798240509607785
6264,154.54104108208858,-41.9579189351721,505.89407746813123,951.4736773659503,205.42446733529584
6265,154.785087657777,-42.0689282681699,630.3892703138991,952.3981316481769,0.7748260593906301
6268,155.89531695134494,-42.55856109631044,1189.6630728379214,951.9905673469684,3.2401249128317566
6270,155.94978285140473,-42.58297272691235,1217.0905444064097,952.2988479074585,0.653170488332718
6274,157.12800299775466,-43.09155565701105,1802.2209210943959,952.1488961786636,0.9102671593801863
6275,157.44572487196345,-43.226394116883725,1958.4457539275938,951.9274229955092,1.5055757570089192
6277,156.12791249122074,-42.662176098932065,1306.5344633951054,953.0737207993449,55.517642509303556
6278,156.1467102888439,-42.66789195317681,1315.238734997873,951.8311995638064,1.6302049076784155
6279,157.33855529191217,-43.18321091069271,1906.4071113839739,953.1181609247051,11.05032945592363
6281,154.564728755327,-41.97245503350941,519.0672067751011,953.4398087334688,0.8761471350857689
6283,155.33995631881535,-42.31772543325836,911.6140712589156,953.6142385461362,1.1971637811708946
6284,155.7006925350849,-42.47769066833154,1093.3328785521724,954.191944681337,1.8399597486599768
6285,156.96926184646682,-43.02850451212669,1725.177051853016,954.5977417152054,389.37674710651555
6286,157.35660284613311,-43.19365085884739,1916.0156642283696,954.5169261247507,1.087276197655865
6287,153.75112200719582,-41.608846259485404,104.50497597152399,955.3011788729665,14.683978523790032
6288,153.9828637604944,-41.713915895762284,223.24520989625307,955.2453200754885,205.08257002523925
6289,154.02679697058554,-41.73280039971368,245.4346352683513,954.7416050872789,96.88405105814392
6296,155.92000440076487,-42.57503668755156,1203.595069101011,954.8543942028341,64.94628600912455
6300,156.98858190158725,-43.037010937871194,1734.7823960972737,954.714983686947,1.0451419229152736
6301,157.59786223365055,-43.295925047845856,2034.417451192186,954.483337292163,2.0618242738641483
6302,155.21650768523483,-42.267264655876716,850.5253182181344,955.6925913510873,3.428233903733889
6303,155.35461590001745,-42.32849063675787,920.207610528298,955.7718853743728,3.036194171729018
6304,156.25690435235597,-42.72439009269039,1372.559760377814,956.1675499667474,5.95348882072874
6306,156.53222778290672,-42.84343326679787,1509.4860240816415,956.0715403557655,11.15729073688086
6308,157.5520178695719,-43.279820231686195,2012.8169094895857,956.1564051063459,1.5602637923558558
6309,154.21613227574258,-41.82430035724261,343.9255105535755,957.7306258770922,0.838753121945618
6310,155.10982036043913,-42.222601900782585,797.3944197698961,957.0089109292168,33.4084648005292
6314,155.89666840017654,-42.568166811310554,1192.8381567732586,956.531475439671,2.0469737659606615
6315,156.32406902569053,-42.7557019709651,1406.6117855637042,957.2608102483302,1.2458595491376914
6316,156.45510864906353,-42.81150265129715,1471.5478704729428,956.7801268157868,1.7701423141399086
6317,156.4667934445202,-42.81701127942337,1477.4804236272957,957.0095639972407,5.97801049578522
6318,157.12412394752823,-43.09909813702449,1802.770610010068,956.7994417306826,0.7970632759185523
6319,153.70203442638442,-41.59256718018965,81.084197155392,958.3327076651475,1.9597918517630901
6320,154.1300257467958,-41.78620671963831,300.1720327826447,958.1158302102345,3.0022566969014273
6321,154.97597000024425,-42.16548228835481,730.3758300327058,958.1804034549612,2.4562978763036702
6322,156.22673297514152,-42.71507755663257,1358.5620193519505,958.0791851892253,1.4442589253686684
6323,153.73162514301822,-41.607583985500185,96.72845552980705,959.1085689117913,3.669754151256985
6324,154.03362520977316,-41.74409870870893,251.31641779572175,958.8536070740461,0.527934362182978
6326,154.76434890850712,-42.07235266054153,623.4910112153897,958.7650204452032,0.34439794354154807
6327,155.17681751941777,-42.2558479028488,832.2327621908637,958.7900051780914,2.0347104714593605
6329,156.57346023956887,-42.866596936947424,1531.4177498877784,958.7771508152024,4.753795225190936
6332,157.40672309177805,-43.22430301664526,1943.1289901667865,959.24869719727,0.730829939294678
6333,153.59752341710544,-41.54857505406956,28.46276610055944,960.148037303518,5.951146809599519
6338,155.1303659231047,-42.238755337132396,809.7657925614992,960.5473642550281,11.751295988582028
6340,155.66841261234885,-42.476921823046396,1080.8694449034779,960.9364853394895,1.7568360338108224
6344,157.22262938338898,-43.14806313615509,1853.154805849982,960.3064580614487,10.319016994274214
6346,157.51615724274276,-43.27341747914876,1997.5549861174406,960.6061327853256,120.47273140099095
6347,153.5518596476786,-41.52932447720001,5.452984390820142,960.9404452207569,0.8851408041744251
6350,156.63959810672654,-42.89815799919379,1565.0572707770593,960.3091931424992,1.1488261334558338
6354,153.78852438462948,-41.64172446659809,128.34171717010665,963.2465321316554,4.214205454324006
6355,154.09394329346554,-41.77964240881455,284.5608395887186,962.9952513063732,2.3925484797674446
6356,154.600018128363,-42.007579870175796,542.5495914878121,963.1321920836997,0.6708310895775105
6357,155.2201758458556,-42.28377773227387,856.5786819822437,963.1771718867602,0.5285169445276166
6358,155.84041897792792,-42.55689927678195,1168.3745780431084,963.2470214949952,4.332390066357177
6359,156.49619932775573,-42.840857204892856,1495.1281700733105,962.6266916106731,4.180797989596651
6360,156.6787507708753,-42.91980907367472,1585.7662758310887,962.7230029494656,2.321467736904437
6361,157.0295494173021,-43.071004783424215,1759.4274886601656,963.0326910615688,46.06000610674281
6363,157.18142594022473,-43.13612612243353,1834.3688382362056,963.1543849127837,13.50780277719764
6364,157.27710312313536,-43.17625920163307,1881.293824211899,962.829534916687,12.32796364836723
6366,157.55462224364763,-43.295141095024306,2017.851041307591,963.3529094026107,1.3593857225736516
6367,153.89821827704415,-41.694099681964715,185.31391358272575,964.5343417203239,6.164825286259212
6369,154.06361002745535,-41.76720543930695,269.42599519678885,963.6344852855507,1.3333756648193722
6370,154.51638124891286,-41.97241623954144,500.69440549426395,964.2938662365221,4.355384257225227
6371,154.6556599199185,-42.034761049046956,571.4678210725782,964.275818690505,1.442198836676781
6374,157.14273134142738,-43.12182843900563,1815.897920169914,964.273820595005,0.49496654588984446
6378,153.65751625348247,-41.586379676547345,62.35892958833524,965.3811260857243,7.0700955561113625
6379,153.71096779202713,-41.60981844604628,89.53746749143447,964.9312088217831,8.35989004712766
6380,154.12851265116873,-41.799656273822336,303.50139077360166,965.1974763377483,1.3757541157335185
6381,155.11083223845503,-42.239016100741374,802.4246830061414,965.0318225522143,2.5292752819353668
6382,155.7792753709862,-42.534152959756625,1138.8630146881007,965.273030147994,0.8226477966379951
6383,155.82681706693702,-42.55436959281796,1162.5129327298803,964.9706844123302,6.419702629627403
6384,155.87891123992407,-42.577384879545214,1188.6574215212413,965.0845406930385,93.12788164089098
6385,157.36310261072705,-43.21705422120495,1924.696178563111,964.9581547372266,1.2855884562803146
6386,157.5662621022502,-43.30354792309935,2024.4751345241823,965.1132536227998,1.2820506346013256
6387,153.6745330157851,-41.59499532104152,71.35104306209648,965.8139218392373,3.1650019031447356
6389,155.67783360912694,-42.49176312193338,1088.581619074451,966.3252345476346,5.600889597533189
6391,156.75434817562572,-42.95793297201325,1624.7308415884866,965.5445276508449,1.060043608825807
6394,154.04222337358738,-41.76401300066537,260.3756542725628,966.880732226049,7.591841029814409
6396,155.56412632077937,-42.442292863080006,1031.632177420249,966.5707883454946,347.8183691302222
6397,156.93606325037334,-43.03977155298746,1715.6336985815683,967.4772947852452,11.30791688284645
6398,156.9499149514594,-43.045931957094496,1722.536193286676,967.5909400797194,1.793476973926964
6399,157.00459198335477,-43.06827993488615,1749.245766779338,967.0524111095249,2.1464367397723128
6400,157.3951685110937,-43.23448289697806,1941.4588529518505,966.8819244713808,1.6696603405000519
6401,153.54009396500675,-41.53811742338613,3.573598688834665,968.0251337070276,4.36606243994437
6402,153.72671686408083,-41.62350137937796,99.53045179670319,968.1924230992686,6.277296314186476
6403,153.95159638257027,-41.724842757508796,214.5537964098567,967.8118645463338,4.191763255916457
6404,154.22635106438608,-41.8494928456365,355.10216168660946,968.04779462414,21.433169652635407
6407,155.51895552582423,-42.42620710524636,1009.9941444404511,968.4774334695616,1.9497694934575203
6408,156.50985687640264,-42.85671851711997,1504.6253939391656,967.6519242258644,4.179111763006986
6409,156.79204344123843,-42.97774837286495,1644.3665606260422,967.3675461981437,1.398513722319432
6410,154.66591776899205,-42.047584272943524,579.0345407170456,968.4085918891312,1.5488207743885443
6411,154.69966893667007,-42.06341340924615,596.3778029452317,968.7801001793682,6.204178126475053
6412,155.2281728635826,-42.2989009506788,863.8812454285797,968.9998337328731,1.1000883450604286
6413,155.49016135028094,-42.41456734309324,995.810066480504,968.9997906633447,1.2549542625746826
6415,156.19426747486017,-42.721902146434566,1348.1276115384019,968.6317801563912,26.976885433565485
6416,157.03517074848864,-43.085041889107906,1765.3225088201748,968.9111501717096,64.46226964092038
6417,154.5919872565616,-42.018367584500425,542.5948863846653,970.349100396549,5.254999340446468
6418,154.8282149083167,-42.123648882376415,662.3770151460335,970.2127427381362,1.168555577976649
6419,156.46152787673677,-42.839615100772654,1481.6501629802485,969.5623554438539,2.4714945224413953
6421,157.06928382223106,-43.10251969902675,1782.9234776652106,970.3723331187055,6.256229286577124
6422,157.22456817817437,-43.16875940364143,1859.4111783110357,970.3534976857316,199.38776637245977
6423,157.42858756556802,-43.25488718852209,1959.516442763517,970.0251296073409,2.071559414764245
6424,157.44898700019783,-43.26476628879774,1969.852424376259,970.6430184676715,2.168883081464934
6425,157.58189007979635,-43.32075018729519,2034.9284208151796,970.471748355355,6.707097777752396
6426,153.63699223313247,-41.58924058424169,55.40538597495482,971.4911474778935,1.4070921408650312
6428,154.87781391714,-42.14774637298904,688.0691732724905,971.2138214014927,0.7014232470993027
6429,155.5032325713018,-42.425071528632856,1003.7113461537566,971.3883601492249,3.8444671054022996
6430,154.57016827502255,-42.011721655342136,532.4050273065634,971.9176375517795,5.199938456855617
6432,157.28220701550654,-43.19710932140085,1888.779506203102,972.2748695110225,2.0905689361784936
6433,157.31622862249648,-43.21105865003146,1905.3655052733293,972.0075575331158,1.7837867508210887
6434,153.6703602163392,-41.60736463417834,73.39734086784559,972.9539390912257,4.512604657528428
6436,154.39935502072782,-41.937389287600965,446.180236769002,973.074520163401,1.7294807534852423
6437,154.75327445593268,-42.09624301912318,626.1108205073159,973.2393989813464,10.006867127225277
6438,157.07990112015543,-43.1120393199966,1789.4934264710953,972.8900923483162,7.108134086493976
6440,157.53514070555187,-43.305836819491,2013.3091689984994,972.9423409420834,0.9820129077063867
6441,154.09376399201878,-41.801522854967466,290.84913513147757,973.9977339443853,1.7329898241378523
6442,154.51906953610865,-41.99311085745136,507.6628812013481,974.0698331072747,0.5129850722338244
6443,155.40623266710458,-42.38695008075705,956.2235516074828,973.7147651485514,0.6683692065698625
6444,155.73366381411302,-42.53255808815857,1121.120171859107,974.5328295247278,4.448887867807484
6445,155.7469429023147,-42.53733707366306,1127.4856828618827,974.0084645169574,7.0570572773899825
6446,155.85045088438625,-42.58255699982999,1179.2987699344965,973.9573734571316,0.7623735690989648
6447,155.95242492146832,-42.62810584509152,1230.5809522294817,974.4535772559748,1.636556753793407
6450,154.83854541659437,-42.13653297364238,669.9708228248766,974.3691858137394,3.3738300193022237
6452,155.31333436458735,-42.347558634190705,909.9064663252086,974.5290429741752,7.015783915078892
6453,155.5865116355793,-42.47008799029635,1047.8929423745315,975.603632763729,1.9607189785013377
6454,156.05993661951217,-42.67573591662585,1284.4953169551118,974.8259759382622,8.961936570673448
6455,156.34076796699006,-42.79844398265299,1424.6427090117631,975.1650227040726,1.3402546247253861
6458,157.5109788813868,-43.299302938676014,2002.4439382098924,974.8165363718018,1.7096075562561297
6459,153.6438275685505,-41.601155134124184,61.50049949029133,975.893834067273,0.8180334752447146
6460,153.91042006707985,-41.721721329325625,198.0090229112903,975.5941030494781,2.6000573936697164
6461,154.24279067838705,-41.87332530385919,368.2423882539334,976.2784479284529,1.236298766259093
6463,154.44754892300372,-41.96500878595813,472.4313952192024,976.069422654954,0.5903051217224211
6464,155.0990926022869,-42.255123385161625,802.5287778831093,975.7418391036316,2.958676112910994
6467,153.79018956007505,-41.6693402747979,137.0570621337113,976.6904601550658,3.407993697320017
6470,154.65662394868423,-42.06123589320948,579.4158025085593,977.3447249608481,1.3180573362643375
6471,155.04696205792268,-42.23357805642218,776.6454132640745,976.5409054510542,1.5465639627275674
6473,156.79506728901436,-42.99879370848165,1651.1974177106888,977.3385838457058,2.0523493835941355
6474,157.12145747876855,-43.13865165619,1812.3464785561998,977.3685749356399,8.30348962813443
6475,157.58032081141988,-43.33271185060655,2037.4926314255472,976.8622008190131,2.7067957016902966
6477,155.26212868965627,-42.33224600681007,886.1677847476566,978.2100416989447,8.78214912887283
6480,156.57263707025677,-42.90370642939278,1541.1958262811086,977.6838880779151,2.9391053590825447
6481,156.58853592402122,-42.91045702726645,1549.0523832170752,977.6291871718281,2.845049902476438
6483,154.35410209738808,-41.928851644755554,426.54026274770143,978.9934344067761,206.0631597320109
6484,154.45506884849135,-41.97541791862234,478.28204871530403,979.5964535926514,17.065244642259593
6488,156.49164388761437,-42.871221945090845,1501.6764503529268,978.9397311549192,6.903594894531965
6489,157.32344360163358,-43.22721554440501,1912.3932215621012,978.6266473367274,432.94690927480025
6492,154.17269889748562,-41.84982614771065,334.83035805688337,980.340869517384,2.2979159217180922
6494,155.27236882687828,-42.34115815592291,892.563716965548,980.4137786930341,137.45565369910673
6496,155.9578729325697,-42.642016049656846,1236.4938955607442,980.2621327495754,1.6950989105787067
6498,156.62770450833017,-42.932844657162185,1569.9662857158853,980.4042508673185,10.208238000368324
6499,156.88909472187433,-43.0448530082735,1699.2193480884343,980.2155522988188,0.817411889628156
6501,153.83631805413782,-41.699469321747046,163.38021553008267,981.284591493058,15.70415090650253
6503,154.61633016297472,-42.051045603106395,561.2047416936439,981.2765566175516,2.635773797330566
6504,155.06160091718382,-42.24877582216953,786.5065808671245,980.9108818260028,167.09839383136682
6505,155.13288575224044,-42.280629360531954,822.5664082570305,981.0280091972536,1.338691800731724
6506,155.35487036858498,-42.37884027693738,934.4622392278812,981.0335989074988,8.12469805100633
6507,155.76818412931007,-42.56172135833754,1142.3212225471282,981.5982534719996,1.482578324892365
6508,157.38016015819073,-43.256534060373525,1941.636228945699,981.2616239797127,5.753386569830302
6511,154.47840977424735,-41.99060885409127,491.5113208545542,981.9615518500316,87.33313834227863
6512,155.2367294996937,-42.32920989801857,875.6772077992044,982.3310488399567,9.502767845921499
6514,157.22249291377855,-43.19191122320473,1864.8025045988172,982.5059753963868,74.1401052973415
6515,153.9643378204643,-41.76100643851538,229.9313844072146,983.0308308301445,0.8255416377832145
6516,154.14361692421127,-41.84222117161138,321.58706705125263,983.1065577219173,7.485809214294425
6517,155.54067455618363,-42.46540720253401,1029.2017712465936,983.3898186024691,1.2732429460236752
6520,156.6452489431818,-42.945284711266765,1579.9853531154615,982.8669241854984,0.9842616693172935
6521,156.93874263018358,-43.0716451505418,1725.2230024068779,982.9988030112187,1.782722435478471
6522,157.0895399074875,-43.13657611069564,1799.713609500096,983.2090360835136,13.242825773512108
6523,157.4350445073793,-43.28335999403846,1969.507876253466,983.0431690837023,0.8684885978827679
6524,153.64760018560267,-41.6185226590878,68.03327353403375,983.7226518160621,1.9000543616071965
6525,154.9162373830132,-42.19033471725684,714.7691703040632,984.0083769958247,0.5087155503983409
6526,155.04707952298463,-42.24841580661468,780.8957493108373,983.9683160300777,0.8769995713069223
6528,155.8235628224191,-42.591952056678345,1171.7122636170925,984.6110902129167,0.5513632484943637
6529,156.47241527357522,-42.87391376299809,1495.1270947587243,984.4899956334009,1.2124484474172235
6530,156.6661817071617,-42.95438585752961,1590.3794833266757,982.9093163576738,4.1242058654092455
6531,156.9104954663947,-43.062690184478754,1712.1228364768117,984.5901597932193,5.528325108411433
6532,153.5793586651189,-41.5892343840567,33.52470876297013,984.6311421029787,1.9174642327532205
6533,153.85166311039882,-41.71378303224899,173.3877401080473,984.9629886366974,2.508267909899565
6535,154.9676390981886,-42.21560615334661,741.4515127265497,985.2166708768062,3.373539823542174
6537,155.4235323699234,-42.41735630729437,971.3199282645779,985.1692690052668,0.38812193314284815
6538,155.4900118564224,-42.447478190387095,1004.9729749019048,985.587321367707,1.1686794835285743
6539,155.61068286259726,-42.500100582535815,1065.4412986008606,985.3599427650433,2.2602279511129137
6541,155.4347978311832,-42.42406590840289,977.4741991156585,986.0460595503389,14.022390366098199
6543,156.23432623987816,-42.774698647978575,1377.8072657412636,986.4732198411205,0.5948836005254152
6544,156.80690977854894,-43.02191231811018,1661.9240679698178,986.4431928351432,70.23165853701141
6545,156.95800677496302,-43.08639720268839,1736.4800634583755,986.2822980271246,1.8687320245478518
6546,157.12929632729563,-43.158703604685925,1820.6768518880385,985.8118178848333,1.2043625236973843
6547,157.33409538204018,-43.246308232522,1921.499049354062,985.9915120396703,4.113081748675074
6548,157.36686699268012,-43.260185625443256,1937.5790791933791,985.9651533602782,2.9033805770081083
6552,156.72356673669003,-42.9867768710309,1620.8788753353272,986.7911927070109,1.1885226676886846
6553,153.52222424541088,-41.568716765436854,5.801836800697063,987.4084096537938,0.5625532469898906
6556,153.5394049187053,-41.57880593678084,15.292882748657894,988.5319984088934,10.989784662906363
6557,153.7924308437992,-41.69486939095211,145.3785395300882,988.9576564566509,2.2003627538940247
6559,156.6284214360447,-42.95087516457654,1575.1311055268359,989.3476330346846,6.014321618373717
6561,154.01471524646448,-41.79762356123706,259.71233576710614,989.9475071361364,2.439285407764282
6562,154.46356533527626,-42.000581151107724,488.74760918237195,990.3024771196174,96.23460491546994
6563,155.89677215947023,-42.634531896716524,1211.2654058568237,989.9319184740849,2.8456418368966676
6565,156.60029777063286,-42.94057385012019,1561.6876707668032,990.2669742037075,1.1053517015671663
6566,156.91338896123065,-43.07490666804127,1716.506136075913,990.1339752865664,2.8452918339181608
6567,157.40084352820872,-43.28259477869821,1956.3740930991225,989.9998657198271,3.246935517605457
6569,153.92565981697163,-41.758901227682415,214.63948938382285,990.750223754052,5.3789803695701615
6573,155.06276450633962,-42.27051484249271,793.1068969393381,991.5717556853856,9.07708716983458
6575,156.64053960970529,-42.961402844426914,1582.574772129824,992.0252866698054,4.798482325373993
6576,156.77289072468957,-43.01870161116387,1648.181511689052,992.2013196006584,1.5535938263250675
6577,157.01687111128274,-43.12288394771766,1768.5507067287585,991.986939837971,2.829041423403993
6578,157.15819260238692,-43.18342521048063,1838.216080667487,992.0743078103192,14.609288592786971
6579,157.23723208493027,-43.21796912348321,1877.3260727480772,992.505062750142,5.336566511350001
6580,157.3163262209083,-43.24973253118582,1915.6907544640212,991.5441995399225,1.5777625844808099
6581,157.3426511647312,-43.262629934458,1929.0726398820848,992.4060967802831,2.7517198040539346
6583,157.5580158648764,-43.35355739966773,2034.565010517107,992.1893928749961,3.670588883172365
6584,153.94062444684087,-41.76957155989693,223.42891609547274,992.6975956551588,5.275712119531477
6585,154.5619151470735,-42.05038873837696,540.3708231444925,993.1683707897398,11.959319094295783
6586,155.10735822710564,-42.291868538806334,816.0635797194159,992.361081326315,1.4960123311730305
6587,156.07078154677166,-42.71783502783788,1300.2131290001983,993.6565564751194,2.1049990900850464
6588,156.35450967367728,-42.840727731332166,1441.4154023858441,993.4841350081854,6.724424805524156
6591,155.21733814336554,-42.34447125153647,872.6282580526798,994.3130281305772,1.3118248016718743
6592,155.31488056421685,-42.38675821761245,921.5250125660862,993.8919491557706,3.6310285584668445
6593,156.13561315007004,-42.747716420405105,1333.000296055062,994.4950998891183,2.6679790044420195
6595,157.38019661924216,-43.282329632215514,1948.4986134972985,994.3005725950238,3.710689307335453
6596,154.27643492242908,-41.92621591741931,396.3076945437804,995.189883188767,2.6203644737012928
6597,154.33574906129678,-41.9527737991771,426.48032119343407,995.122629642313,16.388200152676326
6599,154.42225770440004,-41.991167664353384,470.3670436628353,994.8799483818401,4.315920170630405
6600,154.88336815545824,-42.197465685187275,704.3304240850398,994.9351073268055,3.4983304413997023
6601,156.8866832695305,-43.07388362402224,1706.1264026498804,995.3993561749596,2.071457067296038
6602,153.8580548258401,-41.73912034202422,183.2154942479954,996.1935866484386,2.4249947061365575
6603,154.05067798940215,-41.82668597396863,281.81005400128464,996.3562003355014,409.66745090335877
6604,154.1411004242277,-41.86779747573362,328.0512756674935,996.4884915102195,0.44042783047232364
6605,154.4429546554857,-42.00294686084104,481.6096644651463,996.1268292847705,13.690224435082792
6607,155.73048955066648,-42.5738661591251,1131.4117885149624,996.0247400385708,23.37738120330364
6609,156.2613887672148,-42.80554845368127,1396.519574602324,996.1023681745672,7.8771431417821365
6611,154.68526420158574,-42.11243749869968,604.9364228091332,996.611142951295,2.625796498613466
6619,155.48094075144212,-42.46789531939392,1007.2532880843805,997.8646754434667,0.910050228931878
6620,155.8278870901752,-42.620706659811944,1181.3313727916002,998.1348258455466,1.0166513531493209
6621,156.07499108582317,-42.72819142363227,1304.6621370225594,997.950459836934,4.135099256259673
6624,153.53916595057402,-41.599604912425846,21.325525921616485,998.9872893848958,1.6961477362865303
6625,153.66078584678732,-41.65472858749456,83.6663626706414,998.8303892150349,3.217857129997924
6626,154.7991307144971,-42.16728069524458,663.7850348511446,998.6248329568685,6.3986587566109705
6627,154.9204043939004,-42.22084827413442,725.0266407625791,998.3982613151665,1.300803774210234
6629,156.52201363183192,-42.9247694620324,1527.7575099862802,999.3347533553534,3.233963036155979
6630,156.77195160078583,-43.03207612971698,1651.440226804185,999.1569046896058,16.7318559636595
6631,153.69665224326562,-41.6743861982167,103.03937459606765,1000.4973621828486,10.78572558196161
6633,153.95795806643522,-41.792243376084265,236.61259388001895,1000.117542444192,7.843047123248585
6636,156.48411117012043,-42.910039928113434,1509.400483618719,1000.1626659620189,2.73493709791078
6638,154.01121891433772,-41.817962252181765,264.30433646222195,1000.9242331157458,2.0012209369634255
6639,154.75422277582726,-42.15289964900177,642.6517947465105,1001.4616186657265,21.169535464568725
6643,156.47061614882526,-42.90650901187595,1503.3304024894119,1001.3230316119256,6.387488052291801
6644,157.36428854026624,-43.288880733870215,1944.2252652021132,1001.0311337129871,2.7108799489763564
6645,157.50613361821374,-43.3496786288243,2013.9358066902712,1001.3438470136864,2.009642234272405
6648,154.09084561278175,-41.85641066142587,305.68363373650385,1002.1515350079052,4.28696057312114
6650,155.1742376847193,-42.34124286624239,855.377288558998,1002.2777005159709,12.167905763521635
6652,154.0380163677284,-41.83297790966941,278.8365291248085,1002.3739958941056,223.1968221946877
6654,156.59407822024264,-42.96298955954686,1565.421259887783,1002.9301971034579,12.180345039790202
6655,156.72750259333458,-43.02086763878872,1631.59295404032,1003.1444169367855,6.449242483009153
6656,157.196804364863,-43.22239608978754,1863.2222188198912,1003.4498901560889,6.080756554283585
6659,155.45397756466355,-42.46799653289252,997.0631545670948,1003.8871764379905,2.9088119915994683
6660,153.8169208679321,-41.73778712848643,167.22259375660323,1004.8694552629472,0.5199699489205749
6661,154.983414395349,-42.26191973785274,760.5832930304052,1004.9526691561787,1.6693841852364761
6662,155.6047261420003,-42.53609307569641,1073.2318810312502,1004.7843417196035,5.675131255224764
6663,156.62835643736426,-42.98174905360098,1583.4836568784906,1004.9409682335184,2.5353413407141
6665,157.18289003311267,-43.21987337355596,1857.289152581846,1005.172544244847,2.036810203338775
6669,155.22478260939027,-42.37152321160352,883.0807431976303,1006.2516906450222,0.6785230282625657
6670,156.09669259958486,-42.75302950659602,1319.7233784358764,1005.7039696091704,1.7138124173786327
6671,156.34476362307694,-42.86101593010509,1443.274064457206,1005.8416168100787,1.2049914431178483
6672,156.49449694279147,-42.9248882973903,1517.3757101576425,1005.3887701791099,4.142149186087727
6673,157.41222727710482,-43.31965777160331,1970.5068656739288,1006.3010253406607,5.768142277155876
6676,156.40260595557484,-42.88875405561241,1472.7464389423812,1007.2007305259439,2.9614481661225227
6680,154.55450650677017,-42.076152058485654,544.9550725743932,1007.7537106696235,3.776722658819758
6684,154.27390089294585,-41.952201292180845,402.85805089356273,1008.7830476113214,2.56685773982822
6685,154.4716073797192,-42.04131949664428,503.51666591393763,1008.9196166371862,6.471436630685609
6687,154.94920216955276,-42.25415861170737,745.4109196650707,1008.6915075468015,2.7108911106298734
6688,155.02408041569595,-42.288886836473694,783.6473419068727,1009.423606975343,4.0979251874713265
6689,155.34547389375098,-42.43015746413159,945.326306698157,1008.9170415801285,5.371636285298834
6690,155.5434669075267,-42.51871901981564,1045.1695698306532,1009.5878159554884,2.8765850027972
6691,155.620611489883,-42.55124890866657,1083.4797522346007,1008.8989097585679,2.5000574196211116
6692,156.44999197944185,-42.913242837549774,1497.3607205292208,1009.2148520908352,7.429125523098774
6693,157.46311467308826,-43.34731291030254,1997.0581945972785,1009.3703180258133,1.6723077604532037
6694,153.8247256653009,-41.75185227568217,174.29428274072967,1010.1349028695539,5.521556950499086
6698,155.84296350248488,-42.65146938477084,1195.5758106912863,1010.3012729653882,13.930594084738722
6699,156.9474170310354,-43.128533925380346,1743.8009424700006,1009.8556223716921,2.8192540479436317
6700,157.0016040552601,-43.15074447652483,1770.2533384734973,1009.3600442746156,1.3346896011929996
6703,154.35437524429966,-41.99299382752677,445.14965616233826,1011.0834397666848,0.4265472350919325
6704,155.08454733737375,-42.31774028726713,814.7377314511504,1010.4383441459768,17.609309047530356
6705,155.23231525944144,-42.38402745163314,889.46125041963,1010.8605835836663,17.220509638835633
6706,155.30089206974094,-42.41430701920587,923.9755640238591,1010.8444332172514,2.162272819846861
6708,155.44860635595523,-42.479245474500644,998.1811445918701,1010.7330272725061,0.8403175127310931
6709,155.90193300184083,-42.67875350206971,1225.46678978158,1011.0626671718886,325.8358901009467
6710,156.05370965778908,-42.7439687335636,1300.9524310426139,1010.566689571302,784.0757841199869
6711,156.6175679021092,-42.99035869597534,1581.7381438562134,1011.6304319062929,2.7100405028108066
6712,156.78731207428984,-43.062576300600895,1665.4892987282187,1011.2220726425874,65.53159199870476
6713,153.6415489064415,-41.672795507062695,81.6741910962068,1012.2483834293342,17.601169522098385
6714,154.22814841843189,-41.93804943123794,381.41749857863965,1012.0167199952397,8.109446559406445
6716,155.4334490583046,-42.47615097152829,991.571246705174,1012.5346866546373,40.18476656048283
6718,155.8180617288719,-42.64468340827152,1184.2631869868387,1012.3677745643848,23.884463544306083
6721,153.77660915936318,-41.73574470354749,151.33806196581594,1013.007831056631,2.9457720890062244
6723,155.32124939136304,-42.42831158483069,935.6287925120419,1013.3644026867702,7.54190796498614
6724,155.87950359382418,-42.673589859383725,1215.5437547338006,1013.3962309693077,0.9688803951257052
6725,156.32854443207572,-42.867912199033825,1439.0219881175192,1012.8604178719272,0.3220841068869463
6727,157.53760072632014,-43.38613039746949,2035.4552493206224,1013.0428271130996,4.132442783412973
6730,155.85673867385646,-42.66496731403528,1204.5345285801488,1014.064199071568,87.45042757912894
6732,157.08861418010926,-43.19758859679947,1815.6985159111255,1014.2378106244994,17.613208726587246
6733,153.893713231016,-41.79310900669114,212.50126544766508,1015.1213596568421,12.818481232595724
6734,154.24250180721418,-41.95032687838441,390.41127012448214,1014.9282189104699,2.5910657280908005
6735,154.4055923162958,-42.0242557004934,473.57795880719266,1015.2185267272849,650.050226553454
6738,155.26134306678162,-42.40496777806919,906.3613229880941,1014.9334266092942,20.581303834612445
6739,156.1423499391724,-42.79162078641207,1347.6282440762052,1015.139979810225,27.58885565413343
6740,153.6054829425734,-41.66390936220879,65.38925759052191,1016.020774927501,196.5614011454937
6743,155.09322440189752,-42.33139888208768,821.8913700141273,1015.3658043352009,138.68405451823745
6745,155.95004748658525,-42.71003797431416,1252.3393632001844,1016.2379270087615,1.8803553321330437
6747,157.2116115030437,-43.254695658951306,1877.4347848737525,1016.5856257855925,4.706667061609583
6748,153.51116053312978,-41.623167188009326,17.64291950173345,1017.1582731429244,26.457452335852533
6750,157.1705984214572,-43.23865630415627,1857.6585922723705,1017.3130186773852,3.319875000125333
6751,153.57429779834072,-41.653792214645826,50.592169798346056,1018.0694523864029,16.246848393194686
6752,154.16438328391206,-41.92134216766676,352.4051176451789,1018.0470290662124,21.607138099144755
6756,154.69423791406047,-42.16153988894597,622.3815518977017,1019.2339490549009,2.8540923367802526
6757,155.5495183713118,-42.53893728852622,1053.113897612336,1018.4179341503209,10.731771053523353
6758,155.57112988297882,-42.54843177584722,1063.9515354256628,1018.4154638556815,39.799042215824095
6759,155.82176542492198,-42.659102108056686,1189.666365989653,1018.8095919628547,0.749015236641473
6760,155.9010144248939,-42.69417554422699,1229.3886513659318,1019.0288283045483,32.02113824516372
6761,156.31879200402463,-42.8755780043215,1437.4291979441864,1018.854576415968,1.012214254895817
6762,156.33690432666333,-42.88406594833831,1446.6038715554432,1019.1775997775783,1.4822874253179712
6763,156.4506497170119,-42.93248310448543,1502.8551859398767,1018.773702857141,1.1171220186090203
6764,154.59311612261138,-42.11854799838237,571.750871715214,1020.3465014058088,3.5603663119012685
6765,155.51267566810301,-42.526149722232624,1035.585028398952,1020.1354726061816,2.060908662937485
6766,156.6870917506529,-43.03736601651858,1620.7739466627702,1020.2433785066198,3.7746974833540268
6767,156.87082341769664,-43.11616278015226,1711.5159449813586,1020.1813799099913,29.441433481023914
6768,153.47547072779287,-41.61456302802228,1.5778591542214706,1021.0030684242196,25.7404883713223
6769,154.06281117105803,-41.88164458647986,302.38363669767466,1021.1308453635957,112.2934901509812
6770,154.22570777174838,-41.95499603363472,385.39598896458057,1021.0573449426162,4.70597012875967
6771,154.50689457588044,-42.081366191565046,528.4041603851643,1021.0648619991762,39.2495005832908
6772,154.99319675400892,-42.298965915367454,774.802666287887,1021.3715519979006,9.484682669870567
6773,156.08866963124078,-42.77986202432146,1324.0759328272159,1020.9794142343488,10.528144988699603
6774,157.3058835156661,-43.30285908098187,1925.873503268735,1020.6496998444587,5.472487860070677
6776,155.02205865180846,-42.312632200219426,789.6127402588522,1021.7980041851699,13.6176434025459
6777,156.8959347639353,-43.129917560235775,1724.71104901996,1021.6910517624817,37.37247743130272
6778,156.95911662917254,-43.15817110214728,1756.1873850578895,1022.2930821277399,8.828719333692778
6780,154.7647879623138,-42.20053498527925,660.2545528632827,1022.9984528455321,0.5098180435034945
6781,154.95109140251193,-42.28322048644906,754.3813142566075,1022.8600097622772,1.860532871719286
6782,155.0890013104698,-42.345883180165416,824.3899216711034,1023.5806866938904,57.31743501452905
6786,155.35071254855663,-42.46315493018493,956.5845744349058,1024.3402801579882,1.178103052963915
6791,154.92075106741473,-42.27447165899572,740.4013807550621,1025.2404602933661,13.13379173109586
6792,156.14304434969827,-42.8119436654171,1353.4794549982028,1025.2261727139016,6.772242544180532
6796,157.48594943536645,-43.38930187296652,2016.791533371496,1025.7125536856204,4.39914110443901
6798,153.957390440889,-41.84324581833519,251.2560289356271,1025.7775615351059,7.309138141099166
6801,154.65936554614285,-42.15948342262513,608.579139508368,1026.0178325879099,0.19116023168766388
6802,154.95724662031512,-42.29261222663494,759.3800660555394,1026.2012231141123,2.3881376381700394
6804,157.27415121523958,-43.2991516981553,1912.9024889959007,1025.5979615309243,8.480270443228973
6806,155.88028993078527,-42.7012876124892,1223.5135726593085,1027.1660839831875,8.543825275054783
6808,154.60323292760367,-42.138931866760885,581.4265615569972,1028.2986339569627,8.553721279070835
6813,154.09167735192352,-41.91037081985188,321.66651019397995,1028.985342738782,3.3162331077661897
6814,154.79433575809725,-42.2253994258464,678.541937155018,1028.8629026084448,2.4160440152624587
6815,155.6098373498554,-42.586949165460275,1089.3607022348117,1029.2359761926841,10.493728660647136
6816,156.3861922109645,-42.92455795331537,1476.3130715004709,1028.8325586169851,1.0806778780592547
6818,156.6845529838897,-43.05456501626215,1624.470922946771,1029.4726351968905,0.7846913871720018
6819,157.4564771166622,-43.383911694812795,2004.2399029657938,1029.3035626252142,5.367825426634958
6820,153.99602157200113,-41.86904934046798,273.40848851563396,1029.9428620620413,2.0284135225388815
6823,155.25688803918766,-42.43304960541575,912.584285555916,1030.0329422468765,1.3417217459077952
6824,155.3532792757004,-42.474052005186806,960.6183341963807,1029.2477802789988,1.453841071929822
6826,156.9876243156066,-43.18610328922525,1774.4592407654613,1030.2384259469006,0.9257533676955554
6828,153.8004522901434,-41.78339164631398,174.31358125285135,1031.4284559717441,13.170155779479332
6831,155.05717610477197,-42.3467628299153,812.5846499648935,1031.1103444785601,29.50724113686046
6832,155.0747440484046,-42.355095957162,821.5970488384432,1031.3820054626333,3.2816449625737913
6836,153.47078702880648,-41.634737770194434,5.74956762666397,1032.1559090574729,0.6706159812519741
6837,153.9737833958754,-41.86278926159727,263.1596699916331,1031.845788916727,4.417078383503302
6838,155.36584836007023,-42.48500001908201,968.4526398659438,1031.963392029306,32.254887441298855
6839,155.72035218927198,-42.641186090886094,1146.3011319467823,1032.134852172511,3.3546184154976944
6840,156.39506451887164,-42.93472129125777,1482.4430396440903,1032.020815576819,0.5815740234822203
6841,157.24604128482392,-43.29991723592253,1902.491244653845,1032.0305329217874,3.3750150430239887
6843,155.3942294868499,-42.49868155135427,983.0386330565741,1032.54981127713,0.26080106838938844
6844,157.51471485731528,-43.414803095893866,2034.389985292625,1032.448049929231,27.290580409410904
6846,154.2208267614678,-41.98033808310254,390.8790201285696,1034.8529974097182,1.3967750059772908
6848,155.01291676658428,-42.33353473190587,792.0754781425313,1034.3305535990164,2.044345842965709
6849,153.63195537387017,-41.71430613100189,90.22565069482403,1035.1912597114444,6.1818650241898805
6853,155.32683561350984,-42.47440223491137,950.7048588442645,1035.2879647876882,3.765178288962558
6857,156.75711465298335,-43.097580287977564,1663.5281711504692,1035.4358115421958,28.692185592526307
6861,153.83383655620207,-41.80655756376166,193.73395861244924,1035.4384451438289,4.113483395246693
6862,153.98748299145004,-41.876925281005065,272.46520427738255,1035.8186712353984,1.776031868127744
6863,154.576147359631,-42.14285592739424,572.2907235945805,1036.3434624540525,8.935655676271448
6864,155.63858951078157,-42.61286551134445,1107.4711836087017,1035.923155225802,7.958010035517651
6865,156.06867342665518,-42.8014636311666,1322.4603112394143,1036.2423077600229,2.9552769900263827
6866,156.21646524945,-42.866104650571955,1396.1273171867615,1036.4442531358343,8.66409594012557
6867,156.51581008643186,-42.994358299679355,1544.345368936538,1035.7827264330235,2.117473773361679
6869,154.19461497263893,-41.97233600270663,378.63284081094355,1036.7605412576893,32.65096890745586
6870,154.27447669895724,-42.008446822827615,419.3309036771587,1036.8328848442322,3.8675759139275883
6872,154.6860473790993,-42.19324059187375,628.3421762352099,1036.9700396385635,16.653307571808565
6873,155.15925316754934,-42.40234785270174,866.9564191861265,1036.3062612709664,0.42910977315407856
6874,155.18817033633002,-42.41778892328916,882.2632610411874,1037.63310742402,2.4634341548783696
6876,155.7693982626716,-42.67191971172721,1173.4041654327582,1036.7909118214095,11.952553018243808
6877,156.99622235356105,-43.20324729781155,1782.307308624043,1037.0388617993165,5.5673960910073585
6879,157.12171105613496,-43.25694074607533,1844.0770449912754,1037.0854238651632,0.6891678257313933
6882,154.14797021543734,-41.953441537523084,355.48895805847974,1037.8305397684007,0.25924038874735644
6886,154.37839097280226,-42.05934175448733,473.37944217128955,1038.9249985832523,16.214284392987416
6887,155.61762756201688,-42.610420364945675,1098.8567215248224,1039.320368092704,1.3717364696635916
6888,155.96466405500954,-42.76252877046066,1272.3773671967579,1039.4552772899258,3.0628446140309187
6889,156.14387754209207,-42.83955086432855,1361.3844765084766,1038.9502716977877,7.982837919723424
6892,154.47379057110217,-42.10403396889692,522.3764188221113,1039.867367288488,3.259691751985017
6897,154.70347377602513,-42.2096137136038,639.6217824060832,1041.2790878230655,2.181713608010609
6898,154.8280740879111,-42.265073240555246,702.6264462563037,1041.2256757387797,9.59411711893673
6899,154.95051836244542,-42.3192066390628,764.3829486247766,1041.0516983498112,0.1730622456055105
6901,157.15006522534904,-43.27779621430446,1860.3547251165742,1041.512070649219,0.5531770487695675
6902,157.20970759526867,-43.30189542118548,1889.300685591027,1040.8472817422887,2.4373710323192816
6903,157.37051482248782,-43.371479918208564,1968.5010926760483,1041.4569304465306,1.5623967867233037
6904,155.08240446609793,-42.37960011832832,831.4319587845429,1041.9807709814756,3.1493438248472274
6905,156.13047806499546,-42.839967462743104,1356.4318909387282,1042.0938280032185,10.354285298444397
6906,156.30921401751473,-42.91697102338662,1445.1326083535694,1041.8078487399969,3.7937163459165397
6907,156.64301600637114,-43.06253746839558,1610.9326496104916,1042.5133694086842,4.917909761206487
6908,154.15714057708826,-41.967030612857904,362.9009772664479,1042.564227771188,7.5820962386187345
6909,154.34153393700936,-42.051259566700544,457.0896964241968,1043.1727681953857,0.544561140356531
6910,154.8023178406259,-42.25700728360939,690.5757653027108,1042.936311535534,4.2128968369171655
6913,156.60966129682978,-43.048374916147175,1594.4892514400858,1042.6152291905103,5.39521482970634
6915,156.83137971470163,-43.14493127942109,1704.362864076488,1043.2425094866078,0.5198829878828466
6917,153.45098181385265,-41.65039022291878,2.8609191812561376,1044.498835390995,1.6710530820175582
6921,156.10456570330965,-42.83290955937212,1344.6921303988388,1044.2139605243265,1.2056847136281765
6922,156.9670008422151,-43.20528207330845,1771.817634195586,1044.3778596650204,1.0263212641348762
6926,154.43653558892086,-42.09763355309628,506.4265995366617,1045.033958651848,80.52447842637378
6927,154.54813692593217,-42.14660915456925,562.7589976721704,1044.5114054035398,3.3978253862340853
6928,154.78633747066036,-42.253292366416495,683.4661256917694,1044.645842760381,6.747901370449746
6930,155.8664241603982,-42.73066845940527,1226.4053214107062,1045.0026312678242,17.2338034321006
6931,156.40276198866337,-42.963200910025144,1493.125805796176,1044.6984732073915,3.121866013557748
6932,156.86683687916815,-43.164783127161435,1723.1028181681927,1045.588032820812,2.9210493341723636
6933,157.34191449175637,-43.36649047857378,1956.3841681709582,1045.0742727855431,0.8383337865895325
6934,154.2466973108433,-42.01438636734464,410.5258059298113,1046.0713784447826,10.844449435821497
6936,155.745329804778,-42.68065229736695,1166.7247428238165,1046.4857559927286,31.090512640833627
6937,157.18098408245427,-43.30006220457095,1877.9694074631755,1046.1031400788165,0.4039669621287541
6938,157.43662208019106,-43.40958006044717,2003.5423054568448,1046.539223423091,62.395721758703246
6939,154.51988225997687,-42.1401720936856,550.2127950884967,1047.6275989316666,1.9482449039801544
6941,156.3454219355829,-42.94175622785509,1465.59710460631,1046.395490616494,305.7035226995797
6942,156.93800271717666,-43.1978617207119,1758.8746688587573,1046.897076821818,1.556351809015832
6943,153.69171259177514,-41.767135214044835,128.36037570332587,1048.0098825133987,5.902501269452597
6944,154.4194158070383,-42.09614921597002,499.5167189245992,1048.1396696818106,0.37641412131193164
6945,154.59637695371637,-42.17600858564549,589.4539438285841,1048.4274917340658,2.305724784992189
6946,157.02294907085928,-43.236529598254506,1801.3241923423668,1048.0757173202073,0.5468978351982421
6949,154.6983307238516,-42.22240915250737,641.33097612618,1048.8481324846664,16.09345620045059
6952,157.3994051729154,-43.39920512276959,1986.753788671439,1049.2742390571302,2.2062683104466143
6954,153.66186765159978,-41.75772897333375,114.29950650592482,1050.094973899678,1.9053463745458303
6956,156.29630789480672,-42.92803792188722,1443.2823799603532,1050.2023868870563,6.828763786451595
6957,156.5928045695092,-43.05641458730075,1590.301711333908,1050.332848910161,4.928209044551885
6958,156.95611630601567,-43.21266542335715,1769.6902514494864,1050.4569263148226,2.3459608474796836
6960,154.01866112230056,-41.921012821309986,297.09928093262346,1050.8282090958694,10.69582741511575
6961,154.13447298597978,-41.97407200751101,356.35750680904783,1051.2091623518475,7.560854870770149
6964,156.6243702197014,-43.07188101461485,1606.4210177214704,1051.2756229167367,9.441125340291915
6966,157.26449292518524,-43.34509319594851,1921.4826310274486,1050.8925248562125,2.2825128857480728
6968,154.7610549794262,-42.25658030215702,674.832624855215,1051.949632877984,0.7648362247941599
6969,154.91082035149591,-42.32228056640574,750.2280873021339,1051.4516709303282,0.612509884181727
6970,155.5897795489512,-42.62302540310103,1091.8374769798645,1051.807263235349,9.159689764616543
6971,156.37524266067282,-42.96630667414328,1483.573504210403,1052.2637371010517,1.3600861607165657
6973,156.66645083292423,-43.09102368051307,1627.5026849626893,1051.794683477672,2.4252206106449195
6974,156.83599502184055,-43.16346153056821,1711.0997919652727,1051.5954163769688,4.340065420302064
6975,157.32021681461123,-43.371082508063495,1949.4170289201738,1052.0542921223011,46.575720175056844
6976,153.5548147429969,-41.71473731465396,61.133193499915066,1052.9770055505899,1.1262612257067401
6977,153.7960246119643,-41.823591124382745,184.38996056176,1052.5426641722263,2.1291901644058697
6979,155.16313369698898,-42.43721214048651,878.2686579347206,1052.9530343376107,0.3685702459199603
6981,157.08047795322136,-43.2713346211364,1832.359947885723,1053.2435481439816,3.3853974767092225
6986,155.28434407899533,-42.49250702884831,939.7153425112717,1053.809892347915,4.2331242322800025
6987,155.99269724389413,-42.804722751623444,1294.6288121490677,1054.544148280626,43.90763179324618
6988,156.90340991395485,-43.19814856535787,1745.890773135122,1054.5192655915957,1.653087077356123
6989,156.93382858316104,-43.21002571460961,1760.5669719707246,1053.9398459781123,2.9737750821584745
6990,157.35411739226166,-43.389748976194696,1967.161959883631,1054.2108169309936,3.0277841426115715
6991,153.64652712897015,-41.76079384006194,109.38971638389442,1055.1175013398458,1.5340384021131024
6992,153.8198973850162,-41.839719795583974,198.1432090530654,1055.1914806066948,1.7829759476283988
6993,154.58406303144477,-42.18435067117347,587.182796609334,1055.3714066931336,1.8036379560861684
6994,155.38594223334658,-42.53985552637103,991.4564192620335,1055.0780889109396,3.7529896851367637
6995,155.46277623808854,-42.57435705904894,1030.1921607772242,1055.4095897432483,1.3249886089875054
6996,155.63319151168258,-42.64883684974462,1115.4558279593023,1055.2048509025647,36.311156530422025
6999,157.24553684173807,-43.34542917708796,1914.4198681823393,1055.1373138036176,7.196099285724649
7000,157.46724029136544,-43.43876562610749,2022.8142507898062,1054.7343140548655,3.5084501410059787
7001,156.13120704620533,-42.868695595221,1364.606079834945,1056.40265283855,10.263103171304039
7002,156.70680289473648,-43.11550006146985,1649.366370147334,1055.386804316458,1.062740508984647
7003,156.95149081368325,-43.22049789334847,1770.0473450599563,1055.410334144179,1.5721619795001662
7004,153.89336756792034,-41.87622904335391,236.61760719980987,1056.7924436746107,589.9271908585496
7006,155.26747821483457,-42.491747725084096,933.1207997328221,1057.1704900745974,3.7444634555958416
7009,156.44239852775956,-43.00479209731149,1519.4443373682675,1057.026248154767,15.577385997532454
7012,153.4970320822322,-41.69841735068066,34.45198774048952,1057.992147985675,3.53220648928
7014,154.89303755530096,-42.3282289150209,745.1888558025299,1058.405129143335,2.309790564163069
7015,155.12419308218486,-42.4300009911743,861.4979540503338,1057.989659417618,6.693916730672692
7016,156.160804515323,-42.884269580051814,1380.0715294618008,1057.7691722388834,2.882729007880656
7018,153.52746288290183,-41.713514474109104,50.41726345778401,1058.5990909832467,3.319200386089599
7019,153.9774561609816,-41.918291786809384,280.7067331916624,1058.7915810720053,3.7991889120219375
7021,155.18457872595835,-42.45863356874477,892.4275433317616,1058.9450116200012,1.9935389084133506
7022,156.34330439833911,-42.96584872017103,1471.3809155397785,1058.9984836419303,2.54408094582068
7023,156.5656475897061,-43.06267864606417,1581.744288932792,1059.3936481902547,23.46035385308253
7025,157.05000381213776,-43.2693368993973,1820.324469703119,1058.8056039089972,0.9235205444600321
7027,157.08440416477754,-43.28326302078998,1837.0325974577663,1058.4213289888285,5.569779881524919
7028,154.4294314551994,-42.12425900300872,511.39765064268425,1059.9733778864427,7.8969322231678385
7029,154.60807389014388,-42.204326987975634,601.9938072876438,1060.0023345210566,17.741010697286903
7030,156.40478300804034,-42.99479048935936,1502.5077736799005,1060.1798857618887,0.2487020413762346
7031,156.58183252152298,-43.0709913306968,1590.113322836892,1060.0678970668773,2.2328358771737524
7032,157.16821383258727,-43.322968792901456,1879.2618528105038,1060.423777812829,1.9604614578729875
7033,153.59176869658913,-41.74732797993847,84.704411182377,1060.8495873134057,788.9471468895147
7035,154.68731110724568,-42.24167184881434,642.6650485040896,1060.975321530775,0.6702248599462689
7038,156.10761582645046,-42.86655970661468,1355.1029414805998,1060.4915938409226,1.0091070174495917
7039,156.7147406823653,-43.129550072340855,1656.1629186109535,1060.7530916321653,0.1355669984111887
7040,156.82455450590754,-43.17742068589161,1710.542224870314,1061.1160326670981,181.66643458458796
7044,153.60752408192326,-41.75657938413346,93.3862534990195,1061.8869956367005,4.225839211324297
7050,157.12977437981124,-43.310009038115,1861.300222400325,1062.153937413457,52.29081002641524
7052,155.3547101541062,-42.54092137906072,979.9420051595937,1062.5323243184723,0.5306961686733376
7055,155.56664656038328,-42.635293443356666,1086.5132248983036,1063.083293026808,1.0601636915024837
7056,155.77523038488584,-42.72576743254696,1190.5628137129204,1062.5975638500224,2.9650406639696127
7058,157.20483605406568,-43.34363211722642,1898.5871146944478,1062.981962223521,122.29088847485394
7059,154.13746028508757,-42.00140112010843,365.4104174948633,1064.2169291322875,3.3359084792624656
7062,154.98029431010892,-42.37858768869844,792.5026080981952,1064.2157421388279,1.9237397010408332
7066,156.9450129020082,-43.23453738565111,1771.3726381352287,1063.8968627576776,1.2445614092917847
7067,154.65484010506077,-42.2352662438244,628.5463603258273,1065.034845471031,0.8905088050231103
7068,155.92215562750926,-42.794982557160786,1265.2742705064422,1065.1237732791458,2.7218628868956047
7069,157.1541449077326,-43.3253969148408,1874.6024416730957,1064.678642726727,135.89635162158064
7070,154.49981547441914,-42.16749914776696,550.4636413247063,1065.8295668768405,2.770727664233993
7073,157.2483642095035,-43.36807262806229,1921.513833927279,1065.9701400852448,1.2372727601980178
7075,154.5654460024545,-42.19920914313087,584.3961853232873,1066.995059938924,6.1844840148604625
7076,154.63372160813185,-42.22914391207024,618.8040278225891,1066.696173328287,9.331428343565674
7077,154.81804443573284,-42.311849327439106,712.1533546656658,1066.9333394559765,0.7104076555939227
7080,155.882400723225,-42.78180452771884,1246.604282762915,1067.2239854137456,4.994963995100399
7081,157.01126104920897,-43.26936870836325,1805.7143792643026,1067.1788374561502,1.3769224885358269
7082,155.1072146218275,-42.44323507680234,858.8152786495068,1068.4098815398236,2.778778506816288
7083,156.7026278369063,-43.139660200289484,1654.3238905631429,1068.4792889016562,0.7347327490802188
7084,156.71971197686497,-43.14625914788344,1662.5565700203088,1068.1040033347508,9.039872462471257
7085,156.95359786308669,-43.246955883391145,1777.9464933565575,1068.3112725558728,0.35929658570139344
7086,157.32152342646964,-43.40354944140556,1958.5333269909352,1068.1813565796351,72.36859762388177
7091,155.02800494508878,-42.41001326122744,819.4567384300607,1069.3598588641792,2.352507439812282
7096,153.42131150721713,-41.68749386131747,2.570325237519089,1069.808948694532,317.67752005959903
7098,154.83338561245205,-42.32529118019814,721.7843690780983,1070.249229956136,54.614222215713845
7099,154.9097265043206,-42.35974573413403,760.4598264144436,1070.4948060059382,30.600930531807848
7100,155.32591294716792,-42.54298385810403,969.6312525030351,1069.9497301200838,4.444402232314129
7102,157.30043620254816,-43.39862815966178,1949.2752293709243,1070.2219384448936,2.597181407723999
7103,153.46823911167107,-41.71144551466434,27.391082754189714,1071.0680487922975,0.7336042478709923
7106,154.01982948592368,-41.96510116900861,310.35846848555093,1072.6284440112138,1.71847396059221
7107,154.19745669011618,-42.04480253227856,400.68396908030985,1072.4072543535194,1.1362916893793014
7110,154.88077535929943,-42.34954743794417,746.6107358933887,1071.8377031397295,6.810068635566096
7111,155.16381424515183,-42.4754725323009,889.3248852547315,1072.0139138467218,39.60474656783181
7114,153.86953020250454,-41.89789214146773,233.91427066673276,1073.0323986078834,3.26664475773027
7115,153.90753148645268,-41.915578351717514,253.45131159515816,1073.2682764357937,1.788554874115075
7116,154.56323721140808,-42.209930034757086,586.6339976061352,1072.8640096179422,12.490740910747075
7117,154.79728332637262,-42.31552333442801,705.3465036122203,1073.414699485899,17.40415951529343
7118,154.9937932585,-42.402915981819596,804.5066330592398,1073.4172767809682,1.970112691554971
7119,155.85708424926884,-42.78120738794596,1236.8719116803122,1072.4863562426965,2.9057329525249327
7120,155.8848571814685,-42.79582647369267,1251.413061178852,1073.7397607162577,2.5562353126511157
7121,156.45329494398197,-43.04144290471329,1533.5439697198904,1073.1268785163838,8.928122174818226
7122,153.9811437812106,-41.950409636349455,291.44815973575425,1074.0281874267187,1.4748840858491814
7123,155.43350781714534,-42.597593586067205,1025.632656515044,1073.562091118204,0.20343590646775145
7124,156.2324926399781,-42.9485047359108,1424.7778648228852,1074.4497195491401,10.395049327832062
7125,156.58946675062887,-43.1019461276949,1601.39499016153,1074.0176949593626,1.4118600433559532
7126,156.6683826743415,-43.13639779373817,1640.515913142453,1074.2608248498493,7.131992009117557
7129,153.75467761293032,-41.85009599771258,176.4911855557889,1075.184943005599,6.044561393550052
7134,155.10528561362872,-42.45540190570796,861.5245727199474,1074.9467831872028,6.7494478329489205
7139,153.76860724559512,-41.8575403581202,183.93943844159926,1075.7448603651496,1.7744917749830729
7140,154.31516821830974,-42.104397853320165,462.4380682830526,1075.727151091043,2.0276692041485735
7145,157.4398283025073,-43.46929255294604,2020.555602241483,1076.038941189168,1.275168735315928
7146,153.91779830618864,-41.928242921395366,261.02680883084486,1077.2781563970243,3.7046753522320954
7147,154.16247701318747,-42.038246730000864,385.551821422385,1077.0159174945948,1.8161649443102064
7148,154.3382670322143,-42.11673431950767,474.7343307823405,1076.7071191623406,3.1463530877928343
7151,155.3295829587892,-42.55844626697182,975.363134834707,1076.903740102705,3.408890803385653
7152,155.79511984551775,-42.7634649364316,1208.5408982189986,1077.184189130546,12.30333092392156
7153,157.46510911827602,-43.482339797291964,2033.533166054306,1077.2199475936525,0.36473529582731706
7156,155.02232184128263,-42.424554288548904,821.4261004570517,1077.9231571335865,2.532726136379923
7157,155.22615485429318,-42.515301200961886,924.1257318313468,1078.170093465629,33.07780877516381
7159,155.95874543948423,-42.83623725578093,1290.498420310684,1077.8545333341976,13.017137538931813
7161,156.32855472881707,-42.998226838390366,1474.6583557507465,1078.5292185277244,5.5828903595658605
7163,153.6475951056492,-41.80909140743844,123.96358978940773,1079.0180718166073,12.112497590706564
7164,154.00790761390482,-41.97231499187887,307.94489293834516,1078.934322025239,1.8607014027425046
7165,154.04608325040354,-41.9897058961276,327.44059908460594,1079.0054924182662,6.935257545326474
7166,154.13476465120084,-42.029700528146115,372.59222024211033,1078.9918213438339,2.96429285479878
7169,155.69466235287078,-42.72200922375235,1159.0677653395187,1078.4482724505717,739.4214564917102
7170,157.0383025437419,-43.30510616574782,1825.4874278257375,1079.3889070971302,6.838563790404719
7172,154.21600174831244,-42.06891939249256,414.6766229193848,1080.3003171632424,11.225412875902508
7173,154.27088277395683,-42.09254292680362,442.2635272834371,1079.7622263119906,9.572465392081021
7174,154.29321201899154,-42.10308744332244,453.754254916174,1080.0139824456287,2.761335713344717
7178,156.23143386112088,-42.96015218598861,1427.5698733251186,1080.5472789459327,1735.4198538636347
7179,156.77908056886227,-43.19612442792058,1698.4249110587068,1080.3965818959668,2.0010150985354183
7180,157.104563531455,-43.33329806090057,1858.0136549325678,1079.344710288477,1.6997329754810582
7182,153.74045348714645,-41.855169990615806,172.5944035747041,1080.951667230841,97.1239355658165
7183,154.81402641290308,-42.338574089648546,718.2447779087346,1081.2353849279675,36.580420329651716
7185,156.87601428602335,-43.24081371838268,1747.0283790504475,1081.973757256417,3.2345242450494975
7186,153.44423103397128,-41.72223306348939,21.48659473530764,1081.932965230126,12.478569342560238
7187,155.0348086609817,-42.4388241314542,830.1882018496954,1082.304984908957,4.306316924989004
7189,157.13554318156997,-43.35069007116736,1874.3391514248067,1081.4569002260523,2.824864730575849
7190,153.49238845942384,-41.747341937312434,47.101137231422754,1083.4959644026092,1.3120530864797977
7194,155.1751136447649,-42.503853161047545,901.6040603502045,1083.7533283937387,1.760422383255488
7195,156.26889207336595,-42.98394863317435,1448.229016760409,1084.3538531035174,1.522131554086968
7197,156.97441257444598,-43.28690849534498,1796.5185764525495,1083.9840858617124,0.4390969324922377
7198,153.6869690919357,-41.838807664789535,147.57080139954098,1084.9212230622877,3.1114389185492537
7201,154.95670038107536,-42.40882114421495,792.1558419509122,1084.6446565211447,98.04639720815173
7202,155.21331300372802,-42.52310428232798,921.4698984941548,1084.938381841943,3.3377253327137875
7204,156.65450440737567,-43.15156210840981,1639.3839496592532,1084.9184406422949,44.15029658356162
7205,157.44207430351074,-43.48833034873409,2026.4384600790384,1085.180588191239,71.8674712652405
7207,154.9061538407598,-42.389266392706574,767.4955090980407,1086.1019357950247,1.7210442840672162
7208,155.13249982748954,-42.48780680470883,880.9677700041108,1085.1643304281947,0.5143830105896063
7209,155.3396344211789,-42.58134587717715,985.5941834651597,1086.1795999863216,14.933379132931066
7212,157.1641700436908,-43.37279504187034,1891.0288332043576,1086.4596983735996,0.22228444468872363
7215,154.4412795715555,-42.18470219488207,533.2645673488968,1087.5942490750886,1.623742556341323
7216,154.65184070958153,-42.27787233394975,639.5971611301462,1087.0661426809309,2.0466775872760614
7219,155.62588720467775,-42.708721130542315,1129.3836541548937,1086.9251318674055,4.610762673026299
7221,156.2046715643332,-42.960719597838576,1417.6215475538027,1086.6792239522679,7.205572369379797
7222,156.3269238017345,-43.01285533865658,1478.0402570278084,1086.2543472636232,1.2976548283514544
7223,157.07298165717756,-43.334777885479895,1846.502470713403,1086.8948419745589,5.306118884636977
7225,153.76039236528894,-41.87910675153888,187.13967911308552,1088.3926100268848,5.875122371331705
7228,154.5158065979437,-42.2188139286787,571.2435030032582,1087.9550147432392,5.501823677435155
7229,154.76227980128849,-42.33015667798196,696.2812038946115,1088.5753611543612,42.52720129288874
7230,154.87415568884114,-42.37866923979462,752.3874167117531,1087.9234540667612,138.1496334481038
7231,155.57641635892213,-42.689502909158094,1105.3358803748313,1088.1769029801835,43.08933160688001
7233,153.40613864057278,-41.718817322927556,6.070848160229194,1088.9174469047591,4.219341043601142
7239,157.2018941836028,-43.39660693087156,1911.5933840577275,1090.3727780675626,1.0940446522579756
7242,154.58595787924193,-42.257455360078495,608.8451842953112,1091.5895740096344,3.57292660323709
7243,155.18457004069373,-42.52166876754182,910.2024096572458,1090.5979372753818,15.473819352710251
7244,157.3019322195258,-43.44103133759981,1961.1040081402964,1091.3246002562803,0.45292457635658157
7247,155.22382191577333,-42.54198572979688,930.7606935861563,1092.0868384396142,3.664479347271266
7249,155.41081846078453,-42.624464748353745,1024.5875026399817,1092.082443157435,6.509296325481713
7250,156.10511409161222,-42.92890940296579,1371.304793735356,1092.4305087168148,0.5644262622780314
7253,153.68919261219241,-41.85459228673063,153.0368341735193,1092.3059954124737,1.510507779107923
7254,153.79702850486737,-41.9045980841215,208.44698825862986,1092.8252025266247,26.503374947885046
7257,155.84577308498606,-42.81745209291616,1242.636855780979,1093.2052143130024,7.06008076771726
7258,156.91316015417513,-43.27902548314049,1771.3079914404664,1093.2294318376614,2.8391877577538467
7259,154.448236568983,-42.20080438858439,540.5240698190667,1094.0982956878343,2.7255718014010104
7260,154.92116444243226,-42.411856790811036,779.5851315495732,1094.0876189026271,2.1825826840485405
7261,155.43968289418288,-42.641723996425526,1040.3268374144145,1094.369507416798,65.92394446536763
7262,156.00132416237423,-42.886211179057504,1320.367358613812,1093.6673659163682,5.017443722631031
7263,156.05048939270893,-42.908184602770504,1344.9822199303617,1093.9554498085736,3.5629765398241573
7264,156.3088056798015,-43.020495100930034,1473.2905447690819,1094.0536718258302,5.161338942676254
7265,156.58430691572602,-43.140081648134334,1609.7923973184097,1094.3643365399578,28.00180479763763
7268,153.93372493387687,-41.97095298041666,279.49210375476974,1095.03642189783,4.913477700017352
7269,154.87671807783394,-42.39314885381096,757.4723042182226,1094.6145906976722,1.0619435455434927
7270,155.19795648622636,-42.53629937003666,919.3852299607878,1094.9716257267678,9.491850843188075
7271,155.65822726919023,-42.73794581365498,1149.7384065372864,1094.4884958617042,325.4072910839481
7272,156.7877383202503,-43.22876329319365,1710.4929701002131,1094.9866454948344,0.8891691911260597
7273,156.94812023341333,-43.29745638361738,1789.4359772970338,1094.98197057354,2.791732677851625
7274,157.14534320271332,-43.38311183037964,1886.6859574717384,1095.7197458020703,2.7145869429018967
7278,154.9452675255336,-42.42726641368752,793.0678949148854,1096.4461842407043,6.253549027029935
7280,155.34459400829687,-42.60390027309969,993.8008605941305,1096.409708257084,0.2922326035127441
7283,153.8395134395489,-41.932031464041415,232.52323159055618,1096.9095157387926,1.698119910410557
7284,153.94100527184676,-41.97807085519485,284.3173536789722,1096.9490219049915,9.681271185585825
7285,154.54925674241235,-42.25206800205057,593.4276076505381,1097.1159904977887,95.12984982674894
7287,154.73331405185758,-42.33291971462137,686.1202004121278,1096.435199520151,0.7551021626123264
7288,155.23720183051805,-42.55858397805013,940.4901685819212,1097.4525886814927,2.8248385056741037
7289,155.98229009226387,-42.88523261279603,1312.912136461367,1097.3468099950665,0.6584405075488495
7290,156.6616387846221,-43.178952183111356,1649.4884825060776,1097.1820244659489,6.778044477573883
7291,157.41489376132512,-43.49994699984417,2019.2744504179493,1096.8729335880503,2.7047997563098893
7294,153.43499310529575,-41.751166512499076,26.522235932100603,1098.491578807921,4.033851094039198
7295,154.17111731254784,-42.08574744164913,402.5725915446737,1098.8439251102732,1.2900334531562796
7296,155.51410971669333,-42.683156043767724,1080.0287830355967,1098.7410671842426,0.561859379683679
7297,155.5461982349857,-42.69819398725918,1096.3477118027124,1099.2136885202578,5.4604992151054965
7301,154.08474017500166,-42.04900705448373,359.27282606337445,1099.9472060287515,4.9336186678892355
7302,154.14127480681321,-42.07553376925504,388.3338450476123,1100.4627346566201,4.504723010778245
7306,156.7981871535991,-43.24321904834856,1718.329334473094,1100.0173105632398,0.8298791830885927
7307,157.22108468311396,-43.423548627184694,1925.9982750632007,1099.8550538960565,0.3033404229155194
7308,153.67019118649333,-41.86384684424694,148.56436444756278,1101.2486918731122,73.01346352349833
7310,156.74019970527073,-43.21960214626372,1690.097727601899,1100.6569295669037,40.318709819771826
7311,156.97400092734622,-43.32076305173061,1805.4425882099022,1101.1591408220113,29.97620291807184
7313,157.42591459977777,-43.51407463323769,2027.162950547736,1101.6518823335732,1.4352041348688185
7314,157.44764960020103,-43.52198198762194,2037.4378724269461,1100.9944853528953,1.4310714938072968
7316,155.06530221305633,-42.49238889720122,856.8697178130018,1102.4018316327135,1.149586126116164
7317,155.71935830210168,-42.779986620663664,1184.5137116142737,1102.1623188250724,11.154728189992284
7318,155.90899519157915,-42.86356749226187,1279.2634960034948,1102.521422528481,10.355644609281539
7319,156.89000392444655,-43.28814227715902,1765.029438017276,1102.8309110029477,2.1977327421767936
7320,157.23260168032127,-43.43314341987545,1932.8900749744935,1102.22652733013,2.12585047247443
7321,154.75466802370585,-42.35609257690428,700.7996367695408,1103.2804046955657,0.8633691138263108
7322,155.18364297574323,-42.54491721075669,916.4070124036064,1102.4748277369456,243.73818488564837
7323,156.1086262002904,-42.95264378364811,1379.1550657117389,1103.609472968426,2.612077762920849
7324,157.01764289787988,-43.343772014385635,1828.0532832468848,1103.3605069411087,21.392254592203095
7325,153.5788486237855,-41.82781506280011,103.46185034652979,1104.012092179763,1.8782238551973702
7327,155.5793244289429,-42.72359075044767,1115.9435850795296,1104.6678188560022,16.732273963589176
7328,155.6408910014437,-42.74944319784327,1146.3931096013566,1104.0882247991156,9.27377135140849
7332,156.48480940731474,-43.11714707642254,1566.0380662593864,1104.4225990801378,99.62300644748866
7334,157.3104877463551,-43.46912788524539,1971.7873298506772,1103.6824228832277,0.4959425869306572
7338,155.29025547212598,-42.59686365937053,971.2993851751385,1104.9120454840454,2.7014594944631845
7339,155.4164930303318,-42.65283127012887,1034.6793047647295,1105.0771534431306,0.670444272693327
7340,156.18110146716992,-42.98723779305551,1415.9991584375705,1105.1809627056766,2.40480059272212
7343,157.19965946302432,-43.42330527393615,1917.8632288782612,1104.3361724584202,0.566981087683111
7344,154.23954036204623,-42.13096087429682,441.5109127595022,1106.056031064504,158.78579888243954
7345,155.23081208247552,-42.57227821629193,941.9321577144607,1105.7451729701374,0.6248009689510879
7346,156.05254240213327,-42.932742575998475,1352.5185012237303,1105.8655819180576,0.5791106280763678
7347,156.91995699124035,-43.307119403908956,1781.415830524032,1105.9373434210806,3.179609040712596
7348,157.09293135435775,-43.38112508422337,1866.4092271911773,1105.9964185321437,2.5044238954093703
7351,155.35301870407883,-42.62906183231713,1004.0452302031167,1107.1816086164595,0.09176191952967155
7352,155.7042009242509,-42.783550631104404,1179.782180092078,1107.2904351463812,2.474982707954368
7354,156.58414656476359,-43.165165440783234,1616.5345379155108,1107.043237744122,1.3769751020229615
7355,157.3843381717433,-43.50659410604588,2009.5292156509067,1106.777456980125,0.3496647083317217
7360,155.08228999948753,-42.51113719685497,868.5876710234129,1108.0331604322075,0.4325962845031839
7361,155.12984979556114,-42.532107126885776,892.4745479793608,1107.989101014946,40.34429132822981
7363,156.74696088181813,-43.23749499282157,1697.4762620903443,1108.216347815201,1.838560826019581
7364,156.81795674626483,-43.268473396907716,1732.5850727937345,1108.4795470972967,0.9191616253247268
7365,154.08028878515566,-42.06548934583966,362.3717203566376,1109.1992700559224,0.5565441823301129
7366,154.2560503780233,-42.144079985248815,451.5399140661244,1108.905549025545,12.061399260384963
7369,155.6891904027452,-42.78140834748142,1173.5206693364357,1109.5179395366413,12.256101576828254
7370,156.14428191856385,-42.97958470388527,1400.0085587198719,1109.3742795217097,1026.3724292891625
7371,156.21402674041835,-43.008989318959486,1434.3833890659396,1108.9411380480137,20.26645412983788
7372,156.2947662614312,-43.04494970137169,1474.6796590662013,1109.4317196164468,1.3060925058597108
7375,154.42454481347738,-42.22064117218474,537.2729155181878,1109.3545310554125,36.80868026663447
7376,155.79280368893572,-42.82807115405395,1225.5835645216946,1110.185892662166,3.956560829315395
7378,156.88168219580902,-43.29849773747866,1764.6771544882847,1109.8527649099356,0.8045298538045998
7380,153.7845495616206,-41.93581505311019,212.8519025798575,1111.2620594531197,2.5480242955886245
7381,153.84235877528377,-41.96065482990876,241.95259908647847,1110.5766648335702,20.787401285977673
7382,154.4644250196693,-42.24173540267874,558.4039572978977,1110.9673311230783,1.3015741188639285
7384,157.42947988430706,-43.53373986859053,2033.7072529970922,1110.825717983333,1.0713660390820918
7386,155.2769000067139,-42.60507305700991,968.5640363407718,1111.9933679583467,5.247815355187991
7387,156.77385120252117,-43.25723628017281,1712.9359691941302,1112.352085279298,13.074616835808857
7388,157.2582897644215,-43.46455827343468,1950.9189988252508,1112.5759541546618,3.1987693547383533
7389,153.4803998891954,-41.80074648599585,58.29225154839984,1112.904081070705,3.3917384454568995
7392,155.83332722632488,-42.85146577337148,1247.3586726517178,1113.046570096263,0.32498437435399036
7393,154.13053818187112,-42.09755812604108,390.65644919741635,1113.9061781279067,0.5389928101464428
7397,153.84427844630844,-41.97162071978203,245.87788124017754,1115.6243624956296,58.959676831264055
7398,153.90993634917078,-41.9988720983537,278.6321923059983,1114.3834086038255,4.518247166792279
7399,154.0851800169931,-42.078927049277844,368.117762770457,1114.8183936943706,4.203368805078716
7403,157.07865759724902,-43.391679904530044,1863.853478909236,1114.3972318465676,1.361545824563134
7405,156.41206148387656,-43.10847207624081,1536.2465424713837,1115.8755654586032,0.8416680174115595
7406,153.5560993287781,-41.84412251695323,99.65548722577277,1117.334939614046,19.20224888298032
7410,154.96907303440182,-42.47751856868443,816.312887294168,1116.3524166334425,0.35292070599348335
7411,156.2597811658029,-43.0445421358111,1461.3748226689006,1116.8566147572624,2.532145518828905
7412,157.04267726763257,-43.38142305808077,1847.5609935782968,1116.968588168972,3.5998439925938865
7413,153.46784657201655,-41.804907678312645,54.77406658899896,1117.842213871098,0.9716457163699369
7414,153.72238567892614,-41.92015273996629,184.78152986430027,1117.5361457432916,22.597082584552155
7415,153.87204703043568,-41.98880960814415,261.38346615342004,1117.9291482872875,22.290562733662185
7417,154.60639325301628,-42.31936657480745,634.2930482351635,1118.0368286217024,0.9416036093879726
7419,155.89637861829965,-42.88762198878682,1281.151924437112,1117.389558992402,8.752345917128304
7420,157.2189240734796,-43.458377992136356,1934.4550464072609,1117.9077291617957,1.3975610327247248
7421,157.4246192613565,-43.545062189778626,2034.8727322704528,1117.587167237146,1.1101206341570675
7423,154.17748511934033,-42.12930987424339,417.5861199385367,1119.210298472563,2.1093174234135907
7425,155.24136437933453,-42.603229893694234,954.6292540580016,1118.943823322764,2.389715916705239
7426,155.55137547483196,-42.74074848292805,1110.180572440366,1119.4547748405673,3.756353025513799
7427,156.2233073512078,-43.03257325311213,1444.3448044818895,1118.788981333655,1.445152204396045
7429,156.38964708901878,-43.10495551048761,1526.8381912892005,1118.982545926411,0.8810829988171551
7430,157.01007928860682,-43.371440040413276,1832.6131412064,1118.9539454929961,1.0476385457994826
7433,153.88162801219718,-41.997061794885596,267.40903270107015,1119.8859330484374,3.8031548260270305
7435,154.85905751494658,-42.43657187582566,763.1447493657122,1120.3300907743226,72.25293179983223
7437,155.8463284988076,-42.87169129552751,1257.8639099076024,1120.3627137587541,5.08522977169545
7440,157.25655443592552,-43.47950140161084,1954.2381214756833,1120.4949235439476,29.596132044755212
7442,155.56746823804934,-42.75141543474345,1119.2295364594102,1121.265047783938,10.777669215948187
7444,156.0910011449463,-42.98050945261277,1380.1668009333184,1121.4891376589894,1.798718963047986
7445,156.7110204162418,-43.24725542456654,1686.5682292447289,1120.9193552869783,50.315374944005335
7447,157.35045759330418,-43.520330667691674,2000.4165628177152,1120.9769490795964,16.400193850854517
7448,157.36641280088963,-43.52654988229564,2008.068791880655,1120.6997399049103,1.1464827591202038
7449,153.6241186830387,-41.8844145300833,137.18401086438183,1121.9958371723862,4.603105654863684
7450,153.7991890274616,-41.963211631321386,226.38759370602193,1121.6379936680744,4.167308439624832
7451,154.2546243812851,-42.16895843350162,458.18570659481566,1121.6798288389932,3.422420303588863
7452,154.48635572903595,-42.27293370862883,575.6472437927177,1121.673898408154,0.7704321608648804
7455,156.17479713865177,-43.01873750074118,1422.261425317465,1122.415303013233,49.34892252088712
7456,157.39394266669754,-43.54118149838994,2022.3027924178252,1122.1944730424427,0.12203864480357936
7457,156.93818065531764,-43.34931146911149,1799.6062578507554,1123.29152870223,20.868473065362586
7458,157.14390112538905,-43.43626540796473,1900.3220517969019,1122.8658750524369,90.76703239536484
7460,153.96353876322215,-42.04294570299457,311.7127137882897,1124.2986978567233,2.6561076730488864
7463,155.36312906161277,-42.66723674403645,1018.572088556319,1124.1152074444465,6.14534182345321
7467,153.72549689383422,-41.93607645574285,190.61679272567085,1124.7881164192086,13.183667282568736
7468,155.16827324145083,-42.58211952500961,921.0922077101362,1124.5586544355313,2.4552400001105847
7469,155.60096237048674,-42.772447836944195,1137.731508199636,1124.4493065199022,4.217140079585901
7470,156.76703019334548,-43.27850203675244,1716.100617001034,1124.5515210146991,1.9127934506867703
7472,157.42029625358884,-43.55764947183241,2036.5755392783035,1124.8721233789147,6.746221392365158
7474,154.7636215819206,-42.40562493731151,718.3011334896363,1126.1113633459838,2.3580794509646648
7476,156.65525523666747,-43.23356741563795,1661.8594166313678,1126.0992718793561,-0.0024522193180140147
7478,154.29331570732487,-42.19789158778906,481.14924683841076,1127.4565036677636,6.306643636068037
7479,154.31996019000385,-42.20886670657444,494.3761625906171,1126.958677787476,1.7982828885673356
7480,154.52921856560786,-42.302779740511006,600.396528012201,1127.0138944956745,12.533078900266633
7481,155.20338371398535,-42.601999696755755,939.9466899284492,1126.747479178397,1.7685066832089065
7482,155.42702334249552,-42.70042643513892,1051.9842804914342,1126.6553069924953,0.8080922449030671
7483,155.7252735404835,-42.83273919305537,1201.3998680366972,1127.3810189661465,11.51829000643969
7485,156.6877971651447,-43.249351103642326,1678.3858071812183,1127.0053024167296,4.785313879408881
7487,156.82261931552446,-43.30727969848303,1744.7909273001849,1127.0435656961633,0.96230735312453
7488,156.96306031436063,-43.366195328989555,1813.5029724503213,1126.4434794079039,13.367597587222143
7491,153.7388064515896,-41.948937675358394,199.40671679837595,1128.1958442828047,8.473222409096977
7493,154.01529488724915,-42.07454671687895,340.4470345138164,1128.4070461848355,54.73392140712184
7494,154.1386397572557,-42.13011586037647,403.1471367576635,1128.3698159359096,121.14445408421759
7495,154.6862758302645,-42.373993706622954,680.0752624522138,1127.5391292712557,3.8795124837245654
7496,154.81537972318628,-42.42959378556274,744.668327229223,1126.5740506929174,-0.22705867277720893
7497,156.5074213830299,-43.17465091871554,1590.191533898123,1128.4831541852689,19.128336735515305
7501,153.55414970779714,-41.866712041355726,105.5568945836995,1129.061972098815,12.17397919243198
7505,155.73366104185007,-42.84077931395587,1206.7960011429604,1129.5779272305474,0.38767113894083255
7508,153.96032499451027,-42.053302934756886,313.51170756014955,1130.2046839376449,7.187184695248501
7509,153.9987649917557,-42.06918948065258,332.6477479029289,1129.46196174517,1.9788187785709963
7510,154.23010052118698,-42.1745106124165,450.52744981056077,1129.979234099092,2.2212123456229764
7513,154.98364718482856,-42.51233706547582,831.6826510664861,1130.5730847589698,1.341637907792437
7514,155.77752870367843,-42.860519227225446,1228.818043098388,1129.8577906533114,2.72932529636973
7515,156.5338138192576,-43.19012226117771,1604.3363357923665,1130.5468108661887,9.788276802550651
7516,157.28487085457593,-43.509247698099834,1972.7972247478197,1129.440984268967,8.301614105762555
7517,153.61282071611362,-41.896824689270325,136.55741707117838,1130.7633786215147,25.006306620415437
7518,153.63575859411645,-41.907910540662755,148.47198775104962,1131.0894052533524,7.972959422435997
7519,155.56030159057235,-42.76795486483055,1121.1392693244707,1131.1555077579574,0.9705435038375745
7520,156.70777203206566,-43.26651677067072,1690.5470668570201,1131.3332291963322,0.6991491898410129
7523,153.83013560420943,-41.9968595426883,247.9003684339539,1131.445296774329,1.2437113229526633
7525,156.205035921375,-43.05096963691999,1442.4965568565194,1132.0377447234596,1.7925778236768783
7526,155.69886627764953,-42.8317372326076,1191.161499303782,1132.6865401173764,1.9903382590985823
7528,156.88622217721274,-43.34689047777197,1779.392681865234,1133.2830856018606,5.873244405625842
7529,153.53674171134324,-41.86788488579473,99.32725062006527,1133.6080300332435,10.33261966774041
7531,154.10744387297754,-42.12787349727548,390.71742506267924,1134.2825130087815,8.855583377926497
7532,155.03337564881193,-42.540181045662706,858.3339593525595,1133.4788879512637,7.642500400415113
7534,155.38286897662445,-42.69585877944958,1034.0455635491526,1134.1218097798944,0.6563353843012447
7536,156.16843558104023,-43.03920631290464,1425.4773275790749,1134.1072351688713,1.0217599772256587
7537,153.55025374296827,-41.877347932427924,107.2108174607667,1135.260342676685,1.7343530140588375
7540,155.2112582692231,-42.621437160371386,948.3924337061354,1134.7569501010132,4.374233730147889
7542,156.51691257848884,-43.19162258645682,1598.3768516286837,1134.9725611560523,16.903170523056232
7544,154.75267050376286,-42.42039999674129,718.3780688955227,1135.9623881229352,5.786756599031537
7549,156.91798059629565,-43.36554742135508,1796.3582245558562,1135.839871881787,3.5121274640530245
7550,154.48166366970514,-42.30238593521826,582.3297243033969,1137.476799278551,2.8187007567278948
7552,155.56292012703614,-42.781397009545124,1125.8763184393524,1137.3315002842348,2.2506091908886243
7553,155.90172581102453,-42.930461312334955,1295.0081615312163,1137.761914347555,1.9277344649947068
7556,156.62546085496953,-43.24361239212899,1653.355648648123,1137.6196228253518,5.889735596668258
7557,157.2447830390062,-43.50643541501494,1956.9685345849707,1136.6215488103508,0.9500260444322179
7558,157.3087803686082,-43.53440419410472,1988.46912164845,1137.0179902211366,12.641109271945222
7562,153.94984823216242,-42.06846966567215,313.9679577383975,1140.1569087471053,3.5987479532989224
7564,154.71200070478938,-42.40760466805807,699.3796550576769,1138.6335274773737,1.2306512189253178
7565,154.8348159456319,-42.46273209345648,761.4323007811296,1138.8516863184946,2.3113671461191583
7566,155.02919561241706,-42.54950340319422,859.3942495844983,1139.0843661943745,7.021594708588986
7567,155.33713152224183,-42.68582536140144,1013.9782534117015,1139.2000995944036,0.6314397725008402
7568,155.80902092898788,-42.893921822479385,1249.9504985343121,1139.7325426342002,0.7910414958107922
7569,156.20233071984737,-43.06456339203728,1445.201639685288,1139.47049975919,4.317713172265032
7570,156.9578859601695,-43.38951994912255,1817.8084273284608,1139.3262059463987,2.31337613387119
7573,157.4028010112098,-43.57874890107756,2035.576837901672,1139.2756366350934,0.9539738578777056
7575,153.7833443341127,-41.99225986927026,228.8891757486424,1139.7478630907456,5.247525229645896
7576,154.13184990169242,-42.150909288845725,406.60512903350167,1140.3034788938487,2.122496700654497
7579,155.44364567464763,-42.73389621789925,1067.6229250795081,1139.7920835179714,21.466067067605138
7580,155.77963878898123,-42.882581451434305,1235.7307971004159,1140.4852194186508,3.3286924763776935
7581,156.4652749277084,-43.179779667429436,1575.7085579103914,1140.223707346746,0.39142923248370337
7582,157.04972014636365,-43.430397902497816,1863.3100294835751,1140.1667047973024,2.3668255141425263
7583,157.3413780484738,-43.55289188796424,2005.6317455148412,1139.3686530099678,3.8415937001876657
7584,153.36054022061523,-41.80222339272734,13.454431035421825,1140.963848021178,0.9808132938899964
7585,153.6171539351728,-41.91777145485756,144.33891841509325,1140.2423017402375,2.0861153080547385
7586,153.7670451130444,-41.987600203073505,221.37410443003048,1141.1135368942462,1.830481999271311
7587,154.39924571876156,-42.27242522627992,542.6115327619193,1140.9656169970747,7.349806375808349
7589,154.88617466657382,-42.489704247728476,788.4780768333314,1140.9263419498984,2.723882132900193
7591,156.10421501561416,-43.023899654336574,1397.0730167086017,1140.434526721999,12.920658429636687
7594,157.1674135833412,-43.48207315504022,1921.3805010488177,1140.9355705778082,1.4408286336258471
7595,153.6545720219678,-41.93816059398783,164.44369606110578,1141.9284590923955,12.763049193115053
7596,153.82687654070943,-42.016860713304546,252.50664998810618,1142.1808143657547,197.12807201697197
7598,154.48288965141649,-42.311345388957385,585.3639972345716,1141.688692885241,2.6891390195141796
7599,154.54799304090884,-42.341059851655594,618.4558150411782,1141.9818935248018,1.57043854560385
7600,154.98637113594813,-42.53609521416344,839.4408306254865,1141.8827383078522,2.587135301422054
7601,155.27692334804237,-42.66502985688429,985.4279309413071,1142.0873032730062,2.085674698956754
7603,156.77679968387332,-43.31615457687646,1729.9295440610128,1141.423379591193,6.433861845060758
7604,155.20023477336585,-42.632483690090886,947.344554024296,1142.7446188436288,28.97719338070133
7605,155.91760528248585,-42.94760679978989,1305.7299928920193,1142.902703822048,0.6128116299441203
7607,156.72559007897573,-43.29775782684675,1705.690784190215,1143.2254361192388,1.700090444890489
7608,153.80836474795507,-42.010565168359975,243.68084325343935,1143.2272004562353,3.7332194652918913
7609,154.00363272936465,-42.10017599530039,343.48930040754277,1143.8585331820525,11.163917377074338
7611,154.37981223945891,-42.270133557705854,534.6175013251438,1144.1814430995119,2.8781538291505577
7614,155.7254797613582,-42.866389215652404,1210.8212487062553,1144.2493767548442,1.6044535317897743
7615,156.2225879575142,-43.08218663992902,1457.6607900213548,1143.92109201533,5.339799988835269
7618,153.69226658021793,-41.96272725823772,185.86944764086246,1145.6451150100647,16.363340308030622
7620,155.15349276174643,-42.61889368563185,925.8842091414659,1146.291453269237,0.6428282568421787
7623,157.0452619498045,-43.44059353828189,1864.3586341979244,1146.2708265926187,1.7978499123751424
7626,155.79196069505232,-42.90094765897963,1245.4661977913381,1147.011099090678,4.274777683964624
7628,153.4605294695019,-41.86261919307203,69.0050429893278,1148.3254725101558,4.075607822060303
7631,155.0735696000045,-42.58722332040134,886.799496557892,1148.1443648617121,1.2294947318806702
7632,157.17654357614475,-43.50003401570256,1929.5987499763517,1148.0402013703092,0.3552005031064883
7633,157.3239505290074,-43.56365975143074,2001.9333488492866,1148.5403512873238,1425.53264170705
7634,153.94242201712356,-42.083548974262534,315.5519918453139,1149.3748287371907,7.402856931849718
7636,155.42715179196873,-42.74530573828487,1064.5960603468102,1149.1646387539492,8.216041606504477
7637,155.88573082483518,-42.94640092172004,1293.3843905775743,1149.2845840785592,2.1802121915833466
7638,156.03136223697246,-43.00883519564771,1365.4790707656634,1148.7863780290995,15.590751467232693
7639,156.24205659100312,-43.10147053304584,1470.2727517639075,1149.3815575583087,2.489797506492238
7640,156.60071019683835,-43.25400953855339,1646.8518428400357,1148.2243726651586,0.40910377336257575
7641,156.82443049224324,-43.35178609518403,1757.4514934283764,1149.0951302456074,1.818060803554299
7643,153.88270965173294,-42.05784916578031,285.53339607428774,1150.0303696450583,2.290450537688051
7644,153.96069067715544,-42.09231474166951,324.9964410302236,1149.6286705240284,4.26362788633056
7646,154.20234556339386,-42.202866543875665,448.24453806673733,1150.4167634499884,2.7365346360546776
7649,155.20186938328723,-42.648015075230305,952.3348882157105,1150.1760951095027,6.427104176635589
7650,155.41465520728184,-42.742019772529346,1058.9646105916254,1150.2751605569147,1.3247622548601825
7651,155.706946782549,-42.87094939650788,1205.1018046807067,1150.6162555719327,0.6777841356167646
7653,157.12813278663208,-43.48422474390288,1907.179571072628,1150.4626591134163,2.3626548864980763
7655,153.51338280033403,-41.89138025414759,97.41633857685729,1150.6553994820483,3.480950721803556
7656,154.9804486725257,-42.55137277826164,841.5341143430791,1150.8616749218236,1.7844494112603513
7658,156.43315151426185,-43.187251847362724,1565.6442250998364,1150.968777397647,1.1854004050920006
7659,153.44350432550266,-41.86219704415264,62.45506956197662,1151.9918096717952,5.323143073195471
7663,155.8632506493478,-42.94275926859816,1283.90669415196,1152.3838291161574,0.41065695782556183
7665,156.9635878922597,-43.41676857810754,1827.257317384869,1151.8423054315945,4.679056407667171
7666,157.07371940082712,-43.46406778651457,1881.335788305921,1151.9915391341312,7.200303951620812
7668,153.48588356473718,-41.88317699044038,84.62512702291039,1152.8171657450573,18.262469630846155
7669,154.1464306155788,-42.18352646889421,421.55142888787435,1153.3342468172252,3.1861304643445267
7675,153.57111084280885,-41.926310925651926,129.4660700094436,1154.9704842291071,1.1471622050513417
7677,154.44015786926238,-42.31750161130746,571.0071761165648,1154.3533311882459,14.102596033314525
7678,154.7235486909652,-42.44570844892884,714.6053741860424,1155.1479702703753,4.657037359259701
7679,155.01728865177913,-42.57706824038935,862.7023439667926,1155.5562246857723,0.49978227474307907
7680,155.58530338868428,-42.828246229906746,1147.3755983337353,1155.9339338162906,7.3194162335381545
7683,156.84469042082827,-43.373416323144454,1770.8926146847302,1155.626130867341,2.550474261075302
7685,154.2909491054768,-42.25416682664522,496.4865490777678,1156.1542184833688,1.029735529374107
7686,154.66356633521602,-42.42159807434693,685.1000837670052,1156.4678876865717,4.160306330461182
7687,155.65110590101642,-42.857337075060975,1180.2732691418782,1156.0602601156331,7.450415428995375
7690,153.62742651860253,-41.95648783039525,159.5707186538179,1157.2470904973047,4.571260181047269
7691,153.67814050734916,-41.97955402547827,185.46535395212823,1157.2565154368876,4.591800210071536
7692,154.8697559264598,-42.51422749670175,789.2498976773259,1156.8783685732617,2.1759120150217592
7693,156.01232121097505,-43.01709819352634,1360.5809432123049,1157.1086350229937,41.31788559687544
7694,157.02147258553163,-43.45149422935678,1858.3260424137836,1156.8913992622836,3.2478685496200175
7696,153.69483371886545,-41.98854947225485,194.39770337150244,1157.9627531140895,2.426234335753971
7697,154.0054497676406,-42.128992318052376,352.54588516504,1157.8573449886003,4.36268400469098
7698,154.0861081666399,-42.165578543630296,393.5928876715588,1157.9536843184699,2.8512922669274885
7699,154.53499712248234,-42.36743304346061,621.1094020531206,1158.1006933051326,1.7692107366773313
7702,154.88871100735273,-42.525080480798835,799.4802612231315,1158.0967399113526,6.903556339565339
7704,156.52194320539962,-43.23863826397503,1613.035174950489,1157.565527246405,4.4874651636881016
7705,157.11609376211428,-43.49433041726671,1905.3479428431256,1158.1500281715344,4.184978584436737
7706,153.44039310668646,-41.8755361973265,65.2100978956996,1159.3590613405054,0.6055615543157762
7707,153.48438029573168,-41.89539266239897,87.65219495738883,1159.2579314782326,11.764660992583899
7708,154.19495870338127,-42.21701845216898,449.54811384175656,1159.1598621655332,0.7770438837764667
7709,154.56388767739423,-42.382649907943666,636.3652648063097,1159.2532205662546,3.484062303135715
7711,153.60548352724447,-41.95216970930003,150.02500902188027,1160.0740722031082,9.624260532683174
7712,153.66281297396336,-41.97865943616236,179.42018451797458,1160.287891026792,33.25476806320985
7715,155.0054689768281,-42.58077947564243,859.2957594989858,1160.0446288490832,6.112783574650246
7716,155.9299778051917,-42.98613932452125,1321.029845754553,1159.5678146205514,6.378499199654412
7717,156.37637001123443,-43.18096076109636,1542.554264906594,1160.1475504533107,5.011226640576021
7718,156.83335419433539,-43.37692383332206,1767.571506702076,1159.8422513933192,0.6529023364993443
7719,157.1591666531174,-43.5157680052393,1927.2559126562062,1159.7135264667213,0.7812115231182025
7720,153.88579793748545,-42.08118834950497,293.498601684013,1160.9975398978982,15.175161850307722
7723,155.28141065577327,-42.705640870119474,998.5315602396524,1161.4766737472394,14.056655683864461
7724,155.8545843165372,-42.95556429629545,1284.1829525273565,1160.7222828723793,2.704009585817202
7725,156.39158577162837,-43.189422747295154,1550.5874057062783,1161.0989016988908,1.0866312455450435
7726,157.21135169922758,-43.540886102717394,1953.558217279989,1161.1872236992563,14.79241124863192
7727,155.20497772488497,-42.67285725828017,960.5012415596411,1161.952306266466,28.74155774170542
7729,156.29924641038724,-43.15141347183489,1505.4606947618904,1162.058374783486,3.516884454084827
7730,157.26766110843008,-43.566935412019156,1981.644183207939,1162.2584962774945,27.583885934876115
7731,153.46327524416793,-41.89374603097036,79.20509680287842,1163.239339544517,47.054702869288946
7732,153.98284210535752,-42.12898604295871,344.0151677196703,1162.9589521221537,1.5493363083199712
7733,154.91858685060967,-42.54771766430236,817.1697910134927,1162.7933445241624,3.1258025484891863
7734,155.38570632249582,-42.75516862972871,1051.734914705965,1163.2724863390627,0.9392514532461714
7736,156.32894838571534,-43.16634727703424,1520.7184758943263,1163.1090478752885,3.7958553550828578
7739,153.72087021652376,-42.01296732472791,211.3655310255286,1164.2560116821433,5.983552211674027
7741,154.15103114164913,-42.20750750501292,430.22723393948786,1164.293394148224,65.02345604034514
7743,154.64215293036887,-42.42604047045811,678.2932360318383,1163.4794923840116,4.331403564605895
7744,154.79572775093666,-42.4954874170919,756.0063998339497,1163.9857760280743,4.9294354577389194
7745,155.8995413126821,-42.981431329002746,1308.2659746781774,1163.8698918926978,0.8826381956868875
7746,156.11129946332304,-43.073565287790274,1413.3825811867837,1163.8747970127615,31.87445413194517
7747,156.19157225271073,-43.10867287836869,1453.2341569379157,1164.016516144797,0.7886454631067067
7749,156.77774926459207,-43.36165939091217,1742.547628480593,1164.1582652689137,5.0977038130652375
7750,156.86173910154827,-43.39828829495887,1783.9909580692174,1164.4867329384638,3.4991464357960655
7751,153.56323278342077,-41.94244245994308,131.2304881193539,1164.8162905172192,2.2919361044719695
7752,154.99320145771674,-42.58461797843936,855.7572896429971,1164.6964870614281,2.7843191527762703
7754,156.36311132627168,-43.1855953346096,1538.8270244384207,1165.3650621486179,30.419547187744577
7759,154.83424284676235,-42.5162454726914,776.4323838832486,1165.8027589943415,105.80976996350873
7763,155.70584990004204,-42.90310605630088,1213.618885530749,1167.0161962273746,3.4446449990981094
7765,156.6298778483915,-43.30287610185682,1671.0557455625694,1166.525802129832,0.6165701418511884
7766,154.20024838291695,-42.2368320645154,457.27000308787655,1167.8811970915876,0.5060559268663909
7770,156.15210344696416,-43.09960530550612,1435.8902484613168,1168.0662768453744,41.28812259625622
7772,156.8738977269339,-43.410640587192184,1791.881671772326,1168.0912786624147,7.490024746442212
7774,154.1339853057659,-42.20855221151819,424.1006103882181,1168.6555346540908,1.3705822863806982
7776,155.38764899345463,-42.76771820328481,1055.9823741235145,1169.143101719987,3.566218099406587
7778,156.11094468769878,-43.082500188017654,1415.7022350369843,1168.4471548981412,33.339663745753406
7779,156.76568891787352,-43.36662665326206,1739.3500410442498,1169.2683313644798,7.038943241904023
7780,154.07040500662737,-42.182532827707576,392.584739311748,1169.9730670037336,0.8183401891728994
7783,154.63385124972086,-42.43638990362458,678.1204384972276,1170.5190902778634,1.819456865419226
7784,154.7383930994248,-42.481733853566716,730.4730959365237,1169.8846076293237,4.284708884314359
7785,155.20932752394214,-42.69137096670021,967.3519629995554,1170.2774523141418,1.2428029709852293
7786,155.4606327959954,-42.800357011986755,1092.6136330473976,1169.4148714905014,68.70868404352927
7788,156.46331858008193,-43.23799878064225,1590.8004491946092,1169.9705414687712,1.9989632934923436
7789,156.54115647109725,-43.2712206216877,1629.1048259121605,1169.8090126821173,2.9914132430094535
7792,154.05688631291642,-42.179081439113325,386.48577918801755,1171.2958062763057,1.7606736232024676
7793,155.81955542278416,-42.960677472109474,1272.4045602767853,1170.9767798661599,3.9600953763804014
7794,156.20409897543223,-43.12879046055323,1463.4595009120703,1171.4073738100928,3.1825622388012014
7796,157.1593375026268,-43.53851326398378,1933.3787433055138,1171.1550662274437,2.167326987728429
7797,153.61454476953836,-41.98016302297349,161.65355947397336,1171.995704649874,8.168941461834592
7798,153.76311759663974,-42.04739663989201,237.365496478386,1171.8812048811362,2.642005326824882
7801,155.00230931127138,-42.603847044583716,864.6332014848,1172.3136929128636,5.627380669828796
7802,156.0700198233293,-43.072710187588896,1397.6068396752141,1172.4632311152805,1.0645876328978237
7803,156.29009509933115,-43.16768649338858,1506.461127881331,1172.2420705138215,2.1138828737729933
7804,156.43766661315757,-43.23095160173594,1579.2330156146945,1171.9936762232924,2.5691240294596605
7805,156.6759144737488,-43.3336642115378,1696.6949339951193,1172.0715336514406,3.494352849646891
7806,157.10974569303238,-43.51918157471078,1909.590503048865,1172.0536051675174,6.677591654770285
7807,153.5599674035931,-41.95731484792466,134.36602130947776,1172.984153686284,19.640191542822116
7808,154.93551220572292,-42.574521058108694,831.1512311697551,1172.4638497777605,11.919783298689392
7810,155.6845862834521,-42.904456305638625,1205.9849852649352,1172.3693051085365,30.378633868412923
7811,156.1796398439144,-43.121697754895166,1452.3110925747787,1173.1731836743222,6.168265312246918
7812,156.4041922005749,-43.21953567555471,1563.5322606485724,1173.5197560760075,5.40601125739666
7813,156.4715514231903,-43.24728171668362,1596.4206925354695,1172.857487924257,16.653610640367095
7814,156.73165861573062,-43.35880899507379,1724.4453782425778,1172.6843758913337,1.8072212507572447
7815,157.0136720446107,-43.48064296822539,1863.190384068728,1173.2740066183253,167.37978405973195
7817,154.10156078374538,-42.205135085860874,410.8838563548232,1174.252289864491,2.68817558040882
7818,154.50908285773798,-42.38734711910083,617.0450437098258,1173.875333675784,2.9706364737805666
7819,155.4434513577238,-42.801897258866134,1086.5715723836931,1173.9797908178455,1.392421019550284
7820,155.8460318113206,-42.97948248044926,1287.5771193052665,1174.6210322643353,26.605121737045955
7821,156.35219429193862,-43.19722870680204,1537.8905170831674,1173.5964100777887,2.1119262910866636
7825,155.92374518723494,-43.01500319924288,1326.648763283897,1175.4454950009886,3.5606250174939893
7826,156.10137218251265,-43.09119282154979,1414.4857571727512,1174.9105332123613,3.8805970960055474
7828,157.22306710153492,-43.57306637741155,1966.5171443715194,1174.915789351912,1.4023296530284217
7831,154.32666853744118,-42.31086146895843,526.2967911259976,1176.4993530323138,6.6267753575057124
7833,155.75489165281897,-42.94306417976189,1243.1757217881413,1176.319180409769,60.71068650537008
7834,156.3902111837949,-43.21914734557576,1558.1666335996317,1176.3633366230445,6.691714560196334
7835,157.2441202010711,-43.58501186940542,1977.600104552335,1176.4300687695759,9.56337832950377
7836,153.86001192664588,-42.10083912229232,289.499079283331,1176.6503098369665,0.8819305657040576
7837,155.0575408741568,-42.63827742669906,895.1830691892847,1177.309371430065,2.997945595646106
7838,156.59067862717612,-43.307294947136256,1657.5077790734065,1177.2442197423634,1.2122141823072647
7839,157.07341972919795,-43.513369592339544,1894.3892006998237,1176.9296313661532,2.3123031177113296
7840,153.37038161605548,-41.87978653107128,40.05549435699306,1177.4286864744365,9.176716621888296
7842,153.83336292185533,-42.09041133121518,276.4107150928678,1177.468399414195,472.45688866975826
7845,153.53981419071886,-41.95895865411264,127.2491961772692,1178.3848386538903,3.9958133191773
7848,155.91052546490536,-43.015889432132376,1321.916868573502,1178.786616941536,4.143837920021209
7850,157.27971067337737,-43.60566005569333,1996.4500130926958,1179.223811317212,9.286435925499553
7852,154.97983762621334,-42.61012468579267,857.9421781198239,1180.4556163748318,1.4488467623497092
7854,155.50693661528936,-42.84065087826955,1121.3112493691651,1179.4338075117375,7.262769421986991
7855,156.25527606876582,-43.16822908180684,1493.5080175004343,1180.0987463970237,22.21627848035711
7856,156.61187678831917,-43.32170358274836,1669.3795705206899,1179.9100670292332,1.1919270236169752
7857,156.82749824926663,-43.414695932332805,1775.5279904338852,1180.1483739880293,23.034161253379946
7858,156.91050675095343,-43.44978051858492,1816.150125222703,1179.9310326157358,1.414504119546822
7859,157.03966879204225,-43.50473624717687,1879.4013399287694,1179.8328891538172,211.03659017343747
7861,153.97015900447525,-42.158911866229765,347.9292174806237,1180.7825796720351,0.7462801303157701
7865,154.86881138192524,-42.5636817091288,802.9395863202471,1181.8760461554805,15.655076548694515
7866,155.08250209400447,-42.65750545965,910.0188581498915,1181.4109438912246,1.3694618105864191
7867,155.39113124391233,-42.79303576159915,1064.3846757786653,1181.0822766733675,24.39360777596177
7872,157.15098002345061,-43.55391090464046,1934.3399169275365,1180.7190375957553,2.1618780517507283
7874,153.8061337834453,-42.08745931644445,265.2834964291265,1182.1555512902162,2.161708187965175
7877,156.11172210091897,-43.10992036626862,1423.5223108382095,1182.0704886975573,2.6063211071548884
7878,153.58214417245085,-41.987502021314185,151.58923758433238,1183.0177878111167,1.5372237065636833
7879,154.13406356324077,-42.23741820132263,432.4853303745622,1183.07401034713,181.17634969728243
7880,154.6960374669707,-42.488221056560334,716.3583689619998,1182.58867278252,5.392648174100488
7881,154.89065202862244,-42.57519466922197,814.4372141966195,1182.7839497954633,2.047641373499777
7882,155.5161860316647,-42.85227942900274,1128.0399393468747,1183.2338010039598,5.581124875242889
7885,156.22563369351252,-43.161822509982606,1480.6039817025553,1183.3336734318493,9.333635843775113
7886,156.315562748167,-43.200708494039866,1525.0587579444955,1183.3180832626808,5.710508833533343
7887,157.36157606223725,-43.64776769928914,2038.3508170360694,1182.9520252901887,786.6881514735518
7888,153.73076681936521,-42.05766132512561,228.16764227180624,1184.3382697161471,2.5439960955855327
7889,155.19100250697278,-42.709626429403784,965.5866802153738,1183.4952204041697,13.024913349978512
7890,153.47796801433518,-41.94388446238574,99.5006936588264,1184.9223931495214,13.918768929882274
7892,155.46369910181258,-42.83343958146785,1103.0151066922742,1185.3476479627548,2.632813267413839
7894,156.15311853061266,-43.13386920250691,1445.66734038654,1185.0823381406863,1.0967665680305576
7896,156.64933475984623,-43.3480732719017,1690.5943542911891,1185.0839098063534,1.2126867051234906
7897,154.57758564077048,-42.44204170135049,658.5292009193445,1185.9297303646194,2.4126776142762307
7899,156.80476842109908,-43.41674075884345,1767.5351336153271,1186.0857119791415,63.712556616474124
7900,157.06201356882033,-43.5274347419441,1893.8595616667128,1186.4767885135934,1.608312564640494
7902,153.32179864775378,-41.876676084886704,20.821164415789816,1186.9504571696984,0.4362378830605249
7903,153.71494163836655,-42.05542830963208,221.54927111421364,1186.8091229457518,13.8028323419007
7906,155.58578916128053,-42.88911523470529,1164.5157658712005,1186.3993785260523,1.5729385721994469
7907,155.79529762411647,-42.98254072649602,1269.3250135922463,1187.2866668508789,3.1461295097966087
7908,155.83170576655783,-42.99710487415917,1287.058641368374,1186.6195687805,0.2594986178509549
7909,153.34342514879899,-41.88871130052379,32.526214742953705,1188.0247638135643,44.17959496190027
7910,153.38646336344178,-41.90735476383448,54.24868353663825,1187.5206734436572,4.9512446367864085
7912,154.29637678994496,-42.32019588687822,517.5684559089366,1187.9728716402544,12.353718013210006
7913,154.90254024750385,-42.59155371949324,823.5577639564181,1188.3372009284112,3.1210496528471183
7916,155.41947216633554,-42.82003660955245,1082.6146591387958,1188.3779246424829,3.2949153060417333
7917,155.70452611406273,-42.942931583238845,1224.1776990100127,1187.3160814084767,1.477334142388398
7918,155.72272910993033,-42.95326129437047,1233.896093525606,1188.5064823763012,2.2937770888749385
7919,156.20177439265157,-43.16048519188725,1471.2626622500843,1187.8611916744162,17.80913656258046
7921,153.44608857759144,-41.93774851348226,85.67800095401697,1189.1129060588798,11.393705584063117
7922,154.47559909464022,-42.40352249444796,609.0638963322181,1189.4719688755688,312.16282603657936
7923,154.63543046101591,-42.47363924081505,689.3588100519287,1188.8215581423165,3.6033689255190104
7924,155.3367095822272,-42.784555993596754,1041.5140727982282,1188.8493922119019,3.670617697058952
7925,156.0997517614645,-43.118644274962044,1421.4135251803814,1189.071922701596,2.1169789498793596
7926,157.33664514135288,-43.64870063044735,2029.2380055693434,1188.7579411975223,0.8825102552064259
7928,154.04532328222436,-42.21144189388705,391.51245717928015,1190.0823007131394,1.4429670733005748
7930,157.03084519636013,-43.520498152554296,1880.2989750339398,1189.6805796204642,59.32584075663493
7935,156.2718499976172,-43.19831557452546,1507.964693930685,1191.6288782161653,17.04338257573985
7937,153.57984651235168,-42.00394544291434,155.5482683624539,1191.748850333511,1.132339576915754
7938,153.97268326731873,-42.182122653261764,355.62576270858284,1191.8139769065692,11.702313757901054
7939,154.3926293945363,-42.3708490575901,568.4185256403049,1191.7148032037846,15.715413710182352
7942,155.61968136054202,-42.91594685056351,1184.7429656014292,1192.4157928687775,2.251782638153114
7943,156.34729487066988,-43.231390539635925,1545.361490539801,1191.8573273878085,2.68733062480431
7944,156.55289967308255,-43.32077654166342,1646.9557944703417,1192.2217491758904,1.1982306178885507
7946,157.30403865024658,-43.642085093657464,2015.2450447967237,1192.3985581375155,53.31961122415857
7947,153.87153299534637,-42.138801923100694,304.90354333498374,1193.0141595689,2.3137718622263743
7948,154.1075917534428,-42.24591509746223,424.96848093277356,1193.284672497445,38.543202808191815
7950,155.02323803464373,-42.65580878058501,887.2167942442726,1193.7161809875813,1.4705686169608525
7951,155.08252750056937,-42.68023960033892,916.4471286587349,1192.805323691134,0.6996421506889284
7954,154.40768998098423,-42.38336741670066,577.6908406048584,1194.6022461755724,5.156744219693302
7957,154.92954056594985,-42.615206741155696,840.4350703666516,1194.1856388719252,7.907926564593753
7958,155.49470521665606,-42.864922269826444,1123.48174651695,1194.3159273702647,8.66997353390219
7960,156.45863938961915,-43.28350513238918,1601.4081924392092,1193.899732567118,78.83398946956346
7961,156.4904485095239,-43.297463564874796,1617.1569812255489,1194.0247259615041,1.5862674086273723
7962,156.80567302146844,-43.43316009172563,1772.2925062232812,1194.1657185456575,4.629750153103788
7964,154.96645862646673,-42.63342250391,859.4994718873141,1195.1081401505678,18.81386145054818
7965,155.70645985842293,-42.95802059100841,1229.0938950999855,1194.4712266270574,10.976142578014006
7966,156.51081629796977,-43.30719259035401,1627.453650074275,1194.50539932495,4.348420817479164
7967,157.20156988556158,-43.60350968743747,1966.5373937142344,1194.8890910011498,3.888339067879542
7968,157.32003094226528,-43.654254924940766,2024.4729651618993,1195.117587743506,4.822805241600028
7969,154.1455772987227,-42.26843360636994,445.79882382539114,1195.9910795639657,1.8671936543711414
7971,154.48620362472116,-42.42193300814633,618.3396769314695,1196.3122723390288,1.4672349061942027
7972,156.00109299614485,-43.089680066817856,1376.3382350483466,1196.0634498831291,0.5698294891556828
7973,157.1671181522346,-43.590785320205455,1950.2184698008107,1195.859648658605,0.7097418670101224
7974,153.3862593621219,-41.9259358578587,59.649940863476274,1196.8379252487584,5.850879935538373
7976,154.61826089419003,-42.482348191595484,685.3791720950495,1197.018959544751,12.656678414705754
7977,154.76662617607278,-42.54894704747594,760.2560055054086,1197.2596391864304,1.3235969195539625
7979,156.53552507019205,-43.32320503003683,1641.0836276022378,1197.2108357550771,5.917994988069327
7981,154.28477202772584,-42.33512208122101,517.4980798294561,1198.0463183876132,1.7465199687526554
7982,154.34204960878665,-42.360679050594115,546.4371239710813,1197.9727264718063,1.8597086604172288
7983,156.55875753818677,-43.33522166878796,1653.0716820154983,1198.2267915879252,2.2879220548151413
7984,153.48665608408348,-41.976425206669084,112.34639509119545,1199.1869956275523,8.974722074463765
7986,153.90528708874706,-42.16521622158169,325.3135596994796,1198.5842609061938,11.173577660316884
7989,155.98380178531127,-43.08906406366235,1369.6648637215192,1199.5348292317738,2.210170286727246
7992,154.01565898016176,-42.218480393927884,382.37702640794123,1200.2898102949098,3.870764436895944
7993,154.07560299262664,-42.24443778346998,412.4879413827059,1199.7524597791903,10.698575901515468
7994,154.73759278106826,-42.54157163634778,747.2214286679903,1200.0390168536424,1.4490088220758757
7995,155.42996943303336,-42.84745996029598,1094.2369108348082,1199.8259301337166,2.574708471720905
7998,156.87163787666643,-43.47405975329961,1808.062828121458,1200.549808532562,11.5738232304671
8001,153.71964365754366,-42.086877753289265,232.51782664330335,1201.4499513025737,6.43917546437331
8002,156.70691172688063,-43.404424492499075,1727.447987193002,1201.019213236609,0.724295262190926
8006,155.3516876085225,-42.81835339176145,1056.6266165251398,1202.499585310726,1.3485555130498785
8007,155.67865625662915,-42.959829781942915,1219.1344430942163,1201.4888063197939,1.3441689134899828
8008,155.87530437951776,-43.047353566159025,1317.3524759483255,1202.3167714627446,1.9489963542693487
8009,155.93121421132236,-43.07208114307628,1345.2059632401415,1202.5027602231162,8.166991789111437
8013,154.18717732814252,-42.30218310576462,471.22813397319874,1203.5072040417901,7.969729891134526
8014,154.96939333088847,-42.65073151001267,865.5055760374017,1203.1316730750548,7.1113209820966325
8015,153.42120111617794,-41.95578564838675,81.61108504643177,1203.7765221183645,31.550398642144867
8016,154.13566549255572,-42.27977535378056,445.3460761085742,1203.893078163658,1.7275055562275796
8020,153.2786156752261,-41.894251280188826,9.740738394016468,1205.5634297218717,209.46274371295195
8021,155.01265814734572,-42.67407139549173,888.3974473441746,1205.220439804888,24.250996180344423
8022,155.64696665918885,-42.9532896190109,1205.3951068113247,1205.1691956341203,14.476304818390613
8026,155.41486969916508,-42.85460899059598,1090.554097106911,1206.7452548096112,1.2764401920528192
8027,156.41112117768813,-43.28687454850844,1584.4642358013102,1205.912900168979,47.25438659285654
8028,156.65460173251967,-43.39209452944456,1704.4688908651035,1206.1195559801565,3.7213562934225086
8030,157.0769931710447,-43.572607155044885,1911.5420190249622,1206.0408589024823,96.3572313855156
8031,157.18525340860495,-43.61865104622567,1964.4395173271232,1206.0276943047045,1.9589444664168483
8032,153.6113817421825,-42.04826275490819,180.42814040450727,1206.714574494628,14.709450928152442
8033,153.809943010332,-42.139706723933024,281.96279254806836,1207.3934347666511,1.5946922962238121
8035,155.07633021069634,-42.70633566592966,921.4810028386916,1207.2642614576223,24.604780350670694
8037,155.68670350156023,-42.97379094970729,1226.038757910576,1206.732783158412,1.7169212375501466
8039,157.2704528395338,-43.65716203870726,2006.6388992609138,1207.1995377151545,5.781711598152861
8040,153.46725566816195,-41.98618460829806,107.90817413122824,1208.4681706813803,3601.2748003498514
8041,155.21095843022462,-42.768166802058865,989.5736338839966,1208.4391722954467,4.821629815184704
8042,155.26314595085935,-42.79103025591972,1015.6394619826466,1208.3607513702407,6.551880611523399
8047,153.4262780740271,-41.96840997793271,87.24151044109004,1208.9199084476652,2.390475732945901
8048,154.93297800310523,-42.64668559270439,850.6509646443925,1209.1972582514663,3.45835665686078
8050,155.76067947352817,-43.009548401144215,1263.781349720074,1208.451857073626,3.7041520517383546
8051,156.2476937629653,-43.22280278111285,1505.574390912822,1209.2086068457377,10.163758784266518
8052,156.49684604246661,-43.330245707580545,1628.4591634915118,1209.1421092911385,74.54975727994287
8053,156.7696706890657,-43.447058394251506,1762.5098763522426,1208.9413798730072,2.7991629793383943
8054,156.86127448421698,-43.48639815163044,1807.4838943181073,1209.0028163608024,1.6108229429391743
8055,154.94371660396365,-42.65302451053148,856.4890987465985,1209.9869586474088,3.8299820483753493
8056,156.0747463231243,-43.149645456424466,1420.5229258676447,1210.1212226939704,78.70466065618753
8062,155.08677577437746,-42.717245701998536,928.4918357005083,1210.4173256848685,2.582737633726591
8064,154.09500826385184,-42.27735793238668,429.3338024062727,1211.838057027123,2.7892060360621174
8068,156.36137961736608,-43.27807082114825,1563.3765743312024,1212.288066204641,7.318718937762517
8069,156.83413870649056,-43.479769996853875,1795.5152157156083,1211.5135566207146,2.030987438651086
8070,157.15596796432257,-43.61859674610429,1953.4358463991607,1212.2820047526552,9.64840107496487
8071,153.88710111962848,-42.185749711727475,324.4401441021375,1212.9515833387666,7.086110776878497
8072,154.88445921738173,-42.63267223581234,828.415032377383,1212.9646244630685,4.8321697235572145
8073,155.06577956065118,-42.711796430495525,919.0518468916875,1212.3421770728758,1.5383071560979396
8075,156.42926008323263,-43.30962706426794,1597.467509580051,1213.426584424213,2.696163033028009
8076,156.89205069208919,-43.508114690374654,1824.8662402044083,1213.3152806566297,17.59588500413852
8077,157.22850401695308,-43.65197297008986,1989.5236001010608,1213.5674122681132,4.045672807990552
8079,157.0005415360025,-43.55597475461086,1878.4050816705123,1214.08761934844,11.759399964889532
8080,157.10713729915844,-43.60081119813533,1930.376336301172,1213.7911531740558,1.6305722784410925
8082,153.4110093413651,-41.97430779806581,83.22793991933311,1215.3363847972903,1.9079999057738068
8083,154.2221883321728,-42.34080834679772,495.5680377714608,1214.9507470745132,47.28888187061839
8086,154.77146159507038,-42.58696085196697,772.895920116563,1215.2229907524234,1.8314269693747258
8087,154.97964211086216,-42.6790439103842,877.3773998600282,1215.0447077028186,80.27684690144724
8088,155.8923940534657,-43.08049661842853,1332.930601127524,1215.229744740615,10.502769026289846
8090,157.24113432588703,-43.66062953537511,1996.5601188348405,1215.2289133755185,0.8140165917243086
8091,157.2836559389837,-43.678927907896295,2017.3643465187288,1215.3558501989753,23.182104930646275
8092,153.25250135347602,-41.90324241720772,2.5629797559201406,1216.0028983381858,106.86003935892738
8093,153.51248417767536,-42.02212163802912,135.50802597372916,1216.1209102682908,1.3704881556487358
8094,154.10156263775923,-42.289691259272445,435.37313409273827,1216.5273862006698,1.2770064996619084
8095,155.41220149848476,-42.872950503513195,1094.680809503564,1216.5381075018418,1.9059143677951214
8096,156.46911756880363,-43.33177669449535,1618.4583283542809,1215.9267554266564,6.628787069813506
8097,156.64194717280225,-43.405807266732744,1703.4209351662498,1215.7635789209953,2.433751067505141
8101,154.63378398539527,-42.52907914407774,704.5743793701694,1216.9490180492476,4.578335957985919
8103,154.92595102110218,-42.658849212102275,851.4532045290482,1216.8545157729784,8.766368137313897
8104,154.98974290127853,-42.68724781668067,883.4997813077722,1216.9130477362157,1.0916843022316487
8105,155.14723059992238,-42.757750162459566,962.6614894254909,1217.3263902697352,23.14301419597537
8106,155.80257630549113,-43.0455128190178,1289.4944079829654,1217.329853520419,7.561659074501739
8107,155.85745027580094,-43.068611674337724,1316.511441969262,1216.910005400486,204.62868373118155
8108,156.6582562105768,-43.415966013267095,1712.2891834482293,1217.3525787037934,2.6053669448169754
8110,154.29957449990064,-42.38249830815791,536.7244238094901,1218.4198922169319,2.3843478839376977
8111,155.52770854719475,-42.92650643492175,1153.0810868735139,1217.960042715507,1.0673979289500246
8112,156.1643613552024,-43.20498098054613,1469.381629849505,1218.39807764257,1.164236121534939
8113,157.17465351632512,-43.63858256556116,1965.7637222535366,1218.3555117516482,5.877062151869889
8116,154.16171911922322,-42.321898459353314,467.33937792659907,1219.090911469783,1.3511508882503847
8118,155.49340160862835,-42.91339630505666,1136.5217914587347,1218.935512649381,6.719335152436049
8121,155.01184486445348,-42.702051019398404,896.0029586315146,1219.4251779799556,1.1765902112919489
8122,155.05618049940443,-42.722906263440855,918.5770577179741,1220.040579682601,7.757866190929325
8123,155.38739919772976,-42.86906308720913,1084.264244132047,1220.059643239384,3.0873932425086754
8126,156.42132931432695,-43.318246769339595,1596.8320211941561,1219.4864463862714,59.531355267851815
8127,156.59132953860401,-43.3943552554463,1681.317697712575,1220.949738086685,13.447387481377021
8128,156.68158495394115,-43.43228222124508,1725.452888170996,1220.5266860329168,2.3286931043987087
8129,156.81851578237013,-43.490981130604055,1792.6634699928024,1220.5323400695602,75.36704651926793
8130,153.3979558687585,-41.97961300917815,79.87559540820074,1220.9531598864983,2.6383643572379682
8132,153.5875924100017,-42.066546777490764,176.83018342275423,1221.2386875469097,1.1614662307898453
8134,154.1451612397151,-42.31845906706298,460.1115483562382,1221.096072744206,8.874328498176597
8135,154.21884354471462,-42.35115895878416,497.29651869695033,1220.8781138635222,1.1019556247945244
8136,154.90754123017348,-42.65857976772519,844.449310042682,1220.8120978593302,0.9426539027528885
8139,153.27864034723598,-41.92710740182825,19.45975885797925,1221.9424747042974,30.626455513797204
8140,154.59058585930012,-42.52095117977967,685.993484131577,1222.5287215469152,458.93112446026754
8141,154.78691101113202,-42.60681992302536,784.3598898529625,1221.7276570106142,9.888194932564442
8143,156.50640567933078,-43.360943973612734,1640.378175502307,1222.5237258165052,10.10617667680851
8145,153.72591918861255,-42.132995216381055,248.36232266207128,1223.056822786721,34.50451818411666
8146,154.57461941268238,-42.51448040686095,678.1344238013538,1222.8574074724393,1.976486968390307
8147,154.84951386182357,-42.63707840774883,816.5149384314236,1222.946781835426,1.5837841012473397
8148,155.17925239413992,-42.78212969621781,981.5730538040015,1222.459638713834,2.619789523440662
8149,156.46421909514225,-43.342656647173975,1619.5730806490756,1222.465758144598,6.626817248305766
8151,153.91829031424473,-42.221145127670376,346.4829755403388,1223.590896466512,3.490678262062393
8153,154.5576606330981,-42.509804830276046,670.4148090053277,1224.3074323669703,2.332443962521537
8156,156.31952004688767,-43.28247707876638,1548.8520966307262,1223.6036391428145,1.5808707068358805
8157,156.36278612040923,-43.301324499051425,1570.2387253343386,1223.683794925212,3.972630589055349
8159,156.66944026503708,-43.43502484052001,1721.6339760031703,1224.5332639219778,8.823315599546525
8161,153.7992208023936,-42.16975116098768,286.68955887140464,1224.8238636796293,2.4183688272913155
8162,153.86952272990732,-42.201864954340735,322.5138228431652,1224.9727125206916,4.142071862162244
8163,154.99656784616707,-42.70739386678756,891.7663028091075,1225.4940926828424,5.6350790986421675
8164,156.0383363924383,-43.1634804916991,1410.6401233299678,1225.026838628027,8.076268844160161
8166,153.7323064263304,-42.142196388240755,253.45565647208787,1226.2048380524225,35.53035896581078
8167,154.9215885811733,-42.67527444776434,854.4665740393682,1226.05410139663,26.437757841955673
8170,155.58204602623448,-42.966672540606,1184.7028983991938,1226.1646266841574,1.4704320673603524
8172,153.55594129739777,-42.06225789855806,163.65616774839785,1226.2812249710505,5.58958324667488
8173,153.77467081687217,-42.16306581039339,275.49740994840664,1227.0382730578683,14.24325903357056
8175,154.35817264679727,-42.42484936756894,570.9706133226631,1226.4578507857486,3.3949157955478095
8178,156.81602011133188,-43.50404991147166,1795.2395169286115,1227.655370349339,294.36409991384915
8179,154.70205549945032,-42.58072729576807,745.0021010997431,1227.5731223443208,1.7081133982256516
8180,154.72833416912795,-42.59293438106277,758.367323298741,1227.8263610989713,11.619295869698941
8182,155.3246674878045,-42.85734555478353,1057.3905351762126,1228.0294244246122,5.7801329430919255
8183,155.6343960698781,-42.99400403924916,1211.9850674706106,1228.3763868629876,1.052541301397527
8185,156.5382812163288,-43.38630025738774,1659.22001689132,1228.3813553232833,4.68628094221337
8186,156.97137880761406,-43.571178137918224,1871.5291635743276,1228.0245546191254,21.052898776924867
8187,157.1721763841571,-43.656388680168575,1969.570577473007,1227.8680637110306,10.69294564341281
8188,153.61872947564515,-42.09656903363215,197.35258560188205,1229.160149351407,6.71761698107551
8190,155.1987533985028,-42.80414689676842,995.1025391933763,1229.1835802335381,9.279695106388495
8191,155.23823062919087,-42.820573632291534,1014.5663640687386,1228.6882153797594,3.5247896493183735
8195,153.88172526028532,-42.21720352079788,331.5726949998295,1229.877972420057,2.5098290559336034
8196,154.98545959601344,-42.71100062997275,888.6080791788361,1229.7676021279567,6.519261945607334
8199,155.10851531258368,-42.76625519120801,950.4954012700118,1230.1676250315431,10.402402650688435
8200,155.26680874452924,-42.83668695639295,1029.8385595010875,1230.4508777289814,1.9039216733381827
8202,156.42874405462396,-43.34331336695447,1606.4308913356638,1230.492398372156,31.561602575940555
8203,156.62419785883856,-43.42742240599247,1702.5985925834896,1230.4880057761459,5.143368997924567
8204,156.85637106270062,-43.524771004866196,1815.9457613209631,1229.3974386591894,0.39082634776188907
8206,153.80856054572928,-42.186924976580315,295.2141564588029,1231.2882874940728,7.1136416048312245
8207,153.848743810322,-42.204237422704566,315.38372377588297,1230.8521627884043,3.0097854898610747
8209,154.5475926267893,-42.5199233078793,669.5218307597748,1231.621948740458,2.158157507253036
8212,155.4203081764897,-42.905573900872206,1106.8523984057913,1231.1196910660187,2.0702310057742674
8213,153.29859050330262,-41.95626969689741,35.58443015781056,1231.9369979293185,5.205730540269966
8214,153.4532884135996,-42.02880326883617,115.18734339799215,1232.9065380721534,2.8492905984000125
8215,153.5395439765547,-42.06607297667239,158.60397997146552,1231.907113529389,18.087426105175652
8216,154.0247410263143,-42.28656807354537,405.55109460406214,1232.269523746228,9.618528059696263
8217,154.09579588187916,-42.3186506737051,441.5869181171286,1232.3003578292953,2.6284669088756094
8218,154.51781207420308,-42.507125757622354,654.6537689104285,1231.875745790688,1.3152944438412573
8220,155.21228996646607,-42.816101154147226,1003.5546399953101,1232.182903473293,6.890418356409387
8222,153.89269094586376,-42.229306019481605,339.2220042487658,1233.446857242131,7.953079315889337
8224,156.01975581287175,-43.17209287767889,1406.0272361811735,1233.4136395724238,1.1322712657388436
8225,156.50343102543494,-43.38065300094314,1644.606775340563,1233.0894048765579,4.141742969069052
8226,153.22631210808825,-41.928214235513884,0.08962159456081058,1234.426441172448,2.603755465425359
8227,153.501581958609,-42.05264480146802,140.37267787550954,1233.8273416474076,7.146646441910496
8229,155.29334876740387,-42.85483763576209,1044.911431361433,1233.689270328944,4.3313926585299605
8230,155.9629092283903,-43.14886728529626,1378.2815283407167,1234.1616720482032,0.7570568311940075
8232,156.74720606706327,-43.48820514305345,1765.156555795463,1234.5199425017372,19.465027975531235
8233,156.81161039142978,-43.514839727008955,1796.4850327090535,1234.0424248735958,225.28832891741192
8235,153.32800058875063,-41.97603191565972,52.48689774532513,1235.0919614929371,9.536032149851545
8236,154.5774751599015,-42.53984342567468,686.4619474378919,1234.9137672405416,6.333580544368921
8240,155.66841293359664,-43.023345033459535,1232.9212305628785,1235.6348806200954,134.80125981813373
8241,155.73485075144458,-43.05069198213923,1265.4731508561567,1234.7840420485377,3.911095581310571
8244,156.36168845421096,-43.32352566987898,1575.8724439406699,1235.0927760054003,3.719121543548674
8245,156.90225342048961,-43.55572211444826,1841.4606293903191,1235.110884413227,3.4823494452617862
8248,154.7716191332851,-42.629085548351114,784.9404399963151,1236.2844321848002,4.626581353894708
8251,155.278556084791,-42.85526369167612,1039.469716394079,1237.1712437534857,13.624872576089409
8252,155.9246706328419,-43.13742823549187,1360.7651825737173,1236.7745119193394,1.3715181365541829
8253,156.27702278580986,-43.291133523672066,1535.254868224749,1237.1989646911807,3.2332672298194582
8255,153.8322479263304,-42.21092811607744,311.1256137810377,1237.9209028607577,1.408592417587699
8256,154.7424035100552,-42.62075180662278,771.5809032090149,1238.619676667625,1.6260908786810309
8257,154.86553693324794,-42.67494453462443,833.2905267683768,1238.3501472298753,14.022535348905132
8258,154.91596993085932,-42.69673474034389,858.4348183993669,1238.0543245982735,19.930713172988444
8259,155.12926713292907,-42.79129453881877,965.3563287924326,1238.122362883141,2.0638360528948017
8260,155.377111371788,-42.90166761830079,1089.5216064478707,1238.687029938583,6.715209400754633
8261,156.24013343635997,-43.27667617148777,1517.4564578583847,1237.9526090793922,9.426083949175506
8262,156.7021120357792,-43.475133707342316,1744.715703975015,1237.6732921693306,4.377990722031378
8264,157.211590743661,-43.693860735508345,1994.3062976943081,1238.32156159763,28.790254072474326
8266,154.04446924502983,-42.309725877441224,419.68894806840893,1239.3967601854647,18.064490200981787
8267,156.77371475795852,-43.507804813087205,1780.3770938783748,1238.6720654999394,2.5290917784259146
8269,154.58514115338804,-42.553897035972604,693.363305253268,1240.2348854738884,1.7144836504920062
8270,154.84386451530636,-42.66825755261541,823.2426479176378,1239.8211820406607,5.777312879294353
8271,155.01068989860616,-42.74356337422578,907.3039482721407,1240.4851891143733,4.056334018719911
8272,156.00973768443748,-43.18066891451857,1404.6227734487288,1239.9118950368656,17.95875174647857
8274,156.87629554797238,-43.554349212579204,1831.3567870920594,1240.0089157371228,0.6724183411051677
8276,153.85819054902504,-42.229431010047115,326.2768357704561,1241.300211447847,51.938612433120774
8277,154.1415813000081,-42.35689199222091,469.87799234104915,1241.1125543562307,1.4402459034364168
8278,154.25249804636675,-42.40591434631434,525.7572641815176,1240.6968609052171,6.875221623052348
8279,154.43928927063942,-42.49067818022578,620.4000403195134,1241.2148981187172,8.5805984636514
8281,155.28801670872892,-42.867924259441764,1046.5784193534107,1241.4304120828047,4.351283226819612
8282,155.7491031685136,-43.06914222672916,1275.9404427931638,1240.9233694656823,1.85160382054608
8284,156.38198659221115,-43.3433837953246,1588.8975691477808,1240.6762074069277,3.1340306332837646
8286,153.2516128472015,-41.95533816778477,17.631204326223024,1242.178844523231,153.22971343984582
8287,153.27673915049252,-41.96624686367208,30.308622321470697,1241.8904861399135,1.889706588278865
8291,156.8086000885443,-43.52938203518109,1799.2643934374482,1242.0176637734587,2.6488201169333148
8292,157.2821134568349,-43.730934222472705,2030.5716048590366,1241.9252457879634,2.772405294970722
8296,155.76505301401315,-43.079054781069416,1284.6775252762752,1242.4040410166745,3.018376509174789
8297,155.99431139442518,-43.181511320882656,1399.0613635692048,1243.704625799697,3.9489575751625234
8298,153.50847986502268,-42.07677237692413,150.0569710770156,1244.2979420858721,3.745468977783388
8300,153.9413164375043,-42.2715043436713,369.7890146527372,1243.5514619085482,1.5099657945486347
8301,154.16210642406548,-42.37268363440621,482.1635896450692,1244.3907695474832,30.453780623553392
8302,155.6000048660612,-43.01026768207003,1203.5831504208907,1244.0995654858482,10.322176674136406
8304,153.78315624439813,-42.203922963087145,290.6135243037147,1245.5194568397874,2.30304385605859
8306,154.73896470441545,-42.631659874670554,773.3931137086289,1244.8474238809815,32.99820519990065
8308,157.1929858684499,-43.699644319802424,1988.8700089072797,1245.2242166305127,0.8103242339887425
8309,153.58386648479532,-42.11386318964326,189.30295476236992,1245.6965463260092,10.824345278909295
8310,153.90460516778583,-42.257872831301185,352.01583412516857,1245.0256590321346,1.3176314524851145
8312,154.0043864787934,-42.305198301581584,403.2974624465755,1246.1643932191803,4.997582329189129
8314,155.03026759843186,-42.763327459245616,920.2487272849659,1246.0461186431098,3.7177530996688564
8315,156.10545342255804,-43.23267406969986,1454.8459906656685,1245.1643842511496,1.2126834147972607
8316,157.12823236590006,-43.673284992749075,1957.592594566318,1245.8119695539258,0.792452993883006
8317,153.8382754124023,-42.23178734216842,319.4713756464269,1246.9753584753696,1.126894281166726
8319,154.8684202924306,-42.69398591788011,839.777285345505,1247.2463119643423,7.186285259700189
8320,156.24117141411006,-43.293717925210224,1522.5021175116558,1246.297232278378,4.6896228792074695
8327,155.509196136213,-42.97844332704641,1160.6040014928458,1248.1014839199556,3.381280109799789
8328,156.68806066852724,-43.4891076178628,1743.2128992366158,1247.745426710147,1.89888649611674
8329,157.28431783801526,-43.74555530018646,2035.271922885841,1248.8294808617618,2.019885587105176
8330,153.2574234492868,-41.9709029040256,24.417882097620442,1248.6134098013038,1.9213790767212025
8332,155.25208937409542,-42.86817380838649,1033.1462578113556,1249.493516966057,2.2564995538707304
8333,155.95326762139157,-43.17400139228871,1381.5826110401572,1248.898741007839,5.096273249744494
8334,156.0154057879576,-43.20189438971572,1412.5874968853766,1249.3412111486698,84.5181996742738
8336,156.60328107100457,-43.4564520616844,1702.5973522825323,1249.6279665460597,34.661543567772036
8337,156.74210391633594,-43.514305566544735,1770.2707562692963,1248.7670685449532,1.3091663561291518
8338,156.9789265017717,-43.616782970330036,1886.5570808158386,1249.3876586750694,30.249992626777896
8339,157.18028709252894,-43.70274642828265,1984.9359837371026,1249.5093948305837,1.670336261702711
8340,153.60530843533476,-42.13208472874104,202.7097297060901,1249.9270194055307,2.9772454983252996
8342,157.19537945233864,-43.71059570063496,1992.6764955109832,1250.2344305016143,3.0262601405181817
8346,155.1762405765019,-42.83670331472456,995.7981784277333,1250.4871989380822,2.4627718702210726
8347,156.26442035732276,-43.31265743432649,1536.3997766476666,1250.7649959498049,4.698766703401069
8348,156.5549796535221,-43.44028816620145,1680.1076138989208,1251.9419697949807,2.334555407881572
8351,153.26520637886688,-41.98148806666329,30.47345653129833,1252.1163568371371,9.016631586623468
8353,155.07564082061162,-42.79553994528955,946.3959068236246,1252.1299649322611,1.3304707171705517
8354,155.7745292445837,-43.1032548803053,1294.9359856608878,1252.4797834667997,3544.0990492367264
8355,155.8377310695076,-43.13157707523804,1326.4995423080384,1252.85951607723,2.924960160068976
8356,155.8628856881111,-43.14103159693226,1338.5555974133306,1252.1021777435374,2.9064789066215773
8357,155.88963501451602,-43.15187279292573,1351.5911218906992,1251.695055055761,1.1380060975303932
8358,156.24680527646134,-43.30792936286265,1528.4984122926185,1252.2183315104646,1.5961931020719673
8359,156.7154548424611,-43.51034164608399,1759.209998886628,1252.5227337090412,44.79516558955927
8361,154.15506989527665,-42.38641691996816,483.48603009691277,1252.8364368961504,2.991024156953742
8362,154.22781084946251,-42.420199975056,520.5924624402691,1253.3812141281144,4.252320487467319
8363,154.57089635913923,-42.573370156432574,693.5739445156612,1253.161241404545,2.2162870403279946
8364,154.88444672073555,-42.712455293928905,851.0400085087969,1252.9342505271982,4.987881207827524
8365,155.27869154773944,-42.8867644591477,1048.3599123220208,1252.9379591097609,4.618066645464084
8368,153.47250895825036,-42.0800268530974,137.48299961855685,1254.090150238722,16.132043866652104
8371,154.25532215995645,-42.43415730298781,534.9615359411666,1254.1830379811652,2.35287807443351
8372,155.01836433346503,-42.77477053706968,919.0077547762672,1254.4197309882322,15.280537779109407
8373,155.29385564121637,-42.89588377423708,1056.6152183858142,1254.1617851252536,48.58219509220522
8377,156.12532094545747,-43.25913033415702,1469.5566644193364,1254.1328408566617,1.278703465433022
8379,153.73060825435283,-42.19933322395549,269.50945626208227,1255.1128199894163,3.958470098346359
8380,154.76566023514806,-42.66340370010806,792.4620811129788,1254.7949969254544,7.584798397640499
8381,155.97268916030694,-43.194893939776215,1394.625992449359,1255.15254623345,23.553587910830213
8384,156.76489951623023,-43.5370840605415,1784.948815309996,1255.3210175396996,1.588869574617428
8387,156.46269176380008,-43.40743620150246,1636.586695170368,1255.3977581936083,2.619329270405588
8388,156.6062270223919,-43.47076725812262,1707.5717874041516,1256.1972167040897,9.31024389146777
8389,156.99595947105996,-43.637481018478205,1898.4732923127876,1256.1583111501209,1.2923476180901616
8396,154.35883762874874,-42.48824629520486,589.4495648872521,1258.0153948817942,0.9070182418838505
8399,153.68084228888893,-42.18447185236103,246.45206412345183,1258.9579935013785,12.715954962956776
8400,153.9506957465594,-42.30592754246478,383.3179606937486,1258.6301318624328,2.245526070961697
8401,154.71574085312923,-42.649018799940954,769.6057109890005,1258.7119356654791,430.43829892091054
8402,154.7686197789747,-42.67383216157927,796.5404804190306,1259.3572053809937,11.119302232628367
8404,156.3804831822275,-43.37833466325451,1597.8428876986288,1258.5858034222642,0.7902845706416982
8405,156.56602115585994,-43.45845958077002,1689.1666203302489,1258.6987269650333,1.2884175623405643
8406,156.6405368425455,-43.491787197798665,1726.1149889122098,1259.3620736169544,18.970937879413466
8407,156.8898809729676,-43.59879771035796,1848.3682290239117,1259.4787892492943,1.1905777100813606
8408,157.0072610798111,-43.64767475735696,1905.4314850300793,1258.8676075910846,1.2496067921149219
8410,153.29737661042745,-42.01185940187628,51.54190272869348,1259.928205544857,3.113163451522173
8413,155.5431934527406,-43.017338473679715,1184.2124976923872,1260.13895210826,3.437373356523794
8418,155.50437665053607,-43.00211434360366,1165.3938003539415,1261.0393399200334,203.33258915931668
8419,156.3928763406172,-43.38752967702024,1604.9922912030304,1260.5221565162396,5.311872292006347
8421,153.61856921597177,-42.162042712759074,216.4732448729164,1261.8697588340942,26.36103285120309
8422,155.66253561765402,-43.0729134152624,1244.4753653433272,1261.8097716640423,3.5938776213284505
8423,156.2868033610915,-43.34451731056371,1553.491348261841,1261.9213220359204,0.7327435581274216
8424,156.45203559135487,-43.41664295765264,1635.0892051431858,1262.3398730355364,1.773893817551817
8426,153.24261116290523,-41.9932555301724,25.454569144961813,1263.1305121607377,45.61038909354416
8429,154.3588771804463,-42.49875547842133,592.4854019630128,1263.2615711579062,4.213685629657656
8430,154.90403031199318,-42.74079627545365,866.4328987965231,1262.7773711500174,5.955949692341028
8432,155.31952191042532,-42.923994409427586,1074.1367122786824,1262.59188383657,461.11701359166426
8433,155.9114775083841,-43.18459748234327,1368.815085732915,1263.3569101402193,10.130713866204793
8434,156.15937986223713,-43.28970224067804,1490.7106885918965,1262.081349704305,4.155053910697123
8435,156.69636524865908,-43.523145388712194,1755.503747857488,1263.0909783410752,3.4391440616521725
8436,153.41184740820816,-42.07273467423368,112.52773817268645,1264.2364761675015,5.082879280168648
8437,153.70267717697345,-42.203156794517746,260.1244634825892,1263.340909225438,4.366236478159537
8439,155.8792872199436,-43.172131625760564,1353.2962131438317,1264.1347295100127,1.896219353854976
8441,156.8760086636791,-43.60276578992506,1844.2336111625366,1264.463761880569,4.982796944454439
8442,156.93387069203996,-43.626769331414536,1872.3439803302538,1264.1075286525192,4.2137991661284255
8443,153.8652121045624,-42.279710997255236,343.5567790294201,1264.8221101010163,5.065957007825819
8444,154.6295791146556,-42.62256641351202,729.68404694438,1264.6811835005942,1.5850532836558224
8445,154.65445324190418,-42.63389413795567,742.2631452207703,1264.8023971009077,13.4316501476517
8446,157.02517600045044,-43.667396928287324,1917.4094133249396,1264.9595238960035,0.956285697124239
8448,153.79319433664125,-42.248300220553666,307.33251377687037,1265.4050194187894,6.823586837470082
8449,154.93279600991758,-42.75999036637359,882.6767726564012,1266.0026472359873,4.5477732850620605
8450,155.10785750758475,-42.83835677316845,970.5725906131504,1266.450760938055,12.126456490740427
8451,156.25830320257754,-43.34162206782966,1542.0113796843484,1266.6603140165837,2.7634559315291267
8452,156.50270854751773,-43.445277029812075,1661.8571035945681,1265.769171799332,3.3979449665145562
8453,156.73268176252273,-43.54537373564468,1775.1035557170703,1266.4455176337617,1.8460425576923052
8456,153.60911259998554,-42.16717564762958,214.42161291625965,1266.5735484644908,6.655186459757108
8458,153.90809811234163,-42.3027427773663,366.37831532173396,1266.6457185773,1.447921368426834
8459,155.145435126698,-42.855700481244654,989.5716239144291,1266.825125212482,1.6096448412170172
8460,155.72643353030782,-43.11157612021928,1279.1842545834277,1267.2005925727208,4.009004274986559
8461,156.70589875580214,-43.53525229243946,1762.3397785201416,1267.128788533981,4.353058089083932
8463,154.10888420169098,-42.39709520125118,469.21079114852427,1268.5557312160115,1.7106819844852081
8466,155.29195814690337,-42.92259067430736,1063.3918676055766,1267.9719562998096,5.365260329511211
8467,155.62095774500807,-43.067531634530006,1227.3722095075038,1268.23723791075,5.612218370667054
8468,156.42045110151065,-43.41390039958895,1622.5009233935764,1267.80724793468,0.9263936578134829
8471,153.75368850339513,-42.23800553353869,289.4790026153849,1269.1956349001207,18.125802733009746
8472,154.15079269052652,-42.41709317285112,490.74307850607926,1269.1278203686345,10.5175814712748
8473,154.34098710189238,-42.501560716998355,586.568406117845,1268.67218463684,445.3680497981502
8475,154.95366353347362,-42.77569533282182,894.9608350702816,1269.2368313698842,1.7471967260417145
8476,156.06374857036988,-43.26278568855107,1447.4560747033365,1269.3925488701411,3.3214812008420687
8477,154.79835515631208,-42.70878033800424,817.6476034819965,1270.2366663475052,4.204138934147412
8479,155.6788581268502,-43.09694714056792,1257.2721063289105,1270.2915393043468,5.330357287959825
8480,155.82088387932203,-43.15822370111054,1327.5385466730013,1269.9298593284682,3.50126975948198
8481,156.19975314725517,-43.32359164012654,1515.126471815133,1270.3294240560185,0.38513605526167255
8482,156.30859658549983,-43.36975843698874,1568.5469984353417,1269.87974293971,1.0282416241400738
8483,156.9909239332387,-43.66174901888216,1903.0712030783413,1269.4699415242562,238.61581979227736
8484,157.23611790312526,-43.767813486386814,2023.122098982528,1270.3673612148175,1.512205215687759
8485,153.56394254065108,-42.156080267254865,194.1905919896202,1271.2767140503543,46.57395366406176
8486,154.00397189331105,-42.354707742225415,417.50379170696067,1270.989355245936,18.996365590698534
8488,156.58933963649258,-43.49396475670151,1707.5114736997566,1271.5251009740766,17.22524308466139
8490,156.92603254466846,-43.63817156172896,1872.4598015549927,1271.537858874197,4.379401630088759
8492,153.60468926329588,-42.17688644449985,215.60380031910634,1272.4205442287519,1.842496093277699
8493,154.3182971691215,-42.49702255152955,576.7367583000901,1271.4877418110768,2.6061865548685827
8494,154.56747323614718,-42.60795094750346,702.173624249136,1271.2278808220465,1.7711580010378882
8497,153.59539553296352,-42.17424590084586,211.3372080188662,1273.2091652977954,1.3825273332956463
8499,154.1616968426723,-42.43011544095714,498.60318830292164,1273.1850668597435,18.914454518257187
8500,155.22130924005168,-42.90250640236506,1031.2270793298655,1273.5072701766892,6.410113404074353
8501,155.42816389085303,-42.993679823376176,1134.4259012050547,1273.5867742146927,3.5227916153926477
8502,155.63383095227275,-43.082424514291304,1236.3416026171544,1272.8847842271994,6.835104097674659
8503,157.2065352656388,-43.76109364201735,2010.2646431474018,1273.3098904397114,15.350127420987182
8509,153.53868368781215,-42.1508575314751,183.16523324172027,1274.399405734952,2.7830159260489205
8510,154.42294345752956,-42.549741899991496,631.2028066105023,1274.4143880164324,3.150911365076077
8512,154.80621886269452,-42.72230418015942,824.4434070909857,1275.258059900778,2.297696818874004
8513,155.08575222102738,-42.844408395244834,963.97670847307,1274.3777020015737,9.071005225366896
8515,155.8435567174162,-43.17803780650248,1341.5191057404343,1274.9176321490477,2.5388726200875786
8517,156.50577191844715,-43.46443868315443,1668.1986362351422,1274.7475134445924,1.3150086317040048
8518,156.76970598203866,-43.577244162495994,1797.5522783190065,1274.5089625934088,9.812231182530878
8521,155.34494110723034,-42.962071795136126,1094.3462327251118,1276.0774572116204,57.053380022435206
8522,157.00316352727657,-43.68014242391063,1912.5682841971666,1276.1094977859461,26.900854870435563
8523,153.66800837831272,-42.2144504786953,250.39569025963874,1276.8226425590697,2.5201063503139944
8524,153.69367559672605,-42.22681263783753,263.6554169412233,1277.1826618008824,7.832031355730856
8525,154.08046057987832,-42.400894832118865,459.62916796570954,1276.8460405773076,170.01683096006252
8526,154.26108134978435,-42.48309411598502,551.2290490127577,1277.3530293123022,0.6793608737383781
8527,155.8500403839779,-43.18429673127328,1345.6796784578455,1276.642101930801,1.7092014347254807
8528,156.712067371725,-43.556982094302086,1770.505298837867,1276.7379665300416,6.972556333130342
8529,153.29993220847388,-42.049266725520596,63.54473972134356,1277.9921540806827,10.84260229002839
8530,153.54478361007568,-42.16121387788517,188.49615567386053,1278.1815299542752,1.9171438856656133
8531,154.51107648033872,-42.5961056563962,677.5987401705765,1277.897706899537,2.153300479340548
8532,156.94592420815093,-43.65952150988455,1885.6228007048398,1278.0174161304044,1.1840965276257598
8534,156.07731078447725,-43.28814585242138,1459.5012156768014,1279.1793975087346,3.406471530875667
8535,156.59419317735424,-43.51143583248719,1714.052864281707,1279.2686560054804,3.2505751730165175
8537,153.26235563960395,-42.035639920394495,45.400904009907855,1279.755837986254,2.3627913114994907
8538,153.44673022993496,-42.12041791158074,139.66859716524667,1280.0876354492307,2.979460735185038
8541,154.93204401951292,-42.78831937758196,890.4146064262837,1280.3574800789906,9.451361907087659
8542,155.15536718473535,-42.88624617877521,1001.8984166453102,1279.935814740728,2.4722453527911408
8551,156.91750354099585,-43.65225466667404,1873.0356752590396,1280.4666393728226,0.6069319535069521
8553,153.19315990179558,-42.008400702327094,11.347591972698725,1281.9485301663608,1.1124736979559706
8555,153.9995283018335,-42.375133072605585,421.75828603778274,1282.191305681014,2.508003837386659
8556,154.45860535872208,-42.58080244765732,653.5065287974462,1281.9710980180098,1.6216423001092188
8557,154.7443650052668,-42.70871740872482,797.3519731165442,1282.2191294037675,8.40960546042689
8559,154.98431733921305,-42.81538071246849,917.6961106776505,1282.3137729815028,14.071296440344259
8560,155.1362994014317,-42.881549858137085,993.418604754254,1281.8002400110108,2.4751812296885767
8561,155.9916848403393,-43.256946430396944,1418.823320959525,1282.1800176228917,6.017170144251592
8565,154.94043720492118,-42.79773439912314,896.2307766937698,1283.2098111175706,75.1125574752423
8566,155.55297069506724,-43.06747136783343,1201.8409699956176,1283.1432415476775,6.08894742696859
8567,155.7094757711313,-43.13676194833977,1279.8004232936278,1283.5610856022774,1.0733151068132742
8568,156.11554058134638,-43.3124175660938,1480.4898988674395,1283.0462560077965,7.356516018523921
8574,154.11897972719888,-42.433389882277844,483.50088190504545,1284.4194251185904,3.285965148945196
8575,155.38156064192324,-42.99305099060204,1116.7587704591738,1283.5386213582067,1.6130718178477117
8576,155.76673205083767,-43.161795779196154,1308.2099983950584,1283.5808470563377,3.2309677111468686
8577,155.7927870319034,-43.17320986212518,1321.1399772529555,1283.6054738286193,316.27963517063387
8578,156.50807665217897,-43.48389422741438,1674.33388648865,1284.03737357703,1.538697448296197
8579,153.65276994245167,-42.22395089664848,247.44928380710058,1285.011794289911,1.9423623394772438
8580,154.89317190316402,-42.780766631559686,873.6809050490524,1285.2049832360099,2.151326151122049
8581,155.05606014034998,-42.8530226630863,955.2587186046134,1285.2691725192271,20.67240462258959
8582,156.41863617577764,-43.44710139282881,1630.8398085557906,1284.9014100177828,1.4116661874617895
8583,153.60894372806465,-42.204604771422225,225.32176332623538,1285.2841842766413,2.7540270351136527
8584,154.01824992799814,-42.3911388200519,433.43203622714674,1285.9702081896328,202.0614846430045
8585,155.0670855792087,-42.86051965626075,961.5119753633849,1286.5830799564599,27.40100786136548
8587,153.28925303803686,-42.06225744304943,63.36680181082497,1286.8971282954665,6.119944973151341
8591,156.07441524002502,-43.30269892863444,1462.407508794336,1287.1230167638935,10.568973957212217
8593,156.53190769037124,-43.50033432809834,1687.714490887185,1287.1519263593834,7.429053223347274
8594,153.49397827894254,-42.157477164702904,168.31119938377583,1287.8418360646544,1.6264213574321582
8595,154.33823381388837,-42.537868239092035,595.97374815196,1287.440248104386,2.3828387371261806
8596,155.2597758994719,-42.94888056036781,1058.6850760727978,1288.2559132495787,112.95057752731513
8597,155.9422746581322,-43.24738079681043,1397.6640170451062,1288.162573793818,1.2505644139453276
8598,153.17733234636182,-42.015780897234,7.58560467197831,1289.2335572178524,1.6521770677943988
8600,153.83000767102777,-42.31104883997589,339.4528428551425,1288.4128785936916,2.629808836643851
8601,153.8461261527515,-42.320481135191656,348.253703857728,1289.4831912775417,7.255437538228564
8602,154.65533333653303,-42.68164112868453,756.210478992255,1288.498873947054,10.349467987387214
8603,155.96124051941592,-43.257077126586275,1407.4438081837418,1288.8913054857585,69.82727353209492
8604,156.42358434243027,-43.4580190513649,1635.6589645843048,1289.3202470485794,12.804174543442345
8606,157.155300426531,-43.77193522711844,1993.9696904022198,1289.7451659645233,0.9334507295506835
8615,153.73835869170617,-42.27481724396178,294.46453804766793,1291.0320124480293,4.310383082967831
8616,154.15299860322756,-42.46232651320954,504.6405187012582,1291.232980108575,4.842863362266203
8618,155.7693964762761,-43.176663645713795,1313.322763990252,1290.4609380087968,2.9685003923638855
8619,156.15096733571156,-43.34422809816776,1502.4807231192904,1291.318693788904,1.080643878066726
8620,156.37672489278984,-43.440105605846846,1613.2346076843344,1290.469780577061,1.0025496026408878
8621,156.60763109048673,-43.54138545095719,1727.1787425499392,1291.4366532549889,99.86008546421996
8622,153.69775504762512,-42.258287701442455,274.38667060084856,1291.9646387284915,3.188418207347595
8623,154.2514695979796,-42.50707749305435,554.5291560518692,1291.4950274476123,278.6936225575087
8626,155.79586404635057,-43.19161391274247,1327.3819572367722,1292.1712946626405,5.700918068611249
8628,156.6691799971442,-43.569605629875724,1757.8435741197159,1292.3477245465576,11.3373957337007
8631,154.3720592608183,-42.5652131667925,616.5333500132145,1293.5366315086187,3.9766971088008516
8632,154.76427973601858,-42.7390215516337,813.447024131908,1292.954746297937,4.194013900551301
8633,155.21013965752766,-42.936818984633945,1036.6737959913228,1293.17244638925,35.15213649448703
8636,156.38691419865143,-43.449157338984264,1619.5129984100593,1292.8123047860738,425.68252713253173
8638,157.2146491426271,-43.80413791310962,2024.7237988943455,1293.2755997837653,44.46099439807746
8642,155.7476588695094,-43.17403518400829,1304.4441814830013,1293.9023857941943,2.3356991565546705
8643,156.35758621998716,-43.43852305625801,1605.6338105810241,1293.8250338758698,0.9147600673817736
8644,157.0248891379741,-43.72552779286837,1932.8152650912086,1294.314085309284,5.484147663530794
8646,154.27954388083316,-42.526627979439034,570.701634484501,1294.971487138642,1.7069412208059729
8650,156.9589957955365,-43.698461031793826,1900.9289306791431,1294.8252974187267,0.5954143598991737
8651,153.2848957785757,-42.07849872486444,66.52449703751796,1295.9822863252336,0.93479032638766
8652,154.64123517930477,-42.69032639551956,753.3947384996447,1295.9862940503647,2.3558930291248976
8654,155.09058603511158,-42.89113254691251,978.9616984948066,1296.7162890537318,58.94711170309628
8655,155.56235679218233,-43.098790766867126,1214.077189900112,1296.7929185303076,2.8689554218538693
8656,155.92458233992753,-43.255658543054594,1393.3106673729746,1296.1838957959428,2.6187568272303863
8658,153.39932173973145,-42.132975955235906,125.55483141171221,1297.1161616658667,2.0940086724654736
8659,153.79221706639288,-42.31137231896902,325.35443749152205,1297.1060969237506,9.957051761718173
8660,155.39016394083322,-43.02386233112172,1128.6011009277747,1297.0924117353002,2.7561384251991847
8662,153.81318913581384,-42.32261840899128,336.50680348356263,1297.9836595537995,3.1842163397129206
8663,154.56339357261004,-42.659468215770076,715.3664562907138,1297.9090680750114,20.88971180599259
8664,156.0378932953174,-43.308820152022975,1450.3979532172461,1298.1591913459822,1.0096157456586754
8665,156.23018229463926,-43.392962315605274,1545.4857493312027,1298.583063125285,5.087956623263636
8667,156.3726828496734,-43.453779742634445,1615.43865071141,1298.2225960190228,0.8670896863356272
8668,156.47392516307025,-43.49593438720507,1664.8040605171661,1297.4870108962857,477.1809714005172
8673,155.32860614409407,-42.99986745195608,1098.7987615307545,1298.6284438042348,1.4638179106297544
8674,156.12930659631292,-43.35118581892591,1496.2682236586918,1299.529892873831,6.4725073709273255
8676,154.1290817620551,-42.46891930305766,497.5652124589267,1299.8983814984354,19.09622985395905
8680,156.971023727784,-43.71345585791216,1909.4371503126656,1299.7954471807143,1.747679695314668
8683,153.76160793867768,-42.30630993757063,312.3851279443374,1301.492986864132,5.636840635305984
8686,155.29156369933588,-42.98759376116567,1081.4665356310811,1300.6452836291612,4.408677089521836
8687,155.30784987034727,-42.995237773406394,1089.7169119921255,1300.884597009222,6.654629761887529
8688,156.20526830091268,-43.38741653925192,1534.6374094262483,1301.2114299686848,96.53371853115843
8689,156.82112403073643,-43.65084887254751,1836.578982366358,1300.4946262927592,15.58667531738826
8690,157.21094366530787,-43.81886399733184,2027.2445561686523,1301.4919178400944,5.190620728339596
8691,153.17355417527747,-42.03915738877129,13.085727473757014,1301.7397365057434,1.8679362167680977
8692,153.7899303387846,-42.31931882979391,326.81224306220537,1301.5879804202143,4.0798696718734195
8693,153.8233931623381,-42.334567655161955,343.8189077580847,1301.6440411465412,26.346033707071
8694,154.46379380895107,-42.623272539289694,667.6253550383605,1302.0483429130172,2.728639285811082
8695,154.93551174003773,-42.83357721428145,904.5252535228932,1302.2505863030499,4.904608957675378
8696,155.02269320017567,-42.872986529583024,948.3714980848129,1302.6596497403536,29.69374984118168
8697,155.1897010582314,-42.94532615105304,1031.3965023198175,1301.950878735774,3.7786217645784776
8698,155.87698271617288,-43.24587481917753,1372.7730272546405,1301.6709031886242,4.550247726096171
8699,155.9000171927524,-43.255275394675614,1383.997662366806,1301.3576369328848,1.1859541412053496
8700,155.98046673961585,-43.29253904039754,1424.4045076635707,1302.5060562560857,16.020695336567282
8701,156.15843717792225,-43.3693735002178,1512.1602067337867,1302.3293982198034,117.23363862256988
8704,154.18688389747706,-42.50115319230413,528.572788451687,1303.0232988543587,2.2079404634103943
8705,155.47917580322306,-43.074222409242545,1176.0422990972586,1302.753510624374,1.502281639678802
8706,155.61207283571304,-43.13210442719039,1241.9802648373359,1302.5891145757594,0.7670431193274321
8707,155.83822930460295,-43.23233981976131,1354.5140328268346,1303.3477161850656,4.383774009661487
8708,157.19315594016393,-43.814989403883466,2019.564719240489,1303.3440786155347,3.08654568283556
8709,153.46146444149085,-42.17538631194346,161.3624915696601,1304.148547395923,0.965577347125019
8711,154.27256449339603,-42.54156034565018,572.3809365020935,1303.9979853277166,3.7082071417300178
8712,154.50520391580696,-42.64507361043466,689.40978206288,1303.6992323138065,1.838797282488985
8714,155.9602343112709,-43.287249806366,1415.3682155393396,1304.2648184236177,1.8756134409575356
8715,156.38102529657337,-43.469552681008444,1622.8512835480465,1304.3450599734526,5.057169616625065
8716,156.93144327203382,-43.704973000465074,1892.360712440017,1304.024754574796,2.1677402206393515
8718,153.49788156658428,-42.1932549252091,180.28370959751865,1304.7956430518561,14.858757412750712
8719,153.90150858541,-42.376763824345524,385.42225449870034,1305.0871490139693,7.174572634404316
8721,154.14710859059514,-42.48690757096793,509.52970409639994,1304.8353907635958,1.8794172895861576
8722,155.08427847112227,-42.90385326729183,980.1803497460204,1304.484298400323,1.4592615512646714
8724,156.1213328786605,-43.36009505570608,1495.7204580946661,1305.7421377394874,35.76085294533984
8726,153.28514522382395,-42.098174033603605,72.4258192349349,1305.7293885539461,2.0225509175642835
8727,154.86927190848078,-42.81285276756353,873.8048198781928,1306.5754952559691,0.9673475717186679
8728,155.81269513087003,-43.22655752600753,1343.3475230540375,1306.0297906983888,2.2956282710927027
8729,156.85672680531437,-43.675924564034844,1856.627604650246,1305.459381490499,2.7402572092827624
8730,157.1712140457534,-43.80989782120676,2010.0080214601612,1305.472976148644,9.57027321102503
8731,156.17630458207788,-43.386699431594494,1523.5917971723854,1307.149169279137,3.830148728002633
8732,156.9114384612499,-43.70289378523898,1884.320409516515,1307.2764477375765,5.23715651821971
8733,156.9712790535978,-43.7290080918359,1913.6878510025535,1307.5746119358798,2.5436422446380735
8734,157.11990620439587,-43.79088178400232,1985.767868281803,1306.8746492293717,2.0111560031030664
8735,153.3655563372068,-42.139020621181245,114.65708089183167,1307.800380491533,3.7876477712849033
8736,154.88256856781692,-42.82263739648803,881.5657821551041,1308.5216192424082,2.7046340652099383
8738,153.29851909687616,-42.11068661918457,81.1389138084752,1308.9215474429761,0.9045631446651333
8739,156.60523035380908,-43.57508212425066,1735.380495555753,1308.9110022312486,10.861291508769963
8740,156.77526651912265,-43.64885488704002,1818.8834472034378,1309.3650491589206,2.501680959578395
8742,156.8862975346261,-43.696235041408514,1873.13274623498,1309.3273893294718,3.4265876495623844
8744,157.06307267403875,-43.77177943625667,1959.429746190052,1309.4278369489864,7.286287515460164
8745,153.46021048478192,-42.18542552080325,163.84209218012194,1309.4377364855727,3.6573864630038475
8747,154.0421676182191,-42.45024290560483,459.53754699355943,1310.1049150098856,11.287663892746636
8749,154.53203490890849,-42.66983046992697,706.5605809920298,1310.0892877396002,4.462369784064161
8750,154.95322586116313,-42.85785062403773,918.0368368692698,1310.4755164115625,7.424024682875054
8751,154.96832674331654,-42.86335692273417,925.2576273562684,1309.8847144428757,2.3954741597848153
8753,155.44885902437923,-43.074903204458415,1164.865505320707,1309.763572660195,13.194774685655291
8754,156.19236391512086,-43.40010994743504,1533.2722022154128,1310.396076627216,1.7238120118307343
8755,156.61529389479912,-43.58266965310957,1741.1955225461343,1310.5553538971387,3.6366109981806187
8756,156.73427329208,-43.633655510175146,1799.458751054719,1310.546299665052,17.856069617140683
8757,154.37226385458297,-42.59979704604628,626.5425204193156,1310.7781677250302,0.9182102097343838
8759,153.3227559317816,-42.12823043491182,95.41113961920021,1312.1515791453085,36.724334795787996
8761,154.71923765951234,-42.75754448873974,801.8137304860838,1312.2452205291252,3.4178914368061712
8763,155.29548672823736,-43.01149482347232,1089.6354167142752,1311.7593099865312,1.136058707004487
8764,156.00666411954495,-43.32236362948681,1442.4164150860133,1311.7708934847149,7.358124113844509
8765,157.10455597017676,-43.79534229760463,1981.2147526443653,1312.4104196056871,2.583802302880836
8766,153.84629553401797,-42.3676372236511,362.0439678796477,1312.9806168499608,9.917673679500234
8768,154.47676052364613,-42.651273979802355,680.511923833362,1313.1517773984008,4.137755132482171
8769,154.69345510133132,-42.7465020554321,788.9988038305113,1312.4588867402406,62.93665412121853
8771,156.1163115338442,-43.37250136992822,1497.237076520002,1313.0682502024104,0.8412267872998861
8773,156.62243929267018,-43.59121480810285,1746.1760289677302,1313.312046000034,2.2599758807995696
8774,157.2007848802257,-43.83752413834535,2028.396786866193,1313.070600753685,7.004595804143959
8777,155.0358903412724,-42.90144747447161,961.3539266063727,1313.9902696880051,2.8599655723362534
8779,155.6267247357486,-43.16145357974975,1255.6231016544577,1314.0980007507515,2.500480803097438
8780,156.8826106045837,-43.70526093786071,1874.1709861486518,1314.6650415695656,3.0639531460091156
8782,154.88284647552447,-42.83649714386729,885.5968251708313,1315.3977095215846,3.1737962182961206
8783,155.01990641686118,-42.89718139320443,954.1561721506433,1315.3933893944409,0.3888060947809359
8784,156.32985866696484,-43.46880351963944,1603.4895735409898,1315.063740357151,3.973905434507143
8787,153.85549114033856,-42.377600938933746,368.39434288983466,1315.879196268922,14.049701124093348
8788,154.13755069161454,-42.50392499817381,510.8586319239568,1315.48149030549,3.153861309368123
8790,154.53598858839814,-42.68391946578245,712.0725017607236,1316.2522195866384,1.5924354780977805
8791,156.42116916982968,-43.50934054525114,1648.6887133342732,1315.6530861164395,2.01436034513226
8793,156.9654067989082,-43.74304682148512,1915.242231380762,1315.9063873676612,1.23419089384117
8794,153.23260018070093,-42.097965335907325,52.641542975816954,1317.583585539766,7.985586283201471
8795,153.26590342835547,-42.11170694403794,69.19838187879498,1316.8497125585466,1.678232809817319
8796,153.69896870264796,-42.30977041510672,289.8834907726163,1317.373335771748,7.895628590606433
8797,154.64235128807601,-42.732363980552755,765.8010805548624,1316.766575342881,158.04214092813757
8798,154.8638499305838,-42.83147066177954,877.0483210346913,1317.0983666610591,1.643784809832933
8799,155.45770160031168,-43.0934383601552,1173.350859966614,1317.11211477617,2.3633902730856087
8802,156.12249975319423,-43.38302032136312,1502.4347440630447,1317.0060235258431,5.6642214284023655
8803,156.19028663948697,-43.41169482477211,1535.6600432144985,1316.669106058548,4.1351190338325035
8804,153.90737389828647,-42.40417346728353,395.5894684351634,1317.446622918319,1.5605195059093395
8806,155.28251605946775,-43.019348059208845,1086.9735664468838,1318.5554065419462,4.047101489602654
8809,153.31941845719865,-42.13991078081782,97.60269726604605,1318.7302623785833,4.335574292568361
8810,153.58188673012546,-42.259593642562876,231.27034718549106,1318.8362245475107,4.480861918233591
8814,156.4075399773119,-43.50895685651418,1643.4833027640668,1318.412310728025,12.762783688522621
8816,156.7316584320478,-43.649565731407385,1802.7604313557201,1319.1175779545376,4.9940569827975745
8817,156.7818094501751,-43.67003384908045,1827.0208395730979,1318.6171455926137,3.645983579269136
8818,154.99963687407853,-42.89901806759503,947.0746464349018,1320.8024387165372,1.6485508035772696
8819,156.23711330737424,-43.43907792818655,1560.6687209931279,1320.2541618836879,3.9341803355194185
8820,156.6584249938122,-43.6197816462262,1767.3453219006874,1319.919412702396,27.0998931026392
8822,153.19018068664104,-42.083935062118385,32.57551846396314,1320.2544506540476,2.909928025217553
8823,153.36183768305654,-42.163284530009975,120.40858335735197,1320.7368085866835,5.675089651126961
8824,155.09609828349826,-42.942120400967106,995.3944034487462,1321.0363124209684,130.73484769182994
8825,155.93273142448416,-43.30947563736548,1411.1812464477641,1321.4279700354436,5.208884033463915
8826,153.76894108209981,-42.34954114857389,327.74560406276095,1321.4064836533257,49.657235596456786
8827,154.1149192478287,-42.50742438848986,503.3790718789658,1322.310874835917,6.223290473085696
8828,154.82327919093333,-42.82372023540536,859.6369390764679,1322.2282915476296,3.3016455792360113
8830,157.05339766319258,-43.79320755702674,1961.5215006649,1322.2972028712204,15.773097566330799
8831,153.24185970432538,-42.112956716893486,60.54528412400276,1322.9435477745772,8.124606139009469
8833,154.38971813760304,-42.63158781366195,642.2167642614538,1322.7635206663242,23.260245517865158
8834,154.63839560531693,-42.74323457597446,767.4169311075652,1323.0849349542116,421.31130486820405
8838,156.38076183998012,-43.50792482640864,1633.181363037354,1323.6950614562659,2.684697023454774
8839,157.1482833960574,-43.83660903306965,2008.5313320589282,1323.8417082222097,3.731635211464842
8840,154.17798662294302,-42.541003489370354,536.7335055148515,1324.9261141664456,24.664301725202332
8841,154.43679877108917,-42.6581570060606,667.4942782319588,1325.5198985082266,21.851263388150937
8844,153.9422744059733,-42.437604283864154,418.3924613320647,1326.2721382499992,1.2938758216601203
8845,154.48537995993394,-42.68153114624252,692.4079889947824,1326.353841929102,7.2581450560971925
8846,154.59782746649228,-42.730394333376,748.5413745193831,1325.7022302650892,255.4791724487767
8847,155.05642993436567,-42.93457300232352,978.3976030732356,1326.032231701687,2.072832398292789
8849,156.60073884382467,-43.606803062341946,1742.2651456431831,1325.8397836363795,1.0787356910263093
8850,156.96081214082872,-43.760937056630965,1918.3038747297476,1325.9027582572353,59.43446718856117
8851,153.3524803651521,-42.17138033196213,119.2826214169958,1326.8965551572448,9.813194302307252
8852,153.40267891650177,-42.1948272262299,145.01753058835214,1327.1803889553626,5.825411939511154
8855,153.95464509011268,-42.444971433597225,425.1709688281254,1327.1644497212214,1.3296973006048727
8859,155.95459213650764,-43.32932538751731,1424.8287246469215,1326.6239854634211,1.4504513686208582
8860,154.30354983056458,-42.60249384287756,601.5409177452149,1327.5045436782925,4.517419802611798
8861,155.42910229401244,-43.10278546748566,1165.2420210004561,1328.0888481068941,2.0783616843174495
8863,153.51907488181672,-42.25119125802133,205.24129310619296,1328.874544832752,2.9031930643489283
8871,155.9723204610025,-43.343924350228086,1435.4803205056883,1330.087132566078,5.0600157751389725
8872,156.01000737476846,-43.36068793405975,1454.1942266212102,1330.2883016425274,0.9236950790637544
8873,156.19714107787553,-43.44113294859193,1546.2683227638909,1329.9708265380089,1.428092613314047
8875,157.1477928360652,-43.8488768619064,2011.6070378828251,1330.128208799226,12.276055292069438
8876,157.17039567366012,-43.857970185890714,2022.4663196172648,1329.8745656264946,13.544383352853501
8879,154.36914682125825,-42.639469940102316,636.764704766414,1331.3029152775207,5.234906436496748
8880,155.8860996996873,-43.30885217761553,1393.5483941021082,1331.2954780623913,1.313675922946158
8881,156.51486676975344,-43.58144335781276,1703.2904336591125,1331.6366655425243,16.592240867821022
8882,156.67915018401808,-43.65134633702214,1783.6021329676921,1331.3316830427243,2.731959644926724
8883,157.1069826559555,-43.83374245406758,1992.3368306379741,1331.2382688634418,29.178367159267207
8884,153.97325103222877,-42.462989065501546,437.37655152482864,1331.9705017734245,9.501459646347607
8887,156.12786977665655,-43.414445874934366,1513.0471082775318,1331.6243534874754,2.4003334261025735
8888,156.58576964946914,-43.61364787071501,1738.5148647571832,1332.515090564641,116.98975565186811
8890,154.47103853147897,-42.689061647055944,689.1865292902228,1333.3202401899985,5.178556363106273
8892,154.72283337222802,-42.80059238741117,815.4091979889574,1332.9813866933268,1.485038861890579
8894,155.29742413746652,-43.05490887723136,1102.5233035616307,1333.0882890726386,3.913495699324868
8895,156.2126557431875,-43.45369888406079,1555.505588414262,1332.91367698506,52.0260737265172
8898,153.27165321581572,-42.149241381392116,82.4358944778822,1334.23928040206,11.441567125701443
8900,156.925239677763,-43.76127969994335,1905.0997152211182,1333.7125405978397,3.5155141370031098
8901,157.11829144254077,-43.84434917168695,1999.3822332908746,1334.1608659366113,22.874456818625116
8902,153.51491144793854,-42.260900744860635,206.5282802786043,1334.6578543970404,3.9055258797536188
8904,154.60272548877685,-42.75061286502935,756.1476388530749,1334.7213895791326,3.014316279212066
8907,155.70699728457276,-43.238359709383225,1307.0171815410831,1335.0861420942185,2.612702773023586
8911,157.14974377700793,-43.86009126152727,2015.3146295425543,1335.3612164650058,6.229189697934572
8913,153.2971278724838,-42.16382231577146,96.2923214803012,1335.7101082589984,10.0845016116809
8916,155.23317151252076,-43.03293263628089,1072.2916974397533,1336.246187192341,56.28778735949512
8919,156.48840131955913,-43.57827498177805,1692.5343627847758,1335.7656589965234,20.059112147404306
8921,153.66929003609917,-42.33566074976064,286.31490956473027,1336.9941635533064,2.1309669181877577
8924,154.20727613516357,-42.57860302425668,558.5615523000112,1337.137652950143,37.69079214772623
8925,154.2788853604358,-42.61178471249381,594.96545256934,1337.668691843662,2.7884933419360243
8926,157.1590755282517,-43.86671902654049,2020.560341969505,1336.7043112862716,1.2271171065681352
8927,153.5524333209592,-42.28449505652768,227.51865913874443,1337.9202670914076,34.56122992039251
8928,154.26004485867023,-42.60515747181451,585.9948067589172,1338.5773788488243,2.7506792250140104
8929,155.60963881782146,-43.20163899085596,1260.3802368370764,1338.0020760529299,1.2366771946476294
8930,155.82355106106846,-43.29401028920308,1366.0390499879056,1337.5110863795871,2.8258678563487467
8932,156.89554351086068,-43.75761302043128,1893.021316456254,1338.2445457858769,0.5969085030370682
8933,153.4022352384611,-42.21798730493812,151.66508473684038,1338.8218148039346,13.268989610193058
8935,154.7439714923304,-42.8216086649188,829.3078956208927,1338.7943943146286,4.322328430048943
8936,155.142340441157,-42.998595334279294,1028.618821646514,1339.09926708155,4.21098966319157
8938,153.30102508745435,-42.17456809128371,100.9231982973883,1340.1770183302353,4.993455031342882
8940,154.91645015427804,-42.90104444998991,916.4687438807686,1340.2510544890645,1.2832062719839472
8942,155.97686261601842,-43.366829189350426,1443.4757831623692,1340.596711846506,7.3265373264817795
8943,156.27591768943913,-43.49489591289724,1590.4097422266868,1339.8799029972831,7.33832926496715
8944,156.51835043867217,-43.59945738734613,1709.467971262353,1339.9426495796736,4.4917764565876315
8945,153.15560060347354,-42.111226307602685,27.679469014479935,1341.7214574601019,3.868887764988497
8951,153.77872856468167,-42.39736439030962,345.3571265889123,1343.0540597830839,7.522879402467658
8952,154.26998979782888,-42.6183149524094,593.5100472930516,1342.922717751997,95.18842284646885
8953,154.69550999217228,-42.8086313056286,807.4561074196181,1343.0797983308182,10.68433215305334
8954,154.7937410158317,-42.85179944256433,856.5341025335879,1342.8387878432761,4.133226010287153
8955,156.54560410129994,-43.617950685200604,1724.6592682617286,1343.353840420406,15.403329418938954
8958,154.4572033614933,-42.70304665730699,688.0052775880299,1343.399381890039,77.73588981905935
8960,155.06660365339238,-42.97475227434867,993.5351717830935,1343.9003500863532,104.26087975589039
8961,155.31530660709979,-43.084695945580236,1117.561485852651,1344.0732324081023,9.408369106061693
8962,155.94117322841447,-43.359062504187555,1427.9853273320705,1344.4802298574955,45.19989670520312
8963,156.53245262331973,-43.61376810433111,1718.6116737635487,1344.091694974482,2.211962578849005
8965,155.58184271780652,-43.204409374027016,1250.7429611393452,1345.4879034575997,4.711659384247496
8966,155.6613272333632,-43.23889999321259,1290.069169437044,1345.360304017456,13.36445790899644
8967,156.99943733332086,-43.815364072487256,1947.2657596079619,1345.0249254683376,11.21555491634409
8969,154.5166300362722,-42.73491852737219,719.3965515490122,1346.0682359213088,6.717327023362972
8970,154.5652159990066,-42.75748370854959,744.0509530547799,1346.5156251964172,183.3581055351272
8971,154.5823473685843,-42.762611551416875,751.9344596478492,1345.2615055862168,2.743322062009201
8972,155.90994493921215,-43.34916164307134,1413.5756760454847,1346.3233640008486,51.60933783799039
8974,156.32863004786168,-43.53096120508417,1619.943164405957,1346.5723151500652,1.8317463634709807
8978,154.1241467133137,-42.55987949004096,521.9958908991948,1346.4325640221673,3118.7270214449795
8980,155.00271817465108,-42.952771970412684,963.405919050368,1347.0315095061362,1.6705473897529124
8981,155.74550271336278,-43.278706768417074,1332.5974191194236,1346.8993557988867,29.097345690975054
8982,153.1086158997671,-42.10296350966123,7.617293262590647,1348.3131892058248,12.07266941552171
8983,155.567802662283,-43.20248771169642,1244.9531707738295,1347.6044189430152,2.1184799271114523
8986,156.92540076678426,-43.78916641539968,1912.615589641316,1347.7183298517027,14.111214940361972
8987,153.46861231977442,-42.26603265127502,190.67439279962076,1347.7080476006402,2.4666179707215825
8990,154.80683253354408,-42.870159728636025,866.6495959235644,1349.116978851237,80.001015112578
8991,154.90781211754359,-42.915805748596476,917.4095910577405,1349.5533929124447,6.799648187353647
8992,155.0168539971996,-42.96290092931621,971.5590281373517,1348.9732032544637,2.0803813407648106
8993,156.01633798815908,-43.40120634570585,1467.686667946579,1349.2537460375072,81.88602450308895
8994,156.17861301119456,-43.47112384198608,1547.5291790125134,1349.0633091819657,35.09270606742569
8995,156.34816325899516,-43.545349374382994,1631.1597448115933,1349.5701100678211,9.684186336039485
8997,156.8132189526068,-43.74464744722879,1858.78839062022,1349.4126615135733,7.936553119590296
8998,156.97282846782863,-43.8119318456684,1936.4115042476133,1349.003155982901,140.43834456871872
9001,155.15289736646304,-43.0238221894618,1039.6661344203897,1349.4013136808885,3.4932248469233516
9002,156.39926534126576,-43.567792189049094,1656.362207896627,1349.7821458854653,149.88352987855887
9003,153.6468327883886,-42.3532360411767,283.03286410055966,1350.8337386615558,1.354206068918189
9005,155.08453946844094,-42.9967291163033,1006.4439326786534,1350.938099507823,9.489561797185225
9006,155.7132361198997,-43.27300398355862,1318.9442468786376,1351.099454067814,0.5484550896982896
9008,156.2867297440782,-43.522829881914745,1602.0626481281229,1351.5709167889868,4.462286391606224
9010,156.8535930003685,-43.764886538704985,1879.2955301943741,1350.919434745524,73.77233783046862
9011,157.12024441019776,-43.87907939229397,2009.3430548543859,1351.2387331688353,34.23973572232863
9012,153.54540301289381,-42.31019682857016,232.41621936565096,1352.3232444283872,2.702564065208664
9014,155.1937038418722,-43.04789131738432,1061.7085339558882,1352.4473897296966,1.3976376055903372
9015,155.4988898389255,-43.181420149870185,1213.29709581098,1352.1689617673694,4.001169168406657
9016,155.95177811905546,-43.378698157640606,1437.3529294502111,1352.0241076381526,2.2357328366863713
9017,156.899830582409,-43.78560355217953,1902.1119392637743,1351.4147090863025,1.5863646814335584
9020,153.92757768838035,-42.48386147231891,426.31025104617987,1352.6649855337043,1.5357899496584058
9021,155.43157759870047,-43.15355514523011,1180.3352235879215,1352.9924421514227,4.599185426616882
9022,155.66150364492654,-43.253997780200564,1294.3204829459316,1352.8938762119242,5.494930593051929
9023,156.53893372059395,-43.63503382807792,1726.7843568825022,1353.3851688672771,23.893843404534216
9024,156.5523143202256,-43.64137377713011,1733.4984779898111,1353.6834534235509,12.7509479303283
9025,156.9111216259625,-43.79405624604399,1908.5896899116276,1353.2454051330983,11.795517281094327
9026,157.07099802573478,-43.86206695093776,1986.4326195974122,1353.2110180957643,4.5122906799615565
9028,154.56025091157048,-42.77015810042026,745.8102280330058,1353.9583562342941,3.6747266258344777
9029,154.7743500267336,-42.865655157089,853.2036648766284,1354.077128301241,2.9679092055325267
9031,155.59447614429854,-43.227808189411085,1261.9710892782314,1354.4501173426509,22.753950388940087
9033,154.30472547660247,-42.65901647932103,618.2345308234356,1355.4790154877076,3.9900454688009006
9034,155.01623573967356,-42.97442968349625,974.5802240499515,1354.881052009051,6.869376897195217
9035,155.03522962483058,-42.9835114256002,984.2541410339919,1355.224909578297,3.2502332522274395
9036,156.03972827620822,-43.42187460861742,1482.1060498757731,1354.5369763063934,4.145406382826557
9037,153.76173531180726,-42.41582714545478,344.3688861374271,1356.096539225001,20.480134871471478
9038,153.7741275351162,-42.4223975744399,350.92772890414284,1356.5777987848478,2.543023532803732
9041,155.44963297003287,-43.16691141871273,1190.8182280795952,1355.717831738449,1.7811736175038098
9042,155.6883484164084,-43.27132377502757,1309.1662946589836,1355.7047726705794,1.6560278264834312
9043,155.97602186114727,-43.397079490989974,1451.4732561211197,1355.966163136295,3.7838614661417873
9045,153.19422350791368,-42.1608132146631,56.825280218441534,1357.6168330014484,131.38373875634872
9046,154.51109894377922,-42.75509384614336,723.0931723892159,1357.386265498043,13.89063156573042
9047,154.82735278096982,-42.89631245383676,881.7535476894126,1357.6456219392956,3.5429742769734376
9050,155.74593446399257,-43.29976556697699,1338.582716736967,1357.369178074808,292.39263988909994
9051,156.51567119140208,-43.632547684841114,1717.4188598894946,1357.1602704361537,13.728435544294916
9054,153.96898214632444,-42.51343427578479,450.4056512339287,1358.1067614608903,4.10042795456308
9055,153.99167671196622,-42.5226995312306,461.59493422726285,1357.6275407306111,3.522842852247951
9057,155.92113481308647,-43.37726560647502,1425.4968345381878,1357.9877343318499,8.320150490540804
9058,155.93730154591714,-43.38471780377532,1433.5934291523174,1358.202217670792,26.835461453598832
9060,156.88491025719424,-43.79205729037831,1898.2664564198285,1357.8673995521058,0.694182460899253
9061,156.9897643453869,-43.83816379549034,1949.735449554884,1358.579254497611,151.71508567463124
9062,157.12520587662962,-43.89462454861023,2015.325768837124,1358.0075671429042,8.08763075155281
9064,153.81970350485082,-42.44781143382297,375.4072909868792,1358.9765894162363,60.6190271227426
9065,154.02392370234426,-42.54095893407896,478.96649873500076,1359.4926556057953,3.2995575933652477
9067,154.92593634797404,-42.94296895907356,931.8812777837177,1359.129634490629,0.5050012823949757
9068,155.3105173488303,-43.112372963932756,1123.5147170390703,1358.994785728746,48.21505121024199
9069,156.6728555192711,-43.70394156800903,1795.4138367315118,1359.1481686465659,2.489967379272746
9070,153.4906409825774,-42.3012218073817,209.261258973239,1360.251643027697,6.8007984614754795
9071,156.45810324065513,-43.613370422405524,1690.714992884836,1359.9621781585083,2.881272392643838
9072,157.00975565485882,-43.85032629162139,1960.4419778950478,1360.4180121127777,396.95034558978074
9073,154.25089384734395,-42.64592620854246,594.3018983101322,1360.9893762934744,2.6962659192914766
9074,155.4191252804147,-43.16430470192718,1178.6737865654882,1361.1172408413831,2.2636431563580155
9075,155.5315681423759,-43.21336993384375,1234.4182401554292,1361.0111067982557,45.61836171063184
9076,156.0291568017038,-43.42994437253729,1480.366127438278,1360.8901476735432,3.475161300775637
9079,153.67374492538684,-42.388331145071525,303.37452488359054,1362.249862604235,3.80651135544613
9080,154.53931108464553,-42.77724853708162,739.9922401409682,1362.1695877587633,23.00123934066003
9083,156.2801940754628,-43.540518324631904,1604.436670316138,1361.875582942464,36.11314599332731
9084,153.31079196363154,-42.224995363776046,119.45235086492309,1363.0743294790557,6.311926047933699
9086,154.1529277228113,-42.606573819006805,546.2620522920272,1363.2897791661574,11.30731547878489
9089,156.13665141759435,-43.480460940595975,1534.3912765105576,1362.8713220971663,0.9041553728759713
9090,156.5707544911406,-43.66815177858427,1747.6223050974736,1363.1677381498923,4.348282232300654
9093,153.95850953899935,-42.520590901966855,448.55749136588713,1364.033022732179,3.1498669343019547
9094,154.19710824095844,-42.62737708396043,568.8113071555874,1363.7736623747162,2.567715463984802
9095,154.49210033841348,-42.7601681684905,717.4286250535395,1364.1595518650852,5.734622160422693
9096,154.66334859982317,-42.83713629721081,803.5238788898556,1364.4886267027198,9.453434247490433
9097,155.40370289879922,-43.16389602693586,1172.7887028501088,1364.3032923543053,1.4072489391166265
9099,155.44770834392472,-43.182516588914844,1194.4487629520443,1363.9617431684044,4.194189386410593
9102,156.84974780502912,-43.78989671275245,1884.5586843999947,1364.332999457945,5.470795554921798
9104,153.09862338662532,-42.13214536740243,12.518650651736548,1365.1157419279116,1.349701941648297
9107,156.32332084436464,-43.565905674007375,1627.4637245503034,1365.282664895685,15.602535419384893
9108,156.39854495606963,-43.598400426966435,1664.4009353484637,1365.3219668930972,8.494325799542128
9109,156.47063280402494,-43.62923012135105,1699.692766248471,1365.2256243364027,25.15138650843041
9110,153.0820749097474,-42.12607141655382,4.518684311951651,1365.8639789479387,1.4372927896160774
9111,153.37312152042153,-42.25991446564306,153.08979238776854,1366.3160797147211,2.162485873347578
9112,153.46602839710152,-42.302158424473674,200.31452053716697,1366.2945039415317,6.957008321263876
9113,154.90342487105139,-42.9467505694064,924.52283061005,1366.010163099775,3.0300069553267406
9115,155.76913403839143,-43.3258511794488,1354.4710302974026,1365.3814615290337,11.101773164672112
9116,153.184343972253,-42.17593698510358,57.59483184610733,1367.3944247906113,74.53651234965766
9117,153.2085275281552,-42.18579509294251,69.56866797703975,1366.8001116364824,1.685192270338478
9118,153.35907473353248,-42.2547505754902,146.30735036156838,1366.9316196562838,9.890250408379941
9119,154.4229595454696,-42.73512312044505,684.3656639406984,1367.07408498131,7.524372783172914
9120,154.6918602988355,-42.855709096999206,819.4860512579241,1367.434423880959,18.24704723982235
9121,155.2006847117395,-43.07917164031375,1073.1030583880492,1366.5726720830044,17.733869751295238
9122,155.3294664091711,-43.1369603884173,1137.4850581822325,1367.140194945414,5.088785696419298
9123,156.01243553084944,-43.43464879359163,1475.4050270178063,1366.8927180309086,6.772862599294297
9124,156.62795149016986,-43.700597354868634,1777.7406776494254,1367.1452531629093,1.3379082975236736
9125,157.0067965996487,-43.86182483965256,1962.4028151041946,1366.8416208667556,11.496813680984369
9127,157.13409380009455,-43.91718311091001,2024.6345986632966,1367.469068220067,8.469038377968705
9128,155.49293896768108,-43.20946873131523,1218.8801218790843,1367.534995582531,7.295631810440034
9129,155.61717538760155,-43.26490031099524,1280.759819639561,1368.0726750207143,5.31452740700306
9130,156.35805465192644,-43.585085183805276,1645.65635113035,1367.3960856402073,2.7899805973472454
9134,153.51043033746484,-42.32774783383323,224.45774374037555,1368.9876649186228,1.9841464257288806
9135,155.9472975984592,-43.410317342908314,1444.37034390603,1368.8711906967171,11.322951188038921
9137,156.79646565445518,-43.7769528443098,1861.1966538085383,1369.2715072497233,2.210917793387691
9138,157.05695665327303,-43.888547626971686,1988.2396016103414,1369.5529492678577,4.151238545637526
9141,154.66566474731363,-42.85013931080631,808.0935450317531,1370.4747577928374,0.622058727150943
9142,154.75164778228958,-42.888206995232174,851.1080175737413,1370.3990885547116,0.5573152510704329
9144,155.11701304414015,-43.04859290446868,1033.1983930689357,1369.729109651699,15.036135104517692
9146,156.5669161563873,-43.68015901988495,1749.4311578979887,1370.0335886482346,46.47786367432794
9147,156.940200675054,-43.84044226069459,1931.8426945681238,1370.3549847747017,21.536598119525234
9148,153.08171644455132,-42.136350619128066,7.431183427008638,1371.0612907204634,10.16968678554412
9151,155.5881597855508,-43.25779312532776,1267.9346058513404,1370.8686621352424,10.719994139070142
9154,153.56553017618296,-42.359098699951865,254.2853548006017,1372.14059831268,539.227549837085
9155,153.857947224213,-42.49111038999676,402.3295321781155,1371.9571731661538,4.345678525919251
9156,154.12547842827522,-42.6118595315257,537.5072266877615,1372.0839633081603,1.7524087588251271
9158,156.48660523800356,-43.648628010094356,1710.9112794164046,1371.5244379677079,1.0422570387365555
9159,156.82294264213618,-43.79230439848156,1875.1968345515245,1371.3044231110127,3.1040357488546335
9160,153.12890012916546,-42.16237982066676,32.81505511791722,1373.2670362341955,2.078190991263022
9163,153.38372212000453,-42.280410819254485,163.09175697232,1374.1201870970665,34.57732742547556
9164,154.30950853888234,-42.698671146741525,631.4239743222312,1374.2155815840808,3.4703526433197207
9165,156.26666327741353,-43.559348227199884,1604.5090383662655,1374.2691480280034,43.15051324135935
9166,157.01119671850725,-43.87885891943491,1968.58507103805,1374.4749225866367,4.364533134982857
9167,153.3008429239496,-42.24447369030214,121.46726888424426,1375.0340229443727,11.407908625590213
9169,154.40996589855885,-42.744918799312586,682.3078110415064,1374.8691775091163,43.064145326548676
9170,155.32061236257468,-43.14864711935713,1137.4413562761022,1374.9435478783084,6.504388770549634
9171,155.61218132685588,-43.27596119912145,1281.9611847987346,1374.7125440650896,0.5526459215302955
9172,155.78316862511997,-43.35078462898915,1366.6062982286148,1374.8210689696518,5.390124091684503
9175,153.4909454623957,-42.33253538656541,218.56405850011268,1375.7851448277722,5.339654511434163
9176,153.60813023715176,-42.387335732563436,278.5054935816118,1376.5802422603747,11.150129323823954
9177,154.32531841985937,-42.70956253677269,640.4723922834427,1376.1201683254274,4.615982913425433
9178,155.66219523216338,-43.300711109363505,1307.5252657256692,1376.1678728720478,10.660191908362226
9181,156.90859050012494,-43.83784799377893,1919.3529856721905,1375.8309884585042,5.871209801877994
9184,154.79131071300196,-42.92005196377452,874.994394935457,1377.5188491035976,2.584681428305206
9185,156.49153765068485,-43.66209479788561,1716.3979970334865,1377.2280024356905,4.876606872793219
9186,157.15052811159052,-43.94421099213446,2037.940315375374,1377.568512590864,14.032628052231157
9188,153.88665775334692,-42.516686620604354,420.5139744731279,1378.2505531043462,1.285921181587585
9190,155.11408360454283,-43.06510509142091,1036.747029329413,1378.6423181753512,2.819888882507442
9192,156.33164919332174,-43.59520056663773,1638.5411165088824,1378.1971560690406,2.3174678750357716
9194,155.00269204528666,-43.0164096848134,981.3546312729969,1378.8882543304073,14.371793087404876
9195,156.13857448911355,-43.512623831040244,1543.9037416051553,1378.6041050805284,4.903675795778814
9197,156.7537785970151,-43.778283398326636,1845.6196741301103,1379.1211649125541,43.329313956135586
9200,153.62216890222868,-42.399846554878245,287.4219370806836,1379.6427505152358,0.9231204302802101
9202,154.82238943195193,-42.9385730720249,891.8774414067829,1379.8862270510513,2.8895735584410858
9203,155.08997979976652,-43.05726492179914,1025.5237290389143,1380.0411802448066,1.1631359031407753
9205,156.09625328320863,-43.49791404223691,1524.0682333183065,1380.4161056115138,308.5321465529379
9207,156.5641892912788,-43.69909191112356,1753.5254460139747,1380.1409763218119,1.6721277614376118
9209,153.38673027615837,-42.29640844647361,168.92439690360246,1381.4057727971503,3.4175166272040665
9214,154.8322968176552,-42.946150176951306,897.7323729254156,1381.4785435632598,61.92399552723806
9216,156.90042481197008,-43.84720807935791,1918.8084498471633,1382.2938360279766,45.84355937656229
9220,156.0224369677974,-43.47386545231076,1489.9010586526185,1384.400244485588,1.6741722477845673
9221,156.52119723850396,-43.68651817311283,1734.0780163478191,1383.0991727148062,5.59192080032569
9222,153.1868654229689,-42.21001222536379,68.6128439994096,1383.782885862369,8.469335073832706
9223,153.4943175354664,-42.351067866334084,225.2639068183434,1384.2547073351645,1.2450182117557922
9226,154.91717886909802,-42.98947650149356,941.7549330710333,1384.339309397127,18.59996499683257
9227,155.38692950283394,-43.19655227340165,1175.6305653471384,1384.3529021007266,2.4844963969076552
9228,155.59436752041069,-43.28726799167817,1278.4387557403575,1384.2840536503068,121.39594291264119
9229,155.85356540531765,-43.40020842882646,1406.5531290829863,1384.241441102168,5.340757083521507
9232,157.0070848149576,-43.8958882922539,1971.5894636428447,1383.9287849232144,11.246646837396394
9233,153.14760212408603,-42.19368486327602,49.08363595744248,1384.5899456899192,1.2285948437917928
9236,156.4630868381896,-43.66480445982407,1706.5085163069166,1384.7371308613317,3.142412669713961
9240,154.64313117535596,-42.870721485570094,805.5211448118155,1385.7759360337584,1.4926437333990796
9241,155.01530502717492,-43.03739588721897,991.9925460861125,1386.6006683101198,0.7719280054308062
9242,155.8924655914281,-43.42059370254811,1426.703455676859,1385.9825024496504,7.252566367152086
9245,156.8127722886206,-43.81851646439221,1878.4267829211533,1386.6781438114454,13.7173337993402
9246,153.94492854375486,-42.56015808108019,454.9475947182604,1386.8270031136349,2.4242828633007587
9248,155.13613870026276,-43.09159082734272,1052.4439542958178,1387.0320035763352,2.9787549650263982
9249,155.17875206393927,-43.11029448090935,1073.6345995248005,1386.9938723979278,0.4093191967332257
9250,155.60511879913275,-43.29706444939471,1285.1764018340132,1386.839263666349,4.848091046347901
9252,157.09063310450333,-43.937671957962614,2013.867669801684,1387.081826838737,4.416855319022727
9253,153.0771057706873,-42.16865796382863,15.279936764188426,1388.1883079677668,24.39439545020546
9255,155.62223994772404,-43.307222994314735,1294.393888120569,1388.1814830613441,5.9541413786144135
9260,153.98702612093226,-42.58341609540305,477.44661745956614,1388.968332999216,6.321882913188794
9261,154.17920830617996,-42.67006251193872,574.4144653972173,1389.0943192055256,11.052660493217514
9264,155.37974246910116,-43.20359263169655,1174.9089910763892,1389.459788585858,4.4249983856526836
9266,156.04587791726524,-43.49418721136812,1504.2288565314298,1389.499911872142,11.966895812792492
9267,156.58749875561864,-43.725940605562116,1769.472849089719,1388.6110973127863,15.106482681571999
9271,154.66005622139738,-42.88616085021483,816.2499503971711,1389.7299217860534,3.1992116122689334
9274,155.71346082091793,-43.3507933392668,1340.5536266454337,1390.063223082238,4.670177888517594
9276,156.7681947965912,-43.80647560242363,1858.56695360317,1390.202220225944,0.9719079859291293
9277,153.53369760874736,-42.3829141285744,249.3433387130721,1391.2085748177867,3.0772322632526485
9279,155.25626070327604,-43.15224387122896,1114.3819387708243,1390.9144959455302,9.270058258775888
9280,155.91756099987197,-43.442266910326715,1442.0425976064853,1391.385102185908,48.812468106106444
9281,156.00809677946992,-43.479773677385424,1486.1645992774995,1390.486543906655,0.45213689330473306
9282,156.3992813608239,-43.64957345025509,1678.5607732994417,1390.8775532574657,8.567798716257329
9283,156.42454243748952,-43.66042352783238,1690.932604129871,1390.8668420743513,0.8855642158519494
9284,153.39807844229568,-42.323774191506054,181.2208274615079,1392.461754544906,1.7417946028109321
9286,154.6811099379286,-42.89995039352608,828.0505453713079,1391.9430011772174,2.875259170652219
9288,153.32469548158494,-42.29164283276266,144.29771454328937,1393.105795768199,5.880125837702984
9289,154.31337871427556,-42.73865015837094,644.3594485039445,1393.315414717288,2.081828010718217
9292,155.00916099401073,-43.047244460372774,992.4721056575174,1392.8873310548574,0.9288544748069487
9294,155.6231262834212,-43.31709630390246,1297.463241960656,1392.9367777659124,3.0835858582736124
9295,156.3418186700651,-43.629196324044045,1651.5779241962239,1393.07393560365,134.71954962306793
9296,157.05810673413933,-43.934660712905334,2000.9394544531672,1392.524290372945,2.4691343419532177
9297,153.76354379908076,-42.49274796923738,367.46289222752455,1394.0435938705257,17.956337478461474
9301,154.80621222585117,-42.96026349294491,891.9753357001009,1394.3221743783738,7.8666428267112325
9302,154.92468223035402,-43.01106252227447,950.6640764804405,1393.4764332545924,2.5129142545444063
9303,155.08042087405096,-43.0803732447475,1028.4528597862732,1393.718500821731,339.5846752898699
9304,155.36029953531073,-43.20499605879001,1168.0326636089067,1394.4375229104558,35.999816697679336
9308,156.66782793409115,-43.77225340249119,1811.9263458607488,1394.586808547208,67.4030991492347
9310,153.44275042366863,-42.34914970419619,205.39763799544986,1394.97697087338,7.399117852360669
9311,154.7322954973712,-42.92767424501719,855.0790391905372,1394.431705113638,12.128015306055875
9312,156.38442096047842,-43.65050919829391,1673.267641498018,1394.562058143129,3.8612279902295406
9314,153.62663334372783,-42.433771671064704,299.0126816227345,1395.5412515461735,3.4048813735414516
9315,153.92841373046554,-42.57134226828321,452.0111307021904,1396.118731973786,2.465963325449458
9316,155.24879553409917,-43.15765751887155,1113.1077106953535,1395.2695703150584,3.7918447371856994
9317,155.8705840606339,-43.43126443489481,1421.466522882179,1396.1078354712167,19.195815478846804
9319,156.74218698479564,-43.80826185376431,1849.3448328071106,1396.6931836901617,3.626478618491933
9320,156.82296669164361,-43.841197333228806,1888.3069632585411,1395.898398152256,1.2745136378088173
9322,154.14145740300023,-42.66995666770106,560.2578411736066,1397.4994289645285,2.7569766025623594
9323,154.52280542217449,-42.83896193242083,751.4456216598787,1396.6877621460706,3.5894903415570387
9325,156.10873166124782,-43.53551352985101,1539.0163448288622,1396.5796675967301,1.4049355102232277
9328,153.08732945655711,-42.19332122058836,26.414710624332862,1398.1308033784924,2.5316299953288683
9329,153.58323849737565,-42.41880425508156,278.39504676708617,1397.8881184779464,6.727895238773133
9331,154.48753053305572,-42.82556107793264,734.4205510683382,1397.8529595283737,36.42569254476354
9332,155.25519457807383,-43.16547801972243,1117.690678486431,1397.7760174091197,3.7618355778056114
9333,155.80363547054282,-43.40613878285115,1389.5336078339642,1398.1143738253002,19.146347226830276
9334,156.5207815367423,-43.71718154789172,1742.2114328038788,1398.6013136387674,40.10162698668882
9339,154.32911182919074,-42.757311878736175,655.6051602264608,1399.1180883128584,558.5769659867797
9340,154.7542865635459,-42.94682169699918,868.7419201075825,1399.1224472165993,7.317660370861205
9341,154.98392650946076,-43.04748539903265,983.1043129757228,1398.5881736164226,2.028215912776319
9342,156.22375349806177,-43.59115227785519,1597.1511331526144,1399.5470241257162,12.393019042180258
9344,153.13455026810803,-42.2183231956518,51.488525707485486,1399.8212566219609,2.399944058279567
9345,153.3071394879082,-42.29707364921513,139.32734470896128,1399.7939969588263,1.708756424067333
9346,154.71794521287651,-42.933333576106556,851.3202846153074,1400.4477417085775,18.257264313408818
9348,155.3313547155536,-43.202701637249874,1156.572912430145,1399.6538903345008,3.441993489085825
9349,156.0165444182161,-43.50127700350525,1495.2174072852295,1399.4396607194608,5.4907457646624955
9350,156.0874494763754,-43.533029340938846,1530.390461266987,1399.9572902267291,22.349748675684243
9351,156.3098087856632,-43.6290490260099,1639.589740581161,1399.9305547525205,4.389576605120011
9353,157.02285868247765,-43.9347085219136,1987.812213401433,1400.0921972961605,1.9941310269661539
9354,153.3470998873549,-42.31768202900604,160.350027249862,1400.9876618384694,1.7520197982354735
9355,153.38226435997183,-42.334084828221236,178.3345692143027,1401.18117470776,7.131134030340141
9356,153.80684931997072,-42.525728570403906,393.2709939081888,1400.7284966146092,11.241649534939748
9357,153.98443627119963,-42.60697441458571,483.3024026666374,1401.3023812041401,3.25609097125041
9358,154.15036941498258,-42.680380453362964,566.5992290214252,1400.7047823060968,9.638280757180112
9359,154.94056921063796,-43.033871193308244,963.0499725758965,1401.3695721674087,0.6636850488069227
9360,155.64224366072455,-43.34153110902347,1311.3799623831178,1401.0000776864688,5.492697379386468
9361,154.5943197252321,-42.88076473996599,790.1241505139957,1401.653927793183,1.2703676823304642
9362,155.0490263211112,-43.08322597897241,1017.5186638289363,1402.080840565576,22.256473489855793
9363,156.0406280212588,-43.51791312728194,1508.7700100317115,1402.5495923382803,7.336904425979619
9365,153.61180380544533,-42.4414600387147,295.7115122316924,1402.7222088692833,2.7290048257284507
9366,154.10921118611176,-42.665692915591734,546.9634726327439,1402.599084780862,1.041934113294431
9367,154.34044098816253,-42.77038106616469,663.5947414881582,1403.1130990441125,2.5478909687597198
9368,155.4905498197349,-43.27898314173818,1237.336833384055,1402.8945040368608,36.665223322621976
9369,155.57559815162952,-43.31633832775554,1279.4945147901915,1402.9671620491424,78.63452986119744
9370,156.55668501263912,-43.74199998974729,1762.3098650492136,1403.3291669259522,12.314479734933828
9371,153.08681189232158,-42.2047992114536,29.621419982430638,1403.9591812488131,13.368502065729444
9372,153.62340560751568,-42.4493622720094,302.36272012982386,1404.039222641271,81.26921207396161
9373,153.96683096310616,-42.605984383479715,476.42942276611507,1404.763324813251,1.7785607916199133
9374,155.3388518176923,-43.21504977605502,1162.8257978991319,1404.18910314062,1.5808377049199693
9375,156.15070875650346,-43.569631852584976,1564.013166426453,1404.5905617724231,203.20044161756724
9376,156.18344537910056,-43.58385864939432,1580.116323249223,1404.6281993375612,1.5192189335505613
9377,156.34140969800984,-43.6496882413613,1656.9926173912165,1403.456110612573,1.4735240760056452
9378,156.57621611107032,-43.752059070865805,1772.3100438995566,1404.1735892071254,10.502032217197675
9380,153.03440885907736,-42.18309467741517,3.580956164326697,1405.0989214369918,65.8374114036595
9385,155.94733092375142,-43.48360542219078,1464.5238619777758,1405.6391091663972,323.0083562132283
9388,157.07379469601565,-43.96583906246342,2015.0787316636731,1404.864131134637,1.5721040658243153
9390,153.8487246399889,-42.555103311885034,417.4805901729424,1405.9463651478254,4.152361900072273
9391,154.2154590270059,-42.72072161445449,602.5727407565383,1406.2647146890506,2.6635348680958137
9393,155.06884716628375,-43.09973909186145,1029.5774879340718,1405.9658434892153,20.62994436379905
9394,156.05441534700992,-43.53127288491952,1517.577124055334,1406.256318350844,2.4021673671626473
9396,156.35992596901386,-43.66276167814591,1667.4522400869837,1406.0163605207367,13.909559185854793
9399,154.47743449756183,-42.839043521178866,734.5001879650747,1406.838383899346,4.639107267600586
9401,155.8907211771842,-43.461514949410045,1437.3138978992395,1406.8914875812438,5.735272326133812
9403,156.27092365067548,-43.62519169742561,1624.0285554771804,1406.415995851065,2.343605392488805
9404,156.5143200614005,-43.73106063409835,1743.552129962011,1406.9710173365277,21.027172929030183
9406,153.26237832556825,-42.29299232140864,121.37644614709423,1407.9240203325865,9.868728576814357
9408,155.73361373775464,-43.39650856800967,1360.7223828105075,1408.579417819489,3.385862998015833
9409,155.96254683630173,-43.49486090376428,1473.2960991621806,1407.9727484454452,4.3715771292971946
9410,156.16265211053556,-43.58158074415468,1571.7340131214046,1407.9966904061796,3.585431567006894
9412,156.58042170772435,-43.76185503066468,1776.5213838842267,1408.190825144668,5.523675545758408
9413,157.08141032628643,-43.97499896316907,2020.3513301591015,1407.8467082978207,95.94785152445813
9414,153.50714265606604,-42.40698369737632,246.4616989049041,1409.2063103029768,3.3118167110748185
9416,154.00280691869807,-42.63148432568818,497.272400555104,1409.403095941986,2.6905119098122325
9419,155.10725693045933,-43.12266027272495,1050.3815108788615,1408.9566346400638,7.635293227894887
9420,155.55750994570076,-43.32155746169079,1274.1870584373767,1409.5458787311286,2.51428638363031
9422,153.8221760271809,-42.5514871574691,406.4985055355242,1410.1193902499301,2.6109411370000584
9423,154.40214922684285,-42.81168918716401,698.5183287661248,1409.9647721790916,19.4724227296696
9424,155.22353837180978,-43.17600331117367,1108.8094542455135,1410.018001009118,5.898695702242781
9426,156.33502339148222,-43.660148603985846,1657.4515468591562,1410.0922843495896,1.6025031405346315
9427,156.72041518406252,-43.825158377669716,1845.7640775162447,1409.8726792898774,1.9121581399678322
9428,153.1893768068605,-42.26635603978286,86.2042490187225,1411.2531951553578,6.6203847660652695
9429,154.93853197793527,-43.05204106437409,967.421333718972,1410.9090357539565,5.46498626878712
9430,154.9810056528095,-43.07174282990996,988.8572699766571,1411.3694475519335,3.6371084950070993
9433,153.89140116172513,-42.5869255378694,442.68765423168315,1412.2127099255388,23.7156010323468
9434,156.56361989755487,-43.76235393280408,1770.390211533559,1412.0638475991134,2.334408091210167
9435,156.63827726712813,-43.7949120081427,1807.004911268603,1412.3423199945719,1.9437502929773671
9436,153.07808043618996,-42.21914683256498,30.605613184510574,1413.0849004371491,5.99599779394193
9437,154.21034510366857,-42.73298802077796,604.1924982917757,1413.5315126775859,6.570506058252267
9438,154.71896111358038,-42.95899372590497,858.9919260850069,1413.0490733050692,1.1584704288460308
9439,154.91221246780967,-43.04460438269445,955.4834309462727,1413.0140947324053,22.257480848838178
9441,155.6138580224601,-43.35383282946284,1304.1879936448074,1413.3792097211472,6.001842603387281
9443,156.53265421073036,-43.7515715045378,1755.9318657874373,1413.3229276061527,0.6416610366874655
9453,153.70833036792357,-42.51042692196715,351.960506289746,1415.303830531213,1.4282531159487752
9461,156.95853786349036,-43.93686058470755,1964.4154018330619,1414.9488609099872,3.667150304481873
9462,153.15700050965444,-42.261089425492564,72.53773008345681,1415.9935491368908,4.908414256739143
9465,153.797907153433,-42.551740799862,397.4958734883037,1415.7101620815106,2.644049825415741
9467,155.17782477949606,-43.16815041064406,1089.5277425872746,1416.1597889119114,2.08083059647238
9468,155.3632637825623,-43.248922824063506,1181.407683117723,1415.7859159099273,3.533050101989449
9469,156.17252679399948,-43.60267858179613,1581.1780614048434,1416.445132009494,2.292206662097277
9470,156.99972094799898,-43.95719510928662,1985.179076494026,1416.3624722855275,1.859926988203101
9472,154.168970003529,-42.72148788286594,585.4092016597721,1417.053354776922,19.514173929865752
9473,154.24468476848153,-42.75538130074419,623.4770573508766,1417.026498515236,4.088145447389248
9474,154.38066336627543,-42.81700909278459,692.0100885782646,1417.415748023132,7.800426788088015
9475,156.72607465694787,-43.8405903912665,1852.0188685196679,1416.4153516126692,74.62658259484265
9476,156.85988849304374,-43.8983996790326,1917.3839990115043,1416.7477818399168,7.312001993055596
9477,153.44547945531474,-42.3965148387363,220.3270244891142,1417.9474371552942,1.1017737994222623
9478,155.1476057507355,-43.15688874871741,1075.0768344984303,1417.185454346055,1.3331090301372803
9480,155.9063812229894,-43.49106766498206,1451.289090255296,1418.3023599621959,0.4928794666534258
9482,156.4369175998973,-43.720534463316305,1711.8368647391103,1418.394079570147,2.6944394651752592
9483,156.52450707769356,-43.75768093618733,1754.5443297978627,1418.1505017602726,2.2472278791306897
9485,157.02113763532222,-43.97010355597071,1996.594706969964,1418.2750045619302,0.45737942515716484
9486,153.11053344017597,-42.24556745368773,50.56751751847406,1418.8412189206126,836.3681136519542
9488,154.60403880840903,-42.91973560620894,804.8665772950546,1418.9651357504372,1.649770789467535
9489,154.8759804572147,-43.04095369078127,940.9115381703408,1419.2098016969912,0.8289092177551574
9490,155.33868664087797,-43.24521552586488,1171.192922894911,1419.331455045339,93.32779871375561
9491,155.44166703703667,-43.29057614573672,1222.3058593776723,1419.4284967484332,30.468522544925314
9492,155.54326639086176,-43.33477507796765,1272.5394374261446,1419.2898805799261,82.56929287206124
9493,155.87197443895678,-43.47864040477166,1435.029053247909,1419.5674159759456,27.488211161561683
9494,156.49844911957652,-43.748273100497414,1742.286240428498,1419.0453582007399,5.2894784793855
9495,153.28153159692064,-42.32603104092364,138.28233538239843,1420.0202330549155,2.592354654035549
9496,153.3272216180151,-42.347042786920504,161.55821240897777,1420.113046511511,8.303921887589649
9497,154.86279819907193,-43.03625271849103,934.6557217733925,1419.7784536432248,1.1627098799954267
9500,156.35351164050098,-43.68860164680548,1672.0749742247306,1420.3828051288851,10.724117558483922
9501,153.27026682442792,-42.321910137827516,132.85502764443538,1420.525980260673,3.6226550863359424
9503,155.63810357554482,-43.37971599833138,1320.4147416688118,1421.0450110883205,33.68342438428549
9504,155.67480339034805,-43.39542586962751,1338.4653262442728,1420.8917467145184,23.434439135068978
9505,155.8196426815495,-43.45993309241068,1410.3452086062714,1421.5977468752342,16.629910829262798
9506,155.88378684901372,-43.48655248371857,1441.6148947513675,1420.9609886566984,4.8266738315999635
9507,156.98023992725652,-43.95923799466662,1978.4664870373351,1421.561049068113,6.363975906086082
9511,154.14117201641452,-42.719547835411184,574.4576145463567,1422.31009685609,89.02058521743878
9513,154.91405259713812,-43.06324455350086,961.4396091996115,1421.9290099005618,8.985945285163941
9514,155.68990365980025,-43.40551927947234,1346.8949887248373,1422.6495570381355,4.68957982325001
9515,155.70900397734306,-43.41341393292675,1356.2079094884223,1422.4321527100508,3.000560081721049
9516,156.07064725195744,-43.56893195695321,1533.9455308189156,1421.6270407041818,5.14837874386563
9518,157.03715548319872,-43.985283585659715,2006.6006878763387,1422.487679208679,24.57390651364986
9520,154.5871275652337,-42.91984252503482,798.5769684236542,1422.7796034881674,6.912431339221367
9521,155.0855277628906,-43.14124028490827,1047.4888971502521,1423.0492491513023,0.669622727674693
9524,156.02318399830227,-43.550114182899755,1511.0840415158868,1422.5012611574778,2.3216258869808204
9527,153.50458734709747,-42.43489816665965,253.6893178708855,1423.6872557374186,1.3232577423287606
9528,154.12737254392826,-42.71699961291867,568.5641810191055,1424.129544985544,6.541113430132652
9530,154.3688634278612,-42.82630633649245,690.2650398626134,1424.6911991036413,9.436779120684523
9531,156.09694146226377,-43.586344011934,1548.5182000318148,1424.65309258714,2.4503378681287846
9532,153.1687197537687,-42.285325216714895,84.08499166372987,1425.387281409511,1.8300226403850302
9534,154.3271700187148,-42.806693842717706,669.0559932511974,1424.2072637352035,4.883320924069372
9536,155.17397982050613,-43.184152734874246,1092.5822599582248,1425.0160925401572,707.5854888498814
9537,155.85870802327182,-43.48373154626713,1431.47989195878,1425.0125311911165,2.074058433743999
9538,156.33875272425269,-43.69213684340809,1667.5313832462075,1425.35075761686,32.0558745021913
9542,154.6619569382102,-42.96048161617631,838.1121025671573,1426.4519624641666,0.7616797612346249
9543,154.81460710693491,-43.02647891528662,913.8827066488576,1425.5684178802458,0.6630314001552511
9546,157.02228221819496,-43.9865269244648,2001.3926165541434,1426.295040484164,3.7427542207237563
9548,153.108984023878,-42.26180193442711,54.79375880819898,1427.2695426419223,13.33872361381691
9552,154.70825771800153,-42.98126434731457,861.3202965787186,1426.5561899228474,1.8331728587252367
9553,156.54743862262353,-43.78591104408421,1770.7157384504417,1427.3910508378913,4.387620552492756
9554,153.18063913146963,-42.29612823576821,91.73380336090992,1428.0529603235327,0.9945204635111577
9555,153.45604366243154,-42.42164463007886,231.65340798007523,1428.0694674071854,2.2791974499074823
9556,154.41521466734287,-42.85322529407537,715.3003331512057,1427.7920538738617,1.7930872855113238
9559,155.3346821313418,-43.259940514353794,1173.811456598339,1427.5846434570944,2.4170976447179586
9560,155.9345243274921,-43.522974979845834,1470.5604037601636,1428.1770507192307,3.715509160064253
9561,156.12561982291618,-43.60552042066912,1564.4568560611135,1428.050347984902,0.8509234290705621
9563,156.37073846127433,-43.711767637714544,1684.7854331617073,1428.2922985161636,29.219370364359868
9566,153.49025130322264,-42.43932376317211,249.6272516926613,1429.1335618281626,14.629734001793686
9567,155.46143003912846,-43.318437680557544,1237.4437419904757,1429.0473500224382,1.308008056116903
9568,155.67589964350924,-43.411761831120764,1343.3956360560712,1428.8397262583267,1.3952669245025953
9569,156.34680924634515,-43.70284039020203,1673.4415589755542,1428.9833573345459,66.9423010546706
9571,156.8832406486847,-43.93280470487585,1935.282748614189,1429.0453566630256,3.1478612934535373
9573,154.1800218615732,-42.7523520790056,598.4349712758295,1429.9806445947763,2.477989299143081
9574,154.30326425998553,-42.807748776043255,660.4250057524818,1430.0729342065777,1.4079673988058212
9576,154.5367299791224,-42.91088217457698,777.1892459873449,1429.5163384326445,1.2884947800265845
9578,156.3128318368689,-43.690469868333814,1657.4141769322373,1430.1218358424048,2.4124575998983553
9579,156.69612000499657,-43.855169677674716,1844.7729420767193,1430.1866526587978,2.5790829795438444
9580,156.8434052851308,-43.91752543148405,1916.3598826102586,1429.9040224072844,2.446942219500746
9583,153.3615602179274,-42.385013253125685,185.57111306636796,1431.2291856996235,9.127420650085082
9584,153.68675775189303,-42.53263450634291,350.3735357639046,1431.2344165763468,7.46862816891516
9585,154.56541162791063,-42.926624436443234,792.3968037044383,1430.998044998662,2.5156187837398765
9589,156.99008223665177,-43.98268611822262,1988.3797309898098,1431.2524870139312,3.6986270466320135
9590,153.2668748456898,-42.34263922048225,137.69882826625863,1431.611941478037,1.9546494781931498
9591,153.86602251500068,-42.61580194207989,441.5849542073221,1432.316630155968,27.694514711505285
9593,154.59587906233926,-42.94306552312441,808.4663300718524,1432.435423608873,23.648383615630514
9595,155.263175889464,-43.23652117236477,1140.5654153249563,1431.5858395606772,9.534071946038317
9597,155.80115453574982,-43.47330674907765,1407.13361780614,1432.3365117970209,4.22832403437759
9598,156.70828806782748,-43.86433265985758,1851.7680341693108,1432.1765511512053,47.75972879286162
9600,153.76974672453667,-42.57440139604435,393.5643011367297,1433.34613156055,6.066596871028583
9602,154.78085277178926,-43.026936560112425,901.4037007482698,1433.279027632723,49.982063755436364
9603,155.051373639665,-43.147284187549204,1036.434490140426,1433.6115457299504,3.419686340839953
9604,155.87791233555856,-43.50773528873913,1445.251603932201,1432.8643007074227,4.233908324247443
9607,153.27867322625806,-42.35204652880673,144.8821074967179,1433.6161549862904,1.9579570328187397
9609,153.9334872514649,-42.65054086584322,476.8783304980131,1434.4734406882396,24.306076143004102
9610,155.6015095110454,-43.39012621953265,1309.642201431131,1434.2689269914429,3.572015571058928
9612,153.06787278866685,-42.259064305947696,38.61547231170028,1435.26311827349,2.544185474602163
9614,153.9873454982777,-42.67561607401706,504.26961144581367,1434.8841006518862,6.919690135117073
9617,156.3008048568158,-43.69553349572752,1654.30696593628,1435.2669590359565,2.331196466520469
9618,156.52131630014281,-43.78929154851636,1761.8936901369716,1434.7219530672849,3.595759114469237
9621,153.69637256352019,-42.54625487135195,357.9404165136151,1435.8529073750638,5.566268042478995
9623,153.9745780443237,-42.671977128649935,498.44498888111275,1435.9351937018066,1.3652460486211944
9625,155.73481463509052,-43.452217572361526,1376.5638338813535,1436.2442323629566,2.744100471501927
9627,157.0363599188378,-44.01190111985354,2013.3854679413946,1436.0526153398046,6.571531608055367
9629,156.47267067121876,-43.77277687580299,1739.303692376823,1436.9190952637034,2.143485503370408
9630,153.1311629161089,-42.29404936243242,72.62598417363448,1438.2655054358277,2.0249807338701564
9632,153.8449906834128,-42.61835711018767,434.4677742035793,1438.3200887349124,2.636657087973972
9633,155.4896675687645,-43.34858863389874,1256.3725624714366,1437.956889545933,6.076972312277218
9634,155.95776897875714,-43.55258321292955,1487.361292404404,1437.968386906149,14.081248249444293
9636,156.57897683749883,-43.82146626944102,1792.0591896294975,1438.4608266567634,2.118425176502749
9637,153.17833846894777,-42.31755514553414,97.20485832944833,1439.2355766742878,2.0204996995830315
9638,153.77190598606578,-42.58754748789327,398.19846095190974,1439.4112269250418,5.366115666026073
9640,154.20898577346756,-42.78407233786396,618.392306759305,1439.3284905704645,5.222856603778312
9641,154.4739484330088,-42.90270623379883,751.40059999022,1439.4108736567796,115.77401765161048
9642,154.95024012271622,-43.11438818520174,989.4002325149239,1439.5006300711427,4.806879537442663
9643,155.24273602184252,-43.24235541404365,1134.5687530452622,1439.0037884495227,3.3518154143791703
9644,156.4567244902219,-43.76964446654286,1732.5145136134838,1438.7871495067218,105.47608486500596
9645,157.04966046609508,-44.02347318318259,2021.4136065562288,1439.0319762585148,2.30381416516057
9647,154.54842646594085,-42.936888443385804,788.9801958211561,1439.9034301953413,7.706830670387547
9648,154.6251739335573,-42.97188299974753,827.6172632876055,1440.3205926234755,1.1139760378230856
9650,156.25314847966337,-43.684339066998554,1633.4988097999642,1439.9634029957065,3.1161276008044854
9651,156.61657168957487,-43.83979660613,1811.0031479011889,1439.5760424026862,8.063663913909961
9653,156.99524875519472,-44.002403715809336,1995.5548549800478,1440.0675031465921,5.053309794652754
9654,157.01387762708933,-44.01088590152682,2004.7469220021128,1440.349950083944,10.023431876523823
9656,154.12352903230405,-42.7484766273447,576.2095977994958,1440.6937277658749,1.244782000114911
9657,154.65589680547643,-42.987540146587676,843.5467725047197,1441.3180264544235,3.689832142830893
9658,154.7727669009457,-43.038816649913606,901.7532257977474,1441.0094367303602,5.872304393119422
9660,156.9235131210842,-43.97303376641317,1961.022177156721,1440.6500141574986,11.676078410382269
9664,156.32995646437485,-43.72072869149826,1672.017278737849,1441.6107428580856,1.0708482609785355
9665,156.38954880534317,-43.74755096181542,1701.5006895022634,1442.1975432723445,4.129563761997751
9666,156.60264055114646,-43.839269663877594,1805.6721674367902,1442.310632167126,12.107956073971328
9667,153.94894921838863,-42.67474804726327,489.67223482927693,1443.0704099480004,27.828828570473856
9668,154.40676248586612,-42.878775286617376,719.4594869782969,1442.4334219395964,4.068710191521469
9670,156.35174478514466,-43.73335471927477,1683.5639741136717,1443.2391721815295,26.772198596652903
9672,153.70884334429599,-42.56718653958381,368.7043965899555,1443.470885019929,41.52780056393537
9676,156.33697659400542,-43.72895646928773,1676.8673035185411,1444.2238016415165,1.8555482929440819
9677,156.9388347248295,-43.98673053786237,1970.3797282379853,1444.2581620207864,5.208870413450683
9679,155.7085735983222,-43.45905253069794,1368.6645511755935,1445.400742068611,6.15947511804593
9680,156.55679762010746,-43.824618986129806,1784.6477762216193,1444.8233118005544,1.9963029216001575
9681,157.06784803110574,-44.04308491234186,2033.3945804692848,1445.013511284263,1.0853256459796699
9683,153.19712898627802,-42.34023035892557,110.92376060459078,1446.2473306788818,4.661020930557538
9684,153.8049191383275,-42.616793441822054,419.04222948830085,1446.555081786503,1.7449725903885742
9685,153.87200103994508,-42.64597663486133,452.58140390653676,1446.0138997509807,2.569757139547694
9686,154.15823412613133,-42.77451853084396,596.6827118708546,1445.9157845560583,1.1133327631759582
9687,154.63421900030372,-42.98755631079395,835.4568175354196,1446.1409966412996,0.9303236894758176
9688,155.60171579808411,-43.41409993229534,1316.3661434112666,1446.2351232032106,34.843833784014436
9689,155.75896442708284,-43.481112398159226,1393.550218582679,1445.4552945503156,2.1547274191666252
9690,156.244801023219,-43.69247799816658,1632.6032799520754,1445.8565748003582,2.0332357955755835
9691,153.33713503714668,-42.405590593078095,182.49765296903865,1447.0060574367492,1.286853409995107
9692,153.81679757838768,-42.623289273407515,425.3683943817211,1447.119872506748,3.119967914061921
9694,154.74921077459862,-43.04007540650373,893.3153291670917,1446.8611229587036,2.9196399692313904
9695,155.08483013149115,-43.18845075217043,1060.5068122304838,1446.8216868279987,3.6441211300622043
9696,155.41253823611717,-43.33386715191926,1223.4963647612021,1447.500792506252,12.80689590867443
9698,156.91923210875203,-43.98457850733649,1962.5096861697737,1447.373845772145,2.5849137705974887
9699,153.741913795271,-42.59110126576457,388.0282836841972,1447.9358189542943,3.1507572919216713
9700,156.74588012647837,-43.9120193435309,1878.5685439284775,1448.0707579064433,1.335044623713094
9701,153.10888931718102,-42.30493152666338,67.52317653281533,1448.742612432783,20.167901783487885
9702,153.26356978201687,-42.37526736876518,146.08329960940355,1448.5973474511704,11.393072204771276
9703,153.46763896555032,-42.469820342192406,250.1209795669686,1449.4321884277238,21.3426681185958
9704,153.6543899653655,-42.55389060222285,344.48286971738355,1449.12277462888,1.1838930456495773
9706,154.22724731690937,-42.81240631971525,633.3670395069058,1449.3830257515376,15.693956173333119
9708,157.01879476824126,-44.030201793014676,2011.7169958596248,1449.0167201782688,5.789847854945971
9710,153.90731769652112,-42.66940000503983,472.570733965602,1449.7538121403093,2.014717441333729
9711,154.50241317778645,-42.93745526413914,771.9597615912803,1450.4253183448905,3.2502561193970516
9712,154.58645080591452,-42.97496130060939,814.0352127719956,1450.4640755166981,1.7943864205392184
9714,156.38505960389682,-43.76044285552737,1703.3231534269853,1449.6413542787438,3.800077386935235
9715,156.59043642103225,-43.85023142259031,1804.080742754255,1450.4465148697154,1.7459632894066697
9716,156.65940874380607,-43.87915553478059,1837.5481747966016,1450.1381900636486,6.035838469608137
9717,154.25982277929734,-42.831251616429284,650.9506462645749,1451.5067019458677,3.5297595019751524
9718,154.30121071808472,-42.848877789054846,671.4686898592104,1451.0591288507603,7.972356484151172
9719,154.92701016375352,-43.128795570877394,984.7966453077763,1451.840310771531,3.889272964307465
9720,155.03168012670352,-43.1733179962994,1036.4132940893144,1450.980428678906,1.8251791526935714
9721,155.36630543856205,-43.32078294207983,1202.6006852106052,1451.0982751943616,5.972688908775046
9722,155.43371851816397,-43.349103371440286,1235.6422074219497,1450.4830805947745,22.194381842003015
9723,156.29490963591792,-43.72261067100062,1659.4700806127944,1450.1366601041968,381.87479385265044
9724,156.7619753669458,-43.92480338411327,1887.9885782331446,1451.0408475044196,2.569392785149736
9726,154.44592104344645,-42.915881105575906,744.701827173239,1452.2320768422535,0.7552889388544931
9729,155.64975678836592,-43.44693713827028,1343.3794274589354,1452.1812483583858,1.4209669344896105
9732,153.20448063999487,-42.35646651004183,118.46395046889266,1452.6546527114615,2.946559621136428
9734,154.12952718046515,-42.77553971604852,586.256300335426,1452.8502919627801,9.380586777628663
9735,154.6368014282206,-43.00259647197944,840.7015941768162,1453.0806865448544,0.9625363182557244
9737,154.94630964545215,-43.14047887398909,995.2973470909545,1453.4154185725235,111.17980211102362
9739,155.50990389634129,-43.386922022638586,1274.5793979046782,1452.7213887023102,2.0970244772815088
9740,156.32077553455005,-43.73990269055462,1673.8039172410313,1453.2228747793147,12.502652875858258
9742,156.9337700718315,-44.00160428880335,1972.4622376552343,1452.8239332532191,1.1355566137534399
9743,156.98208457142476,-44.02360965848876,1996.3036743555017,1453.5521529945456,1.8250529652529393
9744,153.04132502765873,-42.283987974140224,36.08206174332704,1453.6992218116402,4.317529685690367
9745,153.37526658589348,-42.43644524093088,205.8167647320346,1453.7234813715268,4.672949699123572
9746,155.1791764962194,-43.243361560011415,1111.132523052717,1453.499140118521,352.31764423644
9747,155.90358823311624,-43.56218675283997,1469.7995679905093,1454.5762204881564,3.633364250912138
9749,152.98636506095363,-42.26137614934262,8.847642156950224,1454.971863454751,2.0223185435037294
9750,153.2526496679608,-42.38336084312093,144.3904689797926,1455.101456540345,3.3200032915136783
9751,153.3255388713986,-42.416503482445215,181.37767535344705,1455.0645879467493,8.047380826021579
9752,153.98451363276507,-42.715200204941475,514.6716318237835,1455.2569037123858,3.8799150409240175
9753,154.4259644363471,-42.91298520386633,736.4228856418839,1455.2323666627021,14.481724577981176
9754,155.5412076433021,-43.40500474257694,1291.276471672365,1454.9222183840739,6.2191647001981964
9756,156.70421875929202,-43.908567376131515,1862.133488037535,1455.286333068925,1.3434753278493017
9757,152.99279544528866,-42.266543982696035,12.782961302260736,1456.0761907977005,2.881844767648634
9758,153.38550565474884,-42.44573094096032,212.3703023663223,1456.0264424128707,4.326407888678538
9759,154.02040266153662,-42.73320790734546,533.2830524896664,1456.1864050567578,1.8364262174858088
9763,153.63694859052555,-42.5613139227744,340.13620724511134,1456.7536176320393,3.146417887554053
9765,154.96106149981134,-43.1554632766569,1005.0300935307947,1457.6475363116315,1.133869630255669
9768,153.48039696199476,-42.493511715361024,261.8335155918786,1458.3417263742708,4.5461081367339915
9769,153.5491393134067,-42.5238263689054,296.38470799835727,1457.9022482760006,4.947082212905703
9770,155.0649248974834,-43.203124386266154,1057.2066153363096,1458.5517924693252,2.862799679008044
9771,156.78748644753753,-43.94903361569985,1903.9767358081606,1457.7455945891697,1.9650929587049553
9772,153.25808012953252,-42.393224590816466,149.32674829559483,1458.776728696317,4.626206125394727
9775,154.90517669462298,-43.13404785015818,978.1329430828403,1459.2937532381181,-0.3566765504434622
9778,153.19214513051293,-42.36691607523492,116.94217780676946,1460.6531733097102,1.0100248574210253
9781,155.47458790779896,-43.38623998263186,1261.2202816210115,1460.1179360600586,4.2598529031977765
9782,156.29390112016605,-43.74326184119393,1664.7070279776487,1460.7213880581419,17.62571031881657
9784,153.51881361131484,-42.51591501247702,282.74413151630887,1460.8130784118011,6.307771632265408
9785,154.55875803160325,-42.982230982310156,805.7706792122054,1460.2509551822764,3.691753692707844
9788,156.52447349128,-43.84299031591884,1777.5690805973543,1461.0177132210658,18.59736719765049
9789,156.87282205723417,-43.992439182932124,1947.3396757564988,1461.2695939141197,41.52988102081961
9791,153.8018717267037,-42.646580803919804,426.5670215019353,1462.0839090595284,8.614114487775318
9793,154.84706838469845,-43.11345080286158,950.6289038521055,1461.8533876446747,0.9836760145106913
9795,155.2949804479655,-43.311309649658504,1173.352485769712,1462.0245037527013,7.418052093139184
9796,156.00588653379356,-43.622775873676034,1524.5471947610788,1462.710098512829,3.808757755188487
9798,156.55976969873885,-43.86058338114556,1795.454300910939,1462.2512606275927,2.693691130220339
9799,152.96635147528636,-42.26876321734336,3.566515552597286,1463.202976856738,3.634256429409702
9801,153.02091802848113,-42.29449281532766,31.575250526374536,1463.5667831101302,4.891138038661072
9802,153.08809037426477,-42.324343320567195,65.50049418364725,1463.125180203839,15.815895564419224
9803,155.03687152584257,-43.19983442175625,1045.8159216581919,1463.095564095393,3.179971424291686
9804,155.7596084215471,-43.51713246640559,1403.7308533777475,1463.3675961742754,109.30310571250402
9805,155.9669930140909,-43.60665466804785,1505.6371166340944,1463.0794530817138,93.32425107157583
9807,156.73754569140425,-43.93809509161819,1882.4612447349969,1462.967929680058,5.055864452389267
9808,153.60346945281455,-42.56010751036346,327.2826527534557,1463.7047796489132,6.297041777225722
9810,153.87260309439344,-42.68112184398722,463.0092992800034,1463.3951762006016,2.2187885715494238
9811,154.06727474607325,-42.77000787930782,561.4179081926435,1464.031550739935,6.326162944105927
9812,154.45942252489314,-42.94452074565439,757.9314069145684,1463.5232676794951,1.1258351310631787
9813,154.48940223556116,-42.9596515323392,773.4433462674858,1464.4037297927343,9.006536054621328
9814,156.19486468779138,-43.70651969257898,1617.8247048504925,1463.7194399864634,2.163075741703391
9815,156.77731167364263,-43.957510727220914,1902.461818468013,1464.1904749604294,2.769914723478011
9819,154.88507096693706,-43.13670463005292,971.3828004480254,1465.0682129555605,1.9423390353183747
9820,155.14093143744074,-43.24986013470922,1098.690067600019,1465.173608003507,13.80182820047075
9822,156.5818703301044,-43.876634999513904,1808.0067901190012,1465.5562353022622,2.02389425788108
9823,156.6734245727749,-43.91572528965446,1852.5960736314626,1465.5020805650456,6.5256957748966675
9826,153.62583657127539,-42.5752078600669,340.0451103211044,1466.1791632135714,4.056472682740671
9827,154.35989069494124,-42.90416601864303,709.2347949138282,1465.5581664740027,3.04661608813552
9828,155.22596074901136,-43.28867118689478,1141.2805960236126,1465.872000337738,5.699697339984185
9829,155.68715131590824,-43.49167577234304,1369.6965631314538,1466.4264928915904,19.019340508039804
9830,155.83106682115653,-43.55243804585323,1440.0913371197773,1465.483361940985,2.4295009598632427
9831,156.17457787856958,-43.70256491896299,1609.1914263790654,1466.1303879939614,2.804345820718164
9832,156.37562324524725,-43.78961949410213,1707.7186626329114,1466.329369498148,3.5813282703068188
9834,154.38493925858964,-42.91946743485916,722.9666705168622,1467.610495006838,3.4710086768128696
9840,153.6144661306779,-42.573619738945354,335.3364747237206,1467.9527753897771,2.269981336574547
9841,153.69997497643362,-42.611881175341345,378.42319609354774,1467.7338924024275,20.848447872543083
9842,155.24133520196867,-43.29893519496829,1149.8871655499418,1467.6258807758625,2.1696570297465594
9844,153.96889136473789,-42.73529965577633,514.6584155720498,1468.7814976859179,63.36212109745777
9847,155.70806703409102,-43.50575711360814,1381.3828087640998,1468.91495322452,3.385619479725635
9848,156.844938900853,-43.995858470572,1937.8817023284819,1468.964406108575,2.6360748211972673
9852,153.56311859823364,-42.55435534374389,310.5370475465902,1469.9464525702313,44.26389545166367
9853,154.1084379510558,-42.800843661515636,585.6825520825083,1470.1908562648646,3.853431635338771
9855,154.99321568664323,-43.19339893158053,1027.7207810750815,1469.5131572126277,2.693764643438927
9858,153.11229624518705,-42.35082988374243,82.37561805514304,1470.7920358596389,2.762501170773787
9859,153.629533022757,-42.58608009795405,344.6003721509463,1470.7597791514277,2.3689704102492404
9860,153.8269417056812,-42.6765553621507,444.63879476541257,1471.3816907658434,4.019124539511605
9861,153.99408029468088,-42.75180037519604,528.8353485058161,1471.3577530838486,3.066166571528332
9862,154.44834124464538,-42.95367932268972,756.4150177195285,1470.5625026006792,42.72676331983769
9863,154.9651728770067,-43.185541699862426,1015.0477020276178,1471.7772536630728,1.6553861905293776
9864,155.41212830493265,-43.38091081237235,1236.4516615101215,1471.143039104704,13.324868072437715
9866,156.6873956052284,-43.931708445340384,1862.088324459664,1470.5311003562456,1.0552872143666074
9867,154.17947685050893,-42.83558236337882,622.2050221336094,1471.623983639989,16.53335646334282
9868,154.77080268153014,-43.100224824038435,918.432764415958,1472.1313052821538,24.36318149072104
9869,154.81531813444002,-43.120543508446715,940.7927351576753,1472.4258292955437,1.826555682187594
9870,155.18181144640434,-43.28161308036973,1122.8412416607898,1472.0558061121449,4.922557225799227
9871,156.3284883499488,-43.78035134376992,1687.6580938545178,1471.8605198691998,311.11394995311775
9873,156.80378914752018,-43.98553054737856,1919.8143710965555,1472.594999657488,13.579277485952842
9874,153.47066311585564,-42.51865450614143,265.5711745964146,1473.0574338244435,5.524177945353127
9875,153.7041147835546,-42.62431743123617,383.593707897199,1472.9957212342945,43.49547893024864
9876,153.81253997278634,-42.67348123654821,438.37039097017566,1473.0878419486062,8.180909524325948
9877,154.1370873289331,-42.81945427228667,601.7405709432535,1473.060714082435,17.010815085538194
9879,155.78905081933794,-43.54939429507491,1423.5987782872921,1473.114879684706,2.2887340420359457
9880,156.20871011972227,-43.730974627120695,1629.6429226735686,1472.9918147460057,0.9285913546886299
9881,156.58653642761814,-43.893673413719725,1814.3336667787878,1473.111201354233,4.205938379099024
9883,153.89291390566436,-42.71192850820813,479.52979745175026,1474.1855291239606,7.6894237284755835
9884,154.82672706261008,-43.128878154860566,947.4073401035735,1474.065318459806,3.4169447105999113
9885,155.16882797310456,-43.28059074012189,1117.7140992632249,1474.4023807385652,5.500457723273528
9887,156.6677685804721,-43.930419325592915,1854.4406595365344,1474.1013025510103,36.50802453836648
9888,157.02125462120296,-44.08090038946193,2026.1175849239344,1473.9950073879575,2.819103241761642
9889,153.3138096003202,-42.45105906028308,187.16936682278944,1474.915425123868,4.975158463701196
9890,153.43334543456635,-42.50664959582511,248.12155802721998,1475.5194543007808,1.4836968733137814
9894,155.8289504129736,-43.57097918659353,1444.4081421859867,1475.23758289569,3.8882578677087056
9896,153.23590716311256,-42.417124587012935,148.09587321581384,1475.6948019882075,0.558096699803293
9899,155.74285259588962,-43.5343558196865,1402.2406867494542,1475.6534643117643,2.367580397261607
9900,156.49750950390805,-43.85997883799025,1772.1209440980122,1475.3611329441108,5.408394471539437
9901,153.14427825600958,-42.377039370958,102.06315751945735,1476.5577640195784,1.755156084426125
9902,153.61955548967816,-42.59388712019662,343.15672889272196,1476.8971111225628,3.434960477032202
9903,154.9961862410918,-43.208943019388684,1033.208569822522,1476.628882733411,5.3651207857718175
9904,155.2510842641745,-43.32309172763188,1160.2820031091726,1477.5686646919435,12.152213072624537
9906,156.16912956745313,-43.72184020023724,1612.4185574298965,1476.9817279533122,5.003933536068595
9908,153.08059387863344,-42.34984339680609,70.2507786242856,1477.5078609135833,1.93871805373641
9909,153.67257445145214,-42.62010635658494,370.595196266014,1478.0031867597952,9.39529812090228
9910,154.20279696304698,-42.858478560820856,637.4969131722389,1477.8314159375693,8.537570100565791
9911,154.2536514673548,-42.88111708461614,662.9790133211989,1477.7639294814367,16.635732839451663
9913,155.27942895278198,-43.33622544996817,1174.519994184544,1477.9101371412557,3.225354965717281
9915,155.79276016354203,-43.56170435144314,1428.3734769271637,1478.4752988372059,2.3555200300130577
9916,156.25222527338022,-43.76098721294397,1654.010215799024,1478.6331535895804,1.2436663746717298
9917,156.2677996262173,-43.76627084294362,1661.2437219711805,1477.9153882423404,10.284877505248163
9922,154.89110587007346,-43.16679589803184,982.137408707871,1478.7737123113511,1.4647583254132701
9924,155.65053576238194,-43.50186080401504,1358.8708615804087,1479.526142683255,23.096065621388945
9925,156.2828450653491,-43.77475251294537,1669.1488532803858,1478.9178953012574,3.6866807944387014
9926,156.45331057439807,-43.84772784599173,1752.3648726110566,1478.7379585740239,2.241862580971979
9929,156.53609534819591,-43.884507141811774,1793.0971862471401,1479.3666323745922,3.0713000695996935
9930,156.6670883454252,-43.942210978541574,1857.356391292633,1480.172135023865,4.603128257120884
9931,156.48016309018672,-43.862886802917984,1766.452721820374,1480.5601887270925,22.465307513844884
9932,156.59200858258666,-43.91106871101911,1821.0547081019806,1480.6717593973808,1.2383811163316643
9934,153.5232546767287,-42.56038914145401,297.4255803837508,1481.9498161194144,3.8197252811983886
9935,153.64956862144751,-42.61755778446287,361.2672590469593,1481.9179674822624,5.388201500985322
9936,153.6979174568628,-42.639801396279914,385.7945214077781,1482.103100960834,5.234685765968043
9938,154.7104711445388,-43.093284647130574,893.9644399457827,1482.0343291164552,4.2411757732725945
9939,155.5652178299053,-43.46828718042365,1317.7869385934127,1481.360628227552,1.645679530575609
9940,156.10615900023282,-43.7054762388107,1584.5122609224293,1482.4218737203958,7.031612365692563
9943,156.42839268832725,-43.845986575229155,1742.6233477472688,1483.2381666078043,811.5873837831388
9945,156.7706999887969,-43.992706925399,1909.4318011064474,1483.2994491555935,314.0639859242184
9949,153.98837954079417,-42.77501481895799,533.4251345987343,1484.207512757415,12.694434367859111
9953,155.16920635222004,-43.29866627144977,1122.9239524299842,1483.3603490087664,6.850180882895887
9954,156.9711827800069,-44.08007627046197,2007.2874698667886,1484.28383414071,1.8596393183382691
9955,153.58732036172225,-42.59546421975986,331.58962435211754,1484.9521338370612,4.687895891511161
9956,153.91584582520372,-42.74488406931574,497.6420772213245,1485.460319752672,1.4354117661625272
9958,155.49024428964344,-43.44297317940941,1282.8291901597681,1485.0938449052564,2.6690883306279303
9959,155.58982764233943,-43.487040302395876,1332.1534298703987,1485.370156012064,13.022209622814296
9960,155.73491519964944,-43.55023856689744,1403.6681507295498,1485.3426218444195,10.58724243639283
9961,156.12309239185524,-43.718355187152525,1594.3316553617142,1485.2103626869762,32.83398196427359
9965,155.23382724486612,-43.33284650502458,1156.5806017104082,1486.2427671019238,14.46717095651187
9966,155.31840819927453,-43.36833080624074,1198.016350915293,1485.4128522194835,2.759899833275612
9967,155.36275141149673,-43.38964222369523,1220.4850646952732,1486.3446119680555,2.135678166178781
9968,155.38551466274046,-43.39860259234891,1231.463996105611,1485.8353734143384,3.5836553996445577
9969,155.4102657539114,-43.40972585753679,1243.7843218850812,1485.9749298726344,1.5328956821051387
9970,155.6429609860387,-43.51022793520922,1358.3647573877622,1485.3717606506566,1.9734885385267946
9976,155.39778480794894,-43.40741838264901,1238.491895785603,1487.556633146798,2.083373971518066
9977,155.54419866520433,-43.47061109771726,1310.602015788103,1487.122294977545,8.798033310590515
9978,155.60870843702088,-43.49882952440982,1342.4520259094052,1487.1470467982167,1.1938278016126351
9980,156.72100166515952,-43.979243766166334,1887.3460209593654,1487.1992634538633,6.7660151842334315
9981,156.83415227192134,-44.02734593249347,1942.2894307959143,1487.1048656219361,18.18434971807607
9982,153.41439882990534,-42.522220769450904,245.62217229570672,1487.5526292870768,3.305171629596162
9983,154.85112011318517,-43.16737787930808,967.3952194416347,1487.9064830226514,1.9315639560428788
9984,155.13544841717655,-43.29436929159271,1109.1384422788067,1488.6427264762035,1.0035666171089963
9985,156.0280878791973,-43.68188260582505,1549.001777956071,1487.5285810247267,6.844218420854793
9986,156.31245183207955,-43.80397707424316,1688.1037255494828,1487.1841759345227,3.617706513987601
9987,152.93167623673997,-42.30491746227779,1.3621752841867856,1489.0694542901597,56.27052886756372
9988,153.47962364149853,-42.554282944497984,279.35886428812745,1488.7649074959465,3.8192399190062845
9989,153.63275262777492,-42.625531565786616,357.3213863823165,1489.6780596147432,4.392898742030915
9991,154.68119881038953,-43.09480724211185,883.4832842314121,1489.2851368210324,4.31961816769545
9992,155.36986956144406,-43.39800746847568,1225.4696567914625,1488.969297697334,28.33873803887804
9994,156.21582360569562,-43.76686040531366,1642.0622590127512,1489.4570934070232,24.378000843924337
9995,156.38861143362678,-43.8406348886857,1726.3761563548128,1489.1353175432484,6.399759762745836
9997,157.03025925217494,-44.113671889396045,2038.1763804118805,1488.5542489216937,25.635788472708892
9998,153.5122296217264,-42.572931246171805,296.9848852012463,1490.6818451999009,11.303322612705758
10001,153.49735827392183,-42.56589128709518,289.37574667598614,1490.536268119728,176.98476943651897
10002,153.7736512117854,-42.69227857807702,429.3274859815441,1491.196503880883,5.413889710911542
10003,155.29841146184341,-43.370505221279615,1191.173678421756,1490.8918541747814,4.71458946421594
10004,155.697013604365,-43.54567139949212,1388.2937362172286,1491.3237047858029,4.601690024180468
10007,153.8278567947081,-42.7188792159468,457.2769387409235,1492.2621454243542,27.65970545804412
10008,154.0089460591989,-42.8001131339804,548.355432194852,1492.1078242185195,12.31974594840177
10010,154.5941318568418,-43.062285959238444,841.7766039521138,1492.3655042888547,12.437925349247218
10011,154.99982942751717,-43.241026942533026,1043.6049351703807,1491.8641083476925,5.14487043865748
10012,155.07151585964937,-43.273161394543,1079.3592383028179,1492.1213768990567,12.369177343811398
10014,155.34594842119864,-43.39365589235749,1215.3451189594268,1492.0400744469457,8.283478532039068
10017,153.02743727767387,-42.35556968938779,52.113605903367635,1492.442113142689,2.026329468565209
10018,153.3411376317011,-42.500701132835516,211.9709297467629,1493.4220749416813,1.4170868728031827
10019,153.91498332899886,-42.75926895520964,501.4899468441819,1492.8218812705982,1.7136208801293988
10020,154.03200296238418,-42.81264700524592,560.5767036339884,1493.1899093208226,230.8225250344932
10021,154.44180947294285,-42.99638796985992,766.190242954719,1493.3329285175744,71.21584153293274
10024,156.7269383756194,-43.9938896869329,1893.4810817002187,1493.2840146060466,2.485112599344611
10025,153.2035126715901,-42.43874494106106,142.38701544542323,1493.7948636431754,1.1204192646806341
10026,154.1532850732555,-42.86825998630776,621.8466457875464,1493.7759891363737,4.525320590929337
10027,154.40905954008923,-42.98227081810613,749.9430441146702,1493.578821124182,5.212515056941479
10029,155.50749919902552,-43.468347174684666,1296.305586297557,1494.0194133379816,1.5048284522907742
10030,156.30911580052393,-43.81676635175572,1690.3348082779155,1494.3232249376808,4.475013681371781
10031,156.38256224038753,-43.84878191936084,1726.3332027408483,1494.530260775068,8.897179452067181
10032,156.55462908310255,-43.9222802668246,1810.1751872321454,1494.346566344099,10.31243527525194
10033,156.63662978163077,-43.95584327426217,1849.695637194969,1493.5668485872611,37.18800792828362
10034,156.8616635636679,-44.05339880603584,1959.4754713844918,1494.3069873358986,5.118202837464286
10035,153.07946171878743,-42.385170887283365,80.28536858280772,1495.3264334100768,2.5287137334607945
10037,154.35671878717568,-42.9614270153347,724.4615921403504,1494.8380870052188,93.55552390029534
10038,154.36603440011453,-42.966628117931855,729.4245730179198,1495.3572360889198,117.58537114155283
10041,154.61185945977286,-43.075864865877996,852.2501864626006,1495.2096990674834,6.045866392218285
10043,155.4376333173876,-43.44005073640527,1262.42077348304,1495.1547108611514,9.656882251181989
10045,154.65151669411577,-43.095073705963145,872.4951278095402,1496.001362895673,910.9055136336474
10051,154.30419094667457,-42.943008637802215,699.5983524733379,1497.359826652793,1.9240289821185474
10055,154.66614186446483,-43.10644316307851,881.1773937072842,1498.43498279878,4.179978450193871
10056,155.87675504967038,-43.63815101347671,1480.6848255748657,1498.4949297793123,1.9302059439985488
10057,155.92632079038094,-43.65858804212203,1504.7429760930117,1497.958361365935,1.01354150864529
10058,156.87858553133242,-44.0686731937672,1969.8411916899136,1498.3616030468115,27.198446135312743
10059,153.28250127690623,-42.48537160148007,185.5909946611275,1499.0757485484257,16.94702525024787
10060,153.46016782999493,-42.56587028759569,275.4989195833781,1498.926554995849,2.8955791622356615
10061,153.63809592909035,-42.64636149735208,365.39466568361206,1498.8445352515607,2.570330162300692
10063,155.06387817043685,-43.28324732822012,1079.3491537723569,1498.8471940371865,5.11632022290419
10064,155.37630543225038,-43.41952599882835,1233.8658296416531,1498.3260751293944,3.4247040247537126
10065,153.05302578249982,-42.38234278278788,69.58889134247416,1499.9295377974477,5.522778849575421
10066,153.0978948237948,-42.40322432195704,92.50188169425104,1500.1116947364003,2.3632296368341628
10067,154.4303639330586,-43.00485179013842,764.3438315797175,1500.1039766306974,3.0840558249549095
10068,155.01656206261583,-43.265968205470536,1056.8621069269718,1500.6405337515184,2.365993006001338
10069,155.15374735730197,-43.32547437869579,1124.6819725005964,1500.1697916471678,3.704077486002656
10070,155.4392346343407,-43.449041254999145,1265.518822244735,1499.3036653781228,6.677203077372348
10071,155.96407867106765,-43.678883142347296,1524.3597964608516,1499.9257159224596,2.0240095126586146
10073,156.67023568909607,-43.98358454342281,1869.6415891157071,1500.2813043671058,65.48933523955183
10077,153.9033812259896,-42.77047809292415,500.4130098762686,1501.0102350726017,28.985758477438512
10080,155.83929752514882,-43.62781890162766,1463.9044923803378,1501.4688098171703,1107.1580091886722
10082,156.55025248660777,-43.93372896838488,1811.6340878868955,1501.0376751677532,2.017555214773921
10084,153.34627945646994,-42.52036354756505,219.67003765566182,1502.0389075996054,4.73280373253515
10085,153.72262317544875,-42.691113008890966,409.9595271982554,1502.094462991545,2.620780275752378
10086,154.4541249271603,-43.01957164636194,777.4074124764536,1502.1620793756988,200.32005646025453
10087,156.3185209219384,-43.836142806572305,1699.0916659052732,1502.0145846983294,4.793785833807133
10089,156.97610800038208,-44.11796092732426,2019.2024298329786,1502.2806036939712,1.4538067212742924
10091,153.68529913370986,-42.67596755850778,391.63081371345737,1502.9534998302045,2.3916073669040476
10092,154.18954133734832,-42.902601620778064,645.2505306809654,1502.7975415979936,5.805671926247776
10095,156.27098232865092,-43.81763600237328,1676.3892973331183,1503.001104004642,8.427528771184981
10098,153.24249844027733,-42.47739385939923,168.323993638224,1504.1729807374,18.256511089985647
10099,153.32824220853144,-42.51622816600388,211.7284813418871,1504.0643812727126,4.476574875770921
10100,154.25001128758697,-42.932074820678935,676.2637059197988,1503.993500155494,2.440455338025221
10105,156.20161413666122,-43.79011071365958,1643.1067886205724,1504.195909398203,3.4454623217670934
10106,156.42367204360787,-43.88578382359198,1751.6353001550958,1504.2344611120361,35.8067482814623
10109,156.8605818041682,-44.07228316762957,1964.1171675614528,1504.0305158752908,2.780133407298437
10111,154.3285355621214,-42.96811536000614,715.8733899057919,1504.4560221354025,9.837128215117346
10113,155.71982145896368,-43.583418531636575,1407.2080261121253,1505.255785475146,49.86238796623124
10114,156.50641712956804,-43.92283783913657,1792.4038180051898,1505.00561046807,3.157441075309611
10116,154.31407415320612,-42.9647118548271,709.5079541147833,1505.9820088883077,33.57664276278254
10117,154.7762751058573,-43.1703318196581,940.3411746970634,1505.9421760128103,2.1317640409719107
10120,156.52781394110005,-43.93315367529122,1803.1391780202798,1505.578299158788,1.345119114889172
10121,156.6635021513693,-43.99118464119511,1869.18088048414,1505.5452650694667,28.993050953265243
10122,153.66453914267896,-42.67495784704908,383.59693890455213,1507.1249796758427,3.542755599407991
10125,156.68599151758966,-44.00372493199885,1880.9039661316863,1507.0149922333196,2.1042680054521394
10126,156.76317899060805,-44.03655017206217,1918.380078571012,1506.9441458098268,7.768342578582668
10127,156.806410320792,-44.056578498448836,1939.7987614658036,1507.7410954374466,2.0501983103844053
10129,153.33521300981437,-42.52706518634849,217.51453337215443,1507.8766484165174,19.064912814791864
10130,154.6415058092203,-43.115491641747695,874.5698856624558,1508.4167264245207,11.709064490478315
10131,155.03350473906534,-43.28917205730816,1069.7024779421665,1508.503491024648,8.495585115257128
10132,156.40699407554078,-43.88655509602883,1745.644554234664,1508.218153708306,6.17536552076653
10135,154.0136546015391,-42.83612290568937,560.521180724262,1508.999819977754,2.6367946880137807
10137,155.79129591584154,-43.62289809986011,1444.6893828075993,1509.4552067083853,8.524848159571004
10138,152.9450337993198,-42.35258762036446,20.500636194291516,1509.71150575687,6.448478842218994
10139,153.224266644063,-42.47986449626173,162.25515318362503,1509.5340297065231,2.1692187508864427
10140,153.58125792349912,-42.64335685469206,343.3266683508281,1510.1591362459553,4.0787305173390065
10141,153.79508356678156,-42.7403024727489,451.2830895173555,1510.2970561059312,3.471247974219656
10142,154.11216883079035,-42.882450254673245,610.6092787638028,1510.0437242042033,8.676521363066895
10143,155.2438310737777,-43.385511041512395,1175.0421649710881,1510.3870777480977,2.5600072059332386
10144,156.6117018604374,-43.97795537259703,1846.3785416794383,1510.030946314507,3.330364419711731
10146,153.10090429910542,-42.427301132552664,100.74565666614014,1511.3950830473223,2.993253483934016
10147,153.69481045160126,-42.69703643697524,401.31710963003513,1511.3024770934219,3.859838957418428
10148,154.1791195066119,-42.915363112318374,645.0389260604156,1511.4885648050295,2.8837261034871995
10152,156.84474236526228,-44.08038374636565,1960.3981644540384,1511.4931609054095,192.10181120981682
10153,153.35718751922695,-42.545645902094016,231.16836876081712,1512.146115028073,4.0520430795974125
10154,153.75337628193395,-42.72680268792118,431.8125497546495,1512.9491776970892,3.829149915437377
10155,155.05756281132406,-43.307136912001106,1083.7133743542734,1512.1813204666655,0.689580653812361
10157,156.02631056027676,-43.72984249009046,1561.4656480684228,1511.9599602331348,7.150413566899637
10158,156.29974150508795,-43.84764074475667,1695.2307343307486,1511.8404057705247,1.9478316431216047
10160,156.41755885869324,-43.90078476663107,1753.421338570589,1513.0818286762872,51.18131766661484
10164,155.9037981481645,-43.67981364911406,1502.1908866217875,1513.4922925801902,274.36036419821755
10165,156.15147337538406,-43.789030242090654,1624.1690440354998,1514.5076523711036,56.35567855370275
10169,156.8957107131489,-44.10711735330117,1986.4595365203643,1514.0202770109584,0.998359359808759
10170,153.5356475512505,-42.6330715158674,323.3192582903675,1515.3263623250873,5.898927165051832
10171,154.13617876784275,-42.90310819023659,625.509839286597,1514.973834149181,73.44388864175062
10172,155.13580341461852,-43.34716191938839,1124.0831725303135,1514.9626150290746,39.008349959351634
10174,156.50447216875156,-43.94212920898807,1796.8868328737146,1515.1094380812767,4.154506531065067
10175,153.39074280286582,-42.56865369697897,250.43381148263765,1516.0015641751304,4.325407910741687
10178,154.51020154284586,-43.07285802806312,813.5152223650027,1516.285618624636,3.0494633785760494
10180,155.59459498141064,-43.55043256437069,1351.4914263997364,1516.0697866290739,31.802525845619208
10182,156.74273117932043,-44.046782894870866,1913.5266303503483,1516.4700448903761,8.79765909674085
10183,156.9094430480153,-44.11772549641522,1994.3865679153466,1516.4147366414227,25.886816458244333
10184,153.3748356535337,-42.56280117884498,242.78658853490003,1516.6872455458436,6.8378798432656716
10186,155.6586270470105,-43.580444229719824,1383.617849648414,1517.1156785717185,5.299017227382138
10187,153.83830154832938,-42.77492864154999,477.4476819308084,1517.8346277439248,15.044857906560406
10189,155.1900957640793,-43.3756900124324,1152.2899758979522,1517.2852186911464,7.463358187731129
10191,156.43840818181818,-43.919906825104796,1766.3397615541899,1518.184920014576,1.2420991958974745
10193,156.99591103760199,-44.158288151874224,2037.2825290939152,1518.3252481743373,12.609262348065377
10195,153.75992168819857,-42.741507808912694,438.5298938449135,1518.7999327150378,10.035292478055641
10198,154.42734996851914,-43.04109477680769,773.5837546867185,1518.8582444703702,1.4685472322289792
10199,154.61942128074375,-43.12647401207686,869.4671066770165,1518.7979335716225,21.078783975794295
10200,154.7037950395995,-43.163907792799705,911.5237570386162,1518.783508059737,5.7383640379710075
10201,155.41262060518025,-43.47706120541184,1263.410605268013,1519.155987504937,24.348947837502994
10202,156.07589352450677,-43.76571121528377,1589.7078162087128,1519.1890298181602,2.0099182655179373
10206,154.1198477929744,-42.90642667099139,620.3818017483619,1520.2783613567806,18.85418013860735
10208,155.88599710649478,-43.68618199573544,1497.3199394622884,1520.5534141632604,2.6405968396127872
10209,156.09296350459243,-43.77503256095105,1598.599212658305,1520.1627716252722,2.555802112388686
10210,156.87890584899782,-44.11176479370738,1981.4606932143533,1519.9513838186567,8.199328075417464
10214,154.88852556153796,-43.25086502852083,1004.9230007178581,1521.3513859424575,7.701527083019954
10215,156.23869458371286,-43.83945249391371,1670.3169083924506,1520.9253104836744,16.15922302920414
10216,153.1885323195132,-42.48840657735304,151.45640036290166,1521.8822235018965,10.13442775251402
10219,154.63667326314305,-43.14165079337267,880.2073615302571,1522.5479505060202,11.671521881659023
10220,154.76059335797967,-43.195561253353446,941.6492382040469,1522.0133288355612,4.813724798622213
10221,155.89403103351975,-43.69324932562541,1502.2481027217923,1522.3480035960097,7.86423788974934
10222,153.99864094560164,-42.85780663661416,561.1952055384772,1523.1672321011974,5.231742569049042
10224,155.84052159973692,-43.67173516143719,1476.440064974749,1523.205732652245,9.094887573076175
10227,154.1896089271289,-42.94483621829827,657.4271682955062,1523.839972555383,11.705669085597922
10231,155.93524899172175,-43.71355368673339,1523.1447738901604,1523.5654200479046,2.2066283072460804
10232,152.9291326081539,-42.37556248732746,21.396244786718306,1524.7437974441211,19.907701778743213
10233,152.97561226254305,-42.39773405336749,45.29449006402314,1525.180676017133,6.069604192098711
10234,153.32674651726308,-42.557929927101235,223.43535831983223,1525.1420224731662,3.5108290394528603
10235,153.81484507273836,-42.779075281894386,469.9126893931447,1525.1667527363488,4.15889737515058
10237,154.3827993359666,-43.03406760158954,754.9814720366131,1525.267088555476,2.6062455948865346
10239,153.29024573886903,-42.54248627459149,205.29258788719406,1525.7234725148198,2.2400322430243
10240,153.8748761629798,-42.80735923674691,500.48414762094956,1525.7780978472972,54.27394104816088
10241,154.36345371549433,-43.02756492453248,745.9157222376577,1526.3305894092778,1.0690731367711173
10242,156.1825040872985,-43.824771068842374,1645.4409501124924,1525.7146623300446,2.4313724931109144
10243,156.98739711670189,-44.1716267761384,2037.6700668595938,1526.8490264487302,1.9175560025976899
10244,153.53220593245206,-42.6555332662236,328.6081923923433,1527.2793577751004,5.138180758231358
10245,154.72494435487422,-43.189249499353515,926.5879153477823,1526.7529361476259,28.110413453867853
10246,154.7431588530007,-43.198985512921716,936.1290530540554,1527.5819977692918,8.38985178509989
10247,155.05236277129148,-43.3344680653324,1089.4610138752566,1526.9877571784984,1.2112937474167522
10248,155.08463105374523,-43.348667740025675,1105.459241812176,1526.9787625488955,4.540433648848593
10250,156.0103136700858,-43.75280830029299,1561.8028455907054,1526.942562722897,5.395753741240026
10252,156.65916053093179,-44.0317896571301,1878.474131732863,1526.8713385269311,5.634646177850715
10256,154.50133537110702,-43.09210993145249,815.7058926386842,1527.8624350851926,5.10095398935623
10257,154.8571146104238,-43.24857746696934,992.5839534514625,1527.1477387120349,3.9668107757477666
10260,153.88235335447146,-42.81627151923656,505.8536826787236,1528.5395669684278,10.046762908761869
10261,154.34731914091947,-43.02577222386459,739.3942183703422,1529.0294023179488,0.9793858899935006
10263,156.87447799142424,-44.12916208458027,1984.4593357423084,1529.6414254649949,9.684705063526566
10264,153.23437394450866,-42.52508993243325,179.35395414660832,1529.7275256205014,5.10546706709472
10265,155.2794538815933,-43.44064009454207,1203.7092535521683,1530.136480490476,5.292866582075635
10266,155.37104951194164,-43.481329663609635,1249.1336598254604,1530.4001848201294,1.7708282036589273
10267,155.97584201481018,-43.744075764730866,1546.5998637989003,1530.0464924437156,3.863020580097463
10270,156.1787483023787,-43.83440899700502,1646.6701135559301,1531.3602820932936,2.133902225492163
10271,156.29624819042377,-43.88440412873987,1703.911526437071,1531.0380655388249,9.869102904602375
10272,152.88205294656282,-42.368349036320765,1.7135578748069888,1531.8809219106843,5.3874411730960805
10273,153.37678917898359,-42.59510111494088,253.00112153132014,1532.3097249141504,1.4677828104490542
10274,153.66326620395017,-42.72418666223928,397.47791663912903,1531.916992279771,9.066658227214225
10276,155.59002381789068,-43.58127619792912,1358.3333247992,1532.5085687595008,2.318780059926684
10277,156.04486858990188,-43.77688861940273,1581.2313492505255,1531.5180002555012,2.7996537544275997
10278,156.96292296886048,-44.171992298095304,2028.6872714646745,1532.2598815784374,7.093707447567391
10282,154.92097049104078,-43.288248841582416,1027.5502239588213,1532.863721702861,18.01626971652908
10283,155.03898568808725,-43.33935892910086,1085.8582633663907,1532.3788170530502,33.11202913236572
10286,156.59101450355058,-44.01510781945829,1848.6908514031363,1533.1324859533079,8.342277796031626
10287,152.8899723954764,-42.37567473320294,6.840974991261219,1533.7152548020917,5.177208567205645
10288,152.9359737563863,-42.39755044127931,30.473400556156914,1534.1076662747487,2.3253668244281487
10289,153.36360190966653,-42.5914436888172,247.0149571674287,1533.4720650738413,225.56854556674526
10292,154.71494373057794,-43.198629647618446,925.5259416433706,1533.650514086166,1.6061459710030361
10293,155.01503595448762,-43.3330791161723,1075.1809176974257,1534.5175608595998,20.06786098753891
10298,154.01437560778427,-42.88944078247538,576.1981826213884,1535.4058669733965,9.457579715265906
10299,154.330157330493,-43.03083781173728,734.4559599645432,1535.3779429443819,3.222985264508703
10300,154.6029255588243,-43.15108768043724,870.3275998200988,1534.7423751678364,14.46239414207994
10303,155.146310332132,-43.3923183079604,1140.6565760070916,1535.226220911453,4.188989211682384
10305,156.1394708831129,-43.824607057519,1629.4075187815101,1534.9452866968259,3.858902256198656
10306,156.4283593594294,-43.94945805801349,1770.5962378538675,1535.180585767838,75.18735195176198
10308,153.33817162607718,-42.58528232049064,235.73290884428422,1536.158579353709,4.255869244608087
10309,153.51286705959643,-42.6653715847809,324.2836696228067,1536.5358499642969,7.8701346712490166
10311,155.07606236039908,-43.36223785510499,1106.0825006081222,1535.6476635836163,3.0150263295179136
10312,155.4838861187221,-43.542295729774594,1308.0573972005914,1536.1973448413746,10.495886034659764
10313,156.83948744638673,-44.12760971278262,1971.0618935055177,1536.348425320285,1.7129547081978973
10314,156.87553014434255,-44.14144054219892,1988.1255888507824,1535.5862036584415,2.575270788776915
10315,154.3724565164923,-43.051701719274554,756.1779439510636,1536.3647751951976,41.412188442711155
10316,155.97957454834534,-43.7590755020046,1552.095290386158,1536.753273192383,1.4407466647619513
10317,156.53453504523625,-43.99762131141514,1823.0155709094522,1536.4965934436946,620.6166745586494
10320,154.7883299689836,-43.24033003297561,964.6524659454693,1538.2331522061315,17.766316730955193
10321,154.88905109933046,-43.28525356867143,1014.8281152981086,1538.4134763594247,8.247724449101385
10322,155.0493912427671,-43.35617032968311,1094.4557556925704,1538.4880908467535,2.017788666298917
10323,155.8534831454094,-43.70771121063947,1491.1491000294343,1538.408786093427,271.13122322952023
10327,153.84148132751073,-42.81768784340265,491.04359906454624,1538.4150186289883,5.952159094937901
10329,155.81430647325976,-43.6907472738158,1471.9250941570454,1538.4328667272216,6.383401137280767
10330,156.08031955850223,-43.80647047048341,1602.4851561880396,1538.6627114150651,1.3711801754298998
10334,155.06191121167285,-43.36458263181498,1101.4770543260624,1539.9350559674529,5.513379003438197
10335,155.53273450911013,-43.571731086442895,1334.388321253466,1540.24690744946,17.945381949472125
10336,155.65928418456298,-43.62630168639159,1396.5376878407258,1539.932221218747,1.2773996719499339
10337,156.1788565854204,-43.85160631373701,1651.3932569158237,1539.9600082617426,8.423940600764968
10339,156.64488275352508,-44.05196372092176,1878.5926174467893,1540.0669714944547,3.5713249993719383
10340,156.68464524875952,-44.069204389050746,1897.9758270386196,1540.190856705385,2.229036751304951
10341,153.21552099676842,-42.53933686809531,176.53171973934408,1541.0804230466726,2.715165486699161
10343,154.43442118991555,-43.08910839221069,789.9401261047568,1541.2374278755221,1.2113645326943026
10344,155.86964483995345,-43.72014469975639,1500.5710401003023,1541.1234521748797,7.059535178291661
10345,156.7471875111246,-44.0986179610321,1929.064911436755,1541.5520954603783,2.958708643275518
10346,153.27336895864542,-42.56749510648391,206.3681189174447,1541.977162927274,1.5581421060779943
10347,153.41977290217864,-42.63403045034916,280.4344963980569,1541.9578968644855,7.595504309889486
10348,153.43765273940986,-42.64242503241165,289.55378260720295,1542.0952919641002,4.779145071734863
10349,153.74160833711588,-42.78008985006917,442.93307078403745,1542.1245124956376,4.106372878340896
10350,155.22827015709396,-43.44220188644501,1185.1085370472604,1542.1538771260987,16.70069474836354
10351,156.5584671472108,-44.01870162601134,1837.5772304125774,1541.9321505009384,3.6188133434010457
10353,156.860804272843,-44.148085008250106,1984.4358184552148,1542.0746566533433,9.120530266956669
10358,155.9039534831435,-43.739481059352045,1518.6272575407786,1543.3546790398784,8.597168391671609
10362,156.809655585978,-44.129477738354545,1960.4941866997187,1543.6723929253378,2.0635190357569537
10363,153.03769973433293,-42.46555141534925,88.51811802201999,1544.7563422972667,1.6747610475283716
10367,154.74127171687178,-43.233650793006355,945.2522407681512,1545.307408472512,5.981764675333588
10368,155.5669991792987,-43.59725642878626,1354.200287341804,1545.5351837661544,62.53207110968903
10369,156.75484973274553,-44.10831754388072,1934.504357359664,1544.7818083934237,28.848210534170885
10370,154.29315298191355,-43.035450265416245,722.0048348320172,1545.921317866706,9.97626253468192
10371,154.30785284201806,-43.042987217060656,729.6364382886771,1546.4042976801675,5.078063278590526
10372,154.41990115010185,-43.0931080159851,785.6797648624951,1546.4609691725236,2.098707559524033
10373,154.66073633648776,-43.19909792981406,905.4877126385253,1545.8897712375735,6.849523621132768
10374,155.660383790083,-43.63916578924735,1400.501178587024,1546.1323175836283,18.747685484156424
10375,156.51283012789995,-44.00831720772842,1817.842644265238,1546.533584535253,5.076320556153442
10376,153.41216541831372,-42.64051589685957,279.50449683960926,1546.9012517659176,4.78240716978565
10377,153.62402267819616,-42.73674467177518,386.528090755621,1546.9997325614431,5.504349451466593
10378,154.09879577973405,-42.95129642010673,625.4759522945939,1547.345195363203,35.961400518016276
10380,155.2801272919096,-43.47478836144115,1213.4974595562637,1547.065131427246,26.145051026748636
10382,156.01569089662135,-43.79480812110906,1575.291999615764,1546.825292814074,3.867132267570304
10383,156.03604484702385,-43.80387543515337,1585.3309343226451,1546.9566158187856,7.4153414363245105
10384,156.33274978544753,-43.93287075813953,1730.6105693355428,1547.4712808800537,13.951641441882781
10386,153.0005429395546,-42.454657563556964,71.45697238485958,1547.787431461673,1.7893814831984247
10388,153.98607328906363,-42.90283343213349,569.5328390621122,1548.4128563647816,3.9822128830419263
10389,154.63812635417307,-43.192179443884775,895.110545708272,1547.446496884271,1.678405447955672
10390,156.26815562928834,-43.90716202450279,1699.6576962593615,1548.5188587088323,4.406455528918939
10391,156.3068073641749,-43.92279912222144,1718.2497600609793,1548.01716134546,2.276641267644948
10392,156.38643416065375,-43.95529458543109,1756.6104692016115,1547.143829159162,2.3583498632128617
10394,153.83930784140685,-42.83851249524734,496.2777813442877,1549.2718283693182,4.056114135873024
10396,154.67712629438427,-43.21190164884423,915.2206646418377,1548.6500070305312,3.1741399467203397
10398,155.47008085408243,-43.56188863184748,1308.3674201020176,1549.0200148722467,2.084147567117135
10401,156.3473591436607,-43.942423035800914,1738.6217807191656,1549.1115745747784,1.7289928985744687
10402,155.16999519087614,-43.43206458771733,1160.6027486907376,1549.8874324771805,2.069125758773084
10403,155.78314462116674,-43.699311066127486,1462.7035628996152,1549.5025775190468,4.363149541888473
10405,152.8573584000072,-42.396499976345154,0.8879910881755072,1551.4826146491985,3.7789747705397954
10407,153.89944744004646,-42.86864521205495,527.3981224255365,1550.7896764484642,4.42650470579703
10408,154.98460078137623,-43.35341211864696,1069.5829473373356,1551.3837732653324,3.006923720556144
10409,155.11352964951107,-43.41027615241496,1133.5016321364644,1551.4112129351054,3.237767852466968
10411,156.15041047093408,-43.86049460567805,1643.2510271361023,1550.56974148682,362.97254475796444
10412,156.2075421811973,-43.88638570521291,1671.509705179848,1551.1958791151326,1.0460713875957652
10415,153.846750385681,-42.8471523786546,501.5546600529195,1551.90393857477,2.554858558275532
10417,154.91311072930924,-43.32263678403278,1034.3264918815116,1551.775299263638,8.717699391836348
10418,155.39997497897963,-43.536600863813604,1275.280256488383,1551.7113728997203,1.706585296126143
10423,153.03043613692148,-42.478767232575734,89.72736359930762,1552.9708616876387,2.234880727836933
10424,153.06361678298563,-42.49435806135703,106.69301850187793,1553.1807272370895,3.7450169291550064
10427,153.90975503753072,-42.87737994007646,533.7645134163256,1552.829256614174,5.026200860272163
10430,153.11660059819351,-42.5192171971963,133.76533343764845,1553.5070684213383,0.998255879970699
10431,153.29319425216596,-42.60110162905794,223.6389970080256,1554.196564155407,7.146125044198592
10432,153.46709698936456,-42.67958036047503,311.4035429859946,1553.9284864939307,8.124665273924732
10433,154.61232887334037,-43.19471538537987,886.2352246874642,1554.4296025249037,22.12933678102029
10434,154.95072796668063,-43.34418350641181,1054.3886833520046,1554.240607189753,8.255290878991051
10435,156.37517531053254,-43.96495644534536,1755.0468531666236,1554.417511256844,1.1730186231943456
10438,155.11965991106837,-43.419999331018985,1138.5080056043164,1554.9222406880274,3.225829115793799
10441,153.78797422449213,-42.82982716988316,474.6516867763541,1556.4686460139903,22.77308694729929
10442,153.97198171658638,-42.91252679025018,567.0915590518607,1556.3955121674262,5.547092313878496
10443,154.46366321387995,-43.13219557009128,813.1263079817766,1556.2298091009527,1.5536522137521187
10445,155.16482264689657,-43.442005516630545,1161.4643747449454,1555.9928511469063,2.025920243293875
10446,155.36321647337545,-43.52861737266583,1259.3961607716246,1555.76854118648,3.875025492711314
10447,156.18561857884816,-43.886239036376615,1663.3316194526406,1555.8615514509515,52.21821051965069
10450,154.77607591182957,-43.2712320831609,968.8421810029288,1556.3716696789033,5.326550658980744
10451,155.64075149383217,-43.65230773695587,1396.8389851186207,1556.9919334221365,3.1515912281746425
10454,156.35469342012001,-43.96215459981332,1746.6881223308644,1557.4273890086608,2.601848759897061
10455,156.5090461585289,-44.02798873292517,1821.7421338589686,1557.2195560876853,4.950470279531541
10457,152.86656468364063,-42.41340967366475,9.34253668726347,1557.7810943326585,28.14681911499072
10459,154.24424887238067,-43.03829316485924,704.6248372515954,1558.2373095353648,11.424934801777027
10460,154.3364194166872,-43.07876969181869,750.5185150473004,1557.8839779985428,2.8528318219680786
10462,155.60444817402737,-43.63891995800073,1379.650720988619,1558.210872271483,3.385374895232638
10464,156.0789132604953,-43.8450316173192,1612.4910668660527,1558.2946604619162,3.206678072628598
10466,156.8011362808288,-44.153839043224714,1963.8457613177152,1557.7327539007676,1.1889053750455219
10467,153.30890550822716,-42.617980407384586,234.4508817201722,1559.033050443603,62.08646359346198
10468,153.4726656637697,-42.692961061404574,317.39507598254437,1559.3267360600553,13.479617679428326
10469,154.14850045117822,-42.997530065620715,657.2879400737553,1559.2812762329722,99.76328201316869
10470,154.28614677041972,-43.05942556911288,726.2742275655465,1559.4348088391446,14.04537375087886
10471,155.21192758350773,-43.46877392537303,1186.4655232404564,1559.026180279161,1.7347696795467866
10472,155.62387514521328,-43.64954890682515,1389.8072973244782,1559.2919891983947,5.0262450142197785
10474,156.4553579095323,-44.009051652642675,1796.71683180821,1559.268510893724,4.217358678887868
10477,156.05827828282267,-43.83999709247645,1603.4565285355966,1560.2408664162772,1.7710412636622728
10478,153.32842443515491,-42.631012064400366,245.54554142693897,1561.0976509038392,0.4685031761407694
10480,154.60643862641558,-43.20475761520659,886.9002442372038,1560.746107628484,1.785087948994852
10481,155.85304105691722,-43.75281110072791,1503.3780778585158,1561.0939385721847,2.2019257130744827
10482,156.38167188208465,-43.98163181169795,1761.9699897353846,1561.3820675622571,1.776034818683677
10483,156.6981597253672,-44.11702128679835,1915.8117066418158,1561.3026896367867,157.60967083057952
10484,156.85193448286012,-44.18241735942055,1990.308610671326,1561.219398228885,6.241664934373454
10485,153.04220653168016,-42.50301033666378,101.28541937708043,1562.339186285655,289.2596732821388
10487,153.25741097977547,-42.60195146134654,210.57245790094282,1562.7152465302192,5.4588536787512725
10488,153.3436557848844,-42.64088453181545,254.11422020886826,1562.5625053180484,1.3240737849692188
10489,153.4574434308297,-42.691647303611795,311.34603392502294,1562.1074276115962,7.8577307354423205
10492,155.31326139514832,-43.51803143849819,1237.881930111026,1561.421348528851,4.527978888240679
10495,156.26463656684246,-43.93288446696001,1705.3357730503699,1562.1774812958633,67.8526399921396
10496,152.9159578167524,-42.447534104912776,37.86173715702163,1563.4820079733304,17.326323125343194
10497,154.01895317917425,-42.94683819902441,594.481823784438,1562.9745357639717,4.0867700273284004
10498,154.05287637897055,-42.96196698229169,611.467774037992,1562.9249089917269,2.5135880713125616
10501,155.34760635212405,-43.536117361033774,1255.685426273951,1562.9386838382602,1.1640888596615337
10503,156.19014993051118,-43.902970048590895,1669.5661518565223,1563.269639927634,1.8483479021635416
10504,153.6120201263262,-42.76521329940016,390.3685756659101,1563.8657970308811,49.125213787271846
10505,154.10486452320237,-42.987044094912115,638.036392363705,1563.8005821182967,1.8799819464039977
10507,155.13839556942864,-43.44523236858646,1152.5464612397739,1563.4133045521646,3.0107037304758766
10512,153.2158966137704,-42.5867216179176,190.6392824413649,1564.5442241778305,7.733797270200901
10514,155.1058916256506,-43.43315460701272,1137.080591345038,1564.523787929712,6.82142787191018
10515,155.3612425361032,-43.54700134244367,1263.7839003184242,1565.3943844253206,18.09033506692337
10517,156.33401135015956,-43.968210105463385,1740.6551690876856,1564.923913759953,2.8903209244227632
10518,153.57212846449377,-42.75173397128696,371.59221611213945,1566.1412503998235,7.9179828406551325
10519,154.77266395040624,-43.28881595419071,972.5513830644807,1565.9039654773558,9.241567984329706
10523,156.32206915338605,-43.963837016834404,1735.039986268772,1565.3061474463677,1.1532979485377353
10528,153.34395482094394,-42.651917377193634,257.46679903277646,1567.9793176055468,11.485363563093642
10530,153.90153671659795,-42.904377961715205,538.5268778119007,1568.1141096806223,55.43562531865878
10532,154.9814373184112,-43.38601573629851,1077.5847206739497,1568.3671082748851,3.222815785184867
10533,155.32188026525657,-43.53448986446696,1245.6742552841706,1567.7615379532836,13.5541777735445
10534,155.55171260257734,-43.635583354653996,1359.1397203453332,1568.0518122271558,1.6174723180580075
10536,156.17409032905377,-43.90539667929736,1664.2676018202935,1567.957480147995,1.1980429556051742
10537,156.2761499615954,-43.9490249655671,1713.9884773726733,1567.785440825514,0.929474851117643
10538,152.85493710574096,-42.43089240354732,10.213891197300029,1569.106781388649,3.6519892896389137
10540,154.89572467020892,-43.34943364472782,1035.422354315499,1568.99346066842,36.124414900001305
10543,155.94902043858673,-43.8105117537423,1554.8378094484606,1569.1533812098278,9.26537940520077
10544,156.40483438923363,-44.00709956051525,1777.449649466591,1569.167023789387,27.79478989704313
10546,156.79991646474892,-44.176756318137585,1969.5179456721953,1569.5035773479403,3.1638272716393314
10552,154.8202361095604,-43.31811201638242,998.5212673097345,1570.0175901868442,4.270361471978855
10558,153.55437844892916,-42.753798403933246,365.5925848467646,1571.1656179524025,1.5733447130921605
10559,153.67955820865785,-42.81036588627706,428.6564772348457,1571.1387939871563,4.967441427299669
10562,156.847927491396,-44.200264391196775,1993.585747486302,1571.0406699730347,8.058423097904862
10564,153.60501513704835,-42.777965877701796,391.48432328958506,1571.7863569976125,5.858285527175176
10565,154.05034110655322,-42.979064658918674,615.4580198277712,1572.0082745439183,11.932448964277775
10567,155.09367840844791,-43.44318986222796,1135.3579822218232,1572.2236414761876,8.90611684970533
10569,155.19881813145116,-43.490131554763764,1187.5694938539768,1572.5793776252056,27.56993793957892
10570,153.1373520139238,-42.567915395844864,155.87138842662054,1572.9946117494987,1.003938559800816
10571,155.34567342516172,-43.55505547895897,1260.2446055326275,1572.8315806509554,0.5035433758334961
10572,155.74205153357067,-43.72854802553548,1455.4969071169767,1573.0842133947883,78.78901840821679
10573,155.86280863090832,-43.779777246959426,1514.4110284297021,1572.4760587172734,65.83786494348524
10574,156.5346531125267,-44.069351444037565,1842.3834232938382,1572.4704571320399,12.529443230182562
10579,153.63705610270387,-42.796508754501986,408.8103972018284,1573.801813885154,0.928807313285954
10580,155.70773929066576,-43.71656328708535,1439.4561516335605,1574.5551027630695,242.43955269413308
10581,156.35827096110498,-43.99618165931914,1757.2282413896762,1573.7224260844202,4.934032172257562
10583,152.93270812902952,-42.4787639355761,53.36323544315559,1575.1773408850531,59.85868897486796
10584,153.18081911673292,-42.59254319328432,179.30679601658477,1575.3805818673814,131.517232153762
10585,153.4310898839943,-42.706385752156166,305.8614402018456,1575.3817184892746,4.865057096960623
10586,153.87614980580673,-42.90655715473106,529.7168981883059,1574.887563862341,6.670695610263666
10588,154.0357298477109,-42.978410023510435,609.8360468529777,1574.9482729030703,3.1952041795057933
10590,155.27984229428688,-43.531419446761596,1229.2030079969877,1575.4407102603477,15.180408524133632
10591,155.365614860749,-43.56785257008013,1271.2152980910034,1574.8633259402793,2.99680709651025
10592,155.46118584290048,-43.6098499694173,1318.3846920530468,1574.9566829892115,14.691737756794414
10593,155.57717474784485,-43.6605049610749,1375.4961853907046,1574.96311162896,3.285848449706631
10598,156.39596563879306,-44.01481713739755,1776.247562814733,1574.9480456049673,9.807634892557452
10599,156.76881553938702,-44.17496628782838,1957.514810766714,1575.2610807279984,1.8964441049277079
10600,153.1096784453151,-42.56125456408238,143.6109076132939,1575.9595761040557,3.105244173820389
10601,153.30009155137645,-42.64902154718826,240.30006810426696,1576.4542730224905,4.543694171424339
10602,153.85859051153605,-42.90224591337141,521.9378338513026,1576.676874875836,26.44716896039915
10603,154.68492256016253,-43.271084251190615,934.9149383277862,1576.4600248282422,1.7505130227869068
10605,155.06184408071994,-43.43786076909537,1122.0356273579018,1576.563101661179,7.205682295771467
10608,153.81097897320535,-42.881930539061024,498.340420746607,1577.2408264423052,128.64645216984326
10611,155.5491829259043,-43.65259696072284,1362.9140716977051,1577.1160460034646,1.7325929035970014
10612,156.79943056533799,-44.191523012333306,1973.2834830331878,1577.023130325871,4.104085438480977
10613,153.67099923548795,-42.82018958034654,428.33514749266965,1577.9504246497402,8.060481167188476
10614,155.43562993068025,-43.60478814014165,1307.489326513348,1578.012916057171,1.5069866642775196
10615,156.09324416569137,-43.89010890700466,1630.1095882974623,1577.7817857614157,10.32185373281551
10618,153.76938055704323,-42.86643746770733,478.373101885234,1578.864033174322,5.482327264059675
10619,153.88063379496543,-42.91742653012246,534.5339464849944,1579.293751219853,9.360704396842577
10621,154.45241863561327,-43.17245896318973,820.4392204786875,1578.807387982147,5.505554859251832
10623,156.01992720206204,-43.8602665379219,1594.7635394361776,1578.705076463283,2.650518224281779
10627,154.61542946685464,-43.247392833172,902.363244127944,1580.025595480089,1.9830471172736532
10628,154.8446695989291,-43.34900853086051,1016.3312579420743,1580.0472318016564,2.00326776943203
10629,152.91185318995448,-42.48072636325811,46.18967811559889,1580.8934583628447,1.213527727892092
10631,154.6282655520736,-43.25545508831948,909.4239818366045,1581.2046714300802,2.0830917087200214
10632,154.82928750002336,-43.34491582733292,1009.4603712332106,1581.3996892955724,20.82145651257454
10633,155.06799302021696,-43.44915339759578,1127.49040001388,1580.8517857391814,6.1602508129739215
10634,155.42211294177096,-43.60632651479467,1302.898495214797,1581.7384161193356,4.550454575888888
10637,155.749432086012,-43.7486206154817,1463.7662600478636,1581.525870490638,21.96054461147646
10644,156.3650148542387,-44.01480858906315,1764.7701956983951,1581.6106481802963,25.177980856489324
10645,152.8973828776276,-42.47893165388313,40.27596212779437,1583.2933963347543,0.3422346213107783
10647,153.27722243920198,-42.65163577882879,232.5646920840124,1582.9241868511467,2.138115513886691
10648,153.30270922967037,-42.6633277989038,245.48018943871745,1582.972214266086,12.035009289570892
10649,153.99253032454388,-42.97555989418118,592.9526057788886,1583.188357863039,39.477803875609546
10651,155.8479820269299,-43.795274333130486,1513.1654557280942,1583.4567487972927,4.890462954541484
10652,156.11243220751726,-43.908912834774426,1642.3539732025624,1583.0528069076443,101.04484005163413
10653,156.34200633178176,-44.008909979774664,1754.6439732070592,1583.6104861458493,2.7329723291384296
10654,156.69152838987293,-44.156764006883236,1924.0065014733846,1582.676070389654,27.600105684934128
10655,153.01517692335486,-42.534340336121694,100.5069609646794,1584.0343149291887,3.841620468048095
10656,153.58274658233137,-42.79201497432696,387.30435775628024,1583.7861089831604,31.59514635119496
10660,155.53213260559562,-43.65796332886117,1358.0718269129175,1583.5228493022473,1.2185227362610684
10662,153.63467536342947,-42.81674042116627,413.82430842673506,1584.4015752452433,3.4150452991100457
10663,153.7600517183606,-42.87376775842189,477.03505592747825,1584.6056427034641,3.598672038264127
10664,156.00697762118529,-43.866598970724155,1591.6913180804406,1584.6830059496217,61.878579387815975
10666,154.45214175157724,-43.18755626429007,824.6457792294616,1586.3968417953636,3.2534344166424645
10667,155.82945298274433,-43.79227872581804,1505.46832526512,1585.982430761154,111.8554616298728
10668,156.38449740973255,-44.03278742310908,1776.8555922196826,1586.4303549338463,39.49784755403431
10671,152.98656112811287,-42.52575851536855,87.3251652508748,1586.2711805166055,0.9822690988866827
10672,153.8490900457205,-42.919187976639016,523.318203283494,1587.2393451276791,2.4027730836799117
10674,156.30448328696394,-44.000532961784586,1738.4650689056473,1587.4989062144703,31.595988691983205
10675,156.60618171221967,-44.12761671274041,1884.5654206223664,1586.3484928200905,582.092134105159
10676,153.3305084073202,-42.68591194952773,262.4534667640568,1587.9136061744248,5.8014590493239915
10677,153.53280677382787,-42.77684202015463,364.3059688014077,1587.4841075892305,21.76047812035337
10680,155.49075987835886,-43.64939884225494,1340.34157427077,1588.2741987424183,4.530777741138132
10682,156.2649865742219,-43.98416441006216,1719.3848055525614,1587.811813838361,16.395195338388568
10683,156.82886272185166,-44.22683244671544,1993.6136161167199,1588.4594797583952,23.274849994842963
10685,154.04999688897195,-43.01408829429868,625.4338543650425,1589.52871393068,40.48746401881418
10686,154.21151363269624,-43.08617914034486,706.2058943358782,1589.3973475991957,4.003127064055254
10687,154.3749154634332,-43.15976169104801,788.0107755993267,1589.6976811291295,6.470577437931516
10689,156.14300346103144,-43.93398849136712,1660.522177968164,1589.0074706842397,1.0698519529521713
10690,156.18756057493164,-43.952807838768905,1682.1631687616127,1588.810016187642,3.3416876216012015
10691,152.84466997212354,-42.46829925769504,17.518193466611688,1590.0091412754402,0.9668310787568918
10694,154.633831360252,-43.27410408417081,916.7895258832149,1589.2758029426648,41.38789780429399
10695,155.21803429509092,-43.53438039692666,1207.080125213987,1590.475658357807,3.541407885727402
10697,156.68312175601545,-44.16765138642359,1923.8104997825644,1589.9424620733255,1.8159149670075216
10698,156.80242890057363,-44.21848680168415,1981.5969549117522,1589.9212393036019,4.8556081049907815
10699,153.1152941444933,-42.59414702085479,155.41589763193775,1591.0232711701983,26.17324609209866
10700,153.36888985857263,-42.70924048432012,283.5718336070403,1590.8394074526393,5.890794751026343
10702,154.53280934333154,-43.232592979657625,867.4560905560629,1590.9548002578751,8.453449079362414
10703,154.90260906183184,-43.39616315739687,1051.159932649125,1590.8073050933651,10.568380914805568
10704,154.93398145222756,-43.411675077198915,1067.1817897253052,1591.6371498450924,8.334675758227062
10705,155.2323623591503,-43.54230681813947,1214.6142766351882,1591.2938564595358,28.903422026966787
10706,155.40558709524558,-43.618486112200586,1300.1452959831788,1591.433107703585,11.305853903476647
10707,155.65128920296567,-43.72581335334152,1421.0604923601893,1591.4799482022627,1.5458030582031888
10709,152.90785761627606,-42.50211390780329,51.05363907641112,1592.4179028216336,1.952767196186769
10710,153.16183807050717,-42.61785736707689,179.7164692817939,1592.254479911875,41.42726026973181
10711,153.2857921467923,-42.67422494173613,242.3955045963446,1592.21115706365,18.71162106546742
10714,155.5044978768818,-43.66294838337388,1349.1980831977921,1592.0503304497881,13.818352584271146
10715,155.78016231847596,-43.782462277694314,1484.4843827080588,1591.7816252840312,2.0379329237897976
10716,156.11467804313386,-43.92639771416325,1647.9525937346855,1591.3283118767024,7.688577759042299
10718,153.13811536152994,-42.60917893579258,168.3375142099437,1593.3176147928268,1.1662534892330296
10719,155.00727550208873,-43.44463282434877,1103.6725261346094,1591.953155253269,19.297195086202887
10720,155.1176965855461,-43.49618889681845,1159.141281562229,1593.4222067541637,1.5849966397369581
10721,155.91143234701474,-43.842995114992696,1549.7949723025501,1593.5768273244373,17.65936930687326
10722,156.3134002232267,-44.01569492311575,1745.8790523805062,1593.1780287976048,1.750531295893231
10723,156.3447965024629,-44.0275338441788,1760.720555206653,1592.3476091868704,5.308321873052839
10724,156.46524040879015,-44.08122701023514,1819.8593100416417,1593.3493825866822,1.0356798910628977
10728,153.17523450556166,-42.627484934935204,187.5357818164775,1594.0029363193835,0.8651401819192434
10729,154.12784539701224,-43.05725303766742,666.7995789905168,1593.645166718676,7.237952432811706
10732,155.61509236869873,-43.71578794526616,1404.8616780181458,1594.3521764781838,1.8607671383266315
10733,155.7404614670442,-43.768769936536465,1465.9885362633552,1593.5627141948692,9.450824713834313
10735,156.06935517851238,-43.912783048389514,1627.436972652795,1594.311948244524,8.306197630540447
10737,153.38771021394066,-42.72547156545975,295.3298993819512,1594.6581891866642,10.247154827681511
10738,153.97931913037817,-42.993477073995464,593.2195740057205,1595.064228107079,2.8612877737014
10739,154.10298128187577,-43.04790745645777,654.8703045685883,1594.5393449556832,2.4414377328228065
10740,154.3725091885114,-43.170175646611575,790.0952101644357,1595.4235673625526,27.215622614107044
10741,155.14664809840454,-43.51296035163692,1174.587554499386,1595.4414572242001,3.0457786387832564
10742,156.4937903868001,-44.096720214073066,1834.6137712875857,1594.983106328974,7.770222160364952
10744,152.94766420602969,-42.52713269110207,73.27317568504962,1595.7889685408827,3.8870744412186222
10745,153.9448163958717,-42.97824991614075,575.9973542110738,1595.2015872363795,5.348910122814696
10747,154.17038439059277,-43.08219005226811,689.7780456126894,1596.5784726295688,4.943071511763847
10748,154.26599635780244,-43.12394538860114,737.2879175816691,1596.0787365973201,3.2798823191537103
10749,154.78416095510252,-43.35449994971909,995.4093796226488,1596.147751678942,1.6670738191297603
10751,155.2665315714042,-43.56712959978982,1234.2294624945114,1596.2074168040542,4.776807449747097
10753,152.87361578222993,-42.495699605700516,36.42140104939711,1597.0210867690623,3.562688688722196
10755,153.88343597018732,-42.953647579887765,546.0692185250707,1596.6957340190909,5.240576633677197
10758,154.35242102846323,-43.16358633983124,780.7482335515208,1596.6050479242144,3723.641773315203
10759,155.05574220831943,-43.47592653599723,1130.4583459432156,1596.9191845837227,126.5469508944203
10760,155.09472273710844,-43.49340371822916,1149.8322734690987,1597.0792071287158,2.327429704331057
10761,155.1912844238649,-43.53510868307376,1197.3545624691476,1596.7087079554642,2.825623142745958
10762,155.23296049323284,-43.55166451554307,1217.4510243034017,1595.8389795329172,7.906920146538141
10763,155.931579374517,-43.85902313154322,1561.6578284792593,1597.2326799486252,13.832187126854414
10764,156.35043285158355,-44.039502053443165,1766.048695790362,1597.1341198881823,4.130822306892451
10765,155.70719754426355,-43.76395879878933,1452.3250226584194,1598.3930619686578,4.218171197582825
10767,153.1593622254075,-42.63029092888741,182.4644006964372,1598.9906813069067,1.8609709711529714
10768,153.250735472807,-42.67304902648115,229.0203774992684,1599.5528857438492,3.020348836841487
10769,153.48993516779518,-42.78170100355477,349.79300614461357,1599.5573882201181,7.807664992642215
10770,153.50886068263415,-42.78944489434257,359.0907582723565,1599.1438705186617,298.25339373466994
10771,154.44838568782976,-43.21110947149855,829.9729842134041,1598.9738703332957,1.23283960391243
10772,154.66005139676687,-43.306009172918955,935.5858683300331,1599.3885080830921,11.661637147928538
10774,156.81044757611264,-44.24035990962973,1990.4065839358616,1599.1888474846496,5.734378471224234
10775,153.40414400914892,-42.74331152498303,306.66938331367516,1599.8167544882006,1.170335004874245
10776,153.96626897893967,-42.9980207972671,589.6840907157228,1600.244979999861,2.798718138697426
10777,154.15989259419834,-43.08421025727795,686.4614171216764,1599.924268319732,4.429843757149858
10778,154.72733934353906,-43.33828199441696,969.720563456058,1600.6090553338279,32.29859914157822
10780,155.9485501403822,-43.87167643943207,1571.4151697473053,1599.8891519217589,72.69642817306357
10787,156.85123597371145,-44.261390637714605,2011.1152072360824,1601.0310209172544,4.3629766237135446
10788,156.90004575353,-44.28282867129255,2034.8913883752273,1601.3726134867961,7.563944335861098
10789,152.8296883136202,-42.48522466197791,16.98306690027221,1601.8171959896752,1.555380253108284
10791,153.8373388774331,-42.944331834494726,526.2426133940495,1602.3864576828773,2.319685077287371
10793,154.95330445516763,-43.44112422652166,1082.6493794640107,1602.0838563521584,10.603502388012716
10794,155.0917752971189,-43.502205045398306,1151.2068266124368,1602.1231318726916,2.1928263760450517
10795,155.14805441767442,-43.525434082765365,1178.6028764213252,1601.364248597392,39.94601783285577
10796,155.60779282703322,-43.727254758842285,1405.3241324203213,1601.6797926644601,7.029437241308106
10797,155.78495985973805,-43.80364334075364,1492.09108719523,1601.34051228644,3.320461477189097
10798,156.22474354325894,-43.99643567891382,1707.8020618533853,1602.6465771847572,195.30331373520937
10801,153.21957193100118,-42.66512987978279,215.10840759813723,1602.667439454567,0.7209723454798755
10802,154.20434908744483,-43.11029326649446,710.4706975020199,1603.007685421935,2.1076304830539203
10803,154.5912344378983,-43.28272405219287,903.4192998885434,1603.0082965758616,2.4830509948674697
10805,156.70334926827502,-44.2022330601509,1940.5659164904841,1602.9661608431475,3.4976370839854245
10806,156.74046443735674,-44.21692953936585,1958.2391084060205,1602.3967082826414,7.588453950322691
10807,153.10187713073898,-42.613886971164604,156.26050960843222,1603.8668013055897,7.358732782705189
10808,153.25873690938556,-42.68514896017513,235.5546733014702,1603.7548065145797,22.651323156688
10809,153.53409171660965,-42.81013974644819,374.51560224180884,1603.7511630248182,22.985885890840443
10811,153.74102917928778,-42.90338013416709,478.5732447576164,1603.608488240166,6.898358345098858
10812,153.75656496625237,-42.91229984365228,486.9371511879711,1604.5599416132789,3198.7565279641276
10813,154.17673981701932,-43.10035602348192,697.3610979383213,1604.2106694348886,1.8527152113330474
10815,155.5147839076607,-43.69116089861995,1360.8360023453079,1603.9141865720103,3.6998005266328837
10816,156.3349025949142,-44.04734860344179,1762.4192415471339,1604.4135544834269,1.4585205063348075
10817,152.85316081473866,-42.503517160667485,31.14337060325202,1605.5530053338903,1.4917155096879546
10818,153.46502099957678,-42.78226548145303,340.70127509309333,1605.451994539607,5.949145293101429
10819,153.72880520718527,-42.90111925742927,473.37480072718085,1605.2272496531718,2.5140875656825097
10820,154.1212334740939,-43.076143353022,669.7809716275729,1604.529062095525,1.396272199224921
10821,154.44317601967404,-43.22029686332609,830.6605281002143,1604.710524083833,4.356355833243749
10822,154.47612496148406,-43.23610323106007,847.4043769817865,1605.2781859906536,2.5730247379695386
10823,154.56935981820317,-43.27762874266576,893.8485476263508,1605.312762785488,3.781180465842414
10824,155.82828415139943,-43.829977984055006,1515.3934537836594,1605.1088567240974,5.250816701950175
10826,156.40579369833512,-44.07946606224455,1797.36322452729,1605.253488240217,2.2556275920639575
10827,156.50875838654702,-44.12414900218668,1847.5478130237932,1605.5251674404547,3.545738399534849
10829,153.5477203584767,-42.820545187344365,382.61915769710333,1605.856782137759,1.5716160037590656
10834,154.90889195977016,-43.43144848877606,1063.4398771346919,1607.037501533553,1.5862128188014062
10837,152.88709640750295,-42.52340086835634,49.65890687116598,1607.70216318717,1.8119256431980688
10839,153.06116598354959,-42.60231643123752,137.71479794712448,1607.350409424978,27.39650220286994
10840,153.15266487690704,-42.64474654237557,184.24061625171655,1607.6864032952456,29.815852528506404
10842,154.7092967184625,-43.34500234471379,964.9265239871804,1607.9500211151108,3.921231597046668
10845,156.55700939074816,-44.14874454657703,1872.0333783930032,1607.501841986678,1.2504980711701121
10852,152.8443740416851,-42.50897351039398,29.50081273864554,1610.2590485769108,3.5264113103662518
10853,153.1397292270428,-42.64326834354688,178.99886377526437,1609.8815453729517,3.3001091231394732
10854,154.23842690662985,-43.14011455002556,731.68720981658,1610.2732357041994,24.002967805040587
10856,156.8973631628729,-44.300928807473035,2038.7177084387354,1611.0346706750959,2.553162376254342
10857,153.5552128104301,-42.83416517323783,389.38064822588365,1610.9422884687665,4.201603510770857
10858,153.73698674786874,-42.91574011256485,480.66476749527226,1610.6642984876394,5.423101825302429
10859,155.41435121756194,-43.661767795160934,1315.4294800690332,1611.1555894501914,2.655409273464522
10860,155.45373112319584,-43.67882365641664,1334.771043131749,1611.0770942248112,0.8139250465154132
10861,155.7951164675764,-43.82776389820127,1502.4900917607133,1611.2056053794522,136.58302842788
10864,156.33101550862997,-44.05947381515233,1764.2622823723723,1611.329343920998,5.657240108640543
10865,152.98992966550662,-42.57929268190892,104.4372010054535,1612.0814642399578,3.5871818165467113
10868,156.4524996050749,-44.11263016257259,1823.6119405138274,1611.8381245033536,2.921393755372624
10869,156.75291033896445,-44.241193680850934,1969.3347559720683,1611.912647761471,376.3204379313971
10870,156.8688654966807,-44.29095026532216,2025.5175656501826,1612.1079032453147,1.9055872888601961
10872,154.5761996962911,-43.297020499526816,901.9029589745561,1613.4678131823723,5.941068925522694
10876,154.3922681847429,-43.21624763361934,810.6036564042685,1613.9963044467022,4.561606257728011
10877,155.5071633527018,-43.70809446652606,1362.7038524615766,1614.045404326475,3.413110947436047
10878,155.55935186186386,-43.730833320053044,1388.3515136488359,1614.0308698742338,6.599725046902132
10879,155.702146523131,-43.79363034458994,1458.6324186662887,1614.338902917892,4.249391248601896
10880,156.4209294885948,-44.10346479517584,1809.4498132126184,1614.030781581996,1.2539009481292822
10882,156.5960724954224,-44.17755831647255,1894.2384375870172,1613.5754402399978,22.522136921958147
10883,153.12576215020084,-42.64806397065932,175.22628611948758,1615.425982642853,-0.6108669972035269
10889,156.21233715541018,-44.01708856516023,1708.8163858160347,1615.6737012433944,7.563295693782532
10890,156.24911786732594,-44.03156307358394,1726.3677297024972,1614.992219132845,43.15601405154349
10891,153.10937840235056,-42.641891894429854,167.318857162701,1616.0724682796983,2.8418974740691105
10892,153.28994889115174,-42.72330341344518,258.37168079377074,1615.6552129078218,13.901713883867483
10894,154.59045332077932,-43.30850221121051,910.4574927200923,1616.0368611636336,21.70150476550765
10895,155.7588394183497,-43.8216582936984,1487.3650637516457,1616.0338525419036,0.8340035305917199
10897,156.6825293048738,-44.219552584773325,1937.499521678996,1616.1165741703337,33.52362983791452
10898,152.86385189801334,-42.53121568710153,43.345788103239634,1616.8646497209154,94.56870198069885
10899,153.14094344795356,-42.65928080746065,184.17513870284222,1617.5577814982375,2.2795139979119603
10900,153.69154075792727,-42.905805295851685,460.8974394604229,1615.9235574953545,1.7750267647471454
10901,154.7003253824721,-43.359725345362065,965.7694048208539,1617.2776685163906,26.74492470834468
10902,154.9984532001793,-43.49042532354755,1113.2726588837693,1616.7602703514385,3.523818592534853
10903,155.19047661528046,-43.57454719530247,1208.0851992268017,1616.5894632056306,3.539962722170556
10904,155.21312890670325,-43.58636665631022,1219.790471945934,1617.5264768221155,11.79977013176578
10905,155.90659937901304,-43.88832229873375,1560.4274045405332,1617.3194802791486,204.0215907472211
10907,156.54370466102512,-44.16132082161145,1870.4911745256102,1616.666007662388,7.388501204093667
10909,153.50904440091432,-42.82739213538223,370.25502821859817,1617.9669564193352,9.043238610281039
10911,154.54566841274507,-43.29313752159882,889.4670839351551,1618.2950026820731,7.725591727499407
10912,155.04614613389163,-43.51363405314174,1137.4843685244737,1617.8598353155007,21.983866713126062
10915,156.05451164364908,-43.954278882684044,1633.2600535127203,1618.309067527229,2.368860704925261
10917,153.55566205523908,-42.85088920996216,394.4315314824388,1619.1557105530483,35.202998359487
10919,154.13613737864262,-43.11142884848306,685.4690893760468,1618.7775353545296,63.82768362708157
10920,154.16399025223583,-43.12431122775461,699.5131597560278,1618.9839173576138,19.395884994024946
10921,154.2174558213075,-43.147157309020834,725.9229444729132,1618.451397264592,16.654790884780745
10922,155.24017678654147,-43.60022188938887,1233.6916735127922,1618.519460058092,8.430646914331936
10923,156.73061855756276,-44.246442350689335,1962.4907135539065,1619.3163099599221,1.5289567124635164
10924,154.67196649269394,-43.353500180099026,953.4818405939686,1620.4419802837806,17.678737541581086
10925,155.34980857827097,-43.652047577200605,1288.792894171596,1620.4111653031161,1.1956851246468732
10926,153.01508068407873,-42.60860243366243,122.45687637907638,1620.9225340806997,11.88144285074544
10927,153.74030957873157,-42.937350031395226,488.18011188406064,1620.668036856436,7.013289408456139
10928,153.86422801508684,-42.99378855064326,550.5637486649033,1620.9733159944117,9.777766824025772
10930,154.47563026782876,-43.26777848531132,856.2525170061549,1621.1784596841137,2.1164494378001195
10931,154.77615359295,-43.40060070923372,1005.4763375028731,1620.9193471244848,90.01111490136341
10932,155.12393027997322,-43.55530923846844,1178.0210332343772,1621.5833249333366,2.631301012873812
10933,155.44084373734844,-43.69294268085676,1333.9129660401152,1620.9509830515822,6.758256235199239
10934,155.74436192123767,-43.82616697041638,1483.2411260352287,1621.4370441246565,2.7287849882834316
10935,155.80699560748573,-43.85348093335861,1513.9615996091143,1621.495623254943,1.2411012375750503
10936,155.957662856774,-43.91764818493965,1587.37563517989,1620.93320926816,4.695390120362799
10937,156.06888264690966,-43.96609857986113,1641.8075376908744,1621.1203806085446,1.6808692883404404
10938,156.37385139535658,-44.096876668715666,1790.2413559810568,1620.8563474080595,4.199297478959629
10939,156.56359699692842,-44.17828067477669,1882.4139168746037,1620.904109936372,6.104023210310851
10941,153.4184720591848,-42.79526251192569,327.21927553524694,1622.4035391522991,3.765527208326014
10944,155.69753321942156,-43.807019783959795,1460.613776467454,1622.0413694614535,3.7603431476981988
10947,154.5748823247698,-43.31464058034346,906.4244853028101,1622.5455683919242,21.28144882620674
10948,155.46040744900688,-43.704525084849294,1344.3803738795102,1622.4682485069952,2.529977571848704
10949,155.92422609592185,-43.907266371542796,1572.1476433722105,1622.981615309456,5.632989142493968
10950,156.25493488508212,-44.05065208441761,1733.7008863024053,1623.3038831584443,14.699984842524028
10952,152.8383605452993,-42.53354409404398,34.5714125737421,1623.816607484784,16.059549024862307
10953,154.05870623514318,-43.08665674505057,649.5935022788624,1623.7176209333848,2.248061138226508
10954,154.98401474590773,-43.49709723802354,1109.7930230896368,1623.2677797950241,2.2546763670895738
10957,153.35011072169436,-42.769547625151276,294.29637313766534,1625.045258457503,12.846887379887798
10961,153.88697472382202,-43.011466377126126,564.1277526776113,1624.677626963614,3.2994019939375963
10962,154.24521383342417,-43.172642228953315,743.5384687931944,1624.9659621260191,1.44516372021523
10964,155.4839514143015,-43.72035335399092,1357.4981398136454,1625.241106991057,11.573685919765921
10965,155.66257073813182,-43.79890465397335,1445.4204092185573,1625.589804641263,134.20089464492872
10967,152.81778171027347,-42.52873849704698,25.501731154172262,1626.113605386853,163.63798107663473
10968,152.92605493623213,-42.578248762244975,80.40656768101603,1626.0655666694727,112.39585095012048
10969,153.2919627747497,-42.74534145486564,265.5979671757628,1626.1476046287582,14.592802717506158
10970,153.73092574437973,-42.94373398399022,486.5520334852812,1625.9484106074365,16.223421502661207
10971,154.13392364100687,-43.1251909610207,688.6064547548161,1626.1241995642958,30.055040740018203
10974,154.63112256766073,-43.346765906288724,936.4175976457235,1626.1169082770668,1.8221343191786146
10976,156.18138208177945,-44.02438040504998,1699.3356996784805,1626.0080427747687,3.0212211670819937
10978,152.76740265193985,-42.50703798819116,0.33948364740666925,1626.8151873811,6.83002089579553
10981,153.96461314108132,-43.049857780786155,604.0495123381642,1626.4178537685548,215.86001301879443
10984,152.85812990283551,-42.54992516594288,46.779716658775875,1627.4476587784338,5.421287654375549
10986,155.22487114405627,-43.61336527786928,1231.6875427370212,1628.4399892726108,2.47530086778928
10987,156.36004577700518,-44.105415417427864,1787.4402631316273,1628.1077851603634,18.43739466027163
10988,156.5894828115923,-44.204645252426104,1899.0758025572063,1628.5763574888854,4.591347246858809
10993,153.08871164624887,-42.6584962643869,164.5492707239205,1628.9976163446902,67.83668152691855
10995,154.14598023723835,-43.13659690486708,696.3612219299189,1629.1161715743544,116.43672071614135
11000,155.19518138166387,-43.601926415700724,1217.4848359924727,1629.2342918222841,2.7080000241130837
11002,155.80984239296907,-43.86960956779401,1519.448176666212,1628.948707238234,35.440990477272386
11003,156.23360109698825,-44.05386625405486,1726.6756959872105,1629.5146694085195,7.665279930084796
11004,156.54212604233064,-44.18556582873538,1876.4287794529953,1629.1649148764764,46.70134809685368
11005,156.6575808774608,-44.235559344499045,1932.5595042356854,1629.4910237604954,196.1731662252059
11006,153.119254703956,-42.67495220747027,180.7472756954611,1630.2493874798095,3.017036118943829
11007,153.55684802645516,-42.87293631206417,401.3094625997882,1629.8488320609754,7.921083893014728
11008,153.70483886524926,-42.93992099006602,475.760248777923,1629.9052609781954,1.8235080411779756
11011,155.41537999901234,-43.70028938021084,1326.5154088784723,1630.1863569495579,2.2097333986978778
11014,156.48020232149824,-44.16201415529985,1847.179331868549,1630.6485139139636,11.881445754540074
11016,153.1334807354781,-42.6830307016996,188.41245816216986,1631.0392501791496,1.2198775381461686
11017,154.11221139844704,-43.12529368788461,680.5787726977514,1631.0165202200626,1.729779221386746
11019,156.8064556086911,-44.30273072469307,2005.577275565783,1631.3517729703228,61.44916585869177
11020,152.98965347414114,-42.61991521672672,116.36574270355057,1632.3051733248526,31.59212128682788
11021,153.21563328607857,-42.721674999165394,230.29935486686094,1631.641727359104,50.679286152356525
11023,155.47658518613912,-43.73195776573635,1357.9866960719687,1632.6502414589772,975.3802327429028
11024,156.75401085813715,-44.28184660502984,1980.6090781640733,1632.080035404178,6.403185252679301
11027,153.15401843208323,-42.69710312757483,200.1873504287307,1633.3775326645057,4.769776644481617
11029,153.25533540561264,-42.74305317241942,251.32839612095066,1633.2850575324042,9.585541774862564
11030,153.68028818712446,-42.93539673412046,465.3321344582664,1633.1656332395246,2.8685761934827245
11033,154.67952778605016,-43.38292661396221,964.6306923381301,1633.4465461902857,3.333903081142214
11034,155.1499877309547,-43.590146888939216,1197.4369284657114,1633.263104736568,10.703851995996507
11037,152.9167045734876,-42.59011107367807,80.45425992666111,1634.0747756464232,69.37645284984976
11038,154.96989349163246,-43.51330618527161,1109.1152676331842,1634.4657680741018,3.654685127126893
11039,155.6116697204523,-43.79403881335261,1425.218802647029,1634.2384278071188,2.4506929004735154
11040,156.16129077119444,-44.03036322462031,1693.5250494696024,1633.3422367020594,2.3937003161194674
11042,153.84009826462872,-43.01096301068524,546.5845268659824,1634.9209337077114,10.773559409968797
11044,156.5469867400443,-44.20024680978577,1882.174955324414,1635.4846587313893,1.7197873262352859
11046,154.14221746619782,-43.148855503511626,698.4902705589368,1636.0587375214295,5.008363707223679
11048,155.4998212361473,-43.748787059785094,1371.2616388682889,1635.9928468981882,1.145069903199763
11050,156.02345618218445,-43.97691586718157,1627.9394977367544,1636.3634628585296,3.1715495046252897
11052,156.6758914866689,-44.25572237900716,1944.7338035142848,1635.685858915236,37.28925912104477
11053,156.84276939517784,-44.32743024413291,2025.588921813353,1635.9935611277053,5.054609164699372
11055,153.59297600021685,-42.904751225737634,424.00189385417247,1637.5409854841243,1.575935722023145
11056,153.80524439497003,-42.999375996007856,530.2918166956669,1636.963224803812,5.559047712456374
11057,154.00460697692583,-43.08821857611961,629.9681233598739,1636.5742013241768,5.743504854118034
11058,154.0228609119502,-43.09764634714586,639.4606675467505,1637.1903963717107,11.316673145863364
11061,153.06070687151208,-42.66519831881029,156.13509611337207,1638.6690999799537,15.483664870333465
11062,154.5651422959086,-43.341204577729606,910.3649129391929,1637.9461117530232,7.548955744812546
11063,155.07374175290406,-43.56698273528732,1162.6859816572003,1638.4332531860512,3.3709097149539904
11064,155.19894332874136,-43.619870727802045,1223.8949466832337,1637.3723640642174,2.357343059631873
11066,156.81044018770234,-44.3167967045218,2010.8033153188726,1637.5602922338653,10.938070769440849
11067,154.61054838109018,-43.364320988130224,933.771584157331,1639.4219685658234,9.275600753775239
11071,155.67962139319425,-43.83365982912769,1461.3230866500903,1639.263913220661,9.386225773376394
11072,155.93822258113823,-43.94608513438576,1587.9590156981421,1639.380786045375,1288.3207563416875
11074,156.7113125850499,-44.27722861645349,1963.5875763896192,1638.8952880264155,4.5967842349756225
11077,153.6890873232015,-42.952667133915845,473.6228648112389,1639.7782764981253,2.3540133171414377
11078,155.3558136243411,-43.693539065192596,1302.5665512735056,1639.8322006805681,1.83528738785641
11079,156.16830475176906,-44.04645272817326,1700.496020543603,1639.8876508744295,3.8121303545044913
11080,153.03541866491057,-42.65799278784547,144.6201523855319,1640.8238834757178,3.918099017424029
11081,153.17520168124813,-42.721270454450966,215.17445082862366,1640.5837844800913,3.2937055725173967
11083,156.07080609069666,-44.00747147772512,1653.802136252292,1641.4238224554658,4.261205223828624
11084,156.1457976515425,-44.0394582334834,1690.2651810334016,1641.2426666455501,6.099761748427801
11085,152.77108906221125,-42.53954209413026,11.38511429615907,1642.0955995659683,0.5610413468123848
11086,153.529783817081,-42.88583392673233,395.0325377656136,1642.3470422930816,2.4077805615051426
11087,153.64870771895872,-42.93994238638291,454.937225144742,1642.515733447462,0.8631664149482591
11088,154.0698246112087,-43.12960561853393,666.0953010648934,1642.616991955145,4.678227437382033
11089,154.17617247160425,-43.17546082224719,718.7328081857141,1641.7412117470228,30.282031983980072
11090,154.51034391461417,-43.32528334247046,885.5141613294892,1642.1464310626736,3033.7098897967826
11091,154.72661164557155,-43.420627432563734,992.7697919375574,1641.8472789531068,4.578842916985225
11097,153.89394674483134,-43.05334432013244,578.8370595867523,1643.9541145882658,8.9784534030814
11098,154.29366313952443,-43.23091882599926,778.2150787307269,1643.21709595068,5.7943924413313646
11099,154.86480402931974,-43.484737472935535,1062.1124688282316,1643.3464835412753,18.95408470687229
11100,155.01388533777651,-43.550964637701696,1136.006405363811,1643.588540247401,7.871553335909866
11102,155.99965090351412,-43.979076674270864,1619.7182613999828,1642.596125664048,3.2703977266520057
11103,156.02807990035424,-43.993373125497946,1634.1438391401289,1643.6031613981813,184.1301131055542
11104,156.463600034197,-44.17890208073068,1845.589436129843,1642.6816665208391,6.245503930987693
11105,156.7570819851834,-44.30531147077876,1988.0147306298804,1643.1982188699635,5.38732516783536
11107,153.51088978317824,-42.880524931634724,386.47137047823514,1643.9593331387393,137.881702450309
11108,153.57831460536033,-42.912071914259485,420.6975719875424,1644.47521906062,18.720918779675262
11109,153.95023862731725,-43.07948375587965,607.276690018573,1644.3738358962694,10.888259414838101
11110,154.11722045355287,-43.15420978946942,690.7581004601059,1644.2959886907047,14.163583716021945
11113,155.5624333211215,-43.79210031173491,1406.4463644416944,1643.9951974250787,5.490115344273342
11114,156.098240529363,-44.02446228705492,1668.5849593135079,1644.003487328971,7.339380077007856
11115,153.25979617658925,-42.76803095317603,260.3308615689129,1644.6814928104611,25.066495174012076
11116,153.46400237422856,-42.86144726465644,363.49731642700425,1645.0328891693184,2.3003860726374095
11118,154.30838953047646,-43.23993899043476,786.2590188404929,1644.4367600558935,3.526121220529159
11120,154.79471238100726,-43.45706984753339,1028.3216584310308,1644.995052183836,16.53910921554146
11122,155.53723753363323,-43.78420866099551,1394.9318358434437,1645.5411730262738,9.382285510050565
11124,156.79504765063328,-44.32569034520272,2007.487415401682,1645.3116197799661,2.392194514597303
11125,152.81338017154067,-42.566322415460746,35.04500463146352,1645.755630455937,2.070183614613116
11126,156.07331131281853,-44.017967812041576,1657.5907511879868,1646.1382383115683,13.538830214328446
11130,153.67210823447897,-42.95904599824913,469.1800547724946,1646.7603276599991,1.4635817730183052
11131,153.7650621207489,-43.00071381371588,515.7728849030754,1646.6321752125248,225.80615663368127
11134,156.18289572897402,-44.06658539713156,1711.3667829753763,1646.8235161001123,0.9186954658881223
11135,156.60607670714134,-44.249581240110444,1917.2763829241924,1647.557764633006,17.913477248101046
11137,155.30156432596374,-43.68604655393225,1280.3835794309502,1647.9541726133634,10.146707289145361
11138,155.3708622955619,-43.71650396026567,1314.5294106171098,1648.017519868978,3.733075900657142
11139,155.797943756968,-43.903442550470395,1524.3383583143834,1648.4604795568266,13.783152906717595
11141,156.49268286039404,-44.20267915186555,1862.7486802605952,1648.3574916281211,11.422511806968782
11142,152.9265475055441,-42.62413830543858,94.19908852405796,1648.72110708904,45.37291561683737
11143,153.27198638225786,-42.782463688028024,269.09733217701347,1649.0955328224748,3.0504739964104215
11145,153.87329449355664,-43.05429891313013,571.453296628204,1649.0489966055375,21.922326304137727
11150,156.38249722718172,-44.15796882173652,1809.949752008031,1649.6183622578603,1.9206063293463056
11151,156.39640125694257,-44.16375997040697,1816.65510262754,1649.5313529206294,6.788631140703643
11152,153.142505014964,-42.72593279158056,204.4180453910641,1650.2946593516565,6.600091965462685
11157,154.5290312911478,-43.34985433464031,899.4368242761007,1650.2535577610781,8.544026066972991
11159,154.8568309146657,-43.49584960532557,1062.2917025817198,1650.6471394619496,3.0658444470832893
11160,156.00772172541016,-43.99817541114334,1627.9217349351625,1650.4110961721067,3.0815980989369036
11161,156.72354976516743,-44.30493259472045,1975.5211522373015,1650.177301333748,14.003651439668008
11162,152.74507417990617,-42.54635484954567,3.761897011794632,1651.3943120612746,395.92326292230297
11163,152.82962579640295,-42.584585429406566,46.50151810188484,1651.1191721821826,84.63822329246977
11165,153.77106100130666,-43.01148972270387,521.1263793361168,1650.6467516499013,3.0371018686499727
11166,154.750247490675,-43.4491279626672,1009.5961764221873,1650.8438757277477,14.241934190678395
11167,155.16241269314907,-43.63189449182612,1213.7216421363894,1651.385644456044,5.217179836522346
11168,156.5263226076889,-44.222522839999925,1880.5252359083363,1651.087822929529,3.769944387010858
11169,152.79658371652204,-42.57250778327828,30.653481121860633,1652.6426754913743,1.6893199687892795
11171,154.50080784776006,-43.340970885007756,886.4460740421362,1652.0776623779195,264.4185533505948
11172,154.5448370598597,-43.36119239998849,908.5213194951114,1652.4048650773193,7.457821735263385
11173,155.03914614590377,-43.57934557538906,1153.334818234648,1652.2040323933315,26.434234028318166
11176,153.417232476254,-42.85627571077914,344.6341891480461,1652.9970640331164,6.392599568543502
11179,154.89888028039533,-43.51991319442975,1084.6559584432268,1653.3918666067455,9.868268061186702
11181,155.6189302682448,-43.836417614954364,1439.6129750505045,1653.8491026762492,20.81403211019144
11182,155.82019990296817,-43.92289994946776,1537.9196932540092,1653.365150123774,8.259553303625106
11183,156.8274934253863,-44.355128364712655,2027.327001889681,1653.1561473968795,2.8495272133253198
11185,154.25391558417957,-43.23483517045514,764.5993596067103,1654.0052825162998,2.175954856975944
11186,155.31997158096047,-43.70608585618899,1292.7829894183978,1653.9385122573847,4.685666961480336
11187,155.9344221075095,-43.97460596289685,1594.3580784010849,1654.4790962613197,354.49265472526963
11188,156.0930862814593,-44.04259463222821,1671.6175547622265,1654.1966630482023,57.95927237198378
11189,156.1170173719581,-44.05324643478618,1683.3699484647148,1654.3619409633227,14.065569964768173
11193,154.6217013917891,-43.4011943528249,948.375097992983,1655.3384967754394,10.6022779712143
11194,153.11398798106882,-42.72482013036368,193.51226743324955,1656.1951125543203,8.319068108655435
11195,154.76916957556878,-43.46757795382051,1021.8256175437687,1655.870490871855,2.4403067056879455
11196,155.74780524139325,-43.89683852077394,1503.9659729678774,1656.0437416531202,5.997176814919972
11197,156.79800232681023,-44.34869154596522,2014.7164149930993,1656.222625536353,14.428896374868291
11198,153.13789808694202,-42.73800670411683,206.27050766457094,1657.329934924924,5.837620353157935
11200,154.09393479432347,-43.1698536680548,686.6257741136568,1657.2739883338252,5.012484108428033
11201,154.54549882840357,-43.37080443177569,911.5005485754277,1657.0490904139347,3.2879564691735177
11202,155.00141506129393,-43.57290367927058,1137.5488316994843,1657.2795474584175,13.703108029902355
11203,155.8566931893852,-43.94695014665954,1558.022826290518,1657.4830077855274,2.9368500914566713
11208,153.98262454622483,-43.12164399177495,631.4632933517478,1658.1170447616767,11.536149584426468
11209,154.79492952465202,-43.48320424171484,1035.7860189015391,1657.9828243176032,1.2966604627515599
11210,155.07293874729365,-43.606693703250734,1173.5236019619458,1658.4341035852117,602.1529855386925
11213,156.12939818877283,-44.06598232767865,1691.4151696719273,1658.066464455874,3.652968897098493
11214,156.4493697246761,-44.205081413932184,1847.384837564233,1658.86116287373,2.4952820561970595
11216,152.76434687946647,-42.57093724442354,18.2297454146749,1659.1966075050218,1.0397491521979283
11218,154.2988055040359,-43.26369862977667,789.5077998641234,1658.4005806179546,9.302226185977467
11219,155.45387121545684,-43.7738310685767,1361.1890010792808,1658.5362858690496,243.84721961550338
11220,156.83531703310683,-44.36909187937139,2033.9383995341032,1658.4936513106306,29.77543556040603
11221,152.90314856810792,-42.63634540574723,89.14074611796364,1660.0879392042987,0.6984376838951699
11225,156.28747827045478,-44.13833312551425,1769.507107799571,1660.2244704589468,9.478282475203056
11227,156.72676813950602,-44.32596908080062,1982.334871369776,1660.0426143658067,17.405984000833723
11228,153.73774292730172,-43.017234725116445,510.4400415844133,1660.9700743340052,10.749691494538919
11229,153.79932742772561,-43.04555327332822,541.4917170072671,1661.2546850123863,79.9851829726834
11231,155.87635576635873,-43.96263844579937,1569.5984411330887,1661.0703013471236,2.7780394458452893
11232,156.050219219797,-44.03808244321875,1654.5329222159032,1661.1998703122354,2674.696298600824
11233,156.16772187805736,-44.08782990662391,1711.528149596517,1660.7371452964467,5.394793950502925
11238,155.7112722853322,-43.891830100888,1489.0686281193778,1661.475696815427,1.6744744768708255
11239,156.30971231954203,-44.15124203948157,1781.2214163331626,1661.9055641311006,1.2456508443829903
11240,152.97434884832745,-42.67541762099262,127.12379726760699,1663.3146551930017,3.279740206989824
11241,154.2388445821571,-43.24574349021609,762.140363257765,1662.78873664361,2.3119890313359894
11245,152.76932971024144,-42.58289809027777,23.637586386536732,1663.993101813346,5.777654339991385
11246,153.41231888463415,-42.87608636309505,348.6148637817822,1663.9446108502332,68.30446472868059
11247,153.64506541117913,-42.98241283302524,465.9541638095754,1664.4454734384763,1.277931530199927
11248,154.02769705038446,-43.15362200763015,657.3966884506356,1663.9682641269812,34.09153012200454
11249,155.10882720226658,-43.63370994738152,1194.384232829954,1664.044276537694,2.7293167725500354
11250,155.1395978818241,-43.64778603209843,1209.7181579466196,1664.3225693450402,14.835075872089982
11251,155.75645815523225,-43.91627019223389,1512.51265851319,1663.883845014555,9.619838686314846
11253,153.83822519635586,-43.07105896597185,563.3048228304029,1665.2318139572574,30.148075823676383
11254,154.17691682609754,-43.222755252735304,732.5933999432893,1665.1221699066468,32.75370433870416
11256,154.6930234546863,-43.452206627790936,989.2651812139267,1665.0112176510354,3.506953045872021
11259,156.49680202024868,-44.237401071749495,1873.6185655273032,1664.8800807768705,5.270492934105474
11260,152.72359288555353,-42.56584833047301,1.6024179008881796,1665.947506507586,5.706683436670136
11261,153.82115683361206,-43.06582510347552,555.4614778393641,1666.4487136639536,17.688472558535807
11262,154.05972366389415,-43.17175041669631,674.4910833870698,1665.8456514881925,34.99906925198812
11268,152.99607091184888,-42.69223773845274,140.15722329951245,1666.7342460123452,20.102624443435133
11269,153.05921167301028,-42.72226969043353,172.44750938353764,1667.3294796610953,2.7948153476283664
11270,153.07073917967404,-42.72775685113933,178.34237946202646,1667.442065027887,22.33465935144827
11272,153.54361554031223,-42.94225687893213,416.63885984882353,1667.27533672378,1.7665497043850245
11273,154.22021798992256,-43.245624633884354,755.2035999436728,1666.8723821677638,1.4889907968505753
11274,154.42596032648765,-43.337615231659534,857.752349860826,1666.9943945795364,4.386070487704362
11275,154.74470765044543,-43.47970072469505,1016.1916826488839,1667.312458685507,2.649954123377689
11276,155.8078754389401,-43.945086680781785,1539.4519211405172,1667.1382592923542,220.87259614169713
11277,155.86244758290374,-43.967756929907885,1565.8569751294367,1666.6457257123163,1.673360649370915
11279,156.09087852672738,-44.066078404531545,1677.1977730162853,1666.4314852998232,6.250195407808089
11281,156.6189091103281,-44.29483754790444,1934.1587107874436,1667.5047297519056,1.59285027664042
11282,156.76586132915065,-44.357597230216385,2005.2227873781228,1667.5554128437707,4.031075437133621
11284,154.72643739928785,-43.47276565555409,1007.4626505186083,1667.8858046056764,3.9950241282475583
11287,153.29937809786688,-42.8350455335335,294.70682523927337,1669.0225520627432,5.783104221380826
11291,156.25092422663087,-44.14077474945358,1756.656916351446,1669.3193775022576,4.504082648794156
11293,152.9778276924206,-42.690381327491394,132.8444187003923,1669.9488040347233,1.6939023302882978
11294,153.00221244115232,-42.70021715855693,144.79544899118193,1669.300792169807,22.657925637140416
11295,153.47803595103548,-42.91905535993023,385.5515616605513,1670.4954147854537,3.8877758343690303
11297,155.21473915270957,-43.692054403334765,1249.9096863263999,1669.9596224012298,3.093669711575912
11298,155.30970137470666,-43.73381982804623,1296.7039547350937,1670.0377966175631,35.299165088800336
11301,155.25741942312217,-43.71352028886346,1271.696944450435,1671.3358159821728,3.0053992145658572
11303,155.75481829490633,-43.92957559775056,1515.5650760889093,1670.8945079649875,1.924926121161664
11304,156.49364828703912,-44.249381679639946,1875.6779922114586,1671.5620661470011,209.91325170242814
11305,153.60499363602045,-42.97855059942183,449.9756032512308,1671.5214820596645,1.4087266963538196
11306,154.578333703497,-43.41547963870129,936.3647736985813,1672.0492568804657,304.8981162132381
11308,153.7179598756039,-43.03338222593432,507.7988265348023,1673.4318748800536,18.52674592096193
11312,155.50762121267724,-43.82706563316674,1395.835170793406,1673.4179529064868,26.962522120468783
11314,155.66189151273525,-43.893863428076116,1471.3604818335107,1673.225755163261,3.157234450795048
11315,156.12917672310047,-44.09637545513179,1699.602214330382,1673.3325596224045,2.618569965004982
11316,156.60348657301608,-44.30041339149914,1929.9582387062942,1673.602973898188,3.014535620259218
11319,154.1605475711254,-43.23389854620384,729.72869761315,1674.3128824641167,17.423034034386422
11322,156.18063937342998,-44.12088629303066,1725.2846766288324,1674.5050779489256,15.179937513601113
11325,153.36492301804904,-42.877134796753055,331.3533023628591,1675.1432684090585,6.594019751900826
11326,153.85349487847077,-43.09802682031493,576.7751478803486,1675.2271229752953,93.89295747077153
11327,154.23376836188942,-43.269680302215335,767.1226070121427,1675.8352543813944,3.6783197368079708
11329,154.470056813336,-43.37388666379712,884.4281777497023,1675.2912914705958,30.03532433123044
11330,154.79469096492087,-43.517355958455276,1045.3444729928472,1675.067504690416,4.008358749468716
11331,155.39228007986358,-43.77919276833402,1339.8827359057182,1674.659116474216,1.6035573464128023
11332,155.54768739687827,-43.84800068401963,1416.4511509476174,1675.1512648169535,2.4599974170085783
11333,156.14858877593576,-44.108925447054695,1710.1896405421162,1675.4280011718386,1.7053909840570682
11335,156.7517146744877,-44.366873669644505,2002.4767411621724,1675.2307387336548,45.11450193014234
11336,153.43594661699623,-42.9104857328347,367.445126148278,1675.7103796013046,3.7940176235201823
11338,153.78625481086058,-43.06895232389398,543.4336557300442,1675.8165947032205,6.6918688074073875
11339,153.99040073722495,-43.16188475333562,645.9591402776178,1676.401966560218,3.758839321140479
11340,155.35794794051986,-43.76643458809294,1323.6336803154468,1675.7840019042771,8.174611065403742
11341,155.37754069113197,-43.77505918679444,1333.2805990523123,1675.8127289125855,10.670416285771744
11342,155.4367431988652,-43.79982166679042,1362.060880457673,1675.2606071932828,3.0409500715546773
11343,155.61993763817492,-43.88039031885171,1452.125834682839,1675.614181237065,2.203538024330049
11344,155.77660389422448,-43.94809739114059,1528.7135498603332,1675.4291807730642,19.33843614724954
11345,156.3472732958772,-44.19433990043772,1806.7586812882341,1675.4175230956805,2.02854434217079
11346,152.80801305179423,-42.62730048259092,51.18534131211302,1677.2115318438305,2.3105898826328355
11349,155.60071333461684,-43.874805008795136,1443.473257093209,1677.0049420392288,4.454995765484045
11351,155.90326051217187,-44.00612185563672,1591.4599944309837,1676.9979292536702,15.743310462251348
11352,152.9935106344,-42.7135779326974,145.52377942169758,1677.9005121413377,1.5951055447489157
11353,153.76582818370278,-43.06373512801858,534.3512461011605,1677.7966448248956,6.629339382002215
11354,154.4141179409108,-43.35496500141493,858.3156979163979,1678.2625837374742,6.806182350580888
11356,155.17793565642626,-43.69145303307681,1236.120462223156,1677.7202244032067,9.813414952280596
11358,156.16364536243412,-44.119820753760685,1718.7151367627634,1677.6358980229336,6.200362780526859
11359,152.8525688400675,-42.65097584199857,74.73252621450413,1678.8276477694,4.247414123133367
11360,153.46234316536837,-42.929567943139595,382.81004503462594,1679.2480276490876,557.2642855614394
11361,153.48740357849678,-42.9410711940314,395.4594014898335,1679.324731294167,41.53622349920698
11363,154.94588246952563,-43.59203149612149,1122.3627257082737,1679.031263519323,2.2014029522170375
11367,155.7618088955089,-43.948586783223696,1523.3773013970404,1678.8847580244123,12.079698743445446
11368,156.05650748536053,-44.0760820106473,1667.2180903764029,1678.862947380936,6.093181046029914
11369,156.60070957951285,-44.30986463162811,1931.4681484423688,1678.9362865301412,15.722689314119345
11371,153.94884918841626,-43.15042821975125,627.2581520010658,1679.9790225687261,9.32740927948765
11373,155.24192567147495,-43.72500838542223,1269.1676001612373,1680.4628281071787,24.071605401355193
11374,155.46223868122416,-43.82050512305549,1377.2290960041562,1680.0335251678039,2.990408004925143
11375,156.43240812735885,-44.24087149820894,1850.7662711579126,1680.4400906818073,2.261615413080023
11378,153.72270021676937,-43.05059215606258,514.5558984073942,1680.9243990828109,4.680379578272027
11379,153.97459024969442,-43.164195237427975,640.7687947791658,1681.0801814334418,14.838236023992827
11380,154.12412090795377,-43.23213814441468,715.729223090214,1681.5470451425654,7.575641870879717
11383,156.04327864633802,-44.073608001971735,1661.6546045685395,1680.4825104322197,3.6266627958469733
11385,156.57564045924178,-44.30393152527485,1920.6202142760233,1681.3305367892676,139.7626927971069
11386,153.65660851648917,-43.023528604530156,482.2007721340745,1682.2904061382833,1.9077390755051775
11387,153.71043891458388,-43.04828233385132,509.3422283573107,1682.5240106527592,3.437636174261316
11388,154.85696285098675,-43.558988538722545,1080.1452854182917,1682.112465886099,3.5133029250446315
11391,153.55673942191632,-42.979717898587886,432.4351189841866,1682.9388994048743,60.28973017992307
11392,153.61989504699875,-43.00985767787356,464.619161540902,1683.7338627563076,2.032517524138665
11393,152.97952528477182,-42.72003508639916,142.25251174192826,1684.272648626204,7.463302509165383
11394,153.0158920825992,-42.736839246807776,160.6991485853564,1684.3681446644027,16.497803646802602
11396,155.87877390348285,-44.00985467847869,1583.4307394332134,1684.1687147890136,3.832826639750072
11397,156.3353980796938,-44.2067940625589,1805.7386961254588,1684.2100465633876,33.00664721876687
11399,156.5303611747522,-44.28999706777768,1900.1600683489712,1684.0474300447836,0.8857660146959847
11401,153.9038496264623,-43.14057553751693,607.7419437956107,1685.1301995395836,41.75340358217775
11402,154.6191189888687,-43.46042139418141,964.2265912455279,1685.4305375787826,8.509063016444387
11403,154.9291203298646,-43.59770388144459,1117.7546184279795,1685.546538972312,1.4141482136825454
11404,155.18423803294482,-43.70819622979249,1243.1308509739906,1684.6982561402106,3.2931419126543178
11406,155.54273484730467,-43.866370374340725,1419.7003358878,1685.41036833707,2.5048804879989675
11408,153.46371900665818,-42.94385192337673,387.4972864695475,1686.033183792175,6.0162013523518265
11409,154.24698638464247,-43.296015012727096,779.566596560495,1686.007202325695,7.129129468609098
11410,154.77031989547964,-43.52707057492549,1039.0668374222341,1685.2834862895124,11.904940458697116
11411,155.67343544518178,-43.923393440182615,1483.7689270290598,1685.4801589855442,2.910989797599426
11412,155.8071632431203,-43.983395012611304,1549.706139180101,1686.4536141444532,3.91185622168479
11413,155.82769270365472,-43.99024148210739,1559.1731776860152,1685.4268844343526,174.060763519741
11414,156.0470022976937,-44.08619636973378,1666.4627548361082,1685.9785824602397,15.48213360849811
11417,156.64803338509324,-44.34425629425434,1958.1563828510828,1686.0515023201435,4.92881446718491
11419,153.60222423510027,-43.00789780154092,457.5020824088636,1686.7261281484002,15.479608564916443
11422,154.91498773173097,-43.595097094289756,1111.7912196341476,1687.3541331148344,3.331494297354269
11423,155.36580964759997,-43.79268610267332,1333.8402580845639,1687.1791621356842,2.6857314246490933
11424,155.78404556486126,-43.97477290210603,1538.7936893766937,1687.155380754178,3.4021695683979094
11425,155.90783163501087,-44.02861844512685,1599.3080983902933,1687.2631461773826,14.360022821716521
11426,156.01592325620697,-44.07590648538841,1652.1730515283984,1687.543834456098,1.5510907145548103
11427,156.10335965819291,-44.11366493726357,1694.7666900405222,1687.5593554968505,3.1035990446616877
11435,154.32293903013849,-43.33419590971781,818.6196954601697,1688.1464744364416,579.4300334442443
11439,153.23221963878845,-42.84412318250979,272.48795517486275,1688.6844217829487,12.957309364297227
11440,153.8313334770293,-43.11563239233262,573.6647115025754,1688.9380316073843,28.08384369899795
11443,154.87499153320698,-43.58074316860104,1092.9487976256385,1688.9938827699505,3.72828634951894
11444,155.43594003959313,-43.82671605804362,1369.2251858043671,1688.872078214838,1.637383066874868
11445,152.90588309949766,-42.6974852044016,108.288206119855,1689.7875760557001,1.094684701207709
11446,153.6204604071081,-43.022715265121136,468.57367289779415,1689.995866199142,8.806460626163389
11447,153.66017209236395,-43.03874878468207,487.9498212554646,1689.0549443470954,4.940358425451333
11448,153.79181394645207,-43.09961441238449,554.3859201557576,1689.8162335736904,9.932108076299187
11450,154.71735081267744,-43.51272022286612,1015.4046027175606,1689.8099933584842,7.200253357690787
11455,153.37028814970407,-42.9118789738397,343.5268840111276,1691.1866267122705,30.39580839957768
11456,153.4496961155854,-42.94805890013482,383.533360751004,1691.2771450300572,5.121683744508463
11458,156.23984953171166,-44.17995176453222,1763.1853425943827,1691.3249042350267,3.3624060091351273
11459,156.29811487342602,-44.20539578074107,1791.5921817165909,1691.527912227015,1.9491007912690366
11463,153.31006717234638,-42.885902909954616,313.60140322829824,1691.860982276046,4.464999854851763
11465,156.53035262260934,-44.30521579751949,1904.2472217473523,1691.6771203403011,4.552631509229981
11470,154.9447069696358,-43.62026424172468,1129.867443554213,1693.373376320639,3.515297158019679
11472,156.004101483528,-44.08229886614424,1649.5499147450732,1693.297545447181,14.985197494569483
11473,156.41563626470167,-44.26003893590297,1849.7415270619713,1693.6448962458878,4.301411442395588
11474,156.5577755878507,-44.3205211611557,1918.4798041779472,1693.4730502939935,1.6450908166917846
11477,152.78050718939897,-42.64852732082413,47.306304323463806,1693.9847183299719,21.383319679835548
11478,153.0455325472769,-42.76989796026201,181.45246124018453,1694.054814573506,2.5556416052425313
11479,153.2051326826462,-42.843287377088096,262.2087418160733,1694.3849084431267,4.3081440054936735
11480,153.34079075052213,-42.903777204001294,330.2259240612973,1693.809649745255,6.345981570815196
11481,153.54589565812296,-42.99763735955899,433.6470308197518,1694.2769031592875,2.931146519713168
11483,155.71722355941358,-43.96056620529892,1510.1908118732283,1694.5531077839696,9.014350011638442
11484,155.80466634798975,-43.99833818701011,1552.8852271639253,1694.4681659817202,4.655203248430605
11485,155.92537253347038,-44.0505833754893,1611.7995624332973,1694.455013713165,13.500226210349716
11486,156.16588205401675,-44.15304344927441,1728.5675764621926,1693.7872736739384,35.08385446421263
11488,154.3182826444162,-43.34624348165032,820.3413124059705,1695.1784332247028,2.5173830923060327
11489,155.26625325292707,-43.765299313190255,1289.4002540268777,1695.2581059618808,49.835388708002064
11491,152.97589369172934,-42.743325675494006,147.80138249519135,1696.6464089818332,1.5099683524548257
11492,154.0965510064173,-43.249045182711,710.3825241740822,1696.0998708437373,2.7288888378176246
11494,155.32071758650306,-43.79076119252622,1316.630008689787,1696.067008301368,1.8344325838615367
11495,156.1531866636735,-44.15149807292132,1723.4593543308695,1695.7504340320936,6.612924549751382
11496,152.89599492226174,-42.70829540556914,107.8314434317117,1697.3905981469816,1.9450949787862803
11499,155.52730180649792,-43.881933618058994,1418.2997055145738,1696.547999756004,2.2194885803624227
11500,156.59830202136794,-44.345900110160954,1940.244757124244,1697.5169557453894,3.7833132215282057
11501,156.6338954225685,-44.3601991034494,1957.2097694034437,1697.069016032652,2.8310665131459505
11502,156.73539562221666,-44.40313866133222,2006.140076049726,1696.9049671915993,31.780075470349566
11503,152.96355038164828,-42.740118616547726,142.28061028995342,1697.852951917134,57.53341406995761
11505,152.85369138312058,-42.69266149200945,87.52572988582905,1699.2393256158496,2.0851992853341836
11506,153.3866643650351,-42.93526028993635,356.44337946474076,1699.107657923147,3.3470951628305645
11509,155.06120277762003,-43.68273023524314,1190.4944280052139,1698.9563671878775,17.74331529373021
11511,153.69084499282556,-43.07331540971491,509.3615882807893,1699.3563471923674,20.682674457739232
11513,154.71103421620163,-43.53042005004155,1018.0757188137584,1700.0259467265594,18.962838910123835
11514,154.8756333839814,-43.60381934014048,1099.6873968941964,1700.360674611774,22.86263378888897
11515,154.97293665141953,-43.64619132873019,1147.5970159187948,1700.103220397375,7.447181332903896
11516,155.57097077193706,-43.90763412410783,1441.5454549396031,1699.8843987348557,0.8713625771425585
11518,153.94254480981007,-43.18997442107597,636.3453968118148,1701.0549126986991,8.698986131181695
11519,153.98304774129747,-43.208242817257194,656.6114059044104,1701.1020779054977,12.70811499524968
11522,155.58275339328895,-43.91630457720591,1448.2949491181848,1701.6536128627035,18.734828991256588
11524,156.05651150694504,-44.12084503380688,1679.418506184383,1701.2653008932787,2.905311982493596
11525,156.27918373887476,-44.21595289407869,1787.4602219787191,1700.8874124087552,6.777965340606295
11527,156.61150291866926,-44.35849120914674,1948.4909091506968,1701.003519098091,7.440808420364686
11528,152.8148529575784,-42.68024633072538,69.45592906569503,1701.9033272894026,5.4683466045458395
11530,153.46201685568386,-42.9748331379018,395.92632772338783,1701.8022435472315,2.445498400115893
11531,153.49483796436976,-42.99084115642074,412.7567591308048,1702.3733794291873,48.67196543571461
11532,153.99780197911082,-43.21668366786245,664.5074232414132,1702.0093010691078,7.42709907733394
11534,154.19797197670525,-43.306834726968866,764.5240174575015,1702.287855966981,19.01281473305959
11536,155.821166412756,-44.01953569720173,1564.798097744114,1701.4920033095698,1.189456528116273
11538,156.66972168685982,-44.38592058254084,1977.3125706643839,1702.3033409413865,0.9485102383728498
11540,152.8885149618586,-42.71669760530591,107.5535611085317,1703.2529589058356,13.93071409646325
11541,153.54753684399145,-43.01594324826397,439.5959328008997,1703.0013675670157,1.164087020525074
11542,154.39147406609933,-43.39559022195066,861.5261802122291,1703.5144441228242,5.721220332229968
11543,155.0947176760208,-43.70648770249036,1209.543087422275,1703.460932919359,1.8112935426498873
11545,156.53876749084475,-44.33169785498956,1914.467776171626,1703.1463187921418,29.655163568772785
11546,153.14674011434167,-42.836229407503694,238.50651316294088,1704.0721002150638,6.617243422061564
11547,153.72633312440388,-43.09901606598758,529.9671074389361,1704.1781592824148,3.6872521959044566
11548,153.90099380951145,-43.177435044721534,617.3417553673492,1704.0972059062312,14.4909741135017
11549,154.06939862868023,-43.252578901680884,701.3488445048819,1703.90579062198,25.958692934612902
11552,155.5315728972381,-43.900356741432084,1424.9743838070938,1704.8229797246795,4.68064179646445
11554,156.07477507693477,-44.13473135056377,1689.9447238170483,1704.2721470420981,6.019714439443855
11556,152.7479163754317,-42.65684790613669,37.712830367538444,1705.5158630871465,170.55415351454695
11557,153.12390164716197,-42.826921340294504,227.30659553702864,1704.6155095615898,8.652825863729015
11563,156.6525177763032,-44.384503448119496,1970.587908077234,1705.2707764758138,9.348087532757228
11564,152.68134043496175,-42.627962117456235,4.459530610850035,1706.3446205364849,78.43159209375482
11566,154.96673106378148,-43.654563001487425,1147.6542010850014,1705.6420856520117,7.506194840531047
11567,154.99648393627746,-43.66809840745861,1162.4574142456524,1705.85972383646,1.9109321435921434
11569,156.75887362208,-44.43174107904876,2022.4346227904496,1706.2360747787911,170.28759914136734
11571,154.51215169970965,-43.45657958697445,923.5511575422892,1707.165844704089,1.8041827899211096
11572,154.59192952514056,-43.49053084686138,962.7099943062371,1706.4414724106716,599.7217318955691
11573,155.10616668626986,-43.71896791649691,1217.2697451200997,1707.178729597753,7.789844095901931
11574,155.6215048962842,-43.94489333955604,1470.5045466495637,1707.5133914326298,2.5451123585629634
11576,156.3073416152652,-44.24011170991469,1804.3896958700143,1706.9298479643098,7.588225900398793
11577,156.4394730246961,-44.296908974859576,1868.4757822211511,1707.0009871180546,199.0922130490614
11578,156.4821596677489,-44.31514622102031,1889.1341322968792,1706.9833892485742,9.572733887344901
11579,153.36376486814174,-42.94203550620997,349.95043698544237,1707.6273853316152,2.196392490200143
11581,155.0186546420403,-43.68213387176973,1174.5939235568983,1707.994438936056,8.510842181658713
11582,153.52887018383254,-43.01949408769007,433.7220283715284,1708.9572984525637,3.771265368668998
11584,154.16551781080588,-43.306075775707484,752.2965620200739,1709.1269463137833,3.1146209674875434
11585,154.2352059071652,-43.33744411152161,787.0781355064619,1709.2461400665381,3.4426861881481443
11586,155.17700051237247,-43.754473492879505,1253.3821230848616,1709.3817130343627,1.9637313283305513
11587,155.47917884267733,-43.88633164502574,1401.7326432209004,1709.2269103601116,2.850486315528756
11588,156.1587578417899,-44.180566116001685,1733.4132435912416,1709.1002994394173,16.91992975904078
11591,154.03093448861893,-43.247556369603764,685.6681879280467,1709.9778875381837,19.747348431300257
11592,155.65730577484962,-43.96573416765803,1489.4759531926122,1710.1490765301078,1.095429235329103
11593,155.78855686256702,-44.022714830488,1553.6259167243772,1710.1497602433217,4.824923475589545
11594,155.93591546012672,-44.086654711516594,1625.5573892724992,1710.2183768040784,1.9358894745127726
11596,156.13103958019747,-44.17027960371191,1720.3872001832565,1709.9263233104812,5.587174764290712
11597,156.26195929431293,-44.22584562951267,1783.7814561780463,1709.5466209020187,28.57479117429559
11598,153.02507545528974,-42.794785999952595,181.23302916137342,1711.0287267492893,6.149599401764166
11599,153.30533849861897,-42.92114668558456,322.1959006786268,1710.4207886711865,21.44523600310643
11600,154.01638060227555,-43.2422259758721,678.7468452111475,1710.5706435710836,1.6969289365820504
11601,154.0491609641857,-43.258170042933585,695.4694171998678,1711.195572607624,26.327407284260524
11602,154.29643622467395,-43.36855591386575,818.6392223939338,1711.1347070869251,8.908941866796383
11603,155.4645279116835,-43.88355404118965,1395.5499369716729,1711.031654938247,2.319437944008094
11604,156.22966716582297,-44.21734529362514,1769.5621027097434,1712.2397602160902,0.7516321856035337
11606,152.8409903659414,-42.712147246040544,88.60860803283701,1711.7808141566334,2.905297010713052
11607,153.15985311779536,-42.8577771995876,249.7100539196178,1711.7999042983743,10.12722978665021
11608,153.7706162999356,-43.13565724869129,556.9913832674307,1712.4751044492818,4.432039535970406
11609,155.62631659238215,-43.95571026659649,1475.2657131688868,1711.8731502476494,11.626005489332538
11611,156.55805946565667,-44.35729069172086,1928.4561816425917,1711.8405799645382,3.423542951073987
11612,153.72940891994915,-43.11927486862331,536.9882966840186,1713.55687434818,2.53171585658663
11614,155.34627497352662,-43.835783278124076,1338.5986959527456,1712.9663167723559,2.0134880501613215
11615,155.56198924019517,-43.930012675638764,1444.4101568840647,1713.020358068735,2.713688258201957
11616,155.86820268630325,-44.0641874361489,1594.4086654385198,1713.6332371268131,312.2073511707645
11617,156.03075184412165,-44.133951016046986,1673.4800243829725,1713.3851114979695,10.089638107772323
11620,153.36501575988373,-42.95586845928669,354.46762398720546,1714.2124441924773,8.952326053678743
11621,153.89787877907733,-43.196551536273425,621.7154252106851,1714.29740077505,11.749726879106992
11622,154.35302850692867,-43.39946464545974,848.4093257818826,1713.9666110026492,8.330881523314057
11623,155.58790924962858,-43.94285376922371,1457.531289803985,1713.7985393473934,8.884293553324873
11629,154.66229743892202,-43.537622988001395,1002.0888700661549,1714.367651841325,22.446784881108467
11630,154.9710773569003,-43.67647996653655,1155.4182313178815,1715.6187602425202,10.015158821735227
11632,155.10336052693552,-43.73460033753858,1220.6076202451943,1715.593544558018,2.1222905961224208
11639,153.5519031950265,-43.043848146086575,449.3522197766386,1715.8807756574915,4.7799363548471065
11643,155.60988989430294,-43.9559728427508,1469.2708622300793,1715.5748124518018,434.6969209178684
11644,155.7385247153792,-44.01265688538128,1532.3867123306238,1715.9712413475931,10.286882246164621
11646,156.0498397590601,-44.14789254517724,1684.3247905837277,1716.239784388714,14.071399387510464
11647,156.30156821808026,-44.25661404735133,1806.7225283258447,1716.4346446493764,2.9165211776105218
11648,156.48688382283999,-44.33390514739424,1895.9231355427798,1715.3695186454822,8.529217093871031
11650,153.19243547109673,-42.883771748484584,269.42347984783606,1717.3392561143858,10.354701584089833
11651,156.08671659425582,-44.16501516613815,1702.5968739347272,1716.8501993636812,1.464107998230412
11652,156.75531023111367,-44.45147374672877,2026.3862936015591,1716.8913955035207,52.38851970428826
11654,154.5734812504518,-43.50537088960738,960.1001443104209,1717.9105722451031,2.921085051694642
11657,156.2615760875221,-44.24332979459873,1788.3743851625081,1718.3829911266914,11.031589570334715
11658,156.36352860891597,-44.285944917310026,1837.5034806007304,1717.8099885470858,11.633370909828887
11659,153.49588171771205,-43.02482316671312,423.0695646634794,1719.0140955810289,2.538109629494943
11663,156.38295866473732,-44.297232596820066,1847.716055718838,1719.2913328388718,3.730649883181186
11665,156.7382344405515,-44.448558526766,2019.314562508577,1719.0738716650767,4.499263327548617
11666,152.7717504166655,-42.69729778348833,58.569450822828365,1720.1434924692321,45.94253662965978
11670,153.56808255057305,-43.059502653930814,459.90377929804396,1720.0241505696265,3.151041827336432
11672,155.13848886893064,-43.758850343687065,1240.372423215064,1719.997829052674,270.53885021392045
11673,156.10122681962892,-44.176936412100254,1711.1950040606432,1719.6860332479162,22.835024905219623
11677,153.67702277401833,-43.10978529962474,514.8479433555399,1720.574277464065,2.8918091055778916
11678,154.0457564742212,-43.27655686117,699.5044145544862,1721.0990973970572,4.302808024940395
11680,155.1979378629372,-43.78741607683309,1270.317624217107,1721.239996181601,8.336127158771664
11681,155.21070803367465,-43.79253775575621,1276.4649788224447,1721.0024826839012,11.86031683028159
11686,156.5704365136923,-44.38210980100765,1939.680150532011,1721.6287088014778,6.325162678054879
11687,153.97619528894262,-43.24769272752813,665.4563528354503,1722.248651914115,3.9046128326024125
11688,154.4083992300423,-43.44084066326776,880.6960454222384,1722.294630725133,2.9760729465428772
11690,155.47003484500797,-43.90844544301481,1404.4798177392972,1722.2643391097952,22.208458433425807
11691,155.96569928127744,-44.1225248576273,1646.352508776531,1721.7215477273212,8.1414270830085
11695,152.81999579140287,-42.72628567638542,85.03762430473057,1723.552833982136,6.066309986318628
11696,153.49957979485765,-43.034920627856046,427.3867898591834,1723.197171506862,10.094686209600818
11697,153.7655297732182,-43.15477880901915,560.6555546180641,1723.11568876856,5.402099048809813
11698,155.23624595824788,-43.8084530512149,1290.3385543136346,1723.3607851447434,12.454025667420675
11699,156.42946375785556,-44.32530230187519,1872.43306836134,1723.3713061410435,6.705257806031745
11700,152.7425566590117,-42.69232049880368,46.28616899438,1724.3101441489634,6.7270341704095555
11701,152.83462447160608,-42.73349102907304,92.59024362954924,1723.8035796563242,19.67549311831211
11703,154.88099059639353,-43.654175282298034,1115.849488327064,1724.2906176256663,10.107762571471937
11704,155.21740773587194,-43.801881296999696,1281.5467322586321,1724.2001737469677,2.029983896455878
11705,156.33793286747826,-44.287565343981775,1828.5010267539349,1724.1187818295987,12.23893865024454
11707,156.6643924567257,-44.42724141730632,1986.4029493312664,1724.1563865303335,1.3341331911547873
11708,152.9840680431095,-42.80451334784415,168.93357542483332,1725.1346280811674,1.982430130893475
11710,153.45683734795924,-43.02041721580656,407.33663644446216,1725.6003994693071,4.633368304168362
11712,154.16549933820679,-43.337950363323465,761.4394088242224,1724.9899324796525,2.7846807658029973
11715,156.6777622143996,-44.434818997244165,1993.3568918433457,1725.098323386702,11.682282184732216
11716,154.14856207494068,-43.33246738317506,753.6020824895319,1726.0282379759608,5.605400910402667
11717,155.61063750696974,-43.97715835112055,1475.3917973289433,1725.997894390291,1.480377700667024
11718,155.79210110221342,-44.055209622498374,1563.8539067838344,1725.6272286163876,3.309668919521861
11722,153.4174049023055,-43.004757622334424,388.1692020316089,1726.6921332339525,19.833566724721123
11724,154.6015903148668,-43.53655101583804,979.3412941245208,1727.2337162580454,27.254543574834972
11725,152.92210134804682,-42.7823312706946,139.4408828307955,1728.1737056731529,13.87034149632273
11726,153.40607978459715,-43.001828573373686,383.12258118226407,1727.7853533129337,6.618013627614044
11727,153.82154492850003,-43.18939370505465,591.406610160147,1727.79240990265,6.4893986349599135
11728,154.37699537701508,-43.43854832113947,868.4312224151175,1728.1105741489691,7.317074785119719
11730,154.62551321856034,-43.548707817634984,991.6312282752374,1728.0082959028603,12.047483956579095
11731,155.97343328048004,-44.13928043754428,1653.7812814166755,1728.431210741754,8.344392218707373
11732,156.20352235376873,-44.23688363389211,1765.2138777941939,1727.6478357562678,4.053482272400484
11734,153.54009014739782,-43.06426081229306,450.9359076327089,1728.669639297332,2.367329891984947
11738,155.8631151000552,-44.09310429525746,1600.450470701088,1729.1941242513549,4.697555122345802
11742,153.59723857279357,-43.0928590709879,480.40944330021574,1730.0498543999045,11.901655759604358
11743,154.36579858551488,-43.43573002879125,863.4874639714657,1729.18881208279,3.730851902499574
11744,155.59123479560517,-43.97783111855535,1468.4146115689716,1730.5510185073992,2.474141386394291
11746,155.88651625779275,-44.10503668081824,1612.3520072970223,1730.0968646327167,5.403295446295773
11747,156.5151461727075,-44.37470728537903,1917.3118724542524,1729.7563556659197,5.566448058592843
11748,152.75157015679542,-42.711177319721216,55.23164535044499,1731.604353226205,5.764426085731881
11749,152.78338443066633,-42.72457061366142,70.98313719515315,1731.0144032230637,6.257804139202946
11752,154.2187518023125,-43.37396857132597,791.4596154879857,1731.0762936104127,87.24552704011487
11753,154.73109895410408,-43.60198240371808,1045.7336586509548,1731.266724088791,4.910146256278257
11754,155.45753797179037,-43.92088355716668,1403.3107049004477,1731.198206352326,38.85144372055594
11755,155.54590957292615,-43.95863021200227,1446.3800666229415,1730.8147672802447,1.9895730249266212
11756,155.7748355193259,-44.05797029594701,1558.2395586705454,1730.7488396883912,2.4116203019667743
11757,156.14442338173865,-44.218315124095945,1738.3779552737885,1731.0816092566001,4.754813866018922
11758,156.2126025906867,-44.247607732437,1771.4701920875084,1731.0611470645576,18.268952343685157
11762,153.50545851757943,-43.055295704783006,435.510666177038,1731.9934383320629,10.488384235303938
11763,153.69010549121805,-43.138901775150345,528.1496177627256,1732.1087552918916,3.4641614273233987
11765,154.48146105948672,-43.492892196504364,922.5344266441288,1732.0390099270464,12.966793032132037
11766,154.5603304017744,-43.52751676983537,961.5272010499604,1731.8467381124447,6.480250702442717
11767,154.71560726416286,-43.59650275855172,1038.4598271770728,1731.9500660079716,2.9837128478870207
11770,153.29909531350148,-42.96311331166429,332.20310718210783,1732.6538107007652,2.936292636221863
11772,154.60078722368002,-43.546464719391984,981.8567641733002,1732.3492093727373,5.627975175031763
11773,155.04502965132693,-43.74370841986164,1201.6063085031303,1732.9223907413232,25.564897725492983
11775,156.0950083092581,-44.20091817229574,1715.4243956838498,1733.0266158083914,154.62192676595592
11776,153.72995891300633,-43.16095996947875,549.293281826604,1734.1457936292554,1.9895703453367213
11777,153.8493522553739,-43.21466677818099,609.0058898023075,1734.139758236496,11.911315688901896
11779,154.4049182430964,-43.462644543384286,885.6270377184139,1733.9203857016553,4.500210805954965
11780,154.81639400654217,-43.64361203167699,1089.003632309981,1733.2325633572207,3.4532489319020994
11781,154.95787263031232,-43.70815732658523,1159.4370536940278,1734.314806381755,28.558183410330397
11782,155.02319731004275,-43.73635106666248,1191.4796040013139,1734.0403369849585,327.32562959369216
11788,153.47410681470402,-43.04800842183567,421.7877350923441,1735.4174364438159,6.154966724083616
11791,154.6332950753878,-43.565966244918926,999.3990636561122,1734.8882120227454,3.571708473643456
11793,154.83394347427867,-43.654838603904544,1098.6524838358446,1734.967340689253,40.83381958717668
11795,155.2851242282627,-43.85201933493307,1320.5276937893225,1734.4239104447477,5.190814111964851
11797,155.7461946127013,-44.055231748125905,1546.9186165611768,1735.5883082199823,7.054172244901722
11798,155.7604349206316,-44.061682145852636,1553.9449061775426,1735.7252970065833,2.906430035466895
11801,152.91258090385728,-42.79414693999083,139.4202153834175,1736.187370261961,49.134231052273755
11802,152.9902979308738,-42.82922902678287,178.54869904648893,1735.9773915994438,2.165515232345122
11803,154.38959419328202,-43.4593775417912,879.0315270822255,1735.6879561024562,2.8722205633387277
11804,154.48918612680234,-43.50449278152537,928.690327967449,1736.106650833473,2.366566002263791
11806,155.3555323298098,-43.88837026635589,1356.631660672736,1737.2002790732495,5.9201428301458545
11808,156.0256350494662,-44.17782549182001,1683.551258742013,1736.438775910888,1.3817946738482836
11809,156.2754354148751,-44.28481969740021,1804.7150010236687,1736.173617457514,8.120664246634288
11810,153.6708951665619,-43.14022538944293,521.4307044635401,1737.0683606787015,2.5537499975913254
11811,154.43491950383304,-43.48090136302264,901.9189700462288,1736.3669894323318,12.226644060776103
11813,156.25087158403073,-44.27618405364075,1793.322161817324,1737.1320754119324,15.228642423586244
11815,154.16976933949795,-43.3667928893515,771.2951338216767,1738.3890624752623,2.9211432525271483
11816,154.70470773578478,-43.60394078317304,1036.5362241853124,1738.0582139106066,1.7038029669324495
11817,154.98391698100414,-43.726024752559795,1174.0741832216079,1737.5077719334736,12.264571243064674
11818,155.7813560271623,-44.0742340720048,1565.1100668692675,1737.46526683095,4.0321081644636525
11819,156.17821445749632,-44.24664783687377,1758.5299987162057,1737.9826121681158,5.687739366721021
11820,156.52077396374037,-44.39427746354923,1924.643038892802,1738.3553565341351,47.904035199727375
11822,152.71508195916653,-42.70983605750219,41.337028558032976,1739.2304199658192,3.078501573299188
11824,153.0818158034924,-42.876657689919085,226.40463281763004,1738.7948887123628,8.260822234960798
11825,153.35708391312343,-43.0027020090001,365.2577001489553,1739.242161499695,5.235992411602091
11826,154.57280671297158,-43.54796833653024,971.9441093065761,1739.2765458868626,2.6937806484520843
11827,154.8170965158698,-43.65658690003646,1092.9219442455071,1739.5446926796574,1.1156349938203869
11828,153.83293111246832,-43.21739043669686,603.7229319810446,1739.1615262900777,3.175560431672322
11831,154.61368733784903,-43.569007483026,993.0165245544522,1740.7300168147729,2.8387043536227132
11833,155.72796001465062,-44.05638962024212,1540.5089783634432,1740.1205846607227,18.01215400997241
11835,156.32497590790115,-44.3139144564336,1830.8419226202493,1740.0945806695345,32.073209308849016
11836,152.93557642654324,-42.81516889511519,154.15129634754692,1741.3970692659266,10.05610583161361
11838,156.52871145876048,-44.40408014302629,1930.1999736018006,1741.5668224759327,8.160644043784641
11839,153.1724079884923,-42.92486724644062,274.11172721361186,1742.2444201106987,4.879096924771011
11841,153.6568005412038,-43.142809173868955,516.9708320538361,1741.508638051601,2.0506486525393646
11842,153.8089930715545,-43.212390880775594,593.4260422953655,1742.02568034144,94.41634264754646
11843,154.33555123751137,-43.44707903427681,855.5488441347788,1741.5411622918245,3.0229382353357446
11844,155.25528310863098,-43.854521644465,1310.2072105733614,1742.1910725431471,4.739013811891491
11845,155.50984702682825,-43.964660801366236,1434.7367478209526,1741.6723224458192,52.81493187130422
11846,155.94249512021503,-44.153420387857196,1646.230619974568,1742.1874454537472,4.803867040171987
11847,156.22870222819918,-44.27661184410013,1785.2657513786135,1742.1140281086678,1.9067461519462103
11848,152.85719772537482,-42.782585783836105,115.51157780612954,1743.0115442068295,58.740548343657366
11849,152.92448919839606,-42.81251445894736,149.26545300732477,1742.592715021146,12.674492654852312
11852,154.6520016809586,-43.59116757163275,1013.4502842869612,1743.3150438679902,10.129817358513012
11853,155.2752041497342,-43.86527070374584,1320.5543384121443,1743.2038940707878,671.6447200449431
11855,152.9842986519695,-42.84340774419171,180.52360637345944,1744.3635923333152,4.802217149626502
11857,153.14686016958757,-42.91709116131256,262.3759193980752,1744.1540536498314,22.71490640881897
11858,153.93858656426713,-43.27505483755866,659.4464740724488,1744.2385477653647,2.5539579236693504
11859,154.9754049698868,-43.734086484359004,1173.1937193858207,1743.3953183987248,2.455258397417104
11860,156.00527036919087,-44.18534709062486,1678.0919956777946,1744.596372214557,3.2261353175642387
11861,156.59269035927537,-44.43631988318038,1962.4159125695503,1744.0315583055897,3.7958001176275435
11862,152.66539159895765,-42.69909303199356,19.762599458790383,1745.2054981879276,2.6392294728522234
11864,152.7317441606143,-42.732237710378826,54.16635366557836,1746.5405115297872,1.9828438780729605
11865,153.0599760967802,-42.88228801823653,219.99104539946336,1746.522451429775,2.4529499672242387
11866,153.86641537938866,-43.24567726681103,624.2844001595217,1745.740856585086,30.253899816045603
11867,154.07633367348126,-43.341399532298055,729.4689788126161,1746.537859036316,2.1953041704751985
11868,154.91031832239872,-43.71063390505023,1142.5701355460476,1745.9919146840623,2.108568432693917
11870,155.77278087115596,-44.08637178767235,1565.2783516013485,1745.389714110881,4.805218384424759
11871,156.04011013727978,-44.20332217390141,1695.8355930060732,1746.0687477323108,1.7494666991972634
11873,153.68950340892806,-43.16754221898013,536.2483525044474,1746.4702048815382,5.428720137087155
11874,155.5935803311255,-44.01243278987762,1478.828296250161,1747.326346106192,118.1602355761802
11877,156.46618174820108,-44.386760163609395,1902.5095918749842,1746.281907503236,6.623785946020522
11878,156.62985602902612,-44.458038225701394,1981.9205866403224,1746.9698123271774,1.9216305871401016
11880,156.73845186982066,-44.50446495825431,2034.3146342727027,1747.0540196110003,10.679954921076003
11881,152.6910561612422,-42.71572463239599,34.20713746128945,1747.6073191381447,26.196319943497343
11882,152.77395454444883,-42.754681319731226,76.44724577386131,1748.0724228244603,3.0559071737920642
11883,153.12098314069394,-42.9130486026775,251.61800624992628,1747.9917199217623,2.815073278897185
11884,153.25136243974237,-42.97322641116138,317.5228420641048,1748.4260726570005,43.36828592865269
11885,153.88875572551257,-43.261007952935444,636.9729654100662,1748.373281523893,1.8433016869273025
11890,156.36077701380398,-44.34603850895667,1852.7073819486875,1748.4916888336581,2.9103522744251857
11891,153.49573560776196,-43.085977319752736,440.8734000430274,1749.4084828144598,1.617443826211882
11892,154.23105612114523,-43.416748696242074,808.2636293221034,1749.627781695373,4.08006681940974
11893,154.34686797107457,-43.46703970567476,865.4307967772198,1748.9667829590087,1.1273468867000807
11894,154.49782072713222,-43.53316781231907,940.0370302448836,1748.474674236601,4.967688722083979
11895,155.10765833007184,-43.80379392110282,1241.5536538386243,1749.1693621551258,4.859463833529036
11899,155.49973704827298,-43.97810964696424,1434.726342819853,1750.5881071609967,6.37016868912326
11900,155.54957964135374,-43.998252337486235,1458.681545014929,1749.8067230733668,4.03082104402491
11902,152.71622496289032,-42.733895120420456,48.92247752837127,1750.8869370701345,4.383405882951056
11903,154.65309520718083,-43.606037870673376,1018.0655526693603,1750.4808734836363,1.363913918083924
11904,155.01180615722987,-43.76468201798654,1195.217644138969,1750.6660527719898,1.1433487780477671
11905,155.30033808557653,-43.89095799754822,1336.979126778859,1750.5356081967093,2.152831914774187
11907,156.23177068168062,-44.29571064350481,1791.5698275058191,1751.012472369329,21.194761955329497
11908,156.3998281150054,-44.3687547401673,1873.2190364689966,1751.487932759855,83.14640515917021
11911,152.81051562863067,-42.77937101638536,97.29899425702195,1752.0062933399488,1.2357539354929943
11912,153.60068128034385,-43.13938600578816,495.2316580171617,1752.3828651565548,39.05798180374225
11914,153.91108947539456,-43.27726303006269,649.9224447623707,1751.4689206946944,2.3806037105100684
11915,154.62486561165903,-43.597614256674404,1005.2543448179536,1752.511434870487,1.0397607554236856
11916,154.70054954570568,-43.629956604718586,1042.3584635409254,1751.9353340148111,28.898753932206283
11918,155.14676654739014,-43.82640176201635,1262.307899850525,1751.8864566093707,4.438077108849972
11919,155.19605028608362,-43.84807463266287,1286.5470699910559,1751.9192798509598,43.30697461406421
11922,155.9768704523937,-44.187850880006586,1668.3047972690067,1751.979588967596,22.55644454893009
11923,152.91549979890303,-42.829383523742365,150.93903910153233,1752.988671338942,1.2400477715398435
11924,153.1744510173105,-42.94707814315842,281.4048363789059,1752.7987429784523,5.9900298919923785
11925,153.311228077309,-43.00992810537479,350.42419839870854,1753.148928407119,6.8803391222298655
11926,153.6246399233087,-43.15148193769546,507.606375768746,1753.0203027701114,3.789507449106869
11929,154.35437365586372,-43.478689512341525,871.5293762789796,1753.1013185487188,7.053448526029577
11930,155.09282294187742,-43.80514684979544,1236.4563095190922,1753.092444416865,1.4270150329685785
11931,155.76269435673225,-44.09740799310962,1564.588192587511,1753.0904045421662,6.359216210913133
11932,156.03720852032103,-44.216110384907765,1698.2491615475396,1753.0908517924072,2.9153065770142708
11934,155.10637224999414,-43.814001449861905,1243.9337532143886,1754.541970559344,3.296181836106334
11937,156.73329938758164,-44.51620083585142,2035.5490235655657,1754.0352249490968,4.355994110875165
11939,154.78624745895672,-43.67338257808905,1086.2672081634025,1754.7015206750134,5.907348153219774
11940,154.93661292128286,-43.740454896746975,1160.6605791691595,1755.0837770888381,2.0307181555750953
11942,155.56866725860888,-44.015926218364065,1470.6027666359312,1754.484621903938,2.435243332309363
11943,155.8547003184936,-44.140875686621726,1610.428137289091,1754.8971746777092,26.10021520614531
11944,156.00907853310238,-44.20899101031329,1685.9416127050513,1755.5991292164854,6.876248707928554
11947,156.64510467463933,-44.48087508383294,1993.6460430308643,1755.155199064874,5.592708690912569
11948,152.93174028768055,-42.842991731428384,160.97185271920242,1756.054409525838,1.9997409890810376
11949,153.2204125419475,-42.97421964820136,306.375276747988,1755.8945111538903,9.493565506639623
11950,153.32531992090995,-43.02222133643004,359.2371630442714,1756.0758142310938,2.473339758185091
11952,156.46746988314445,-44.406086523452366,1908.1820174915447,1755.684750831486,3.7769241931501245
11954,153.15241631863924,-42.94623221435379,273.01220142055297,1757.350818177162,2.6400075283164814
11955,153.50158852380895,-43.10279731987405,447.94652501743775,1756.4438306389623,1.5846264921874529
11958,156.4346770976705,-44.39397660875258,1892.8475220496982,1756.646273495577,3.579743375382249
11959,155.02826740350875,-43.7857900907651,1207.2108829369088,1757.5822037870255,58.735098224997614
11960,155.2443421172995,-43.88263825474101,1314.0019376659832,1758.610514832219,2.5170490893695323
11963,156.33888217912852,-44.35631698328327,1847.4160263763167,1758.3361232316036,38.92743959890588
11964,153.06657749731474,-42.91007818129591,230.63320082429576,1758.8077699239254,2.577308087183599
11966,153.84693261353723,-43.264413465919226,622.5046219687418,1759.4004983748973,18.443126212103415
11968,155.17578273338947,-43.85337031446219,1280.54595744829,1758.9923065513842,516.1773011041585
11969,155.3831859488683,-43.94384428235051,1382.2385630349697,1758.8613020869766,5.345530136342563
11973,153.3573324784574,-43.044810556473045,377.68670815525365,1760.0803570166356,7.091509186724182
11974,153.4544533449039,-43.08859585779997,426.38244834092416,1759.978167471178,4.179250740173179
11976,153.9483228763838,-43.311417494197066,673.5376712282075,1760.1414631622986,6.004642394470613
11977,154.20792672762508,-43.42807327665085,802.9643851090078,1760.3952324263191,4.667843039110973
11978,152.60938514459252,-42.70458949667778,0.7004084165398631,1760.66562098666,1.258152855378703
11979,152.71485133215768,-42.75259136754768,53.98032046810284,1760.4580509914917,1.1048952166504886
11980,153.90599688743248,-43.29509752704628,653.1921800093999,1761.4679299210013,374.55528125942686
11981,154.1415437795143,-43.399213480103995,770.171004338863,1760.7863769461712,2.2405732557943487
11983,154.6781536987158,-43.639016050151334,1036.6526585358833,1761.3828555964203,1.7377032509762598
11985,155.08798280865005,-43.81870565886169,1238.4636370957344,1760.9140690391994,38.626246868070595
11986,155.19916085912226,-43.86798148490778,1293.247799201025,1761.170173957006,2.531417297182155
11988,156.35559448018432,-44.36854742241443,1856.8714956334359,1760.8722136657473,3.1322603717781137
11990,153.69995578311725,-43.203404674351276,550.5268556847435,1761.942612752433,3.8982462794599018
11992,154.34785494925939,-43.49392905419027,873.4723955022054,1762.1286122488152,1.0384464113182272
11994,155.31388023244395,-43.92093158517968,1350.3107475617312,1762.5382210893624,8.671047068845468
11995,155.4082793037771,-43.96149788373521,1396.3906509270662,1762.2054730331693,1.637146251449797
11997,152.73863828106255,-42.76837031120275,67.46541773243686,1762.8702409434095,35.391979084293354
11998,153.3853900681707,-43.06277219154264,393.31303351295094,1762.6827328940533,14.953859674487807
11999,153.57080104242866,-43.14561716716976,486.0058503425025,1762.1744220027995,4.18786207594875
12001,154.24738024020456,-43.45050841212139,823.959396086747,1762.7991367728062,2.1712019843756347
12003,155.21529109218784,-43.87976340424211,1302.483615213469,1763.5226760407481,2.9551992016446365
12005,152.76369491680092,-42.78159743896551,80.65734267096143,1763.7330550534225,3.7153072226150274
12006,152.77858191864627,-42.78901326907184,88.3621988787532,1764.0276195842357,27.33102585663956
12007,154.58890314183196,-43.60547315811555,994.2048053485219,1764.359241465572,4.357340336431534
12008,154.8280949301035,-43.71080095366819,1112.2643482961332,1764.142598277959,2.800840903081858
12009,155.14182466279257,-43.849620263361025,1266.9706098754953,1764.548450496783,24.411988288241037
12013,153.05192583166098,-42.917210100432584,227.32439503173484,1765.6535538964238,4.54722179446883
12014,153.17777743121763,-42.97373387034644,290.4785274796069,1765.2666516742925,12.803838813525273
12016,153.7554601032677,-43.235078928778194,580.2200574064207,1765.2614743135362,6.914056334937017
12019,154.38269474749484,-43.514842010750485,892.3032187026745,1764.8201706866869,4.298013879344704
12020,154.5092458549246,-43.57269776852702,955.4944996342996,1765.6292304152992,4.118924282283942
12021,155.3903965004178,-43.95829824492299,1388.9081957332378,1764.504340626139,2.7496653943392184
12027,153.9423402993393,-43.32117794332908,674.1441819951891,1766.3256815717264,8.372967859845513
12028,154.60387315360018,-43.61591126160032,1002.6903142168834,1766.2539160582164,2.838504384435502
12030,152.65452016959088,-42.73774906607448,27.267426897711545,1766.8179000299936,7.072384630369425
12031,152.86186858752257,-42.8338247622678,132.43702573770437,1767.3390217438903,8.854816010664127
12032,152.90174984766057,-42.85118256881212,152.3160431320797,1766.9040286065156,8.17121584842247
12033,153.7656448221722,-43.24375975889063,586.4983345919385,1767.296887723357,4.267028460582244
12035,155.40409732513524,-43.970011935990165,1397.2092481648608,1767.3660850673402,2.807076090810685
12037,154.90246911083008,-43.75232474754982,1151.3965979701075,1768.4955001725812,2.7950280211005825
12038,154.91751309623677,-43.75805145668776,1158.5570824195004,1768.0470217721486,22.020446950816275
12041,155.34316522655,-43.94590222155767,1368.0499850431556,1768.6121373693593,2.291073674183627
12042,155.82631250855056,-44.156713682379795,1604.3029404287438,1768.9543365606542,24.61528806991921
12043,156.2037482873042,-44.32100633184516,1788.1000936916312,1769.6957188161496,1.2043772472330299
12044,156.47571409138394,-44.4361009667787,1919.2869685203236,1768.9493186382947,6.610500051261878
12047,154.93684265085204,-43.77135636950615,1169.4269619249062,1770.4360858977097,16.224556451911376
12049,155.00514246803442,-43.8003709230653,1202.7657802415968,1769.9201608117307,2.4826509060936215
12050,155.02264211508205,-43.80859146190466,1211.5254837107861,1770.1831177428871,2.0062449719126656
12051,155.27296025456792,-43.91820771699434,1334.4615490169306,1770.1082460741486,3.641725702969609
12056,153.0477975161164,-42.92635696375952,228.49935140656484,1771.1200298414474,6.453002199202611
12058,153.34353751718925,-43.06204984152077,377.64121615471953,1771.7356455783063,4.64853485135487
12059,155.76112241075043,-44.13238128234264,1573.6089301908019,1770.9064691356732,316.7928937954787
12063,154.3224418091238,-43.50271180444054,866.5982179368633,1772.1278360453396,4.905900132482183
12064,155.12940075635532,-43.85899012383863,1265.0057023359504,1771.9390104453264,3.540539091529412
12065,156.0429466100875,-44.25695676764545,1711.4856660727871,1772.2807728171495,16.117283350243582
12067,152.61103642942217,-42.73057318846408,9.064194470658501,1773.1526595854004,1.711330569296417
12068,154.85652481870136,-43.7414486852159,1131.386234581235,1773.1659438004792,4.530764422168643
12071,152.6958523324568,-42.77116190467558,52.48998870735968,1773.968941721763,1.8036238356262106
12073,152.89314071580662,-42.86173057307134,152.26121406208262,1774.079401422732,5.3395257838351196
12074,153.1671282032617,-42.986966313571976,290.4388234244609,1774.2292276481342,67.05179325571167
12076,153.80212638060374,-43.27347026488506,608.5777783786974,1773.9043363375945,4.295248587913656
12080,156.38931310572335,-44.4076510761398,1879.8289938756573,1773.2155283841032,2.4516654013545853
12081,156.43827758473873,-44.431028385328005,1904.1446484264138,1774.4262962178148,3.2999522836166415
12082,156.6059478625817,-44.50277404203584,1985.096271693119,1774.4897576393198,2.1686218257083234
12084,153.62436163351202,-43.19596998434904,520.4466597484728,1775.1714940611162,8.708066017513799
12087,155.35822376616142,-43.96509408352842,1378.9313712697906,1774.9067075389485,5.137041927113283
12088,155.3875477356176,-43.978993086832695,1393.5984081421816,1775.453427043089,1.5616412583614747
12091,156.22521120244403,-44.34117824967181,1801.4664444414598,1775.1739044024716,23.044543054698707
12093,153.5632778438979,-43.170249626241166,490.4037239853324,1776.0884420196378,3.8946968393067847
12094,153.9717094641278,-43.35432437642023,694.5477812545652,1776.2546431123635,11.808184535532098
12096,154.86628274731436,-43.75067143788666,1137.5818351854218,1775.6179696033028,4.759131004026037
12097,155.86491036494144,-44.18621545457616,1626.6007611992875,1775.350738568007,37.52098551522397
12098,153.06483132498252,-42.94573839112857,240.51039659310555,1776.8783382829004,40.64827834839708
12100,154.45474894911237,-43.57177178457536,935.1176181932788,1777.2115683805312,5.384677789780059
12101,156.0958412262051,-44.28809745626592,1739.4351578049975,1776.4562487283179,185.89655644184455
12103,156.48136791779643,-44.45366544523763,1926.0881705782547,1776.5338880577524,3.494613508154211
12104,156.68312677371867,-44.54064984878598,2023.6149036655117,1776.988592595141,4.859235031252248
12108,155.10944220743792,-43.86334716880661,1258.8632862164707,1778.4779174266139,69.03710189745067
12112,153.2727335762717,-43.04394709081515,346.1847194271635,1778.689058885166,10.04611987785551
12114,153.49791444018533,-43.147748108824004,459.7083551199723,1779.5778464484315,6.317341544894755
12115,154.49449830265283,-43.59354241814192,955.9769512727503,1779.2627094483018,27.425617869947665
12119,156.16964649158908,-44.32531275895846,1776.7117111518303,1779.1842989058443,1.7093724960174328
12120,156.34265207437522,-44.39850004351057,1860.1881962885564,1778.6410495076238,2.057030648447595
12121,156.64325085862012,-44.52806435455528,2005.5849313361718,1779.1927898408194,16.017343628518596
12123,153.3448029111203,-43.07999356460464,383.3656173905605,1780.3519455987307,8.026266882783576
12125,153.70095321823504,-43.24010424106005,561.5504435025625,1779.9440665765765,11.804851786453243
12126,154.73124032673724,-43.70037260488599,1073.5873166242882,1780.2513459295978,5.171518519354877
12128,156.5916101880314,-44.50903923112407,1981.4996517533648,1780.690651061063,2.906579559936156
12129,156.7030253591995,-44.55598103101152,2035.0265695506976,1780.4257112148646,1.7914983038565069
12131,153.30902426131073,-43.065254752459374,365.83548616999093,1781.0891305471287,3.4234191974986783
12133,153.92797910465592,-43.34464889967555,675.6146905199569,1781.1893922837476,19.57546057371912
12135,154.17111117339942,-43.453470991291056,796.6529927640822,1781.1987578473538,230.2233498056326
12137,155.65830284545996,-44.106991015420704,1528.7458777340787,1780.5059710809362,5.040579601784081
12138,156.3265373242389,-44.395334802352565,1853.4035161013428,1780.5140260058013,4.030175392553922
12139,156.38505134970956,-44.42029923652735,1881.6688221422744,1780.460207644452,2.054321721820215
12141,152.79679930491855,-42.83429865597475,108.54491641019536,1782.3231694180886,44.26975048664492
12142,153.14773321412895,-42.994398838680226,285.4645093020109,1782.288019019256,5.909994981308895
12143,153.56845437792677,-43.184478811419424,496.46010233406554,1781.990993152516,7.729028570850069
12147,154.76525809320307,-43.71916304469239,1091.4395320875676,1782.1258461068524,4.068159671719075
12149,155.9059152055287,-44.217389600400175,1650.2277986619445,1782.0702869261781,3.5222523500082294
12150,156.2631259950718,-44.37098901836811,1823.4891905946643,1781.9432505840643,10.206788461806974
12151,156.68755371395304,-44.55229546671867,2028.3531043078465,1781.8787642485322,5.663022347370548
12154,153.52502965042842,-43.16907085647532,475.938864977382,1784.0779091592456,2.161402406542666
12156,154.03154916786784,-43.39701941788427,728.9321719307611,1784.1528284960843,37.599313294112555
12157,154.15824609095762,-43.45289258022756,791.7395388970109,1783.7675670840536,37.4240018947385
12158,155.14890525702054,-43.89272565229202,1281.6197970899796,1784.4966053105768,62.230423298699115
12159,155.40857336940354,-44.00548358264794,1408.6929723396229,1784.0945522172042,63.6011462502253
12161,155.93517662627244,-44.23448512752688,1665.672315157197,1784.2959799481425,9.636995961188662
12163,152.85450556136803,-42.86652640129562,139.4158184630447,1785.2056209458392,2.2354635312848314
12164,153.40737063338628,-43.11792134315652,417.56710521573854,1785.1043913742178,9.280648998366436
12167,155.0813105597448,-43.86489148013878,1248.9233163287204,1785.4034823582633,2.990278835198349
12168,155.2023030334098,-43.91775595414476,1308.2859224526244,1785.3104398911078,5.1773982648019805
12169,155.51709170958745,-44.054772479779615,1462.3192475261512,1785.0899133025437,2.647439842563562
12170,155.81499230531765,-44.18449924486822,1607.7451068494017,1785.2875304008471,8.444137056795663
12172,152.9998742019107,-42.93395661646728,213.04648055677885,1785.7160428763539,1.3329598479187035
12174,153.2387755837389,-43.04278207026886,333.3049058843008,1785.7574585900236,8.122788706750654
12175,153.90992859884338,-43.34717429602666,669.681630366003,1786.467000350858,4.1695307921502165
12176,154.89909566850685,-43.785779843016876,1159.558501102575,1785.9073590869089,1.2475714812600756
12178,155.13256870024213,-43.89017203927749,1274.8847583651575,1786.7950721667405,2.659247680340205
12179,155.68676003379963,-44.13065883734853,1545.7398398191458,1786.156943969644,4.913952506434197
12180,155.7039403604511,-44.136867896884084,1553.7747502489572,1785.5349046747144,16.7073252468536
12182,156.5861976148167,-44.517059226320995,1981.6568714052466,1785.863596202626,2.5579585768749964
12183,153.0965602964249,-42.98089789894956,262.59453143552935,1787.141099320029,15.98067728820786
12184,154.38783789747959,-43.56157569286117,907.526416507457,1786.9350624274427,3.7636527483334445
12185,154.57176658494913,-43.64347747272041,998.6610483248353,1787.0606214830793,4.457240025036678
12187,155.44651121191157,-44.02788425955525,1428.87752126864,1787.0169199232619,8.031445300983908
12188,152.57766554995501,-42.74577122367202,1.277677720306054,1788.2649703068803,7.446060608580728
12189,154.04171897001743,-43.40943558043509,736.257590343084,1788.0614120613543,3.2441643201563735
12190,155.95516672858747,-44.25149122997118,1677.6736531861236,1788.4814997572719,7.5733201191360315
12192,156.25153769872605,-44.378307615473005,1821.204173809294,1788.0936826837503,2.1808241629317036
12193,156.7001829913507,-44.56932536741728,2037.5431601945004,1787.717343750927,2.77259497083583
12196,153.47622941600503,-43.15723828724239,454.4732408843289,1789.152109022096,70.06790465501818
12197,154.40169460377163,-43.57135502254614,915.4251016074173,1788.7352914707355,2.312661239644355
12199,155.66187504182486,-44.12519431248052,1535.0711760104512,1788.822390561739,1.3922929132601383
12200,156.4010479942111,-44.44545964819507,1894.331602611548,1789.6256195208218,3.9125573012815904
12204,153.7306905996222,-43.27446930597456,582.4980718816819,1790.3594874280645,25.675643925587202
12205,155.25272464024337,-43.94841733782717,1335.4102315659266,1789.594500812753,8.702093618707778
12206,155.30303854271892,-43.97156322804307,1360.388980787114,1790.164556268289,7.152155041208319
12207,155.37666466548566,-44.003601279171924,1396.4135375381065,1790.103651386386,7.000129438892341
12208,155.9286339287329,-44.24344002404162,1665.7084940789266,1790.18424535748,6.449571528286905
12210,153.48755738722687,-43.16683221804894,461.454554696148,1791.3710054784408,15.895516444019625
12215,155.0678050817691,-43.86983341892458,1245.3275683057034,1790.822878526865,109.30462532401472
12216,156.4568774729713,-44.47190962229669,1921.9825509087761,1790.9097103412143,2.2103471944500868
12220,153.22555660206274,-43.0487797283628,330.1872488017971,1791.7082618446152,1.1214429614029573
12221,153.41854576891015,-43.13780546734958,427.50635007011635,1792.4586942312715,2.495107017807447
12222,153.4405874331651,-43.145279902675675,437.8257546731605,1791.2179998918468,3.154828152771424
12225,156.55983697881615,-44.518369180129206,1972.3145323435501,1792.151535907211,6.777957090837412
12227,152.6165718044321,-42.773477510342154,23.907380958535025,1793.1296046926536,3.477689372131389
12228,153.10993050018746,-42.99972565969297,273.0784587184598,1793.4556032558855,14.238819901248627
12229,153.2405451257895,-43.058009559295236,338.4304227033295,1792.9091560098798,2.395604861628929
12230,153.40494643076178,-43.13416380744027,421.42266662100826,1793.7062224619058,5.740568110080193
12233,154.8680200137964,-43.78533443517636,1147.9761811275137,1792.5068202251884,2.6129223788274536
12236,156.48483786156703,-44.48910692305717,1936.8861069564905,1793.5356350328495,1.882328239732598
12237,156.64598530750627,-44.556581058888476,2014.2145130399288,1792.8934131794654,2.733118428894663
12238,152.70745233986602,-42.81685040354803,70.37352840150557,1793.954156701534,20.584428290817925
12239,153.8300600306161,-43.325975633794634,634.0838767834567,1793.7478622710923,2.8372303950502635
12242,154.38545801371936,-43.57575710188716,910.6910654223791,1794.5166778156884,2.54663253236955
12244,156.11289344379452,-44.33138774642798,1757.4727251191723,1794.4337289597797,350.05455373784434
12245,156.53135356942073,-44.50999062704869,1959.595296395835,1794.043816388643,104.74149043583964
12248,153.93440010286315,-43.374859332499575,686.7007314729603,1794.7684688487773,2.5746498664943775
12249,155.2904230082706,-43.97462448374849,1356.591832012274,1794.4425938208747,3.289323517926853
12250,155.55022903172014,-44.087827336573866,1483.654368950583,1794.3916654458333,3.0129711227796987
12251,156.05222952437802,-44.30926121335158,1729.1367251167185,1796.4326962597872,2.4539741875647563
12252,156.3810461039318,-44.4488855045746,1887.8977431877745,1795.6258952867338,2.2248448108008563
12255,156.35026781204743,-44.436456072598695,1873.2281709214512,1796.0027206005618,3.480940536627916
12256,156.46565789454473,-44.485156059358246,1928.7719472086185,1795.6615795735665,2.1864747578334542
12257,153.03661721999273,-42.973699677138114,238.34619378245276,1797.10695049448,5.200013502963395
12258,154.24827900105421,-43.52084973081689,844.4198739572688,1797.5835084468733,11.977185793913879
12259,152.73436966491562,-42.837048714667965,86.31674729471922,1797.844636938677,18.45426788489655
12261,154.19499343170438,-43.4987682746613,818.4464502736886,1798.4203855278747,1.6530872080878831
12266,155.22949282329512,-43.95402666471051,1328.4120470154967,1797.46244477442,2.77494067573581
12267,152.93215306584565,-42.930487536053654,187.0245504358324,1799.3097651040648,12.723055675317003
12268,153.81211916240701,-43.32795559173587,628.037767971844,1798.7345250880128,2.5598042911247685
12269,154.33074186300334,-43.56098325913989,886.2989246184493,1799.2757167855696,5.083618632762933
12270,154.66090818069418,-43.70655653607751,1049.400147340307,1798.8146511871958,5.806413357362121
12271,154.99259772773155,-43.852988477766075,1212.8926651884706,1798.8952855931564,2.022956155354578
12272,155.50106060472035,-44.07560403618147,1462.170991200909,1798.9720616831173,5.358123349174547
12273,155.7289316259656,-44.17467044846817,1573.3620620972144,1799.002560648317,25.79380778205225
12274,156.23177550074894,-44.391922202345185,1817.6172919391734,1799.1488998835375,10.898030602754051
12275,156.47362156989382,-44.49552848604792,1934.4870800031129,1799.1498700635404,17.956817151697603
12276,154.29485073144065,-43.549191543301646,869.6968436071819,1801.3584038951976,4.421160029513862
12277,154.58499752661535,-43.67627333575687,1012.8397797448163,1800.4671217266834,7.217214899544178
12281,156.1273149803733,-44.347904374616405,1767.2627889178434,1799.589601832719,7.142477403069081
12282,156.16018879551868,-44.36160103136524,1783.0717860729078,1799.368173927947,2.1874598793342743
12284,156.5864545661756,-44.545865336815496,1989.4652664440734,1800.2342997435317,3.6065087290597497
12286,152.69719948867046,-42.826121905880925,69.34917140540763,1800.8709232256997,36.35633497518971
12287,153.5098920676205,-43.196611718022304,478.3839718032261,1801.137960566747,4.5963037888721665
12288,153.54224938146277,-43.21230629288621,494.89657700406565,1801.672989460079,9.30368206912115
12290,154.0769845623048,-43.451590530518295,761.3877267888212,1801.1715801363675,66.9516166808816
12291,154.31479945997185,-43.5580366554738,879.5790502996572,1801.339689949486,4.184805694307728
12292,154.37504459611733,-43.584258076598445,909.2744448544637,1801.048944870182,10.18190535258667
12293,155.5812960759348,-44.11481230771101,1502.5388094546202,1801.1180669072603,3.589616699194661
12294,155.99414671875454,-44.293243632645655,1703.4040112752339,1800.9430756378815,65.1480100502544
12295,156.10896446608828,-44.34137628907553,1758.7397119658767,1800.2739135523182,11.191673727336894
12298,152.58766914199836,-42.77772814689154,14.509136314422427,1801.8037276312618,8.310847839506994
12300,153.09706778998367,-43.01072175295524,271.5720913533896,1801.807036142903,187.5801204389536
12301,153.58882556603174,-43.23396491049392,518.3864552215604,1801.9879944436193,4.182215722080062
12302,153.63899518495012,-43.25565690292286,543.2034540654411,1801.5245409735626,2.401750617599393
12304,154.47943126452185,-43.63457365731815,962.0846047657042,1803.0092577338062,1.8241469464117497
12306,155.14782959273896,-43.92819596053496,1291.1253235307056,1802.4174271779825,2.6007393656819175
12307,155.33042728077675,-44.00773186592564,1380.5275217735546,1802.2370316844774,6.262561606251289
12308,155.8140221741946,-44.21824195518714,1616.6311380499674,1802.3553015667937,12.29203666472865
12311,153.47206028159974,-43.183158159682776,460.5016209383831,1802.9470618333753,26.409280197817246
12312,153.7298255371296,-43.29935192374733,589.3950769880917,1802.907033115931,17.174056555302027
12313,153.83204077663552,-43.344722722887326,640.2370425928441,1802.6165229472465,2.8291020033776455
12314,154.05330986812908,-43.445709107645506,750.9660980375612,1803.5108482047267,2.9109052362336993
12315,154.1553597642622,-43.49041441967437,801.4359138430377,1803.0619721934643,5.1483421809238665
12317,154.79599077627594,-43.77512860674434,1118.553229991891,1803.2437945937443,21.839138870643556
12318,155.62687784686364,-44.13923627759103,1526.0499145407973,1803.4227844172083,2.4554523348666937
12320,156.37021654837176,-44.45925685503706,1886.7100549904744,1803.136593730073,5.720060064194278
12321,152.98041750395166,-42.96255509648351,214.31715451436392,1804.282175624762,6.410263595887489
12322,153.12995447162083,-43.0306644043683,289.58051844650305,1804.2726244413952,32.875334846882666
12324,156.3809056444129,-44.46620507296697,1892.5119437833926,1804.3232751397707,2.477590619318512
12326,156.4953944427141,-44.51499323096052,1947.7183759212846,1804.2365492608353,9.918525452784102
12327,156.57150750991755,-44.54672973087919,1984.2032046363686,1803.8592366265318,3.202510445131612
12330,154.95433499887787,-43.850411119217654,1198.0713136934692,1805.9954563588335,2.925049087336437
12331,155.21072340553846,-43.960651406848214,1323.3434236574076,1804.8630621979385,25.229329807003154
12332,155.53348884020366,-44.10168190878905,1481.3148328792147,1804.9429220243283,1.1279474293471279
12333,153.54853577858583,-43.22356197671432,500.49507815957617,1805.8495249194636,8.589814137461419
12334,153.84617306499985,-43.35793076513102,649.2685103064235,1806.023891028202,3.2077303751538793
12336,154.9892039399849,-43.86633737309637,1215.3844833924265,1806.2908516084517,44.13113092814004
12337,156.04197314147865,-44.32438974080937,1729.479103295268,1806.2050884920247,5.094480902455963
12338,156.3499897272501,-44.45633108086225,1878.4849906811523,1806.007404234678,2.326222511216337
12339,156.5508571894847,-44.543621389447836,1975.7813679792112,1806.7139846931964,3.6912486032549374
12340,154.11617037031115,-43.47981053844992,783.9429797958916,1806.4917546313368,1.9601577437299127
12341,154.45729143136944,-43.633149281242304,953.5182029384025,1807.190395271945,1.6673241431403523
12342,154.8245271760134,-43.79516417559333,1134.7134966456817,1806.9535462836254,17.372816345756668
12346,153.79826360235103,-43.34047243801635,626.5498572458832,1808.042077132472,14.45720339999621
12347,154.97417626083597,-43.86426995789945,1209.2686988062555,1808.5528663308505,17.021937599930684
12350,156.5378721467133,-44.5412935056944,1970.3855964744878,1808.32283767681,16.265722790699616
12352,152.83166778473733,-42.90430484124185,142.1925359590038,1809.086860127544,5.266511688870385
12353,153.16775518993884,-43.055897302819126,310.9517692142172,1808.2576957329202,3.337826203528638
12356,154.94110972156565,-43.85102152641308,1193.3703584448351,1809.1984463342421,7.0512274835419
12357,156.1256967838915,-44.36594948484758,1771.5651411028186,1808.960695617515,9.983808485235077
12358,152.56381048579996,-42.78354291160543,7.4426233652831915,1810.1058203635055,13.687196622564727
12359,152.85069673380693,-42.91473633199264,152.30566309224315,1809.9428588617059,12.470782157476954
12361,152.72094780346453,-42.8578795505438,87.56008137985889,1811.2010202968281,5.224642796178581
12363,153.48276699707444,-43.203671983135386,470.4380965589175,1810.7223731485724,11.071170449984548
12364,154.04098078895134,-43.45605502908974,749.3952074426119,1811.3926160090534,7.996999198161412
12365,154.152258960529,-43.50550067595672,804.6187761573985,1811.2490294964434,339.9349739572247
12366,155.3080744848686,-44.015412804437744,1374.429719207871,1810.9391584358546,51.510604457715836
12371,156.08122169729637,-44.349763451497346,1750.813806488246,1810.4382311106422,17.708985960948013
12372,156.24116688009826,-44.42000575897397,1828.6680770237065,1811.1792479232824,1.9678526576548467
12373,152.6028452816498,-42.80595888842804,28.53118957018035,1812.3226779236707,21.21569572012763
12375,153.46928501834654,-43.19955343509398,464.26392361347445,1811.7027112151966,9.808674987517053
12376,153.75954575828982,-43.330830812348594,609.4802305527041,1811.8973681217485,7.805354690921102
12380,155.68386465192322,-44.18176952951915,1558.7255128238946,1812.30804302541,11.560626592584507
12381,156.05794394724532,-44.34337734607184,1740.5174887979665,1812.2571362484234,4.6168193842527705
12382,156.16330367421105,-44.38794835554584,1791.3605934060672,1811.874015245051,3.502769538711661
12384,152.9725340050493,-42.97738512414546,215.7923723139215,1813.4097126007907,2.2795609656097904
12385,153.0535196842454,-43.01356975641758,256.34695897829505,1813.0450089030942,4.905718127510719
12386,153.6435749199319,-43.27998222738846,551.9623558488553,1812.573136014281,2.8607980589776196
12388,155.29158290770903,-44.01242356046965,1367.5271488340536,1813.042643456918,2.793133042145005
12390,156.20129315425228,-44.40673574283127,1810.4178002090177,1813.1055440588527,22.912839525563825
12392,154.1954722210321,-43.530612849890524,827.7447956457164,1814.1451487168101,3.3634525545100025
12395,154.60393931928397,-43.71405546070468,1030.5275807287271,1815.0967565557833,13.38868962200589
12396,154.70575430862385,-43.75998177073614,1081.0303331131345,1815.5412522384527,5.532068571950612
12398,155.71098085210465,-44.19877892184145,1573.3762904346363,1814.9289098671024,2.414476817090525
12400,156.2215259037545,-44.419070289915936,1821.19454078088,1814.9285619587627,6.666522641643142
12402,156.44972471815686,-44.51720424653158,1931.5284793563874,1815.1116100168422,10.782054385410776
12404,156.5904039486957,-44.576868297969234,1999.215862420177,1814.9147009244082,2.057013148367479
12405,152.72422081038587,-42.86881870487747,92.02079320021923,1815.8729505031652,6.0976290869365375
12407,155.2755595536986,-44.01211151859792,1361.5413705496082,1816.379990161827,4.695126294783477
12409,156.52722293912882,-44.551780400243295,1969.284548694827,1815.848054530276,4.158225003162327
12410,153.01830788579656,-43.00560756458743,241.01104898725688,1817.0496039170487,44.61266426228421
12411,153.3587324142061,-43.15946113562414,411.77614313171716,1816.6325337365379,2.9374804206870557
12413,154.76325346235004,-43.78896181067833,1110.3916931750648,1817.3266542083977,3.0469424985399742
12414,155.2560982869683,-44.0049145801019,1352.3752996227536,1817.0345289700995,10.504708354729493
12416,155.83060538979825,-44.255630445997326,1632.969137575052,1817.4476789784164,538.5530157415927
12417,156.00179409274713,-44.329426184557036,1716.0731566495815,1817.3789143081099,5.074522092953696
12419,153.43462094157817,-43.1966786144608,450.64186134023436,1818.0525178104917,6.170127928259374
12421,153.70626919600306,-43.31887484598123,586.3708040860798,1817.8614861101416,6.200522267129335
12423,154.1059673680102,-43.498835896623845,785.6431834046264,1818.2125746793508,3.1304435622708175
12424,154.39461434089515,-43.6260021597952,928.3843851468462,1817.484852516601,2.167711045273178
12425,154.56102196746934,-43.70015749378235,1010.7761109996053,1817.639742727091,1.739069289386587
12426,154.80289280090182,-43.80804616626242,1130.3719748886135,1818.1204646829278,230.25059596007466
12428,155.15111310114312,-43.960088439733134,1301.2349858410435,1817.5992146245756,1.4262665759488926
12430,152.872485979615,-42.94225771857804,168.49928427657665,1818.6379879953147,32.07917450131936
12431,154.0381577647654,-43.470545052729946,752.5218097181875,1819.2196214921169,1.5018085683401494
12434,155.51565822653555,-44.12182971251814,1480.315418699857,1818.8705105774316,1.5055885163670908
12437,153.37203555730926,-43.17208991350482,420.3771762022214,1819.9067876119686,36.592412502991934
12440,155.35226403088222,-44.0519703492517,1400.8466353440838,1819.5471625620235,2.4466808540774245
12441,155.54657186249867,-44.138439137576455,1496.2751411864685,1820.4477644632054,43.332262562343146
12442,155.60207581039765,-44.16190654310966,1523.1662464599392,1820.1186381938694,1.7451846417269161
12443,156.33820283817266,-44.47926945213448,1880.3375484248593,1820.0099258918656,16.942703680308274
12444,156.46183147079313,-44.533202254049826,1940.2753399467288,1820.5282188928986,498.07301086573375
12446,154.24190125510881,-43.56585275791492,854.9420737470854,1821.3718798479226,1.79012393618288
12447,155.6825129057046,-44.198883185978794,1562.932006480638,1821.1455076493316,1.998023235210292
12449,152.71759411802333,-42.8779118355452,92.28148521371462,1821.8763908030112,7.059379831579416
12454,155.05955420238124,-43.93159171261127,1259.5655832185803,1823.409117470552,66.95643102654465
12455,155.6663623260715,-44.19593569303056,1556.180891077238,1823.1721728493317,14.592775846661215
12457,156.13850926462115,-44.399386940673146,1785.3473099444293,1822.9233125300038,141.34445649938507
12458,156.16148452558423,-44.41020810330462,1796.7254477534332,1823.3951322709565,30.603293193988513
12459,152.8126791788866,-42.92568965662545,141.5340356356133,1823.9746064990798,3.797412881632943
12460,153.77595196355966,-43.36227325588334,624.6354229932766,1823.8448273928107,8.056039282850602
12462,154.5677519206558,-43.71526173736878,1017.5382606886865,1823.6720425782516,2.2880758405724895
12464,153.6955837862224,-43.329124074081655,585.4055214728737,1825.3358601168343,4.939452190242704
12465,153.83046352512264,-43.38930684679905,652.5481935623006,1825.1069903692587,50.64565219073689
12466,154.14542974257986,-43.530584279129535,809.2945722552469,1825.2310273300363,2.1168878940649876
12467,154.9959230434453,-43.906112449595476,1229.0068129158647,1824.6378448182068,3.7459641842988214
12469,156.1056160206913,-44.3895150194495,1770.5789367439193,1825.0613961087286,2.7126471810151904
12473,155.157774472739,-43.98015370286922,1309.2849916360829,1826.1463218745048,2.6440867530176173
12474,155.49452522499078,-44.12775005385012,1474.1753704262958,1826.4144539291153,3.937803367698076
12475,155.77983355721614,-44.25068883226517,1612.94334907607,1825.9538175346834,4.1810218062869176
12477,154.62235105051857,-43.7461955016777,1046.411199843206,1827.0362700228447,184.93248322286829
12478,155.5906627929152,-44.16944326453901,1521.0441816560378,1826.3554896274259,2.4461285267527284
12479,156.60643491196913,-44.60782177096843,2013.3849011674185,1826.990997234017,33.01051040051996
12481,153.38844591563134,-43.196013926583035,433.42502783241923,1828.0851711551531,2.8299721009243934
12482,153.4024948589312,-43.20258331123648,440.52412201976216,1828.1894509374117,3.269816793072282
12483,153.62550390613995,-43.303104867004265,552.0206267313476,1828.0892646267175,3.411566822863012
12484,154.09094632042266,-43.51087460455191,783.5643206282394,1827.5300226882587,23.703371750666424
12485,154.52839312752593,-43.707144313054606,1000.7391278932474,1828.3108958940675,5.291753291263009
12486,154.64362781879166,-43.757047422257216,1057.3178289171606,1827.7523085360808,8.289563870204532
12488,154.89866442428095,-43.86941794812767,1182.9051143391393,1827.667755273984,3.3212858481474794
12491,156.32177125041258,-44.489392278721915,1877.0305205417421,1828.595192509485,1.7768678873610755
12492,156.57844626900606,-44.59826854713115,2000.552228767569,1828.180732244527,9.020652704500066
12493,154.1171027113432,-43.525692739327305,797.4546744557277,1829.0862974946924,4.038100332928741
12495,155.04389892564225,-43.93550164343646,1254.8966028740845,1828.78178016573,1.6293140714157783
12497,156.16374953018,-44.421103705809145,1800.5106408691036,1828.3558960475523,3.1279959427789477
12499,152.8817567692286,-42.9695322648499,179.99728113903396,1830.0447002923552,2.7853385506362085
12500,153.71030734430042,-43.34370833207034,595.0625172210894,1829.2850589184484,6.15396589616742
12502,156.10916144016008,-44.39971756678157,1774.651326175998,1829.3989279046389,24.209885867804523
12503,156.24015257184425,-44.457042553793485,1838.3106057753541,1829.9196605690834,7.145767180916766
12504,156.40357898345772,-44.52734137008081,1917.3025432901532,1830.058612418794,140.53755832351243
12505,153.19922558441786,-43.11632815105183,340.32245083511754,1831.1188751857421,4.645534748447124
12511,153.90674614161705,-43.43770135842217,694.6354130561398,1832.1404272747152,8.893299634491973
12512,154.39414823847028,-43.65510961613144,936.5038314923237,1832.0638938636064,16.512589608975443
12518,155.899578286946,-44.31592990726672,1674.814338140825,1832.6758303005813,2.2945744101931136
12522,152.6178752521932,-42.85463108935247,48.58728882328797,1832.9885449292583,7.20911396636337
12524,154.89471103412322,-43.87950615545259,1184.2840583553982,1833.5588922225747,3.410686120496778
12525,155.98869904992193,-44.354123992182444,1717.9856463368787,1832.5425277939198,2.1878444226729337
12526,153.0092575837515,-43.03523612768681,246.42186166563505,1833.76833404547,9.591352208239373
12528,154.1238451702951,-43.53830732378611,803.5577353034828,1833.858094032639,6.244181032648626
12529,154.77445064019176,-43.82699136884095,1125.2377274634937,1833.8005962193774,3.228465384685181
12530,155.42927217502285,-44.11420258519726,1446.42572031637,1833.834863549387,1.9630966180624103
12531,155.50681337824423,-44.148317820820715,1484.3767320198324,1834.008203351731,4.866791728741317
12532,156.00086871526665,-44.36130562118098,1724.413634109039,1833.5093154509186,6.5803904212517805
12533,156.37905435500363,-44.524808409051005,1907.6140880225246,1834.0411045454123,2.166008304680696
12537,153.1307243847209,-43.09333103434406,308.3131030130758,1835.1511171636575,2.9986415723666457
12540,153.02868681385462,-43.048063150147804,257.36841275791903,1835.735948712686,1.4386058789065268
12541,153.31942653876237,-43.18115974743889,403.64098417519244,1836.2201394891906,7.056199560787564
12544,155.0168597572833,-43.93780212826049,1245.5891961929003,1835.8434894349632,7.587099676000819
12545,155.67124863515895,-44.223997394246,1565.6921927610258,1836.1223943778348,37.527794615849686
12546,156.2352343057832,-44.46835804267153,1839.563356978809,1836.633339576132,35.12798013890316
12547,156.48833909332924,-44.57526107030334,1961.302979356248,1835.9090007275026,5.203718289350719
12548,153.48025619190304,-43.25553557939295,484.6444628782413,1837.0095505529086,30.973061601897193
12549,154.42270349469317,-43.67770885020366,953.4532744868384,1836.9942686125703,1.969254577097592
12551,155.7914149447314,-44.277582133343834,1624.5693860902852,1836.8800523187922,8.051357478799188
12553,153.27382007987472,-43.16510675425306,382.13094586754545,1838.5125996874617,4.100115977847512
12557,156.2932098610711,-44.49653887002174,1868.4684831442073,1838.2915119691613,41.37857257581241
12559,153.94638728125108,-43.46860063265218,718.1488669242812,1838.6616697110185,17.21653457680758
12560,154.99124068474114,-43.93384963501562,1235.0550673991133,1839.4809513525372,3.192711589195967
12561,155.27467022496197,-44.05743324696839,1373.814066305348,1839.1722231484698,2.4782432790970796
12563,152.6680090519511,-42.892386971366726,78.31144069753648,1840.2872549099998,6.151061039677411
12564,152.84160375807934,-42.97104232019344,165.6462925853803,1839.8766847199768,4.857027636658731
12566,153.4633789943674,-43.25287436122339,477.6497095179543,1839.4724311182017,66.95384276093316
12568,154.12615986443262,-43.55149603227492,808.1934691066211,1839.8976212383193,5.372700129485321
12569,154.6726416073076,-43.79421255420649,1078.509332283674,1839.863777528577,2.0008575140673597
12570,155.24479267933896,-44.04797003075021,1360.1930955636817,1840.966045365592,3.013559545251726
12572,152.80213175140176,-42.95525164843973,146.41823111799613,1840.995590068115,5.206302216395693
12573,152.9681447190874,-43.03166334831432,230.21606626508134,1841.2820915299094,2.0434761198180977
12574,153.3772485761986,-43.21626980661629,435.22274656481426,1840.6413643487579,15.808563135782222
12576,153.82310529323243,-43.418669993107876,658.3269047568834,1841.324832077673,1.2220456662376482
12577,153.8552866670322,-43.432746795661586,674.2484236508038,1841.141611754414,2.908878383291357
12578,154.26876633329888,-43.61791474104562,879.7212678363437,1841.3019821550363,14.060960172886185
12582,155.52774293552298,-44.17152169616059,1498.4786855019688,1841.0423942735508,22.067848646486198
12583,155.9743283777538,-44.36556131533915,1715.8205698239854,1841.3533265685899,3.827342313210664
12584,156.0437571166984,-44.39457900497199,1749.2246425799349,1840.9015692383564,4.101517485636079
12585,156.597687229983,-44.63227439617227,2016.7137597601588,1841.0980556033928,5.262539122615377
12586,152.6806158104476,-42.900626078364425,85.40931274935362,1841.5035337376455,1.6728859213574738
12587,153.770818421703,-43.39649576780946,632.6525380451484,1841.977519568665,6.718652487282461
12588,154.53345901214237,-43.73724168785611,1011.1445682886141,1842.1667277651009,3.20802622491605
12589,154.59793373522945,-43.76630671240704,1043.1156924585136,1842.4206605378517,2.87865711579062
12590,154.64740447436066,-43.787491939992485,1067.3201011882982,1842.0717881857747,4.056682871394334
12591,156.2635537526707,-44.49178337292425,1856.2942632932277,1842.2719225237101,10.192492931791827
12593,156.5184959829202,-44.599681038608914,1978.9228544099392,1841.6868978889268,1.96039172622596
12594,152.56111494616567,-42.84796697200311,25.68203277474206,1842.5863811118304,4.1373496958526355
12595,154.7254850555114,-43.824531785428874,1106.521275170539,1843.3346344890272,1.993251692535285
12596,156.08965321402587,-44.41859130838085,1772.6077250552137,1843.0277174510968,1.8592709127242963
12597,156.27511596965374,-44.498315022026986,1862.3038064662835,1843.0588134133843,30.666310786606196
12599,153.66196890233235,-43.35159891439455,579.5431883074244,1843.999189999566,54.66511625205514
12603,155.0701581389847,-43.97808915093354,1276.4696216351167,1844.259190951371,2.3326199430505903
12604,156.16254883921218,-44.45197326923066,1808.433828060053,1844.0461408098047,34.13533134837499
12605,152.73024741761847,-42.931081905262566,112.7544638458524,1845.3188967908202,7.001120089820875
12606,153.6205268768711,-43.33619397851884,559.8042873288479,1845.618996120007,2.8058695277068866
12607,154.15201345128318,-43.57398477576274,824.1614896948914,1845.3371108922997,56.8875589053087
12608,155.15065529212748,-44.015154235167984,1316.4279573740878,1845.144966416297,3.1127172897524082
12609,155.2042507301922,-44.03805451123344,1342.522058531939,1844.8636062442977,2.8265213738310426
12611,155.53845218243276,-44.18202536516574,1505.313984137548,1843.9593095579855,18.332637994631128
12612,155.61870522486115,-44.21988134582198,1545.2450130026234,1845.4491488661376,2.18969872301115
12613,155.65617796443132,-44.236028915618505,1563.459737249778,1845.3911968795396,2.159383967806093
12614,155.93831350471726,-44.357669163319045,1700.4381819065234,1845.172261307888,2.4191557223871722
12616,152.8158052270243,-42.971149801216306,156.1727048726053,1845.768550151546,6.055972614629405
12617,153.69377078254166,-43.37060333206592,596.7713256606551,1846.3248714960755,102.16164248408114
12619,154.04729605057878,-43.52917787283983,772.7449176617414,1846.3164461556626,78.70832405669042
12620,155.26129408771945,-44.0664701244816,1371.4068687937036,1846.5920664510736,10.020622896953927
12623,156.30544650537186,-44.51838916638279,1878.8574241055744,1846.5961532397614,1.5829202595115068
12624,156.49606727877295,-44.59867746808867,1970.4222586419055,1845.9753359257209,5.277685258925061
12626,152.94686980387556,-43.03443502455204,223.19716576013823,1847.45972219509,5.968160410471564
12627,153.04190928607122,-43.07767695051543,270.97673276302606,1847.419381931578,11.908528929078106
12630,155.4781968313344,-44.162574772102175,1477.7931604900423,1847.3343444380957,2.487193650374187
12631,155.78084405852692,-44.294216493065456,1625.2410619686932,1847.4703238689403,5.257776713746477
12633,156.21306834197964,-44.47973812852206,1834.500986544757,1847.0797665257805,82.84685616647242
12634,156.45563295053412,-44.584112032802125,1951.67390209495,1847.3279345142623,45.497472862749376
12637,154.0329253707365,-43.52602130377005,766.5463080866047,1847.9405956561845,31.10816321789902
12638,154.25844828916775,-43.62745492337185,878.6487656714559,1848.3277981777956,4.278662942352253
12640,155.17232667783847,-44.03043531801751,1328.658742759322,1848.030652593254,1.531378818794061
12642,155.96419553294305,-44.376107336197144,1714.971574336503,1848.8051011031193,3.7195953574616323
12643,152.70201196752242,-42.9283602264261,101.54361401415979,1850.3726866335176,50.46311115180802
12646,155.44415323453634,-44.153029711843175,1462.6401005218709,1849.9675865101387,9.969430036776604
12647,156.24867845516107,-44.501482718075586,1853.4532411765513,1850.3117739735794,3.62516405214128
12649,156.43981348828228,-44.58321362510988,1945.6271511516284,1850.2602773269589,5.0539673947433625
12650,153.70177589198,-43.38318731101974,603.3691556613077,1850.7814146864132,2.587023980653797
12655,156.5247660522571,-44.62105889764198,1986.953738617579,1851.0458995494748,1.540029675289162
12658,156.42117965931433,-44.57859217969022,1937.547301144198,1851.9327252899561,16.59578385225202
12659,156.59737442217826,-44.6543940619703,2022.5143091520667,1852.236383852668,33.684152296478985
12660,152.50060262466877,-42.84147285047262,1.4502457972765561,1853.1305437580857,1.9218537558602342
12663,152.77977207410484,-42.96897864308064,142.2550683006531,1852.8516419486673,2.004039400818349
12665,153.2357425168896,-43.1769537474325,371.5796775566829,1852.944621189857,5.168479691521345
12666,153.26555585983422,-43.190133483727465,386.42591974759836,1852.773022877751,11.545952991547102
12670,153.9844806206081,-43.51585454223014,745.7863177066272,1853.6562938197926,2.1840283244666034
12672,155.2220936737038,-44.06111716480698,1355.503925762849,1852.4677618704243,3.2681554268273443
12673,155.28164218822147,-44.08885055379177,1385.1087171843863,1853.315961922297,53.70287285811375
12674,155.30088424578835,-44.095955461907614,1394.1560941399696,1852.667627057348,7.3355778498095106
12675,156.2568440419096,-44.51024292559175,1858.8173050391788,1852.9406795305124,4.639213102040917
12677,152.64169988196616,-42.90814529515291,73.31187770870773,1854.0520308617417,5.562934731763512
12678,153.18744164243552,-43.157778419045314,348.1606373400613,1854.3089766580738,241.12920696050685
12679,154.16291027209687,-43.59618986747892,834.5357957171661,1853.9539875442392,23.217209682643045
12680,154.2980287984738,-43.65716462428256,901.7028103079463,1854.3360331195988,24.40129694095762
12681,154.37259299376242,-43.69016614264708,938.5542539722586,1854.2574629927678,1.7302143890668966
12682,154.5004937701014,-43.74648789285663,1001.6364476804717,1854.0335058342848,2.8329867608070036
12684,155.09430244505364,-44.009181134064825,1294.0369809806768,1854.4742462441573,4.588978938368372
12685,155.72657905356965,-44.28445027598908,1602.62679703811,1854.325498691894,2.082338357691621
12686,155.8932417329844,-44.35649853766626,1683.563048012379,1854.305861859319,10.38329120339501
12689,153.0764877673699,-43.10810810608028,292.6839764894661,1854.6935826138756,3.2014109536935806
12694,155.351575473543,-44.121524176183485,1419.885265378154,1854.3828299864406,2.0380992292064577
12696,155.71456343816837,-44.28182064031926,1597.4911772835303,1855.6115011315096,5.003805777521929
12697,152.60378990680243,-42.89450129103589,55.28394424283968,1855.9079223574597,3.6458745963540413
12698,153.42370771895713,-43.26809771147161,467.4824372309955,1855.9137569030102,23.06256509752605
12700,156.3306094496853,-44.54656790175601,1895.69146271278,1855.2975589182465,2.983149425148011
12702,152.8842344397369,-43.024810790112774,197.2797702307301,1856.8490732507153,6.175950437537659
12704,155.15352777090115,-44.04057545941456,1324.5732775448191,1857.1859141463162,5.885667148247581
12707,156.62497923330855,-44.67527157431993,2038.219276360903,1856.8011832686082,32.24528399888188
12708,152.58802561617077,-42.891081819932275,48.45877449466825,1857.7960462719393,24.11479586995818
12709,152.96984266669585,-43.066687732115255,241.1902244903397,1858.2401122529473,6.496015230874615
12712,154.14302547479807,-43.59461033478141,826.7645995753002,1857.5774020472193,3.9099162240622483
12713,154.86689960287168,-43.915995113531835,1184.3051762007856,1857.8252427468663,99.80404369625484
12714,154.9048254563917,-43.93385559707009,1203.2693960346805,1858.40663186734,2.3391174161536905
12715,155.42064022887783,-44.159166054913364,1455.6958245216426,1858.136635676257,1.9118733946992785
12716,155.6766491420166,-44.270172828416776,1580.365138103331,1858.0005727452483,74.73874944501722
12720,156.41290817882197,-44.58593725142545,1936.4869169332471,1857.375711156806,6.900512714455172
12721,152.50201216794923,-42.85463190204209,5.9022937602344445,1859.3160919644852,4.769262259936284
12722,153.12501403605597,-43.13849266366944,319.5009462612649,1858.8090959543322,8.292487603726318
12725,154.07977299964145,-43.56956806161148,796.3023441120597,1859.168139643989,4.527684950887177
12726,155.56995158660902,-44.226114585330045,1529.0459027030038,1859.1252648985546,1.5400457526586668
12727,156.0903135558408,-44.45112207844909,1781.681122324451,1859.1424533209126,3.548361666044343
12731,153.77926762858405,-43.436798832156434,647.4292182713339,1860.0951772114586,7.4712342397229525
12732,154.03493156870968,-43.551384695491656,774.5760687159616,1860.0917798937076,283.6819201684769
12734,154.87900566287072,-43.926024831362334,1191.5754311613714,1860.1652529655355,748.1579348617497
12735,155.22209437490577,-44.07576286556031,1359.5799815014686,1859.7670070998593,3.7649433263766
12737,155.91855613194807,-44.379581282265534,1699.158221554075,1860.3757844120996,4.657852385464255
12740,153.08286189992575,-43.1237337963392,299.63482292779145,1860.9955275660375,2.768837141206954
12741,153.85668424339016,-43.47436600817445,686.7840170635283,1861.4903159209143,4.919928154456828
12742,154.26540333782646,-43.65631389729971,889.4542968867738,1861.1309554290356,5.4796334426651025
12743,155.43135095047194,-44.16997524728805,1462.6222879519648,1861.1999728550556,5.214527698538059
12746,153.05915901155703,-43.114200976389895,288.0986106731684,1861.61704803268,6.506810342148904
12747,153.52532843276956,-43.327234674568665,522.1441485216895,1862.470701155848,22.491741632363727
12748,154.32964082532362,-43.6869842930771,921.8429738920664,1862.1676894153761,8.093197176972556
12749,154.5859970086544,-43.799990181412404,1048.262979302837,1861.8059211183058,6.286745154731179
12750,154.60699729725945,-43.8096146927724,1058.7121552732945,1861.9709171759753,4.309685036936003
12753,155.8019846540865,-44.332270850148454,1643.4265152174733,1861.9025499652612,10.110901761069504
12754,155.84281501145148,-44.35006692918626,1663.28763310406,1861.973239385247,1.933551084896404
12755,155.987283932566,-44.41237848673503,1733.3282361660467,1861.9511242629776,5.67696925862166
12756,156.5599174992547,-44.65874478535547,2009.9402355178493,1862.4023421595423,3.2267556728055506
12757,154.68086857911854,-43.844569480108774,1095.7648343292249,1863.112840166115,4.540738419178355
12760,155.6528586639595,-44.269278347498066,1571.3805591751009,1862.7032465319483,2.3248115428935385
12761,156.24875288487328,-44.52709909722534,1860.4013104049657,1863.1026552307587,3.3579497685885107
12762,156.45545169713247,-44.61430549410555,1959.7150090458265,1862.4716531710105,8.990998090737778
12763,153.36722535699448,-43.25984572723039,444.2759961448587,1864.4908327263859,258.76556292681016
12764,153.5742203435438,-43.35193076109073,547.3299972964585,1863.7790393152177,5.615352661546036
12765,153.89749042967009,-43.497377938004206,708.443835783706,1863.8294641980747,10.9844244919342
12766,154.00354493700783,-43.54385209014675,760.8595534844916,1863.3225945837903,7.295507494041505
12767,154.48196300338154,-43.75771002068637,998.0056340660419,1863.7003085226734,2.1681748353652743
12768,155.087206827277,-44.026035184879355,1296.135780037399,1864.4205572621136,30.86364406321078
12771,155.34825542646286,-44.1400814146637,1423.8105988919328,1864.3571858362523,122.73895389002185
12772,152.61146057708993,-42.915907097109624,64.48926956529743,1864.7529754714296,45.47814576226252
12773,152.693896039021,-42.954543868861045,106.34279764573051,1865.1653059761475,20.173777230511117
12775,153.1070755283143,-43.14350700655089,314.3723441417025,1865.332793906482,3.259648067707038
12776,153.22515013376008,-43.195220542679486,373.0407817729359,1864.3767307971382,4.87931074928915
12777,153.23972699386016,-43.202807003763915,380.6332537085564,1864.8582325045631,5.053827784941466
12778,153.7278370664949,-43.42354083741931,624.6605412399982,1864.9869772280401,2.138516861804329
12779,154.24412334859215,-43.65541158760538,881.3672143240134,1865.3917070497532,9.96014098240408
12780,154.5663857463579,-43.7981075511729,1040.5166444551749,1865.187567785147,130.9933537100846
12783,155.522442911428,-44.21595983930613,1508.7927391161177,1864.3611499161038,2.221951637284712
12784,155.59273488715618,-44.2476566106018,1543.348868186647,1864.9352939326693,1.8903510194098092
12785,155.74319353674147,-44.313303490240344,1616.6418600550433,1865.1356695360378,5.778976843938017
12786,155.88472806370325,-44.37588371332051,1685.7293807827236,1865.8225213360058,5.759095879799691
12790,155.05960902149266,-44.01728220045959,1283.5461046487226,1866.089322368606,2.2175431468413467
12791,155.68434662654738,-44.28904878590984,1588.3768428347855,1865.755261364513,5.183405257265395
12792,155.77135288698864,-44.3271073891773,1630.764654188926,1865.9411306512666,2.5544203316975564
12793,155.95355073648517,-44.40490320090445,1718.909118722116,1865.481948874102,4.300573548316557
12794,153.06536406726033,-43.127821687451785,294.3973861145647,1866.9631907359417,1.771091255860481
12796,155.4324450596349,-44.18301108949228,1466.6300847826762,1867.4629124144137,4.108905138283406
12797,155.45486275700173,-44.19154546265009,1477.225053079916,1866.8504700913159,9.820826206781527
12798,155.6043851271005,-44.2570810143503,1550.222216928052,1867.1134264658856,7.277232937566185
12799,156.20090379442345,-44.51450161609225,1839.4397670602966,1867.067533975856,16.266272180367753
12801,152.50500582517506,-42.87331207779381,12.586789520374062,1867.870674569779,19.386465027161698
12803,154.9568252381503,-43.97641703000202,1234.3272973204762,1868.2133451295615,13.921495457438832
12805,156.57985116035843,-44.67803238792053,2022.4096502838686,1867.8026654510786,2.5375788208143883
12806,152.93635020255718,-43.07225390043501,230.50425888928038,1868.557496369959,7.90860612077227
12810,153.85117902631666,-43.48749023686138,688.5482382550364,1869.2300880640637,2.5032135058692506
12811,154.12266397830453,-43.608637222519626,823.2937392376228,1869.0596815818947,4.782555889070272
12817,153.16732610644237,-43.180764041551484,347.5098028494293,1870.221446942189,18.575274792440148
12818,153.5068441887828,-43.33300647069965,517.0222605687467,1869.4698341678577,7.017047736749811
12822,155.26794511658434,-44.11587905549753,1387.5848111317703,1869.771238227825,5.036921554781603
12823,155.46998409294454,-44.204276718626744,1486.2977728075389,1869.9167742567822,3.739258637051906
12824,155.5418328834953,-44.2374339638371,1521.8372733508527,1870.867744443618,1.5337613807033865
12827,156.45082127335516,-44.627687646504846,1961.6097605486627,1870.1549328617648,6.990167237632193
12828,153.66378282262377,-43.40659281360488,596.1738503686292,1870.8760466853896,6.157851117873706
12830,154.88383225273847,-43.949009625279324,1199.8065081229333,1870.5504928721666,8.154279452781267
12833,156.46341938378796,-44.635478565606824,1968.320397758731,1871.360611253507,7.958822742213403
12834,156.59242525309256,-44.68987202205839,2030.185134062993,1871.0466146173098,5.921939019062516
12836,152.7376745359904,-42.989454019341295,132.8357043827364,1872.5150829803815,195.59987697326676
12840,154.4731764163414,-43.77064927956661,998.449103659463,1872.0715807401357,4.250728104618284
12842,156.3945596940031,-44.607742813468974,1935.6201264428591,1872.2053669632558,10.212808620904699
12844,152.992775246926,-43.107777371822344,261.76713334018865,1873.4067043789794,6.066989649233772
12845,153.32006236827706,-43.25513401217557,425.5385100557157,1872.739587257376,2.4959531690711927
12847,153.7993826643358,-43.470878533747296,664.690047061333,1872.5232622393644,13.787064947845268
12849,155.3945280611803,-44.17699614846617,1451.0376061556985,1872.7013665381746,8.683152612161123
12850,155.81571272772504,-44.361558780081054,1656.4802305037526,1873.5599194868369,6.637017087315634
12851,153.84182270929406,-43.49396414365737,686.9756875395767,1874.5262462851363,795.1810364166283
12853,154.96081126710243,-43.98987342519571,1239.5638468226002,1874.0414534051029,93.67033512512694
12854,155.31808937528095,-44.14768695732638,1414.837722278543,1874.7106716588714,2.4082900642860183
12855,155.79238241277625,-44.352517511584615,1645.4428000378202,1874.0832124608698,9.349233012927517
12856,155.84743254964184,-44.37616490482491,1672.116058246344,1874.0070215178869,4.163523969641664
12857,152.70646406472432,-42.979808182816384,118.48199552675774,1874.81370431667,11.352437782045603
12858,153.00433020314347,-43.115647092816,268.3425045548485,1874.696115751208,13.541902172845955
12859,153.23138944273805,-43.21965226670786,382.5072451654382,1875.0775369954454,1.9388369372728005
12862,154.41516539125507,-43.75022301522627,971.3113958855332,1874.713041573444,7.366524151804561
12864,155.5258585445638,-44.23896599684082,1516.39360449093,1875.0954687143262,16.520206093706683
12865,155.54043632094766,-44.24628240943595,1523.7639999276835,1875.5840325421582,8.634570519099125
12866,155.58965125565305,-44.26643206219071,1547.385837616565,1874.9700718863098,15.920211582495792
12867,155.7318893157122,-44.32888380488109,1616.7632073956554,1875.3550122344634,2.51036897774163
12868,155.97884026601733,-44.43562459771248,1736.5575076220944,1875.379947928505,9.085690010429891
12871,153.1620007689039,-43.19028624114754,348.34883370115296,1876.1358708822331,22.600414283668844
12874,154.2892468186979,-43.6978014904339,910.0715625021201,1876.4736414987638,1.398802998407022
12875,154.6019459383962,-43.8360698817614,1064.3424263290563,1876.241680782125,12.439120079893094
12876,154.79819323338205,-43.92184680997347,1160.6911161028418,1875.803939828561,3.454437140914631
12877,155.45513861134393,-44.21002379474954,1482.4336491284978,1876.0051722182377,111.876655831668
12879,156.178435670561,-44.52242252319175,1833.3406147018804,1875.846897952402,4.026951190966369
12880,156.28426840700345,-44.568860313020764,1884.7028620691117,1876.36862976094,5.026826363143673
12881,156.40039554590822,-44.61773890133807,1940.4477772083328,1875.9564796333138,6.255229427872037
12883,152.67592528766065,-42.97009778008729,104.35505263268587,1876.9316697539086,8.852042894221961
12884,153.70153001190226,-43.435726014598174,618.5121218484923,1876.9015591299076,7.694648760365184
12885,154.62679615662384,-43.84928332870622,1077.215898066922,1877.3473174679953,1.6831234882821204
12888,156.13790306978197,-44.50751722440955,1814.4372007408806,1877.0983881681677,5.03252647327325
12889,156.34998427034498,-44.597960919870324,1916.64316502346,1876.8487999395431,9.67888243109225
12890,156.55037670500997,-44.68447309862727,2013.328543170696,1877.3105200441903,2.425157363295656
12891,152.56477446354145,-42.9208142663761,48.76819105500408,1877.7769936270515,1.8384425974418708
12892,153.37552101521874,-43.291234202028164,456.5068639769719,1878.1861447213419,22.97005614725379
12896,155.0356068087228,-44.03118049689775,1278.6114119535516,1878.2561437868565,11.638501739922274
12897,155.118844332738,-44.06754368367341,1319.348780096409,1878.19060235745,3.679199113759828
12899,155.43893105766793,-44.20821915130316,1475.9831989810875,1878.6239740993283,3.71240032163986
12900,155.69623347927094,-44.31851925883183,1600.831767275837,1877.8907441393246,8.84655145976091
12903,152.59253111867892,-42.93638464689738,63.62589539230667,1879.1746681714003,93.52943960065517
12905,154.1901081589196,-43.65893837953202,862.5086970032735,1879.1016239526389,38.6814955570447
12906,154.41964256705447,-43.76179050173551,976.2477934633856,1879.4752680557174,2.467373945463173
12907,154.73835020001175,-43.90103083894916,1132.8320255245858,1878.5780185628334,3.7167822486157025
12909,155.1676257083779,-44.09139370429926,1343.9179264481527,1879.4305395621318,8.30419533631143
12914,155.2444320125416,-44.12748166959356,1382.1723026440925,1880.673899441472,2.778189740192533
12916,156.59206813115705,-44.70722121226031,2034.6920017866598,1879.8039349873686,3.655614576366164
12917,153.06090996758417,-43.154053235563396,300.488145944747,1880.9550841007328,263.0201871812971
12918,153.62842466339242,-43.41112295547938,584.4805018522487,1881.0192924743742,4.725960663097825
12919,153.90328904399595,-43.53495615075763,721.4149687868663,1881.191823770998,15.069974968126012
12921,154.79580264463573,-43.931232473379396,1162.4546379660012,1880.9990880188975,4.413051422482944
12929,152.7871703686834,-43.03080781635199,163.32777153485446,1881.7680353032995,2.0980264207124217
12932,154.39882643716484,-43.757636613119686,967.4134680538983,1882.0039900925976,23.38285068263814
12933,156.13898067683573,-44.517487944935674,1817.533854304582,1881.849050808422,7.1041655588738255
12935,156.5322227705225,-44.68649200566855,2007.2159035256607,1882.192564026149,133.50352674856484
12937,153.29624239145753,-43.26629538618289,420.0427752791703,1883.6168058632047,15.63403532844318
12941,155.00991084203574,-44.029991673976575,1268.8387443440356,1883.2799774031205,4.3806953732868115
12942,155.34698686393526,-44.1768325103044,1433.5330100421731,1882.9533790163086,2.3172674262908557
12944,155.8609523457113,-44.400764843200314,1683.7980164524513,1883.3722324933933,7.498052337537682
12945,153.55659526859213,-43.384494325758894,550.3186190475045,1883.8674402565691,4.836882904461079
12946,154.13649024553257,-43.64456798778084,838.678185443659,1883.8409693499752,4.902069260634966
12948,155.42691065492141,-44.21403889936138,1473.179020024026,1884.1355730196053,3.1419197935788072
12949,155.49734162612722,-44.244588345188305,1507.4750129760553,1884.083696500514,7.373919148157317
12951,156.20389773986312,-44.550953427620875,1850.3960026949323,1884.6432700714538,2.802625688136315
12952,153.50803517275256,-43.36561863067446,526.962104586709,1885.371188566869,3.300322154810609
12954,154.8492341085418,-43.962961989323766,1191.0122432528321,1885.0760188184456,4.197024207288088
12955,154.99613766097528,-44.02856089526308,1263.3789177688047,1885.5783499474687,3.993511206959017
12957,156.55696979411718,-44.70287439767328,2020.6687745607132,1885.110658537289,5.41118361598346
12959,152.76855714933137,-43.031226329379784,156.60395553489127,1886.1867887482979,7.799143960963676
12960,153.17218109229088,-43.21509166106383,359.3842183737221,1886.1306748776449,134.54143187119948
12963,154.61500591589254,-43.861571918084856,1076.358390730782,1886.0524062099014,8.411308586883566
12964,154.98238973044312,-44.02388197419005,1257.0190233590354,1886.254542602917,2.2942522299539623
12965,156.3498525933843,-44.61678449601163,1921.662828013246,1886.288335706804,5.611406682644768
12967,152.60635093272853,-42.95886082479056,75.40988088007545,1887.1516635907765,44.578239926291246
12969,153.01525261459383,-43.146752138766,281.53874838943284,1887.6308663446903,21.07132128030734
12971,154.3470292504641,-43.744935109911175,944.7566349806333,1887.1269297727217,6.315935598444665
12973,155.23841539211614,-44.13791394492921,1382.8631168397621,1887.1824342350062,2.994841411122634
12974,155.7581491346743,-44.3637548679581,1635.9568808563513,1887.0843493020348,3.5486161839520967
12975,156.22127518933704,-44.56318170116626,1860.0725244642988,1887.028580290377,1.2145344828495566
12978,155.62607242175292,-44.308719558558266,1572.3896562213338,1888.1792293660042,34.99726386158159
12980,156.5804259759779,-44.71915162871588,2033.6156876076052,1888.2541209310534,14.46681159115972
12981,152.63369016202748,-42.97522897173618,90.34290381168,1889.0439654872102,2.973942982492031
12983,154.67860981576572,-43.89459788200193,1109.0636730592435,1888.4979120615258,2.505110084357666
12985,155.18434386866164,-44.11837734632082,1357.573285191361,1889.2288407610235,7.81583990220656
12988,156.17229712426513,-44.54669186663737,1837.6575090760014,1889.291414988432,2.687962684496962
12989,153.5571311596221,-43.39807822863276,554.4678371450677,1890.4823149652523,4.611668187317832
12990,153.89834997689283,-43.549294938896125,723.7333629130652,1889.4065520653767,8.837578812487102
12992,155.93145669636243,-44.4457345833604,1721.9292496369885,1890.6306120937677,5.142687560252842
12993,155.99244771724287,-44.47140203170113,1751.2853344209957,1890.3193534786863,19.93423440640245
12994,156.42565018377604,-44.65693095502691,1960.2360199168695,1890.1577738474314,4.488717903697824
12996,152.47134005257504,-42.903370102155385,9.182526050469285,1890.379950230847,3.483804326204565
12997,152.7417243954742,-43.02832317749803,145.87151094390452,1890.8239145009418,11.147936220470855
12999,153.08934924702234,-43.18662644847747,320.5443114923817,1890.6760934530912,4.447097148464282
13000,153.3808705702963,-43.32040342017599,467.00057766953074,1891.4411746307662,6.484331131810083
13001,153.9627902635576,-43.582251219315005,756.9193890918924,1891.4400546180113,2.494077254174312
13003,155.3523397367529,-44.19557054823468,1440.6913953185656,1891.1293867494667,3.369202333543794
13004,155.73822478998989,-44.36385152664776,1628.6735904093837,1891.4361087815744,4.656522761686288
13006,156.39365523432255,-44.64493013390239,1945.2874696016863,1890.9940709791508,7.75486323160768
13008,153.39293386644962,-43.325966095450276,473.0622565776532,1891.4937163182144,31.260211591832693
13009,155.72476726115352,-44.35947017798816,1622.5356997672527,1892.157223641759,168.3836885755147
13011,153.2332369002793,-43.257297594223175,394.2314215075815,1893.3091871890006,3.239467190431957
13015,154.93064100367383,-44.01541345184539,1235.6395550660704,1893.3577099785957,136.5004051517388
13016,155.45636441316344,-44.24499610596436,1492.547334745887,1893.1764778604072,6.084891652307366
13021,152.70294359371366,-43.01737461795652,128.35477463085115,1894.1901705044988,68.30530331945855
13023,155.22083804710297,-44.14374537820723,1378.0312669623609,1893.9158956003118,2.4153840177552928
13025,155.64910130118497,-44.331057003308715,1586.9788684718235,1894.3394671534804,3.403873951559186
13026,155.68335504570362,-44.345552022566714,1603.5256219963221,1894.1632167160658,4.678080774975757
13027,153.15809486782402,-43.22575154229058,357.3358936201485,1894.5775465556742,3.1439149895540983
13029,154.41021373471818,-43.78875428626233,980.4512104283017,1894.9575262820003,15.69098949813069
13032,155.2357798929763,-44.153221789262375,1386.15128242857,1895.3833324156935,36.8595017420181
13033,156.24472539201213,-44.588052481421705,1875.3863202988064,1894.4323592348594,11.287271636998604
13034,152.6385836796121,-42.992360749624666,97.24387625162458,1896.4048490458854,7.107972329134485
13035,154.62800293290198,-43.88729410329225,1088.4079688006727,1895.986925165428,2.102673346636017
13038,155.58360964430264,-44.30714630848104,1556.376523053566,1896.58658760283,51.19815372419335
13039,155.60515522523272,-44.31600978567465,1566.7198744808195,1896.342896564664,763.2105479560322
13040,154.72030825767672,-43.93020595880656,1134.4301570366997,1897.0534169566874,3.4171855126650543
13042,156.303221402039,-44.61777902945503,1904.8416741782146,1896.7633484366972,3.013554873241331
13043,156.32194696179772,-44.6260659653984,1913.9358396305538,1896.8983504124992,9.600848949904996
13046,154.1292509955273,-43.669438465017464,843.1440474940189,1897.7958382058544,14.028492727483133
13047,154.88871286037167,-44.005244161135074,1217.3893337841234,1897.4726731979883,9.127789708022359
13050,155.35649120258242,-44.21117840499012,1446.5396085970167,1898.006123612817,4.99252295833919
13052,156.4283430580384,-44.672862010403804,1965.5009309179386,1897.5486142679883,7.118645706010015
13055,152.44755603721492,-42.909245376623616,2.192265876197948,1898.689783053027,2.7285169028537233
13056,153.05513956968093,-43.18804130763491,308.3805779742032,1899.0806799300387,2.44469689053339
13058,153.5669531942836,-43.419877307399524,564.4198770031862,1899.0938703263084,1.713084450598351
13059,153.6693022589883,-43.466184794568505,615.4929041033154,1899.1990127049116,1.8956276802925847
13060,153.988495536666,-43.60809768149359,773.8050258536789,1898.560195893658,2.872874939690047
13061,154.25403162402955,-43.72737861294582,905.5717428322154,1898.9547138996138,2.9033815494892297
13063,152.82528380642114,-43.08442597682295,193.24535818020146,1899.6726797475187,8.502212749463858
13065,153.33211024269653,-43.31507400391839,447.5130751012411,1899.733829059259,4.364134583476349
13068,154.77924509073827,-43.96313842296539,1165.3544377440817,1900.5059100616315,4.0013823380002265
13069,155.61305780667033,-44.326857723860805,1572.6025241843508,1900.0431359787492,10.62142008021211
13071,153.6377236363338,-43.45602503005773,600.9372141409743,1901.2087260897467,15.637972907764695
13073,153.7363145405212,-43.4991923732698,649.6901780503338,1900.624420015284,2.4888471641881793
13077,155.21564101428703,-44.155650480758496,1379.4348229740983,1900.978646648405,8.532354691458826
13078,156.48104194760535,-44.70318260563218,1992.9380775296966,1901.4598733296332,2.428167474752415
13081,154.72150054426305,-43.93985050764519,1137.5877691742553,1901.589217994183,2.9036980881353127
13082,156.52954675274665,-44.72507674539711,2016.5657722710357,1902.063445045554,15.875851817192375
13083,152.90742388789545,-43.12872741795471,236.56108502223205,1903.0352757280614,4.818646026542133
13086,154.04317249261806,-43.64218617478898,803.6951404129562,1903.3472352410813,2.603283664407316
13088,156.1104316685889,-44.54731353096557,1815.1500155492752,1902.877903826776,6.678355261135539
13089,156.12488266265763,-44.5536714071394,1822.168555928185,1902.9519937460038,17.274126571656755
13093,153.07498485765808,-43.207358843803405,321.3670173767976,1904.1737470316568,6.841588094342747
13097,154.055870858302,-43.649525283487534,810.4683069407598,1904.174141539542,75.31835100034849
13098,154.53098240787963,-43.86102313560839,1045.335040006103,1904.2670694032477,16.76413710455127
13099,154.8695294830089,-44.01069517901998,1211.8762499845525,1904.385431822851,1.4344043174163688
13101,155.27449302163888,-44.18762841438793,1409.9183378424136,1904.0998364310637,2.845388280808874
13102,155.35360654012368,-44.22175720257611,1448.4118510864926,1903.9050934843472,66.18428674973914
13104,156.19075894631487,-44.58446520944729,1854.6416148715712,1904.2054620411786,69.85366397366029
13105,153.9697237949684,-43.61142658684742,767.8643810198687,1904.3805812052235,4.928749853653087
13108,155.4147492146195,-44.250611380832424,1478.8300651269042,1905.0072326816214,5.301802449536915
13110,154.14564157597232,-43.693916214451235,856.1787507185472,1906.3199876142917,2.774780014494763
13111,154.72869342722151,-43.951515421006604,1143.5178298671315,1905.812988137214,4.380236224043915
13112,154.7784439392962,-43.9737715252788,1168.0538075111867,1905.9715228728894,6.45441014146081
13116,152.69948297275278,-43.042356105554475,134.5081012616713,1907.326544905411,1.9153339831494531
13117,154.2926833871593,-43.761608220819205,929.5415095315054,1907.4154611656768,221.5047516772244
13120,155.9034749671424,-44.466318507684626,1717.2811557776495,1906.932774301842,2.17040484670658
13121,155.9758781900479,-44.497930411061674,1752.4285023875223,1907.1303463757783,98.06430741117724
13122,156.211643681026,-44.598766387691164,1866.158684751927,1906.8743913480514,1.3140116423230404
13123,156.25762976050203,-44.618862591104445,1888.4309243689436,1907.065127588632,8.234337205194526
13124,152.81582984726708,-43.096752639559135,193.42277261875586,1907.906657099596,2.4361198815912766
13126,155.0540219967516,-44.09900510470269,1304.3308069864972,1908.007041999574,3.59013931197786
13127,155.1256288738037,-44.13113567444692,1339.5755979931437,1908.3832433671093,2.6805107925434117
13128,155.19443079563342,-44.16052917224426,1373.0086598427915,1908.028322092112,3.8712242282904845
13131,152.55693008880814,-42.98123704804954,63.90760974794746,1909.4249924899964,1795.7860702898777
13132,153.32353275767474,-43.330254290763186,448.8017236458574,1909.177270065253,1.4793981295273422
13134,154.22387333618192,-43.73307870653126,896.1207783661924,1908.4550256041218,411.29054995016514
13135,154.33513150262687,-43.783750815736774,951.4450913740742,1909.040720093805,6.118965905506391
13138,156.12909114417707,-44.56756150227662,1827.4733227572547,1908.987174965672,64.33221797202512
13139,156.33651374293675,-44.65705665727701,1927.6172849385725,1909.2727665044483,2.446267778638048
13141,152.65089729090008,-43.026186277415235,111.8394751726194,1910.336841337166,8.927331907506082
13142,152.8431469435472,-43.112325530334445,208.0779694249591,1909.436515195407,38.706878947449276
13143,153.06246390975178,-43.21411120539782,318.7531853820064,1910.3350848056257,3.9788236147078755
13144,153.12652974251216,-43.24258186291525,350.6791386252567,1910.0100633320087,8.549212460009464
13146,154.19784253203204,-43.72553654616781,884.4032890585738,1910.467482613113,55.49561291025496
13147,154.8277123341696,-44.0039403666299,1194.6275019374145,1910.1828428022295,24.568650974947882
13148,154.87852644615901,-44.026018795402,1219.481335668455,1910.0410866394102,143.2622791270579
13150,156.06702632014142,-44.54407183258506,1798.3661817507718,1910.5788505145365,11.848426689683896
13151,156.3891582588082,-44.68168908623436,1953.5211577248026,1910.3325384316245,8.73529326784086
13152,156.4066932093247,-44.68735977920923,1961.4656322404119,1909.421380788898,2.4318123442882893
13153,152.88940574977948,-43.13671169972819,232.29915649744123,1911.0527114879885,2.4243735410718497
13154,153.3344039890425,-43.33923000898698,455.4229289690874,1911.1854919009165,3.865707789497876
13155,154.34297065298455,-43.79094223100337,956.3728958139932,1910.8829480479264,120.9979680690547
13157,155.9796617885349,-44.508549189989886,1756.7040579935544,1911.6181457911034,139.66195081871987
13158,156.31923967358514,-44.65299924520143,1920.1987598412095,1910.939312608945,3.3785661441163555
13159,152.49137856166584,-42.956566781789284,32.448789527306225,1912.1144965140836,12.899171408206795
13160,153.58243793999367,-43.45406130931859,580.0492416325733,1912.5798240716642,17.057776221773956
13161,154.30704582469812,-43.77763598120317,939.3875492653228,1912.2047592605682,135.22345141273786
13163,155.83940830616953,-44.447906333992236,1688.774082335214,1911.5470122285226,3.3167565617066885
13167,155.15070392668048,-44.15118494479896,1354.3636083771726,1912.9014742929623,8.173792954338028
13168,155.68437443447039,-44.384820730904124,1614.675935525203,1913.5320940243753,9.186902502749138
13171,152.6695696862074,-43.04216768898013,123.4570360441823,1914.007454188775,30.54465419813785
13174,153.0456554791795,-43.21458794555492,312.7162592723569,1914.3558726209246,2.1557353536127772
13175,154.73307921382192,-43.96963413883924,1150.23505665862,1913.8628317048451,6.859357618177252
13176,155.34456232690826,-44.23807242414623,1449.6142435988968,1914.0003507039767,2.4101173433692593
13181,154.41841828181765,-43.83194812173122,995.7465301574719,1914.613385942172,1.4603184710601458
13185,156.15534567892377,-44.59125106655577,1843.5044546090894,1915.1884707160675,4.413454743594808
13189,154.56617822835128,-43.900555003515564,1069.4568221510744,1916.1749060845618,6.096123104461322
13191,154.84590711707247,-44.02390685252986,1206.91661282826,1916.1317557939149,4.9874588884856355
13192,155.48168334636523,-44.30218005623494,1517.6247246415785,1916.192759943978,2.9689173411705214
13193,155.5813825631947,-44.344687282929506,1565.8917892590073,1915.7898337621066,36.18287363178356
13194,155.7653554047931,-44.4249178293221,1655.3472596207012,1916.04772952943,193.08448618452036
13195,156.12106469424384,-44.57734764761761,1827.183909388811,1915.597338641749,5.397147025892625
13196,156.1628456047166,-44.59699007801135,1847.804211131591,1916.4469804367013,6.409196456511024
13197,156.5579796471892,-44.765035808170204,2037.664804249113,1915.9886671525358,6.6047352517673
13201,156.0135353206649,-44.53322555684333,1775.8239927340444,1916.655527644377,1.0511417166296
13202,156.0459727124334,-44.54852093015683,1791.8608855154184,1917.3227749505231,1.779582099888314
13203,156.41500112994484,-44.70781989339601,1970.0024127198897,1917.875309063985,2.603665450808908
13205,153.35092708347764,-43.361107224241614,467.8920095215145,1918.3179908553022,4.2025864844977034
13207,153.9996230327914,-43.653533518582286,790.9578379208899,1918.6407532879546,4.9448247472584255
13209,154.7839991869214,-44.00068771680119,1177.6690421365004,1918.1433105653423,4.6119191792636425
13210,154.81580239182242,-44.014553987098175,1193.240378601882,1918.072276377467,8.440420961203722
13212,156.36592701146398,-44.68728967665215,1946.5213784632372,1918.0960301882517,80.3080563794052
13215,155.1390354944023,-44.15842948804929,1352.1016310751256,1919.0521420863934,2.9381699839806887
13218,153.35820382345847,-43.36827816942304,472.66165603156907,1920.2391929835212,3.314143809083931
13220,153.91363165698357,-43.616882356359206,748.8295707108654,1919.5469175328558,43.8852088523168
13222,155.19476902866023,-44.18416660258171,1379.7095379174325,1919.727585654976,2.5338786424572746
13223,155.44633496175987,-44.29477668349519,1502.6204847296526,1920.167048782783,4.997927899711235
13224,155.9278552820444,-44.50370913074791,1736.4055110412814,1920.3476721825705,8.593829934312918
13225,156.47347117314186,-44.73712284398194,1999.2645116479362,1920.0461137846264,21.26117786368566
13226,156.49657596410125,-44.74735771516955,2010.462454299264,1920.2358278096035,16.868874099879136
13227,152.95742090381634,-43.187864128441916,272.41167303731834,1921.0140635666505,86.79961725486125
13228,153.03101907443363,-43.22138088776538,309.3400045459993,1921.0136545718608,5.989088925436553
13229,154.07278454371522,-43.69066717333142,828.4882151253612,1920.8471398834406,63.51455522923915
13230,154.3022442257225,-43.79451484209473,942.4371971992709,1921.6493068119048,9.324349254414802
13231,154.50155183875145,-43.8816637601062,1040.381408983286,1921.0053144929004,3.6105026459641225
13234,154.36432457204688,-43.823298784076925,973.4269924911603,1922.2454419913126,2.533832654418478
13235,154.95754936200518,-44.08558973800981,1265.181114457036,1922.4015054187448,1.3376040678198187
13241,152.526064136029,-42.99433379745001,56.47215350074112,1922.9010523341096,30.843599719511424
13242,152.64257282599453,-43.0487348956422,115.49063537675748,1923.3688529978053,1.8684152623101882
13243,153.74586842289662,-43.54886867785807,667.5791277447591,1923.1314550808866,1.9488766763149679
13245,155.05763730104854,-44.13078897932073,1314.5349404643478,1923.0414920819032,3.278248693191474
13251,154.24064452452714,-43.772309743648314,913.4871539164423,1924.2300323690574,1645.8907882566712
13252,154.27223513904946,-43.78499371516613,928.7049047913924,1923.5485582250806,17.883411294995284
13253,155.2860326217473,-44.23230083597012,1426.5504850360157,1923.8455360472701,2.789390937532259
13256,156.44277850713843,-44.73189613070025,1986.6307521947228,1923.9815622493345,14.384090801043357
13257,156.55044861377516,-44.7786933954195,2038.5610671875738,1924.4231488528344,3.6060645996570497
13258,153.18580504414152,-43.300057732262125,389.3465410141231,1925.1383877974552,10.675658605796054
13259,153.27551485034425,-43.34128455442027,434.3881364189122,1925.4106303140545,114.39255224548552
13260,154.1611160303308,-43.737190352041026,874.2509525800949,1924.3804971553898,1.7347222485293472
13262,154.92896762363432,-44.07786431609024,1252.5321471556024,1924.8050030782126,22.79083945190112
13264,155.71728389070762,-44.42108154843841,1636.680555722821,1924.510449050389,10.81952215274203
13267,153.365029000577,-43.38289122638371,479.43961109007756,1925.9480133880393,3.984799938705359
13269,155.02943039614433,-44.123813322184304,1302.2406350601816,1925.7252527854102,3.9159772030722584
13271,152.7652721056275,-43.11315483806534,179.70821373125992,1927.4466051005397,1.4496405519796405
13273,153.2422610827159,-43.32908204016681,418.5981868366736,1926.8305913340182,9.974010876085426
13275,154.71446342343708,-43.988229889419536,1148.6453988010633,1927.1948182722983,1.715708641390818
13276,155.23546381204355,-44.2165526933439,1403.636730990211,1926.999656844788,298.4347085739749
13277,155.35996057945306,-44.2700339060596,1464.1126676944355,1926.5811505218899,2.6776958188332096
13281,154.09702582762702,-43.71536163453042,844.4702613755721,1927.7337080651955,5.4798409705412015
13283,155.21497015793716,-44.209901967556945,1394.2745052090202,1928.1468345203766,32.70209347213468
13284,152.96581507228885,-43.207702660089325,281.35240964230155,1928.936416253708,6.749862246575379
13287,154.99870437169034,-44.11635389544065,1288.8863783773506,1928.721105108846,2.0080948631478344
13288,155.31689004833004,-44.25642719534457,1444.5544183561942,1929.1575609761744,8.851873181042114
13290,152.92269503454688,-43.189963259327314,260.2750607175439,1929.883112899753,28.26539077740816
13291,153.0805313550628,-43.261984743100115,339.48725559207895,1929.9616329710318,17.71620333002459
13292,153.28827166757986,-43.355641532825054,443.27785540681003,1929.6583784731165,14.283162524766746
13293,154.801444704808,-44.03128578587149,1192.6777804800126,1929.5405227391989,8.51368923728162
13294,154.82351963827765,-44.04133441579351,1203.6001567956885,1929.7039791664804,11.18346504649588
13295,155.06595603604194,-44.149362184454326,1322.7716194709608,1930.4722725193583,9.76745793815842
13297,155.9231720789682,-44.52092150201571,1739.3789252843428,1929.946297645773,3.386111707322036
13299,156.1527093134433,-44.61994552207218,1850.3036788061108,1930.0857614820895,2.8849620099614004
13300,156.19015802889865,-44.635732702248845,1868.2807326512254,1929.945134001933,1.8528025646754018
13301,152.62379419695662,-43.05495607912565,110.44405184002447,1930.697853443131,10.848707994224181
13303,153.37508598625078,-43.39783094887108,487.4981715825634,1931.094864273531,9.980095176946252
13305,153.90137722944633,-43.635048654473614,749.5642093127043,1931.2816983751907,2.7001458471872852
13307,155.30195284412792,-44.25245257126553,1437.9769547220033,1930.4234530871493,4.798805745855944
13308,155.43963721366606,-44.31369276943727,1505.3905626657624,1931.046843953869,3.0713560468186594
13309,155.45645095895094,-44.320860511031775,1513.531821355236,1930.973466426203,3.1801515112931753
13311,155.9659697146409,-44.54217942070175,1760.8377387226185,1931.3507547819308,1.476722951053909
13314,156.30318389511362,-44.68604749308333,1923.222472627329,1930.888084436587,2.2063528650506177
13315,153.4830034871081,-43.44909059304791,542.0796292556099,1932.33737090805,5.451356357674868
13316,153.75512032596927,-43.570946320832974,677.3637127184537,1932.0184730337007,9.763772045224268
13317,154.54926389963094,-43.92540130052078,1070.2846942730566,1932.2449858034897,4.647138997659744
13318,155.868852643572,-44.5024326145253,1714.446437190169,1932.4125940208694,2.3799622008846173
13319,156.02218581645073,-44.56757467035201,1788.323774348831,1931.9456812725966,5.7742112716640355
13320,153.8476794502466,-43.614684841291165,723.9797924916408,1933.1148997292878,2.2403539030592903
13321,154.33193141521943,-43.830586835199675,963.6134430870324,1933.0126900726327,36.705697797185984
13322,154.87323376092388,-44.06959770919872,1229.771746490519,1932.8819583384154,8.19228358369423
13324,155.50979444201587,-44.34751460414015,1540.432543245487,1932.6990569682177,1.6350891331205268
13326,155.93370344213952,-44.530726971757005,1745.9059080301417,1932.5742278994574,2.0612570766970153
13328,156.46101187751185,-44.75754290767262,2000.179648671291,1932.912347743576,13.734183257139188
13329,156.52113285582732,-44.782714359626674,2028.9127081712395,1932.6795394376952,7.187822997907268
13332,152.95205210596154,-43.21135118437077,277.3747946010885,1933.8434968393437,75.36164014167134
13333,154.02791223113235,-43.698153973755986,814.1640006764112,1934.5092380002907,227.53525759284446
13335,156.00197330008294,-44.56248944879064,1779.5422077898554,1933.7497842448904,3.009139087459927
13336,152.84317889860324,-43.16418812914889,223.4474711405789,1935.0788864870422,3.939247017552171
13337,153.24605036152056,-43.3474727192743,425.38027818015723,1935.0854804086048,2.6475426779600664
13339,155.39208475475027,-44.30052093093028,1484.323448751226,1934.7982309402373,5.191182529455314
13341,156.33240577678922,-44.707188626169554,1939.6066475535674,1935.2043889066767,10.066594726814882
13343,152.61473938953236,-43.062399811017066,109.33476369485169,1936.427904675325,2.267825429014347
13344,152.8858747980729,-43.18606773194876,245.60096489762705,1936.262338916747,3.4443706013867534
13346,154.48404088639103,-43.90305064550386,1040.021666222935,1935.4881216161612,4.366351579220545
13348,154.99673367296518,-44.13001031330824,1291.9833286018413,1935.9478776120852,3.480450926403447
13350,153.7910523540013,-43.597186029740875,698.1404039485443,1937.0317879131849,6.562368563610906
13351,154.70906422312575,-44.005321623318345,1151.483370337319,1936.8780181509753,2.9532553072257786
13353,155.6204800951981,-44.40537338205026,1596.90611996821,1937.5913487831301,3.7404082555559572
13360,153.52398925813338,-43.4817499753387,566.6356060398774,1939.358191741208,9.737974960292954
13361,154.23546841399377,-43.79997658843616,919.4885403199512,1939.111920886547,8.64981993322419
13363,154.93670206779942,-44.111089721400695,1264.6781936769667,1939.6465415722755,1.8270946845930505
13364,155.0102311012832,-44.14304744363034,1300.5770650173688,1939.489144488354,1.90839301158229
13365,155.12282017142974,-44.19098935175456,1355.229277917537,1938.7970703308486,5.561606166774727
13367,155.72462601862756,-44.452902720751574,1648.089025091155,1938.7968194418727,5.437659111691888
13368,152.81352323936784,-43.16061573421451,211.4997785044468,1940.0092678705585,3.605184320637427
13369,153.07976289787035,-43.28058419452935,344.6792327951888,1939.3383831386634,6.163754508128838
13370,154.15536028554388,-43.76600655429582,880.3853039816913,1939.9593073649241,45.86416531179355
13371,154.20485942075618,-43.78786528622809,904.7981565024461,1939.8638246878227,6.774537360235044
13372,154.48791248373053,-43.91349932571307,1044.4055683597717,1939.8277668086557,6.052735037193582
13373,154.95789903753203,-44.12191490544842,1275.4806709262073,1940.4011851141079,13.238710683067634
13374,155.18514472614143,-44.220517695392324,1386.2938077791393,1939.9248310921803,3.4894006062486373
13375,155.35986113910909,-44.29666099475484,1471.4478192317451,1939.8686688251673,4.3546794123819454
13377,155.73409263722576,-44.459541032491956,1653.3738660156023,1940.0647418357896,4.37393792260611
13380,152.52014389636471,-43.028430166628766,64.47348214243056,1941.0898739964084,1.404190740874121
13381,153.05380821365551,-43.273410116160655,333.0381522062112,1941.6280191014796,15.168841136103326
13383,153.81470146497216,-43.61609046772242,712.2811204003125,1941.145184962427,10.11346266750617
13384,154.00680031213298,-43.701933349557144,807.5018180154386,1941.0655063879815,40.690103125193595
13385,154.42322940642498,-43.88775516147024,1013.3718296720407,1941.2802735676985,26.750431449852748
13391,152.82852377736717,-43.17142919193722,220.21046065045144,1941.968349095151,1.6151289866669927
13392,152.92890377450757,-43.21810878572046,270.87085157732105,1942.4043099728215,1.834452729857584
13393,154.3631254219139,-43.86260638959568,984.1742652007792,1942.0353483053934,8.71311896192807
13398,156.52697094848722,-44.80414074687961,2036.7802525487807,1942.1481859966375,4.98407435459198
13399,154.0558505375731,-43.72845993661732,833.1155714488672,1943.3558443084448,2.703183226698216
13402,154.8469709048273,-44.078316408148574,1222.589559280812,1942.9656057915088,18.585180264279867
13403,155.2431270441857,-44.25322781403168,1416.6332864269416,1943.5977356476924,380.03287165816823
13404,155.3944871955796,-44.31868084135255,1490.225897344079,1943.3248431965476,7.446814940514563
13406,156.06205076523085,-44.60724472597367,1813.6823875554455,1943.1900728395642,17.492839892468016
13407,156.10956830558982,-44.62754242195875,1836.5714299541469,1943.1295368028805,6.702299262578336
13410,154.6919334666552,-44.01107176715062,1146.8227069994853,1943.4945879848617,4.56336951453477
13412,155.41590781978178,-44.33015436773311,1501.2444401630896,1944.3952129968347,29.65554665204873
13413,155.83412059372625,-44.51217045460673,1704.3875920333503,1944.75154886679,41.96224080773065
13414,156.0061538823456,-44.58351402185211,1786.7850969648614,1943.3462296132418,5.5255244150348055
13415,153.00459870256395,-43.25617830765933,309.89501179061057,1944.1799423998548,3.32050108213004
13422,156.36252501658248,-44.73964889768444,1959.354133181149,1944.9892125545982,4.132208476399193
13424,153.18510585684317,-43.341162094405234,401.1552047349154,1945.6418853323519,9.921470753051407
13425,153.2111488470441,-43.3541776206168,414.5330545225132,1946.2373512878403,12.06968090072651
13426,153.62626875902015,-43.54137476815922,621.50082334755,1946.0728934142712,9.99476637426416
13428,153.5209176411641,-43.49514440052391,569.405611535197,1946.6805906346037,162.95784428531394
13429,153.8798050290367,-43.656361511687074,747.7894809805694,1946.6452588719255,2.6809594333482853
13434,155.63814812872738,-44.43201488469557,1610.694155938593,1947.0555032397983,7.514779992124892
13437,152.8053612322837,-43.173878090393714,212.4328676012574,1948.4096291427772,11.358293310257269
13441,155.22201165975687,-44.252128568897575,1408.5914993366105,1947.6426055077309,9.875455705324079
13443,155.6044393350697,-44.41868614615372,1594.6900754632393,1947.6961085489208,2.1003715162313434
13445,152.50698743654937,-43.0387376008045,62.71993390974349,1949.1661938342331,3.7869168516185123
13446,154.06212682189997,-43.74323960464471,839.6581386036502,1949.2992938943946,10.697188371384618
13447,154.6061419140973,-43.984750711413795,1107.9359283151418,1949.241781806202,7.245334968028253
13448,154.87058719501792,-44.100537056876774,1237.4840478433619,1948.851445296975,5.552637851319354
13449,155.0137978901928,-44.16452096321899,1307.886677435103,1949.3966104881595,2.5158683064297196
13450,155.97233473426851,-44.58045195750663,1773.5770377130661,1949.0843001808623,1.5527146958194673
13453,156.30009922125654,-44.71992202058,1931.2172923308226,1948.471678923629,2.9741835217583388
13456,152.78962969944502,-43.1700229398654,205.51609547428959,1950.056967322377,5.784540551492276
13457,153.0528645592934,-43.288519094180074,337.14098596210493,1949.315530930938,3.2230958878139693
13458,153.56927196368935,-43.522768153491626,595.1823684776309,1949.569571662777,23.475279999630462
13459,154.38195907304913,-43.88574858055654,997.6652631786365,1949.3775809027031,27.439917748182957
13462,156.22851465263037,-44.69224561156308,1897.5768161488684,1949.9582701244644,3.6519569126075107
13463,152.86133920396995,-43.20624026991281,242.56095208296702,1951.7735806476996,4.017442119408132
13464,152.89194352030577,-43.218351155303814,257.37523949226346,1950.8582775440227,3.140273008449488
13467,153.26331616221208,-43.387518514172754,443.4510015960853,1951.0372860698985,7.205263112998299
13469,153.5526515268707,-43.51802489506894,587.7051498570506,1950.929614832794,1.5746251171657393
13470,153.71060186714286,-43.590015905134216,666.5435485746049,1951.3858115406497,12.058150958419134
13471,153.99926737389555,-43.7174882048913,809.2072531993215,1950.4530507882585,1.8292919123215037
13472,155.50937123290944,-44.384137704339146,1550.3717064434604,1951.0433966201508,2.9768016730916798
13473,155.98380573873575,-44.59000173915709,1780.370411335201,1951.3853767307414,1.7114599858518589
13474,152.4265313134044,-43.00703039241772,23.715297648567866,1951.7698719705757,9.900218611162714
13477,154.204290545458,-43.811761202854704,911.4182590132064,1951.8521804244654,5.949152861089849
13478,154.5390175023215,-43.96155464125533,1076.7644730380307,1952.464283985313,5.87623797452285
13480,155.24085356430047,-44.269363983607654,1420.2814634609701,1952.1272377640034,69.20160954850004
13483,154.7995907069259,-44.077968576315726,1205.1245914504163,1953.1634583996627,4.252997837287154
13487,155.59410531737893,-44.424131853143095,1592.4034104603995,1952.6448295689502,2.291119666189559
13488,156.0322931988368,-44.615089187501,1804.923224110206,1953.4932053618709,2.2197465200658484
13489,156.0893046196582,-44.63747021885559,1831.847500049728,1952.4319968440082,4.303386726516808
13492,152.8764325941057,-43.21916170066088,251.922456797141,1954.7574937048294,6.421897193813509
13495,154.04418721773308,-43.74444550015114,833.4240665337107,1953.8717004757839,82.30589259483187
13496,155.31742121138794,-44.30748331136892,1458.8987888245435,1954.4734131184061,2.6058581660559694
13498,155.7374217674603,-44.48904574508399,1662.67119296974,1954.0607941675469,1.681443759891996
13499,155.92367966985105,-44.569489291131724,1752.7915929384046,1954.073398112574,12.699552456305002
13500,156.49202578114148,-44.813107559587934,2026.405451120941,1954.0753635970307,3.486506536114857
13501,153.13065729592256,-43.33597049029355,379.6480003032072,1955.3026879047115,10.138504605619984
13502,154.69657945417964,-44.03656661539598,1155.7148146956954,1955.1499735268728,2.370901699876894
13503,155.36123153489183,-44.32814941212811,1480.664899652894,1955.2568665157764,17.945931041407523
13508,156.47656361976786,-44.80836926623192,2019.4854448437466,1955.0020029610478,2.265652763116859
13509,153.39046435557336,-43.455420860634796,509.96030919450664,1956.172747039608,19.44701189687611
13510,153.52988520397565,-43.5182698802676,579.423584981279,1956.1342260666017,5.271398012819658
13513,154.3489534033937,-43.88557581365495,985.5140146812073,1956.567562841366,12.218149810713722
13514,154.57196395936012,-43.984165331026354,1095.2413075757202,1956.458718336561,2.9071286551490982
13515,155.82380864508303,-44.53016923819679,1705.528123172045,1955.951067566237,4.144542986128293
13518,153.46462217553082,-43.490244891023565,547.3227775173219,1956.8331158197914,93.9234488770712
13520,154.3276122224903,-43.875774262355186,974.8992411962523,1956.406466001975,6.991001696252995
13521,154.71878948657488,-44.050930650966365,1167.9028956821476,1957.4212364596094,2.9741216259566685
13522,155.59559447732818,-44.43440940103689,1595.7736737259902,1957.4457921880642,1.9838257950369274
13525,152.4638524360913,-43.03725386009175,46.44618807723605,1958.221345255844,4.88871840209254
13526,152.48613604894962,-43.0467936976568,57.472573760603,1957.875848868226,7.061024394436614
13528,153.27778356476222,-43.408197640040164,454.814724146509,1958.0301634118548,2.3130313767633113
13529,153.608438508768,-43.557154480199834,619.5385124401372,1957.8689135085488,10.15543568316606
13535,153.83467650965352,-43.661422757131824,732.6947718663577,1959.1822982573456,5.60140175329471
13536,154.38195394450472,-43.90556593350842,1003.2988453328069,1959.2209249049606,37.52814967292566
13540,155.73093644818755,-44.495658106741416,1662.1081133576065,1958.7569224228273,2.10398923095071
13541,156.49486609614917,-44.823877196914154,2030.326441225379,1958.853117002564,2.920260617381381
13543,152.9573556103931,-43.26579723705813,295.39424538659017,1959.577567946316,11.713773179153693
13544,153.3705190949538,-43.45453881430327,502.3856207795586,1960.199906777713,2.3186583072562765
13545,153.5717712503773,-43.5455229687402,602.7109196362196,1960.285747617228,6.292469217612994
13546,153.5927659341911,-43.55422234111114,612.9384279935598,1959.9118164879624,4.752830823462255
13549,153.05205646140536,-43.31173467591265,343.68014904881255,1960.9820568819882,2.9902972292991064
13551,155.43437010765476,-44.37282062287551,1519.791009870252,1961.6496829209013,2.8624277294742986
13555,156.29496281719346,-44.74272803826853,1935.4805794738438,1960.9617961737201,3.391554663852861
13557,154.8389289806247,-44.11201994819872,1229.1064783613076,1961.4872772837148,3.12057447702121
13562,152.83244702083874,-43.2148485710321,234.506919895339,1962.5490156206029,2.540568634218543
13563,153.0250461497978,-43.30394145200037,331.4759057319767,1963.2035710355215,3.611096059311347
13564,153.6990403839589,-43.607913393031524,667.4846427555925,1962.8311821269604,4.364705434571946
13565,153.99342740240905,-43.740004823763854,813.5349612962809,1962.9174757849703,4.758654108162714
13566,154.65040854119206,-44.03206091152591,1137.5237845709896,1963.0377508026736,3.3127792346833367
13567,155.26443248054125,-44.30177672583436,1437.9132857240547,1963.1414639058708,2.2312717533068014
13568,154.03641995225425,-43.76097331640487,835.3188904678858,1963.7921671503127,6.002400521117187
13569,154.565993389599,-43.99656768297191,1096.5617453298792,1963.9330847047079,7.903566948718929
13572,156.08795190496878,-44.66001357875455,1837.460654890081,1963.975500418401,9.1235626959409
13574,156.38080675901477,-44.78535225168264,1978.317238194206,1963.9216663104285,6.30568703998667
13575,156.41198198138082,-44.79866868670546,1993.2838791855418,1963.923710873502,10.201018816225107
13576,152.76887309513748,-43.19082446230892,204.06647072883538,1965.0275498562803,1.607369909938041
13577,152.97058983647912,-43.28276033876315,305.25478956062017,1964.985780793047,12.74983731346133
13578,153.81376868419002,-43.664408323321744,725.8893160287813,1965.3094271466923,1.2159117221745297
13579,154.52553299372215,-43.98130583165765,1077.4153769535858,1965.2419104791916,31.375554980447326
13583,155.3410327791548,-44.33883367975065,1476.2268420723499,1964.9613485302427,3.088402278962902
13584,155.8186820466382,-44.54656452551032,1708.1294585744572,1965.2326318886726,2.269117174027584
13585,156.12186575994392,-44.676426901183596,1854.3043286974514,1964.8989172182023,3.5529541888709546
13587,155.32545488026156,-44.33433125769841,1469.2776356254953,1966.0999933086196,12.823320429183738
13590,156.14402590104243,-44.68798807286506,1865.5334805471064,1965.9224795979346,1.56425888519456
13591,156.23269644183566,-44.727101250940414,1908.5098137918328,1966.4707043631847,11.001372676644003
13592,152.98210726297046,-43.292575176672074,312.3745824668986,1967.2462941372328,11.323841221242622
13593,153.0703902239875,-43.33256074648285,356.535552702585,1967.161167348392,6.5485712340568645
13594,154.4767415751288,-43.963852353170125,1054.590186412994,1967.3010462002314,1.8308775753063269
13596,154.88099017809347,-44.14228682730854,1253.0073703175854,1967.3414453945245,2.5770201253931444
13599,152.5788824225621,-43.110160791895694,110.39898704176433,1968.1475161369613,173.88516511439818
13601,152.70889369594946,-43.16926074304516,175.6659424021979,1967.9248038684386,4.853433912980049
13602,153.03912702270068,-43.32007695294708,341.39374413334605,1968.0166845763079,1.722696164766695
13603,153.8700813384699,-43.69537833700951,755.4694630978155,1968.1528261326891,3.471248586001014
13605,154.370264734737,-43.91783562675334,1002.5036969229262,1967.8896186360341,5.856095723802549
13606,154.94923368812394,-44.174410851875365,1287.0009931559177,1968.4101368581994,2.457466952438805
13610,156.1036280251173,-44.67522245444866,1847.3109661844437,1968.2064502064538,2.344599158744169
13613,153.2501871895939,-43.41652694940548,447.13106853740334,1968.3395143066798,5.763597441407376
13614,154.08619155593286,-43.79456834063868,863.1987093605238,1969.438695591343,6.788825687571089
13615,154.45576279754027,-43.958968441933365,1045.517774060855,1969.4907849750539,3.446201155360806
13616,154.86370857482552,-44.138589476454264,1245.6408262227824,1969.280668948791,2.109751905230255
13618,155.78604549441974,-44.54005417130617,1694.4135068166306,1969.0156907924106,5.081047113788384
13621,152.54746948001127,-43.09848348380588,95.3966839478887,1969.4969525722965,2.808880653276573
13622,153.13352427779657,-43.36751164876577,389.96715461100877,1970.2644329939326,6.600370929540797
13623,153.621837365399,-43.588062811036764,633.4214990155647,1970.1955571079304,4.765353028673645
13624,154.49063016657777,-43.97596110431348,1063.1121595172208,1970.2609410260877,6.564433317890812
13625,155.05851881812697,-44.22545919180753,1341.285419754916,1969.9657515511194,4.329920519195274
13627,155.193401425176,-44.28520392717062,1407.3062297911279,1970.3319000475215,1.9001770931087998
13628,155.4828255694153,-44.4101629118279,1547.8284338562373,1969.758142926552,1.777394686284952
13630,152.52119169489427,-43.08905976429697,82.9480554327794,1970.798913630742,2.788141647715268
13632,154.03439224235484,-43.776146890841986,838.9299724448675,1971.768401124598,2.2769712187500972
13634,154.68747960430576,-44.06444483026793,1160.2403285437301,1971.0023474998384,3.012789143671587
13635,154.73869033175916,-44.08713038183071,1185.3892825270116,1971.0556169140186,3.645913690572765
13638,155.21368245251352,-44.29617960029752,1417.7803464569108,1971.3852777473894,2.3730889591310738
13639,155.35982942063706,-44.359565314029396,1488.8442966972407,1971.208015503106,6.664747268960004
13643,153.05006440846333,-43.33320103944483,349.26937497051557,1972.0481541002393,30.556127766641527
13644,154.99497713948824,-44.20211998116449,1311.5019025544298,1972.2100607385576,24.611114666553085
13645,155.6868865999152,-44.50276102268618,1647.9380760252416,1971.8011655278187,2.09651770056975
13646,156.25496019914985,-44.74869058160305,1922.4673514346778,1972.4906097455987,7.357251902937374
13647,152.7740005879289,-43.208822134128525,211.28306529969566,1972.7643545496023,3.060493282884604
13648,152.85591982249343,-43.246702689139276,252.5437553975919,1972.9999821232675,51.32199442527553
13649,154.06533261278946,-43.79283992763232,855.0581247954048,1973.198194748106,69.55563829782663
13650,154.19797121073725,-43.851005179085234,920.3146280303715,1972.7267729369735,16.645544886120373
13655,153.2241483312593,-43.41706923201648,437.7412677396692,1974.4466245310248,3.594592005531243
13658,154.16686993700395,-43.8381275880749,905.2365555290759,1973.2085348811988,10.063565116413274
13659,154.50032635919194,-43.98878619470178,1070.2992008003052,1974.4993339004825,3.3242586278156865
13660,154.76848052523093,-44.10588748116042,1201.5783121365162,1973.85583779308,61.067296423684866
13661,154.83559764699146,-44.13602548606899,1234.626531339673,1974.1527372053972,8.484927533552828
13663,156.12409255648666,-44.69670208269472,1860.6048501569958,1974.542818817048,12.691922675965865
13665,153.62564864779156,-43.599800943946946,638.223829494538,1975.1615658253847,2.564710550528986
13667,154.6733271294003,-44.06596266107846,1155.4846459347539,1974.8595984516614,12.211196609823075
13671,153.0057442690321,-43.32175388082987,329.64540844505154,1976.3560632955443,47.96755071209567
13672,153.08585480205727,-43.35687073223747,369.35860839713644,1975.7100277177794,2.559177263187117
13674,153.28897985324963,-43.44876038891162,470.79270029107386,1975.5985954067805,2.9899956324079753
13676,154.45843736413602,-43.97444529760328,1050.8885097950313,1976.5890670069782,8.214082875490567
13677,155.22097692493557,-44.30868828412983,1423.924796837913,1976.0262351384263,4.296169404217088
13678,155.71397201748815,-44.522105946064094,1663.1439790710297,1975.6022197962131,5.295637342768535
13679,156.08391056836453,-44.68343930673559,1842.3293715329676,1976.5342990175106,2.2136101947232056
13681,152.78274224283376,-43.222357318314806,218.50054982613474,1977.4796382332597,6.773896124037103
13682,153.33274946144476,-43.47209997833412,493.66506550784123,1977.3485712656163,6.161902449631962
13684,155.3355614558612,-44.36123634163408,1480.4262560901473,1977.304714886843,13.218042026014253
13690,152.3700555217938,-43.03368630512367,10.973100358505125,1977.7588556992087,5.817299835185392
13692,152.81181754155023,-43.23786645787685,233.7561664442448,1978.5818042358064,31.104300426631852
13693,153.015571687841,-43.32953308051432,335.54103875570047,1977.9920803842422,2.072682187830457
13695,154.7342725245252,-44.099519523989024,1187.2593051272568,1978.1815409229748,2.291412333845388
13696,154.89580747320647,-44.17015860392092,1266.247300686649,1977.9641137574076,1.8680472920098647
13699,155.48104419356935,-44.42604391324308,1551.5548690564376,1978.0554674271418,3.538928752733303
13700,155.75846144359528,-44.54415481554128,1685.4468912684365,1977.003952514114,3.635491949893584
13703,156.19501508876826,-44.73425464381739,1896.6703654150563,1978.1040977394503,2.060853668705489
13704,152.49042030562205,-43.09224119615916,72.61289467443697,1979.3467465578483,111.07791078460049
13705,152.8265608838972,-43.245237307105484,241.3443422024956,1978.8981942939881,3.034524186609022
13706,153.03619353297896,-43.34070937582974,346.39389197035246,1978.8808908667913,2.2227519573032244
13707,153.45576928599706,-43.53224021862008,556.311122323928,1979.6086228060021,12.593136787275585
13708,153.92366187814278,-43.74180806884408,788.480638235725,1979.2821405424918,3.2711000195927906
13710,154.28555686869424,-43.90305184203364,967.2576245693175,1979.2247725810635,3.8619962948900435
13711,155.27172191668373,-44.33701733856414,1450.3566698900327,1979.103566699561,7.037485105113938
13712,155.47012527047428,-44.422731539202225,1546.6473794917458,1978.769012167588,5.585213022868141
13715,156.2997073068738,-44.780114884052196,1947.2790127101234,1978.6209670339736,3.0761711890761965
13716,156.32733777480254,-44.793194050840334,1960.890214343298,1979.2522993722225,5.843603059686974
13717,152.464351489516,-43.0828273566791,60.243620818190465,1980.6112270754486,3.668090488246469
13718,152.55649270784664,-43.124355976338926,106.41752112785022,1980.230297373149,12.834710951642654
13719,152.83827856091713,-43.25200468491431,247.64368430561808,1979.5996894213642,5.574129674745171
13720,152.8777085645572,-43.270530696645075,267.58028581707777,1979.8657100417713,2.93046985382239
13721,153.52504408352067,-43.56514690209784,591.2815919874814,1980.4341601390315,27.824978641454912
13722,153.65964438955257,-43.625625326967175,658.1718314001507,1980.3816752153396,732.2834324243162
13725,154.86110727734712,-44.16035564457951,1250.7947984969965,1980.6726014528435,4.3425893092744765
13726,155.05623919539087,-44.244001130771466,1345.6245680063705,1979.6879898019006,6.253687641861919
13729,153.82280409181888,-43.699771570444874,739.407424929427,1980.8318480564396,36.47792833435893
13732,155.00328280876846,-44.223766338981314,1320.5919926486042,1981.1662868706435,4.746892584907749
13735,153.19007960389612,-43.41584214401947,424.8909958514975,1981.4810927084022,6.005740988332756
13736,154.248238013231,-43.89308084352185,950.7437070470157,1982.5095599203253,10.191404170927722
13738,156.06117649585147,-44.68403312872492,1834.182549364758,1981.7047656619275,31.912203175424466
13739,152.9245368021355,-43.298822299407604,293.1074140264988,1983.2994159719212,6.788961664842402
13741,154.06678577482703,-43.8136769549333,861.5644133798233,1983.212900183181,3.311891192442567
13742,154.22112979290108,-43.88323087776826,938.0028611850687,1983.6048939247607,79.27083882100268
13744,154.8471744787887,-44.159615344297116,1245.4866548445355,1983.3502318983735,132.8296700586141
13745,154.97811683003272,-44.21669421048913,1309.4042912104126,1983.1379557335745,8.472903921544068
13746,155.15876325683362,-44.29540762619464,1397.4664304312305,1982.9447475536972,11.826748969903196
13747,155.30601306514203,-44.35921860391121,1469.0566125631408,1982.7119766160613,17.112818260663822
13750,155.51334849619707,-44.45127240313304,1570.3217924963428,1983.6335766276447,3.5910913569100544
13753,152.57233520848672,-43.13865511483437,116.48630402534977,1983.7037969860014,6.082342959203174
13755,153.00969577653183,-43.33840557921193,336.00104058142824,1983.701416661951,1.5638451364610404
13756,153.3465869156064,-43.49153309202142,504.4156913755058,1983.8703975144876,7.759955389596259
13757,153.74312351813637,-43.66923790479523,701.3889671364838,1983.411298938094,2.903212363922205
13758,153.99275491426724,-43.78200460058919,825.3538128027724,1983.8973338172332,20.6621410283302
13760,154.20196412829253,-43.87495816257443,928.6200876672145,1983.7315791575013,9.761118447992647
13767,152.73960619632527,-43.21826277382665,201.47158076748178,1985.1972567725431,4.1784353102732
13769,153.71877418840631,-43.66007541692205,689.8162993772128,1984.2878277748844,9.440943746677283
13770,153.77676517446946,-43.68818118466883,719.1908947468881,1985.3184950138539,5.949716545685743
13772,154.42540029109153,-43.977069032896644,1039.5329143133467,1985.1611295287921,11.889112076158792
13773,154.88414104596868,-44.17947135211132,1264.587041780362,1985.1438254505094,16.5386373642355
13774,154.94837258003096,-44.207860633064186,1296.0471834159632,1985.2350739763147,3.428406086739264
13775,155.12600578442576,-44.286358210712756,1382.9617459589085,1985.5693161387583,4.183549370624901
13776,155.35539799778834,-44.38517822023468,1494.3087139135291,1984.9237657468132,20.28855555687769
13777,155.5703739928822,-44.479461869996555,1598.93182621403,1985.3488324086852,14.028187774413501
13778,155.6815118596663,-44.52686976574643,1652.5798870935093,1984.97824078352,4.962208281554886
13779,156.21556199074718,-44.75731230159978,1910.3991688019426,1985.2201680416797,516.6596835957654
13781,156.37603227199511,-44.825432631279746,1987.3359862650925,1984.9626021052627,102.42088465576404
13782,152.85407610732616,-43.27212622231902,259.3884547950215,1985.9822741743083,2.7731228556204823
13783,154.51002399026422,-44.015870423413055,1081.5239381176723,1985.8202302449715,11.888894229018769
13784,154.62342356326914,-44.066446976218636,1137.347410958528,1986.0450520777604,3.2820202257958178
13785,155.47305350545412,-44.43879633867257,1552.1478897331428,1986.1374753517462,2.5738372523709288
13786,156.1914753033325,-44.74848133432208,1899.2181649007634,1985.9638537136857,138.83943244615392
13787,156.2419923545228,-44.77046471349152,1923.5993069446833,1986.135366180294,2.3206912361819434
13789,152.9883170165378,-43.335633683799045,327.3476265057758,1987.1405573714462,12.47021026998915
13793,155.96469290945177,-44.65256543887682,1790.3867778318167,1986.7073927118015,1.9998947290663571
13795,153.03732427830988,-43.35913814172513,352.2347497692903,1987.7402082824601,13.344042646462444
13796,153.53371577411707,-43.58367755296506,599.8474423939222,1987.676140972356,2.6626613571456943
13798,153.75615970882836,-43.68434976674688,710.5340568684184,1988.0009131269585,22.012198544252865
13799,153.8782678366153,-43.73984950898268,771.2843804757287,1988.383109813293,52.371302913858415
13800,154.24144445424645,-43.9002335249501,950.2959787814337,1987.5585746306124,8.488068321475298
13802,154.84510194712072,-44.16706545676133,1246.8187515380466,1987.5073051548654,105.73325705145983
13803,155.2843223158745,-44.35960910311846,1461.230065797051,1987.6145512287849,3.7692515546257392
13804,155.30722464466325,-44.37059236602384,1472.6505194615877,1988.1116213366163,150.41082372306448
13805,155.33163364057043,-44.38192045244492,1484.7150360833539,1988.4557766301614,4.478757915919952
13806,156.0975941304418,-44.71256730287781,1855.2168293455113,1988.1385920062762,7.277569091927335
13809,156.47265655731724,-44.872655889773974,2035.2724403073598,1987.9594257610438,2.461425321413082
13811,152.75961941773494,-43.23485730253908,213.72890807085275,1988.8769987029043,8.568994086183983
13812,155.153616735063,-44.305784445543665,1398.470250899764,1989.2281492534182,3.7450951008009956
13814,152.55134246015785,-43.14148626197924,109.63461972655196,1989.8562373414918,3.186308279470837
13815,153.1771463424107,-43.426641945555495,423.3186499041131,1989.7255464954183,12.667462603941946
13816,153.22258709203757,-43.44907970572273,446.54992134137433,1990.635605301692,5.40677921982897
13817,153.434553648849,-43.543554482268526,551.832487431058,1989.9510027115452,84.96051034882706
13821,154.3394468307047,-43.94846251837833,999.9268987269948,1989.8856350940507,6.085317111845434
13822,155.70005648598382,-44.54507198114706,1664.3457468940976,1990.0511906592974,3.4652316652302213
13826,154.3753236104039,-43.966611824070334,1018.2252558664495,1990.9927587561456,5.559439142948748
13828,156.0113677966329,-44.68196539044557,1815.4240504966167,1991.3561944743951,12.004468464216835
13830,154.35610544825872,-43.96124203658468,1009.6619144789245,1992.5595533265582,4.873138302906504
13831,154.90746110696068,-44.202251540964646,1279.5050767117052,1991.3772429280011,5.322019964494022
13833,153.33526456293825,-43.50524794597478,504.2732818111418,1993.1922354811709,12.839975693179818
13836,154.73800592775115,-44.13136500232927,1197.589998446147,1993.1914354564328,4.897730634755485
13841,153.11211287548537,-43.40537100357452,393.2416453930544,1993.8003297025386,132.48327606518595
13842,153.7227035249196,-43.682714800369894,697.8049624711026,1994.6313019114832,16.289418725298837
13844,155.3048779308117,-44.38164728995058,1474.8543971322342,1994.1243401716752,3.9224773789091154
13851,153.22356601852817,-43.458397572630986,449.63894047912515,1995.0261770219422,3.2917714350877696
13852,153.25807401993197,-43.47451347142395,467.00238014484756,1995.2667207065308,2.451706473093353
13853,153.36314082229734,-43.52106469427877,519.1064065928347,1994.7837186507481,5.455384992616014
13857,152.86810160888984,-43.29848178524865,272.32276989630003,1995.8464697301283,29.00192526174649
13858,153.97693674209322,-43.79960299168091,824.6151063415297,1996.1285847772442,20.245593490776397
13860,154.5566128298828,-44.05715004346054,1110.2631483671094,1996.0892487997246,7.8781290003174345
13862,154.93404443582875,-44.22365801182609,1295.2253649921026,1996.2180815596953,23.17551597874568
13865,155.72363004089465,-44.56802850506116,1679.2458210591335,1996.4117153833913,29.242671758980574
13866,155.80168026521415,-44.60196693226378,1717.0415080973842,1996.519424650896,35.00223470918323
13867,156.3424645148896,-44.833130345641806,1977.1488603104156,1995.9685577481662,30.389794881242874
13868,153.04709344768574,-43.38261079386933,362.72444111571207,1997.151171029373,2.1180282817253335
13869,153.78633921018647,-43.71551619315646,730.5927821484622,1996.737126800929,8.043379926551037
13872,154.63465019214567,-44.09295173851245,1148.938884932357,1996.7508204596613,3.8455365635884857
13873,154.82939502477228,-44.17938383091935,1244.5282830125184,1997.0646701310186,63.128687605311505
13874,155.28106340522055,-44.37589397782762,1464.551914853331,1996.428448767439,3.2139767772843606
13876,155.47971510392745,-44.464149921175675,1561.5720846003176,1997.3242117336883,45.57158252351386
13877,155.6459077869874,-44.5372100494353,1642.4008226516514,1997.8131273582712,3.8046230172327897
13880,156.4580590396828,-44.88580967581817,2033.4665784937645,1997.6396692000476,6.9149537966523
13881,155.1053087729147,-44.30321234283136,1380.0841838343636,1998.4595277686071,2.4117683596802633
13882,155.3303331071387,-44.40100744830201,1489.5224503966242,1998.2404854344816,3.186347547058995
13885,156.17015387277874,-44.763310148725004,1895.436224241042,1997.9275897123682,2.9243872908709303
13886,156.20039438150627,-44.77505327670559,1909.6471780294382,1997.3203292890603,3.25598636930384
13887,153.314677210442,-43.50616010573335,496.9972534373906,1998.25110928824,6.285267508585692
13888,153.4320872406292,-43.56148968161651,556.1557585297278,1999.3808250197965,3.6615662880098205
13890,153.65643981039594,-43.6615733794375,667.4137738645403,1998.9039384409648,6.2888782636135625
13891,154.0764627554094,-43.84977487142504,875.4540317237942,1998.9763277597388,2.087306261352302
13893,154.53249248777962,-44.05319578658796,1100.3165864512525,1999.4218103254377,161.7997761583122
13894,155.07285906279765,-44.29072720922274,1364.7371849606548,1999.3128569903297,2.7635953249275382
13896,155.67144698810267,-44.550808607462415,1655.4617276703814,1999.0800988743083,5.460370021811269
13898,152.96172893297947,-43.34921607369878,321.60946789488764,1999.8383000421675,2.2297827136043495
13899,153.209401796145,-43.4624241078559,445.6296637605451,2000.193276920808,17.485659387864597
13900,153.9439259357972,-43.792751457084556,810.5576575827643,2000.0467628553795,234.08587590223
13901,155.29289978014697,-44.38842795354645,1472.353005457926,2000.098748141383,2.5437912319978535
13903,155.89553345917776,-44.649270361388304,1764.2246085285392,1999.9204936344627,32.649296267741306
13904,156.01832407343272,-44.702744177436,1823.6028392707933,2000.2302340998147,14.524172287419614
13909,154.41612054040579,-44.00444904900442,1043.9086703930413,2000.7972786676849,1.9073946889586746
13910,155.38068229061733,-44.42835154534333,1515.4915290424915,2000.9397373027894,6.448542279103372
13911,152.92649870576895,-43.33736923367181,305.2070419324965,2001.9121431602312,8.578117116375358
13913,154.35869052797784,-43.981702184529,1016.4264261200111,2002.1463648367885,98.83011201507395
13914,155.2110198319413,-44.35607711488052,1433.442927768278,2001.775886602169,5.144935965050784
13916,156.36090560570142,-44.8532246370148,1989.2768563623085,2002.0694700374484,12.677797547795606
13917,152.85582848730743,-43.308027783454676,270.6487665550442,2003.3300706249959,14.941046582684468
13919,154.17542309681403,-43.90185544296958,926.5853783685536,2002.9381267723977,2.513433769423293
13921,154.65265950577108,-44.11278752510678,1161.125372655745,2002.656953687718,7.945979498670423
13922,155.18381643805438,-44.34649799704252,1420.8355726365178,2002.92067126697,2.6890413831334117
13925,155.93175837086187,-44.67213188840431,1783.675741542228,2003.5393688672082,935.7163982605881
13929,154.2790844949681,-43.95037731747754,978.3740337763437,2004.1399407403,36.917511864789006
13930,154.77842345189677,-44.170833556399614,1223.478999589014,2003.961159885646,3.021868661967621
13931,155.3049674592613,-44.40198354097491,1480.5195107844916,2004.2280935715717,19.172163325252033
13932,155.63634536903467,-44.54585513020489,1641.277997779803,2004.184227989352,3.058602331865757
13933,156.27977091181506,-44.82234835488293,1951.3674218553613,2003.9674030673648,4.619257162326264
13935,152.90474529241806,-43.33454541519323,296.40451816988707,2005.4146463617224,6.160645124193928
13937,153.25569779659875,-43.49256258503154,471.41554822134617,2004.7290302734689,7.100659457999411
13938,154.45889663196834,-44.03145988144883,1067.22681587662,2004.7998268481247,13.10001738047415
13941,155.71600620790915,-44.58326833951772,1680.631073897982,2005.6503434979666,2.765144441827741
13942,156.22413036539584,-44.79977987459969,1924.98109839721,2004.5882197811054,5.788614732548589
13943,156.26114428236707,-44.81638013981609,1942.9628521552336,2004.9660773977228,1.9416265408009576
13944,152.51630582341863,-43.15801867666454,101.72507185084764,2005.954998444935,1.9592294499394631
13945,152.5456107790975,-43.171485909239905,116.47458567406868,2005.966536821434,8.371181077021664
13946,152.8054363112231,-43.290732489320895,247.07173126732803,2006.1452817680622,1.914315455682218
13947,153.9247313864876,-43.79584940945861,804.420867296851,2005.837246100382,22.23762739430063
13948,155.13114522089026,-44.32862589352396,1396.607515250438,2005.481087338368,3.2588532269048702
13953,152.67944372433277,-43.2347643986579,184.3239558617854,2006.940672499567,4.639995576486023
13958,154.32034050116707,-43.975663384846165,1000.6734802860557,2007.5959979430472,69.95000506675142
13959,154.36316303979717,-43.99374349837907,1021.486657346477,2007.1383394726374,19.747215590416808
13961,155.04146229090307,-44.29236659259654,1353.712963250088,2006.9660870888333,14.275694156690491
13962,156.236825208563,-44.810225162833035,1932.4297286112164,2007.089151646938,4.422382728966078
13963,156.368327758791,-44.8663522744432,1995.5096075900237,2007.0423625691958,6.0594153276237375
13964,152.58518659362272,-43.19312263584641,137.41580625754398,2007.6909078899128,3.8091832990075973
13965,152.75253490736762,-43.27007234550362,221.57352401772707,2007.874124800393,6.768906165007348
13969,156.03520306221841,-44.72481048910411,1835.7500841265796,2007.6189921595123,2.2518522554189566
13970,152.61765274685484,-43.21020905947781,154.392162018517,2008.7830229223619,4.257114622349797
13971,153.5178357591219,-43.6201354514308,604.6296169582763,2009.2713927791788,6.77390275409555
13972,153.72645146494384,-43.713152380457686,707.9799151806619,2008.8775824285792,16.357996544523193
13973,154.3422030283803,-43.98940110076483,1012.5821732413689,2009.5983359161658,24.137229953392442
13974,154.42202145134812,-44.024455995327536,1051.7471376764345,2009.4313812247733,2.1086882107417293
13975,154.92709478800222,-44.2447359077017,1298.5829264147228,2008.214888514143,4.011169106378884
13976,155.1372657883236,-44.33838530828526,1401.5608914958427,2009.0050946149586,5.619128757767622
13977,155.20432200459211,-44.36720035059261,1434.0832375103155,2008.7660787962266,2.722725639662708
13978,155.38178877701947,-44.443769933722315,1520.15656717239,2008.3764607936148,1.919782811480407
13979,156.27721295518285,-44.832445186444026,1953.1517576389185,2009.554302601807,8.132115556811838
13980,156.34713669282186,-44.861716598602015,1986.5336858418261,2009.2466145420149,2.5321876551292792
13982,153.02108370904014,-43.39639382444728,357.25439422565097,2009.8117559169432,9.934872886943776
13983,154.18769262979077,-43.92288590305267,937.0840428588647,2010.66186917522,2.2555916547694532
13986,153.3724108792973,-43.55714048559501,533.03198901784,2010.5649990633585,17.86649631341768
13987,153.45310904004262,-43.59511638642225,573.6503904470557,2011.3310534529007,7.948971241647089
13989,155.6812796528011,-44.58014708835035,1667.0922646095066,2011.5798043881189,637.9108009696929
13991,156.45285517263582,-44.91011555489732,2038.0761777491953,2010.8890315206959,3.4985075142199404
13993,152.7259718189332,-43.26543006434077,210.46795602037696,2011.5774421365127,5.05915846119977
13995,153.73407254697514,-43.72262940449029,713.5098619806878,2011.878095946008,4.653749909265219
13996,154.28903177964028,-43.970075610923104,987.6260229135796,2011.7219915695473,2.2772015183452474
13997,154.69769753658431,-44.15161047601066,1188.5431453300234,2012.077268158374,2.2101611109334796
14000,153.08984433028832,-43.43418092252152,393.5515909091447,2013.0473159106796,2.3678813343399705
14001,153.96310723280362,-43.82666233917722,827.3266076137771,2012.6077295431885,2.7708937369946494
14003,155.48264402801803,-44.497751554931206,1571.9009864712136,2013.4250730973044,8.26310750033227
14004,155.50045521422464,-44.50443400185808,1580.2482286330703,2012.901590529105,6.77238706964361
14006,156.4284614836121,-44.90415425818133,2027.5827631613747,2013.1061332066763,6.158116070071532
14007,152.6394421328048,-43.23039542159741,168.3751094107495,2013.8240050082459,5.604554976979377
14009,154.13799795652224,-43.906885143390824,914.3259591634763,2013.699037038178,3.5438813075093565
14010,154.27083759810336,-43.96631725480128,979.898266012434,2013.8674771503715,1.7126326892967965
14011,155.3590575398878,-44.44682105965122,1512.6936642033,2014.8203083074302,7.171360449858183
14012,155.80568070163375,-44.63881933437043,1728.562520252445,2014.029999068713,6.102987995119401
14013,155.8343510160187,-44.652127723618676,1742.660812676501,2014.497502675602,50.63071112028242
14014,156.32266493235042,-44.860780975296606,1977.3550504842365,2013.999648253967,17.260186586510617
14015,153.0669461671968,-43.427564372068936,383.22170275512497,2014.9177425645448,3.75699331035887
14018,154.2502639084648,-43.95988246803388,970.5368072769127,2015.2108591211452,9.359659469989005
14019,154.92898089227057,-44.259142105266655,1303.3043461300533,2014.9655461182929,10.3377604977394
14021,156.0050723026579,-44.727733565026064,1825.5446941029031,2015.5373287347863,10.556520788650099
14022,156.02417867939903,-44.73541728383753,1834.6020087150982,2015.27331122172,9.075467576813882
14024,153.21163394760927,-43.49508860432595,456.01953372285806,2015.850547752248,3.5397515331645515
14029,152.9920661257386,-43.398366261338545,347.20973758142577,2017.310000829774,6.616194645579198
14031,153.66466439473487,-43.702223971842855,682.1997803756775,2017.20783182487,3.4522852917098907
14032,154.11337550435377,-43.903371045879446,904.3112589904097,2017.3962234978014,19.100398695039534
14033,154.9611761655742,-44.27671245795819,1319.988576622877,2016.6788605796046,6.3963774521930015
14036,152.44372550188655,-43.14922350406712,72.51855221741324,2018.0622845007879,94.9367486880809
14037,154.20207664487208,-43.944359179069956,948.4786473361955,2018.1392337278908,8.855725324065338
14038,154.99153066977638,-44.29281259409483,1335.5834795777214,2018.0668750740742,7.3178839055761316
14043,156.3012643257687,-44.85942266528077,1969.1839111828588,2017.8878096464584,6.849389430024728
14044,152.41319130999292,-43.13624445023969,57.46002470546019,2018.5816681734395,7.124465129180429
14045,152.50426454069793,-43.17854739170942,103.43758187814413,2018.8158922900202,3.496736816575953
14046,153.82689040066103,-43.77546652830817,762.7376766592155,2017.4383847053537,2.7816281941592766
14047,153.97742495101463,-43.84609285957729,838.1477860722521,2019.0688592018582,4.318578905721658
14050,155.60836164541266,-44.56345793101042,1635.8865557844092,2018.9925576289786,3.5855178368986245
14051,156.08143699012027,-44.76842675508934,1864.4394264122104,2019.4711300467388,18.384952357703884
14052,156.43601780292184,-44.91967511984238,2034.496030131589,2019.248483699754,2.1138613829280453
14054,153.09297314116077,-43.4488622718316,399.0121552662819,2019.6038975430902,4.738884683840337
14056,153.5787538525959,-43.66939630999476,641.2393348708426,2020.0803301176675,3.1009293120570036
14057,153.94242807816667,-43.83181908173911,821.2411294474396,2019.7449251251985,2.793622641707528
14059,154.71341977985617,-44.17481937073314,1200.8275556423312,2020.1654347992214,473.1728990562942
14060,155.67214025636724,-44.593290078950226,1667.355143897489,2020.098748198965,35.51271370567807
14061,156.15760080900512,-44.801233239748676,1901.0971273668424,2019.5384169668564,6.309286729921125
14063,153.02466115944037,-43.42024498897755,365.5867168068872,2020.7984032343445,5.817953782899627
14065,155.72162407001122,-44.616696055249584,1691.8288899774846,2021.0984839023968,6.463763171974974
14066,155.95717376687838,-44.717211372160875,1805.2073425769358,2020.5643741836393,3.2932274298563566
14067,156.00902610360333,-44.7406885562138,1830.5020835060811,2021.1509656787066,1.9528701767128729
14068,156.3313448291588,-44.87898284407492,1985.4120282164429,2021.235484174072,15.926953797925972
14069,153.49403618175248,-43.63423222109473,600.0165501027033,2021.5589351089868,4.3785802433850565
14070,154.68382585999996,-44.16542206691049,1187.3613425947992,2021.9761686365534,11.74587345615935
14071,155.18631576299038,-44.38541569106756,1432.5621170970644,2021.740738357667,1.4109634934188666
14072,155.4819386030686,-44.5157913143147,1576.6127223922967,2022.5606970792846,27.647153108243273
14073,155.9901001679633,-44.734163034153084,1821.8256175256681,2021.9547171377187,2.389325663417404
14075,153.32196982822165,-43.559637128707465,515.2952807920323,2023.0795762373612,10.409284416612453
14076,153.44725306292074,-43.61732217922296,577.9733140349578,2023.6291951559792,2.643531669608499
14077,153.8100948205919,-43.77961621904077,757.7884456132131,2023.2225615672269,3.5042541760372745
14078,153.92821060581164,-43.83135078080801,815.9045251593562,2022.6628797141186,11.02952786977696
14079,154.69610721651256,-44.173072217154626,1194.0061661950997,2023.0873267174484,2.8005195765767614
14081,155.13549757905673,-44.36557089738004,1408.4779556201136,2022.9130375439624,8.968748442762607
14083,155.74447984150112,-44.62906423855118,1703.554752713951,2022.3398355076815,214.27652567626802
14084,156.02407723628235,-44.751526730067965,1838.9330055488624,2023.3301083526612,56.56683632609329
14085,156.13366276434454,-44.79823864991268,1891.5556323886258,2023.1650956729784,1.9090558423899016
14088,152.57192816172906,-43.21928264213444,140.34914035234522,2023.605987484285,2.8920566088766275
14091,155.318815789558,-44.446644243965764,1497.9435572356278,2023.4538119893402,8.30528262823597
14092,155.5642047454247,-44.55483179176151,1617.393805976607,2024.2275349851172,46.32166732995264
14094,155.69294161347224,-44.60994248406285,1679.5098162106049,2023.9125248389134,4.034695781279428
14095,155.83829702227337,-44.67184787562561,1749.4779089297197,2023.4794497163193,2.3241251150863174
14097,156.25280160458453,-44.85270224363798,1949.7009156707509,2024.8783234147963,13.236587356102014
14099,156.42809077218564,-44.925499826134,2033.1660980053405,2023.8451810497438,1.6905656730323049
14101,152.59070498199935,-43.23096855826721,150.7012892270273,2025.1273459264114,13.717425120552766
14102,153.23594860700675,-43.52402209687054,473.3948553092171,2024.7143186101557,56.53495419494166
14104,153.8870709959464,-43.816565721241595,796.5993478882873,2024.4540136291394,9.622778141151054
14106,154.45088079036208,-44.069299655780085,1075.023537855052,2025.3468345199528,10.021232776570915
14107,154.48194164004678,-44.08269404891559,1090.1768230898012,2025.171455564836,1.883645119431078
14109,155.05381317847707,-44.33530122350725,1370.2020730042955,2025.6286910916685,3.9656668326934033
14110,155.5034298880261,-44.52982509898184,1588.325078341255,2024.9029650925834,11.371636680570298
14111,153.1238332729241,-43.476248560803015,418.353182502319,2026.2193148227693,12.138610167487478
14115,155.0682941171559,-44.342045100125304,1377.3729621683015,2025.8304891539744,3.9979252123043674
14120,152.716054366518,-43.293025052288755,215.02307183452632,2027.4450612012254,3.425477299977544
14123,153.34458925710592,-43.57740741168619,528.7635078040184,2026.8131866656115,14.290658609140795
14124,153.7784746587111,-43.773494380085396,744.4529934697772,2027.210273416751,6.033315501373988
14125,154.24729129157402,-43.98313091903744,976.0775676066319,2027.3998379608809,2.2171005319749337
14127,155.10982074541533,-44.36300760899393,1398.3835065314609,2027.221393585046,7.754408967101374
14129,152.9485369244298,-43.4014918438906,332.1968784583998,2028.64345718118,2.0227544322230067
14130,152.96360613377055,-43.40680413632072,339.27851636658653,2027.8796388833625,12.558606747384916
14132,153.71129857897577,-43.74495716911585,711.6311899541234,2028.0005282214101,141.1995269345386
14133,153.81896038558475,-43.79317932871229,764.9437366195458,2027.9745044992806,4.927277342059186
14134,154.17991815856675,-43.953054464955,942.8562689017656,2027.3419505328402,311.513005926704
14135,154.34740067487365,-44.02937408314969,1025.850393612491,2028.2907898525855,2.9139831689350975
14136,154.83217734083632,-44.24283750838117,1263.352138742943,2027.993777660687,8.69366009680182
14138,156.27443793015738,-44.869246730123336,1962.0438914074025,2028.51684861028,4.143021807653311
14139,156.3734496549311,-44.910696896634825,2009.2782258089567,2028.0928213616369,3.6912769521004067
14142,154.51785367320704,-44.105573905068695,1109.784702711481,2028.6442248870858,3.476838700978838
14143,154.564047388988,-44.127129375802994,1132.7676179869914,2029.2099255724436,2.9610108097366545
14146,154.96858927650283,-44.304304855913045,1330.4105531196594,2028.7805424834899,5.059720704305557
14147,152.38597424689138,-43.14752986164431,50.87096744790559,2030.3235819631868,3.8847677991684506
14150,152.69639512744135,-43.288867967203814,206.59412372123973,2029.8304197912382,2.9231034226787522
14156,155.72068428088892,-44.63519216769873,1696.5451609941638,2030.5171766977026,16.225040483419722
14157,155.8356384087692,-44.684620986475295,1751.989729889787,2030.4177498154909,1.502415907240196
14158,156.1174991711252,-44.80529167931715,1887.5666110164088,2030.1422319433468,29.377149856758624
14159,156.29678310383756,-44.881198529054664,1973.4056900846483,2029.7140429590197,3.4714162694061703
14160,152.33817987187663,-43.12736012535563,27.342815461216123,2031.219619342173,7.1353103957969815
14161,152.35631595414463,-43.135594874028754,36.44550857062706,2031.1652051605274,3.3236748358478945
14162,153.79661263153403,-43.78917160292789,755.6126952584309,2030.9493111535298,124.02107193431456
14163,154.23485576522629,-43.98519187976785,972.1178037605889,2031.163782328167,2.83742218876526
14164,155.03939012156442,-44.34094811986778,1366.5073566439899,2031.576342306161,4.448853467218964
14171,153.9508209452358,-43.86105010562602,832.7123264844955,2032.3737266835988,26.130078212888133
14172,154.19571622017753,-43.97065491618335,953.6588538761221,2032.5853868812685,225.39715428662504
14177,152.36657730708194,-43.145178789876894,43.06886619229649,2033.5644054352256,3.0512251670537682
14179,152.80257398030128,-43.34273045240947,261.41722836639167,2032.4778820238005,8.24521427098933
14182,153.54494332211524,-43.68008161298892,631.9699122039337,2032.9039714833082,3.4917996977457912
14183,154.66137645846,-44.1783894704765,1182.8094190026318,2033.333114521964,19.060882081896825
14189,152.66183406148733,-43.28234069156869,192.0080090671317,2034.4124763830623,6.357504971938537
14191,153.44194480828907,-43.63380367934544,580.8304839388298,2032.9705387004688,15.105859324937079
14192,154.1611106376451,-43.958315555193984,937.4815738937241,2034.1019639957708,1324.7727295142809
14194,154.97920608340127,-44.319652870615954,1338.577737558154,2034.0967610217488,4.283974789404187
14195,154.9993554097626,-44.327948790933405,1348.2551522716421,2033.8312530396747,2.131186522651896
14197,155.5836543942347,-44.58337225107979,1632.3335882275023,2034.2434336400515,6.699708585492606
14200,152.4972532526735,-43.207391067053095,109.47383368558118,2034.6389436077777,49.43519809144602
14201,153.32854982511122,-43.58646855321869,525.5406489978925,2034.8818718166735,6.8492455968108725
14202,153.4104972961884,-43.62303380279838,566.1881476467333,2034.6619266438654,3.037324704399494
14203,153.9995660641551,-43.88877713412712,858.5002414059072,2035.3259981020847,40.45234580598667
14205,154.71280641368827,-44.20538593104722,1209.206891349408,2035.4837503776373,4.221811330193408
14206,154.83682984318995,-44.26013276880486,1269.9035370497822,2035.5719249144677,4.803322811214568
14207,155.67138039529442,-44.622750217213664,1675.1474446409934,2034.9395221884083,2.5170741331555413
14209,154.0113941923904,-43.896679313549285,865.0925380461443,2036.6259497714118,9.139362799007033
14210,155.0454322091975,-44.35199705245406,1371.7955445736661,2035.7548322863483,2.0704742684878665
14211,155.29729833175554,-44.462061937471645,1494.3529792261625,2035.7907653195305,5.383263328618231
14215,156.22228410629086,-44.862340044017905,1941.1703313141309,2036.2051711538352,5.4403880744414606
14216,152.69759393688585,-43.30378620165653,211.460230807124,2036.9260433487573,14.836254546653397
14218,154.08877920635376,-43.93051263272792,903.0831786568983,2036.2893240688477,2.3394543363041325
14220,155.24828216300958,-44.44201906081684,1470.9033501257545,2036.4484187709968,3.67307411442862
14221,155.4632325288232,-44.536469435474004,1575.4796989875579,2036.9004521980162,7.176193996649738
14222,156.0216574500999,-44.777663580061734,1845.1361159558726,2036.883681487654,5.1519978770471235
14224,153.59599625488468,-43.714012282472,660.4918797971035,2038.328993302725,11.05736293674604
14225,153.7158593641072,-43.76671126980172,719.5896236901523,2037.760630345722,6.6410288101577475
14226,153.82139170804825,-43.81398302466313,771.8314613224575,2037.7413597116204,2.79023277013075
14228,154.0510061686599,-43.91754616301873,885.5586832021073,2038.209515334082,11.956036563831006
14229,154.10210700985937,-43.93938589657964,910.4957227742844,2037.744148627455,23.133137105569325
14230,154.23202433817397,-43.99848194242547,974.872365914234,2038.379977965605,16.012837714526864
14231,154.2973552696802,-44.02650030106797,1006.7364493884738,2037.8832342731582,27.01865071370535
14232,154.49391558204022,-44.114151663806815,1103.4627910099016,2038.1575200355323,4.010465341618619
14233,154.6591866627658,-44.18674176991672,1184.3632559281948,2037.9606952625181,20.241331751487095
14234,154.67582270967583,-44.19438720686882,1192.5962272588183,2038.1152421969944,3.8618860418843886
14235,155.02561689336318,-44.34785260330602,1363.4023716583486,2038.007718631731,17.852966305635285
14237,155.6905129548371,-44.63805239791966,1686.318306611157,2038.4404060197862,1.7747600124128609
14240,156.416603823108,-44.94848606550924,2035.1371635121986,2037.7686735605366,7.666689706638328
14241,152.74257827877113,-43.327442359568046,234.93558952375284,2038.4559809256884,957.8024106067053
14242,154.1925304559851,-43.98165204766071,955.6333081653826,2038.74211748284,6.981695185582625
14243,154.2683715839296,-44.01482035994236,992.8157272379616,2038.4736233731599,3.24413921914602
14245,155.20278341921482,-44.42673006214469,1450.049198246105,2038.7168399761329,3.855284236310681
