id,ra,dec,x,y,flux
1,154.8714289866539,-40.22293646318036,139.60891173451378,0.2151058177075454,-0.04084714485974714
2,155.01709283693052,-40.288578862247654,215.57374047429602,0.21605118556173797,0.1421996374818717
3,155.09647514300153,-40.32445143835643,256.9720067630778,0.30422239910521964,0.10829005628410385
4,155.5537034649817,-40.52969844394803,494.6224089663217,0.6290749154152551,0.7532251222478111
7,157.10585287056168,-41.210278371492954,1291.4572830866266,0.03882540727526071,1.037367704399634
8,157.33055368463081,-41.30849461420111,1406.0000342032658,0.6325414543392435,742.7173082563384
9,157.38922801227474,-41.33259214498418,1435.4596013005414,0.032925383902430765,40.12650143081603
10,157.96866876758966,-41.58085251942222,1728.4636382754577,0.1301607711875358,5.423026486516432
11,158.02295931945693,-41.604033613199384,1755.828486091777,0.17104234889435052,1.4363928682414784
12,154.78000500303614,-40.18336588952931,92.36665804555192,1.0838761608789724,3.4435722114294647
16,155.6745442360214,-40.5833529253593,557.1468616057306,0.5615497989630588,6.9127636248257
17,155.7247954369495,-40.606708495942165,583.4273843141306,1.0808481734563202,12.630470302737486
20,157.02974115045777,-41.18044907124189,1253.5527201033951,1.637337043872063,20.99613591204169
21,157.18875250492346,-41.24717495480796,1333.9179118772888,0.5700904634183822,1.3613598627921564
22,157.74262686188163,-41.48654118206815,1614.9937160667155,1.218463803233773,12.625845672742427
23,157.993414376601,-41.5919587341347,1741.081322439657,0.4231948840824853,0.9525719712254658
25,155.15148602594363,-40.35251930462236,286.56675702771196,2.0059199424178034,1.3186592288848717
27,155.47899394118068,-40.49984179023222,456.8835931147091,2.3819680724393235,11.876868108767031
28,155.5629265762645,-40.536698946678776,500.219382269955,2.095090676209701,0.49656786843486417
29,155.631698373918,-40.566547297362355,535.6108956776964,1.7036877407490505,122.34105312077234
30,155.90765122955327,-40.689524043511774,678.3689218180053,1.9585142228691708,1.5787809790810736
31,156.09653146685025,-40.772860746278795,775.6954406508273,1.891715189818385,1.2414470042823134
32,156.2357247391105,-40.834506976574794,847.404216597567,2.0558499333101454,4.2275078366654695
33,157.4584538256878,-41.36608528667865,1471.5651665865114,1.9251472450574973,0.5148311119622716
34,157.6395229049089,-41.4438508493032,1563.2616351616514,1.9529065055769548,15.932963214808572
35,157.97976736793726,-41.58951754634515,1735.100923699566,2.1426228268078704,3.14382621363434
36,158.27843740810485,-41.7148583092309,1884.9016077341892,1.419867309597854,0.31869030964830086
37,158.38012326922458,-41.75944154203546,1936.3247005173139,2.235670762426178,0.297751847382749
38,154.97148041830604,-40.273054446639335,193.24001924974715,2.7527752685606193,1.1757007947432963
41,157.4848808006809,-41.37962786438911,1485.546297037768,3.038826531276513,23.063873716337568
44,158.29376014824803,-41.72523510927573,1893.615544674548,3.410210368162081,1.4903910031348853
45,154.79551086523983,-40.19555221360665,101.96153839055485,3.7041993577330037,5.041829804069536
48,157.71871418597635,-41.48155771697543,1604.3141236421395,3.8943910802405686,19.434206418315494
49,158.12644247798067,-41.65572148085443,1809.9393231287863,4.116575683507958,0.45442063852502
50,154.83719656735428,-40.21599699663986,124.19451200566144,4.5223413404748545,0.2703678321208973
51,155.8756557551181,-40.68113926263525,663.4811073331481,4.893977172184099,5.641699481021802
52,156.21752838325358,-40.831507204686474,839.4431764745538,4.600163536352939,1.415302771231754
54,156.85878215389948,-41.1128276336522,1168.1781056537668,4.998020749825085,2.217308166999183
57,154.6867278207133,-40.15257464463389,46.91536731079865,6.85179975851581,2.8235389368085606
58,154.90915815363175,-40.25200863810616,162.76656934286174,6.315613367146794,11.558551893296777
61,156.8004984281368,-41.089275413649176,1138.914510661009,5.917208608404237,-0.027836254297681766
63,157.36888350726508,-41.33634795650566,1428.5170027477573,6.413437685583229,1.658836826305297
64,157.7461927027679,-41.49765033322618,1619.356095380226,6.109930571011384,4.9516583640415535
65,154.99049946226398,-40.28925890608543,205.34917947133414,6.620389349958833,4.169192082377814
66,155.44068285263404,-40.49201055134996,439.6506358793812,7.080877498298897,2.156138217815038
67,155.8403055042056,-40.669564702421155,646.3812577471326,6.968853840679857,10.393036544704808
68,155.9811774227016,-40.73155344909464,718.9578532142491,6.7830911657593855,17.525677563438993
69,156.0389190363567,-40.75757515040482,748.8580771516507,7.04229373182399,0.34025387828936093
70,156.3200047888076,-40.88224302511326,893.6817232529464,7.485205662132552,0.5868775145407314
71,157.88757231715482,-41.55947904368239,1691.0930005027615,6.8588651683322155,0.24198333643851014
72,158.23274554759521,-41.707229891789716,1865.0493499644222,7.407448998707539,2.4252275512592143
73,155.0581178383413,-40.32226305994678,241.31575258222404,7.926917680966774,39.7343805744542
75,156.40291094610427,-40.91889786889803,936.3111852646167,7.62016767412273,4.429642874031698
77,156.84254912784743,-41.1118713648092,1161.5639671657111,8.10473688144812,0.9151568418687374
78,156.88154181478228,-41.12824362805509,1181.3045271175354,7.808604641154979,12.241173043068098
79,157.61102479006863,-41.44252046786614,1551.7641128938035,7.504581002189862,19.821481167354417
80,157.82463070483195,-41.53484979409204,1659.9382335602684,7.993585716417779,0.4034804177934656
81,157.84562570819895,-41.54304702109747,1670.3269486110705,7.603997317821772,2.59721749070364
82,158.15631170191745,-41.675460415431445,1826.8204040214998,7.726938968759936,1.149082593444943
83,155.95607707245264,-40.724994966813064,707.2895237034826,9.087817586380968,0.6343130923298135
88,155.30313158602857,-40.43837164971433,370.5018479466996,11.061331577572274,3.19432013063438
89,155.4914263548615,-40.52270340977737,468.24279006620174,11.160151231431321,7.964951081203809
90,155.9254227610787,-40.71581675515963,692.7106008103132,11.312411409821065,1.5772645927953521
91,157.97188107908252,-41.6043423175821,1735.9550634760076,11.427594629977317,1.1542677709996025
92,155.57945966845736,-40.56489635543814,514.681724518817,12.659458102615414,1.3738093120275425
97,154.6223965971951,-40.13597005402548,16.903815863845686,13.190872015857709,0.09746526009379297
98,156.15412765364798,-40.820195903564816,811.4660360041889,13.037020236300668,5.545623859396118
99,157.01962825397516,-41.198034519356334,1254.3903881750032,12.82533186568936,6.083984140441675
100,157.8118406752181,-41.537755646619786,1655.7154194588393,12.26393865002981,1.0769198121461225
101,155.62465663897578,-40.587023694686955,538.6437957436025,13.677983806345042,3.191476462337366
102,155.6683790117894,-40.60666055052797,561.3166338540565,13.774608699035337,15.89387739520867
103,155.69587114497085,-40.6187940870139,575.5092924117124,13.73096450073944,16.71061623042233
105,156.6539963130308,-41.04147372453798,1068.4483953705346,14.087785005178265,17.090597266866155
106,157.29926162260858,-41.320257066766736,1396.94350194396,13.503247372440352,406.4123484838382
107,157.95393845293057,-41.60119298706239,1728.1101783735164,13.719860971900298,16.354196765622422
110,155.25128859040342,-40.42230234061655,345.61139175337706,14.682095048235304,2.0721816620311886
111,157.59863052378694,-41.45194806881842,1549.4486002965436,15.02394179255021,13.034378607317066
113,155.6391833791495,-40.597300734868725,547.2385120450324,15.61245136972131,2.2514371389985453
114,156.08890552252075,-40.79733258505795,779.5484250480616,16.028591438042977,1.7659811504249687
115,156.76901062637066,-41.09446059085354,1128.0164089836755,15.533012845812262,1.58589973342836
116,157.34540998291922,-41.34581790816185,1421.8968113815085,16.39424366649111,0.268525229848229
118,157.65298592495142,-41.47751145006934,1577.5428672717514,16.18387660770784,45.11602294757813
122,155.59382563811897,-40.579029178957555,524.3084783589604,16.582450944071134,0.02602803704410761
123,155.7322918611873,-40.64123151441971,596.102112569592,16.906126265424096,3.1387067803524835
125,157.44876221231212,-41.392016418779534,1474.7617111370398,17.271775718313258,0.9561033142727035
128,158.25760312769367,-41.73597277643146,1882.324184157622,16.718383732252512,1.7401473011498705
129,155.94427942612413,-40.736893400114795,706.0074998464581,17.776628657555033,0.34239757666723997
130,156.11243072859486,-40.81226828661743,792.9301923634633,18.344784852489045,0.9450513419150047
131,156.5009671581648,-40.98280582519695,992.3812969179627,18.26832241003714,2.337713521043396
132,157.07924670087988,-41.23342847771465,1287.3489716827933,17.697136331351285,1.6665497717039535
133,157.92687232936194,-41.597865723001206,1716.6544800539912,17.90650382986799,5.653183527312112
134,158.54742300137082,-41.85979495257418,2027.882158977234,17.486350238774335,1.4275588540877364
137,157.1573111438279,-41.270866081238545,1328.0528280820572,19.56371606473823,0.818796346038917
140,155.07439564880602,-40.35382046858501,256.7416639797576,20.19988626439361,-0.41306310389328127
142,155.57086068471384,-40.57616903978706,514.5064937519422,20.317245237826633,113.6365773753591
143,155.64857536580928,-40.61006973820708,554.5254634924795,19.96987794443538,1.9039897116739748
144,156.41369336203235,-40.94883986956912,948.8296299506161,20.43684138180517,1.2303080912218998
147,157.4735969267769,-41.40950161626157,1489.176870709143,20.74454929939435,0.8477527618313134
149,158.52827687089604,-41.85646476774234,2019.5434181721264,19.90513897068345,3.1369671240186445
153,156.9088845414356,-41.163732799428864,1201.7091683712242,19.826581850050943,3.785892058377504
154,157.0569983505968,-41.229916189572,1277.6925965272765,20.81501699758375,3.5904537238598397
155,157.30583599134738,-41.337705048992376,1404.2334014358305,20.950913624298327,1.4531337047546766
157,157.9016770023444,-41.59341884313053,1705.6320063186004,21.116833401708046,0.33308095894762224
158,158.36488704795053,-41.78990310676171,1938.3700419788386,21.099287659714815,-0.4741795488273626
159,155.1470400996916,-40.38980934026262,295.49785007651957,21.902021771543495,3.390125855198824
161,156.24314860151858,-40.87851110855287,862.5605406933395,22.75387888646563,6.386017701722927
162,156.38394699835516,-40.94041632085698,934.8549279169046,22.785689648170038,0.34340425106566597
163,156.70569191189503,-41.08119104161364,1099.6008976606472,22.820047942099638,-0.028128476225905582
165,157.59250165117078,-41.46526291115145,1550.6257805260827,23.155595732184405,10.962105802328216
166,157.66570928005945,-41.49623777994253,1587.528954293511,22.958105256253955,1198.6830318882662
167,158.44236789727145,-41.82558691782696,1977.9543085817122,22.625625628907184,2.2928301857841684
169,155.69865483079428,-40.63997407729772,582.5779837040332,23.84690945590094,1.1375449818508034
170,155.7661236697722,-40.67096631906011,617.7297317616019,24.372419744745592,14.417273109346032
175,157.62909635572737,-41.4824669234902,1569.536389026015,23.931666541644482,10.643480618356463
176,157.78150071784344,-41.547941129405594,1646.580156222232,24.07500005666192,7.266212461722903
178,155.25142244146193,-40.44315092015102,351.6152006274172,25.212968914362776,42.47158500862829
179,155.82093369024548,-40.69517516981833,646.0014339288473,24.322064882383028,5713.089028898226
181,157.01681830711505,-41.220915572055254,1259.5292446550798,25.096740755721555,1.0183924235401645
183,158.09336228997165,-41.682463680755184,1804.0921193065785,24.951410020595777,3.125509623336155
186,154.65890686045145,-40.177911308498665,43.354268294343264,26.035248181018748,7.060456827398383
187,154.74934162595738,-40.21914858549204,90.69303774564167,26.196759973408895,3.6314563377149383
188,155.5101261925188,-40.55970737652998,486.0629496476567,25.691773031865086,0.40224880621081993
189,155.61497745148156,-40.60660198342711,540.3914419256837,25.790590839635453,0.33659346099588583
192,156.66507605901134,-41.06969349352858,1080.551190882334,25.982802988458772,3.394587146019125
193,156.75505278942342,-41.10882632012343,1126.5000929780206,25.935849607139243,2.6340345477700775
194,157.29022086973913,-41.339822638275706,1398.7026032630793,25.460770101256763,71.51123778756222
195,157.3211303601898,-41.35286863804705,1414.3116164371604,25.319356900894597,1.3255725849863476
199,158.13977338731905,-41.705278517873985,1828.2378167029156,26.544964431145278,3.787309663794487
201,158.25458264079438,-41.75205654576251,1885.3791165688708,25.591302386620036,8.187946144434985
202,158.50112896045115,-41.85669823692795,2009.014447590076,25.871162672697857,0.6157755483961245
205,157.3442739592711,-41.36634497386597,1426.9983697540697,27.105972466496617,4.563353767511533
208,154.59792281395184,-40.154678084541324,12.743770114633858,28.258503822612177,2239.6782682371177
211,156.03520061520788,-40.796625044311,758.33006373376,27.703562868517437,0.7173139212369416
212,156.54501931909067,-41.02082711963655,1020.1202463779872,27.800983582420102,1.2716227888420533
214,157.58722117607255,-41.47326811233466,1550.7105641296002,28.393127944125773,9.992155027083077
215,157.61686640442434,-41.48468530033448,1565.3532704906113,27.735918275301618,10.240746271358402
218,158.4528589205781,-41.84004537985,1985.8313101275846,27.75676308031296,136.7042876572628
220,156.7437128435329,-41.10992828129229,1122.367736240975,29.009770633343603,3.000476426123369
221,156.85990486553806,-41.16161078490073,1181.9743597226804,29.57908549033342,0.585839879439411
222,155.99922352937318,-40.78467528328724,740.9057992260044,29.703240418637538,0.9323970346425037
224,156.13086976226083,-40.84251364802199,808.5910520917361,29.577181490269428,28.62626196803111
225,156.64837343763634,-41.070257997267774,1074.1738173463011,29.97716314756786,6.625582542405245
226,157.23056464198862,-41.32330492729425,1370.9141154450926,30.157885091523674,1.8729405265305332
227,157.39731887774113,-41.39518219891602,1455.5108709566373,30.165029376943647,146.85351136243366
228,157.85675302359482,-41.59075616341913,1687.380432756145,29.534215331572415,451.85169761569085
231,156.27289186573904,-40.907606811274135,882.2928999778883,30.89211528155905,1.0759116770801331
234,157.97429797588273,-41.64397749688517,1747.4181330692793,31.141085551345196,3.2900248980172297
236,154.83854612635952,-40.27072762416909,140.50568438924415,31.905460881511615,3.4708686379969844
237,155.11502651752065,-40.39547832239685,284.586830656407,32.0500487715088,24.57179837404379
242,156.9171813167413,-41.19091098733564,1212.3832811460225,31.826879946600773,2.823655802376258
243,157.0888417553578,-41.26644989129006,1300.0854659335223,32.399082836580256,2.3118953440706753
244,158.03298563963523,-41.67057561581882,1777.3781064026714,31.978741217457454,2.9145204557202145
245,158.42503996960463,-41.836657562848664,1974.0936431193327,32.02242020675726,0.04374292728870371
246,154.67083151029067,-40.19678711768125,53.48816850743729,32.84986308562669,3.1390561015670206
247,154.87020514540126,-40.286690456617784,157.4999288744753,32.75482470489757,2.6134378605097672
249,158.4729640851162,-41.858662855832506,1998.5431880063586,32.94339767675723,0.48248972271067986
250,155.1439871752642,-40.41211833422183,300.6869962103807,33.892713957232466,0.660269181713326
251,155.20758140961328,-40.440484073293796,333.6907826251469,33.81271497597683,1.9741447158198677
254,155.71434386662526,-40.66839612166153,596.7388852851425,34.72826926262798,2.158075737939339
257,156.89421652475303,-41.187516320357744,1202.4772849472572,35.175392223346634,1.2949754497603188
258,157.25106858769539,-41.340697011863654,1383.6383464008873,34.51083271456341,0.8178742988925852
260,157.92869130718478,-41.63182930657462,1726.3897158621426,34.850657874358134,261.5943821336773
261,155.12171657932078,-40.406527324890554,290.3694381199933,36.12346239996794,21.813240212661103
262,155.65280653110372,-40.64342109529428,565.6063151907995,35.92940792694479,134.2583433482176
264,156.82238702686908,-41.158694653650706,1166.5070360203697,36.39703953694656,0.6855985985909543
265,156.9980749494965,-41.23366994441162,1255.6793175266994,35.72731382412756,5.413679082926054
266,157.2009460204011,-41.32192962716951,1358.966488278257,35.97190736983003,8.180703039767808
271,156.4905248512328,-41.015819773557546,997.4230991085544,37.37612848555358,6.6700052869382525
272,158.1003116029423,-41.70820523178044,1813.6107758896571,36.59275293724942,10.949754212470676
273,158.19449400206972,-41.750109665164004,1861.4205031874067,37.597440849958,53.57704949563079
274,158.50522879023993,-41.87932090499661,2016.5242984091076,36.5570224308849,87.95837687673662
275,155.0470927270062,-40.3773127681927,252.78958663422594,38.30589051173456,11.816745168531984
282,154.6434511063873,-40.19675288187135,42.760783998741296,39.100975697749455,2.760049361684724
283,155.1918107419327,-40.44354348559754,328.3924964211386,38.942672935041045,22.047269057174024
284,155.54120884742397,-40.59928425009681,509.4474678571287,38.7324666208539,1.5215817976300616
287,156.24384762756787,-40.9100359684773,871.6069879941977,38.61261626018601,3.45251559780318
288,156.57964079325083,-41.05776828611627,1043.8538848743744,38.889475823760144,0.8082294682200494
290,157.1596623798377,-41.31048546549259,1339.7295718709604,39.22724545326253,0.6543155449972631
291,157.40943986561598,-41.41766612866148,1466.309368295186,38.96772970075801,1928.325149373303
293,157.55982578057163,-41.481458507476766,1542.208399029121,38.56084278752226,1.5555870894178438
294,157.80737355431907,-41.58751651646559,1667.2385285396815,38.633377392927954,13.095656572192995
295,158.5151013232259,-41.88738785473054,2022.480650858939,38.55653458357843,4.36158168984665
296,156.47766671553268,-41.01465132387345,992.071788805826,39.64331108748376,0.7220441089376423
299,158.2323220741366,-41.77069522251106,1881.601197027783,39.930131445001635,5.258572224203612
305,155.97627404068214,-40.798096017374995,735.686277133904,41.662800191306175,1.5591956536499827
307,156.7058710047908,-41.11719090467692,1109.5667500118257,41.093191810231176,2.918155853353014
312,155.5512086035911,-40.60918984331191,516.1665393695632,41.49590897324032,0.8600738413945541
313,155.66833658845255,-40.66156148939194,576.8073779815926,41.62787657271997,3.2094020278431667
314,155.3012625891634,-40.50029237345521,387.4221715570566,42.855287523002154,3.9733366215902177
315,157.20650580724413,-41.337783671381445,1365.4375684249662,42.825097958809,9.63451497578186
316,157.4419721653215,-41.43884712019953,1484.7235059133236,42.63424601491063,2.476131930483592
317,157.6337792758151,-41.52298853152841,1582.2229197298798,43.5772973163865,2.5333006379043934
319,158.50094097502824,-41.8898915240937,2017.614145575635,42.88558437218503,2.1957144819038783
320,155.5576754122016,-40.61744994060003,521.0362196829956,44.22325028440775,1.2855293896235869
323,157.9158856441339,-41.64325957341926,1724.4288648175032,43.46964961320933,1.2862152303828107
324,158.37743143965156,-41.839942017487125,1956.388321884092,43.970613893477065,0.8773353497333622
325,154.638413926659,-40.206039748936,43.479572410194635,44.94951251927161,288.30632836675676
326,155.06395139244162,-40.39830251114109,265.40633565480675,45.09510635971767,0.5904862663907509
327,155.21992586178007,-40.46705891913307,346.1133112945424,44.46938217982225,387.6396941308839
328,155.70081081614993,-40.68255115396254,595.4374694276689,44.95558998237275,32.772325588434235
330,155.93523201701402,-40.786990596771794,716.5189244806953,45.23444711375752,152.04941987722486
331,156.16323485890373,-40.88663460513479,833.56014612079,44.74315069678744,3.647207172099999
333,154.89388225646024,-40.323117903299526,177.25770453680136,45.78345021526693,16.277271866370526
337,157.03010018119883,-41.26775112618647,1277.4837701371086,46.01288871561683,5.263960331704072
340,155.02127714249136,-40.38294744189822,244.3037931870354,47.03330744943594,0.6354305290601946
341,156.13572475232988,-40.87816638741555,820.4395896178172,46.59589495016867,3.518646517789485
342,157.3284837374962,-41.39855855027638,1429.5322779686178,46.98847274544836,228.68248610650195
344,155.1108471056995,-40.4256351436106,291.5872068145681,48.2681312986873,2.055296077133115
345,156.80798699563968,-41.173994003711165,1165.07097124132,47.36879299314551,2.8360138868247753
347,154.986408015499,-40.371123065049524,227.26567609758138,48.987767726159376,2.5845884488068087
348,155.76644835142244,-40.71881085352102,631.3358337658789,48.56970966352009,0.8580007421888234
349,155.98409222020047,-40.81593389082918,743.7414893074874,48.963293649990355,1.7353962531370308
351,157.34611936523163,-41.40997716318378,1439.503885452833,48.936916922700775,3.6843750355959584
355,155.17646635217145,-40.458832776052894,326.75880254577976,50.16885797900732,1.6945858665865998
356,155.37846940980634,-40.54900441671466,431.4999072304414,50.045322283048236,0.9341181512423266
357,155.39511546595597,-40.557183158358576,440.33781210360183,50.421790704515786,3.2822033874788756
358,155.79385207409874,-40.73409437553591,646.357874103206,50.15790003688445,2.492796476695059
360,155.99750726598208,-40.824112220901554,751.2781965400288,50.10658440205372,1.6072467234607895
361,156.1418903392021,-40.88719350268004,825.3690779482262,49.80056272348995,12.795150114367727
362,157.62130348722243,-41.529709938942524,1579.1533507875686,49.73032151344505,2.5587717959855025
363,157.97999310345924,-41.68416129474444,1760.30074395384,50.4201774629218,0.11566869305285077
365,155.14698884243478,-40.44747537151938,311.9784399440728,51.11292929232492,0.12508896459078578
367,156.22294284610606,-40.92607404681233,867.8954677991679,51.42850067411852,4.314067995324692
369,157.205020977699,-41.35234433753094,1368.8049639151982,50.56858378389354,5.374310600242473
371,157.74721356129984,-41.58588620039028,1643.322108496309,50.91040686866593,71.39257479476193
372,157.98845644650305,-41.68852221555183,1764.7587938111337,50.808867241002744,0.6884170871467457
373,158.52242859391683,-41.91538961482976,2032.648056754751,51.29814796698112,3.732127244449775
374,154.6501460039435,-40.224919682140104,53.538149768298226,51.80857517986282,0.5790972445011828
376,157.26932154242098,-41.38276310982303,1402.1562476365941,51.9314606824407,0.8343997578890204
377,157.89110737082922,-41.6493436106958,1716.3777018504302,51.962769373205305,0.3918088652465858
378,154.86945437148302,-40.3270159781765,168.82266488854702,53.32729375556709,4.26509919736047
379,157.48948808001566,-41.47901220789883,1514.0869859120273,52.70320413794368,0.6685300617146136
381,155.21781476134956,-40.48506648263276,350.43019718234024,54.067638032912235,-0.631115840422011
382,157.82886755362486,-41.62606409498859,1685.8989971645133,53.62385167142677,1.6088951185097784
383,158.4199428063549,-41.8778581925293,1982.8948651812882,54.183770471141706,1.0821456351401413
384,154.9136069632895,-40.349658748489794,192.6136220709405,54.71396708471974,1.0499794682894088
386,157.11304001697027,-41.32130346851564,1324.4547132056584,55.00140723697425,125.36268380696968
391,155.54779849079392,-40.63654059401,522.5793547681785,56.13001428168612,278.8996707987682
392,156.3407012552957,-40.98612925097042,930.6220423484817,55.656195263413075,19.05035667972219
394,156.48582775059953,-41.05030521800923,1005.119687753393,55.95044306857451,0.607177198939515
401,157.94321045185995,-41.681413100434796,1745.2233612194618,57.006529842272265,-0.013733150956193978
402,154.77104933684254,-40.292504129500735,120.37616847350984,58.33510784949226,0.935970696399902
403,156.2317514631923,-40.94295362652619,876.0369406970763,58.0341408692336,0.6720225356548951
404,155.26924952563954,-40.518214286374445,380.00840478490784,59.189285661648334,0.6549196374566644
409,158.46012739292448,-41.90427834027542,2005.467691331288,59.03065935149206,32.22996036022684
412,155.80041347531466,-40.75630697829175,655.17522731534,59.94987371220428,5.0324671927666955
413,156.09839501798612,-40.88740564763154,808.422793092703,59.63926407331555,3.8876588409740527
414,156.5475612538766,-41.08451135465661,1038.6919531238711,59.613688176369656,5.412024092466413
415,158.09940615011453,-41.753714736652306,1825.2863045394047,60.031228887568126,0.5630780618400885
416,158.36926778420747,-41.867493880342785,1960.4299380385837,59.81379950888787,26.358021424885486
417,154.6639295791271,-40.249962883493886,66.18023376494499,61.314715737380574,16.112780179086847
423,157.04371075066751,-41.30234791149237,1292.2223894904587,60.62522584383412,14.74437316675517
426,158.0766922284487,-41.74581311392731,1814.3412731394335,60.91882906339588,147.46042792475262
427,156.17000600449148,-40.922815976218374,846.293591532805,61.60254642870199,1.7296889741526602
428,157.2000239106114,-41.371913880685376,1372.1586148441681,61.63497108589783,913.2976423807097
430,157.95224870571377,-41.69442051900578,1752.2009371761321,61.68271712194126,1.7650747082291576
431,158.51527217931147,-41.93319152624176,2034.5067779443211,61.94043649053071,5.030495859834536
433,154.93041742327975,-40.373683802502164,206.09973430989987,63.03775926890742,3.2032839393030765
434,156.2973237269338,-40.98178370801851,912.461567102085,63.12192142536224,1.9772856758081887
435,157.2650708165344,-41.40336784602586,1406.0720630042135,63.36185862269817,2.05605663301308
437,157.7630140421313,-41.616182119072484,1657.5732017678952,62.92295292796819,3.8075254160097574
439,155.38284520137518,-40.57777303793979,441.39365626271405,63.629883456949614,3.1550585261382977
440,155.5909726811065,-40.67147084261138,549.349572486832,64.09427416746588,2.2836512114727365
441,156.18289399831104,-40.93379397810583,854.3899598652181,64.29669973922445,1.0642202763519368
442,156.88967600816045,-41.24205141556403,1215.6148434435688,63.932016678393914,33.63607392706218
444,157.90481029156695,-41.67907238215107,1729.6250230988549,64.15636295322037,1.0709580235868503
449,157.38861019099485,-41.460168673130774,1469.636169696582,65.19527322590262,1.9906245143512
450,158.19638919717272,-41.80422238817725,1876.4217663932484,64.83051514990012,0.7672551171049004
452,156.2418199507671,-40.96352030949382,885.6941515272197,66.23143290666202,2.2771677690888907
454,157.5538072354626,-41.53262273040049,1553.5931202605434,65.9646385085246,3.0107001370602537
455,158.36745143627607,-41.88006932472722,1963.0191839854403,66.63236669387838,1.067307273988414
456,154.58956738953265,-40.228159468192864,30.78242886983625,67.31619926276143,251.11365916602276
457,154.80791011001125,-40.32655483420752,144.61826066319807,67.13793609876294,1.053751287030272
458,155.4567098774578,-40.61774154455356,481.6303450589353,67.17649873454802,9.727568992614442
459,156.73307579347508,-41.18003960183378,1137.4616204282663,67.03088218047631,13.696131492361808
460,156.80587054236278,-41.21203496379546,1174.6686565598757,67.1903493385494,3.7237807406175762
461,157.4434955288083,-41.48662408147328,1498.1837744948295,66.65270373619153,3.1263837239888677
463,154.53672736102965,-40.20542733662865,3.524801914701847,67.93490996711058,0.40015321928933156
464,155.62977389144157,-40.69620469430692,571.5126334149164,67.88434966040074,0.5663364264310448
469,157.06683903666362,-41.328421962095774,1308.3493890419918,68.80229832573623,2.8215494908106957
470,157.845947861772,-41.66325619037642,1702.4641872959112,68.88497641580553,0.5637020282076997
471,157.9708377403299,-41.71693186073381,1765.4214254842443,69.13680170196977,1.267056754047264
474,155.43511580875642,-40.61275812384392,471.77305469001516,69.53241839891811,2.361732526854437
476,156.93533375180237,-41.27420873477585,1242.23019655401,70.21132673688878,107.4200492221228
479,158.2832567363073,-41.849814587632345,1922.2725080108498,69.34519290371549,5.785248794257088
481,154.83042811562885,-40.34474419620391,158.66789437536127,71.19797147886403,2.549058778420753
482,154.97029573368505,-40.40749047525274,231.41054876850964,71.05890570846253,10.983641088755288
483,155.10697732928756,-40.46866452656702,302.3945429910892,70.92932510298392,6.504841487212216
484,157.8714686787132,-41.67667159748746,1715.9851286832231,70.17974766811183,0.47924711300295914
486,156.41826790673488,-41.052585711602426,979.3521688107995,72.14226376638298,5.828776318843876
487,156.8138101286988,-41.22385930690439,1181.0087192862086,71.44902271598642,769.1688572030115
490,158.123072971463,-41.786710271933174,1843.2276470554648,71.7542709202593,0.46019061128850464
491,155.0063278738542,-40.42794329014298,251.37092186403373,73.20621097698563,0.3075133701488094
493,155.44518749504604,-40.62426467439301,478.97754450513924,73.08572769012628,0.2507649521912322
495,155.91719372089216,-40.833594416420894,722.5383582879518,72.93008788628354,0.7501264281528612
496,157.81951877696974,-41.659404288122495,1691.1327940398994,72.67018178790738,1.4825255069912024
498,155.38162014861888,-40.59769102335181,446.57870644318933,73.9971115084015,221.84742103598543
499,155.99565535611018,-40.870420510065046,763.5191463822963,74.02409354046205,638.28328003008
502,157.94230256335723,-41.714478697833755,1753.6461830920946,74.08076575438123,0.272502291508664
503,155.4886330453153,-40.64708030084639,502.4336253713909,74.8304432628648,10.197952651804036
504,155.50572564396893,-40.65593146173749,511.6240578473398,75.45574237359168,1.992466299757186
505,156.01591360686697,-40.881340622138744,774.4912273506078,75.02733961473331,1.8105670059083085
507,156.59937428123396,-41.13738761432592,1073.512065194977,74.98783724072533,0.9645145133303258
509,157.83209518684916,-41.668438849206005,1698.4423091188742,74.54308296985333,1.2621555610052955
510,157.99646964163423,-41.73933564723598,1781.3525035466578,75.00960916640089,11.096899282214586
511,155.0898389477803,-40.470949293832085,296.3486980502129,75.97996319319765,14.305054642039439
513,156.19027697166243,-40.9595337318433,864.4448700241348,75.71717079022409,2.3252679877502636
514,156.2328408910256,-40.97860836413517,886.3829960610996,75.89829128224704,0.6628856082062081
515,156.29096130100822,-41.003938396150566,916.1295138629686,75.79419264389453,5.844233738738525
521,154.5572427302126,-40.23258541349782,19.427868624819435,76.95723903898671,2.0097663510246075
522,155.20820907736578,-40.52558323804197,358.244874681249,76.76205679333172,0.9119762156669339
523,155.24904875795067,-40.54408406616506,379.48927195087606,76.8689535116776,0.27085473900476936
525,156.7109658228046,-41.18994564290588,1131.5472881419578,76.96658364897095,3.091889246097868
526,157.23787568662732,-41.41843737222944,1399.5366304846373,77.01121437411953,11.729896435539972
528,157.6090987420098,-41.577640415983126,1587.2339104775924,76.83691107445972,8.280501207124699
529,157.98142142044654,-41.736417215485126,1774.7136525993137,76.78543464827982,2.2591222852337487
530,158.3213978065251,-41.880161169625715,1945.102050533975,76.61541228004965,0.039491758496191846
531,154.6170449079189,-40.26155632277681,51.20509494876391,77.90391721068828,0.9442630187219276
532,154.66244820291908,-40.28321777979824,75.22594177212977,78.46401389484927,1.0505835827533168
533,155.09978602068318,-40.47922242417568,302.60625675585146,77.90700159403086,2.7551929991309363
535,155.58412231419558,-40.69509172322723,553.3538712912681,77.61209987898027,1.673658024139152
536,156.56156701717578,-41.12695386780191,1055.871255068563,78.0772604531531,0.31811409331155993
537,156.62824183318799,-41.15508200668186,1089.6582987225652,77.57814781911662,0.9931615718729915
543,154.79767116676237,-40.344912904969576,145.91046652292104,78.75872107776428,-0.48522782355059835
544,154.96567864014452,-40.42217392969216,233.82383673375762,79.53898879882173,0.28063064983921926
545,155.80814971535708,-40.79726110242537,669.7209479355887,78.98322833059518,2.5139355533890897
549,158.32869086354376,-41.88846569868124,1950.1222045518564,79.28471592602466,-0.17712467295400336
550,154.6884477993076,-40.29740592144548,89.49389177950485,79.6904970594798,5.167650098928772
551,156.88308951224073,-41.26975308272129,1220.6163243941155,79.48212665912685,5.899910370921715
553,157.82984144393058,-41.67834827654286,1700.2019428757865,80.08917900485461,-0.0236472494596819
554,155.44596599976924,-40.63963752995621,483.64597530528164,80.69835786231337,52.82854814032978
555,156.2395530811939,-40.991481875469084,892.5859194421954,80.93745499226893,0.8244898184268785
557,158.20411186219977,-41.838986773387795,1888.5889615158624,80.91694558197119,1.7513621086402706
559,154.59275524000998,-40.25921834480427,41.03315357739061,82.28262609483065,3.1398679068247395
562,155.99646291883735,-40.88650648743698,768.3373727648615,82.00614170944782,0.4183682090779764
563,156.68254121292512,-41.186260521240634,1119.4364127789368,81.39098581661928,95.1864792296555
564,157.7833313378208,-41.66096438408527,1677.439714408099,81.34289010208184,1.792664786010031
566,155.98021578881145,-40.881567297077034,760.607558439444,83.14017666422212,2.0877420891539553
567,156.00775451350069,-40.892846062145324,774.5226699749962,82.69371268472909,2.3267718421067607
568,156.22533724840144,-40.98945302090022,886.4689901047152,83.0802346443376,2.6034767236589285
572,158.0711889038214,-41.78664805634492,1822.9931971996002,82.96110199986099,0.5517273294064747
574,154.92719001197713,-40.413660130934154,216.33356492724351,83.99646320684435,85.54799383551854
576,155.5641190602222,-40.69891210523212,546.6179889459536,84.0595330293741,92.84065542914942
578,155.8279514972858,-40.81494448039233,682.430355177305,83.50316585506721,0.19662876362857817
580,155.95827358069312,-40.87296293718135,749.6257873764175,83.69209097315432,1.6152727685623935
581,156.9098627491639,-41.29061885997948,1236.7685419111094,84.18520515975955,5.823704563753002
582,157.42993179374633,-41.514865012541,1500.4958315142674,84.01484338471823,7.511811572070803
583,157.50687576749223,-41.54703784251888,1539.1571413418135,83.57409730388312,7.174160616237917
584,158.36882392886207,-41.915917303764544,1972.9503476152956,84.65505463444146,0.09495017612867333
586,154.65403378880495,-40.29170607496343,74.3938072761296,84.67899071312574,18.28090619254338
588,155.70000493043244,-40.76137479185386,617.3585438075534,85.1060519662771,49.09923388625071
591,156.56108661029214,-41.14096838985859,1059.548281939564,85.30733422176846,0.44816725308428507
592,156.78783999955743,-41.24041892273743,1175.4069585108718,85.61711227944076,-0.03140975892326245
594,156.02533191874403,-40.9058535926603,785.0277266236168,85.35807569739268,463.3332061549876
595,156.35490259446044,-41.05216767362853,954.4876011518279,86.03968024425076,23.019009766550624
597,157.6424815348043,-41.609518239955435,1608.7873740681696,85.80407470405106,0.14521914657148513
599,154.71404903947544,-40.323261954518195,106.9754997018828,86.90942300707952,0.545626743229614
600,154.97763054923604,-40.442463842822534,244.3228281187937,87.0834209682122,1.0777818587367813
601,155.12865040783365,-40.50937395686385,322.5174725486179,86.6117161336085,29.045520204809456
602,157.24816527279768,-41.44265736836215,1410.1067759466773,87.08658961444097,0.6343023978188161
603,157.52925072264932,-41.56181010073915,1551.8499392236984,86.21146919991017,0.6783606547385195
604,157.8631050605542,-41.706283510764294,1720.6003051704886,87.10760494080169,-0.39160167678049085
605,158.12118895976312,-41.81690513415068,1850.4649977142385,87.58043272468586,9.363325949396433
606,158.20376784482707,-41.85071321288759,1891.5431257774478,86.98038184758205,565.5226780439152
608,156.37271089754634,-41.06332813290158,964.5350095141112,87.74266167156145,3.7212136233591444
610,157.1188917941259,-41.38786593734873,1344.8221153545808,87.60375802596566,4.070881931823625
611,158.1714332424239,-41.83899597272556,1875.8624402904475,87.98850309193475,1.162980731828719
614,155.68043694673307,-40.76029819104267,609.4100769966622,88.96473770034859,6.5363502330564405
615,156.56531990059253,-41.151744043898056,1064.172012588602,89.84440809033953,1.631835642160589
616,156.66894113945042,-41.1955938562649,1116.6929378832674,89.15057359951301,7.708519220109055
618,157.39549887405516,-41.5089637259812,1485.4774282452559,88.54901113784622,1.470312829844067
619,157.7355523034713,-41.655414622040446,1657.3349635929012,88.91747623088834,1.6042836638821023
625,158.39949435548445,-41.94011163431128,1991.2289225041927,90.40748721018535,-0.40116006843148594
626,155.1829521855896,-40.54275506745119,353.27948378217457,91.18431555239451,27.09224415842864
627,155.75182039168558,-40.796644659966724,647.5407129487543,91.33233781665511,1.7713130505529608
628,156.94156587079848,-41.317661413493155,1256.5236246769966,90.9468248077139,0.2745713054614986
629,157.31221519015313,-41.477906460288565,1444.6186048849313,90.98319992844468,1.0618733185145641
630,158.41071201453312,-41.94629187004067,1997.213453039374,91.14882959568635,3.176919761690783
632,154.84934552680195,-40.39453758128032,180.41032399902227,92.06475625904537,4.650775758588864
633,155.05552675329142,-40.488416447235565,287.94371951252066,92.61724764731348,570.6740292249377
636,157.33721628854875,-41.49017472066296,1457.6812090613168,91.74981470426427,0.9907025556515507
639,158.3188003051997,-41.90965746118164,1951.8319173938426,92.24566912127895,0.4950812668993648
640,158.44395867735506,-41.962009328814574,2014.2661625286228,92.02094362929424,3.24169147029742
641,155.19040379167657,-40.55110356353018,358.5757742856218,93.7200996818258,3.141655294775616
642,155.91696916210265,-40.87334753008528,733.6001779562473,93.1481236998649,0.8228060137768435
643,157.1131629277474,-41.395432799884034,1344.6423457010685,92.71650547317782,2.7209621863863194
646,157.87399421440892,-41.722824625356,1729.2416257685138,93.1800142884346,4.596718380363817
649,158.3830966035785,-41.938420804953886,1984.4029545509716,93.07707601161938,4.396825717633123
651,155.67028172660437,-40.766468247540615,607.1843340394182,94.37863905391893,0.8335372319495457
653,157.6331443232236,-41.620827143848544,1608.174440012706,93.60735590419507,0.702162389198442
654,158.20245757616667,-41.86355540682811,1894.414568721972,93.82220152820277,4.138671820032782
655,154.59371871896275,-40.28476838209184,48.8155748498039,94.97319093640968,0.4163291352068329
656,156.18347158190528,-40.994248288102405,871.454821792127,94.86227954515385,5.576792708009334
657,156.60738827023482,-41.1795427806888,1088.2518327075288,94.63873799363884,0.005465604367381227
660,158.24789519799575,-41.884247324751165,1917.5512088355354,94.57212353623505,3.7681975153806686
661,155.1664435086016,-40.54522362363645,347.53526637145137,96.17902719499214,756.2015059584959
662,155.74022453439974,-40.800600886566954,644.1259453294707,95.94569971648603,0.3524840186961975
663,156.35229831644875,-41.069258563148225,958.2093096162181,95.30095337194884,4.645282807083181
664,156.37638099063997,-41.08071654736983,970.7861222429302,95.75828729018127,5.421950401882694
665,156.98904649293274,-41.34817235563364,1283.3683426994883,95.99967029158879,72.60794535830046
667,154.5355650261144,-40.26303214444869,19.791672145566725,97.30688640857807,75.98276710971318
669,155.90345767469185,-40.8747955461208,728.729788859502,96.9129698602964,0.89437595348811
670,156.0358027381261,-40.9329727230587,796.6999070609818,96.77585360474714,5.8405148836610286
673,157.70327436352724,-41.65747765742472,1645.3063121028556,97.00249238811878,0.3708206387990333
674,157.772389141996,-41.68612228991108,1679.8820047936524,96.55736001975578,11.238254908081947
675,157.89388587317077,-41.73986818520989,1741.5205432894686,97.5535372276327,19.18977466155821
676,155.1926216752964,-40.56067697939893,362.17667319968575,98.0630953705574,0.7169965725772749
678,156.4268835776151,-41.106518222407146,997.6432843624564,97.62650299113788,0.5296616641362449
681,155.24077053219617,-40.58387376756844,387.6057948946849,98.89080251266034,1.55250161407855
682,155.59879570101663,-40.74377967505818,572.8555519111284,98.98024626002078,4.351982051744572
685,156.95221127252776,-41.33864834138762,1266.4027569785608,99.27658747411012,0.5295623363507507
686,157.13982020622626,-41.41872723427327,1361.363754706993,98.71102399149609,1.0349236337670389
688,158.03130372371706,-41.80161246843553,1811.4147377540367,99.24361881740943,2.9944060374444077
691,155.65611756232857,-40.77186835708159,603.1766845007501,100.30473032997303,0.29157000245755044
693,156.9745835318636,-41.35066712352273,1278.4067417233703,100.45795928712486,321.7400078739681
698,158.09364703295387,-41.8306787426183,1843.3756655431673,100.57525361143831,5.883726338948461
699,154.67862390969105,-40.33682964823512,97.05749951693763,101.8630217898861,1.8709326778723339
700,154.7309984464362,-40.36097525544257,124.4945556823925,102.10154366617444,88.63085302687618
701,155.08533036136782,-40.520145761855424,308.6764242194825,101.90083859162866,5.809602308097999
704,158.28437999301212,-41.91569562118987,1940.0185572147939,102.75755291152939,0.09202523054726076
705,154.84649563533281,-40.41540967170047,185.30924099910598,103.2689504584887,0.6764740242645351
707,155.55986179113827,-40.73562873705247,555.3456226287052,103.62582437872587,0.7946796353227864
708,157.16428593996824,-41.4396206221266,1376.5719196658406,103.96852084768338,3.804891158300514
709,157.67657895078216,-41.660203760102746,1635.6330518493635,104.21096508285657,0.4343662733988619
710,154.7006751215766,-40.353496931847815,110.48969743531053,105.24799183341028,1.0575927146252022
711,154.79640280309735,-40.396860132542,160.3978370725884,105.31363864501584,490.94554850146716
712,155.1733035035142,-40.56552474363915,356.0162185218525,104.89812869200766,10.726205433451286
714,155.4919783221186,-40.70906868653914,521.3155753652024,105.48221167398714,3.5760556688723706
715,155.1992826381301,-40.58078190453064,370.5197959162287,106.72934845528358,3.1610936756602377
716,155.74541358593285,-40.82254714119556,652.3337486895215,105.90564662365833,5.669471165244636
717,156.6349271837438,-41.21335761700923,1108.30506875725,105.72027125142635,339.50069418826837
718,157.06071862612566,-41.39930604296716,1325.2415686099114,106.2311992902825,3.8205862850642456
721,158.47152198908304,-42.00156349696439,2035.3280081416622,106.30310714665055,3.90950994471739
723,154.77929646112872,-40.392761611768016,152.5346776404246,107.14451999664193,80.76756752866659
724,155.36703193263577,-40.65622707986686,457.5238731370605,106.94434227667504,14.118883576769791
725,156.207803083021,-41.028397141279484,890.4590559423215,106.7666866652667,6.326238405223557
726,156.28640714669064,-41.06207537946502,930.4976463392059,106.334194507761,40.41637384052227
727,158.25355426963026,-41.912035915432135,1927.0599706321307,107.54266346330701,4.045480613065237
728,155.42933736729242,-40.68632872827672,490.4051300041467,108.10754411522393,88.67140037731504
730,156.0344614255073,-40.95435472265326,802.1534077944742,107.92579607432398,-0.04513036015116002
731,156.8084518408131,-41.29379098474431,1198.0699826941147,108.20307375791711,0.6920614166353063
732,157.86675947759568,-41.74860496326805,1733.2767942828696,107.90451713445482,1.3847770734006108
733,158.07387239531687,-41.83638710750907,1837.1847698306512,107.77112606939791,-0.6460898189667689
735,155.13835418809913,-40.55843664367947,340.3418418242292,109.23965279383972,-0.27347003290492455
736,156.39311749049998,-41.11389600760721,986.5080168004574,108.8865318724187,0.8507044014224706
737,156.8801326785565,-41.325937862462,1234.8196643199249,108.71728039980265,2.5431395676148574
738,157.04249117957764,-41.39686792478661,1317.4712306073934,109.00393382958175,2.3899563234413796
741,158.27098859118246,-41.922145265889085,1936.5012000856766,108.94207806327756,0.3376368040245153
742,158.2938839852397,-41.93148555089761,1947.8635068697727,108.77176271613783,0.5651585044694735
743,158.38992687378797,-41.971779156990415,1995.796337014591,108.64951279830558,97.119861074816
744,154.74803883810586,-40.383095345601895,137.53786849715726,109.39206709344779,1061.1766364279833
747,155.8578510787831,-40.880799148761234,712.608985219924,110.18938384622783,448.3847484716072
748,156.74409973920731,-41.26910443649807,1166.2053489236164,109.88201536862168,0.4032191266813374
750,158.44573632459887,-41.99794021437879,2024.3506113403964,109.99996794841964,430.6973496189317
751,154.67347483638193,-40.352752438462716,99.65182561527665,111.08692131950122,1.4444717849431463
752,154.6866055552519,-40.35851651777633,106.44622645824325,110.99944557357688,0.43378934947544345
753,154.93136029217135,-40.46831108652141,233.6738485511398,110.68912129640539,8.63065290362256
755,156.0600629706113,-40.97157897728464,816.9585632825725,110.93785131374452,1.2467619696427457
756,157.27855511503108,-41.50287394438079,1438.2416773775708,111.08289476890633,-0.10888606011436885
757,157.38195312452913,-41.54554469078992,1490.055349988213,110.15224645237748,0.7311774958231886
759,157.67490574625245,-41.67286859555351,1638.3663956071548,111.03283823427572,2.405144530893227
761,158.19533861570181,-41.89495890358562,1899.9120136945673,111.39708790847331,8.379175421512391
762,155.59186803546558,-40.76700724177432,576.7173077213532,112.31201710481288,4.326285281102532
764,156.24975023901243,-41.05652031982992,914.6496777398754,111.68641605065815,3.5264665489583447
765,156.4663574535126,-41.15166567203314,1025.5307939408447,111.7858887159231,3.07084569492996
770,155.40884414580404,-40.68675980021969,482.5262851202347,112.95586394516519,5.965042781589557
771,155.5342049529684,-40.74208005829186,547.1542158806278,112.6799321633093,0.6281050534614369
772,156.27957387598858,-41.07189741707093,930.5587518804554,112.84460917408883,10.43817102433486
773,156.5194634500357,-41.1771559580092,1053.286720523155,112.93942180022505,0.3351439591535679
774,156.56702703212724,-41.19780561632167,1077.534794673854,112.8748828763828,-0.17450205975682256
775,156.91681733615656,-41.3499909609559,1255.6946143871132,112.855521876895,2.93011551289115
776,157.2632637240479,-41.49967121865818,1431.4161431995387,112.80682147695445,-0.10347055821289768
777,157.74503237734243,-41.705982181997314,1674.521252932993,112.64098772065081,5.393242883940513
778,158.12161702100553,-41.86615032060483,1863.6280471125165,112.62969900308572,15.781521735654515
779,155.82256401698305,-40.87142069864175,696.2008579354275,113.35360489117625,126.33641677757282
781,157.17252019392768,-41.462819275820074,1386.071590620482,113.9689867463937,-0.736644312899609
782,158.45610060095063,-42.01033379689551,2031.6204916666102,114.10278153788215,2.509496762202825
783,154.65358107719942,-40.35280588731119,91.8994025768579,115.66075083937704,427.5759155853163
784,155.01076215139318,-40.51233987638284,277.31955249658495,114.89617885789873,9.485036314564093
785,156.384675125851,-41.12240033788867,985.569175017593,115.08454150812389,1.7727753532504171
786,157.18398272682663,-41.47005171868051,1392.4993894533814,115.13243072640816,-0.37222960688598794
789,158.06872570123102,-41.84762593822971,1838.1512340750623,114.62223979911117,0.03404911480889874
792,154.56332349554725,-40.31461570364762,45.597424117738946,117.01026925557518,4.263845292525316
795,155.51967947199947,-40.74508045890387,542.3337241909585,117.47591005726409,3.4045866988418463
796,155.91156254146424,-40.9170189357536,743.7353979147118,116.51205304652127,0.15217880150129878
797,156.0961232007927,-40.99903651582697,838.6961625190237,116.80796715005123,0.8765302857987032
798,156.20801345115123,-41.04904662357912,896.2866962642344,117.20233937043444,24.767797440507124
799,156.58815567917526,-41.214594358457745,1090.4012407955552,116.71957293501674,2.53503139725164
801,156.97074626778402,-41.38188447176986,1285.4199874648941,117.18718443995199,3.6651561736761336
802,158.02800559204027,-41.83399912047638,1818.6995987220953,116.48779811390384,4.222629957991881
804,155.6217729693546,-40.79155545205156,595.3276462591931,118.0154809430523,31.187147726451983
805,155.7841110876424,-40.86378964478817,679.0475313289887,118.11929791207092,3.821160444310325
807,157.3163247687065,-41.531854144214975,1460.7887586523452,117.55882446025363,1.2237116963839958
808,157.51309371085756,-41.61661144585705,1560.266532315107,117.67156526732782,3.339961795346237
809,158.2896231227477,-41.94918547369672,1950.8526572605115,118.73124312788775,0.1724118762633542
810,158.43561571969258,-42.00955749204163,2023.4508559078972,118.11414347916906,0.6837746381594566
812,156.13483488957064,-41.020114243267315,859.6788242680457,118.85447208223796,0.6491933020480836
814,156.59519077081612,-41.22353177964895,1095.606132712905,119.70132491433556,0.8909639137758403
815,156.70189325607132,-41.27091658503073,1150.2431577260413,120.14447433127279,1.4227043950753042
816,157.3366897655913,-41.5468144242538,1472.7609320106203,120.71456954227803,0.1845831462887696
817,155.2361499462208,-40.625950003314586,397.80392756501624,121.23701488623617,0.6720311755019569
818,155.71395902440665,-40.8370906461469,644.1530221170685,120.35000039466729,283.11890830519343
819,156.5541778728352,-41.20765967488505,1075.2393722841173,120.73327692940825,1.921611576014915
820,157.2977698789043,-41.53105259976433,1453.3428349591588,121.21845752100168,10.242441727243255
821,154.9108204759461,-40.48055779243814,229.17528773773776,121.55818837933055,-0.052168877592606355
822,155.03749630365832,-40.53963960819699,295.58411879363393,122.63000987403919,1.9287046915942971
823,155.46407971712952,-40.728066066032554,515.8106336643,121.40232415841774,0.49551365410047465
825,156.25117380324852,-41.07706830820279,920.9155937690122,121.8009876538602,2.7335283265997368
826,156.38257825251318,-41.13568234890044,988.42937524546,122.29676759812826,1.9937296203867774
827,156.46547224355103,-41.17220701336682,1030.861581483595,122.41777843903671,0.05919260070783222
828,156.68921798458007,-41.26838972015094,1144.607024549782,121.66616150080917,38.35004561380333
829,157.633666103924,-41.676822747652736,1623.3626639960942,122.0392688486575,-0.13578388407220376
832,155.202738465211,-40.61439741294106,381.4662962236066,122.95998815458908,3.9091713225074276
833,155.85555307334678,-40.90533802297496,718.6023309865701,123.14873469937874,80.6749747778956
834,155.95670700136318,-40.950293890365195,770.6747262817398,123.27346525893506,3.653355293017147
839,154.89259343953674,-40.47763765983741,221.22072415731688,124.23152426559997,-0.4431312588572808
841,155.5174845849491,-40.7560334570837,544.5791176326015,123.51956553426875,4.5003105076460415
842,156.1147173651019,-41.02016977916063,851.8459478360472,123.37694584808163,0.6219320523197522
843,156.48438209810794,-41.18382231992705,1041.4444495436298,124.117352682985,1.079211402008305
844,157.8076451477896,-41.75437700676911,1711.7960917112266,123.69781373964416,0.29417089231444327
853,156.7238699251071,-41.291682799168974,1164.5110755640671,125.83718603056276,11.258081477980474
854,156.85094393353776,-41.347539666164074,1229.3445529461885,126.149041878775,4.150283204502184
857,157.92990803044358,-41.81120713252627,1774.4839266287206,126.12878286038726,0.009932521616400694
861,155.4696458566245,-40.74095351135214,521.6373726560987,126.67349067303931,2.896053411929584
862,156.09451917443192,-41.0180582267209,843.3779986320426,126.8188300588237,2.0838652149057593
864,156.5564214717047,-41.22038576143982,1079.622012534592,126.70181328487259,30.616617102611723
865,156.934959339663,-41.385763202829146,1272.5287392417251,127.05046766543956,9.873814804105026
867,158.43648442912837,-42.02697842384092,2028.3421082509644,126.82811376069573,3.006200248600064
869,154.690721701157,-40.39421739914015,118.37424631516,128.10068720600935,145.91195438087104
870,155.967964809001,-40.9657474622105,779.3933040822657,128.59071573582293,3.2472312488246846
871,157.73360880506394,-41.73058039837509,1676.6349349109341,127.67032496121364,-0.004737314970253317
872,158.0384861976071,-41.86032397345903,1829.74061039737,127.65167039488047,1.8416844179178011
873,158.19387496372119,-41.925727479250924,1907.4426989507558,127.42318472080125,4.1079163377558325
874,154.56690128618635,-40.339409903848235,54.18313732996707,128.71639924324546,-0.464895360247481
877,157.52362690656244,-41.643424669686645,1571.565807680124,129.0332169239237,17.636017932987443
880,158.13327371915932,-41.902618066957366,1877.7826547324432,128.72419502435147,5.567837323155984
882,158.40815686743676,-42.0202166965638,2015.5613246666846,129.4701072364185,12.881977554199405
883,155.11044302532565,-40.58617019274153,337.37898176684797,129.60645078828196,1.6575117516955615
885,155.7140196794287,-40.856505491648754,649.647567817807,130.17694269412146,0.6658386201573474
886,155.75458972076072,-40.87409859270735,670.4294620851483,129.97696849443133,456.2280908210396
887,156.248293492812,-41.092616150532606,924.1126725494918,130.33601968430293,1.8336836218413117
888,156.52898641027213,-41.214061138548786,1067.1817618340995,129.5761459873825,22.392009271017812
891,158.11250226830066,-41.89588458199569,1867.9269635207324,129.77964846896253,5.742299342122979
892,158.26421523480758,-41.96137617681307,1944.1721561656243,130.43862387800405,0.36454601535617237
894,157.07125202085334,-41.45119933324183,1343.4544597133045,130.32126464664293,0.8137586654179031
896,157.58295180343248,-41.67208386273248,1602.3479257747003,130.6862325059708,665.2308032143267
897,157.93683378235173,-41.82294395596611,1780.2918093743067,130.61375566588725,0.8295017260917387
898,154.57674919039087,-40.35082908714794,61.336558596832305,132.231495091428,-0.1713220924228717
899,155.6003214745988,-40.809865767616955,592.1302402660111,132.124041919217,-0.3182496606904529
901,155.868177602554,-40.928387248413124,729.9975387840997,132.00466427667,0.9258053735875459
904,158.23104806975493,-41.950697332831766,1928.4684368285227,132.14415863878853,0.30765297117045753
905,158.4442113277426,-42.03986591612098,2034.7135413035942,131.75009093902497,0.8269783099499701
908,155.24786905227404,-40.65437028067644,410.4819393718576,132.9678716946072,8.010345873602295
909,155.44694166428613,-40.74350709714012,513.5028136472129,133.0911313827527,359.5952161334264
911,156.1278883632257,-41.04412419547903,863.662021057489,132.59054165351313,14.913018600366401
913,158.2858767050049,-41.975879006659085,1956.403011660436,133.1716347758444,1.6759979827047118
915,155.52593020208633,-40.78043128700526,554.7830162883449,133.97415478889263,1.1111334230648944
917,155.9702099285737,-40.97724947492806,783.4885870142757,133.9220198974284,2.3727224826900586
918,156.35895181423103,-41.14821085429958,982.6864149162984,133.91600702870016,2.0607233017936455
919,157.67917891776278,-41.71985262221089,1652.5849420886825,134.05385568170308,205.33019956105372
924,157.30039777874492,-41.558890226429604,1461.8841731088644,134.81750149967723,2.0594105915110847
925,155.26231770887586,-40.66622934607428,419.4996797224101,135.69917695709478,0.4095720312432237
926,155.90193836212367,-40.95050407769521,749.3695698851091,135.65099161830184,2.537392993008705
927,156.1823371696191,-41.07409694843382,893.2430768086979,135.6462610642567,7.311395406321567
928,156.54500171311767,-41.233131634279516,1078.6834211983291,135.71126131265328,222.0357757224587
929,158.309971411243,-41.99229805893789,1970.078671097379,136.36093858075017,8.333741529158985
930,154.9010533261271,-40.507290905629276,233.0505027919687,137.2988329491782,-0.10354564504673837
931,155.65017923132567,-40.84168339180488,620.5644190310518,137.02306240270318,30.96631323178134
933,155.80269976916748,-40.90966259976239,699.1993776252953,137.20156269877313,1.492656273723018
936,157.06780587400934,-41.4620586759245,1345.0630974740584,136.60516255139714,-0.05070978374961259
938,157.63929910709953,-41.70835835509836,1633.9910890755323,136.88508134156754,1.06680324234302
940,157.89861760286578,-41.81808695373217,1764.134581169449,136.4288128108746,471.1242471007413
942,154.8356547734826,-40.47929899550744,199.47917007201693,138.04049444246476,20.308790603145617
946,157.7188351296627,-41.74445070685306,1674.585510210284,137.9577132244142,1.06760479938734
947,157.93007864704205,-41.833880675422066,1780.5641800462522,137.65835329739284,3.611034821463414
948,155.0092559584877,-40.5598321681511,290.3532756596488,139.26026345858193,1.1829690701580582
949,156.75315397621193,-41.33014125844135,1186.4713147425412,138.91053517211617,1.5177104654238016
950,157.12910815369176,-41.4928249493125,1377.2943115906255,138.78162605179278,2.487474931011653
952,154.54131041861845,-40.34901812874587,46.98361320958678,139.42568323217108,0.8599497735879786
954,155.2791037286825,-40.68165128497652,430.4423269167449,139.70597807509333,0.9058298710648366
956,156.3527943556785,-41.15929631775242,983.3573160072926,140.91494336831914,0.06724904164553404
957,156.43995317299897,-41.19667124978198,1027.6733717309082,140.51428645853463,70.61758187274025
960,155.31371280411815,-40.701437602868396,449.5762436511043,141.89221619763757,5.873434817367648
963,157.48675927943697,-41.652312765626434,1559.5992081717231,141.6154894361759,28.87304174684196
964,154.73965931526126,-40.44558860166562,152.3086342642718,142.88910251549504,2.4682239271180366
967,156.6460502976431,-41.29250451344197,1134.407390985819,143.48132190176392,53.96549133431234
968,156.76455076590634,-41.34306059208561,1194.4524140875324,142.95857195625922,0.34386604806132615
969,157.634091290222,-41.71741537356788,1634.386631139656,142.6362683795455,0.5511788400162774
970,157.9780925621164,-41.86465440151357,1807.394698392841,142.94624962782748,10.032761480292855
971,154.44536121164515,-40.31596258664816,-0.046396025597168405,144.70716782787065,0.905868382298273
972,154.6924390152454,-40.42705240717833,128.53454214410166,144.29984999741194,3.509119862839551
973,154.836745641541,-40.491455346432645,203.4057379347813,143.93689309933515,0.5033771127350104
974,154.8884731288277,-40.51516902905816,230.40837668411376,144.14535926261428,9.262783538605698
975,155.07002725096956,-40.596289111189876,324.5069432594817,143.89808335393255,0.800105355386065
976,156.19640832460945,-41.09655188914588,904.9775321480957,143.90325047922715,1.218829679509924
980,155.23132162811075,-40.6708829765011,408.7352706403768,145.07166514419222,1.860633680192991
982,156.48222484536169,-41.223763400464556,1051.6323315698594,144.88518550545805,0.3375437128962196
983,156.59190292329765,-41.27187465621491,1107.6342433822042,144.99516135122857,-0.4488417760738751
984,156.70881556604593,-41.323682434677764,1167.4247112081503,145.43366841356428,3.917797562064396
986,154.52535175472912,-40.35434675159187,42.30395240708167,145.7693053704045,2.9684787424445984
989,155.3998902818156,-40.748436085619154,496.5486602062644,146.2101616950924,0.7017479145026401
990,155.78616069494873,-40.92020314694354,695.7132616970721,146.25719552564735,13.711382354693727
992,156.66212526373545,-41.30547371134045,1144.2346994526545,146.51260795905426,429.87056494233343
993,156.99608320894123,-41.45077177448278,1314.0580500258043,146.64938564071932,565.1436373924939
995,154.7800452703836,-40.47140786421038,175.5115947085002,146.72627425216933,4.151503545747556
996,155.24004486204294,-40.677580834175124,414.04740322238416,146.4862439435408,7.520942078936214
997,156.83307623425958,-41.380892524805745,1231.5029800909444,147.05392826875772,26.973451689641976
1000,155.1963960452181,-40.66110486757726,392.3241233025757,148.03351929261376,0.8147895626980157
1001,155.74699913591294,-40.90599603795909,676.4473660017517,147.84962206309908,1.6420508672712806
1002,156.55602863448286,-41.26139902430963,1090.7712202378852,147.626364434434,0.9311550045241143
1004,158.4131788203359,-42.05771673984882,2027.3193492102394,147.54555276066245,2.7452510677973216
1005,154.59131822299304,-40.39076937899446,78.59369821445497,149.07396438085766,2.467534023858055
1009,157.78464212332435,-41.79351564481678,1713.2657619850954,148.65654341074728,56.67174126685038
1013,157.53340550232983,-41.688379354316716,1587.4319396296962,149.80271419800172,12.176106102911806
1014,157.54539201326372,-41.69301708419039,1593.3394165487923,149.549296346073,0.3588850652030834
1015,158.0512696598682,-41.90868862166043,1847.4961907146917,149.56345039242402,12.691860516858199
1017,154.64101467767162,-40.41738014642658,105.68005625627399,151.15776074963006,-0.3477848949040113
1018,155.33428032755182,-40.72815933935569,465.20039641834364,150.7684797751481,2.7504602299900647
1019,156.1958472131486,-41.10976148343566,908.4336619514236,150.73213483410544,0.7235887313956719
1020,157.1445550116821,-41.52296499951802,1391.4834077942012,150.72595117391344,523.6169349989261
1022,155.53053919982636,-40.818665821166654,567.4033901726642,152.30160920667888,8.754985507032847
1024,155.78689373099596,-40.932027467250045,699.323774490729,152.08609843218443,0.09936933458877724
1025,157.84714577765143,-41.82565943176301,1746.1256211483699,151.46563372222224,0.4209324288522034
1026,158.34865974291807,-42.03954346507226,1997.4972233177532,152.15225241503632,11.514884881759134
1027,154.51003546598224,-40.36146644965202,38.39641167808813,152.87046022410345,2.2501588723183388
1028,154.6748908950403,-40.43648640970913,124.41711789337823,153.0728086804128,-0.8185034650725287
1029,155.8775226765483,-40.97360357720144,746.3280070781884,152.8355732706844,-0.32490859963474206
1030,158.22072861616763,-41.987079831220285,1934.022365107808,152.94628916064792,1.7922560357762058
1031,155.41101160384423,-40.768630530760554,506.6189499441318,153.9235825705891,1.3716667922695307
1034,156.61305640177096,-41.2982808454575,1123.1419322768284,153.72444887326347,1.4304367496337473
1035,156.68647406597802,-41.33041877241693,1160.5707567858901,153.8003246194535,1.3786804434174438
1037,156.12116966329285,-41.08543853317569,872.55848177247,155.0535935791997,-0.04385111523883796
1038,156.59408937699348,-41.29317489764152,1114.3489921944433,155.33260891076856,3.511387625044361
1039,157.42848338702277,-41.653604566874314,1537.2675560635937,155.01049733525667,1.415928684086483
1041,154.9268355852749,-40.5561201655136,257.14172558570175,156.12004212333804,0.2281514589747431
1042,155.26555059894798,-40.70733875395628,432.47469403970314,155.7734265122504,1.2175380960843907
1043,156.2897968855485,-41.161505770598055,959.4193230857147,156.0587922437451,23.879608564092862
1045,154.4538809305756,-40.34394414806294,11.409741846928334,156.8823146060029,25.408673130793005
1047,157.9122564238815,-41.86388106648843,1781.5906176351282,156.8264134815504,9.865962803281533
1050,154.87089970996533,-40.53437380730949,229.07934006580527,157.85385782752365,0.48383654555060707
1052,155.7946525401054,-40.94648672983771,706.4129667772677,157.67367192301086,7.040745641478668
1054,156.0552327196202,-41.06255619883397,840.4808733178475,158.17358788268214,24.471745238979764
1055,156.26227542329332,-41.15361212424056,946.5055543171281,158.18130437185027,2.0191063958925723
1059,155.6793823003286,-40.899109831026884,648.1487102204471,159.55331172792492,1.381680501567348
1060,156.36642285593922,-41.20113505330796,1000.2565076653011,159.12588824204633,3.2759002695403354
1061,156.70881225263474,-41.35089827218452,1174.8909788890453,159.26639872964037,2.3558107550858427
1062,156.76731610112978,-41.37549336229425,1204.4148710436011,158.83378253240255,632.8621914905103
1063,157.73444305336974,-41.7923647396695,1693.4365180694508,158.98632730662436,1.8038365539558985
1067,154.95407489008144,-40.575224271162405,273.24919539436894,159.58502650776512,6.150792822835703
1068,155.13131266485172,-40.655151177126385,365.24579928926335,159.7705008819656,0.6438605219138381
1069,155.27113488320728,-40.71911640892944,438.0069571134506,160.47037364305817,-0.20280775010557114
1070,155.43922409042668,-40.793374663566844,524.6388328485573,160.08439960607973,0.3616318400437512
1072,156.7536570373384,-41.37236139790143,1198.238187118141,160.26027342131977,1.4696644925100437
1074,156.93218330456534,-41.45028477868001,1289.0450134251566,160.4781958735932,0.9922229288352221
1075,157.4944594169983,-41.69198639570655,1573.2480565692506,160.14344788572564,2.735135444690897
1076,154.80092970044032,-40.50854326338854,194.36107015586916,160.73348069977234,0.7166044886581063
1079,155.3259897468852,-40.745673864163415,466.9499746382599,161.50767060425846,0.23499457534477491
1080,155.59450393031628,-40.864779777225216,605.3779054663572,161.25333912204047,94.91936205687244
1081,156.12824525719984,-41.101088754565545,879.6768501136195,161.4141180186433,0.45589593978194115
1083,157.12438446907825,-41.53358136671248,1386.5109826179312,160.55914328237242,0.7356818238718595
1084,157.55932500305775,-41.721458823473085,1606.3824711973446,160.9996817323021,1.154848950916386
1085,154.87897381508103,-40.545908458626506,235.54538311755755,161.84668128335184,5.514356810597909
1086,155.13847234563215,-40.66336590081387,370.3848528643863,162.30298515443383,60.98893275986008
1087,155.88718382723022,-40.99564688825448,756.2753725208578,161.84626981888368,1.298620792794717
1089,155.72624651278974,-40.927023246314036,674.2775240968948,163.16684838476024,9.178862018687962
1090,155.75077998670028,-40.93707975178713,686.6689534712298,162.7536274388213,31.74142239194578
1091,156.08677496684115,-41.0860904153876,859.3384293896677,163.06459824560048,0.064564165988649
1093,157.63114901875406,-41.754850735500995,1643.2530144358907,162.35491816518913,-0.23413285437378284
1094,158.08595106057828,-41.949268893767155,1871.6912345488229,162.7661508964449,12.520993661135703
1095,154.4278496646325,-40.34686706991176,2.110355731863354,164.3218975634153,388.5854554138241
1096,154.62078331622484,-40.43369803508876,102.51363821031589,164.022364886206,3.8581428947682945
1101,156.0992968418277,-41.0926448264236,866.0448672924396,163.59313005772282,0.2577165749570612
1102,156.9630499957677,-41.4689209107933,1306.139808348723,163.15539356155247,4.407211448267994
1104,157.68950655200163,-41.78329549925228,1673.5442959468196,164.14189082778492,36.04913198469217
1106,154.56436158546293,-40.40976594156034,73.58699405522422,164.83169927429898,6.7646885036361954
1107,155.21472009433418,-40.702938084271075,411.4047273706075,165.05066405336046,7.681798357742689
1108,156.42945888539663,-41.24011206153174,1035.5924025523377,164.9060286206376,119.50767174983555
1109,156.52695929987422,-41.28421995953623,1085.7378799762967,165.66533975100887,1.1877363362771816
1110,156.56475417206255,-41.299126184259435,1104.5626694024588,164.85717223315842,0.9774031783417223
1112,157.91856465463414,-41.882651779313505,1789.0209992729583,165.0313955198865,5.512748387297447
1113,158.1113604071774,-41.963990294401135,1885.4472311191337,164.78423830407596,4.027321154194784
1114,158.28941792735137,-42.04023367582328,1974.665982258462,165.2679814487377,4.0913288378018065
1115,154.7451409393323,-40.49289732836861,168.1002499038443,165.54391693411625,0.38260737962765967
1117,155.29084784378605,-40.73887615784115,451.31788162196756,166.01174637977323,1.3458191960378432
1118,157.23591146387986,-41.591694661361956,1445.6466470988046,165.65461881284799,3.7729774366675906
1119,157.81414735948658,-41.84006263234574,1737.12558394038,165.97645558117264,0.5295079982111216
1120,157.94263192087192,-41.895764604471296,1801.8502581451596,166.50122735217656,1.0207845751424254
1123,155.156573824402,-40.68065606190753,382.38078282087486,166.94718490543053,0.30064567796360064
1124,156.15662054335004,-41.124766221574895,897.3257102692173,167.0951020021986,4.601446988804969
1125,156.97728623970605,-41.48293279174593,1315.4972192312127,167.14641947919628,3.66991070307869
1127,157.37033605763722,-41.65225126487639,1514.2821372099181,167.0388872965096,1.1887214026899917
1129,158.3310218419804,-42.0614644790667,1996.3885968571803,167.14466296726047,-0.05651984537535845
1130,154.87538732783617,-40.55681875160535,237.28546338728825,168.17756524823864,6.777376631771247
1131,156.51330360482203,-41.28187907389914,1079.774931795968,167.50522168430433,4.681789012786726
1132,156.98853142253972,-41.48924853170306,1321.5931463724658,167.88276620201685,327.3583563586916
1133,157.61987597327737,-41.76094290605837,1640.4987435032322,167.91546761445224,0.7812051171603047
1134,154.80713984183174,-40.52796506676566,202.3782652683464,169.13349034117007,0.22297028854555048
1135,155.63278589321632,-40.897054518329156,629.4100540551586,168.9891281598745,299.53927515580847
1136,155.64818626376882,-40.90343339078223,637.2107218035864,168.757294274629,-0.42538741942882763
1137,156.1733344996209,-41.13670567305349,907.1592235634462,169.42482252096815,2.1492539488023255
1138,156.3479879507605,-41.213051104490454,996.3763141824613,169.27486254056856,19.575964217364977
1139,156.7347805469228,-41.380860497430454,1193.2183935457954,168.75186899823603,53.16371596207357
1141,155.1811396397609,-40.698115692982036,396.94071542632787,170.2146999915843,-0.5243888508500747
1142,156.90335682763268,-41.4558795487688,1279.3507319141588,169.676484434136,1.2281693082606684
1146,154.7608957681154,-40.51034329091142,179.27432075018538,170.7668181036564,8.27208042114246
1147,155.10170798608874,-40.66443974045935,356.3622042211461,171.1810683549726,81.99138148780962
1149,156.8053220603246,-41.41617156773996,1230.3464766829404,171.1162710716913,5.094404987737314
1151,154.8445728008095,-40.55066268213875,223.50408928481582,172.07971916771552,1.1256028053394422
1152,155.52798375052757,-40.85631608673114,577.062053915692,171.94500310633754,-0.21872942541423418
1153,157.10253046984292,-41.54635633715586,1381.4728528260007,171.86020172586757,3.884482726695603
1157,154.53862296383952,-40.41421225636127,64.8436399988683,172.9629577929514,0.8524110394465614
1158,155.16203706577113,-40.69444860311701,388.449315962114,172.68654099916432,1.0803969761611594
1159,155.95667277898986,-41.047431680615084,797.8545104693592,172.54279048311759,476.079458550199
1160,157.6445541751744,-41.781595086558625,1655.614024654627,173.0626547261305,2.9713308517982
1162,158.15703548181133,-41.99871856493596,1912.3405531328212,172.6375198710079,6.83534821953342
1163,154.6847581178695,-40.482474407650905,141.55546384041673,174.05229060969992,2.1433676346751573
1166,156.78878341547198,-41.41476054634676,1223.5235397165625,174.0506838452424,2.1147115741717193
1167,157.34231326132675,-41.653330890378214,1503.6739852575374,173.72056127158416,0.11609268188314388
1170,155.97298669541232,-41.06041846585642,807.8423241888811,175.4779166449671,0.5418687706517042
1172,156.7617497498541,-41.40439290146767,1210.163791708774,174.7520618362143,2.3540329243879095
1173,157.40311573372676,-41.68119861950899,1534.8234240818476,174.60875394231047,14.361549741978836
1176,154.65364335157753,-40.471824748442174,126.35154228593836,175.77488174451724,1.5719126210931282
1178,155.5453805235782,-40.872342949035875,588.3739175753714,176.14299525077607,0.7031540570782718
1179,155.8571037579343,-41.00970086645441,748.4982681572681,175.71057685089718,415.5301676916827
1180,156.27646079084633,-41.1950547036341,963.5342009766841,176.0555361927041,834.1779340265979
1182,157.0566182796206,-41.53489593876105,1360.4994585442248,176.12117481534446,2.8472216352246953
1183,157.95386703389156,-41.918240213844115,1812.1699161720665,175.52924784771855,3.1927658707599167
1185,158.34493528532082,-42.08356868974174,2007.5800097681438,175.43514556523849,1.622086802687857
1186,155.66247420468207,-40.925376495545414,648.9661910029458,176.66131503789526,0.7492246860883959
1187,156.32245535123315,-41.21698397217124,987.5239420861857,176.95012952596247,8.932208661054867
1188,157.04263519505875,-41.53153429393612,1354.1463028080345,177.48588728351638,320.5301057325975
1189,157.4598379141524,-41.70941714100817,1564.464826136285,176.58262708562654,18.714253856490437
1190,157.6878041656476,-41.80654556341752,1679.088263095441,176.36122255269498,203.0559616723134
1191,158.38728210571796,-42.104148062097266,2029.4031291156725,176.8305069644156,-0.24735605849225745
1192,154.98811734329723,-40.62705212619458,301.3898836426634,178.05318973332953,3.607311015955257
1193,155.6968192882834,-40.943626538700826,667.4885326358659,178.18942307260969,-0.07791230220129397
1198,155.44401070109012,-40.83221261657736,537.5184086063645,178.6676460965006,1.0296880044218837
1199,156.94716810432809,-41.49276662016346,1306.456601340339,178.779442641612,-0.12761764949113008
1200,157.86539218481698,-41.887091969424155,1769.537558730458,178.82914537030814,0.6286840560621987
1202,155.13599735246657,-40.69769776548231,379.23125598364084,180.22973162398233,34.266040129685216
1203,155.25830689166975,-40.75183425068305,442.32785369524566,179.9277069814211,2.90984353979502
1204,155.52257216880616,-40.86926937845628,578.6191707553602,179.72328701957184,149.50804254876266
1205,157.1747035085985,-41.59368604893621,1422.3763289765432,180.09376269326808,8.030914548027768
1206,154.44649019960144,-40.38876440034517,21.554319348111118,181.20066833602033,0.304382422946537
1207,154.7846562115262,-40.54132505662498,197.46649651701426,181.00616832473892,410.74657258105543
1208,155.3132725528397,-40.778649177754815,471.37459902144906,181.07027417570572,18.01281132259839
1209,155.49534304392066,-40.85867564913923,565.013585007446,180.49367168230413,0.14087920538034207
1210,155.80708905624792,-40.9967443959245,725.3807922003674,180.35544545433135,82.26179537334204
1212,155.95448580444574,-41.06339188445266,801.4691325020477,181.12420569594994,2.3211740905090075
1213,156.01919515565874,-41.09165104211686,834.5684547041434,180.98338923182962,0.5425604647316746
1215,156.45709824746424,-41.283239022736154,1058.268593834051,180.66705118135843,0.4414610632269372
1216,156.6459769902371,-41.366130364568335,1154.612014841037,180.90695554538374,1.7401289026318965
1217,157.20874343929336,-41.60994570999334,1440.0148917688655,180.90040172876505,1.198999575265365
1219,154.6047269460606,-40.462046097247836,104.46181839746528,182.00724500541182,1.7718297796005873
1220,154.84314612512054,-40.56960821538473,228.4012234522171,181.97885609780985,-0.008901494492038274
1221,155.05429292438885,-40.66447287278306,337.8963100692781,181.95217868658293,0.38794908098514747
1222,155.06759059975795,-40.67021493248955,344.7207201408164,181.8392076823712,2.733013064813293
1225,157.54422919495255,-41.75544595544157,1609.6200587165602,181.60603783270057,0.10027210661577846
1226,155.9628963437022,-41.06987094764585,806.5570782029482,182.5276401397083,38.83724998490619
1227,156.0581006770236,-41.113081712340396,855.7010868723851,183.15898987399015,1.8012106267716474
1229,156.71861759081094,-41.40316250724416,1193.0421837535548,183.65742409312637,-0.08339804083405807
1231,158.05556123361004,-41.97453597824216,1866.5562044445244,182.22950475078804,1.1218747907199438
1232,158.28349389068802,-42.07347137019435,1981.0839883324868,183.51257792533585,235.03104158441118
1233,158.30968555527045,-42.08289242553625,1993.7199847293687,182.67989160234413,0.2867816395541478
1235,155.71565639433183,-40.96283053250567,680.2339545820239,183.68806560042555,0.2732349610541665
1237,157.61105752340697,-41.78837549915358,1644.4077095467474,183.81353511971673,8.212125924490353
1238,157.72603087680992,-41.83799453263666,1702.3312026133515,184.0725793855575,0.011512532724683819
1239,157.8163616886087,-41.877307200985086,1747.8901873122945,184.48268587391647,1.6533612437448144
1243,156.96809567349592,-41.51394793132614,1320.3672550539666,184.9420233066922,13.879351919113734
1244,158.0028803720943,-41.957265155766386,1841.5350035665645,184.81829397560426,11.597163796241604
1246,155.89366889562763,-41.0461619821266,772.9623890268339,186.00147095978122,8.155474210308904
1247,156.51836301231796,-41.32021688949404,1092.3149141469353,185.85312092868142,0.7987198370056491
1251,158.01128124959098,-41.96289690142714,1846.2862923023567,185.87246978249232,17.58001983917868
1252,154.45510602568416,-40.404536386857586,29.49368090914131,187.18886552051532,13.351949626966027
1253,154.5347304071051,-40.44115512911875,71.13971409940108,187.4564094524043,211.09976768129488
1256,155.81496563654213,-41.01217773000314,732.7829501509092,186.41066272654476,-0.015837987340199932
1257,156.54993802341997,-41.337166781476576,1109.2722614017728,187.46215844054393,9.996142187490996
1258,156.8125940466003,-41.44985365297734,1242.3890712109337,186.63107931832403,2.3072308663779264
1261,156.16544295647165,-41.170128853269595,913.3871529859709,188.14096817418525,5.31958461642601
1262,157.00876204532344,-41.536918323852746,1342.4349491503576,187.67412347871525,2.543873295673764
1263,157.10161321118034,-41.57771813544315,1389.6252436206646,188.01581062895866,14.161158296204148
1264,157.61897101922793,-41.799450272618174,1650.4441843142984,187.73181733361488,-0.006128780456581185
1265,157.88856377627658,-41.91428838555942,1785.7565756992117,187.669254117883,-0.28693770735981555
1269,155.1807828734739,-40.73546011373866,407.4608478119398,189.18635083740787,2.7962316688626423
1270,156.01629705743863,-41.10577219249243,837.384976220292,188.79159594534434,288.2540778460204
1272,154.57180035814773,-40.46152082896699,91.4824874888964,189.26504129457643,1.6334956391404618
1273,156.56862491413082,-41.35026110395503,1120.1487803024447,189.97213188058376,-0.3032013955092227
1277,154.46499995599171,-40.41657978877206,36.84603398451972,191.00290426072618,-0.07657001480068844
1279,155.07291158596976,-40.69021856017419,352.5183297981364,190.74756809302568,1.8491522388208013
1280,155.1301002518958,-40.71517686901301,381.92878741360556,190.40616251261503,1.437060101669666
1281,155.2695364650844,-40.77909436766072,454.46601236419326,191.18087491588432,5.5345282068857315
1282,155.4788367768489,-40.872255958778005,562.4309784314657,191.08870894219007,25.33808092689867
1283,155.71231650378766,-40.97583903382557,682.5961405032239,191.02833008215327,0.06432070044976884
1284,156.11739629722135,-41.154637313402795,890.3718522985074,190.99860415163826,0.004296429009317213
1285,156.4108184354059,-41.282757269079475,1040.1239866096491,190.6972163640907,9.041741401583248
1287,157.79708923748734,-41.881685628716475,1741.5685832757606,190.89934826601424,1.4712014125048525
1288,154.8545547270677,-40.59508579880174,240.17678689500582,192.25731673659217,0.6032750058503054
1289,154.89566360512117,-40.61280120293523,261.2819768538492,191.8596696764247,1.2867065576760615
1293,155.14024466808462,-40.72435304957361,388.50135788855476,192.74878510192977,1.893843913874562
1296,155.96750105992723,-41.09215696164917,814.5839649824444,192.79655817174793,1.5710022483593806
1299,157.35419918602804,-41.69558546465078,1519.6802979357644,192.63038985651374,46.089540132797396
1302,154.39579244253227,-40.390027101561536,2.1722311664175553,193.4504129802611,4.092526444309623
1303,154.55466939289101,-40.46258892489223,85.11950620339692,193.71939838220968,4.391150301941146
1304,154.77639115336328,-40.56271246336628,200.41165609971395,193.6945045794185,120.08272834549521
1306,156.95755942377468,-41.526310573675374,1319.6364144441366,193.5473640378752,30.61863331237132
1309,154.62318445017766,-40.49558068912092,121.35689357481658,194.72619706465824,1.7545314934854281
1310,155.85579057254253,-41.04743440890066,758.5725465543057,195.12954141008615,9.30574134925629
1312,156.31881403184107,-41.250997261133605,995.5326938684705,195.0225794296462,231.5047946692058
1313,156.70587060573317,-41.41880671064073,1192.3730620932693,194.4234580549711,957.0235649477567
1314,157.01803337564425,-41.55473833359959,1350.886145835384,194.69707447226372,-0.33172789957239035
1316,157.84961662643656,-41.911403892496196,1769.8661593372688,194.64642428262863,-0.06982785521491836
1317,157.96647595107657,-41.961807045362434,1828.6015683927274,195.01602247066637,0.5293599541445307
1319,155.5549680838049,-40.91612609251314,604.4877205421758,196.15553715563775,0.4755098021762558
1322,156.94322078857576,-41.524392697155044,1313.5385625714925,195.72889227166763,11.5247785965912
1324,157.83793946884393,-41.90901423484351,1764.6971558688595,195.96190556693395,1.9456967750965422
1325,155.1651457216837,-40.74373745463445,403.73391245395277,196.91327409249965,0.31239083658130234
1326,156.86906366929074,-41.494171380908654,1276.4610835027288,196.7023637557206,1.0563574846100945
1327,156.91022740831147,-41.51299551220656,1297.6032889406783,197.20065900557353,0.5067719320847195
1328,157.22638741810485,-41.648940563498975,1457.4190838556804,196.87480930604252,4.337825858610767
1329,157.2881756641363,-41.67572305537804,1488.6661658813393,196.96901336725068,2.1160777951059533
1330,157.5089244584126,-41.76981895296473,1599.753940241299,196.62738978570297,4.749943074218905
1332,158.0808982682374,-42.0136403357894,1886.7127562929743,196.69952843619936,18.513706130828304
1334,156.12452398410764,-41.170941449597116,897.6876766106698,197.6779708273644,1.235225895399064
1335,156.216539698277,-41.21210520348812,944.9449240701119,198.04961074684616,0.26477502576870526
1336,156.26035568530634,-41.231258751014956,967.3125453626886,198.01186165518538,15.446181267113667
1337,158.10332503137641,-42.02558135761295,1898.5654023335462,197.94499983963368,-0.4040807569930622
1339,155.07967987479196,-40.70983623870595,360.76710130684535,199.13246200944263,-0.08753359763942188
1340,155.6170053272764,-40.94829396963824,637.7250266954347,198.49038857556266,0.24765679705750945
1342,156.65950920881687,-41.40792389378892,1171.3551085364556,199.14455820849352,11.656163353285216
1343,156.994407499858,-41.55294657562852,1341.2135232967998,198.98225548738995,0.07109753682143546
1344,157.4409444318712,-41.74413641175191,1566.4491930256065,198.38824755766896,187.00154410022566
1346,158.17518548109842,-42.0591233985941,1935.2831818330176,199.54289574724334,1.471912809666524
1348,155.81747662063057,-41.03987062366572,741.5366509891649,199.88111110970735,-0.15400346392496098
1349,155.95237289936128,-41.09967326237751,810.7984520656113,199.9900634988335,0.4087549801283846
1350,157.3639640622766,-41.714767738121594,1528.640803743009,200.25924643442156,1.128074342018986
1352,158.0191431790731,-41.99502790112931,1857.8307254565277,200.55898023501507,0.8463367649206235
1356,155.3282728822125,-40.82493164035902,490.378447397906,201.10154518186593,17.657837776912146
1357,155.8577704610381,-41.059783168604014,762.806833905067,200.94427771405128,0.8117112603036584
1358,157.14644177594826,-41.62313634166113,1419.3649131383377,201.27805510950878,3.8089202687954207
1359,158.26013437170778,-42.097441473042075,1978.3075582735516,200.7802983714461,0.3616451851468359
1360,154.57960985247973,-40.48923989008511,102.55286181691949,201.47592447398665,3825.9672240144264
1361,154.91552720113472,-40.64182637076346,277.35685958680466,202.01298460911107,1.2091117907777196
1362,155.63008052429646,-40.96146488288252,646.5311077858399,202.22135141539235,6.075886174563532
1365,157.41664180335542,-41.739910001470484,1555.8715640331845,201.54487463046678,0.3150052626954605
1368,158.18320455567064,-42.067402293575945,1940.57190290942,202.03700746734154,20.09816500267571
1369,154.44960371476003,-40.43443067951257,36.03561883844467,203.53631637084013,3.7225714895759627
1373,155.42239311213314,-40.872485177052965,540.5207676831172,203.92782474028058,260.995972325153
1374,157.44484287111734,-41.756480533906775,1571.2799281023888,203.82178464569935,1.7272784005517074
1379,157.60356541801465,-41.82670423892532,1651.7473977107416,204.97047436724785,2.1998438219651986
1380,157.67182785334302,-41.85643378846943,1686.1965569998883,205.25694935283695,-0.18401674341125843
1381,157.7987454940995,-41.90959328794448,1749.6338380028176,204.763737600331,0.9785505445013347
1382,157.82392079059062,-41.92046498869503,1762.296802327122,204.84058097149085,-0.10898208239193528
1383,158.02517225547004,-42.00634673201985,1863.1610004316046,205.0274533920822,0.32068791892385073
1386,155.4736793809851,-40.899771914086514,568.2168848761547,206.17989602387672,1.8384895815292752
1393,155.05447085348547,-40.71482366644613,352.3799850411013,207.36962415874126,1.1459889406027735
1394,155.35630285521455,-40.847956064454735,507.8330078906028,206.42383158188503,24.401498108931072
1395,155.838911854093,-41.0634728030648,756.5030180821335,207.0381079501939,2.279006286961214
1397,156.54051644953066,-41.37210196505194,1115.2291811385694,207.29023888127665,3.6455009792009037
1398,156.59332012426427,-41.394013409403506,1141.7927299393614,206.7238989202638,1.3618824191512664
1399,156.87137361350855,-41.516692204279124,1283.506716989605,207.6401137097544,0.29448917652521434
1400,157.1806476642719,-41.64895979032024,1439.6493197193054,206.91159488378207,28.906039793887565
1401,157.21329070237638,-41.66217548933438,1455.9075793035624,206.47906213240785,0.7361254060783511
1404,154.67354039476234,-40.544738695899284,155.17701081314655,208.0589284425346,1.0374833990768442
1405,154.81637374258773,-40.60929924678062,229.4007678955798,208.12686829789627,0.4413981914449896
1410,158.07403444069297,-42.03188097438827,1888.8608024165997,207.48710935180532,0.622533607311807
1411,158.30682612967198,-42.131560746876474,2005.3630687788886,208.13862957909325,10.171607465243792
1412,158.36231371352872,-42.15414728901047,2032.7925332457858,207.72901862383748,65.15532560295722
1415,155.40343415093176,-40.87355670627525,533.4454308107361,208.74542130664716,4.2065620274133515
1417,156.81485747226887,-41.494726722279275,1255.5381741961653,208.93675299787444,13.14449063472863
1418,157.27104640268888,-41.69136832683078,1486.232883479248,208.68103725557307,42.55455068252033
1419,157.33957863113386,-41.72106262081005,1520.8626432565345,208.79588270973775,2.115746028693909
1421,157.75609437092467,-41.89990038870325,1730.4978904694494,209.08605080287086,3.2493215560085833
1426,156.77279100201167,-41.48068444824977,1235.3455180586413,211.0825556500754,72.57163201425061
1431,156.4140993982734,-41.32726269267314,1053.7010098256478,212.55973217900197,240.55518608544247
1432,156.7224530746593,-41.460013218274476,1210.1172825757017,211.69432588111414,2.2748465661819233
1433,157.8679408503347,-41.95234381913475,1787.8474554711888,211.5413850117392,610.7134157564157
1434,154.7994509338514,-40.61135408495172,223.4053079046483,213.01650062012206,0.3266836855983987
1435,154.97540115349136,-40.69035961475889,314.59399468693346,212.94230810105597,1.6398529479168154
1436,156.15487057003907,-41.2143429654681,921.5762628725607,212.92432255979165,-0.44425455079335174
1437,157.67011325335952,-41.87206296814891,1689.70191089015,213.59212975591518,1.1765261116509729
1438,158.0026181715213,-42.011203216362645,1855.6930954311206,212.38263705817755,0.4854117800449064
1439,154.3696339333827,-40.41767230304833,0.031624721501801574,213.39268085304303,23.682847704605656
1440,154.43934868761593,-40.44983633973816,36.51933268002337,213.65781799983728,5.001860915070067
1442,155.5664944356982,-40.95674077347755,620.4520415235075,214.12625606420679,4.8925990284558445
1443,156.7372232021951,-41.47013240774098,1218.6310754186297,213.57325861527337,16.417834916744944
1445,157.50089513615993,-41.79975411591512,1604.6628480408424,213.62226058313453,1.5653933366469486
1446,154.64385835980823,-40.54431515850153,143.50093365670276,214.61591221532686,4.511014633765492
1448,156.0860269559519,-41.18787560816425,887.4291498454355,214.85342334708145,9.602709737469834
1449,156.20295367761227,-41.24008908654534,947.4357149002576,215.27091925148906,1.5967436309827163
1450,157.2428438760046,-41.69087712408447,1475.1448700105007,214.60700747727444,11.761353139362607
1451,156.1627505167181,-41.22419679589996,927.3823681328106,216.16587810610528,0.7120329023467126
1452,156.48150914659547,-41.3625210120713,1089.645025335378,215.50326362202466,0.7390027477895821
1454,154.76029145569032,-40.60185804786591,205.42827214919078,217.13540402607006,2.2126341272396735
1456,157.61623502753898,-41.8556232527062,1664.397420039545,216.94171512597592,35.56471509254823
1457,154.95775298068094,-40.69175324915562,308.1254693010915,217.6531472504468,1.1329942618837041
1458,155.1878290662951,-40.79567761718245,427.3853322112843,218.04772180841007,2.136080228467891
1460,156.0241658985773,-41.16650592042688,857.4080471661559,217.82641311115268,4.1581769903848205
1461,156.052946777987,-41.17982020389038,872.3171415125254,218.15101844388388,22.499583728232093
1462,156.66099162815107,-41.445544459872735,1182.258975856716,217.92581328262972,-0.5391434583173499
1463,157.29579302749536,-41.72006885216384,1503.588572463654,217.86872455046614,1.7999460474526603
1464,157.4828720167781,-41.80029944435334,1597.8114169148928,217.83132181247743,994.5438817850438
1465,157.74281596881644,-41.9106883103947,1728.2164796348804,217.4674333309165,6.421346986726867
1467,158.0022880232683,-42.02381411703825,1858.8980701301145,218.88457589689983,-0.019552118906716015
1469,155.9861462524165,-41.152052529477295,838.5842323998377,218.99202911040763,0.5684474304587203
1472,154.9861531177849,-40.70933764901969,324.2198043882153,220.0937540377451,0.6820379051601686
1474,156.29162429828727,-41.287494284318825,995.0724957505279,219.58791331626904,-0.4105710618498993
1475,156.33573492082144,-41.307253256813496,1017.6967254755831,219.80838421912674,1.2747137400112654
1477,157.41211782524337,-41.77359226592887,1563.1692322437743,219.67924371707875,13.625111482294644
1480,156.91236163806806,-41.5615467007037,1311.6695396910234,221.4098038806909,192.980914486946
1483,157.70397487951698,-41.90037805835047,1710.396405171948,220.65438392825308,2.0526271240416607
1484,157.86380938626897,-41.96937354266614,1790.7631924586635,221.11730136097762,1.6121574296749657
1486,154.65697846291292,-40.56498986166321,154.58297400262268,222.06208645065016,13.582209173388632
1488,155.8789175390359,-41.11063254433142,785.2898730164144,221.9778611367553,1.596614832202902
1489,156.47902425610775,-41.37347872923512,1091.7013679912302,221.61666678111604,-0.7267051567654964
1490,156.5089047085902,-41.387922877315106,1107.2980347126866,222.32659684428177,2.249819443074515
1492,154.56701508324917,-40.52621058161238,108.35793044839203,223.01635912830912,6.129413104845256
1493,154.84676419410908,-40.65223286053537,253.58421737379052,222.90322898276958,14.943299544429816
1494,156.96980014566944,-41.589145486196216,1341.5003875044688,222.79884152567976,1.7689882628130122
1497,155.24674986170206,-40.834054333320864,461.2481810510546,224.13361830786496,0.5772930666404953
1498,157.22424598752747,-41.70038182203511,1470.4898134549564,223.51610388615205,30.91332246858928
1500,154.7617078070103,-40.61783230833744,210.58433399810122,224.88100438896558,1.931278553843471
1503,156.8582113494636,-41.54379831945248,1285.7905862514535,224.31621825133425,0.8484613570258294
1505,158.32832887634737,-42.173455115072464,2024.6695908658237,224.89396902083521,10.101732328924554
1506,154.38070590937986,-40.448351315074945,13.267209519596287,226.3340966215514,3.3616791631509453
1507,155.12483140441978,-40.78381957372956,399.4899906026282,226.3096616250763,1.6557022416405236
1508,155.37791738306166,-40.89628533237562,529.9673911616194,226.00133140541442,0.6314725762078628
1510,155.76967015519088,-41.06968835970723,731.3129291151115,225.70315106986513,10.421667982450272
1512,156.48478136055473,-41.385109181031154,1097.1465015689287,226.24430094285722,399.76880640765023
1514,156.8234696382051,-41.531950760076036,1269.0579761912736,225.9528289011763,0.21278280718971446
1515,157.0432568960651,-41.62754439426636,1380.4715622347792,226.17396585454642,4.860533405162714
1516,157.24126679014003,-41.71262642064311,1480.406731279858,226.0175906892402,1.4396234630126137
1517,157.25520439049083,-41.71937312568161,1487.6400136715272,226.39835786521527,0.2310896005010418
1521,155.35649851627892,-40.888614213444534,519.4578358189467,226.95155450387898,1.0330722487878312
1522,156.9166161754347,-41.573948020458786,1316.7022886235823,226.77628780636178,3.7349448056067454
1525,157.91700160511158,-42.003726984592944,1820.5039740201198,227.10242450848702,7.729977666908975
1526,154.55114155275498,-40.5283130579945,102.79097567149881,227.7030051992522,0.5323314746265927
1527,157.8206032205366,-41.96561915580517,1773.0060664294065,228.57285428475825,2.448730056761906
1528,158.0209672810347,-42.04859657911573,1872.6896266627168,227.48188065941622,4.740624118561085
1530,155.25730856668858,-40.84879834549692,469.55396575523525,229.20485587906714,8.092520280385825
1531,156.7213195339333,-41.494339364715586,1219.08241925307,229.3818382732232,2.5202931076441253
1532,157.64277926273414,-41.890851797193825,1684.109327718676,229.10841876353896,-0.5934954195154226
1533,157.6565406535666,-41.895723843217404,1690.7492170689418,228.59669636432204,55.262287665128405
1534,157.9665550496697,-42.02821785098299,1846.2040858922478,228.86033540736804,-0.3784310437319088
1535,158.15568771314784,-42.108112121934596,1940.6077250800754,228.74182102861255,0.6044921764262826
1536,158.2174467796886,-42.13372469544245,1971.2782181296893,228.49286338781607,52.87557959363657
1537,154.41299543743563,-40.47023200747703,32.19213996201958,229.98037545107135,1.3189494002450803
1538,154.86180857075587,-40.67261790110939,265.2998472553915,229.78100766239734,6.555438716858341
1542,155.4030439852859,-40.914222943992065,544.830573651455,229.4118099363,4.444747391974352
1545,154.9843846506095,-40.73002040813194,329.46087438226886,230.94780512570333,2.1312273145479765
1547,157.51248597119857,-41.837767202679885,1619.3523435984393,230.44925059349222,0.09085056143540204
1549,156.2947078270896,-41.31332732163994,1003.431440220855,232.008177515747,1.2985137930129131
1550,156.75582202794394,-41.51332522412505,1237.6850221806483,231.41033057252832,1.1583945800765756
1552,157.6664919368867,-41.90660391897783,1697.5133413917617,231.9744387190493,4.729281823802136
1556,155.21100143744806,-40.83478794062854,447.5518247080248,232.58532304690613,230.7746695163462
1557,156.77409743962815,-41.52317282672294,1247.4787249370042,232.38083408558433,4.018947542057342
1558,157.21323698820365,-41.713654974083326,1469.8023295394198,232.67955150385967,26.861034582503756
1560,154.3763835476394,-40.46188962449703,15.524393582023595,234.1535132730429,17.77881761621902
1561,154.5419212738755,-40.536559527780064,101.59363203430546,233.97112171400133,0.8198721359081071
1563,154.94200073626362,-40.71607479722891,308.9753884740302,233.51986812066139,6.671960694324953
1567,157.04530741850692,-41.64369179202726,1385.6526116207538,233.93335577483376,1.3837161243097982
1568,157.40240992163154,-41.79713713600438,1565.7300133766405,233.7832015562598,0.46093366671713004
1569,156.9769880344271,-41.61532623743876,1351.4154936456346,234.52656564571652,8.175016751776303
1570,157.26833945497168,-41.741237248589165,1498.6402123581854,234.646749717833,12.673990603422583
1573,157.99844765799054,-42.05390617008206,1865.3610729612976,235.05816692440573,84.12024233867514
1574,154.3453051363221,-40.45074344714095,0.1923416858694611,235.64931296186361,1.6153982484214695
1576,155.4690560169235,-40.95667930821731,582.5344410919606,236.0234772106985,6.057022227825973
1577,157.6720272048739,-41.9172541542766,1702.5017576956295,236.19563619004904,6.237967896770646
1578,154.35964063378708,-40.45870057032903,8.084252147606948,236.3791885243635,736.0512182042853
1579,154.39130185604859,-40.473716633230175,24.76702151911426,236.7040386002658,1.1771133310399213
1580,154.7166098710887,-40.6215922795468,194.12565544228093,237.05039406164133,2.1352650333196426
1582,155.3573432303056,-40.90880902019246,525.5214095478473,236.97781261664815,-0.1913891925200195
1583,156.2186510046617,-41.29089115061883,967.6499236480282,237.5434694087363,1.4634561515136144
1585,156.94520235536174,-41.607318363476885,1336.893896783013,237.44659116226407,0.25245845637788594
1586,157.97718057352105,-42.0480319168164,1855.5637873686285,236.66286853851463,1.1578931003004689
1587,158.34392979354124,-42.203583557078545,2038.5975187429867,236.91530917388476,109.3299227864618
1589,154.51801146670843,-40.5339711213425,91.54385052863773,238.126907862423,10.22366476672124
1590,155.19030638766202,-40.83611010479363,439.88054996145894,237.93324782836055,1.5908263474344813
1591,157.5730526436543,-41.87858728242252,1653.7808046703576,238.0376868004786,-0.02197265364694525
1592,158.20236796113397,-42.145609916060906,1968.5557360828398,237.80560469617657,3.4372149067622364
1593,155.78457816956904,-41.10188673669619,746.155194576816,238.67179830832194,0.5580585140205081
1594,156.0250814907871,-41.20894214189364,869.6098541222304,239.1336750130159,7.9555458411012046
1596,157.38530221569903,-41.799573226413116,1559.7463150984393,238.7590437503281,2.5054911172662426
1597,155.22927258405218,-40.857656436550606,461.17357867709063,240.01980150022766,1.5394538057896945
1598,156.68951970719996,-41.50146107918413,1208.6820425015478,240.0212975231385,4.878136239196675
1600,157.11729304219216,-41.68608006502406,1425.096383922491,239.68584670337518,-0.011733525811315003
1602,154.670550676166,-40.608624289832896,172.46951085826197,240.9979582790014,4.501978445014489
1605,156.67613358289694,-41.49668538688685,1202.1736089858812,240.55272121592233,3.50565968993122
1606,156.737404268161,-41.524441310359144,1233.5747218900922,241.1212114440115,0.5480909248593762
1607,157.03769092289406,-41.65467577803445,1385.6781729590136,241.19034109830332,0.19774307223160026
1608,154.38145389690052,-40.47962319862817,22.655024744841146,241.93803697799422,1.1711999361862402
1609,155.41381916331716,-40.94347203516699,557.3156769883589,241.78258743344875,172.76639235351362
1611,156.22142969280046,-41.30009726344698,971.2858484844801,241.59417748229401,4.117894211640362
1612,156.3238948424645,-41.345081208575635,1023.5691099059825,241.63138149828904,271.3816518623675
1614,156.95494677139195,-41.620909180849665,1344.3768175784005,242.21092394133726,12.685189273227474
1616,155.21022376912617,-40.8561167214166,453.3284762237673,243.5464788258459,6.304931936405489
1618,155.90467343866038,-41.16385454815932,810.2107065680152,243.18403380618628,-0.07605030431699085
1619,156.07388623086499,-41.23869424023042,896.8742954057926,243.3264204439676,0.9746431344923395
1623,157.68296827019213,-41.93640293290246,1711.851747931236,243.57063671649823,0.7036543685304125
1624,158.03462078468834,-42.08852282179033,1888.52310562314,244.88836160096605,2.215756840177795
1625,158.11974081803567,-42.12285030016359,1930.554802507585,244.0138881627013,0.42953850515924413
1627,155.12552335564854,-40.82052334357774,410.24304293079155,244.70878153973155,2.4477191497460358
1628,156.45818672793894,-41.410493325554775,1093.815056999578,245.02278795637545,404.0981746529239
1631,154.71301150257707,-40.63751646840156,197.32100156952367,245.91047833928775,17.813547180308895
1632,155.0241681133185,-40.776878083107306,358.3562971195759,245.6058532478905,8.948093607560489
1633,156.01166637458692,-41.21666106785155,866.5512893335343,246.04043277428468,2.0725048960159684
1634,157.37392728717407,-41.81005137774803,1558.1512040626396,246.57549501033998,3.2681792565479
1636,157.97892362167326,-42.06596032674067,1860.9791470417174,245.42544190554347,1.2375768913890737
1637,155.7635565146876,-41.10820995791722,739.7608662373605,246.5847260692991,5.476756992960013
1638,156.6490232090443,-41.496946116013326,1191.7170488830868,246.67483644451298,0.6470082124351973
1639,156.81904542321584,-41.57167513187746,1278.1924015815173,247.11074544626626,1.8599868190563427
1640,157.56911358373137,-41.89464597035066,1656.548535471798,247.07184901805635,12.771296854320916
1641,154.5610624475441,-40.5729411571626,119.57639740763575,247.96139769381753,3.01452912147519
1643,156.69051125852528,-41.51664380484549,1213.229456193885,247.51281343128989,5.289594048810209
1650,158.01588489186312,-42.08659180863569,1880.7531224149814,247.95251916208093,-0.013011245224467772
1654,155.03576187407967,-40.787915823491936,366.0234641197883,248.55624386339952,0.6728526403641276
1655,155.99409393275354,-41.214032696171365,858.9895798537523,248.6312705713258,4.653058133106896
1656,156.1429939219709,-41.280718804401964,935.426792665619,249.22916916158516,8.3789365321091
1658,156.50898120186133,-41.441329650834184,1122.0431860743813,249.4193665966657,4.048392730145351
1659,156.52797847906012,-41.44921121644387,1131.591091262666,249.21343296908572,12.45010185050569
1661,154.41862617045206,-40.51214760272036,46.56408863718649,249.83762200193078,2.626036488665345
1663,154.6684513497898,-40.6255318075619,176.53679440368998,250.0119880351363,5.442400100796176
1666,156.3420408399961,-41.368490449201374,1037.097792902252,249.477024604969,0.11844422890298092
1667,157.02170145371053,-41.66555931719178,1382.4279763971085,250.23471223170978,2.9374550323418473
1669,157.11243536148413,-41.70723372844715,1428.9426905411428,251.50732558520448,356.94104003702154
1673,156.59763499535362,-41.484867787492576,1168.4466762800791,251.9017397088538,2.252160091167739
1674,157.19354770966567,-41.74296072221358,1470.0823076798054,251.89753419224132,0.08281891610703299
1675,158.0347068147399,-42.1025569331531,1892.2600252590103,252.02488364272688,0.5171459685654052
1677,155.08007229323013,-40.81663734326736,391.4640450251568,253.03408075592466,4.545893721680875
1678,155.49893853792975,-41.003849308278454,607.5008166213623,253.16812245074624,6.371966432419354
1679,155.77209686816022,-41.12393786002737,747.4982485589347,252.63664205066146,0.9744880984392624
1681,157.25459802342655,-41.77057377279977,1501.2243720769443,252.57709364469392,2.229107862786746
1682,157.61612435865584,-41.92657903057597,1683.3123579759872,253.10091834034904,0.8018856072231265
1684,154.5061277776781,-40.560374890790676,94.57887230675372,254.16523595498836,46.86955656088464
1685,155.25472997191332,-40.897091823894826,482.299490761519,254.21051968385353,58.76680220216187
1686,155.47068601256387,-40.993209839068406,593.5107759372154,254.14202556766134,214.61974337025018
1687,157.0659492671538,-41.69224100999359,1406.840930310526,254.08342453542323,-0.43694963962262573
1689,157.2932697635547,-41.79013007834513,1521.499630963778,254.06627318102585,1.9609527569943346
1690,157.44450708428948,-41.85389695981404,1597.307510955392,253.48306649327404,0.7044733317056867
1691,155.17910975078428,-40.86411921977219,443.5152248567998,254.6263868473561,1.7644982000629943
1693,156.56306710038228,-41.4759325239322,1152.5690599219247,255.01160912416447,19.634199947717377
1695,157.40164852222904,-41.8382432238569,1576.4828238149096,254.868546209171,3.2731434941654767
1696,154.46717076591645,-40.546637144442656,75.45088558262495,256.13604021298704,1.4190724290519465
1697,154.64088034544682,-40.62496609273514,165.65576362665016,256.01070088945994,8.81585958836194
1698,154.85418981837793,-40.72183023643564,276.4866119891312,256.37104100384795,9.457837489603152
1699,155.8089220691796,-41.147306179157205,768.3666374452326,256.2247470089198,3.80760366227606
1701,156.89376536090873,-41.62034110227396,1320.4746098709452,255.3815003298174,5.117694072206332
1702,158.12747449444015,-42.14874520530593,1940.3663899478627,255.55105506750058,1.3371375502618346
1704,154.59330839456578,-40.60546773437012,141.52689982596388,257.01808774363104,16.566281422097088
1706,155.32550131317518,-40.93358929528758,520.1823854711316,256.69481261177486,0.4812172230798334
1707,155.54967778162148,-41.03418658253966,635.7933939590333,257.11043357280136,0.2159514578076607
1708,156.38991992943787,-41.4049109299167,1065.7625142479324,257.3279027795742,1.4335271353504822
1711,155.48918251054533,-41.00798771353617,604.8805641354157,257.4572596340295,3.519852838439666
1713,156.25318115857726,-41.34669773601733,996.5506708044676,258.16580616595553,3.9608806817143103
1714,156.5156613432326,-41.46147055278645,1130.1844917678343,258.1626035869169,0.8652220992078071
1715,156.5854985499631,-41.491490796802736,1165.555257108857,257.9477519374467,-0.17929516540527352
1720,154.98047102741003,-40.78369693388114,343.3241991725427,258.9585597037255,0.884759080339388
1721,155.09092785887825,-40.83319906382416,400.41725129845247,258.9467694648626,1.4766055813228762
1722,155.1957324217847,-40.87991368946414,454.47852977021967,258.8538573386648,5.360807250515655
1723,156.6786504662279,-41.53438488352694,1213.4887954416056,259.14078226761643,1.8866239148190314
1725,154.57191395138878,-40.602466111541865,132.3430811660528,260.38454049884024,4.101896664787122
1728,156.17911545158444,-41.319656209706544,960.2823799875014,260.92852592995126,-0.026075930846425965
1729,156.5406375300612,-41.47786525843632,1144.3935292753395,260.9554409913424,0.7496924315245357
1730,154.5494148185088,-40.595661379858285,121.62896780026088,262.0855054641288,5.145489903161013
1731,155.22129256004825,-40.89786831351894,469.5268171283558,262.15569504873025,1.3599087427665402
1736,154.61719741595493,-40.62666274851581,156.9418382823672,262.26654152426465,11.587307866948805
1737,155.78379402417275,-41.149955329858905,759.3491410509381,263.1928419355534,4.047108728664302
1738,156.6120808958338,-41.512774756050874,1181.7213781017672,262.87548108070973,0.5487377823294342
1739,157.43173363728692,-41.86640516787079,1595.7123920315425,262.6347807396864,41.85607873477427
1740,158.30276281691036,-42.23842778212055,2031.7734431269237,263.5462937307743,1.481973313740147
1743,155.40487684454195,-40.983981510673935,565.3262184563199,264.2913081948422,59.39693087957962
1745,156.13496108087725,-41.307275607217285,939.6949209810905,264.48189040230403,2.1208523068519085
1746,156.46343829354524,-41.44884349756936,1106.4319399082335,263.3203756440038,5.261262043136053
1748,157.50530255578641,-41.89975684969471,1633.176166373332,263.57082378890817,-0.25049483290707936
1749,157.6083742965264,-41.94359156145202,1684.8523393095104,263.44878824673293,1.1249984244460611
1751,158.08317095110812,-42.14673239681937,1922.6790375009778,264.0828972726805,-0.0027663531394867182
1753,154.3757854682295,-40.523312181569494,33.158689605475935,265.27106284093816,-0.14871073462357853
1754,157.16464115213785,-41.75615835985017,1462.4385356458117,264.94053717407775,-0.19534823947056096
1755,157.25772971692004,-41.796193631469194,1509.351697876223,264.92302072478,22.111937253252282
1757,158.15509448087477,-42.17778318404216,1958.6995220815668,264.4037764346253,5.139475505223504
1758,158.24318495104842,-42.21540196353556,2002.6793951782047,264.61668254108804,1.0683131128529986
1760,155.9182832589891,-41.214361045781146,829.6335194512129,265.73079075087895,3.913829192511282
1761,155.93244448476062,-41.22044645374621,836.8351715212141,265.64976587100796,5.945016830814874
1763,154.51847541925895,-40.59146991968885,108.39194791314091,267.0340104630974,11.460305106915293
1764,154.96041011418595,-40.791000326136064,337.6225214446596,267.1978203971703,8.401793485154604
1765,156.28843103370104,-41.37930570731577,1019.2756770866856,266.86930178516764,2324.481674284607
1766,158.17853215402266,-42.19216152156294,1971.5519252235858,266.6855281500426,3.970056560855165
1767,158.19288913386828,-42.19870380836045,1978.8280381902616,266.9292099266342,1.387978853784833
1771,157.0451327313317,-41.71023931898285,1403.6492228906966,267.80095190976454,5.3032982538398725
1773,158.11389220080096,-42.16663368730368,1939.8146089794666,267.6020761884709,2.1448900421469355
1774,154.42970796937288,-40.55538028388207,63.430887417642026,269.11056750475075,0.16007653635957492
1775,154.53952756020607,-40.60463565142013,120.38647703510325,268.8705140066108,3.233576623840688
1776,154.89026759254935,-40.76326155249217,302.41127963477203,269.10261106190205,6.113636343988288
1777,155.62161911835523,-41.08996573677481,679.4822249778179,269.1815513730338,7.363270732445165
1778,156.78460674267424,-41.599919349131305,1272.5449854096896,269.04713117512136,1.7947841748797428
1779,157.2149668820887,-41.786762568644505,1490.2250708627103,269.4831737104912,1.4933180919261604
1782,154.85404116710683,-40.749362682543456,284.3437307882082,270.30987442253587,10.890719129448488
1783,156.44875941476957,-41.45497668308705,1102.4261045147382,269.68464851122513,398.92218527456384
1784,156.66081375086517,-41.548292992193645,1210.3808189306708,270.14100514475183,0.19674118328943066
1785,157.88904584422505,-42.07698111333676,1829.0754643653781,270.48835824395576,0.5499681891316004
1786,158.07084450370732,-42.153511768948015,1919.6925848513151,270.1993730011463,0.5426030223104653
1787,154.9384923554546,-40.78866964734637,328.4390387593183,270.9920017664958,211.78727783084665
1788,156.17299925447608,-41.33744933930566,962.8521953220668,271.31066884839487,0.5287527936621542
1790,157.1504205345597,-41.76331814670501,1458.8611168413763,271.69625765899195,1.0895807982839876
1791,157.78322110065983,-42.032569529829395,1776.3040292506528,270.7900331517561,1.5565180852633134
1794,155.4307413697953,-41.01039405259477,582.8589015854618,271.8277743516311,-0.0914362600954365
1795,155.8758900222184,-41.207913965478866,811.3671561283177,271.940377367482,10.376132769499929
1802,155.32246972386477,-40.963827726153546,527.5956142876798,272.67118655822037,5.060847690110224
1803,155.44423892712203,-41.01875001454165,590.4680301683222,273.0164296760145,80.75024074528368
1804,156.0551940178036,-41.2901994249707,903.970843801057,273.6001415006618,482.86246689633253
1806,156.52409697491336,-41.49435936768599,1142.5139380678613,272.9867609061765,0.9974789026035967
1808,157.42026687642095,-41.88184920487286,1595.4141585080527,272.99462714311966,9.967407350496416
1810,158.21405535311973,-42.21891711606791,1992.3265264420763,272.68006455348535,6.17861786124251
1813,155.0535887832516,-40.84670855648313,389.7728108123366,274.2278131814469,1.110462414755439
1816,155.71799540314603,-41.142065827852534,731.5790276203559,273.93869144779285,0.91243146195973
1817,156.56821487694478,-41.51569764007466,1165.5022528448524,274.05694141296453,2.0929540447959085
1819,157.1067625179365,-41.74791651635618,1437.763915997772,273.4342220636346,2.3937067524897686
1820,157.36692489206126,-41.86146998806872,1569.264683041958,274.2660148600447,0.45130626539835755
1822,156.37604526043182,-41.43386970552476,1068.3795572981792,275.0963634413291,1.1733558369414474
1823,156.50001044908925,-41.487796138819824,1131.360755527036,274.98718270217995,689.7295242413127
1825,157.7486485761181,-42.025748830373985,1761.099474640868,274.81451926330334,0.17825999590820224
1826,156.06928199560136,-41.30095603272627,912.4372683379487,275.911186028632,8.502052528109115
1829,157.6858527256715,-42.00161880358429,1730.352574680351,276.1562645956843,2.3266577535166295
1833,155.986260393496,-41.2649123712888,870.1564175392299,276.16223127593446,2.0581454785987843
1836,154.5252404565787,-40.61655169817605,118.28856068635153,278.1436261997931,1.2613848752606338
1837,155.731159514286,-41.15630106772366,740.6926127803825,278.19588733731337,5.868177978393275
1838,156.40464716677587,-41.45251120862487,1084.6278011828363,278.21034807007453,570.169207296736
1840,157.19421399132247,-41.794608212411035,1484.2992096023897,278.0150607779026,-0.016486467276603207
1842,154.81368326124567,-40.7486744621621,268.4690806713986,279.1318248976601,0.9679924535797446
1846,155.7635494325202,-41.17430504552766,758.325878588228,280.0563616125575,1.6382627324175318
1848,156.94724861512057,-41.69121025432517,1360.5203607302399,279.6279540251077,9.554806577588254
1849,156.9641249274799,-41.69935750511076,1369.2798754769422,280.0592576509468,0.059772842715196756
1850,157.42609243417368,-41.89731352229256,1601.8233394255587,279.59250878925803,186.01384903583195
1854,155.0684831817819,-40.867163908161196,401.40674104811205,281.1917069947297,3.364951592305386
1855,155.57166562466645,-41.091515136094145,660.5218610852701,281.1821168938194,5.2020072904104735
1856,156.81402917752126,-41.63612138514682,1293.8475652008017,280.9515624212837,0.5262356697266597
1857,157.10415977975325,-41.76145079134114,1440.4210838167178,280.8846970915163,-0.537177775359713
1858,158.1939669695894,-42.22590351284926,1986.386480935098,280.56827136992246,6.6998804068131275
1860,155.48105710188534,-41.05294422181522,614.4440061522738,282.03101416306,2.6274057304419207
1862,157.0930483748045,-41.758595780530605,1435.3404745626024,281.86933734454266,0.11162113366332495
1863,157.20824166171403,-41.80960976638273,1493.7887488286103,282.5726553452698,4.36825402472906
1864,157.22655009839417,-41.81595460903293,1502.5974633765777,281.7930472402065,1.7155096559867917
1865,154.975593777426,-40.828654564872906,354.3129151010733,282.77678956585976,0.37080863529089936
1868,157.94533449988407,-42.124968851805214,1863.5706372744653,282.76319570669887,4.072217397114505
1869,155.3714424816424,-41.0084859889461,559.2911285721184,284.2172769647339,0.5910852907614469
1870,156.09330700329207,-41.32804651678406,929.3069662971405,284.2874523124701,-0.37794898198674515
1871,157.02108153758712,-41.73185379939401,1400.1905935999478,284.0647874827119,1.083376993675577
1872,157.30987018543868,-41.85560650036666,1545.5765870648834,283.743184492089,0.35850206076844815
1873,158.15457748976175,-42.21556393287315,1968.4300409828982,283.7802056839353,2.1150357535016164
1874,156.48791346008178,-41.5013434787752,1130.3996285462613,284.53910044812443,139.04146726159237
1875,156.51044333121817,-41.512992427710486,1142.3467131077323,285.4634181830405,11.220752722104546
1876,156.82975832187478,-41.65057070031471,1303.8913075664875,284.82673838474983,1.0186483676969547
1878,157.3783616237333,-41.887905789678356,1580.803399405682,285.21830668190927,-0.33486822771850366
1880,158.06454899868146,-42.18096783587243,1924.4907128796883,285.5541867548536,37.05611498982904
1881,154.35672874629483,-40.55558304919813,35.142844424014505,285.9049908152119,0.9783650437694036
1882,154.52657136134437,-40.63315649303641,123.61639547486675,286.2166648979395,21.23892330556195
1884,154.86196146372444,-40.78428279288968,297.4559108964971,286.1454502977552,26.99748011106208
1885,155.11627140966337,-40.89797158963325,428.7649640796645,285.94674138018615,1.107834263175345
1887,155.1874929543679,-40.929301888437784,465.35542863997694,285.681859511727,354.020135868011
1894,158.00437396605489,-42.15550124114698,1894.487903399948,285.56450491855475,1.1743975921171508
1895,158.1374086730682,-42.21118590562061,1960.636374946205,285.2476117214178,9.119876197534852
1896,154.6070233907607,-40.671867836651856,166.06070989727445,287.3981841942972,1.1465658941405568
1899,156.3463249507565,-41.44409063184508,1059.6740490539828,286.8732528135389,1.8699297372622423
1901,157.07524598936084,-41.7602948385133,1428.9006928451777,286.6362580568996,8.003619812477519
1902,157.3880564148065,-41.8955128109615,1586.6034782635281,286.97277102052595,12.038817637557562
1903,155.75706348549141,-41.1874900579075,759.5116310657177,288.1843448144668,1.4194525104107145
1904,156.18754919313727,-41.37506855925564,978.9494224710754,287.1447120086834,0.32608969992771986
1905,157.18117165638859,-41.80879181448473,1483.07740354028,288.0813963597385,0.7342324580295239
1906,157.70570767650693,-42.032879941326065,1746.36829423905,287.76379913778806,1.4645791424928538
1907,157.9080936278786,-42.120293198359995,1847.919300422069,288.43455369719044,657.3461291655572
1908,154.46797168349664,-40.6116901380547,94.63866591233524,288.7678900031226,0.3492093549783935
1909,154.81914797098023,-40.77025784925027,276.80016719262807,288.78769803182234,2.8126420940544925
1910,154.96221592841792,-40.83580385251575,351.16734433140886,289.42054693198685,1.1433021056380446
1911,155.15290648916977,-40.92059891945198,449.4460013763701,289.0987702902649,0.8523004887027306
1915,156.0142496837493,-41.3030101740439,891.6527326425212,289.2210755778607,-0.07518827051322523
1916,156.57499208997027,-41.548836350359096,1177.2402955079688,289.3771593183874,4.007767213488074
1918,157.744398437616,-42.05151029586787,1766.3054076831768,288.8560590108108,1.0333281249631667
1919,157.8533862957007,-42.09761514075056,1820.737354180696,288.72053586647746,0.7106020893899603
1920,158.10164177144043,-42.203199304513824,1944.6972659600142,288.8860783809883,1.0758923987750377
1921,155.47275422062708,-41.06463946800772,614.5297282827554,289.8147428304589,0.4167684912564109
1923,156.38425057277377,-41.46651214160079,1080.582219076851,289.83409376514135,13.140854728306117
1926,154.58639835963456,-40.67057442410363,157.67849732080245,291.44727930483947,1.6798072430512543
1927,155.02076937884243,-40.865259978787705,382.3360191854108,291.03291119498016,5.891040297018927
1930,154.48859792191897,-40.627920064257054,107.35441575100931,292.2435366142066,3.3320200647790186
1931,155.43914929254043,-41.053521251790315,598.3390257653931,291.7504892671426,1.7145683949121113
1934,156.2917210126713,-41.42965900261656,1034.499589583258,291.6733386966387,13.460747130195776
1936,156.42258015117946,-41.487820886175946,1101.3313448833546,292.1475672299871,1.6871699918086298
1937,157.26522480561414,-41.85232582550148,1527.3951310129912,291.83076826006794,2.6501713626595884
1938,157.6614960866305,-42.02249236002121,1726.483649862331,292.073611209814,4.511423832957298
1939,158.03430421762658,-42.17994310470432,1912.5179882812065,291.5589861884213,-0.08266085506655146
1940,154.8222040763777,-40.77962068739823,280.67962746639904,292.82058470849057,2.7362868987228817
1941,155.07146306486953,-40.89238330742642,409.7728070707176,293.25987121484553,6.3869936968184735
1943,156.61128024323455,-41.57201803950253,1197.678841992081,293.123906693682,1.008259872477446
1944,156.9407518942128,-41.715104549640124,1364.5027086131008,293.19518754593906,3.1809017588947155
1945,155.30871957388374,-40.999865712372674,532.4954036772659,293.9941548935249,1.7860602416244047
1946,156.67402672880746,-41.60018074878273,1229.731159613845,293.56573671406284,3.0493419669709296
1948,154.42090045529073,-40.60304022640692,73.85265540418109,295.1603154150754,1.5073503437655662
1949,154.76979655250605,-40.759494348827474,254.5425488919899,294.5694958744549,490.60253807888427
1950,154.88900036492086,-40.81468146252427,316.6848811672275,295.35837368600164,7.825768463673104
1951,155.17833786525364,-40.94289486731312,465.67585937048165,294.62034639315544,3.7453643131304823
1954,158.23981550153593,-42.2735043512403,2016.6072031138335,294.9752852349526,2.2395784795916485
1955,155.11209651158478,-40.914952307588926,431.99268233766117,295.4716050103964,668.5733795738357
1956,155.88145260347898,-41.25797429158708,827.5432450487865,296.0517062654907,4.364271545623911
1958,157.11832431408627,-41.796596335076835,1455.4274569532713,295.64498277074904,2.998686760507451
1960,154.4437754315501,-40.6162294947544,86.56209869222786,296.5845292664031,0.7115961879955335
1962,155.01195558516085,-40.87389881064546,381.3872692623448,297.3930284520935,0.999740156894779
1963,155.92172711974592,-41.27862204554796,848.9446950555051,297.5130504683522,1.1955937818679534
1965,156.74131277437718,-41.63563133792224,1265.521408018404,296.7236817786334,0.11059163156891007
1968,157.1863539406821,-41.828674497483135,1490.457970170483,297.0552750215271,9.473191385675488
1969,157.49795708142778,-41.961708011643225,1646.9243089472973,296.6983643117791,-0.43788030987252885
1970,158.18101089670012,-42.25263920346693,1988.3935693672972,296.99063375002277,2.059108511179414
1971,158.2142232728421,-42.26572372997127,2004.6706680760751,296.5136042394017,7.457510465911407
1973,154.5771798035262,-40.67898359010515,156.53254692415797,297.79155208068573,8.876045543053845
1974,155.36896220626352,-41.03429770450007,565.6507085531827,297.8289302811527,67.9339233061227
1975,155.7534910065495,-41.20587220639977,763.288442523638,298.2903800701441,5.956611233871825
1976,156.56900842206068,-41.564029622957705,1179.0957958716979,298.40983729024555,-0.5002792162838854
1979,158.16273525648194,-42.24599152648093,1979.5802168314437,297.53664417892514,0.5703177863401039
1982,156.07430060288561,-41.34849914803076,927.6287038611654,298.8856398896886,-0.06114897851304522
1984,156.69724728227646,-41.620743015324685,1244.365995030092,298.881057495173,4.286083331960762
1985,156.94440559245484,-41.728088591454075,1369.4507094441567,298.9885283512699,0.8394713540532397
1986,156.98032223891042,-41.743474446084505,1387.5505422563633,298.9169691625512,0.16647023787839485
1987,154.5261594167472,-40.66111528490618,131.55597591090674,300.4141426227758,1.4927421676514507
1988,156.4085567693777,-41.498364982359725,1098.803578127826,300.6028940912285,49.54287567244103
1989,156.61330367514157,-41.58635928987822,1202.4001986969208,299.9554734189429,0.9357865413347176
1992,157.53627327235014,-41.98393345136992,1667.7077564330198,299.6682018720866,1.6273208298487103
1993,157.6291221850334,-42.024404901477084,1714.4614118437366,300.0792709795969,5.219849001570402
1996,155.5425104031114,-41.11718173090819,656.4525618567096,300.7171192934049,133.57005544817366
1998,155.7018220181725,-41.18818989071715,738.2730798098398,300.91165967069054,4.885757903281384
1999,156.5900244337964,-41.57747766778644,1190.9376167883152,300.5902638505821,-0.03279657496800599
2001,154.81744254084433,-40.79571459630497,283.46009720849173,302.0272765039667,5.7415083548826
2003,156.81344412368605,-41.676328471677536,1304.5983633327826,301.4992115760615,3.8209159554224503
2006,158.14335488569264,-42.2464656979753,1972.21031462002,301.95267471899973,-0.0869037761633198
2008,154.48450392568685,-40.64757482297119,111.46434633639836,303.09132462944297,172.72462377130574
2013,156.03716953488274,-41.33948873021062,910.7168710255482,302.5933492390896,3.574743271160226
2014,156.37211091149513,-41.48686708859759,1081.4980424498656,302.8488759400755,2.083440442550888
2015,156.57685008575837,-41.57669431742032,1185.6157393617707,303.10356303266514,0.14327288973351945
2016,157.14266135532756,-41.82150981317777,1471.5966821728114,302.9776190125802,6.186724882854164
2017,157.16444140944083,-41.83091449514611,1482.5756109923127,302.989803375049,0.3016032521657918
2018,157.27130431746048,-41.8770085964878,1536.403340272349,303.05317036443694,12.745661367788317
2020,156.10732030437424,-41.372866152337195,947.2178365765318,303.8801759807817,1.4289961810815268
2021,156.9032370238095,-41.72050347829803,1351.4351543430541,304.18216859300315,15.868748810296035
2022,158.06605437730542,-42.217393792116795,1934.6693436326843,303.79574525239127,1.5427427358206884
2023,155.23859324181083,-40.99148723725705,502.89932150850274,305.575743519823,0.280204481099766
2025,155.95801848120524,-41.309548630873586,871.6650037778786,305.0768009552046,13.399891121425386
2026,156.3932991298117,-41.49986555652872,1093.3025873895403,304.7448182894375,3.777342900925099
2027,157.65481284007151,-42.046297025008485,1730.2424038611841,305.6432016493994,19.169866991945582
2029,155.7317922742677,-41.21111744623655,756.3444481538085,305.8038982999427,4.5659031861034745
2033,157.45787429101262,-41.96203382735671,1631.4935180575894,305.59355970323475,29.948092986332693
2034,157.55420051179584,-42.00317360449062,1679.7923921588376,305.5594118096562,1136.3437441876388
2036,156.70492705662303,-41.63922152324543,1252.402232534297,306.567668965666,5.080159714842525
2037,156.7225186416697,-41.64723779290872,1261.41314102241,306.7586698063685,1.1448603236242598
2040,154.33354031645047,-40.59153841468861,36.603009970988914,309.3373959981844,4.933467583842242
2041,154.347197818974,-40.596823348945186,43.440194048825624,308.87724989425857,5.431767123135514
2042,154.6569876487911,-40.73703984447882,204.28535120312537,308.90071155985777,3.24057045312991
2043,156.41999592868612,-41.51949706062071,1109.069755180529,308.7868505656755,0.02955973429760139
2044,156.93195269918712,-41.74220719292066,1368.4669096641271,308.8961379588683,4.064700494035466
2045,155.44763761868506,-41.09278244011099,612.748197203767,309.698098599179,175.5332132247458
2046,155.52068267303918,-41.12619978163991,650.5319523183225,310.18218252809663,-0.04634623816053407
2047,155.57095398407745,-41.148170608463374,676.2342839229822,310.0083794417956,0.7361603931179329
2048,154.49960578701643,-40.669120645821934,123.57074065474397,310.5107231923568,58.2791310098052
2049,155.58966853131696,-41.15807596981317,686.2871730806353,310.8197457070448,0.40280983581353524
2050,155.90564081955355,-41.29708086433436,847.867994670814,310.45350374237165,1.8149574438803469
2051,156.58826397281865,-41.59841337159143,1196.0053339993738,311.602938354192,492.2529809794611
2052,156.8384291935421,-41.708325073786085,1323.0095207547245,312.24861563772555,6.766846988574579
2053,158.204636907533,-42.29034371215184,2007.4219341613664,311.1295248989717,6.811292086064013
2057,155.62458099970914,-41.17589521136015,704.8508410758736,312.00380336423876,0.2814729000776159
2059,155.70804927425255,-41.21160560118171,747.272904290415,311.36818801191004,4.492449029319965
2060,156.2004290507783,-41.43022357047079,999.2565116337141,312.23850030033185,0.5172886289271887
2061,156.283449594031,-41.4653998587304,1041.1896330979828,311.6307379364411,4.432611082136228
2062,157.02619237251128,-41.78891071948063,1417.656828541188,311.9355972388294,1.7785413969520645
2065,154.78115307952294,-40.80129447793516,270.98404125522666,313.08778841054055,5.9915821595140955
2067,157.00666437626708,-41.78293531691077,1408.4724687078713,313.1835398650281,121.4797407150536
2068,157.82599607780074,-42.13304302487196,1819.5337590717845,312.6952604261812,6.32186967408071
2069,157.96274489555307,-42.19094553671898,1887.7435807050322,312.617165916609,53.01869515177207
2070,154.40759342337446,-40.63403503398859,77.69070356210234,313.8297255969481,0.8976569017754495
2072,155.09867930197325,-40.94593420943194,435.6329966958757,314.15909293335824,-0.7561333510534812
2073,157.2671587181973,-41.89787288126316,1540.421217740066,314.56739488540376,27.07568126519045
2075,154.8124133120656,-40.819469235982446,288.34058040830706,315.16094651128975,1.839276309925305
2077,155.16684197085905,-40.97810508822642,471.2521849497975,315.01057142409314,0.16451068884957007
2079,156.71009325344926,-41.65818796647842,1259.5958126089054,315.05615979041124,0.03875823261276637
2080,157.66353982897544,-42.068202593579755,1739.457063370707,314.89913398903116,0.7058819907131261
2082,158.18841450012295,-42.29040422779687,2001.1678830136514,314.650975939809,1.8616387976542483
2083,155.15052847562484,-40.97199404665375,463.18195987956705,315.60761756634747,3.6562073789212755
2084,155.9255989542421,-41.31676339642561,861.1101118022601,315.9656462480157,1.1830882735264574
2087,155.11095622575823,-40.95707490658946,443.5759057427853,317.01206061295005,17.534246320782593
2090,157.59549629490184,-42.043331332217576,1706.5003259007644,317.0181535129529,6.993867095817381
2091,154.4811043870553,-40.67591408195908,118.36214822383609,318.1589225306557,1.667029589209844
2092,154.7048308324169,-40.777100324148336,234.4058450206899,318.22783825427547,2.254264038379905
2095,157.16248307744343,-41.85919237202659,1489.4608074004893,317.79165222149777,3.9276196832199117
2096,157.24740581623698,-41.896251269454055,1532.3380363303636,318.05890754101773,-0.10163460284468168
2098,157.68615029131016,-42.083046141114814,1752.1571403613787,317.54810056869667,7.016936454684529
2100,155.70028448083798,-41.22332378541671,747.5566946296882,319.03783541670856,0.19477823604707498
2102,156.32790476511656,-41.5005408089602,1068.143290900788,319.58399846842826,584.2887457698381
2105,154.29593303252364,-40.59567121808608,23.215971793425293,320.0258593992754,-0.4219234641536119
2106,154.72918760929718,-40.79086315850165,247.82107733095853,319.6340436098459,4.682419245181149
2107,154.92450646875838,-40.880216299650066,349.26721554560703,320.39729506999356,9.324516078676552
2108,155.48166907924377,-41.12768534904419,635.821353108703,319.6993297233662,37.68357730562793
2111,156.25529403379107,-41.46987861974059,1031.5178846634847,320.15130457471065,2.6810169952590743
2112,156.36857721054662,-41.51934250635616,1089.100179144472,320.10044545174736,0.13332534340189753
2114,157.62138162949424,-42.06047508187869,1721.0887985722886,320.1195955103228,1.4326335369853758
2115,157.8714850104474,-42.168012874545255,1846.3921048795091,320.66140213826395,3.24921306107338
2119,155.30986779341103,-41.05267844052113,547.9430997534615,320.43452600000484,736.02679583529
2122,156.4215619663495,-41.54311090211425,1116.1911017840764,320.4161160662481,2.2253382761611675
2123,156.46904711471078,-41.56441211960782,1140.4608590404196,320.70899318636265,2.06794341859501
2124,157.0086746000541,-41.79927299908465,1413.685761919191,321.0425253160517,12.1716715497268
2125,157.2583453525876,-41.90674998945838,1539.4023741789542,321.0060195660073,0.303334667895983
2130,156.30633683022387,-41.49488052123514,1058.2200667884467,321.49799552940993,1.1951891361082054
2131,156.63118370717928,-41.63784426726517,1223.4550415918318,322.13562818632465,0.3893469853141731
2132,154.4886931117047,-40.68992994001295,125.36887090908421,323.4949117980554,132.1939405006025
2133,154.7618841109472,-40.81238516669762,266.7023561217829,323.06353180900794,2.270171417781509
2134,156.01844210261822,-41.37110992393167,912.2721081149017,322.78565687447394,4.430478863520658
2136,157.22015402153252,-41.89539466161078,1521.5594562214424,323.57957586263456,9.619326706905685
2137,158.10984002635297,-42.27242661519212,1966.0796418526174,322.4054551000427,33.70444816526274
2139,154.62657421240377,-40.75390931128456,197.3590675009414,324.3360348422868,2.148127447415975
2142,155.06971556462895,-40.95275195584783,426.34678591908255,324.1524897363995,20.374242542450297
2143,155.8481015057974,-41.2988455712482,826.054333990031,324.1988848924713,0.8676148610013136
2144,157.06871485072872,-41.83050264655444,1445.398411529898,323.7454519412692,20.836693685443006
2145,157.49387600422668,-42.01371992397796,1659.2717137717466,324.0495061327852,0.3236661097934271
2146,157.5388445006552,-42.032383770268034,1681.6601963270505,323.7623611530462,3.675058032443639
2147,157.44284997300957,-41.993605811585475,1634.1434948801514,324.9266328773174,1.95847366787789
2148,154.77353600302823,-40.823913979568935,274.54017391332184,326.2345049701597,7.3395801868489405
2150,155.64767698158772,-41.21357568687625,724.4187702739988,325.89147344543,50.3994595649012
2151,155.97683994075786,-41.35826819147192,892.5659962093146,325.55454478162625,276.4723713282334
2152,156.7067038062751,-41.67744170802484,1263.5526910209048,325.5758450014519,0.5605078865506314
2153,157.16278278401774,-41.87669152500292,1494.3060365312112,326.61980241760637,146.8888855707796
2157,156.03970151861753,-41.389203366243315,925.5544575926011,327.21438481498063,2.3431866260296514
2159,156.9338569332065,-41.77805255571499,1378.9548041016617,326.6842113003446,20.403372951084897
2160,157.27577703488438,-41.92565648748996,1551.2424794548012,326.81028748280414,3.770483109968703
2164,154.8758497806929,-40.87341546081446,328.4460776497975,327.9961440310473,16.07099732550041
2165,155.13557278714052,-40.989593457284215,462.40154491432247,327.8780906326091,13.356533770035808
2167,155.9461629093003,-41.35008093411031,878.3911899935143,328.2497072445799,3.7647957886294825
2169,156.39105791182962,-41.5441623281839,1104.663587124325,327.70489948393083,3.9727154339443573
2171,158.22736384841346,-42.33302366202731,2027.3924122139401,328.0010399503057,-0.44925483602893457
2172,154.6060534715048,-40.75423361411828,189.49475490354007,329.17252586462865,1.8443039098009968
2173,155.14664934804765,-40.996419082090185,468.64291355664625,328.82450123306165,0.4027353737399817
2174,155.41834876380707,-41.11713757854725,608.2859139376228,328.6011598195325,4.41054223958571
2175,156.64391281246165,-41.656922472197465,1233.6162929211873,329.0081049871881,66.57031970354171
2180,157.81853874428268,-42.16200503107039,1824.331152498348,329.0578690060673,4.890536339822929
2181,154.70703539601746,-40.80204471536878,242.45295089594075,330.31297519605323,6.0767050220839725
2182,154.78391355714015,-40.83678380933782,282.26818627582736,330.37238037018926,6.574688762090783
2183,157.38436570179454,-41.9779498149859,1607.3182488876164,329.70732415855235,1.3199722600907462
2185,154.9172733275683,-40.89803772380737,351.5732849945039,331.03470442425464,0.8658475892619418
2186,154.98841376906933,-40.93040986651297,388.4317919655106,331.26511798843546,64.32568386490749
2189,156.19465074248038,-41.464261331434656,1006.4629917710378,330.7729911497019,2.0239912776302726
2190,156.50923396030873,-41.602044776150215,1166.3883772337751,330.90907517990985,15.357407893700785
2194,158.00516508048048,-42.24604346108985,1918.6834699261617,331.52983266482227,2.7991241454713434
2195,154.47412393716408,-40.7005440197921,122.79604831336903,332.17129633137426,4.681192298619462
2196,154.88851999937447,-40.887483632138014,337.39712736332734,332.2247591139256,2.507144763989643
2197,155.78177206730493,-41.28519099619892,796.519383507614,332.1130000906777,0.2846474112791378
2199,156.8538124960053,-41.75409248665462,1341.4450299729722,332.1045877145331,6.567627608243836
2200,157.43627587600244,-42.005021515110144,1634.6612378374532,332.16475070667803,3.689868018937452
2201,157.60562605917963,-42.07709591908825,1719.429816016027,331.99978851642163,298.98014129235565
2202,157.89625441360434,-42.20104985711614,1864.7116896972084,332.13142138631446,1.6026938371944306
2203,154.74385182530085,-40.82359302046559,262.9374443391942,332.81699445642175,1.4916127732249238
2204,155.12738092473552,-40.9962837458812,461.13404954393593,333.1085091805699,1.2631733878901725
2206,156.39819764962127,-41.55732056381821,1111.0608321649988,332.7956445727612,1.75018903515288
2207,158.11954474134427,-42.297534527382744,1976.4302477215615,333.1111667444533,3.318784753542915
2208,155.83484225517282,-41.31193620734801,824.5824387226045,333.7884366992467,0.9087741006372528
2210,156.04419199147614,-41.40483831722037,931.6506345486084,334.13396062053505,1.3369386387609785
2213,157.856573745286,-42.188887331789175,1846.1568435667057,334.51719659127144,229.27496297101555
2214,158.1326280744268,-42.30429246365977,1983.2599977548732,333.7380569603839,26.64977568223481
2217,155.69078030707294,-41.25078698742079,751.5948995823094,335.0636757298783,4.6731822027357435
2220,157.19799495009107,-41.90835942729131,1516.4839537683968,335.0134135435,9.764305107382937
2222,154.31915814742575,-40.638068384854115,44.56526080925285,336.0794880085419,6.2195547358154935
2223,154.90122781740575,-40.90105851341481,346.2190622331565,336.19666643101294,1.580421789841412
2224,155.23925434637286,-41.052003822559385,520.374150971968,336.0108360590142,4.829444118362847
2225,155.5767611100245,-41.20169469332196,693.5842699736185,335.781729211716,16.06857719071981
2226,157.08370543296184,-41.86076720558854,1459.3979548103102,335.8381521853474,6.984520940635087
2227,155.6415722457741,-41.23311131122331,727.5527683175692,337.1435043040224,15.554096172779264
2229,157.67015353218085,-42.11420973241712,1754.2700069787763,336.88054427434446,-0.3633656126331997
2230,157.9726649015256,-42.244061705990035,1905.6036319227446,337.5341958594628,0.03721346520898394
2234,154.71379440209398,-40.82228006926439,250.9064472365027,338.9860009861298,3.0000108959837886
2235,155.03731940310362,-40.966884891237974,417.82622351946867,338.61765919675867,13.41767565032561
2236,155.1361646700673,-41.01337681353049,469.4145122317938,339.75930112031796,1.267067339279402
2237,155.30840746607038,-41.08865694360756,557.5943420458541,338.9490045265714,25.92934114420167
2240,155.9558078811847,-41.37586693210029,889.3298173792039,339.1564374870005,0.053659441082306886
2241,156.00721056359518,-41.398040239071555,915.4293681242101,338.92823749821713,2.4287031443716582
2242,157.1544137856494,-41.89753679281667,1496.701055262825,339.04401419741725,0.4264189239873174
2244,157.38543332987263,-41.99667233797928,1612.75828287716,338.99541735487094,1.230306865817897
2245,158.13502314433427,-42.316467842014966,1987.3837324684391,339.4274430759069,6.086882517661941
2249,155.67173374340982,-41.25146237805148,744.404432558399,339.6708586339682,426.6231069121626
2250,155.92381736353622,-41.36208253313005,873.0863736937316,339.311661311195,3.383775456013189
2251,156.43299481699123,-41.58782697444147,1132.950263585082,340.5612574965093,0.3869903482059116
2252,157.3996412168551,-42.004694594112145,1620.4058447729678,339.97879907550924,10.011136071082294
2253,157.42639153206417,-42.015321752968944,1633.6006694214734,339.55598564324197,8.219751933144149
2256,154.5192544870991,-40.73857989321276,151.3139739393239,341.0562236858941,1.906716445342414
2258,155.72101179093792,-41.276147596690045,770.4369537618884,341.1287694484927,2.954479510262115
2259,155.9049300345145,-41.35744297841111,864.4727888709664,341.1767197283868,1.7545074684383035
2260,156.95265288085292,-41.815812496094516,1396.4950069376382,341.73488536993,1.4945195364394572
2261,157.82147960069668,-42.186728896332454,1832.0234498032971,341.0100880390975,0.8557940305255296
2264,154.63510732468467,-40.793211456359344,212.01911531153766,342.2189726090438,18.366042272728876
2265,155.17085503326345,-41.032709275401686,488.37049342660384,341.6933514548846,2.101364706114997
2266,155.876803565092,-41.34639431715132,850.4869492333487,341.86080281776685,80.7591415113166
2267,156.36713860949442,-41.5622553330267,1100.3955900456826,342.1767869365224,21.547371286767145
2268,155.51072568322977,-41.18558265413552,663.4474718072491,342.45262513771314,249.6525946724354
2269,156.1382041292405,-41.46303262781735,984.2575588102436,342.69566110971044,3.434949096870875
2270,156.15224425018513,-41.46997911814963,991.6247209609635,343.09398062452556,2.032025358273805
2271,155.18877236279778,-41.046571820386944,499.2630894483301,344.6533463738547,0.9506914988230112
2273,156.52553762682854,-41.63484152303546,1181.7220785764534,343.94078277037806,1.9172319690434152
2274,156.6771839105856,-41.701002789577366,1258.57431734758,344.03919912706584,35.866421599847314
2277,155.06427357365,-40.99158861697515,435.33331341237977,344.99843480844186,1.8842595944186653
2278,155.60393317875716,-41.231830954619205,712.6084137213887,344.93208335721306,61.872542311364825
2279,156.44667520201992,-41.60274520326692,1142.3584238134401,345.0990496494358,569.0533538676183
2280,156.48351772654107,-41.61787313504348,1160.7873643674757,344.62240156257593,0.3369105660241304
2281,156.80083020237848,-41.75692570117762,1321.7120858609235,345.1944345381691,11.118400216656623
2282,157.1297295326363,-41.89718470229315,1487.0575178133531,344.2656873495097,-0.18738111504639443
2283,158.08285100547332,-42.30545667553768,1964.3415058318215,345.05157862258744,-0.0858588848719494
2284,154.42746191444502,-40.706870038432484,106.54233843506023,346.01034887946645,2.1359467896613347
2286,154.6807345246475,-40.822379500875265,238.12119692229558,346.5526036910661,13.654658796110649
2289,155.30136621709804,-41.09876836917665,557.7370719060775,345.64527642268735,402.6146738427538
2290,155.6570750431186,-41.25760942202662,740.4547350771362,346.0641001291142,0.6022508848318734
2292,156.33371239718812,-41.55531357800794,1085.5358938702364,346.06392003040804,1.9664951293088782
2294,156.73064783676014,-41.727026418774265,1286.3861825514869,345.46605555475617,1.0216663913059416
2295,156.86311051358712,-41.785172685280294,1353.5124147884485,345.8408003982457,12.907355844640255
2296,157.3172500750935,-41.981196063895894,1582.2339044815901,345.9934526364446,2.0826299904535914
2298,154.36462535816543,-40.68033505568919,74.48230651892122,346.9869557782805,0.6259204779162779
2300,155.96901044829812,-41.397408726732976,900.4572783318603,347.121193104343,7.0954729230362155
2301,156.09453746806557,-41.45357795247021,964.7189293218663,347.6168891896179,1.0216881279649541
2302,157.3358456451158,-41.99044043240985,1591.9096938275982,346.63725173875633,0.35785675824450897
2303,157.69410300104445,-42.1451765096421,1771.7689713324496,347.44672555681433,-0.01933815164266279
2304,154.27840742453517,-40.64210691558562,29.945147312883044,347.43621909437394,3.386306859982428
2305,157.5611133296789,-42.08876973670209,1705.3387357109111,347.6088954499623,7.244816855679605
2307,155.01224611008158,-40.976579819714715,410.8817255929357,349.18524310331475,1.976023677314772
2308,155.0335451356195,-40.98537900105255,421.6511395220286,348.8106956948378,1.5709532078136206
2310,156.58849583325474,-41.67215689083377,1216.3419284462504,348.9654886167585,0.6753119268968842
2312,156.94353828169204,-41.82630326183399,1395.8199816665247,349.06259496914384,6.024417538815158
2314,154.39207916533383,-40.698322123339906,90.34809509675173,349.7808693517567,1.1510386693511758
2315,154.89838452441438,-40.927114850697606,352.5921795237011,349.99419077111594,6.551111282729817
2316,156.21399646348652,-41.51169823177747,1027.1133007486633,350.514387234348,1.11936863617575
2317,156.66091304378656,-41.70565280988323,1253.551100227313,349.98525736711554,9.269760333576896
2318,157.37697574860252,-42.014957775034674,1614.3976711919295,350.13621520873073,844.4437330431867
2319,157.975595480532,-42.26961278115513,1913.4791276764017,349.9165842838388,22.68936487554526
2320,154.68267615909548,-40.832282247227205,241.72974296252602,351.1065296368897,12.758320774178966
2321,155.17836598173471,-41.05419124334989,497.40112108987216,350.8507395987902,3.676485367487299
2322,156.01253989927162,-41.42465825797358,924.9146055629276,351.2212617044854,0.7589216419155207
2326,158.0584602148879,-42.306992768596885,1955.3278166498048,351.08938442920845,2.3659224660765825
2328,157.60232974519522,-42.11520457739685,1728.322720475467,352.1059379108146,2.0071392864761464
2330,157.76129134060514,-42.18234119056479,1807.6056401951207,351.80473930376246,51.63569728120102
2331,158.1809405877053,-42.360147536282845,2016.5774688485947,351.80872733179837,2.2605110375869835
2335,155.31200609940007,-41.11836386631384,567.4230835881309,353.1521608074694,130.94405801145493
2337,156.3421411163271,-41.57218806243544,1093.4620568804046,352.74990391353714,6.192861293745283
2338,157.10793709342582,-41.90607926147081,1481.0352781067484,353.55364339580467,2.470199731131764
2340,157.35177611108733,-42.00889930946499,1603.029232043127,352.54831369048867,1.9899330801468755
2341,155.89743625706794,-41.38034250313599,867.9731110567535,354.44188249812566,-0.13756948790671852
2342,156.1862699969682,-41.50569013806426,1014.7130216610744,353.6270976348095,1.727331867492888
2343,156.2477366003609,-41.5334251627788,1046.1960871810143,354.035434175625,0.45571876273591927
2347,155.42511142809548,-41.17200048761133,626.4396023405295,354.81786392073815,13.215206406465885
2348,155.47553886567644,-41.19434288485191,652.2916437075243,354.78358345331026,14.183978871851837
2349,155.80583617990624,-41.34092685226641,821.4698447347247,354.94291451778435,2.427399172289964
2351,157.98229287657435,-42.282037289168535,1919.3433997155923,354.7998170704885,0.8845918166249364
2353,155.7418846555971,-41.3152285329696,789.4972316148103,356.2341975875359,5.218349714221139
2355,156.37747919080655,-41.59421146491036,1113.221430989891,356.0869232202099,2.268210323106693
2356,157.2973260480379,-41.992390505555605,1577.5428511265357,356.03058801347004,5.324504634243453
2358,154.48305799388334,-40.75360995031192,141.64088059778192,356.88728588346015,1.5371216934623864
2362,157.22953703925063,-41.96534276751741,1544.0538194381843,357.0810454205874,4.031151387271821
2367,157.2096576162962,-41.95794096905124,1534.3730301245444,357.6620238298022,8.741812604981213
2368,155.07684227318677,-41.02458767622639,449.6283777427759,358.82264224794693,0.8470025611985528
2370,156.08901524450326,-41.47438450989026,968.3686405520988,359.3841207127833,1.5749731463671315
2372,157.6794996235026,-42.16170195102322,1770.5247075645423,359.0224887975101,2.517825787107823
2374,157.94663109461334,-42.27421076301593,1903.5090122507986,358.5094330314268,320.70223852538754
2375,158.08077998038385,-42.33129920926947,1970.3398225208546,358.6643530760328,1.301419767238862
2376,154.4040013186514,-40.72418504629908,102.47807418637983,360.0935481777145,0.27139311207127326
2377,155.20532667031438,-41.08479988480175,516.5605163696998,360.2318857805975,751.4214216171443
2379,155.48173366189042,-41.2074800139644,658.4041008929174,360.0345134298826,1.164203629732824
2381,156.11528506777978,-41.48583521457048,981.7210952720387,359.3424178525203,1.2147968843637553
2382,157.97306085850366,-42.288264365695674,1917.4220922394732,359.9631416356898,2.3664146860688775
2384,156.86483079861782,-41.815602389671746,1362.466447753938,360.9109757748235,1.419000286405966
2385,157.6531803707464,-42.15338916792282,1758.1455971000066,360.49974310901285,2.896985432480043
2386,154.22997158147948,-40.64944965799943,13.318035231478285,362.21956150375206,40.322237838584485
2387,154.46206477191214,-40.75369044984136,133.53141705885977,361.71561462250816,12.817347660278026
2389,154.5936148711669,-40.81383539702785,201.8993414245914,362.0641354153646,6.346477200552002
2391,155.34602393978068,-41.15059309209962,589.7437357935886,361.7829790840118,0.2849778946715741
2392,157.32325814515292,-42.01506117408014,1593.663120727352,361.8982744474932,11.883549874756449
2395,158.12387646095567,-42.35624986251001,1993.5307115922687,362.09842211494515,0.29849350518194956
2397,154.80795094620393,-40.91245038209275,313.3461748138617,363.0992881513664,30.995702411365635
2399,155.42537213513765,-41.188645967259006,631.2518721246327,363.17370352220405,0.8863671085341457
2400,156.27111092681025,-41.561129752253095,1062.9140054395666,362.8897421726369,-0.11831879108908952
2403,157.71138161467746,-42.18248437466458,1788.3664028762917,362.68832596382464,3.28983478615804
2404,154.2550551040706,-40.664431186990754,27.400898147306247,364.0261756630473,3.895280528886493
2406,155.14443094077768,-41.065331897159545,487.43083156728005,364.13630488593213,0.8031511202113036
2407,155.53032075672263,-41.23637416362376,685.3791051826777,363.73867840517767,263.88088364944406
2408,155.74526140548448,-41.33213478698002,795.5503755461458,364.0332273803148,1.3435397594141205
2409,157.17661769697193,-41.95616582426537,1521.1227748835188,363.9797781340919,-0.15456603885396267
2410,158.01009585432635,-42.31144284428618,1937.829900879786,363.7808858100375,3.579188544845772
2411,154.4914955978205,-40.77445634220542,150.9497273113617,365.4723882917732,1.923808162865337
2412,155.19197438413315,-41.08833377344632,512.395400188145,365.0282228890899,3.8522270723288923
2413,155.70330384329105,-41.315202456727114,774.5520016450265,364.8513280601018,2.8993625870383335
2416,156.445889168767,-41.64485693128267,1153.656716867765,366.62503060936285,259.37546814440043
2417,156.95653252810098,-41.865315152349176,1411.4452296265913,366.02115464949986,87.82446067749486
2418,157.36348505704956,-42.03947443647863,1615.7669406543139,365.54024874437266,1.1770082529287331
2421,155.65581643971683,-41.298089264226256,751.3567634630728,366.8231416151431,1.4105626528247053
2423,156.03612833955808,-41.46554728738443,945.4393615014144,366.67548584003026,35.28632257345024
2424,156.11681479833723,-41.500446968825116,986.3744567249109,366.40344862863014,0.25463216400890987
2427,157.25224036224182,-41.99375103337116,1560.4842029308215,366.5608844834651,20.268109242805515
2429,157.57742264508033,-42.134809181134166,1723.93179759949,367.4869753136581,2.4183237157182877
2430,157.65896030303026,-42.168442508207114,1764.3864453038157,366.9055755962463,25.921532159857215
2432,154.98927702967478,-41.00470338432844,410.03069024931096,368.5804557865317,9.520880669602555
2433,155.6341684701894,-41.29100129973677,740.9818664928277,368.08576290784106,4.799946789785238
2435,157.41017266928978,-42.064679151245464,1640.5679902360455,368.1855065413303,0.5143697934775232
2442,154.4813671987787,-40.77751827859624,147.9141717096926,369.3248851098261,1.0783382254255105
2443,156.47035495374297,-41.661862848395785,1167.8035533723194,369.83827805412136,7.640530466472056
2444,156.69908483652077,-41.76104882787282,1283.4813223889469,369.6808163691471,3.427073746162854
2445,157.63422950233914,-42.16346745713645,1753.5113953673226,369.7378244161054,0.49859982631020755
2447,154.79541621960993,-40.921249550505856,311.021440479266,370.3828392641631,1.1969321246317273
2449,155.4428679972391,-41.21201129221855,644.6369211680228,371.05376783352006,1.622886298659604
2451,155.5022067172013,-41.23792363448444,674.9321261382497,370.8304752409379,2.449151502175906
2453,155.86447528447746,-41.398017669083906,860.1571194821393,370.7430916815223,-0.08877807101755752
2455,156.14387362196015,-41.521496091327904,1002.6925674139843,371.0519464737287,0.83012281642029
2457,156.20159203043897,-41.549042628129925,1032.6672615064836,372.1889019619376,0.15722320549826677
2459,156.82593758233344,-41.8211483357889,1348.9393214214174,372.2715789603364,1.052013156538201
2461,157.59368269282552,-42.151472384891534,1734.656878019631,372.43341529265933,732.5706166164382
2462,154.38719737600016,-40.74120748199394,100.91268786317072,372.5083509474798,2.9865404835259346
2463,155.31730702888683,-41.16035468152666,581.3939561035817,373.17800568365806,7.570437361551571
2465,156.79667944898335,-41.80969397661089,1334.5046962483823,372.8896232025919,0.20357879845002255
2466,157.33122928677776,-42.04026988569386,1603.5190463670301,372.9741050676596,47.576769007243485
2467,157.73294305795437,-42.210980226731536,1804.2647661216147,372.519274885813,0.7306727349332159
2468,157.79123459870345,-42.23665922270653,1833.5824948684653,372.9714182213137,6.3402652161332895
2469,157.97756274213128,-42.31662139649732,1926.640385246231,373.43360266345803,0.10868565007177747
2471,155.62103184825446,-41.29670212542212,737.5018561536153,373.91132482372865,7.186898966771083
2472,155.76679439883242,-41.3615269745617,812.1319952862744,374.0910038436001,2.232152395840459
2473,156.34030039572482,-41.61423197776488,1104.3653076186142,374.46750703581785,8.056478184995505
2474,156.38064228036694,-41.63002852912554,1124.3301037117606,373.5423480914267,1.8732035831009706
2477,154.30449192516403,-40.708700618847466,59.43724643861812,375.0224214735188,1.48187791266893
2479,154.52347123960914,-40.806809938321585,172.70182460933623,374.49509766008924,0.8493519521076939
2483,157.92769839685792,-42.29823010595959,1902.545016012394,374.8270980562657,7.24628387009335
2485,155.11076764891357,-41.0745700813424,477.0307927552436,376.4005602351247,14.419220443057739
2486,156.5154355589386,-41.69306966392991,1193.8231015978834,375.7014955128113,2.3907483652359818
2487,156.8884055933743,-41.85554428219876,1382.453968764276,376.00944700349396,1.2372214160700952
2488,157.24713148039697,-42.009136995297354,1562.6548941399087,375.4946871496466,7.969450261690506
2489,157.64008079835864,-42.17745302389965,1759.4963149960872,375.5838373406797,8.489707495451494
2490,154.21366292677786,-40.671590032710704,13.458123663272081,377.10408262195574,1.3297822853267551
2493,155.55104356365834,-41.27170361391265,703.3694663057439,376.9546190219907,259.3971734686358
2494,156.7677090435151,-41.80443979261489,1321.871384370813,376.5940328077074,0.21377821406571745
2496,154.23175914214735,-40.682430049150575,23.624994056434605,378.4225100129563,0.8098036262397201
2497,155.48178905763638,-41.24251532372969,668.326184267465,377.73425835232064,192.97038152088916
2498,155.62652786068318,-41.30732084827665,742.6183448841188,378.05064315924653,2.2233314571238694
2499,156.5804020068274,-41.725237632878375,1227.7790454220924,377.6745313782934,0.29624942540736765
2500,156.70972177427527,-41.78239612034319,1293.4324204455518,378.1692204453975,4.239828501792418
2501,157.8142980428791,-42.25678113025245,1847.818317299034,378.22484663947756,0.6233290936533136
2502,157.9782206625443,-42.32699266590778,1929.6295834286732,378.5732105369014,0.09617851602236854
2504,155.42341578659256,-41.219722722681276,639.2892223059675,379.3212592876641,8.014211129406455
2506,156.4083758326188,-41.65297975578047,1141.3862066614622,379.0393814328702,10.982424565134338
2507,156.60602670600193,-41.73878488154651,1241.4025175177148,378.8935860323346,6.674379863884865
2508,157.00510431407884,-41.91111403993781,1442.6492685515873,378.6286097044365,3.9358038004764273
2509,157.7968347517529,-42.24966527909037,1839.1927493614016,378.3796870816375,195.83721887402663
2512,155.92582192746505,-41.443294626625445,896.5511159270792,379.9779595797147,24.421044470255115
2513,156.0706832395411,-41.50718547087108,970.3999728377286,380.07269488659756,1.2779884181769647
2515,156.91435411773702,-41.87432016942126,1397.589459915531,379.8456582181831,2.5466490438815326
2518,154.8926066688881,-40.98555913972786,367.11846131707165,380.7999653210871,2.8794495665665276
2519,155.8144703949611,-41.39673122528687,840.4475519787179,381.25379225060686,11.060347121490848
2521,156.44264134745896,-41.67287859890886,1160.1193936332236,381.54893618423154,196.10308610168306
2523,157.3417401511336,-42.06072174837093,1613.0739069920248,381.07864285626977,1.850984288093219
2524,157.62500425282263,-42.18151926940872,1754.7595034354379,380.9221408085411,1.9437856693128013
2525,155.95426540450586,-41.45992485875071,912.197411059818,382.0576505271302,86.06722151415828
2526,156.8715014869268,-41.859785857438965,1377.0753208631459,381.8735190533899,2.2708989463005307
2527,157.15426710049238,-41.98201159627031,1519.4652459086149,381.9952707884991,15.292677875381852
2530,157.9061651281615,-42.30307166868839,1895.5158615166877,381.94039592966396,2.4274595704695994
2531,154.9447218986226,-41.012966753918775,395.14675907569347,382.8326663007813,0.20766256869181415
2532,154.965086202736,-41.02207726954818,405.6378651038714,382.8230351803996,48.08716487072494
2533,155.0691257808045,-41.06919632646355,459.37830635421636,383.09055718211124,19.42658856054252
2534,155.17188111224482,-41.11566115357185,512.3979220031144,383.3623690547111,1.4575798975605305
2538,156.17003428083967,-41.556170573481076,1022.437507910393,382.8051476969408,6.221197550198431
2539,156.33263429318458,-41.627676844191534,1105.114637199208,382.97878500218917,0.3890954775389351
2540,156.4740416956231,-41.68859971595187,1176.5882731281538,382.57890898039665,0.797613982103383
2542,154.20193048642597,-40.68003465215786,11.37901227961996,384.04227801960064,107.20194608136154
2543,155.5674220333364,-41.29388693364223,715.9627331450808,384.49934759929045,0.11771427995229161
2546,157.5194433088509,-42.14233526383568,1703.5544970249343,383.90708523492606,3.6231174152767753
2547,157.76292766328453,-42.245914418690006,1825.113148254955,383.80621417445457,1.0269897262110494
2549,154.37703644267637,-40.76070687034621,102.64215792970163,384.6533884830374,3.9027943194094616
2550,155.51307475554793,-41.27009584144529,688.2227285240941,384.6568730082755,2.0329381492925758
2551,157.85347030238327,-42.285471446933045,1870.53144286219,384.36142386268233,307.5250324404271
2552,158.1566853497384,-42.41445465429272,2021.4646511223884,384.696743021816,524.4970703501975
2553,154.69377172042002,-40.90646344204712,267.41359009303034,386.0002910545944,3.005951172775091
2554,155.73482017589453,-41.36994433282969,802.1219710156923,385.4958030730587,1.352476649139787
2556,156.50255919446465,-41.707940555322004,1192.9333655238836,386.08502301092756,0.512117833127176
2557,156.7594397620831,-41.81793517522059,1322.3598369121712,385.2604116605442,3.2193542237207233
2558,157.0030740701562,-41.92511374893888,1445.661553905096,386.18186785289896,2.5294805601374586
2559,157.68330088965496,-42.21606745602191,1786.4565459199198,385.8604359135882,506.8079370676611
2560,158.03676551771386,-42.366177823671144,1962.5361431935642,385.91094427285896,0.9946270477967032
2561,154.26379444775756,-40.71470492065697,45.4300386864804,387.35091109398456,45.84143412426194
2564,155.30759148718857,-41.183878615420866,584.3093230802972,387.249959948126,9.062583077802906
2566,154.65078118173574,-40.89067939329469,246.2229464521884,387.80968626473395,2.2343890214146076
2568,157.1682247174099,-42.00047635604192,1529.841506704861,388.3250761979721,1.5012308109109256
2569,157.44859674868067,-42.11788828634925,1669.665022712569,386.87662631211396,1.1142414573385946
2570,154.55521550118502,-40.84983715537489,197.4391356951188,388.9564575659014,3.0494391501841362
2571,155.2065531740249,-41.14251013119171,533.4580288668243,389.1060238584391,6.145598096891674
2572,156.21136027617916,-41.58751095952171,1047.1088295770676,389.5085180882085,0.992154123623568
2575,157.1179281460386,-41.980813452337685,1505.1057459960994,389.33043986844723,-0.44129684795810253
2576,154.54659582079572,-40.84686747160646,193.2442582043571,389.4217089348016,2.7167963692889265
2577,155.0111939735616,-41.056328010315575,433.28149074894077,389.68437776198226,13.587281173634562
2578,155.08861349918917,-41.09071567654304,473.0627312762867,389.55460026955245,0.8348008789327921
2583,158.0120102134603,-42.36360540998172,1952.3123332957684,389.93410456017466,1.632905677151476
2584,158.17775927042706,-42.43312308531555,2034.4845303410127,389.67856049941844,7.632775892430757
2585,154.9093670245165,-41.013547146420734,381.6301830921109,391.1280926241779,0.22288053316339979
2586,155.60263870134665,-41.32192850151821,737.4883757391343,390.78775007710135,122.74559316135563
2588,155.63674838491482,-41.3397327888598,755.6944623786898,392.1532926810177,3.3036792504725634
2593,157.92204096919346,-42.32922035671262,1908.547752133061,391.82621406937074,2.0800243068476822
2595,154.33166205532487,-40.75682662655925,83.95317167727987,393.0589344982968,1.1991683879006758
2596,155.33642564451404,-41.20796571246528,602.298386940721,392.9330651676929,1.5726598865644406
2597,155.39260503511588,-41.2325210668192,630.9900513286033,392.7116109048108,-0.1422493592301137
2599,156.1569992699317,-41.57113017099297,1021.5483319012641,393.27597561738986,7.982063273516479
2600,156.6781363991866,-41.797399764650045,1285.3291723460384,392.73429830783186,13.450770715930679
2601,157.03799598333993,-41.953019603227744,1466.7142341993076,392.7035343677938,5.982246739381529
2602,157.76773109452563,-42.266261505383305,1832.3651213646012,393.1210389829046,2.088256027851184
2603,154.60297115197648,-40.88189170457516,225.1840166062139,394.2497292436634,91.79840589439611
2604,154.89537895459262,-41.01346901050941,376.1951512113194,394.2556688709444,3.642662285607505
2606,155.77506698578864,-41.40495271760556,827.5096411600113,394.21268900934143,3.2895775908553815
2607,155.88977690655906,-41.45450768607763,885.7421759020374,393.68822828604914,2.000948099121019
2609,156.39809844890104,-41.67831742446725,1144.3988622605868,394.1548763993906,3.2406473059768817
2610,157.11447486906923,-41.98822442729685,1505.7753826303358,393.84942468931604,-0.6768418580534079
2612,157.8217290101866,-42.2904337818973,1859.6010640756585,393.7463345824798,3.7356028917733832
2613,157.9064522367411,-42.327829625352635,1902.1686991420136,394.48234441385983,368.3905530677832
2615,155.15345726116269,-41.130437284917676,509.47752633833136,394.9791712230597,0.9319865195472441
2617,155.82477096771444,-41.42820034179596,853.244509269287,394.877033035809,0.24877234869073742
2620,157.5675982891495,-42.18442266349951,1733.378844724831,394.85366299337295,29.878621263184684
2622,157.73461824817835,-42.255900414728686,1816.8419684619198,395.0139968654038,2.1710578388111306
2624,156.82171432342477,-41.86547901773425,1359.3899896409903,395.6965476034794,98.85581831286031
2626,157.21938185780107,-42.03741499667146,1559.5574450858358,395.91893044171434,26.809028274890835
2627,157.3365171377196,-42.087524230754696,1618.2569065818825,395.8385092369886,1.1209435299078516
2628,157.77626710464014,-42.27658043147979,1838.3947617791498,396.5255321302021,-0.11337233565693933
2629,158.04398096340884,-42.38908432420697,1971.3469690380946,396.0227282199585,0.6629149691077669
2631,154.36110133040103,-40.77779047526375,101.43779197108614,396.8979357112917,1.2983778171091176
2632,154.4420457107319,-40.81482223978491,143.50581350075052,397.090249101049,6.825635473474096
2634,157.72381132567523,-42.2550728150169,1812.4535589861239,396.9320805247055,1.1914145865628862
2635,155.09540269440288,-41.110454562085955,481.3215353760778,397.98766443801367,520.772076517203
2636,155.13057667614248,-41.126108440246504,499.3923742197435,397.954184620609,3.3613996737333918
2638,156.25424793814324,-41.62298033288287,1073.511888019649,397.96577149327015,255.6933733490068
2639,156.348421562589,-41.66434355656949,1121.343758820164,398.0641222511636,2.400092854339026
2640,156.62606083371168,-41.784520539906026,1261.6819262536796,397.6726714960036,0.39736300156629545
2641,156.88601802257247,-41.89713173946123,1392.8460283507043,397.64183283470777,0.8978703007677793
2642,157.27466338655879,-42.06543381915764,1588.4428637048447,398.0942240969205,3.6464393024394
2644,154.17069983258432,-40.69689843858854,4.213326120777582,399.6826337404161,6.2294978213047
2647,155.60995312167114,-41.34253031647687,746.1185072166339,399.56667047843354,1.7790596761883568
2648,155.69415610474795,-41.381190205047226,789.5520554532076,400.275247261074,18.3842905481123
2651,155.156516963773,-41.143580804457706,514.4051686880576,400.92603666294525,0.24564544645487787
2652,155.39227652454946,-41.248704900142315,635.4452440874827,400.963222707637,4.589183201388924
2656,154.2449534374797,-40.7356952057768,44.25353544114195,402.2302852515081,1.692867517638038
2657,154.32249296427898,-40.770566502007085,84.4005293191536,402.0741742389679,0.04245073750286267
2659,155.02061066008037,-41.08608607776312,445.43153028721343,402.5767130599908,2.22304800805966
2660,155.24102974599506,-41.18359981737085,558.4801228908431,402.0922402650559,587.5995645280217
2661,155.89765607429388,-41.474678858362864,894.4256462008993,402.1393292706317,0.3232623003135274
2662,155.99815989075518,-41.5177392716634,945.2942555703902,401.5493595861976,6.953111203453887
2664,158.00590523467505,-42.38385382298386,1955.2922425310535,401.5601442010158,26.97353822604841
2665,158.02102338716497,-42.39008182755711,1962.7597971746416,401.47476907522173,0.4555366635784225
2667,154.71307803498516,-40.948518638919985,287.0006506292318,402.8243054908949,1.3282466678142584
2668,154.758116447649,-40.96936947536551,310.42504343909627,403.1186103948625,0.17915483470121044
2669,155.16804696939815,-41.1518956686855,521.23286995127,402.5250605121552,0.9144081516152451
2670,156.09734800506718,-41.56434943536337,996.6060734133599,403.0907413656442,5.799189687685292
2673,158.04594490674037,-42.40413446940509,1976.0638423915755,403.2641355888652,-0.19974863671171425
2676,156.0744053545547,-41.55603472752709,985.4269025126309,403.9792258187902,0.8103284631655046
2678,156.77120505780607,-41.85923965825468,1338.1794558140596,403.62953591576206,2.825410257326686
2681,157.2122018327315,-42.050656228610464,1560.354487142421,404.2125630073394,1.4095107749533273
2682,157.60600737399747,-42.2182764962084,1757.224150159547,403.73792080096484,1.3149733846151692
2684,157.95479232682567,-42.36694146471983,1931.131829125607,403.9654876175246,0.8452088084934491
2687,155.21833292825886,-41.17876836381103,548.3284138578475,404.7638362604793,2.412867089653864
2688,156.24851276877231,-41.63367298712078,1074.2549842337176,404.6534429975918,3.12641024741784
2689,156.5252931851434,-41.75460390069811,1214.5439364810882,404.7236179721931,6.278078969412232
2690,156.70449509634392,-41.83244420448433,1305.0964149168478,404.70789205278743,3.2977538569351474
2692,157.405050900507,-42.134779822897784,1657.3844914616743,404.9354456109275,0.5081353822296276
2693,157.6653670090673,-42.245980702975125,1787.4950627379624,404.9628743307767,1.12188082064421
2694,158.03118921737195,-42.40141173357831,1969.6604634453233,405.05471482937423,2.1748478063331524
2695,154.60479468432334,-40.90533755702279,232.66069614209954,405.65474000859234,9.660745590529165
2696,155.08497087974416,-41.120813661173095,480.2420497348067,405.57191101066684,0.9165694887109997
2700,156.64310635370515,-41.80775676762222,1274.6313242284004,405.70135892571494,15.762486489963008
2701,156.7462042547628,-41.85244288658752,1326.6688459885497,405.67784136467236,2.13616141506712
2702,157.85160381739823,-42.32674650807177,1880.7341148966757,405.7726749555193,11.602025088758154
2705,155.77119218830808,-41.43041007803371,833.1480311635191,407.95572083580697,0.37518738520727585
2706,156.98659698118271,-41.95879143578938,1448.4320156190981,406.88889443976404,147.5522781253913
2707,157.52516525061864,-42.18966844700947,1718.4088458139902,406.7323416020923,18.014204384534008
2708,158.07298179795424,-42.42286188696014,1991.4080124571249,406.9818505320444,3.9932887170890243
2711,156.17830628664666,-41.60975569981525,1040.4991357458982,408.1084955874996,0.4992826151575433
2712,156.4737113572767,-41.73854187094721,1190.202084930922,407.96837317568253,1.7782709746212033
2716,156.30992661934712,-41.66978067490473,1107.9705498377268,409.3402810160424,2.1834719508134337
2717,157.53499323476422,-42.19850760917633,1724.5602003530219,409.09286446434925,4.043957715674218
2719,154.4114964883966,-40.827142000086916,135.2612631919104,410.26309172402443,3.4323348934494264
2721,155.51681563250958,-41.322196894131075,704.3747146752257,410.15433775207333,1.1028704117035426
2723,157.30609076519937,-42.102769613332356,1610.6113495066363,410.2142488172507,118.01605367732276
2726,154.69872657117594,-40.95890066183817,284.44026103002585,411.31755455916795,1.737535313936724
2727,155.7514672546215,-41.42735986123022,824.6681924777996,410.8180547139082,26.532946266864876
2728,156.44346412623236,-41.73062517344349,1176.3393648352228,410.63694804799144,21.29179584744087
2729,156.70271226033023,-41.84484915481671,1307.7989896006743,411.3920236936408,0.9415027289329059
2730,156.7834577605648,-41.87944424879651,1348.422929087784,411.18695460619784,4.694571535154289
2731,156.81373827135522,-41.891843266778814,1363.4945663181802,410.82553914235535,3.434952652321362
2732,154.8513529750058,-41.02870568637109,363.5359983697927,411.91286751564576,2.3680942291473035
2733,155.20699653645698,-41.18817775534341,546.6207253157819,412.0690554797688,0.6751964336103743
2734,155.4037066161814,-41.27495270622558,647.2948555514486,411.6582681916045,1.7404229016601933
2735,155.79117768035752,-41.44695842812799,845.5106113223093,411.8644689749074,37.17326415257724
2736,157.76955535116028,-42.30328707882124,1842.8893848823016,411.56589785269233,0.36306950094160223
2737,154.1947754016813,-40.73407462996468,24.372367145701194,412.8904904073633,0.8297333924362589
2738,154.2270724919963,-40.74944672255535,41.34409733329979,413.24341866714826,0.934852042738271
2739,155.06958324068637,-41.1282868601583,476.4241732412363,412.8176024862375,4.73573555343517
2740,156.37203432419264,-41.703398421000095,1141.2447167819369,412.62924839295874,3.885093035942944
2741,158.09306470566287,-42.44319101999165,2004.487621224325,413.01441642963215,-0.33749947578917805
2742,154.14939336166591,-40.71677600421982,1.774378355573919,414.567299118423,15.926917935301482
2743,154.23651590896253,-40.75579483194664,46.845812884855036,414.2806951678405,0.8893572067323308
2745,155.57361346561245,-41.3545626630597,735.4573704771349,413.7874764090103,26.082280629143035
2746,156.31597507802022,-41.68153509552656,1113.5547506065586,413.95617224972165,75.96364219742725
2749,157.11813428077556,-42.028441269559586,1518.0566400717662,413.4732082619571,1.6474008852831614
2751,157.95138458385262,-42.38483486547555,1934.5384163990582,413.8092103001228,4.584651793918899
2753,155.24889499109415,-41.21451802337926,570.3073718868144,415.936402206091,2.0757536025176577
2757,155.99753251463767,-41.5460406904924,952.9378127183523,416.0138514504254,0.31455355843348076
2759,158.05935137660617,-42.43427293556098,1989.1562076752539,415.72570280406234,3.893121043913418
2761,154.8934715646348,-41.057169091756,387.9865419886329,416.7356767145782,0.42476992129100305
2762,154.96433714609876,-41.088741892000655,424.42901704874345,416.6355650174961,0.7345175924128102
2763,155.00558057863012,-41.105779922682665,445.248402050402,415.9120489203878,3.7077585238313433
2764,155.77004362921704,-41.447828511711414,837.5866566947298,417.02246893367703,3.973283938482197
2765,155.97348579197248,-41.537648496263735,941.3077181145812,417.11713240069645,7.028475321824098
2766,156.09722760055433,-41.59079193661188,1003.9079632894478,416.50527725486813,6.282078157008104
2769,157.59245615076816,-42.23838345274875,1757.3571606291082,416.901516346276,18.601194637642923
2770,154.27015263922524,-40.77846075365491,66.45376503971865,418.00620888549196,4.031514165412124
2773,154.98796708119932,-41.10237740046423,437.4657121715937,418.17499934241886,7.510814342269626
2777,156.8588850898208,-41.92546136543246,1390.078116367502,417.9717068032952,-0.008954337332116086
2778,157.07253004686464,-42.01763826302404,1497.538419071557,417.95719615696083,2.9791722801702005
2780,157.69029891736488,-42.28529620387623,1807.5616852030187,419.5613413691942,2.259570837568148
2781,157.89716856121117,-42.37208515103482,1910.2819831111353,419.01186266974617,5.845027706738797
2782,154.57335249492476,-40.91935035903888,224.5490703988778,419.8679821823493,2.534072034301083
2784,156.40855333570536,-41.73300502311147,1163.5114960198537,419.55715856575404,15.747240216734713
2788,156.21407507486865,-41.65116573688742,1065.7941391069412,421.1468242061812,0.5959490801344244
2789,156.78763109164743,-41.90141473053943,1356.0255563316143,421.41558911187053,0.028680467186246433
2791,157.78032726573426,-42.32675738836955,1853.2639144040672,421.1781828438667,0.2622974507234473
2794,158.13677866853186,-42.47742751765654,2030.3116870376107,421.0529626055006,55.8474196602434
2796,155.47955244429247,-41.32968952324632,692.0864288051141,422.29602912643134,0.295927963938644
2797,156.0177588154032,-41.56675464197141,966.521511476177,421.99902512227766,0.8945988732200338
2798,156.49290015965096,-41.77506631040002,1207.6567762328968,422.2445144409306,-0.10909040440591782
2799,157.9164610867641,-42.38597093447848,1921.3821700898359,421.91764943259585,2.8091545243001126
2800,156.15179005993434,-41.62796345679499,1035.3056413279783,423.21194625275666,9.90609311528957
2801,156.45241765205571,-41.75795689829843,1187.3203390541735,422.510724182328,2.0254474797289173
2802,156.60401716368818,-41.82526864192755,1264.3346593227368,423.19135682884536,1.7291607609842685
2803,156.66366680154954,-41.85166049783485,1294.587381225135,423.4383405944093,81.19856665985718
2804,157.6734847220593,-42.28469816716782,1800.9219481399566,422.897441521727,3.2851397324205136
2805,158.0804698355779,-42.45745452160036,2003.3832500531485,422.9867461773703,16.92313243680776
2806,154.14204290245667,-40.73278577719252,3.6067393917204087,424.3087534485058,60.81683078517421
2807,154.28284281284445,-40.79588954781034,76.43280695029371,423.8835645393978,3.952672775396307
2808,154.50899311432718,-40.89886499079659,193.7433160068706,424.18783112804255,3.815605143073691
2809,154.71588268206105,-40.992079251584556,300.6292836182165,424.1526092189482,1332.492277001088
2810,155.29267562589388,-41.24968000321466,597.2141120139275,423.8439994640803,1.0148905033070577
2811,155.61796016601573,-41.39406156481387,763.7178943849459,423.8273006763115,12.601676680523408
2812,155.9917825451305,-41.55886524095534,954.2896372859294,423.78356115031227,3.3944327915312167
2813,156.03715804284133,-41.579012146107814,977.4271757699553,423.8899867205543,1.8360222665752786
2814,156.90979645496208,-41.95881816801339,1418.7971480761398,423.7315148198477,10.706490738351459
2815,158.0558005986152,-42.448927939546465,1991.6415485223165,423.9518374963798,3.2157942307377585
2817,155.9734327436095,-41.5520406135266,945.2994247799211,424.4123523389762,1.249461939089274
2818,156.13269757834811,-41.6229114611549,1026.5296851232938,424.8911599760179,276.51099684483347
2819,157.45440984968153,-42.19523810068326,1692.612177260495,424.9322457344434,8.675575926078597
2821,158.14495615610087,-42.488319066523886,2036.3169813508841,424.8430175787145,4.472344583112339
2822,154.36318329340898,-40.836665785460774,119.34480349089853,426.07971146437325,0.1345507711664639
2823,154.64031077382768,-40.96117098184145,262.50860275549405,425.7280893194425,0.9582938874244622
2825,156.74127459358556,-41.89115957489706,1335.336426564901,426.39998808230337,312.477921747914
2826,154.1909942774894,-40.76082365465901,30.71149172991948,427.22188643112173,3.13253213765652
2827,154.8813176504735,-41.07318185618819,387.879013063992,427.5641005116362,203.89293649042074
2829,155.38738449205283,-41.29767035930895,647.4159009166345,426.8010063637699,19.588566444976912
2831,155.84129406960938,-41.49916619745965,879.4908543134068,427.09296634785335,3.219907080028889
2832,155.88459701307607,-41.51788215217589,901.4506377207887,426.90924299926166,11.604349815358724
2833,156.05751288682072,-41.59285906496515,989.1415307742649,426.3748661963619,1.309660369240782
2835,157.53392084334263,-42.23319303854743,1733.40703676242,426.9599042284742,4.03185877728879
2836,157.97153459329274,-42.419532004446445,1951.4494344312714,427.12887193394835,0.09755501113694942
2837,158.0405567616577,-42.44832199564458,1985.6115739622458,426.9234385617654,9.5769635417709
2838,154.47691882133392,-40.89207839382365,179.37993747406335,428.07080029811794,3.370441010833463
2839,154.67054902525976,-40.97805000880438,279.06400740148797,427.3694531406478,0.13161142449146074
2841,156.764136373773,-41.9036010045969,1347.5544827689614,427.68615909939547,485.33109475592926
2843,157.609257558428,-42.26727574549551,1771.5319380727817,427.95065571480455,1.9759679254843756
2844,155.00141327591172,-41.13021435672873,450.62243813937164,429.18377714857314,0.5038939160552688
2846,156.63770860517363,-41.85091549175508,1284.3642726505504,428.77464626288247,8.888371851465536
2849,157.9013889922574,-42.393240715570144,1917.4956825589284,428.8681658012709,7.576417529304372
2850,154.4393971147173,-40.87796567163817,160.78771305068213,429.50761220498674,6.036127888762297
2853,156.30618791206535,-41.70901870420607,1117.3676822364298,430.0447126239456,3.9454035808784407
2854,156.6490839821598,-41.85909058374796,1290.9921589928638,430.4155323697445,0.06787241584873033
2856,156.78763804183234,-41.9171243471582,1360.311550599411,429.3829260215455,2.6351057960543294
2858,157.21288621867066,-42.102209929478676,1574.509964716942,430.2487874253347,0.4320974809421462
2859,157.67585168837059,-42.298620362514704,1805.535470592447,429.4655864639637,1.229155067255292
2860,154.2559860549045,-40.79797267061092,66.65770147083937,431.0676977486789,0.6067387509853196
2861,154.35033231189726,-40.84066083770805,115.53785213855886,431.02355849126434,1.7527902263950739
2862,155.0523707014781,-41.15632847563681,477.7751425389843,430.85577936425415,0.6507284295922028
2863,155.21922894548038,-41.23000227360154,563.2418650035494,430.4334272674689,45.28704020232467
2864,155.85100775014058,-41.51142285152111,886.6709383858262,431.127408444355,1.57278286288296
2865,155.93460049494934,-41.548463356114766,929.3030021696278,431.2449598611677,2.46061132335838
2867,154.6781494557569,-40.99146306733498,285.8672087251703,432.4056368696918,449.83443072897586
2868,154.85994426072386,-41.07295674493478,379.5541017708373,432.28823162801217,0.8057834451866146
2870,155.8123427602153,-41.49596499550709,867.4121637589046,431.93000039005784,14.29968810727972
2871,157.7854386383458,-42.350978212559475,1861.652261990066,432.39572995625633,6.5175680529987545
2873,158.08345571750053,-42.476235810483644,2009.4666554546031,431.90791430807144,11.310831103715104
2874,154.39474059967114,-40.86403913920472,139.48890305662198,432.6702614049834,2.346491192689145
2876,154.7311829393229,-41.016382012342845,313.538636448362,432.93477975144066,0.8073731273939141
2877,154.82069174013836,-41.056432548648914,359.64253418236495,432.84244306137464,5.595045726664547
2878,155.18540336158193,-41.2196524861152,547.2281700858688,432.8247273261731,0.7644000870592832
2879,156.48901173549098,-41.79418626035882,1211.4115241449854,432.79280149717454,1.3331386516672992
2880,156.51835489253853,-41.80586607970733,1225.9460905756189,432.2387488575859,1.3830114897498988
2884,155.9463288988837,-41.55837951775699,936.5987643092087,433.65162401042465,4.402841283607277
2886,156.68993406867662,-41.88391250921625,1313.5449227064094,434.0133848698707,967.5530231885836
2887,157.55941601567056,-42.2575257797907,1749.7256681334181,433.7991938207011,4.8745029273201865
2891,157.13105225003852,-42.07543741856282,1535.7333205115829,434.51428290926225,0.661658670612243
2893,154.65637091789367,-40.98759272268355,276.335318111871,435.39903865361373,1121.672579760442
2895,156.79439271814536,-41.932733997359634,1367.1728101825663,435.8173703676228,0.43873602862859856
2896,156.96925630037722,-42.00767213000741,1454.9986300031621,435.49633746815886,11.983529685445186
2897,157.89352499786523,-42.404703052835885,1917.4942449283287,436.3973650114874,0.3829081907849843
2898,155.23614152854145,-41.25025229573339,575.5315046605812,436.85126841882936,13.193605170923071
2900,155.52905724922454,-41.380301850976146,725.4959144653543,436.7767964111481,0.6477774721963643
2901,155.62462807114005,-41.42330802794308,774.5219849383165,437.1199006357548,18.127337382381103
2905,156.94109764141342,-41.997890387089264,1441.4840766922741,436.6993029954178,15.272653576515129
2907,157.76313552784254,-42.35034964441782,1852.8946770190764,436.89587047452966,0.17023894251358196
2908,154.27251417561155,-40.819657055668756,79.35728591487575,438.21000019151546,1.5862215964596331
2909,154.46608721000976,-40.90684549671173,179.4708221654561,437.976955787173,2.4602271143570236
2910,154.7667730694439,-41.04200807833487,334.66277659007403,437.78575076893395,1.1719295732492234
2911,155.05937043312704,-41.17363287559973,485.41922791278887,438.00889150044884,808.8595080070552
2912,156.01621041922016,-41.598022326443726,974.6290125307547,438.1677410603321,0.796602413966824
2914,157.84734561974514,-42.38796043796317,1895.2860619812984,437.8415924917508,0.6873078865655776
2915,157.1561391306544,-42.09399488069885,1550.4147945088894,438.4593745295619,16.78433013828774
2916,157.18157917384417,-42.10505432024119,1563.2054548091132,438.5231080448882,3.3672301732673384
2920,154.7796478225419,-41.05208092819813,342.5328416636503,439.9467820279999,9.442505166190223
2921,155.08303400766115,-41.18933313300223,499.04067886565366,440.5937172213698,3.7255732441832956
2923,157.19034295648626,-42.111336359015354,1568.2774145364958,439.8010858817554,1.0098052289669646
2924,158.07881980117085,-42.48964236790113,2011.2033654465029,439.7307172004821,5.385499960198894
2926,155.1401859557481,-41.21467766345309,528.3424754569425,440.5004834099154,200.74823951971283
2927,155.17275204060562,-41.23035642551746,545.3862038365731,441.0778677638776,22.98173410871098
2930,155.9741307476357,-41.58456848774774,954.6354298557235,440.7168819012558,7.2061356154944445
2931,156.7416376684816,-41.919189927289224,1343.1279761457974,440.5360236048141,0.9601382261560564
2932,157.01829136486336,-42.04051222155458,1482.8089444959928,441.43148425503443,2.981674791845318
2934,154.22743333610165,-40.80766284046707,58.44619876736468,442.47029227397593,1.2321844878040658
2937,156.1003789986285,-41.64243641235017,1019.4724512101677,441.9490181601218,35.36189961550851
2938,156.1574875081305,-41.666859165448315,1048.2945386771514,441.640554497333,2.1083099239249092
2939,156.34446955328164,-41.74933579190091,1143.2754763881383,441.99768121200657,0.40628755133071437
2942,157.23120936018535,-42.13212073297128,1589.6291880207946,441.44387967444584,3.399173449842825
2946,157.82766766741884,-42.38754408098823,1887.5983719609549,441.8774291940582,293.1171011081
2947,154.52215440934796,-40.94181067572886,211.25464813868663,442.83152719380047,6.416642471888016
2948,155.50104936251486,-41.379961679354906,714.5826119981007,442.8799571212038,2.2563159426022326
2949,155.87094788021227,-41.54284959395388,903.156286717609,442.5805768541393,1.4485137159030739
2950,156.03425979756747,-41.615496756097734,986.4604427407213,442.9993604488728,198.4828375791546
2951,156.33239436011993,-41.746956357931104,1137.9589936182256,443.4628302518085,0.546885086978518
2952,156.56298045644445,-41.846419122095426,1254.2966646119578,442.9546582366348,0.5500708088431467
2953,156.8630214407573,-41.976081721118,1405.4466586310577,442.7465344236348,1.8333073287490893
2954,157.38697025665314,-42.20162850955537,1668.3295671793564,442.83884401843306,2.845445129799587
2955,157.49962242007877,-42.25017667159787,1724.7250074818191,443.03636050198304,0.2692321683489194
2957,154.1628802885883,-40.78229866900416,26.111316742426556,444.4616987756625,1.4965071501024048
2958,154.9949370178976,-41.15643763176186,455.61616788445986,443.87781673169115,0.06893618093032305
2959,155.28431871353095,-41.286402444550866,604.4057010951962,444.26806495535334,1.8617612960130239
2960,156.2218502531984,-41.70001014815617,1082.3215379636908,444.1577232381774,143.02003623275496
2962,157.2542882766481,-42.14659014362692,1602.4184889738685,443.76223572474464,2.454132027439692
2966,155.5492323884814,-41.40566759170833,740.4383061302544,445.0768713104142,3.1804662034504156
2968,157.64932997926533,-42.31746460714427,1800.3290758056419,444.79006218210725,1.2087437753061971
2969,158.12201216261693,-42.517383401709296,2035.107421172456,444.5727686289431,1.7085098306451032
2970,156.68657890607045,-41.90583387028344,1318.242690854687,445.8665638451378,0.22109424744394668
2971,154.6084441551178,-40.98854348941634,258.09248515005225,446.76320855986773,1.2612121878457623
2974,155.3242603047019,-41.30996945116911,626.5147940721589,447.19182712726786,1.3941072216984096
2975,155.34808235344943,-41.31999980731317,638.5565503055177,446.90604291974387,163.8156092116451
2976,155.67259003986663,-41.4639337474249,804.4626167019348,446.93348242665843,3.3004012674095957
2977,156.23327489263184,-41.71082786912125,1089.7246197895397,447.1044092405822,2.732120555096144
2980,156.80907454745443,-41.96070078759022,1380.4559920929803,446.7795996092994,4.694959077032858
2983,154.96154949986408,-41.1505134352758,441.0259118714003,448.4309749297769,0.3498504896016472
2984,155.29524306592162,-41.299002751400785,612.1994270478596,448.17481557412094,3.2301139733676627
2985,155.69064847651106,-41.474074862745425,814.2825465074941,448.0253562202552,1.2447539200583286
2986,156.10785273434806,-41.65747674091485,1026.533932359557,447.9030365878282,5.493034281499659
2987,156.28912746227005,-41.736297270429404,1118.3196533194246,447.63627866804666,50.34158037245533
2992,155.5829270407324,-41.42798987290798,759.7362642837248,448.81564223016886,0.5583101778381757
2993,155.5960694035279,-41.43343573637666,766.3434340871319,448.62739094569133,0.8978053486102731
2998,157.14561517747154,-42.10999577132504,1550.6752746750499,448.88060099724703,0.2780230994494175
3001,154.91966026956334,-41.13435237957468,420.2215557650445,449.7461473084993,45.51831778387077
3003,156.70882526466727,-41.922906497035946,1331.48735573299,449.63194042734733,1.3441017202106051
3005,156.909475826292,-42.009729882233145,1432.5052175934873,449.63417581382146,27.043933792545264
3008,154.16752765427577,-40.79784483070456,32.44210110336386,451.22296542845197,1.1247115019656577
3009,154.24479956787627,-40.832504885028364,72.39017858034677,451.0080391509165,0.15857635489375357
3010,154.54085537315896,-40.96622446358574,225.53826455355807,450.8785911192686,40.86514531374216
3011,155.10961077167659,-41.22225432321757,518.6918700475013,451.2155273302862,-0.24313558735218227
3014,157.4926566179154,-42.262464696305045,1725.324320794632,450.7933635569479,1.9511216129912985
3015,154.93818542054052,-41.1472895409729,431.0799681168504,452.0842748535234,1.2750186847687233
3016,156.8232040349929,-41.97684128634661,1390.2997911116452,451.86566174520664,4.629887708299908
3019,155.23996759943293,-41.28384822266451,586.5533617996181,452.9524446612334,1.3593964884272907
3021,155.77993056149472,-41.52312366317446,862.502079032517,452.8941890217525,1.5739062770091528
3022,156.0121543819526,-41.624737890360315,980.5004202875488,452.5881420437008,5.206606577400296
3024,156.25355501057714,-41.731877232409865,1103.372880828728,453.271816410799,1.1578665239631993
3028,157.0499548389006,-42.07793923090678,1505.145938697443,453.50317729407743,1.962213737856293
3032,154.4596456315558,-40.93451154561502,184.9958599257384,453.37993120418326,36.93148630193307
3033,154.65950781361335,-41.024753679259035,288.25945259964425,453.4170661532736,0.7164459514887764
3036,156.18779653034755,-41.70497738282956,1070.5567497539141,454.21841244370444,1.9009603079915265
3037,156.73600099756123,-41.943026304567425,1347.4598733999997,453.86187093572914,1.9855543611836854
3039,154.1471699636213,-40.79675164891775,24.260478989817795,455.3287969467029,1.2098338241598552
3040,154.28876473305203,-40.860346144211725,97.47301723929559,454.9851575270024,2.9094328822254862
3041,154.7588753928494,-41.073165503908506,340.5701318874281,455.28441476147657,1.7618379588946018
3043,155.85048051173197,-41.55873686995009,899.6963187136781,455.1761588382828,29.1757191206602
3045,157.50823131039058,-42.27746760724336,1735.3297212716393,455.0383996407959,3.3136138261652075
3047,154.21260563254503,-40.828107407834246,58.67527929286247,456.1495546321335,2.4273244625497745
3048,154.59681305885366,-41.00204292516224,257.496624798959,456.20804848817284,0.2075594015941334
3049,154.9484456208204,-41.1592018382741,438.4512291385238,455.77442277692313,89.79727555465665
3054,158.01228139496973,-42.49349098893422,1986.6098530222084,456.00101314512676,1.3383241649503932
3055,156.19870237673106,-41.71467005525478,1077.449084239596,456.708667951583,7.137832790569481
3058,157.55858995694078,-42.30249913668888,1761.4003303067734,456.8396863296088,18.086020949701243
3059,154.54192248088648,-40.980694014848524,230.13302120659998,457.92593295168587,0.3078512520529405
3067,154.55325759806277,-40.987416700946305,236.45299251794052,458.73606684820464,8.315646702443374
3068,154.71169374580694,-41.06014701746561,318.6060671385951,459.4171513864952,3.501769996665844
3069,155.87778889909146,-41.57930573531331,915.9823187087028,459.49631419701274,0.21492283074041144
3070,155.7684567698395,-41.53207317507426,860.5808084117226,459.9786674969898,35.951312981277376
3071,155.9653218937314,-41.617809019650466,960.4994274508975,459.4938666295036,69.82197666549341
3073,156.03989829554604,-41.65067430368875,998.4222385933228,459.5478997038805,2.776758343627201
3074,156.35457264918944,-41.788617550553006,1158.0090986098282,459.6605820935145,605.5513965421485
3076,156.4750947576209,-41.84240069674556,1219.295392247245,460.2943703095761,1.5309826992972873
3078,155.10816109228955,-41.24165951286824,523.6622772564006,461.3350001334916,0.8776694827760196
3079,155.3256026245996,-41.33671816303007,634.6141968684988,460.3977046615323,251.45185931861766
3080,155.7017063633798,-41.50472581345327,827.1543187562909,461.0503465049254,802.1716614816709
3081,156.1346573927832,-41.694868351705466,1047.2540514456414,460.8821200724278,1.5335794807114953
3082,156.59560519757503,-41.89547729283608,1280.326932298356,460.63359959966556,1.6776799264180418
3083,156.69480880410512,-41.93940735669834,1330.590729156777,461.07895697537424,130.72128266050854
3084,156.83414342605022,-41.999278542754226,1400.6244688979048,460.8460976307974,4.650128132991148
3086,157.5154051026129,-42.29313974322536,1742.276052494262,461.4468948462282,3.29965602958684
3088,154.46794478797344,-40.95556348485014,194.29744563093013,462.09442123877454,874.5802751316322
3090,155.64834445657476,-41.48299521747018,800.4594151713334,461.9865613897755,0.5912289610551524
3093,156.38277933448825,-41.805205535543585,1173.4598743328465,461.82986406988306,106.7466529334417
3098,154.12226158850655,-40.80009264384985,15.617366581287065,462.70799633885264,83.37891469269768
3100,155.8293657723778,-41.56435090169525,893.1183060401423,462.7200171631628,0.4177346611723099
3101,156.52029409697914,-41.86773150015966,1243.6816510853102,463.1626878411059,0.5352758852300936
3103,154.2186883009742,-40.84593206389802,66.2173264768248,463.7311597215354,6.861926165211
3106,154.73347274487688,-41.07901706377371,332.4445708212161,463.99123410009,1.1457791000374586
3108,155.2116783296637,-41.29418717820643,578.5698075260912,464.53575797848765,10.863130369356297
3109,157.22528244680893,-42.17677149451871,1599.3643807444596,465.40948390141534,1.7593675689757196
3110,154.4856131663519,-40.97115312807187,205.63199876012203,465.9261989670946,1.0371189198728827
3111,154.57546009270828,-41.01182673235624,252.0767852980217,465.9886689637019,0.8481624304960987
3112,154.58867674234364,-41.01732097121798,258.76549983671964,465.754343910197,4.2914894354634034
3114,155.39529313335234,-41.378730660931154,673.4071081280704,465.9697488309339,249.33042048104738
3115,155.53624527391088,-41.44120546039541,745.4403861145761,465.9412759956806,4.8307290129651745
3116,156.13395893734045,-41.705583182883885,1049.957046122066,466.4601326073617,2.5820685947427826
3117,156.43062922841816,-41.83355019312401,1199.715939485669,465.6218729740999,6.912150302917772
3121,157.54427849972353,-42.31322598838847,1758.750838672264,465.3940481742242,7.385242764787969
3122,157.70614564727683,-42.38274225743739,1839.5467045432495,465.68939832816176,1.5221761913878262
3124,155.10280510801758,-41.25069665093999,524.1702305865354,467.10223187575207,0.2926812948605324
3125,155.54640594131368,-41.44817869794871,751.3261131690383,467.19021544720425,6.880443657028545
3126,155.9628478035545,-41.63072001429943,963.1429949453023,466.57546074065976,0.4920881578301249
3127,157.14614517577027,-42.145496097076155,1560.4569572433438,466.787097933077,4.329473373022941
3128,157.27130622908524,-42.19866108573888,1622.9767407016377,466.49937331328954,0.6271588960584439
3129,157.44989482616458,-42.274894613914384,1712.1798976065288,466.39196419795144,0.7813232054436514
3130,157.68250610851862,-42.37546486532226,1828.517272893953,467.1011188566118,2.118405927994211
3131,154.0953469168052,-40.79774240681798,4.539816279425905,467.68412881306386,2.578456806199103
3133,154.50634832179193,-40.98402714433365,217.3617973542647,467.6942080817294,8.42284719123704
3134,154.59956796502806,-41.026296381756715,265.5606840926399,467.8028356974838,1.791677042578051
3136,155.14344420244578,-41.27008389388868,545.3775729876069,467.7301351500074,89.74377183957671
3137,155.37766602640585,-41.3746607582523,665.453161222203,467.8693327220192,2.2911259809733973
3138,156.2896892028414,-41.77708951978945,1129.8061360788838,468.16861895717705,0.48072563708178784
3140,157.18852299127641,-42.16607801851616,1582.3273655074063,467.9927012406463,33.65433613112269
3141,157.3500662377517,-42.23513463436629,1663.0971552230747,467.8849573142908,0.2549844692329176
3142,157.4579631858474,-42.28129437259241,1716.9971882406837,467.8919963222628,1.0488792476564799
3145,154.52321606205277,-40.9946072850065,226.9330268831491,469.18797044854415,17.91001999019788
3146,154.85607389934583,-41.14383182003073,398.3871929235158,468.90618342293146,-0.07867055911185801
3149,156.04919084624635,-41.67366605111082,1008.4002025151007,469.1179874286005,0.2276942487248308
3151,157.3819535727352,-42.25221345104297,1679.9521280076233,469.62785633499794,1.1204447804277766
3153,154.26562778697976,-40.87956420799188,94.13037013762926,469.9403439726639,0.10513286482867391
3154,154.37395649136903,-40.92876092608955,150.24269524752862,470.0011447248001,2.881337351545209
3155,154.61447780447807,-41.037924076591885,274.67119152002005,470.27586461317617,2.6790749947474657
3156,154.6660582708073,-41.059944813411185,300.92979244563213,469.66576603936414,1.0112790396572775
3158,156.07721631032027,-41.68683867694413,1022.869611786832,469.5620991579834,6.392566854707666
3159,156.33697117005025,-41.8009122973314,1154.6129207255412,469.7773693154356,228.5341794114197
3160,156.51253129695294,-41.8776218246312,1243.4042035024004,469.88497494874593,33.35359342299273
3164,154.886542639204,-41.162114662747456,415.3879323677807,471.2346498458387,13.017764803971998
3165,155.47031856957085,-41.42195933443563,714.573289156297,470.98291755273453,12.439390965621298
3166,156.99790816236109,-42.08966292554555,1488.2656610696617,470.83192020632794,0.7598641599815844
3167,157.29160324523468,-42.21625235132438,1635.5191572777314,471.0139678783108,1.5206641559258207
3168,157.9682726745572,-42.50337758055207,1972.284152428006,470.5032998005148,2.0649914714510413
3169,154.27436057667958,-40.886730158810344,99.58610658932177,471.5541825840778,5.110747480563163
3170,155.01283468276242,-41.22089348137094,480.94378439410093,472.354395608469,6.047707558939297
3174,156.52869963205188,-41.88888756382535,1252.7285405534903,472.0300033672619,0.9427019159149366
3175,156.69770464581634,-41.961359783819994,1337.703663513144,471.5714398088118,1.1642233191989078
3176,157.56517922524728,-42.334603024577696,1772.4943308046086,471.7287051147843,846.156717003773
3177,154.22983069624712,-40.86989386547047,77.49792146417819,473.2458972877021,6.800976808776248
3179,154.96448888098945,-41.200367759762756,456.4201393401939,472.9141512933812,8.206518447126765
3180,155.2333210786806,-41.32113946426274,594.5796758873563,473.2721369121487,0.787809771036717
3181,156.14026097615655,-41.72088772659463,1056.6322724086906,472.8086151677499,200.1032829232331
3189,156.464574408283,-41.86471685217436,1221.3737849146605,473.92055482440526,3.9003779023533345
3193,154.15774463907343,-40.841007621346115,41.25615956136569,475.180117381,2.074189353460366
3194,155.71107531143682,-41.53586905120086,839.5067822578593,474.70109965305505,3.1185032551006806
3197,156.6193771166833,-41.93455122833352,1300.189714848884,475.2052159637837,1.2515549920123223
3199,154.7398928333143,-41.10471216992263,342.31303017096025,475.48769723692465,1.095205029405069
3200,155.50630672764908,-41.447552556842,735.6787431398317,475.85033833300133,1.7220616368595636
3201,157.00095898332714,-42.100477966914596,1492.3698700860596,475.65211953891827,1.4835666365845557
3202,157.89705881864532,-42.48272441027213,1939.4525220594066,475.332366954846,0.6666616757203151
3204,156.8298839941412,-42.030003507157126,1407.344423088262,477.36219149237263,1.786165237139647
3205,156.9753072607818,-42.092307807401966,1480.2770254051097,477.11697325676664,0.11409525256471381
3209,155.25311853687748,-41.33907131813719,607.3096776332698,477.872527924657,50.82469491268413
3210,155.91291536417106,-41.63150409064198,944.1039347255249,478.07762180038776,0.2840144765789421
3213,154.26560865192363,-40.897931086056275,99.46690558574008,479.18921844765737,9.839348837421893
3214,155.04125132419927,-41.24727571887563,499.44121228773406,479.2525942346433,106.93084953578297
3215,155.94020447689505,-41.64513824597343,958.4291258382787,478.9035646638789,19.413103922815793
3216,157.06903013793544,-42.1363386015013,1528.2860670411515,478.9729129402655,2.885538838045227
3217,157.47724622371078,-42.31128817730519,1732.4345874692187,478.94651645720245,-0.1318151654974162
3218,154.2896315011565,-40.91080688227618,112.48212000449641,480.18871512097064,1.1461759612029707
3220,155.3696398424868,-41.39653475906058,668.5466145767473,480.715765751929,1.5747883540846
3221,156.23655919176392,-41.77687759030408,1109.2645106728378,479.8170248357413,21.19715617354607
3222,156.25895481615396,-41.78627924751131,1120.496621088395,479.62054253830695,0.9300059304968074
3223,156.40082837429264,-41.84906293425419,1192.4985275931142,480.05726652258653,3.516305885420703
3224,157.70616535051622,-42.40992465382888,1846.768508573283,479.50578602093344,5.14538246832254
3225,154.6930352512713,-41.09461609069701,321.32647478302533,481.0196663492305,0.8363507661932423
3226,155.08084537634699,-41.26794201163258,520.6119923949079,480.752205548263,3.733052985972353
3227,155.46663816844642,-41.440669938458036,718.4352742182614,481.258094568631,1.8071998327969894
3228,155.76945965539767,-41.57525593765572,873.0629851903392,481.5865557110377,3.8771583442103346
3229,156.95844622958737,-42.09260217190681,1473.8633666234837,480.95483630208787,0.42533158762964185
3230,157.17924852828855,-42.187645770065544,1584.5670221063008,480.9635464493417,15.970048361290965
3232,157.76071967128553,-42.434924702863015,1874.3800275076906,480.43114402522747,6.390064105702038
3234,155.43583427230192,-41.429575831497324,703.421274657942,482.5572638916543,209.47625423866464
3236,156.68002093541193,-41.97381233898876,1334.2920657705617,481.7697097521522,0.5873693356461069
3238,156.97566753622743,-42.10177885660335,1482.9823508974534,481.8430060140166,1.0174126515380428
3240,157.72704326947823,-42.42341880979416,1858.3783627701137,481.8548703117736,-0.13023266040006423
3241,155.1910283022027,-41.321390204078426,578.3340926054468,482.91124857024136,194.76643414433136
3242,155.8634733443359,-41.61877673161999,921.4865025150583,482.644634031994,1.6818850975105402
3243,156.74677447548493,-42.00397320614066,1368.239452636837,482.3969788156581,1.466475427154598
3244,157.142100026821,-42.17686283502154,1567.3596086572963,483.59092857135306,2.933722760427452
3245,157.95137570159372,-42.52100893116662,1970.4315343162389,483.11131776556016,9.937712061075354
3246,154.35307540471553,-40.94704985796388,147.4925950867426,483.96725975433185,2.844109567267625
3249,154.99764240101015,-41.23808694094573,479.99334130838446,484.4548071567111,1.5331664297021033
3250,155.4237651548501,-41.42622390240029,697.8192394251276,483.56966188769456,0.9455137630291783
3251,155.8487762657256,-41.615774733387816,914.9811571422711,484.3989444959643,0.10904338291517644
3257,157.61542463031574,-42.38040465335516,1804.021765933588,484.1260705389719,0.4060524398042278
3259,158.03130692440166,-42.55639899034063,2010.4680311668255,483.92495466709215,0.2307121985878624
3261,155.99826123501106,-41.68185608213624,991.0408187608654,484.5723736157186,3.987014742050899
3262,156.22538645062855,-41.78335766944744,1106.7506833608982,485.5701360121402,653.209644228673
3263,156.23882435050314,-41.78840314812785,1113.3250712472282,485.150045775052,21.365094533647184
3265,157.07691588220837,-42.15185466175032,1535.5152013541501,485.1245636985084,7.893283200643238
3266,157.47433819008563,-42.32183419004937,1734.1329329846735,484.93537522102883,1.103009752641296
3267,157.68609376152688,-42.41205863546441,1839.6150920849943,484.9294060302465,22.050812195061887
3268,154.65870490485673,-41.08900200947572,306.46420039787563,485.97563182476586,2.025532288686249
3270,155.09667197353235,-41.28500603220635,531.5811148345292,485.79491783475993,287.193539119679
3271,157.45094784247644,-42.314664307941534,1723.2180470740927,486.36804772246757,3.234391626001879
3272,157.73734503164158,-42.436019874220314,1865.6811990946132,486.03622097745523,1.4439502353302753
3274,158.0114582575612,-42.55321787302699,2002.0031429353692,486.5734947965264,0.023682193113843394
3279,155.71722280005307,-41.56288647400951,849.454852757177,486.98491332608154,42.00673785906432
3280,155.80370376562942,-41.601773723342056,893.6891215098221,487.359648583294,20.250138839159984
3281,156.13908762527106,-41.74869906388767,1063.8921295254493,487.14327075614113,199.5659151751221
3282,156.69156137551343,-41.9885362412511,1342.7596163400858,486.69701214515294,3.294461691955959
3284,154.9377459286328,-41.21850117931149,451.2889068082459,488.09815747704494,1.207456959735782
3286,155.6372977270894,-41.52973750983506,809.3333622229571,488.0763156682146,1.0237954978099577
3288,156.90086298833873,-42.08129883444761,1448.6231868010234,487.8245081608458,11.265255945558788
3289,157.2494101843843,-42.2317367678829,1623.4389225885466,488.0611049450052,34.85009297617838
3290,157.33039407063782,-42.26659381472245,1663.9626485349784,488.13973403730506,0.27623301189174815
3292,157.80499872070112,-42.46864569700901,1900.3341991363977,488.0211444936969,-0.08750699516064434
3294,154.85375303873766,-41.1837995705092,408.9518537277855,489.581845561446,202.5455549925912
3295,155.39255087373658,-41.423301303953984,684.9550817940732,489.09204954661595,0.535493124182416
3299,157.02727345602233,-42.13712483097564,1512.4220262190859,488.4936571101417,77.74873955186251
3301,157.8524650038396,-42.49043061559146,1924.3414405612968,488.8634077583396,4.106460385747537
3302,154.42487011336596,-40.992130763782235,188.26596025755032,490.312769569013,-0.029675842308637897
3305,156.25008831507668,-41.802493368656826,1121.5615326400125,489.7901597906924,0.971566111021116
3306,156.55661990989128,-41.936596474754325,1276.5716883347227,490.0531779850269,44.04607528907762
3307,157.38319782134602,-42.293268606665116,1691.4283663658027,490.21044598456285,0.4402383281173505
3308,158.04300461447556,-42.5727055981828,2019.2481776543304,489.70892680676764,40.124793763561414
3309,154.3759814359599,-40.97130667047796,163.36920313908442,490.9599900171398,36.50923040938722
3311,155.5617574308983,-41.50196193666906,772.395293516588,490.9275322982666,266.2374091434075
3312,156.18510015672481,-41.777874885329275,1089.7084263624674,491.71436663855246,0.724252159874426
3313,156.63093116337635,-41.97108111113546,1314.636807212437,491.1765878721567,251.62320659488756
3316,154.96139449517028,-41.236348169540626,465.51476299761964,491.7585055309234,1.9683962774299872
3317,155.51167207417708,-41.48130331430947,747.2643745858136,491.6975561990212,0.6901302221748913
3319,157.16283701186583,-42.20352346341523,1582.5287644746911,492.60050160335874,3.913017081751998
3323,155.62113085846374,-41.53225642463897,803.8083165548674,492.960832907816,1.8474652671950706
3326,156.80674664658792,-42.051253688505724,1404.217433777527,493.21029076420893,3.2374064594219716
3330,155.27675940871504,-41.381556041387825,628.4824470807187,494.00474288479654,0.4641118876315832
3332,156.00006580224363,-41.70147865099806,997.197595698949,494.09715127474203,1.0705725566633295
3334,157.11384928260665,-42.185098922133285,1558.7080094559258,493.9335781931952,-1.098172542914902
3335,158.0541971757003,-42.584930617399856,2026.7595499508584,493.5250993797276,138.72480190278924
3337,155.79105612585442,-41.61135556565988,891.4947725626466,495.02153260263657,2.250969200511603
3338,155.82671675938334,-41.62819973338348,909.9505594623373,495.59301143466655,484.4849142737926
3339,155.9049803435236,-41.66154716959894,949.4268846255251,495.03562847924496,598.2767663916186
3341,156.5974695046869,-41.96394838436158,1299.7980503193858,494.92175722540566,1.1890687887124183
3342,157.0195207853596,-42.14744167118879,1512.2293570912836,495.42174230239885,0.7896598110803515
3344,157.96757629076563,-42.551700490840744,1984.7406133787897,495.2395300098848,0.6772446476417391
3346,154.8602159496959,-41.200988674036005,416.3720778337345,496.7860620115065,6.091281649079359
3347,154.9897556306914,-41.25677524881479,482.2906187292751,495.65945941562245,0.5047922511521479
3348,155.22930334204267,-41.36484633042569,605.4422518485235,496.23466469592563,0.08072221855952298
3349,155.5239284897795,-41.49435190417659,755.6674965238891,495.5455925154503,0.8082904049110529
3350,154.2806196787747,-40.94005538144988,117.51014877479805,496.9649442599627,4.2184913111905376
3353,155.24048624779832,-41.37136979375741,611.6061225614936,497.01342607208016,3.4844907596095904
3354,156.93681164002015,-42.11601391199256,1471.8825933126634,497.5633401117477,365.464806110982
3356,157.32528124109578,-42.28099804979838,1665.8593115498684,496.5657267688316,7.498977309698697
3360,155.8065455133921,-41.62426188077468,901.0753816286268,498.0948760164872,0.7570834435302463
3361,156.61604027989478,-41.97867257805933,1310.979506410578,498.2978806463347,1.1719754042646084
3363,156.84809078226846,-42.08040786743358,1428.0649582826327,498.9308070666043,1.9541054297790368
3364,157.0999877400094,-42.187540775438904,1554.0330220701628,498.19707375539394,0.03882871279385912
3369,155.46781683154234,-41.47525432726032,728.6510410338803,498.4604811409724,1.7354015974128922
3370,156.7612224498025,-42.04336128070626,1384.5413712013435,499.1937161283253,1.5546762762491506
3372,157.00356632248756,-42.147857837602245,1506.2019022349405,499.1191803694992,3.7054038997651366
3373,154.6235140342631,-41.10001059706157,296.0637505522084,499.5045124229214,16.501052701433373
3377,156.2932019477126,-41.84157034336981,1148.9662748919823,500.03730607720655,0.15233653896043525
3378,156.66255787641572,-42.002664506214145,1335.4507947627492,500.2299288349196,97.54527209270441
3379,156.8576106485205,-42.086491430881686,1433.3830103357286,499.930008741373,5.002940654972299
3380,157.01934228192815,-42.157038855197214,1514.7574244383072,500.32946883869397,8.635607341383302
3381,157.6318779632053,-42.418206057973045,1820.4019601435914,499.7780812873766,0.10211568319594742
3382,154.07557943419494,-40.85433037206041,13.447394843068475,500.67197524703204,2.178797300646941
3383,154.38459651177672,-40.99514902342256,173.6079188573395,501.00047086884007,0.613572873278518
3385,156.25446506724725,-41.82775005052085,1130.2285233672942,501.60632608827973,2.8887812602912577
3386,156.33236687144716,-41.86087924649405,1169.3787473387806,501.15835331617643,4.966503122537558
3387,156.81499158455352,-42.07007882988161,1412.515072955767,500.9471308670246,2.906240587292306
3389,154.14294473069623,-40.888016157352475,49.26007149905564,502.21268252724855,7.658748461419632
3390,154.15968937448986,-40.8963865375961,58.158347887230235,502.5972845776754,8.511569741149843
3392,154.43143730016837,-41.0183179845547,198.38606679195172,502.0029668409645,69.7689514274061
3393,154.80382629679386,-41.18630764404067,390.4172699723993,502.1381435013082,4.1076700503999435
3394,154.87950541559152,-41.219586148732795,429.1392811945714,501.80166153829975,1.5800938078289086
3396,157.11101272211974,-42.19898885985571,1561.364935550006,501.60080620520796,5.03898004114039
3397,157.2746384493414,-42.269855548711845,1643.3886230244002,501.9226139334394,0.6323251413102962
3398,157.83234806639754,-42.50880455500042,1921.464849913776,502.54429819177,2.42605725117612
3399,157.99163970087426,-42.57605238669179,2000.3936598182695,502.4529720861257,4.781783706502468
3400,154.06092609903865,-40.854838948499406,7.94561010963937,504.2801638232166,1.9527974988811025
3401,154.29718451701308,-40.96200634651206,130.27930501743646,504.2346203210892,0.6886570505695553
3404,156.3876313916659,-41.88973342266875,1198.612994062764,503.56567844092575,96.1962465651537
3406,157.2515939108643,-42.26346521153543,1632.8080678089193,503.6930656967734,1.4833320757523825
3407,157.78483881904359,-42.49231830214027,1898.84931804662,504.40755255276014,0.23839104932028324
3408,157.8116076826718,-42.50196669118348,1911.6877297170536,503.5393018697326,0.69442088743779
3411,156.75083089439124,-42.04976755883854,1382.287494495622,504.7209126622332,0.2736335953701554
3412,156.84809239143144,-42.09284768873838,1431.4475256179755,505.2378747340103,11.383028126328215
3415,155.29146463380098,-41.411324078006494,642.5921674720886,505.72709416621205,304.44985415194003
3416,155.3826150255022,-41.45185436291994,689.1994561153415,505.7359247708845,1.0033929709404372
3423,154.49553822577317,-41.057163371379296,234.34554624403629,506.9847860491733,4.6478325108291605
3424,154.5093646671788,-41.06287286251731,241.32719656151528,506.71763594077095,1.108157423948912
3425,154.53674280361682,-41.074946139439895,255.3720346444701,506.5775474736158,1.098920599594604
3426,154.74394736566063,-41.169406425940814,362.47690963898526,507.17263491441537,1.8379430218672317
3427,155.8977031211861,-41.68239573748728,952.4395070766066,507.19581181617167,1.1081147406538423
3428,156.202705590868,-41.81546421201878,1106.8959550650438,506.8397239469191,6.322303484569922
3429,156.2451686336024,-41.8341619713346,1128.4202312155528,506.9076847393001,13.750247441422173
3431,156.97789042588974,-42.152241344762125,1497.509092836042,506.9544873234364,1.3162865067231453
3434,154.61315165720052,-41.111695100426466,295.43753479270464,507.74118911721825,0.7673479591659926
3435,154.66571073928995,-41.13559244525597,322.58679290781,507.86021535060064,2.5216845192172275
3436,155.47249370738,-41.496127271948396,736.3434013972333,507.95385742280683,1.4174511091703241
3437,155.9475523025913,-41.70493754466898,977.9276669512284,507.51237345874995,8.324885979905359
3439,157.09266961117817,-42.20367954150862,1555.574435520068,507.98264165027547,9.714359594218896
3440,157.22643490118668,-42.26108925041677,1622.4930494883483,507.96343641329736,256.25364572407284
3441,157.43898621564242,-42.35196226167342,1728.5878199438025,507.9089398995518,1.0180102128368662
3442,158.0273951416657,-42.60089921369521,2020.6586567236386,507.40886069499186,3.4159783904346286
3443,154.24411344804471,-40.94678999066974,105.39227058383847,508.68115739260315,7.260781421380742
3444,155.48766941066447,-41.5045590503371,744.5698505108949,508.8147631549944,1.4096962014801022
3446,156.10032195044639,-41.77515317948538,1056.2946300440685,509.12069487704895,63.17565662175387
3447,157.87566160920187,-42.53993387150939,1946.3265482345796,509.0407386791364,19.456393358713132
3449,155.44742648170615,-41.48868344625136,724.582841538744,509.80792657356545,4.004013300915882
3452,157.7012989238535,-42.468006241906764,1860.3075936279954,510.08286249847686,-0.06825461807529713
3453,157.7562696261306,-42.49068673735288,1887.4401602192754,509.74277127082155,0.7282175645387943
3454,154.96378148532605,-41.274441404641564,477.32523311053,510.42812047029446,152.96389311162054
3456,157.29267464092302,-42.29554511579045,1657.222634073401,511.0412972781565,7.18231002536127
3459,157.80807749549248,-42.514916756066434,1913.755833879229,510.8850791567297,0.00846924204541235
3460,154.41044024779006,-41.02868538038604,193.29471022886287,511.9997347008638,3.329911120216359
3461,155.21228418000123,-41.388554573279265,605.6148700978258,512.0235162955834,1.05604258894061
3462,155.8719050298548,-41.68102968613507,942.120592501346,512.243194314457,0.3988504132073907
3464,157.00295721880917,-42.17219157050025,1512.5538635863013,511.5956246537086,3.4033166151945546
3465,157.19571268589516,-42.25594540954888,1609.2944052596977,512.0425124572224,2.9571931824757347
3466,158.04317778144974,-42.61718439638395,2030.9966511622029,512.3039785439679,5.750120463884767
3468,155.04063534710232,-41.31434462993447,518.3405394583239,513.2197037014893,294.62490047225447
3471,156.76818629222572,-42.07350292939063,1395.4346028341658,512.944839123015,10.355085642459915
3474,157.91933534961674,-42.56668258895854,1970.1554795584525,513.2409286237774,0.3375473792617069
3475,155.30953941322284,-41.43552097623649,656.4150385563883,513.8823446218231,2.3944107694591334
3476,155.45394066252655,-41.4995675943765,730.1652821611523,513.8448514859112,3.0651947509751007
3479,156.88659278682792,-42.12628837821499,1455.3466837608073,513.763042607723,6.31984741713618
3481,155.0153881747727,-41.30629197819803,506.31279275251774,514.8493631190985,5.688681279373273
3482,155.22413311397065,-41.3986700122349,613.0535017467585,514.464635093767,470.9582463333252
3483,155.56155694813978,-41.55026476413501,785.9152968343486,515.371132054253,6.112802296301291
3484,157.0924435504002,-42.217855972096665,1559.3144806672187,515.2245163694457,5.27815676537693
3485,157.2649380542494,-42.29178440995324,1645.5486016878258,515.1648639692555,47.24446130079777
3486,157.34489441918015,-42.32591482942655,1685.4443409060148,515.1095189278358,16.160934158025423
3488,154.22908628608008,-40.954214142447576,101.7602522332643,515.8449177572705,7.531680996094166
3489,155.1237359319421,-41.35709449963685,562.5468468227291,516.0669604766847,60.33470698814171
3491,156.63170091793268,-42.02050916679622,1328.4519627075701,516.052832339152,1.1360550028121388
3492,156.89680329263498,-42.13630778337903,1461.994499564548,516.608714216539,521.1427320308389
3493,156.91812468057492,-42.14445331317345,1472.4062315982308,516.0740282319639,0.5650952886866786
3494,157.53826175441344,-42.41059068067336,1782.3935357303462,516.1705082780966,0.4940901444511694
3496,155.173925264831,-41.380531791108766,588.553630977768,516.5994567064769,5.670886936925225
3498,156.77479703100659,-42.08369411055564,1400.7540989753559,516.6608111352324,7.752289851920466
3499,156.9593669661516,-42.16324507866962,1493.3643495244617,516.5845223915721,12.28605554315325
3503,154.80198006870143,-41.217095577974796,398.5418115219054,518.0720048529253,2.307394881888993
3504,155.10934098303267,-41.35466264078847,556.3077111826866,518.0801758116505,0.5444650986919563
3505,155.197904826693,-41.39393564389746,601.6025905197731,517.9705625649806,25.965875077224414
3506,155.63240693024366,-41.58692533738786,823.5161191220678,518.0615448474871,68.98421411676411
3507,156.6575950485752,-42.03536572805282,1342.476732748101,517.890809318988,0.5632931158854844
3508,157.62031022931387,-42.44923269520194,1824.2048676435159,518.0468631778621,1.8369836139041227
3509,155.26489448500885,-41.42595272651291,636.5011796678726,519.0753838493913,3.6761176188529805
3510,155.36267803616425,-41.46967205188396,686.5569586251322,519.2001813067704,5.24686928793542
3511,155.4183428507158,-41.49329403762829,714.6792432624804,518.6498732282256,3.123724787463427
3512,155.7460094354209,-41.639233512525514,881.9436616017746,519.149546036336,1.4537722859750482
3514,157.12116644083537,-42.23720084181037,1575.5790978647738,518.7752266100621,1.6725559163733885
3517,157.96033976315763,-42.5943664869073,1993.192143624902,518.4997803674605,0.34589988904733854
3518,157.98859150936028,-42.60771641899985,2007.5509873237108,519.2161531512338,393.683864408875
3520,155.1484363156604,-41.37595801719019,577.4319986031401,520.0248003387042,29.18661272140301
3523,156.43508621526493,-41.94290736580042,1231.5115292486416,520.0232277241048,1.1265078360760825
3524,157.1448930776846,-42.247859558713614,1587.5755738083456,519.0113015243263,0.8697797746163405
3525,157.3587483755462,-42.340635117383385,1694.713601726864,519.5740358906552,15.04455778307343
3529,156.2141625213836,-41.848811869991906,1120.5328246929798,521.179744313872,0.4635096370519499
3530,156.56469686082673,-42.00159310637325,1297.4922652119176,521.2024688983769,0.2895080526479684
3531,156.81805277103157,-42.11166321449397,1425.006623102951,521.357506028035,2.448431800104498
3532,157.1625976854213,-42.25898977894125,1597.3814570605712,520.8010058482043,10.006075956039213
3533,157.84825104283652,-42.55094706316793,1938.706511265457,520.5457567767342,1.7782204367899865
3534,156.45026148158405,-41.95413591388446,1240.4376997574907,522.3640699202542,11.238417939097301
3536,155.23854571853997,-41.42219625410791,625.2846574466167,523.09728248109,4.200349679376304
3538,156.16906164288943,-41.83235655033707,1098.618166406229,522.8339589316058,20.61696674754204
3540,156.83671735107376,-42.122013484629434,1435.0001600952507,522.5158033828544,0.7544756542152579
3541,157.06112489226774,-42.22041700498208,1547.9633299905963,523.3569126287787,-0.16567424069113365
3543,154.28521069209512,-40.99586751527734,135.50546834949358,524.0030475103305,2.7544709735834028
3547,157.08831416023315,-42.23439172541659,1562.1902676161153,524.514228344603,3.0817821868877857
3548,155.0496855327833,-41.34345570498652,530.1306251753231,525.8610749671454,1.3267103713855335
3549,155.88451827331988,-41.71196810498237,955.6127283888502,525.0781417519905,18.45001169518011
3550,155.91188274577908,-41.72229004812275,969.0274049176971,524.2130029256157,3.3077314598968575
3552,156.9761843563523,-42.187453602524734,1506.3890510816393,525.1859159739768,98.36651551074415
3554,157.59674861912933,-42.45381290006508,1816.3716561995986,525.4701105930541,1.1957237489467312
3555,157.95840030036484,-42.60641784056698,1995.6194551448066,525.0464090167542,0.3465287452142733
3557,155.47923645275546,-41.53485126882685,749.8642280025335,525.997897864798,3.7340146838696793
3558,155.55873444647108,-41.56971715847499,790.3029163987436,525.8263352763745,6.24225133016413
3561,157.97569501260904,-42.61499225314421,2004.5140301396998,525.6892045076474,0.49473739821419316
3564,154.91947242449228,-41.28742718001003,463.96479352765294,526.9740359531313,-0.1586213066801271
3566,155.80523385765557,-41.68134090578727,916.5327463028251,527.2371425077921,3.903443147933195
3567,156.11614037580753,-41.81651373806319,1073.8578299497774,526.5383875251116,241.71345561565306
3568,156.15242554404296,-41.83236866628732,1092.218124053345,526.5230191673934,4.17124304420666
3571,157.6545457078875,-42.48217396214235,1846.1078320769898,527.3843095353867,8.299260336807604
3572,157.93520905362985,-42.600847336185645,1985.2509302545136,527.2009621615804,0.18135284866469298
3573,155.21381070751198,-41.421332960195265,615.5118044983832,528.218343597526,3.6993612156754505
3574,156.47597576079713,-41.976339876020376,1256.4309107877484,527.9420883179722,15.835284209611173
3576,154.88923110892125,-41.27836712668532,449.7220532869021,529.2344829908373,7.528246128210114
3577,155.0336412003163,-41.342505408648606,523.6791595708501,528.9963618568981,0.3435666812239659
3581,157.41385475012186,-42.38250281499349,1727.094495644682,528.8706662413666,0.3566546917939576
3586,155.95161538003268,-41.751393627967445,992.4332835170969,530.0993525175452,15.403174979855892
3589,154.38366399588824,-41.05456898415715,190.47903844144068,531.1205586809094,1.3376426290756434
3590,155.17116272498342,-41.40739447412987,595.1257949252198,530.7717712998652,0.25637613920311886
3592,156.23216666305845,-41.87536842294651,1134.8046625095571,530.6357810492152,37.29814790888142
3593,156.49837830845988,-41.99253711931407,1269.495104001026,531.2107899812578,0.5633881463801479
3596,157.3998371197024,-42.38074573480113,1721.2393033744697,531.0198212962619,0.9617747811229588
3597,154.4369508251199,-41.08045100094118,218.5060054680535,532.0266881131965,1.995604813927619
3598,155.12211214010327,-41.38771508892082,570.6369958095828,531.8769534942802,5.912747562300345
3599,156.05815410841439,-41.803267523099684,1047.8645942947435,532.6893156182671,3.148848600122273
3600,156.85056762020392,-42.14592065715447,1446.8240283546102,531.6021596978176,-0.18731335943817318
3601,157.5534644178049,-42.447810769999826,1798.1494407058253,531.786513072936,4.371833598785573
3603,155.72499275102544,-41.65677667218797,878.7655033723921,532.6977164662404,2.189643262798533
3605,156.8930081160742,-42.167996905959384,1469.1357120749858,533.5057617008558,25.13611734432698
3609,155.32298547912157,-41.4811183173393,674.5086684933566,533.8775730320249,2.98362398674348
3611,156.1592659975871,-41.850452816238096,1099.8594835186939,534.157283525933,2.2492323832420196
3612,157.2640819936453,-42.328855824468505,1655.1760211206006,534.1671427089152,11.769292526065902
3613,157.4899167407427,-42.42441547754583,1767.5070005623884,533.6645299351859,392.41677702590147
3615,154.40708512269205,-41.072933828442494,204.82413233404287,535.0348278165844,1.0074138590210802
3617,155.0557042819667,-41.36353728279626,538.174596261844,534.6317562120593,2.2180013579131517
3620,155.80855744375535,-41.69698814203009,922.1868424285841,534.4049615867615,3.1705140247724555
3621,156.4178653507627,-41.96419731564507,1230.7393916914737,534.5984749306559,0.09796210538521355
3626,155.06898763591354,-41.37326408384344,546.0624953358958,536.5454800902833,416.62436813691863
3627,155.6111088439717,-41.613089928944305,822.6661602456047,536.0325318273834,26.00246351354062
3628,157.06340374644452,-42.24654489431827,1555.8965998870096,536.1128045764929,0.6428958882218382
3630,157.65015108100107,-42.4975846437703,1848.5125238591138,536.1643389081557,0.7784354139852374
3631,154.48799053186673,-41.11329886833415,247.67100628573223,536.9619669153527,4.018633322955705
3632,154.69895191707667,-41.20834955820628,356.3369324487778,536.9801639596038,1.4526138502492554
3634,155.85282540383164,-41.72057151143951,945.8141813809556,536.4745756515666,184.00129569760756
3638,156.98269926600082,-42.21261001938972,1515.7042832251461,536.5196975062458,9.734455507089985
3639,157.20495197381703,-42.30924734847559,1627.1876835789494,537.0799416539285,0.8424818268048598
3640,157.67738266382537,-42.51119646415901,1862.5801020527279,537.1980890396472,473.18411975037714
3643,154.66140540191608,-41.193581912181855,337.62646817567446,538.0459440265035,4.269333835817588
3647,157.21870457250583,-42.31695865822363,1634.5451762561172,538.000080977785,73.32351314968689
3648,157.434927392943,-42.40877894446744,1742.2126101422384,537.6424650710433,1.0412276437063712
3650,157.58565053322454,-42.4738503475133,1817.439944720774,538.0501568343839,1.55144032154955
3651,157.69840874294573,-42.52265814510903,1873.6916938001111,538.4821221481865,45.69079215466559
3652,154.73484260164506,-41.22892285255271,376.07458557338185,539.2193326172194,0.5705602974466638
3653,155.03966573062078,-41.364161880760534,532.1763891046132,538.5588272627025,5.238251088334231
3654,155.10183703322534,-41.39340616938854,564.4493220936828,539.3089213777481,5.22325911895236
3658,156.2352810284681,-41.89336279703068,1140.9760786926959,539.0521399497219,0.33350295893651666
3659,157.36231135701453,-42.38020925807447,1706.6810406624918,538.8917303768861,0.9079322039099864
3660,157.92937320682685,-42.62054949503157,1988.199955663377,538.4753800592082,2.1224605031707457
3661,154.61471167466976,-41.176320953203586,314.6710658955256,539.9353325051486,1.5867111443532402
3664,156.56145385909153,-42.03648271483082,1305.801361227479,539.5870609491334,147.3624659565887
3665,156.93802599633005,-42.20051514486014,1495.2587360253676,540.1482202943395,1.1781692061179285
3670,155.12950691540908,-41.4089619481357,579.5307503406406,540.9291648851575,9.725161246337038
3671,156.085939999328,-41.83211901907352,1066.5647611902255,541.122238758001,6.271104554127527
3673,157.38878405953082,-42.395220203651796,1720.8659852211035,540.7669697682926,0.7229372754589847
3674,157.4778161478166,-42.43381213897673,1765.3672690187552,541.058193973827,11.688954425577734
3675,157.73716216563565,-42.5435889853995,1894.1132819688844,540.7552220737133,0.4374968650666418
3676,157.80437357866177,-42.57271185250494,1927.6130596051412,541.0649249740989,4.522574584870282
3677,155.56155162525866,-41.603473306054944,800.886271282595,542.2433969807031,21.29710998159241
3678,155.89894753868128,-41.75136591871629,972.1560815610411,541.7857026483259,2.356836988754268
3679,155.94467204788884,-41.771940008436246,995.4834826250121,542.0286264355066,329.68215035686916
3680,156.9079522901521,-42.19102825778438,1481.1285714085998,541.9132954746447,0.9638182068713061
3681,157.25779379194975,-42.34148327923214,1656.1513171926936,541.9429268586733,1.9560016586177364
3683,155.68916038552143,-41.66168239173386,866.3484951279102,543.1633653431475,26.759007313566702
3685,156.04049583770694,-41.816952454647215,1044.870939561275,543.5247434571072,0.6930472851026691
3686,156.6582668224413,-42.086405300876294,1356.678426945335,543.601573642769,11.154718197071661
3687,157.12313489916798,-42.28493924629115,1589.2079479531908,542.5650665325446,14.397014530906358
3688,154.2772987548191,-41.031202121592,142.72774986623907,543.5831321843816,909.56194160884
3689,155.4586583799397,-41.56102037572873,749.3226629687315,543.8138654991791,50.18149157709438
3690,155.9799310233585,-41.79171817728834,1014.5550083087694,544.2002958258229,7.26917288693185
3691,156.17535554828146,-41.87734166932847,1113.493729621582,544.1990366829184,10.860840175807116
3694,155.3309429031923,-41.50587130984438,684.579520965759,544.5842463996154,1.2236954196625016
3695,155.87375819778688,-41.74716243969875,961.2914527667549,545.2595546783679,0.5294831826239542
3696,156.1976319299851,-41.88865410648213,1125.1921273051812,544.9942379348562,13.365760284110678
3697,156.30961974628985,-41.93682663625173,1181.5679796865302,544.6233694840145,2.626835626948949
3698,156.77605723421124,-42.13996438497611,1416.5606975495118,544.9027590895791,8.168346667911207
3699,156.9675287862612,-42.22227109836974,1512.4897590018843,544.7323259229224,7.452958005198228
3702,154.0018079010315,-40.91048105762438,1.4382708436387293,545.7817945300334,1.240721969609284
3703,154.82711356250132,-41.28255187683566,426.99866158351267,545.3739668740955,50.68664813106446
3704,155.751401927285,-41.69439262771203,899.464345277461,545.8187244555,5.458772320247914
3706,157.25976672726446,-42.35035797076756,1659.2922223026653,546.0176476360832,2.6545808851705326
3713,154.53185293369927,-41.153571890663194,276.2008132960304,547.2763339929396,2.3781464743565786
3714,155.29097287494395,-41.49290707388314,665.5232058191003,547.0062794760174,1.2903795585110542
3716,156.8507486674216,-42.176160060867474,1455.109134340418,546.8904019252066,2.794307663842475
3717,155.5154567314405,-41.59447227130347,780.6121534160163,547.9991647767816,9.552343280276085
3718,156.11499631632705,-41.859519283969085,1085.3408953301437,548.5438910402089,1.6619156153283017
3719,156.3462480911837,-41.95831330040423,1201.5758816223897,547.4136566968893,31.760284797095718
3721,157.77332727817145,-42.57277121383489,1915.715598804932,547.7868203056976,14.71838494772977
3722,154.15658312708914,-40.98722406690128,83.44502671931028,548.9939180936649,1.1004662419083593
3723,154.4187334237649,-41.105377552678455,218.70849523039317,548.7138401375908,6.573881988516665
3724,154.4992331631604,-41.14131928132626,260.1013544562049,548.5135564923854,329.3659959324928
3726,154.7680497937202,-41.26293364133205,398.6305416972354,548.8406200052955,2.4254198808357414
3727,155.05369501159487,-41.391320215327774,545.3209596152045,549.0926534363077,2.0980518939287145
3730,156.93143915078707,-42.21453246580891,1496.526522171155,548.6944851151262,12.079377841330166
3731,156.2861026197969,-41.937217986619416,1172.6322755254569,550.0138172096563,1.1333402499249652
3733,157.1093088103402,-42.29390171007408,1586.3131985744585,550.1241948273189,12.940469366244345
3734,157.5912160978223,-42.49975582529282,1826.4667431794724,550.0057695938665,24.55763937333295
3735,157.71282885802788,-42.55140166515732,1886.8449138256387,549.9756029410677,0.4043145884125805
3736,157.73388584314566,-42.56039349137753,1897.3063420288072,550.0018072764707,0.29361216095363607
3737,157.8772317271006,-42.621115115199146,1968.3454087687414,549.9803776716393,-0.2610507027859256
3739,154.64325586489113,-41.21072038163898,335.5732746885434,550.7888547668471,1.4238525971498546
3740,155.02592199393342,-41.38304698253416,532.2715224056255,551.1755432632831,14.539362049155208
3741,155.42641708084167,-41.56039567480199,736.737889329782,550.7137517144647,12.517490826018173
3744,154.23817881389863,-41.030232644385116,127.38329482378568,552.0111902571339,17.976905795413924
3747,155.73125783130385,-41.69743783568511,892.5665016346833,551.8439726288052,113.94501311839628
3750,156.53755180300237,-42.05052054736056,1300.4575935261432,551.952370422692,9.134047012480664
3751,157.78839992931142,-42.587277466960224,1925.334570502979,551.9106025127417,0.15391557595721606
3752,157.913870804466,-42.639749673650364,1987.3099136093022,551.5720727481115,5.981726692659234
3754,155.7034043918083,-41.6865396255858,878.7975869521398,552.544634393838,1195.4319317678576
3756,156.60062637273955,-42.07904014354791,1332.5089744549728,552.5301851380474,20.582136502835223
3758,156.948932230288,-42.230632880243405,1507.6094602361993,553.034401349776,4.96671181160182
3759,157.5445000823367,-42.484540042447314,1804.4886838554314,552.3818782243229,2.4710899231285026
3760,157.84123353889368,-42.61216482267507,1952.1759798326996,553.1793629232808,2.7481864111144394
3764,156.298146092833,-41.94982374205851,1180.7404496126128,553.7332358726876,1.7091686817116178
3765,156.57592672807056,-42.07206682945239,1321.107927068126,554.4262289705995,1.6300986701862215
3766,156.64301997239454,-42.099847231857304,1354.4898548292642,553.7579201313191,13.447093918011804
3769,154.02227535276236,-40.93820932213245,17.428834621979878,555.0372592543351,1.6026912315184967
3770,155.06666948699785,-41.40773778555922,554.9936102396017,554.4494889678346,0.49436226637178093
3771,157.8837124375636,-42.63564047566079,1974.6608311516302,555.970188577568,1.524227216868534
3772,157.92110158605996,-42.648602011202755,1992.4144806711888,554.5179267458343,5.29801257823524
3775,155.4903924519514,-41.59828630448141,772.0423111346723,555.5278678841155,8.894098793601835
3776,155.59818207688767,-41.64848477134672,827.6381200872804,556.7926758354614,732.26735791953
3777,155.83480574979566,-41.75108303842882,947.4012372514526,555.901253227494,2.609479099585946
3778,156.41495513811765,-42.0049680448678,1240.8304038692797,555.8784951109044,0.45561044059511496
3779,157.3042991799999,-42.38852525985117,1686.6328572274494,555.7096014787119,5.176974943802117
3782,154.98461191296,-41.37634197171847,514.4588408809279,557.101944334233,0.8391237576258488
3784,157.19327568413445,-42.34359650299553,1631.942139578139,557.0487243382875,0.8132720563439586
3785,154.2724567469735,-41.05815165521377,148.69622114938437,558.242577983863,0.19057782868187334
3788,154.88587384688256,-41.33364193386626,464.2530842440097,557.8485390218893,0.8327230486576449
3790,155.55037300354834,-41.63001374525387,804.052271746294,558.1411671387896,78.73225888384532
3795,154.1356175402496,-40.99834572769208,78.61661681548941,559.3718046226626,34.59827775200453
3796,154.35040581694037,-41.09521864474478,189.46106385764946,559.1424260633438,120.81854975925009
3797,154.46958558343164,-41.148639100438324,250.8050066332073,558.9305163828576,9.941433813767471
3798,154.99792108085916,-41.38529444606845,522.1362581781431,558.6157574646461,0.31015264601435655
3799,155.03145640049726,-41.40203283026018,539.8163506482248,559.5003284449638,-0.026102335182759406
3800,154.74768231142392,-41.27558930874313,394.4252115483933,559.8214474114469,1.5015174254929975
3802,155.7758546120358,-41.733632734443404,919.8509309947432,560.1991985821406,1.896364056184185
3805,157.2752676255271,-42.38475108951199,1674.4758244509546,560.1013420398784,6.925809448060052
3806,157.6349756925692,-42.5373958542757,1853.2600530666923,559.66834889701,66.94204623001453
3807,157.9869669791735,-42.6860634871125,2027.5243681695572,559.4118069640491,0.6118429156833755
3809,154.40307586283916,-41.12338629793238,217.89770732629916,561.3355915699595,1.1817646549863894
3810,155.22025975118595,-41.48927745370469,637.281949870035,561.0438618423489,319.7992790312857
3812,155.7466646350732,-41.72198520158222,905.3656507233699,560.8131332692212,5.257885623434128
3816,157.26431518418744,-42.38208866313645,1669.5571176430788,561.1303784234034,8.090254653283637
3817,157.35223766771495,-42.41964963198498,1713.3732029097162,561.0979930622344,22.15865079267202
3818,157.51935581315453,-42.49012993474781,1796.3287121127064,560.6616989907913,120.75198006332842
3819,155.10208836336722,-41.43815476576537,577.2855545510383,561.8166411144024,0.3902526257839185
3821,157.7159950262272,-42.57579667406929,1894.5228735505825,561.6878464831641,1.2692735633263457
3822,154.64999003330715,-41.23737874252529,345.84187741438876,562.6872355012752,0.9260707223242882
3824,155.88802814112688,-41.78808234132061,978.1942261583039,562.7686033194859,3.92761430859013
3825,156.33944093039966,-41.986003388791104,1206.5867005067555,562.9281893053725,1099.8124808165026
3826,157.33524765197407,-42.41551139179182,1705.7443318080389,562.6851722178343,62.27977328288262
3827,157.93913879539758,-42.67248435287639,2005.6174287395745,562.7828085735209,41.24106457245635
3828,154.04869408553012,-40.96832035063147,36.3987350801058,564.1322717430786,2.08083626531901
3830,154.87211643734034,-41.340517596265045,460.92744722574423,564.41784112895,0.25784057386927234
3831,157.48863472824556,-42.48332341353608,1782.7272363244626,563.8556708346149,1.0650959262196453
3834,154.47613056816817,-41.16419671529767,257.8229351364499,565.2738792208605,1.8980147917171295
3835,155.01835155583424,-41.40795548474275,536.4632633473068,565.4366639229869,1.0742007310445059
3836,155.43192243867023,-41.59090411116639,747.4674894094645,564.8792789547356,1.2767389193181855
3837,157.39156267412193,-42.44421489463924,1735.0375307589995,565.0356405016496,11.323108751779515
3839,154.53964052269023,-41.19435159764021,290.9738711577856,566.037226140486,1.687628693131393
3840,154.63584454314955,-41.23610647482467,340.03227980913533,565.2504814156201,2.630833383715072
3841,155.62450514910938,-41.678125514826455,846.089158863791,565.8863378160651,23.3697477196664
3843,156.268529399135,-41.961411959852875,1172.5530047696109,566.1352187858132,0.0917628181696108
3846,156.76012908784955,-42.174236331775326,1419.7710203982112,565.7580057548639,0.7263759532606484
3849,157.7969495709092,-42.617931819225284,1936.7161922201237,565.6475314150503,1.3397780391031406
3850,157.96242822014824,-42.68929814651798,2018.968047422901,566.3272761188705,0.050576145673316045
3851,154.56507562144725,-41.20698574134932,304.4071659602491,566.6282925228426,6.604915901384686
3852,154.82704193648996,-41.32559800590163,439.3109204105613,567.0774814373991,0.08146219909832161
3853,156.04757801027887,-41.865695548294,1061.1310724054335,566.6004241148653,133.30785329742534
3856,157.91227958810302,-42.669164273865086,1994.4469573314102,566.8684856832449,6.835690377970403
3858,155.32545263705168,-41.55083834001897,695.1932979923495,568.5031389954029,0.7141562978698299
3859,155.84906879885372,-41.78158261697004,961.4013461382481,568.1414144018992,1.475690792522973
3860,157.08256829953135,-42.316763709061746,1582.211395587801,567.5465686516446,329.13939454684555
3863,155.18450611155495,-41.489502136886294,623.5915569829023,569.18530734012,2.9791170350820293
3864,155.91761834911955,-41.81339205192623,996.6253479167289,568.987546047295,3.780916363555687
3866,157.17168947804308,-42.35654516834637,1627.1391266946925,568.3145755674146,0.3966952338880905
3867,157.87105493725278,-42.656201264872934,1975.2284265108367,569.1449425232772,1.2988780710193408
3869,154.22760967975893,-41.06053153815514,132.1296613450837,569.6581868807457,2.1801826759575786
3871,155.14071704206117,-41.47171785063251,601.6944521269105,570.0550266691204,0.6709718074725979
3872,155.2874241906982,-41.5364863132374,676.5034997702522,569.7873708691567,712.1877107909046
3873,156.89840086470463,-42.24233763580907,1491.3749813257036,570.0097865266271,29.66412618829318
3874,157.03222855373642,-42.30041679693252,1558.473873718582,570.2324010300546,1.5823175975619688
3876,157.5317024447252,-42.513020832472854,1807.162717993059,569.6138709227246,19.11949751554581
3878,154.84293987243737,-41.34119227009245,449.89574609176486,571.3437103357758,1.0985716479276006
3879,155.62947498524866,-41.690195651630624,851.3891163249434,570.8726158700026,99.9187293583101
3880,156.75762281062978,-42.183868155666055,1421.4307840754545,571.1867802685381,3.3651059623424264
3881,157.17920145408112,-42.365084215749114,1632.3196895565686,571.0113772572529,6.495581465693315
3885,154.3748793996102,-41.13201415175625,209.5481246256005,572.0872760971542,37.18788864888042
3887,155.0509324301967,-41.434762659691906,556.6397559513326,571.6151526672032,11.427828012880076
3889,156.28417678260695,-41.9811151064686,1184.0022159440337,572.6487372144203,40.78903787965869
3891,156.58571967884356,-42.111678964857674,1335.709628770118,572.3333401379502,2.306730427644623
3895,154.5254908135502,-41.201574409058985,287.615358081091,572.8825168314187,19.852922145761347
3896,154.69545680264744,-41.277811532071574,374.969363392425,572.7544351503568,0.1333932525190249
3898,156.15292623834094,-41.92428318664792,1117.8637390636422,572.9027772510252,7.081210909734616
3900,154.05963478593543,-40.992453974504244,47.658901358438406,573.7623547536001,2.1655977083406137
3902,155.44807332255587,-41.616585330494445,760.9244872695474,574.2268849914885,3.9812482216044964
3904,156.66502824813696,-42.14870963481903,1376.2878330224203,573.6761818037371,4.941088029306374
3905,156.97407420574876,-42.283205970456294,1531.497048930399,574.1957302725392,25.950281010112988
3909,156.53205857597553,-42.093071874372285,1310.005150559554,574.7045237127527,0.3772107252879534
3913,155.66765707873984,-41.71726270751876,873.6633687922615,576.0278660935152,3.460063288107957
3914,155.96702909513718,-41.84891913312442,1025.5083970590788,575.9775316917753,5.086298337096953
3917,157.56388354093068,-42.539367529356745,1826.5170881266383,576.032884317251,310.9753331868172
3918,157.7576495429636,-42.62171851052068,1922.650549627766,576.039146102182,1.311011015185413
3923,156.18102538321338,-41.94459050646126,1134.2801210834434,576.9592453627583,1.2595319708981227
3924,156.81160171658462,-42.21829935621151,1451.5233298557637,576.8121353952839,6.05068386346442
3928,154.9657296353466,-41.40897605361738,516.513355778249,577.8036784461549,535.6845754909333
3930,155.36288314829818,-41.58602433582727,719.53915931946,577.8700450732878,1.2416444127445687
3933,156.16658062636037,-41.94059022924759,1127.6235612661435,578.1297465500911,0.6787778506708054
3935,156.71325640787154,-42.17834659879908,1402.890671195569,578.1114910232598,0.9899918867318066
3936,157.5105480510607,-42.520948115195424,1801.1611736283592,578.2156691786369,3.998593205385281
3937,154.64460466673597,-41.26784467889206,352.54150359979974,579.2460050471457,0.34349770944622027
3939,155.45712152096655,-41.630182102937596,768.237937670098,579.0652538893269,2.624603295563892
3940,156.51933071417474,-42.0963407204059,1306.0125004914235,579.1575871185593,2.416906906343087
3942,154.46676270262984,-41.18905676576375,261.4077165518046,579.9109948535239,2.801527310759605
3943,154.76978394603154,-41.32684355087207,417.6434763539027,580.6397085827624,744.6531873032388
3945,156.1049623298707,-41.917312803046364,1097.5029705508418,579.9900325891118,13.640190529811646
3946,156.42234830922462,-42.05708616668812,1257.9951836759265,580.6280025888165,424.27145325135
3947,157.54515660565974,-42.5395704134743,1819.3904356096875,580.1849027095508,17.978778919180666
3948,154.00320222565955,-40.981101184679254,22.6331157011759,580.9545590755591,4.9624508595733685
3949,155.02663931138943,-41.44344809967796,549.7729090019448,581.4602884527728,106.12489113926593
3950,155.923950685251,-41.839430582131534,1006.3123344121449,580.7405211634638,3.051619901956083
3952,156.20682013348068,-41.96362770948725,1149.453767631577,580.8863137216911,5.5448884806109895
3955,154.5075027941794,-41.21167913356708,283.6148875499629,582.0488055847082,0.6168955885639642
3956,154.56016431350514,-41.23475184292821,310.52860497470476,581.7179095600527,0.796016096001409
3957,155.00591466288486,-41.434355432178975,539.2105842378431,581.5430062574111,0.519435241970571
3958,155.32453624037421,-41.578641241405116,702.7081668387618,582.7341788448513,1.2921030407321077
3959,155.51442502095904,-41.660738879584606,798.8765173196895,581.68074803662,14.575849593129309
3961,156.59313889980228,-42.13344720399721,1344.5125959755726,581.7259397759994,15.486348512737491
3962,156.75683424547316,-42.206049258832415,1427.1663853814468,582.5961689042548,1.533199991443696
3963,156.77368110363602,-42.21145630234549,1435.104894716273,581.646075912565,0.8269524212530129
3966,157.79436758109404,-42.6484288593319,1943.7845827372344,581.7009580619111,1.47657936101426
3967,154.6109059305565,-41.26011257798326,337.3544579629515,582.9850347119893,0.01950925993454321
3969,155.2176373479801,-41.53151382878611,648.2582153280015,582.9334469862698,1.8644401220788183
3970,155.66675877559803,-41.73013277646909,876.9271545180125,582.7269090084851,6.327807087630087
3972,155.18570652073942,-41.519281953204796,632.5102582508708,583.932499912066,13.515598445461595
3973,155.3109748203475,-41.57504802014798,696.4778972005661,583.9601087960691,2.241937789064884
3974,155.4462842496226,-41.635695573994354,765.6267610698792,584.2706416346616,18.1774556133207
3977,156.18514780419264,-41.96233324888865,1140.7708026631442,585.0208356232325,0.4434911689801152
3980,157.56250297132593,-42.555265292272104,1830.216687743443,584.4039004248606,2.7516120810486746
3981,154.16180338532197,-41.0638735443466,107.78982471273783,586.3410744279674,0.6005161842567703
3983,155.5004504332091,-41.66226376934284,793.9344257773331,585.572113643013,9.559849355001328
3985,155.72404864160222,-41.76264984234572,908.0550045164192,586.3873892582692,1.5675380994578307
3987,156.85999719821305,-42.25731737338341,1480.6971873799937,585.9960715301617,3.9142602657492613
3989,157.4926873507735,-42.52876211314656,1796.3952425546659,586.0473962409499,0.6397824038490795
3991,154.61843293530214,-41.27100696748564,343.387528709796,586.7642981280964,50.695886835270116
3992,154.73408539764586,-41.3222082209381,402.5850853936116,586.3739780519026,3.6875822993219156
3993,155.39020861244126,-41.61594403000838,738.4979577854916,586.8482285956926,605.5622868950421
3994,155.83227556871728,-41.81091458137214,963.134694619537,586.6929506080074,15.776858357209985
3998,155.06547240521886,-41.47428097959815,573.4896950231871,588.2635845297779,0.1611378968622122
3999,155.66623051277662,-41.74187528952057,880.0167934609087,588.77377731423,2.264193128648475
4000,156.00431670111942,-41.890424325603426,1051.3754374459581,588.6875520901032,3.1325603431026
4002,154.35742369596665,-41.15807084198124,210.38801305868188,589.163675562881,19.99955777132812
4005,155.60768317376497,-41.717179001046894,850.5890591805295,589.355997029221,10.319868590883791
4006,157.507709103695,-42.540194917928936,1805.200304280316,588.6012019057985,1.932937445079169
4007,157.65259533588497,-42.602178209744714,1877.2097079557936,588.768722106503,10.10520165859811
4010,154.1678751599282,-41.07478947655936,113.30436772106047,590.4440162278654,286.3836658272637
4011,154.4012921123455,-41.178851611881186,233.27716573858024,589.6461373273963,3.068909991595532
4014,155.1739455088965,-41.52797938527588,630.4591330656046,590.9582790015257,1.7354650307040744
4015,156.11368002106389,-41.94162555480755,1107.588874872438,590.3532965454795,12.043418263399845
4016,156.17192644314076,-41.96842219857562,1137.3767997140585,591.0220488233199,0.6721402993129821
4017,156.21402981720655,-41.98638085194672,1158.5104788936371,590.8006669722304,249.622689964453
4020,157.45797912233073,-42.52314512781929,1781.5918512208677,590.7085405691172,4.160920184683434
4023,157.88839467923316,-42.70642496764143,1995.1085874621176,590.9426918221576,0.7307653380848731
4024,154.05387786244447,-41.02626121520581,55.31928129538198,592.0679534180216,1.0820904234700015
4025,154.21903096980935,-41.10050950119672,140.46004067030788,591.7149173703204,12.85130767774789
4026,154.74867140428174,-41.340962720209866,413.578579137824,592.520978413938,2.659875781244745
4028,155.39419040593964,-41.627925140178995,743.411973954603,592.0018507347519,2.519868996609308
4030,155.77986036735493,-41.79834389086312,939.4848896213003,591.9959616950304,12.536406651987546
4031,156.13953133401952,-41.95585610218724,1121.4583731418652,591.830189998225,0.3533210740331876
4034,154.04161506334353,-41.02278971589876,49.59049394846731,593.1245256947401,6.6980874172775975
4035,154.85975672871706,-41.392364636315605,471.0180861106916,593.3261941800207,1.6653136950934233
4036,156.0099426042494,-41.901298853583356,1056.5578224135481,592.9369599771337,15.085156036354634
4040,157.80385792548236,-42.67444163740652,1954.2916236228816,592.8749482818307,1.4626490843997821
4041,157.9257396608697,-42.72611167529397,2014.5946225734965,592.9232195689063,7.441656240970189
4042,154.09842375840074,-41.05041047903598,79.49516614517938,594.0336690268382,30.38887801640683
4045,155.7597143340158,-41.79301803244164,930.2562111107916,593.7871214167045,15.432188743636491
4048,157.06287186384026,-42.360501834439,1586.4540050395037,594.0155941860479,22.33467857021703
4049,157.288599801975,-42.455991296942265,1698.6973500539666,593.3511275003556,2.6011653911997015
4051,157.46643805719276,-42.53274740579789,1787.3955429616744,593.7513212531396,2.2521243046413053
4052,155.32038061573212,-41.60140222831438,707.5507585665147,595.145929468135,18.81181532016186
4054,156.44776774465203,-42.09689410060941,1278.6878028278059,595.1779918320099,17.40201028456306
4055,156.79449882695255,-42.246665309398566,1452.6702618877962,594.9254976717536,0.6816656987309736
4056,157.39783092426546,-42.506210601761865,1754.0139071875967,595.1414191736062,0.9793283682762645
4057,157.75746691652566,-42.65860983736543,1932.3371539127386,594.8211995639907,-0.1409387195765998
4058,157.93473767398373,-42.7351671145258,2020.4226922676423,595.5930935240204,0.4875293486123277
4059,154.84197203021648,-41.38963319181029,463.3997818008969,595.9630182610707,2.7899659081902755
4060,155.29019553683196,-41.59099188348093,693.0050009831003,596.6579023071375,1.2992681719819736
4063,156.47140832054168,-42.109658261874074,1291.2647947643504,596.4367037676664,5.982113961562806
4066,156.1042087824127,-41.95183471494556,1106.7802732462906,597.6099053354449,353.05326362759865
4067,157.50385114074976,-42.554853419243436,1807.626577510266,596.8770100090862,3.045458239550647
4068,157.70504859807556,-42.64035799334964,1907.4269579721508,596.8460530664157,9.982083419258714
4069,157.74222868124053,-42.6561028601365,1925.8368775632762,596.8305182152324,1.355784823946295
4070,157.77306943426026,-42.66984819295187,1941.2846669681069,597.1700345021491,2.6410645509152415
4071,154.08327445977397,-41.05091382175422,73.81817482423173,597.744520954103,0.35736482052890206
4072,154.5555847742081,-41.26567703831121,317.6893746185493,598.3199034629987,2.6901942646286736
4073,154.98819149422835,-41.458945703166506,539.4133172305643,597.924841069244,0.7539177283756392
4075,156.12360509084934,-41.961768675238396,1116.9797770281577,598.3415381717693,2.5661662478900147
4076,156.77838743213198,-42.245514925169736,1446.1759819035283,597.8685983311226,6.085323483611572
4080,154.05444824776592,-41.04010498875291,59.58175950184513,598.8943799221892,1.4549619342555942
4082,154.81346268670396,-41.381524428093236,450.11879312578645,598.3133728371646,0.7597747260240518
4083,154.82687936949327,-41.388953831485416,457.404313698074,599.0267540334979,3.9081674513695277
4085,155.40249786940583,-41.64472921892702,751.3487956729889,598.6209396818855,173.74658931788514
4086,155.74722950286076,-41.798668881490435,927.0410542784564,599.4183228850924,573.6884392175349
4087,155.9568486096958,-41.889336999036075,1032.8414221280905,598.661001114898,4.535490151521923
4091,157.91800661094584,-42.73567784062498,2014.1505434845512,599.4465049675858,516.7212299625821
4092,154.01945576007088,-41.02551530184951,41.86836932395374,599.5565978964959,11.537117030917894
4093,154.64833872153739,-41.30962877902405,366.00480312732753,599.4353746253944,27.96657903673109
4094,155.6312712687668,-41.74886929810414,868.547568789023,600.0952163673195,9.561403372455363
4097,156.37403666407945,-42.07472153439098,1244.2940642155404,600.1913483742723,6.993437313182706
4098,156.9349333472599,-42.317072070288965,1525.6454644250443,599.9045478340106,6.907829409468878
4099,154.20709622563126,-41.11345456812927,139.63814995172777,600.9420533691768,76.41170386336601
4100,154.2601856939721,-41.13808625956503,167.20586160775315,601.2354684172999,7.776176068649493
4101,155.0886641139548,-41.50989914220328,592.5440639276686,601.0016700572683,0.5326345238625493
4103,156.42475043932043,-42.098905576896485,1270.405470445881,601.261121556517,2.1343641451646627
4104,157.3354746184252,-42.491553061521664,1726.1927180574014,601.2218184189569,9.223918722727138
4105,157.51894609852897,-42.56814862124427,1816.9517194054704,600.3614385164419,1.9366501325950018
4106,157.751588337877,-42.668898502212066,1932.8061216083113,601.3140781884135,-0.007783976454127653
4107,157.8633062498367,-42.71519162157277,1987.810388253014,600.7914885650861,1.719237625140714
4109,153.9365433956041,-40.99309872429195,0.5151020410090683,602.2266537150823,3.4789844263469094
4110,155.11851546220814,-41.525027043943,608.3181345218712,601.9187477109921,5.6256571608884425
4113,156.08343196522253,-41.95094033961487,1098.5549320564787,601.7548529016847,1.4430663085950242
4114,156.50377046557736,-42.134512046097534,1310.4995636861822,601.8992420646309,5.383003390332495
4116,156.99052862453036,-42.34478998867787,1554.4660431303785,601.8210450337765,1.6826283713404648
4118,157.2586054904069,-42.45970397140959,1688.1941628058269,601.7466870335473,1.3155358960848313
4119,157.6167676673196,-42.61289930319541,1866.3273696638057,601.9464353858191,0.3545585567296263
4120,153.98678753242342,-41.01704242593687,26.834374319504295,602.765443311995,1.2970514192696774
4123,154.61758471395783,-41.3025796387001,352.15558325824816,602.848366720771,1.6219075125772697
4124,154.71472004668408,-41.34710858245321,402.2941858780323,603.2891479647487,2.438452860290859
4125,156.56770775912094,-42.165164547913406,1343.4263433338563,603.3673772162181,2.0432841783458477
4126,156.79133038838512,-42.260574445541046,1455.236092004157,602.6644233998012,5.253698439264602
4127,157.56956573543823,-42.59488608031244,1843.4593286778418,602.994258120858,247.27208684159436
4128,157.85140695370816,-42.71347075364763,1982.8004103035514,602.4757117030344,1.5557172235248542
4129,156.25502239673347,-42.03039718049108,1186.4019532536663,604.0105557899223,3.342923623267558
4132,154.43475139103887,-41.22533942475201,259.59537216239886,605.4324142031013,559.8798140746899
4133,155.00782785300305,-41.48204253012515,553.5475793873511,605.1431288164708,2.1907781032925486
4135,155.56105584706376,-41.72716598911466,835.4818956441266,604.7974723153509,21.65008391395621
4137,155.87835682656475,-41.8674180208063,996.5967218833488,605.0014364760118,18.664472030806014
4138,156.44307838840433,-42.11417245310224,1281.6309705000006,604.9530447307034,5.076534549659649
4139,156.93816589864832,-42.32741846297867,1529.6864261152643,604.4419556616682,0.7331803985674455
4142,156.2400110606492,-42.02729327250046,1179.783605033046,605.7538039411842,5.321802345688974
4143,156.74818164071579,-42.248374149546706,1435.366643039334,605.9286950301565,5.669322119447084
4145,154.27173759138867,-41.154674062556396,176.4647415286745,606.9463469288219,14.5458925458849
4146,154.66953499670242,-41.33385566787743,381.12098816808395,606.834887215747,10.443865403253763
4148,155.03873577004765,-41.5001767043305,570.591825807157,607.3276043477083,2.7837702874535206
4150,156.2005889522118,-42.01239614273383,1160.5384161263403,606.9246116984866,1.148679646226636
4151,156.5949115063337,-42.183712554700854,1358.9353600754887,606.7846948177413,2.8487565234642482
4152,156.76198890282797,-42.255763263070214,1442.6732222970543,606.6485253517949,0.7551733954325501
4154,153.959098446548,-41.01490282585634,15.567106140465512,608.020788520679,19.02011698262731
4155,154.13319659486234,-41.0940948669283,105.59923725227372,608.055473152008,1.4435237815314452
4156,154.30260154515705,-41.17065773510407,192.96623940407628,607.960945222577,0.06990999767753546
4159,155.57317507723928,-41.739415728881,843.5793224108305,608.2764477638211,7.095993869448342
4160,156.0923360122655,-41.96707368270784,1106.4449861619019,607.9397782658643,16.256999663757444
4161,157.225283491436,-42.45825042592706,1675.0321358052483,608.2467200691168,1.8442386245343225
4162,157.85536834101373,-42.7261748772794,1987.6661894516187,608.0790632122712,3.6517315976805755
4163,157.8868144700171,-42.73886611206899,2003.0479978953774,607.7685962951763,833.0052183829429
4166,155.0108547311119,-41.49270104006782,557.7498193279167,609.8325545961293,5.039186378579202
4168,155.95366122734174,-41.910509215355944,1037.5072318971727,610.0656096081537,2.931221885028191
4169,156.1394105970966,-41.99206217937806,1131.4341504051813,610.1614868023743,119.76428889863678
4170,156.44525929039523,-42.12656431990432,1285.8690621767923,610.7434373324222,1.2316758429536767
4171,157.5261028363626,-42.58899318472144,1825.2424765632268,609.3951982258851,2.684996131685748
4172,157.7378738010715,-42.67896316367068,1930.216092059345,609.3806415934674,1.026560549892958
4174,155.02551537842078,-41.50247390742737,566.1677287657046,611.4586962396949,6.05253809024787
4175,155.74508595062287,-41.82036350679652,932.2866317988185,610.850230160342,11.356037554101974
4176,156.22762697620655,-42.03252911324774,1176.4762135921274,611.1349329404237,1.8685589939849179
4177,156.67629391802328,-42.227899238747916,1402.2160785089268,611.3070242491672,0.7269219714338632
4178,154.16139073323941,-41.11485199171485,122.48051164461586,612.0598168952481,3.253123280384351
4179,154.26137171379227,-41.159258401281164,173.81335177156268,611.6102832300745,18.677427591281294
4180,154.47790981415895,-41.25766254051021,285.5254107008348,611.898839198212,2.2059023590479283
4181,155.0949092909402,-41.53462008399948,601.9779135264457,612.0574505271136,1.0198031347213903
4182,155.19108476364195,-41.57839275353765,651.3574489645356,612.5275122287422,31.581482462649575
4184,155.63336310393055,-41.77462004597423,876.5759768513037,612.6278822839137,6.833569266799886
4185,155.77381644858016,-41.834768738830675,947.3451650504356,611.7353864175249,330.5214831877514
4188,157.57331015049027,-42.613825760541154,1849.9280318493406,611.8006978877943,1.444468516568728
4190,155.37295168566854,-41.66031650591985,744.4011186792694,613.0931480144751,68.82350999139942
4192,156.77445111873277,-42.273738270002426,1452.3417466276137,613.0249985686581,0.4675846458535064
4193,157.29094730816828,-42.49603981043442,1710.330906456477,613.1571840383518,1.2366887702638851
4194,157.6148275347381,-42.63270691902836,1870.842621549576,612.4224859184656,846.4439772637232
4196,155.601382104161,-41.76382180942151,861.2660778861713,614.3048618246452,2.4676513550231793
4197,155.8988786099202,-41.89295979124018,1011.5927366200285,613.3496908775331,1.0584775669218676
4199,156.70667016281496,-42.246362191688604,1418.8981315661301,614.0001725704002,1.3784993923076287
4200,157.0399641170064,-42.390504872643604,1585.7672525487617,614.2153964871949,1.4163857411327587
4202,157.21881470253237,-42.46694925553432,1674.8888727350552,614.0634636016194,5.695911440617429
4204,157.64126401025013,-42.6477639789109,1884.9609423891309,614.3629733401043,0.774923123170317
4205,157.83494364740687,-42.72907276405063,1980.611839992163,613.9432278101443,3.784263578857582
4206,154.63324494982544,-41.33268518388586,366.8412816103394,614.4559615739167,2.1378474089096704
4208,155.9280600510789,-41.90833451538739,1027.0749676553448,614.6435566010271,2.729534782358075
4209,156.64498654428803,-42.22106804702399,1388.3454984367222,614.711165622201,1.5120125755448417
4210,157.9366206387544,-42.77415605696477,2031.3967683473568,615.0044318223087,1.0951962232564432
4211,153.92281687919186,-41.014314462451175,1.4544768307737186,616.0226840287727,1.2988301336686627
4212,154.1433817545319,-41.11465026341226,115.50267913917244,616.0636359975143,0.7979615513707432
4214,155.28137653408137,-41.62428160030737,699.0427873965525,615.4212817272911,4.16246471965531
4215,155.5310648112736,-41.7359106542605,826.4238017461553,615.9021954712284,208.25726682546485
4216,155.6450919315298,-41.78620335674613,884.3281697046655,615.8618450813668,1.5260995157495096
4217,156.26826520382838,-42.060700715520696,1199.843066693991,616.4137131791341,1.3015033936542144
4218,156.40366091248939,-42.11825684767123,1267.629209137593,615.6934218791378,1.7348556595184195
4219,157.4619817008732,-42.57401452068834,1796.6924511962368,615.659971101035,45.433444612889794
4220,157.59199168095495,-42.62979695838442,1861.3255098765037,615.8746338554806,4.574643702885065
4221,157.8497358480556,-42.73880636041911,1988.8398567284032,615.7078814171291,2.228547670934343
4224,154.2699656077309,-41.173948794667986,181.38256677711527,617.0402066159398,3.7892246597690082
4225,154.62006982590393,-41.33214981713538,361.62599446196776,617.1680537885243,17.89209335250824
4226,154.7878714959178,-41.40768962241356,447.7869053564805,617.2659448757042,8.995668578826725
4229,156.79152398847634,-42.28775748973169,1462.699372433636,616.3903106848396,51.92026594069869
4230,157.88385976551908,-42.7559910081075,2006.4267633231057,617.1051985913739,0.858156342141085
4231,154.00762985365108,-41.05679986672858,46.46862930687222,617.9756717631085,1.1249452227888805
4232,155.15033127217083,-41.57137500026228,633.7132038962997,618.1355214912322,19.851211138725095
4233,155.28945934341837,-41.63261053370669,704.5045921342227,617.8104685182379,5.2519320506004945
4236,156.73467611275342,-42.26552663568619,1434.8562402411774,617.571716655626,27.664182844515775
4237,156.92979752830922,-42.34992909278711,1532.572256932532,617.6746615146392,0.9199503339386615
4240,155.67741658847353,-41.80664224661419,902.4666536415153,618.9808695740405,3.6423364029362264
4242,156.96587524713814,-42.368145450862976,1551.3295798496547,619.033879421235,1.4910093071778652
4244,157.4917433778637,-42.59341042005238,1813.2593457707453,619.0658026091472,0.03589328544996899
4245,157.71943561054402,-42.68926488199072,1925.8826552459648,618.5848064714602,31.5947086539135
4248,154.33451322185147,-41.20916023524153,216.3968620871052,620.0649917735698,280.5909008486266
4249,154.4400495668094,-41.256523514138166,270.65168292753174,619.9156640939664,5.491084174636111
4250,154.67405328592525,-41.361031801752425,390.6722547394957,619.4921272673904,278.06550951686205
4251,155.37508032336726,-41.67369551901213,748.9973896756003,619.364959396835,3.838797776074917
4252,156.52974432365733,-42.181914124088145,1333.4476430482732,620.181760043035,3.540763868208211
4253,157.24633290774378,-42.49003396440657,1691.6279971726426,619.7943335359141,1.6208866251978322
4255,157.8926694468501,-42.76570265277137,2012.3548005227726,620.1471579589212,2.147557404370494
4256,155.3994357864366,-41.6879950213027,762.3856004499446,621.1306023706574,5.542040886528037
4257,155.4531771202822,-41.711909847359024,789.7626658408788,621.183200377265,3.2017030247662723
4258,156.16618787538405,-42.02498815022233,1150.8182144048053,620.8892563130496,787.1245177276706
4260,157.1003760700474,-42.42975852799565,1619.5034897175317,620.9584094920099,255.77333770104832
4262,154.50605168894435,-41.289459543712084,305.5211872911321,621.5134043200813,93.60762206544383
4263,155.69055593393574,-41.817744481122496,910.6202664871314,621.6606506481461,2.1264418338511857
4264,156.2919234237464,-42.08185742109422,1214.7512376534835,621.8957056026977,0.10814344060691705
4265,156.31703807441565,-42.09300318707178,1227.455015552061,621.9967703617084,3.6835261163111697
4266,156.47198671245303,-42.159137996516876,1305.0572225170345,621.3476173727831,316.4008580962696
4267,156.8169096794492,-42.30937571605691,1478.3046115444745,621.7884221375024,1.4170228719791
4268,157.21184075903741,-42.47950187624362,1675.587657402066,621.9437986948858,12.734844509205773
4269,157.69486710192749,-42.685450758176955,1915.4689968174466,621.9416798670563,8.419807536677864
4271,156.83416099047437,-42.31917267269313,1487.577085341792,622.9797852583479,3.1511942415308867
4273,154.47404819723715,-41.279670223287745,290.4017878634122,623.8454695541477,2.990887047427664
4274,155.81591400860884,-41.876715876725086,975.2206663792888,623.5632021578274,4.31422251201196
4275,155.96334146443957,-41.94247140298613,1050.1110814979938,624.0682733137794,5.056682890866553
4276,155.99234402832087,-41.95430371525901,1064.5276365428936,623.6208116532807,7.040223836563714
4277,157.05537706203225,-42.4174735645048,1598.9503072389782,624.5271863944146,298.59355914632954
4278,157.5316459584767,-42.61874354314286,1835.2818954615566,623.2978258585347,7.001600427008181
4279,157.70738814959512,-42.6944282682986,1922.6379101994517,623.8025147557692,7.92369214647244
4282,154.63794226342435,-41.35578652776273,375.2946025968894,625.0193609880693,1.6710186610464985
4284,156.39532288586486,-42.13293290158751,1268.4635637132299,624.952718303352,0.8805503739081402
4285,156.83978148446477,-42.325826847231895,1491.5373177892352,625.1219257777165,15.263074026745196
4287,153.90815464849092,-41.02859935148551,0.0074113417540107055,626.5504049422052,0.719662633678114
4288,153.98117055648487,-41.06120533550505,37.59373694345479,626.2335331638589,130.51503150253444
4290,154.60492020925489,-41.341967399931505,358.63470670643784,625.5372226333076,102.18658352746937
4294,155.79559911957472,-41.872645513543546,966.2884592313308,626.0206849546207,1.3558165676929383
4295,156.68034866286004,-42.257867892364224,1411.9417771165904,625.5915325653584,0.98003014538937
4296,157.42960532682213,-42.579613653277704,1785.7874552396797,625.5072885623732,85.03802596415589
4297,154.14460777374813,-41.13602185463722,122.19996932516266,626.5242119450821,3.9363591097463626
4298,154.23744741172735,-41.179575817941,170.52744239486321,627.2688277603087,0.8998582791245883
4299,156.35335981674538,-42.11878426981916,1248.4812287965526,627.0343229581816,3.4278997569437424
4301,156.69477958380233,-42.26581166488518,1419.6386744959627,626.452219956913,243.40574510885313
4302,157.0258369732032,-42.40953789276387,1585.491037273629,626.9393071361189,3.6730247066235577
4303,157.37788412991824,-42.5611989324419,1761.066248565748,627.363164615191,2.1967943096680758
4305,156.4440749409207,-42.15940183005931,1294.4262456259803,627.6178449138671,20.975240527890257
4307,157.64204984026554,-42.6746075528668,1892.3807617158202,627.8226970710579,6.987224279126914
4308,154.46060084895416,-41.28286945514184,286.1622261938879,628.5045585093337,671.238774329683
4309,154.7525007741886,-41.41401556267223,436.01783116659897,628.4363058982997,1.2769367301400238
4311,154.26438095310752,-41.19764808643703,186.12118228600016,630.2246292918783,6.227912635835298
4312,154.96753438608815,-41.514346203505056,547.2878695757795,630.4849789535187,6.741231366883451
4313,154.98197259839915,-41.51914867687857,554.2010716354337,629.6551957017539,149.37611159334324
4314,155.2702250011628,-41.64849830709218,701.6182435316919,630.1293266057659,11.016605640465796
4315,155.99114117267212,-41.96703282474555,1067.6024477720655,630.3184613011671,136.0465227888269
4317,157.0468297063867,-42.42441053555519,1597.546985961578,629.9042182417598,17.756068886492088
4318,157.14115554025744,-42.464808499431584,1644.5621043031829,629.8557036960304,6.436998982774924
4319,157.59998382946532,-42.661070562404234,1872.6897240576009,630.0255862743645,0.30825309855335953
4320,155.77659311539696,-41.87444814985668,959.4993794237179,631.1539832360166,3.2266002663283215
4322,156.81291616854253,-42.32620464884094,1481.3443045643187,631.1846471750429,4.406122875249673
4324,157.38361236740002,-42.57176962162529,1766.083862143556,631.4850263508015,1.5841446913865185
4325,157.7764130431286,-42.73920927637051,1960.8894773338698,631.6827104812185,-0.30720882042211056
4327,154.34248688951695,-41.23653080009613,227.39479405388167,632.0150135311857,1.6560777974396952
4328,154.7937006603891,-41.43959721840228,459.172739974551,632.0150752088879,20.04722225381806
4329,155.0011924770505,-41.532277653545336,565.3238629265112,631.9451700866489,108.70683078998144
4330,155.08485676804403,-41.57072502621803,608.3902493829977,632.5100482501967,6.365620883834638
4331,156.2328159868225,-42.075973947314004,1190.4592287726368,631.9561993556273,128.08670537416057
4332,157.58353808105286,-42.65679987690345,1865.2616714592057,631.4072311654285,7.120879985443112
4334,154.68041718584232,-41.39053473541374,401.5981252553252,632.902299010883,1.1538150544944792
4338,155.4212522607106,-41.72166026760835,780.2579123166846,633.2342452475979,2.6274320634765407
4339,155.70525816813017,-41.846908300351835,924.4282442919654,633.1111691193158,97.11297279351284
4340,156.11083115910654,-42.02489202641859,1129.557654520432,633.0729428246455,7.039430556786498
4341,157.39667914611812,-42.580402345082135,1773.3920766019944,633.034975037871,3.0335889938420366
4342,155.75156808003624,-41.868810209501795,948.3225583150315,633.8694838531693,2.103282664902392
4343,157.4486719194023,-42.60409812338135,1799.61771611092,633.804818393481,528.3502644324077
4344,153.92145361519067,-41.051135187812704,11.715531070123195,634.8256313641546,0.6094958842697236
4345,153.97443951247197,-41.07533977862438,39.14318289011146,634.8705249650769,4.674330853500999
4347,155.5346081515837,-41.774361939174035,838.5978876088045,634.5129286667616,2.058058713351947
4348,156.26156259782962,-42.09555435208863,1206.8834863764616,635.5155234207344,6.993839142535176
4349,156.56182110869295,-42.224417585462504,1357.375356334612,634.6489020758329,69.59669802791993
4351,155.7401162940225,-41.8679299723631,943.6831396336286,635.9709338625594,0.3841609901027385
4352,156.1614708235785,-42.05223400749309,1156.542729838355,635.7035922317338,4.293634422018927
4355,157.55898474521834,-42.65584947498136,1855.6129621944438,636.2256219333135,1.585970322867837
4357,155.2175336499337,-41.63902088685216,678.7099011955,637.1580923132129,6.5054055409218945
4358,155.90410543080932,-41.94185327770293,1027.2148583140922,636.887034502287,41.485339785643106
4359,155.95394822116404,-41.964377887529544,1052.5986994733312,637.2162499569976,16.986882456599783
4360,156.0099930514742,-41.98802782132983,1080.6638653622927,636.7513735455534,2.1501706604898443
4362,154.17500501574244,-41.17216812948183,144.3971020972143,637.7625811663116,594.6799805432104
4363,154.53627447885128,-41.33579852946481,330.5001402715737,637.9761259310616,0.9867540198377934
4365,155.08524082040066,-41.58122541815419,611.5250269308892,637.7145610639717,49.875907645211036
4367,156.35665273039027,-42.14108557171698,1255.8777345000767,637.5882554974542,35.65661306489641
4368,154.2552230433415,-41.21046588968143,186.328292659142,638.7508005746729,2.30673664500121
4369,154.28060288375443,-41.22233628984173,199.51831037647574,638.945200526985,2.2771129629718296
4370,154.60175600364278,-41.366861136171956,364.5895562467317,638.7790217464456,1.3011711244608333
4375,156.6838544972392,-42.2878364103228,1421.4535429177688,639.9948848393185,89.98162633532475
4376,157.68095594802062,-42.7129880042094,1917.4377247221987,638.9216722645084,2.035237057139575
4377,157.73169121339328,-42.736750538462445,1943.132446227543,640.05956644289,0.39971419374811507
4378,154.29552233547514,-41.23398780581237,208.62720322447956,641.4100357296944,0.30220359423608156
4380,155.17938000828423,-41.630290810760314,661.5924953343464,641.311984504695,0.966555814070114
4382,155.6277335575476,-41.828552241454815,889.5439234949471,641.1016763653362,0.8893290830030222
4383,154.19378902074195,-41.18939710449799,156.62121094292786,642.1430317777287,130.2725923808089
4384,154.77136091125467,-41.44961806637344,453.4705572531133,642.1007747957161,0.5841490810617183
4385,155.8814392102168,-41.94124055961154,1018.3511899585536,641.6043614304344,29.81429772342434
4387,156.4666567039499,-42.196715574108524,1313.3170500982944,641.5306590756711,275.2157424814873
4389,157.7652307548363,-42.754519651404976,1960.6559846190464,641.864243064547,3.872414499017723
4390,154.14831190178586,-41.17178001467332,134.0375839542563,643.648046589309,0.32160408523141076
4393,157.37043706714027,-42.5887666385759,1765.58209823424,642.9602041064226,2.9463036749243647
4395,154.57460628989477,-41.365214233224954,353.69443043778347,644.0946994536907,0.0541357288785987
4397,155.9539985374262,-41.97801012062907,1056.408268712414,644.0910743456218,3.337145204204099
4399,156.28635380798954,-42.12195506391739,1223.6643505193224,643.3989289088001,770.2737196166989
4401,157.26362840557866,-42.54640824802617,1713.3678425819546,644.6282810470415,14.176785431298928
4403,154.9683282261164,-41.5428889739813,555.7371694981691,644.682827691471,2.45600350562111
4405,155.43633036911575,-41.751364866290245,794.4185072404638,644.8475113692007,1.117829811046198
4407,157.58893353186002,-42.68698182315188,1875.3409385709767,645.5623029136348,1.460870953520667
4408,157.62850231695046,-42.70256434096118,1894.61098972847,644.9365829541373,0.8127144334748793
4409,153.9369092437844,-41.080837272915964,26.34514415982284,646.2071620774517,2.9351725418381776
4410,154.111537492874,-41.159782537737875,116.42751249710469,646.0005277556064,5.385601109545929
4411,154.63438012516553,-41.39645451341017,385.6298900351991,646.2892078989449,41.54328419678179
4413,155.47281764121922,-41.76984101614455,813.6201897005258,646.0195386082909,24.411839815942493
4414,155.51608202264035,-41.789606223488754,835.7778618933904,646.3358369651316,1.517681356489303
4415,157.17364638730533,-42.509916628259035,1669.13193847186,645.6609525463736,2.491456502747231
4416,157.79175156294434,-42.77281307221799,1975.6276003181288,645.4495705048308,0.27166759224455483
4417,155.96531319181318,-41.9879359687911,1063.5056533610014,646.5984331624919,1.7848504979326825
4418,156.81057527379588,-42.35693668873064,1488.7924393820829,647.2591274233554,2.7619941555867937
4420,157.05869058683183,-42.464237366949845,1612.8300137915705,647.505092179477,3.652232791865392
4421,157.19669876758462,-42.521890470568415,1681.1724065889398,646.7240273568933,0.858437358581177
4422,154.51555420501256,-41.34574920209451,325.4185559347842,647.6749446522315,124.64580528253056
4424,155.2670839785179,-41.68153028387779,709.7655840463049,647.4848407869955,1.84081336277605
4426,156.76136246114172,-42.33635153956674,1464.3511082828763,647.594052998619,2.3317904768742155
4431,154.38588154482773,-41.289802922200536,259.4851963640019,648.9446802090625,1.155209105659623
4432,155.38995966576465,-41.73913698287801,773.1826888498141,649.040813287606,461.3440082255121
4433,155.80051380699243,-41.91989127041364,981.3655205187803,648.7837911410203,3.31149519782518
4435,155.18027711245531,-41.64767563913801,666.8699107691178,649.8720793156428,1.9805470095594564
4436,155.22589262880038,-41.66852537899764,690.2805699740826,650.1560218098275,2.805716859100729
4437,155.67044392659187,-41.86527898446974,916.2188895085164,650.1287780640652,0.5928655903973027
4440,153.98250602475085,-41.11093552022731,52.64908887823502,650.9043364371757,9.49877564293205
4441,154.5704130987328,-41.37728929717804,355.5651128480086,651.1182131623644,0.46365352163107376
4442,155.49094399968337,-41.78732283942309,825.49405943468,650.7920709523654,11.795248916053884
4443,156.32968781380978,-42.155274992225046,1249.4462961656418,650.7005676508722,2.557962076699285
4444,155.04810669425413,-41.593952710247514,600.8990066444272,652.4679058449332,4.969845765432957
4445,156.9187094817491,-42.412950676068995,1545.3841584487118,652.0200145443986,1.0155146968899746
4448,155.24034598235988,-41.68069806336188,699.27362409659,653.053401647013,5.111746354620165
4449,155.6056882041633,-41.841504103377,884.7224444323177,652.5467328288257,4.543144152520186
4450,156.1923793539751,-42.09882023049652,1181.2652298956923,652.4269271632195,3.9692309738344673
4452,157.15256302949942,-42.516391000368984,1662.8025981839905,653.5232588110247,0.32943239941212776
4453,157.65813740800692,-42.73071896957869,1913.4070293843167,652.8400702544366,8.972564989683281
4454,157.81802484277227,-42.80018060605308,1992.8913243824989,653.6999514558734,1.0695239078445098
4455,154.2655759484842,-41.24610081282563,200.6508647425955,654.3065475762651,336.3690648631704
4456,154.73597150829795,-41.457585021366334,442.17659016053693,654.0982068569989,0.6416813680209824
4457,155.45638147748537,-41.77783527108526,809.5679899673563,653.7203981830754,29.431099852416224
4458,156.90264335788214,-42.40982150756559,1538.3860763454647,653.9396515499586,85.77087926301728
4460,157.05147208484982,-42.473211717101115,1612.486403920616,653.6235874411304,63.45476435845971
4462,154.5522938843962,-41.376141829942696,348.28239036031215,654.6422571414413,7.439850298338111
4463,155.95614390783533,-42.0001326479172,1063.380644033105,654.7896955661912,0.3748862932083209
4464,156.26047010304572,-42.134088434888824,1217.088774165452,655.2376433052937,1.1953624721421021
4465,156.78488069784868,-42.361075123345906,1480.076875762342,654.9698431907708,0.44229077679112244
4466,157.37739630444,-42.615473096279686,1775.3796075870994,654.9991250216531,19.691894364492647
4468,157.5777052082324,-42.69997359632835,1874.4961412901152,654.5785766458131,16.0907717206397
4470,154.9608303137791,-41.56227648535685,558.3923497135779,656.1335300087068,19.47104212429096
4473,155.79084579762764,-41.9296448345361,980.3818664464361,655.8545724266693,25.66703740061109
4475,157.20776178795882,-42.54527605302594,1691.684631251141,656.1771814630105,7.697631588610011
4476,157.2258012736808,-42.5517823485326,1700.3329622901358,655.5602358554304,1.0452931609049876
4477,157.34731443973686,-42.605821411999315,1761.2932003588346,656.6176063258624,0.6119578289339237
4479,154.9213057440825,-41.54599098368133,538.5826409917796,656.826235005557,5.81767752766985
4480,155.14194600510027,-41.64505411162912,651.4232484748809,657.1472097768941,1.9963314264213323
4481,155.21284791558165,-41.676082403672496,687.4192644741676,656.8873968130727,2.089036362564909
4482,155.6405086467132,-41.866915625350586,905.1997705636477,657.6162675860231,1.1161501787718184
4484,155.92805616626754,-41.99125683731965,1050.1468387967877,656.5290941098534,2.9943730826965624
4489,154.44180568822622,-41.332376148250155,293.2592390067352,657.6636966680251,2.571765828230889
4491,155.37273004000414,-41.74931101058736,769.4466259944697,658.0214745483067,6.693833756567718
4492,155.50783746787243,-41.80943799288295,838.1946479467738,658.1782887510711,6.601287354259825
4493,156.11511335480583,-42.07550884085241,1145.2111217428182,657.7053840067261,101.85497977824544
4496,157.73598618836076,-42.774577160604366,1954.7741041320032,658.3415419467817,410.5563307304872
4497,154.66249010558593,-41.434376876934486,407.32191083869765,659.0155955098047,0.2752819460811941
4502,153.96114046503772,-41.11852298895024,46.670444585491325,659.5937747610751,1.9221071933305671
4504,156.16519166109296,-42.101469131559,1171.5791384383092,659.7657413285739,32.31188580736577
4508,157.7619854838652,-42.78897843998222,1968.5160720962867,660.0600820457868,0.9247964124760024
4509,154.51070460382323,-41.36967235198782,330.46179712293497,660.8053770288831,2.833803988993685
4510,154.5571232193669,-41.39087892517069,354.38331981205624,660.9617343613633,1.5819340382359033
4511,154.71066853260623,-41.460285595055986,433.2456479824481,661.1696925298745,0.4217865626069899
4512,154.86496013659323,-41.52963243907636,512.2957412981009,661.2771035786247,53.26708026441534
4514,156.6935995758552,-42.333052848093146,1437.5043389873308,660.7488511520094,2.051376538819062
4515,157.53333669081277,-42.694902223349516,1856.183391210592,661.5811510248755,5.052729392379541
4516,157.63468205833536,-42.73581426525173,1905.7896563323675,660.4813060174589,733.6789328956661
4517,154.22550554194498,-41.243496344385456,184.52174090045136,662.1104126357424,5.675690573625239
4519,155.00770790022642,-41.59608956549781,586.0129747256758,662.6219691155792,2.515107014630718
4520,155.18424518248227,-41.67333881877932,675.6726687725653,661.9147187453884,3.725698345562373
4521,155.8655015042785,-41.97471629601993,1021.56738958453,662.0428681500865,2.3376822361135474
4522,155.88736717527954,-41.98453008065669,1032.680449706613,662.1499422293674,8.202993593503942
4527,154.20266864943557,-41.2375331026152,174.02853326107933,664.3095293608014,2.2628314447776705
4528,154.291171468331,-41.27683455998107,219.3905384413451,663.9347694991887,39.51058664201558
4529,155.12588864905698,-41.65227359114706,647.3162701142963,664.3865565125822,250.43370841893022
4530,155.61017870292426,-41.866563064283774,893.4743210292396,664.1899727416211,72.80673236212638
4532,156.230644084678,-42.13819733209639,1206.7951957606908,663.8894485220494,-0.1645271821346804
4533,156.393900450382,-42.208417531212795,1288.6538659832797,663.442980654313,0.6124025783685082
4534,156.51223286411977,-42.260078064774696,1348.1342080425088,663.5744387760595,2.594562762833463
4540,155.369118191257,-41.76189747586692,771.614938614445,665.1744456924478,1.177959559887757
4542,155.93586219164945,-42.01129187884307,1058.7104767604753,664.9176191746993,3.1879189626980686
4543,156.21676214172905,-42.13401621151089,1200.3240191887405,664.8370961003855,31.700470832679173
4544,157.33835059732905,-42.61876724396549,1761.3256705255137,665.1238538131347,2.8302011688776374
4545,154.5454149738163,-41.395440928755335,351.2077945479761,665.9061818649458,0.3143926168583257
4547,155.77738986097916,-41.94389377656325,979.2031498333167,666.0351329340748,2.773749329667954
4548,156.24625599054679,-42.14877762912824,1215.693217043989,665.7957015241609,2.355174621074882
4551,155.4345782861008,-41.79466183461342,805.9495220046805,667.0730787876101,3.1669292021501123
4552,156.00267449421128,-42.04500206533286,1093.67449058585,667.1518372339767,3.1596647055393516
4553,156.04839818948432,-42.06428896951976,1116.5416472551917,666.7810239549314,6.814553211103284
4554,156.55509887750793,-42.2850534771415,1371.3794876772656,666.8041510153,0.14179601796627928
4555,156.6363897598984,-42.320628340488554,1412.215462053213,666.9868875434582,2.2279820482142805
4556,156.95988723089698,-42.45943952742352,1573.7187997551805,666.590333866602,118.45119306152911
4558,154.08514185812922,-41.19116410619675,115.44970153674328,667.7806014327425,3.7136478416750007
4561,155.9506991625753,-42.023223152797144,1067.7123153412451,667.6570017875656,1.6752734783791676
4562,157.11261796695936,-42.527683068523785,1650.5561853102072,667.9265830970412,3.4663567416555665
4563,157.16886832687607,-42.55159534082047,1678.5023046713736,667.8244005950485,1.824914197260554
4564,153.9005890210942,-41.10994797332628,20.934926304655022,669.123337997633,1.300660206244623
4565,154.82142669467984,-41.52571256570415,494.47980685130534,669.1124023212765,1.83958687066425
4567,155.88346804754784,-41.99669977611411,1034.5750170699512,669.1589505673338,348.5709852651301
4568,156.31000362399294,-42.183197527500255,1249.5900551849588,669.1518073873023,446.1482109158593
4571,157.0088944636421,-42.48633733928446,1599.7340393365694,669.5413924584852,1167.0635515063916
4572,157.24792518998476,-42.588942312402885,1718.7605913034492,669.598780414974,9.615846435812129
4573,157.48148620290215,-42.68763249921615,1834.4264518518094,669.0908090164638,132.55158834833148
4575,154.13028640976648,-41.21637781768649,140.11122159280214,670.1592049823222,1.160460556111931
4576,155.00234845522235,-41.608510925212066,587.4976924134396,670.0820266255043,29.506248139229825
4577,156.436080754078,-42.23931638678636,1313.28636966983,669.7967478796918,4.906717931963389
4579,157.60714508001897,-42.74269344455807,1897.088220252554,669.9085166682929,1.6274710704310529
4582,154.88764652547488,-41.5591521545392,529.4351312638579,671.0293417897483,27.936868808037836
4583,155.63676989076222,-41.8917457444564,910.7266122569318,670.9765117680497,3.080176028838467
4584,156.39542394605334,-42.22459410893888,1293.6793178637367,671.2879183503088,1.7231016851489918
4586,156.6823410948145,-42.34772488798703,1437.1906816636392,670.638487981768,53.9603563623081
4587,156.7830671101147,-42.39071592442649,1487.4344519185017,670.3722670045138,3.1504116346673623
4588,157.7664253306229,-42.81217858583593,1976.3382348184348,670.8845977598623,1691.105813368566
4589,154.6966619727335,-41.47525182650602,432.17209657643645,671.8627594830323,3.0828927464833016
4590,154.7414232573143,-41.4966546392996,455.47739825543937,672.5290515068896,2.0001466553401563
4592,155.72356530261737,-41.93212315113658,955.288990050894,672.0504345431292,1.1849284052171418
4594,157.02409261914406,-42.497685287132356,1608.610086455021,671.9817664034565,29.459768445733573
4595,157.07597400513478,-42.51909246557083,1634.2262929997887,671.5403010710289,2.7710018938212264
4596,157.28191242242258,-42.60861542785453,1737.027636628914,672.2037672115077,0.40466286319145384
4597,157.69514973274732,-42.78371249109992,1941.583382993148,671.7682748584806,72.85127740077606
4598,157.82631463386895,-42.83910314608855,2006.318648986229,671.6846612073451,10.09429576343644
4601,155.21656696768667,-41.709002218588296,698.1758674653871,672.6435295886981,64.43929698009865
4602,155.2358131276406,-41.71825991619827,708.1758247206678,672.9986161037158,0.33433105418005016
4605,157.19341983989574,-42.572563042604216,1693.5230861842442,673.121387514563,0.01325730269312231
4606,157.39065479001368,-42.65630271496951,1791.3516142426527,672.8369884386321,3.7024022635092524
4608,154.75984505763537,-41.5073880180206,465.61854515856805,673.7743841310942,4.302412880612244
4611,156.19521074511832,-42.14274011671959,1194.4778230502716,673.998711710485,1.7046408362710372
4612,156.5811233633517,-42.30971427868846,1388.0809355021847,673.5742800644136,4.072956395204618
4613,156.63645362889102,-42.33510868919045,1416.189288407295,674.3001107554153,0.8645159056254152
4614,156.69717389022722,-42.3608224480183,1446.4342986168365,674.0212546065219,0.1298195270077798
4615,156.85581813348406,-42.42890691255353,1525.6352248064118,673.8214000489311,2.1631989090708656
4616,156.94010286496456,-42.4649553402781,1567.6403772056096,673.6952392665543,0.7065552924890277
4618,154.79161295065867,-41.523869107917605,482.5212617741065,674.9047257504733,4.956345218978659
4619,155.58867240347118,-41.878328776218055,888.5335039529194,674.9139581719368,50.951770070047765
4620,155.8273441069545,-41.98313083684734,1009.2923589993012,674.7540803165851,3.421655123113341
4621,155.9450076774131,-42.03498508880043,1068.8013153128582,674.856851840382,1.2187654137543527
4623,157.12814724676616,-42.54962144345632,1662.3975252424143,675.6688509918931,0.5408742665290787
4624,154.66232784793584,-41.46708177140728,416.6610760413362,675.5062875053068,1.8237858887619949
4625,156.81220442669542,-42.41544617851552,1505.2978453028522,676.5271413404953,19.769412576415156
4626,157.85302037476362,-42.859638223809235,2021.927889053615,676.3775513883961,1.0473175357301445
4628,154.8088408675153,-41.53639747052012,492.7140336439251,677.3266152871024,1.2332108404016944
4629,154.84992976266497,-41.55354122582001,513.3714720202415,676.697905623646,0.2580315971629659
4631,155.4310247151946,-41.81223441557699,809.5395259907696,676.7267810655553,1.858266311575379
4632,155.6872616015291,-41.925049356473004,939.4007896767747,676.5497872409976,1.924084629443177
4633,155.76178156746423,-41.959015134958975,977.4461492533841,677.1329907503828,2.8718981039532787
4634,155.99396413559023,-42.06155370927763,1094.9322865773474,677.4384600889362,0.4705532394087488
4636,157.1406793913947,-42.5569908758855,1669.171484452945,676.6807923565341,12.768877061502712
4639,154.09693349893988,-41.216860506091834,127.46294367612961,677.9993434510037,1.740055355938533
4644,156.02606250263196,-42.07745046529894,1111.635812653945,678.3676492042315,311.4362269282029
4645,156.8747956002935,-42.44528714005813,1537.3339699261892,677.9746426582786,11.248085027826711
4646,157.35241930546744,-42.649359318389976,1774.8811064242093,677.5901486924864,-0.27206445485012937
4648,154.96664801932837,-41.60934131338605,574.0491410391195,678.5246962974525,-0.01223176708247018
4650,155.244751558873,-41.73342960065549,715.8976954116266,678.6418237039971,2.318359529694126
4651,155.91596489127386,-42.03055558026932,1056.4457597082396,679.0520752224,1.1941727551200658
4653,156.2912634231493,-42.19491880223034,1245.6412187369629,679.203021624189,23.816821445240723
4654,156.4065623452038,-42.24477211386262,1303.4826345868266,679.0422989944359,25.47254351618876
4655,156.7120410769698,-42.37671071867935,1456.448041405731,678.8099707173423,1.7949020499895374
4657,157.7806826922795,-42.83327814517937,1987.352925043268,678.5318795658043,5.5572154051659535
4658,154.48974471492946,-41.39798000780045,330.59465257190595,679.7869225552048,5.103294077705496
4659,154.8950584583473,-41.58157963180949,538.6853873915588,680.651119748555,1.5999788160032993
4661,156.95111607182213,-42.482141191047724,1576.4991356761795,679.9992218125208,10.086661525711849
4662,157.6320555784782,-42.77287758858999,1914.6089742019208,679.8572497246456,67.27770459426318
4663,153.90232197142328,-41.13379429218552,28.583573878912283,680.6971134090164,5.335516742480065
4664,154.1885599340216,-41.26343024568705,176.14930090588595,680.5302451017236,4.086971660669793
4667,154.68362267144386,-41.48811309515606,430.8674533870664,681.2774498924944,4.13359067861572
4668,155.457780898886,-41.83375416326074,825.8531159769244,681.6065837680168,644.4257810626756
4672,157.2864621017953,-42.62917457173316,1744.2711353285858,681.6403892382546,54.55073535226137
4674,154.5267319663413,-41.4210209707958,351.4205795710991,682.9986714696211,2.2156073368585516
4675,156.54468277724283,-42.311539701533974,1374.6334830179885,682.48683789169,2.0775546599729036
4676,156.6296082823607,-42.35024171168495,1417.6970465524237,683.4560127019747,1.913905180820994
4677,157.2461545468332,-42.61387434223328,1724.7657365391708,682.6207966706727,2.138593421668308
4678,157.3434187638775,-42.65634099227789,1773.3065258115928,683.0783384452179,-0.2745311514590932
4679,157.73386840145443,-42.822443939958006,1966.6131099503057,683.0971771880438,-0.08720701617706204
4680,153.98452408351693,-41.17751662380369,72.88646784593757,683.8745746112709,2.449868924168005
4681,154.3261235998293,-41.333211944507575,249.14097054250698,684.3292537555665,2.069455505514914
4682,155.15546416521,-41.703897547564644,673.3111291299479,683.7619533016862,3.87338390311634
4683,156.00406518579533,-42.07872125118514,1103.5649581086036,683.874037712225,1.293573303271474
4684,156.41763552789527,-42.259190077069974,1311.6771725081192,683.8991204483572,5.046318096443404
4688,157.49203750644864,-42.72191474731041,1847.5830050212749,684.2019062470528,48.034283150105296
4689,157.71232787334634,-42.81534852607573,1956.511470046606,684.1292748643147,1.8723121919156456
4695,157.15875283035876,-42.58092677837711,1682.5143599916294,684.8852020124303,309.40427461081373
4698,154.58489929143957,-41.45217428882008,382.69244527495727,685.5066311933326,789.580774421143
4699,155.53646190306807,-41.87762500313319,868.3339256462738,686.1878073187595,56.51665724778271
4703,156.9325346457712,-42.48581597214202,1570.386346841022,685.9086945186181,1.331966765924508
4704,157.12110102772448,-42.5673621460236,1664.4745609749325,686.1887622504263,453.48700239804293
4705,157.1691057054805,-42.58862624620362,1688.540082983952,686.5393708635825,486.25320806599933
4707,154.55377685946655,-41.440508206107545,367.4040117253652,686.6785136141444,650.5158650184773
4710,155.1809278020948,-41.72356484116252,688.6470084408519,687.9639039188286,0.8051294273354345
4711,155.44432120944717,-41.84019862225151,822.5117811449011,687.8586695029153,3.714719593793674
4712,155.5169206823613,-41.87254745162668,859.4220708166542,687.9814633803156,1.8179201832366174
4713,155.6083294209889,-41.914160626681344,906.1154601199668,688.6127602410348,0.6490159076678417
4714,156.57801716851452,-42.3377475918543,1394.5490257240892,688.436588447106,1.1607409634536934
4715,156.62371245036218,-42.35584613354967,1416.9700191820048,687.5825248779281,2.6675170597423477
4716,157.6429734230749,-42.79405135354727,1924.38890390962,688.2501452661198,5.331258474915722
4717,153.8599092038064,-41.130951030138256,11.49336435984679,688.963542181856,5.431646707665779
4720,154.69581805808227,-41.5090746552679,441.56146885392906,689.0695228330673,1.8468152788218162
4721,155.43187396402288,-41.83787982363168,817.0908499100968,689.466918804675,2.507477669202749
4723,156.11554217092626,-42.13806872453774,1162.6848558703691,689.217422647493,3.212028794922176
4725,157.67286030528714,-42.80842612339451,1939.6081798192738,689.10963605486,2.416364917466376
4726,157.73314892920368,-42.83386138532967,1969.3545548896363,689.0473201817907,5.625793864953033
4728,155.48509674608474,-41.8617413384974,844.1940800723219,689.6261893561,5.383685986320703
4729,156.49705457999073,-42.306803399877055,1355.1142185662356,690.5383271255517,6.207762737151522
4731,157.65031888964867,-42.799690751999094,1928.6876461970944,689.529944273534,9.463807979845555
4734,155.20281363939816,-41.73903869461318,701.4183540757006,690.8575139688189,4.518465275444048
4736,156.3394290133095,-42.239757364644014,1276.4122713734291,691.2676804881738,4.485649356434382
4742,156.58787885193107,-42.348173344034365,1401.168458646899,691.5496514914266,3.05851456520744
4743,156.67997139196194,-42.388064778764274,1447.2706640566055,691.5703028416701,22.424818857390274
4744,157.32452526587758,-42.66522932448206,1768.4624371284172,691.6745204076416,2.307085633130428
4745,153.9036947491018,-41.15943555322269,36.618335645017105,693.2530154319496,40.69080799299687
4746,154.86920577374303,-41.594509314403176,532.4739448172016,692.9778723273014,1.8323723781033898
4748,155.80994881945205,-42.01188052765755,1010.6480772403506,693.1237752729979,4.916147398320754
4749,157.2636838485007,-42.64186242799627,1738.963025043035,693.0074446705169,0.7146527313134434
4754,155.49167400978246,-41.872572550696816,849.7599641882616,693.6211839451021,5.591543970076088
4756,156.23302014015718,-42.19743267076669,1224.0410954347578,693.3018123332857,4.682254019906435
4757,156.7800341017149,-42.43599374217277,1498.5706514456149,693.9534656138301,0.5391150355324693
4758,157.33959808235883,-42.67683733004078,1777.3236723495218,694.2967254941158,4.028807348921718
4760,157.41659236396814,-42.710071223911164,1815.6066753207535,694.4943966922514,15.40705980011313
4761,157.82121856638918,-42.88128405145526,2015.4866028078163,694.1961216092294,2.197464353422118
4762,157.84638079196463,-42.8906606974191,2027.560112868738,693.5551628392418,13.564823448042057
4767,157.71539808875707,-42.83837365069253,1963.7695735444909,695.1551702632858,0.03194601044088606
4770,154.2929274732504,-41.3408187251418,238.62460921482122,695.6884846130529,2.1196968697362197
4771,154.41219708564842,-41.395469984174056,300.1497815561981,696.0943847701383,1.877584853665687
4773,155.0601355488606,-41.68565166551292,631.6057164427237,695.9514712110148,7.6331462263564145
4774,155.2109083851114,-41.75406157492468,708.7761635592171,696.6134912976962,462.243401662061
4775,155.3523658669589,-41.81453759551442,780.0562703388631,695.4522477028163,1092.7553087818433
4776,153.8342843264662,-41.13488551352903,2.8273936014841934,696.796431460354,7.733890387680095
4778,154.79796286460757,-41.57000927901274,498.1707679730023,696.6923330135271,283.3392884006716
4779,156.32904055318335,-42.24620610231833,1274.2105068081873,696.8123475952701,816.191097688795
4782,157.85995081275166,-42.902482754865204,2035.8506936113051,696.6455713103253,-0.29020848303333163
4784,155.5306750664857,-41.89786472276077,871.8045559448097,697.683536552313,2.120162598230109
4785,156.38449972742825,-42.271630209665524,1302.4126625903684,697.4699646700551,4.440606046592656
4788,154.81112207854457,-41.579753944111545,506.0017566362625,698.6311105040287,593.7314064353485
4789,155.6797036854327,-41.96562168731289,947.8613576932253,698.6994103614073,0.5144556115597732
4791,157.06077640516014,-42.5655055797642,1640.9173822371695,698.3572932290564,474.38446340716706
4792,157.29459002029085,-42.66685885174328,1757.4616951583644,698.9821776752601,912.5204014023188
4794,157.81036999769103,-42.88573382381414,2012.5184565490097,698.7845778480405,1.7504631914100366
4795,154.86878257271061,-41.60885533643174,536.4126677706944,700.2932523074186,76.73488257790609
4797,155.59604407466526,-41.9316856095653,906.3261768665112,700.1857044761805,1.5827507392977003
4798,156.10745708304503,-42.155946264077734,1164.536017830808,700.0325763756382,7.499937857085423
4800,156.80538585319678,-42.45881564385216,1514.458045602697,699.969108974289,200.35917553331154
4801,155.06823422107794,-41.6985200732167,638.3675789990942,700.6143593503493,25.65368432250397
4804,157.4655096510944,-42.744816537336845,1843.5453249684178,701.5454911640915,57.549856325163425
4806,154.15756574635282,-41.29217851238564,172.63445597833558,702.0214960251395,26.46454636421484
4808,155.4166472927321,-41.85639509024566,816.476849587897,702.1982254487202,4.438584952480275
4809,155.60822746291913,-41.939897312264485,913.2930401359564,701.6165275179653,354.6015868972546
4812,157.1687570785678,-42.61872299033659,1696.4889005675643,701.8652637236604,0.28961576112175275
4813,153.86173280485772,-41.15976808603438,20.63844922236648,703.0073291086487,-0.03145667259348045
4814,154.60188911051017,-41.495287414064826,401.61272121585773,703.3474411541617,128.40270422518762
4815,155.26961835001185,-41.7920911147469,742.0258500794969,702.6364440160155,552.1915782188089
4817,153.880144199375,-41.16970636167992,30.603343109045912,703.7873571333888,6.0899547124160955
4819,154.00949936196994,-41.22870272672964,97.41053715524362,703.8738267858117,24.26909659400309
4820,154.5014279872273,-41.45115255557602,350.41610829229785,703.8748109847434,1.6391224989182298
4821,154.8360078071366,-41.601063462784374,521.6316179219058,703.7496694189075,0.4872049411036416
4824,156.53338497411482,-42.3492787762963,1380.6291006142387,704.0511090847732,1.3929524441427135
4825,157.5600941776444,-42.78931782051338,1891.4877282044674,703.7077921252265,0.7220660031819225
4826,157.69557671495846,-42.84611320994114,1958.2492752140486,703.3465379568485,31.88266219299481
4828,154.3433075437365,-41.38189396539619,269.8299189902591,704.8927887685215,0.4398899639518864
4829,155.81725452816514,-42.03803554369651,1020.7378795366653,704.7032251367342,25.329880227782755
4832,157.67210044118417,-42.83997599830722,1947.6661353189988,705.2832613181758,3.438233085075671
4834,154.2836639634289,-41.35805990569246,240.07647001840496,706.4540543557101,1.6831317865787772
4836,155.4360792318311,-41.87357975358491,828.757328552236,706.5254688072094,1394.5220512951864
4837,155.67399983055807,-41.97648487564603,948.7182111552845,705.4469151754025,-0.5209709851037403
4841,157.22648835916252,-42.65176847029345,1727.407308258731,706.0891678029732,5.59597481301702
4842,154.30522846536587,-41.36866530324728,251.41140466000914,706.8867637332312,3.3892001795431805
4843,155.0827128233359,-41.717612107827286,649.3400730549035,706.9805321561641,22.470557859404025
4845,156.09401576969762,-42.163316664932516,1161.4325502220152,706.7221753705747,3.136081723643381
4846,156.17237772766939,-42.19821365074291,1201.0550011762818,707.0617073159591,20.323490551609417
4847,156.55553985838586,-42.363954033248675,1393.110902695975,706.6170511240972,2.9820441877668173
4848,157.04439928435372,-42.575072694981635,1637.236869779265,706.7633066776358,8.971967676290884
4850,157.43881882963763,-42.743261301374694,1832.9398233804366,706.5214039756637,2.4778506931127526
4852,154.4254060152647,-41.426199779862074,314.0935429621875,708.5459610893093,4.793779413639466
4853,154.7861012187548,-41.586779180929845,498.4303689518948,707.8025877602388,0.4700397379310861
4854,155.21934927362278,-41.78018288405845,719.4082783192331,707.8832444596153,0.8777922270904207
4855,155.25279149038133,-41.79478338650064,736.3450639834106,707.7563990243798,31.114880400817317
4857,155.83277825713284,-42.051750991239324,1030.501351615079,708.1833369610451,5.056950483691667
4858,155.91062102223032,-42.084534799330726,1069.4131017280988,707.486275175878,1.9960666733103478
4859,155.99929218297618,-42.12420559453183,1114.357772831645,707.8971842835048,4.497678066655751
4860,156.85302082088901,-42.49373815208367,1542.1335506544742,707.2525402936011,0.3047075765422787
4862,154.36320505465827,-41.399340128388076,282.5024491620857,709.1462793232396,8.122198578791048
4863,156.2642710738552,-42.242953315385414,1248.5401167695845,709.4211420249915,2.485775199872746
4865,157.0046558303987,-42.56166915612479,1618.4390374037669,708.6182902240512,550.9282401110314
4866,157.4174561694863,-42.738982123253585,1823.6434021898972,708.9669379002468,13.620742508923408
4867,157.7084970845347,-42.86251199632814,1967.5145926958871,708.8893546880491,0.9923570050603719
4868,153.81468949843676,-41.152598754687,0.517089129735582,710.164000037925,4.687049665264996
4869,154.09015562851226,-41.27733333317695,142.49091948609785,709.9099968432424,0.6237660227695682
4871,154.5907301863514,-41.503080694660426,399.5818775821421,709.7877683526624,4.554642634300997
4872,156.6006547992926,-42.389950242070526,1417.456122946722,709.8830526259295,38.91081081186762
4873,154.67459280131703,-41.543587972844456,443.3424065404069,711.2200085999884,1.0162050759527914
4874,155.6110080390457,-41.95887025779377,919.6763447361143,710.5667373381925,1.9252320566234535
4876,156.64045445661165,-42.411105688106495,1438.438249841792,711.872573908975,0.38416839351687926
4878,155.77871019505486,-42.03662913464475,1005.5964479107449,712.5415908609384,2.0780427872504816
4879,155.8774022130521,-42.07953328765504,1055.312146311911,712.3174470053516,3763.908348622821
4880,157.05511989949179,-42.589969581469774,1645.3454195239142,711.9776731592664,1.7644472982824564
4881,157.24879950512803,-42.672564375260414,1741.5000535397003,711.7923764443132,3.654881560776323
4882,157.5319720664191,-42.793184648157826,1881.7798725920265,711.7329510613397,3.222299847206783
4884,154.2928434427247,-41.375262616057725,248.5809967054855,713.0123546836996,4.7967024633562625
4885,155.85372557424915,-42.07029663418174,1043.6825034093958,712.9005984128224,4.273271668126466
4886,155.89653705689113,-42.08841956592266,1065.1051187653384,712.5652526320174,7.516710266239123
4887,156.1368168133468,-42.19440241676234,1186.4005446396998,712.9783337196951,5.500072945698485
4888,156.21874541767244,-42.22935298840206,1227.381558986096,712.5746579992443,0.2555469077746284
4889,156.58158020450702,-42.38758225944945,1409.518467037748,712.8623157267652,0.41987612608648106
4890,156.88001966086185,-42.51612719353271,1558.513374785992,712.6994083963473,2.616212192665345
4891,157.01309814692485,-42.57421441670402,1625.0476479762854,713.1348760651503,1.5404764609596913
4892,153.87146338770282,-41.186426065304275,32.17667239504193,714.1600008930556,1.1196694069524638
4893,153.968399382329,-41.23053553102914,82.20460324223171,714.1670043661097,0.5974048124082814
4895,155.63035234516258,-41.97413246687439,931.3559249652224,713.9621894303684,7.766303973679738
4896,156.7842280805748,-42.47791455250804,1511.5542480871259,714.2532559039323,55.44875456839442
4897,157.02340358376898,-42.57979409977713,1630.4885462839034,713.7193619883819,1.522821735716499
4898,157.37308192784405,-42.72944155938995,1804.1581466564335,713.721240926828,2.5115386660888235
4901,154.85941124304918,-41.63383157570896,539.9634740875363,714.9708945040616,408.550334666217
4902,155.132811739755,-41.755402041258506,679.2539837776128,714.7799980087243,0.21364271769563606
4903,155.37929927711463,-41.864682289444765,804.5166355835594,714.710002783897,61.74099821311852
4904,155.75975149901905,-42.033134808456616,997.3675480996671,714.9845079925752,52.51194251244349
4905,156.55988889858673,-42.38198721809736,1399.6995214005785,714.7839623462403,0.5638202999576409
4906,153.90322080692863,-41.20445864198424,49.61830267344353,715.955317356209,2.633615057702679
4908,154.24717645571823,-41.3615364203625,227.111979865872,716.4863775613915,2.1139788592668713
4909,156.02684392867744,-42.15211225057941,1132.6354582335125,715.8984288729588,186.10750655453094
4911,157.3949610290958,-42.74479368940014,1816.605413969741,716.7744144625675,3.0872507665643147
4914,156.4656480390904,-42.34548460216169,1353.6939900305176,716.987617639076,2.7390588873409736
4915,156.82288583773067,-42.499513303928474,1532.1837052277026,716.7481737663235,4.7551287812789536
4916,157.50235417502947,-42.79053462509767,1869.7720595804278,716.7774703866455,3.3377827128548976
4918,155.27309378588075,-41.82367598007662,752.2898558239586,717.772372432326,15.518587598107647
4922,154.16356632996093,-41.32835838185646,185.45810308645417,718.8256082634426,234.10673087720738
4924,155.44569860460433,-41.903581304425046,840.8865788360488,719.5028498787843,3.8422776959736105
4925,155.77031856036686,-42.04677800767305,1005.2183823461772,719.5234820511467,1.832698129845351
4926,156.3368313954264,-42.29436853328205,1290.4293755033618,719.4403557479268,0.8647249030502663
4928,156.8840969698638,-42.53100672344256,1564.098223820302,719.3426104671921,2.2796879996599526
4929,157.3531202944158,-42.73251012861128,1797.3574155875117,719.5930143963153,20.349721682843647
4930,157.7940808092785,-42.91964056787015,2015.2391748581776,719.4930502150303,18.581892731450633
4931,154.1057682624695,-41.30464457591856,156.42662969739808,720.0679980216687,0.6200639190168677
4932,154.19774195331334,-41.34572639377598,203.59250887190524,719.777742226973,1.656092736783217
4933,156.09187841977445,-42.18819642335127,1167.4990092193316,719.7587019637942,2.5763111753864774
4934,156.16971458525865,-42.22229405288896,1206.6850336855634,719.8126337997817,2.3655645412388466
4937,155.95405104916097,-42.13058224306887,1098.8226515065458,721.1200281215527,1.3861639501490883
4939,156.8277007311072,-42.51079051610035,1537.0800990458602,721.4052004716436,0.8713766786008701
4940,156.9352377602516,-42.55638841815415,1590.4958091743536,721.0518182450093,2.3659026130362792
4943,157.46260451927748,-42.7814701675397,1852.1921314155834,720.7589913208768,43.90318603189769
4944,153.9483583481573,-41.23697522462745,76.41370062646727,721.9705794575455,2.4635809942462332
4945,154.13890001274797,-41.32301928823865,174.46104700324213,721.7548650609689,1.526119323222061
4948,155.53176107804353,-41.94678314487057,885.962227598049,722.1065094273661,4.542382197159468
4949,156.0795088518235,-42.18732838458223,1162.5289819906102,722.0503976653791,6.308715980621751
4950,156.27832695889563,-42.273929474451634,1262.4430943315072,721.9791762982676,1.8289475827204174
4951,156.39576226372048,-42.32502198546784,1321.3725582422394,721.9839718496843,8.67281313229868
4952,156.4431128300554,-42.3464338088344,1345.3406107083488,722.4121090573391,2.5723116862014135
4953,156.7090487968456,-42.46056124843579,1478.1147783599029,721.8920130934016,1.2376263624235297
4954,157.68454284198455,-42.878119040198634,1962.501245888643,721.9600327013802,9.107759811865256
4956,154.62201061581288,-41.54327066677492,423.1202828822483,722.9300957702342,0.42187970618913667
4957,154.68707381100964,-41.57270656241954,456.48199537771916,723.0483420075457,38.858176329426435
4958,155.23654182381452,-41.81767687759896,736.6049336750775,722.9237242228954,0.6531197746669742
4959,155.3059128052211,-41.8477503544903,771.65384999852,722.5663613468456,2.049449162764424
4960,155.6779862418856,-42.01221850741944,960.2425153699779,722.5852662181652,0.7370305231763542
4964,157.73567295367192,-42.901152784346294,1988.0874456612285,722.6558020673808,25.56954549128758
4966,154.6504466526406,-41.55782832321799,438.18927761092056,723.8307520521719,20.292473296821143
4967,155.03659552003018,-41.73096646916997,635.4846473465528,724.0489646708596,0.7871121944473146
4968,155.18519614144225,-41.79808532047115,711.4086573121157,724.544472673281,1.0833879520038647
4969,156.8402857151331,-42.52066118054545,1544.5621376419783,723.6561826601288,2.3809011091116616
4970,154.63792041791666,-41.554548024372735,432.4520993447802,725.0086484983015,0.9871017470412848
4973,155.82306125186795,-42.080289445539016,1034.7370666255683,724.7377991603424,17.650118950339614
4974,156.36127935073253,-42.315655045235324,1305.6219029524,724.8246700290376,1.5552673384004798
4975,157.5866852618024,-42.84194280920984,1915.5961464826796,724.6705142202122,3.5720195963445756
4976,153.89194773268144,-41.21878158970996,49.49557224806043,725.7157694110043,0.8630148756437942
4977,155.35190705815833,-41.874541862435805,796.8165262407016,725.793009403113,1.3342923696155726
4982,153.95980503076402,-41.25237553306396,85.29780733140967,727.0877579668099,0.6134755101131243
4983,154.34945458607692,-41.42984976276979,286.0701398373741,727.5932938123309,528.734429769715
4984,154.3746176343445,-41.43980326069851,298.58206405924784,726.8900905248447,2.018379073936172
4989,155.14225953624194,-41.78544774161078,691.3962614042443,727.7937841150184,1.3652310675751635
4991,155.84905301202573,-42.09788297344679,1049.577565185145,727.8566354908543,6.866831674783339
4992,156.21039078519888,-42.25616321971283,1231.5799421186985,727.9585600047815,12.582602868384901
4993,156.554953964054,-42.40563032464134,1404.2710965117226,727.8207075518482,2.2013327736484958
4994,156.74191196098786,-42.48593017892445,1497.5645028520826,727.5477999996251,89.82863055661998
4996,154.7061079960703,-41.59418541578473,469.9312122280119,729.5574961739665,516.7261406047116
4997,155.9039791362638,-42.123111794052164,1077.5997089474542,728.4271768191036,51.207690724259926
4998,156.46034763948646,-42.36619657857213,1357.3400048770673,728.6208870472647,3.8338132799759124
5000,157.2285525198765,-42.697432042249176,1740.4320157746783,728.7793981841688,222.52142070027273
5001,154.30576471147302,-41.415481771203204,265.1867442218031,730.2839361934641,1.7693529969253177
5004,155.80071348720583,-42.08028994542192,1026.1912912543594,729.6910634568427,9.58520443259512
5005,156.17170809851143,-42.24343212656123,1213.2822928143212,730.0498136166904,0.9901419041207702
5006,156.65886522555815,-42.45401239177485,1457.1615953958349,729.5485472642996,6.720590319829082
5007,157.4897368317994,-42.81106009716978,1870.414785904829,729.9073371938822,29.546863810962783
5010,154.1628165778669,-41.35279072024647,192.27735538781505,731.2642097473805,1.7336670271601466
5012,154.46136800872728,-41.48736374142927,345.52886916446835,731.1415415400978,1.3871081842364457
5013,156.0179677712221,-42.17898669568983,1136.6904918323967,731.4274133926215,3.0675348461067524
5014,156.0635421376304,-42.197405867441276,1159.214126301782,730.6631576080223,0.43091035976003345
5015,156.37212132161022,-42.3316557673152,1314.1582257154344,730.5290199494333,4.145051154993025
5016,156.92669587141285,-42.57165711673341,1591.3599437455878,730.6407315226761,1.9057480529212845
5017,157.01393682510212,-42.608712233037906,1634.6689212965396,730.4206901829237,28.442371007052962
5018,154.20362890609692,-41.37272225299859,213.69045900252826,731.9966891438651,5.907522610593208
5019,154.45204999460847,-41.48443933851626,341.11864158892456,731.7808895402358,1.7626915740263367
5021,155.0603595632442,-41.75634801923878,651.7965861853926,731.4963076135024,4.716052719405744
5022,156.02879145912647,-42.18489939543175,1142.4665908008292,732.0217172761662,1.3298679225266563
5023,156.32948667484837,-42.31561861913072,1293.4620264574244,731.7930089654864,220.2469366333552
5024,156.5652383798688,-42.41942751199049,1411.96748867445,732.5448927485564,3.6512738741936115
5026,157.1204869153375,-42.65764180113317,1688.5107069200217,732.0551600796531,1.0440344783849664
5029,157.16750085636636,-42.67971195190657,1712.380732104188,733.0351666479303,1.6006908473221362
5032,154.50007189466706,-41.51153330336241,367.3135365958778,734.5317958179643,1.355167546952192
5033,155.60006265176094,-42.000748152405635,927.2281690061556,734.1180698992797,4.914294418251785
5034,155.8659620867494,-42.116930159945156,1061.3451526189365,733.7231337585572,2.665373800544664
5035,156.21348972092946,-42.26929344356402,1236.3844752489388,733.9084733947831,1.8940611266510958
5037,156.8031778249128,-42.52420896510008,1531.3522144017456,733.544124183907,131.1531414196816
5038,157.47349933050356,-42.8122460167167,1864.5365791140705,734.0116523918354,8.152158264359601
5040,154.68992062233445,-41.598765087835545,465.05147372659667,735.510571263919,156.3351537383523
5044,156.37982796202718,-42.34414432521861,1320.5303749104146,735.1475774644655,3.877612777133071
5045,156.59393079413346,-42.43718611399814,1427.7732740487738,735.2435583137673,5.1686495280513824
5048,153.86607140646527,-41.22814860630519,42.335297167564924,736.3234533028472,38.992646411729375
5050,154.92514679704558,-41.70545816770502,585.5748485053697,736.2325859898441,1.4357708411795662
5051,155.3431584912938,-41.89146407294196,798.2455116726354,736.2721095723687,2.096389740348195
5053,156.88693027055493,-42.56399044355291,1574.1047453871975,735.4197205153278,24.539634003875992
5054,154.01496268321364,-41.29784050329361,119.68676118349875,737.3305311477618,52.32526957632827
5058,155.6212997868937,-42.01504647158504,939.3553718366716,736.6064860332032,3.333463148573418
5060,155.92018521305272,-42.14729115635403,1090.5163660065548,737.0440283859612,15.206112633116135
5061,156.0144915207431,-42.1877393460844,1137.7878130252827,736.6137522514125,0.7073894896994767
5062,156.89715068495104,-42.57254125647895,1580.3193003364063,737.5213937964083,29.341037062514072
5064,154.20497723566294,-41.38570394543649,217.97792839665266,738.2090405697725,2.6810443093595926
5065,154.90434386615223,-41.69904955507456,575.7880007399481,737.6826068126394,5.773955299652085
5068,157.21958800574853,-42.71055404636719,1740.526935325055,737.3694159056423,0.7432434348095464
5069,157.7267458282603,-42.927202345587894,1991.5602293378624,737.7914810887854,16.569665986456208
5070,153.88930017559707,-41.24333931420389,55.67217292090027,738.6406914405432,1.0033326685234454
5072,154.0941779798002,-41.337278115046274,161.49643833491763,739.0881607388238,5.1131211152156695
5075,155.73718865516813,-42.07048117375043,999.1667932198399,738.8296328827886,4.905748956076805
5076,156.33078637972835,-42.33107546670502,1298.2060453779459,739.3173409022814,0.5907311544281133
5077,156.72250694085204,-42.50101825478525,1494.2537833486272,739.4182032819296,1.3640363136425488
5078,157.3432063562547,-42.76596081799887,1802.5052527051841,738.6903639867526,1.0431398145843604
5079,154.13727404450302,-41.35898530448172,184.3053681272464,740.1819211750154,10.946372903304757
5080,154.1809140175352,-41.37828125745824,206.61403465584675,739.9493640782897,1.228457165183992
5081,155.06026869695077,-41.77286332956976,656.4571796162085,739.8304587064043,1.9009164108449292
5082,155.1149774981031,-41.79816373070385,684.5688566171992,740.3070863970531,2.3242333841949256
5083,156.54324704263234,-42.42420505521972,1404.8725519989034,739.7763001492816,0.4609472966974661
5086,156.91907730999662,-42.58628880540057,1592.4057314553233,739.7052740328216,0.08549101504163359
5087,157.06592675244516,-42.650852326040024,1665.8626649840241,740.4613262343031,274.0609026933553
5090,155.38970086340902,-41.9214429878138,824.498620135136,740.991426490765,29.88668052641772
5091,156.50374694854392,-42.41006124251636,1385.9216964674702,741.2794933551196,1.0127263331904912
5092,154.25423712912175,-41.415330170748945,245.4259871513526,741.9004301272876,9.690927541472329
5093,154.81836289047328,-41.66861746856797,534.2026826908527,741.7084708026371,5.928549252929833
5094,155.67917347715976,-42.051137472485685,971.58317274624,741.9493991529272,13.037371778616208
5095,156.76967162591575,-42.52773140125581,1519.5152594905003,742.6360754987799,2.2127047202684538
5096,157.31863630890058,-42.76279901517146,1792.2892340913395,742.4008760562284,2.7930338331776787
5097,157.40040786571683,-42.79701159316479,1832.6044289908916,742.0669462557304,0.9445899715412717
5100,154.52218172246987,-41.53790792108204,383.3763699800553,742.7879347308226,0.7946343511667057
5101,155.0900546372212,-41.79234674210503,673.3854790113264,742.9622741010295,14.676482064605135
5102,155.45244672923516,-41.95328383842493,857.4560417798781,743.0483979157862,3.7424676865739945
5104,155.34342980377417,-41.90656024265934,802.609318620515,743.8169413191686,3.276721236930724
5105,156.21431914500687,-42.2883290003263,1241.9488008312965,743.3405327651902,3.3487661557264112
5106,156.31435960706898,-42.33121225092007,1291.9685916387602,742.9966887852986,5.0139127967931065
5108,157.4700251612928,-42.82953616746456,1867.8103519826268,743.5268021662728,5.206277292136944
5110,154.37941679339127,-41.47808798188907,311.4934317873498,745.03666011323,3.808850469010196
5112,154.50957868750828,-41.53703436728098,378.3036519451375,745.1980121872351,2.4677309211952787
5114,155.86160113348362,-42.13656139513705,1065.1418027855461,744.593931386754,4.479504498544071
5117,157.21406651424223,-42.722805214469254,1741.7031706014009,744.7717169477746,6.25068846901584
5118,157.32622306581723,-42.77092922253531,1797.3544155740444,744.8800742865524,1.4020328604420575
5119,154.09217874692882,-41.350082701383705,164.4615068840759,745.9703042320992,4.163554039704275
5120,154.1211666137049,-41.363479521381294,179.45120533679784,746.1009675821797,1.95971448257785
5122,154.8055610789762,-41.6715611229509,530.1484699776236,746.0700018406858,0.004518310888234805
5123,155.52705119055335,-41.991653282236655,896.7621572780629,745.7737703854857,11.879579704066218
5124,156.3506173032985,-42.35265510772473,1311.7084768561567,745.8637093059318,3.997235701594906
5125,157.15570794685775,-42.70035962200575,1713.4226124760996,746.0503412574406,1.1918721068855929
5126,157.63960898715732,-42.90581717884519,1952.6950120613544,745.6755612940991,2.9091934795240806
5128,154.29756840471006,-41.444435700169215,270.44199657894484,746.6858748930355,16.744520658131485
5129,154.71878296292422,-41.63477792184391,486.4237770087307,747.113408257454,2.0679169038807452
5134,155.61768428930995,-42.033424720375,943.1215224218297,746.676232101356,14.763072274864575
5135,155.96899822897623,-42.18707581602327,1120.2186788348038,746.3299191737437,2.77967909847387
5136,156.0622126972169,-42.228570603134855,1167.3327285836722,746.6905755301615,0.6289184888490712
5137,156.3890661809599,-42.37165923257682,1331.6079784683802,747.0234231259637,19.351331425660963
5138,157.3910930639388,-42.80352275623014,1830.7879145942711,747.3788255941113,2.951377758347908
5139,157.762633262535,-42.95927528162988,2013.698610762592,746.3573223405068,6.535763044700234
5141,155.64322899576533,-42.04635991746633,956.5072306403033,747.5227220834981,3.7860594509295016
5142,155.68221432655716,-42.06437123633684,976.4463976112661,747.9477397509304,8.284944192236363
5144,157.41482441387618,-42.814984522477346,1842.890354370099,748.0634500812606,2.829941636788632
5146,155.41003718900464,-41.94571054452591,839.1110765684354,748.6841193733023,76.62343571574812
5150,157.50851753062224,-42.856344078086934,1889.6106803510854,748.8169697681235,1.203702072741949
5151,157.60699904643715,-42.89932485860184,1938.5477134167415,749.3992625346557,3.5643851143732084
5152,153.8934808084941,-41.26765562535215,64.38957128911514,749.8847396927845,15.34259438129575
5153,154.72579705284124,-41.64406766635754,491.76983124021734,750.2042611458154,1.9211424596325162
5154,154.92715226636264,-41.73459455730127,594.6532974462397,750.4425633356761,1.1433833925559567
5155,155.5098818527268,-41.99250235107668,890.4378124600498,750.0228950302521,2.5223387810343794
5156,155.93962847638846,-42.182190189115246,1107.6411205745956,750.3560167060608,2.4157578087908513
5157,156.41907660604411,-42.39124909434349,1348.4388126700576,750.3368105139543,146.11374293494782
5158,156.68564537017224,-42.50615696652451,1481.5788753269887,750.0686416471452,3.666688750627005
5159,156.79436692227304,-42.55348611945028,1535.9280284449978,750.2785012091166,0.6100780582489967
5160,157.55847394239902,-42.88018546174377,1914.9806701619261,750.1409485329881,6.5000785506787295
5161,157.6875637508529,-42.9346477955216,1978.5937417949103,749.9880832833434,38.420936055903894
5162,153.9560211358538,-41.298279247359666,97.26639611732912,750.9834665641853,467.2436219954841
5163,154.02679234649833,-41.33161526130434,134.06789734796087,751.5853574734343,18.49453418890715
5168,157.4886911790197,-42.85309198830826,1881.189152078006,751.4426371108677,0.19756850209094823
5170,154.69385321152845,-41.63384638850885,476.6229564008878,752.263574924208,31.240133046464255
5171,154.75201690636044,-41.65939801801999,506.18987359490296,752.0070991452053,0.31448736155354273
5172,155.1204306947191,-41.82284294471142,693.6590328028187,751.510230238579,23.86679281726689
5173,155.23339854681709,-41.87334256179169,751.1565773353137,751.6624795471433,2.0919602855145634
5174,155.66805168445995,-42.066084798436,971.5132586250104,751.9559179847547,73.8919707780196
5175,156.18873303729094,-42.29538211644272,1234.1203672896324,752.5358603886644,2.546623399140962
5178,154.4965626481631,-41.54716558909229,376.24666042681673,753.2318705875388,42.55965478522541
5181,155.09866784186713,-41.81604190696145,683.4083857799543,752.9606431071396,1.6441832501730642
5182,155.30318513348894,-41.906053079413915,787.0807147399514,752.545575428484,606.2919514041761
5183,155.82176368430663,-42.13577281352905,1049.6998776207638,753.0171034767021,1.244783559101057
5185,154.8222377113509,-41.695047387085886,543.2439270052613,754.1307290727336,0.378531772965077
5186,155.87590453156767,-42.16084547972685,1077.3636276668892,753.6802990460764,7.405464780672804
5187,155.95752913397533,-42.196991927310506,1118.5888089858374,753.868866369725,8.456782680383037
5188,156.15607758248217,-42.285026820918894,1218.7917712599644,754.4989948053229,6.192334289445343
5191,157.15430620356003,-42.71673519543361,1717.282894741836,754.647585486496,4.189624869989548
5193,154.3366220348986,-41.478182523010226,295.15340487811324,754.7806904238928,0.8903782137151135
5194,154.76871386749687,-41.67188402201854,516.1506302007166,754.5264119446763,2.176205954613881
5195,155.5025523680299,-41.999037643742476,889.4725748020073,754.9479556845824,1.5472564246374094
5196,156.1952713917909,-42.303072124311356,1238.737980687735,754.9796746417331,1.120109298144777
5197,156.38215316152454,-42.384322122777476,1332.4417809126273,754.9393546933761,6.19610839277658
5199,156.90101701915927,-42.608615786132674,1591.5487367701337,754.936171030103,2.056746558827819
5201,153.93348825329585,-41.29732059796587,88.36865405972664,755.6399406542521,16.77036300870891
5202,154.4569179303301,-41.53448678659611,357.42914376140106,755.8268799821624,7.066749465010712
5204,155.3365807793952,-41.92726042643395,805.8323230149655,755.773143897565,4.62948731978073
5205,155.4596586489918,-41.98249660496176,868.4308019909922,756.1627418087712,72.96109357242909
5206,155.62776883918056,-42.055604643084564,953.1873435251006,755.6178990742529,1.7627838028825016
5209,157.28657801927145,-42.77586349975437,1783.5558485556817,755.9541189440778,0.7647391142516373
5210,157.5841656367899,-42.902210618856486,1930.610919150259,755.7771734114177,15.964264436271936
5211,157.68313763718464,-42.944403455258445,1979.4850731011404,755.8877336734652,6.909181239088228
5213,154.06809120556576,-41.36154658197413,158.5890877760217,757.2047136295242,9.16492847661874
5214,154.13214178513863,-41.390199188799144,191.42486144664556,757.0176604402789,2.777942463358596
5215,154.28038678865389,-41.456878286155025,267.4775783272908,756.831500972486,324.5580382346005
5216,154.34509063037405,-41.4856348891975,300.54896414605776,756.6045796652993,4.7945408958861675
5218,155.64840164818247,-42.067929498334735,964.5210090391555,757.2490655149189,2.5867053541250735
5220,156.07991477104838,-42.257176876429995,1182.0095436891304,757.2264068862881,0.5888819458733964
5221,156.58202617654905,-42.476529945009965,1433.9601838044348,757.7412883402811,1.7661237279198845
5222,157.71417984087896,-42.95888048700112,1995.134236123307,756.5616109526394,2.1352686523597684
5223,154.1132866047782,-41.38403969248186,182.4223735904157,758.2129507364865,0.7024193858970211
5226,154.98081816641226,-41.773831402261045,626.3534768711298,758.1374119476566,1.1171577154461994
5228,155.80715756301288,-42.13842722942454,1044.8593474033962,757.5911509835328,1.2831465789059693
5230,156.9769097253443,-42.64832034584014,1631.2200276522124,758.5210746748146,73.67053348544954
5231,157.5696023392007,-42.89997164621018,1924.4683122075905,757.777089811913,0.6842435871360593
5232,157.59784869918138,-42.912144902440765,1938.4565976754955,757.8695947335905,15.380260219029836
5233,155.24636205906467,-41.89287279523595,761.6367736300826,758.6002141351122,6.011754099125565
5234,155.40956367813055,-41.96635141601001,844.7435097950301,759.1892416473459,34.35030561026906
5235,155.9078050085555,-42.185025136139764,1096.2719868772265,758.8229966469928,3.940779248705312
5239,157.0070861142436,-42.66191519873567,1646.3946143291657,758.8438135005946,11.189926632279583
5241,153.81192853944032,-41.25123744962936,28.39240651207504,760.2691914664622,1.773169188779555
5242,153.90940468412916,-41.29520635694231,78.54112689809479,760.0717434529428,6.196364542020572
5245,154.70257117965218,-41.65237700241195,485.2722452884543,759.6155697402293,1.032510733505821
5246,154.75703327931603,-41.67748069389068,513.2879034934907,759.9705946823871,1.40325962571631
5254,155.6890287994177,-42.093768231718265,987.2690650416907,761.25841269412,12.615903258104844
5255,156.31590649137783,-42.367335624069895,1302.4873067277983,760.9056790947399,32.65956631331352
5257,157.12994200599596,-42.71831520797147,1708.4164899232946,760.7301941179305,1.447287514811144
5258,153.9309415210927,-41.3075905991197,90.39769922567841,761.3725197402504,410.1736416615503
5260,157.25866570963763,-42.77480894887667,1772.6330674115109,761.458673126817,305.569983501919
5262,157.7586270279579,-42.98791302029104,2019.722277475357,761.7464297302715,10.216798672556788
5263,154.444242736245,-41.54268389105748,354.9492401960275,762.8124393914675,0.9878973377213535
5265,155.33721246122536,-41.942236465780084,810.2994394749311,763.175662287201,48.56953145449893
5267,154.15391504178834,-41.413537507704945,206.53836281299667,763.783675988163,8.471702656815953
5268,154.4307806292587,-41.537998734605004,348.4500587552761,763.5044833564094,8.179257195703233
5270,156.61042544351773,-42.50077899049553,1451.4088662300858,763.7891815654399,1.3654557792367443
5271,157.38778441714933,-42.83614109842395,1838.2205160907752,764.6234690352918,8.814407001927684
5272,157.48975586818736,-42.87680667269958,1887.896938190827,763.2345390704767,52.31850026394658
5274,154.51601419293814,-41.578669873546964,392.76512969891894,764.665734415282,77.60490971503289
5275,154.69892348061506,-41.661583858782926,486.5187596754463,765.0663063583589,3.178569503533816
5276,154.87527908396052,-41.74059936304784,576.5370022865764,765.11719015328,3.136609362824853
5279,157.17973213485513,-42.748217235577435,1735.4220646555398,765.0806179411801,3.2918107416969833
5280,157.32160888256584,-42.80763238831996,1805.3968106159048,764.4744113738212,6.975173579491376
5281,155.0565060134448,-41.82262354448094,669.1631086662197,765.7191976798988,2.255499855059909
5282,155.51267882615056,-42.02472456303484,900.5569435734304,765.6393967534783,11.304922486982884
5283,155.7799016803476,-42.14274637491202,1035.6525770262833,765.8076081796331,6.454896511433916
5284,155.90834872951706,-42.19940062126144,1100.4742625927934,765.9556831089151,3.568688439049082
5285,157.3441379824774,-42.820410043425106,1817.3932048079332,766.0795851095168,14.292582651792856
5286,157.45583126627335,-42.86765206139161,1872.5378236220688,765.908947770379,1.1958931284628855
5287,157.77849771265085,-43.004368060653974,2031.6252929166624,765.8307164700726,1.7476674633628255
5288,154.58918900789246,-41.61618969425274,431.5372258579583,766.9951617367383,0.48740560722155374
5289,154.61236967247984,-41.62637134093112,443.3249326001043,766.8814307307363,0.3468529061889402
5290,155.52149640120942,-42.032847086731586,906.2059800944213,767.770973615156,4.657809145956892
5291,156.2537152409987,-42.35213629951048,1274.5676476916196,766.8983713059748,486.0021810237413
5293,156.55485168300964,-42.483161111553855,1425.3998719056694,767.0395510150323,1.3157193429457632
5295,157.00522075613185,-42.67624151773816,1649.5439365194668,766.5006408873419,1.5778406790521142
5296,157.10943236663513,-42.72108619692641,1701.341365115444,766.5810559282338,0.4972310456850785
5298,154.3034383771044,-41.488985452814816,285.5951550197356,767.7272992189725,385.13307410167295
5300,155.63543584976824,-42.083107016743504,963.8158304121666,767.7797926791827,-0.5822332957959359
5302,156.0359307792089,-42.26019183832552,1166.0491638731187,768.4511161714507,1.123067398965158
5303,156.09111676934606,-42.28415049645211,1193.7458891095032,768.3724702570139,0.12204883280341995
5305,157.52065482421335,-42.89825034562185,1905.3636225645225,767.4460140824941,7.663044486748407
5308,154.81213532981795,-41.72043059105756,546.6416701074992,769.1690179987047,1.9497474853969379
5309,154.97999968881192,-41.795057115133986,632.0854243025242,769.0009717579431,1.6988980759125205
5313,157.07096609257994,-42.70890816929041,1683.4037354962015,768.7608658299315,3.6030764768809407
5314,157.53294135916715,-42.906152599850806,1912.141053593728,768.8053400405618,0.6363845695828051
5317,155.02311614880028,-41.815733183573364,654.4450638193359,769.7354123161246,0.7736520110058879
5318,155.1249636586114,-41.86154151993727,706.3720823276614,769.9755620829702,12.785951522576063
5319,156.63909278410483,-42.52539944910129,1469.052279239842,769.9703331461008,4.117612881817108
5320,153.99620411253585,-41.35573248224034,129.41056924423938,770.6519332582677,35.78193667496569
5321,154.1357778866575,-41.42023182406895,201.5523439486019,771.2650605167989,2.596194098207423
5322,154.52588863745976,-41.596252190211075,401.6051797885079,771.269323187205,5.127932819568657
5323,154.86672339968223,-41.74886173266879,575.6269336969932,771.195572812317,516.5102257767345
5324,154.88014460421383,-41.75494942898816,582.4936104828432,771.2418797795984,5.619332485707235
5325,154.93894204476123,-41.78122266351378,612.4554104497723,771.2540589251721,8.29553523876711
5327,155.22031720800555,-41.905230365379865,755.18091665382,770.6428582696853,0.6182416199293097
5329,157.71114977124844,-42.985518142790674,2001.0115614506537,770.7238063549332,10.443652843052602
5330,153.90521005872796,-41.317434464761796,83.44028161541884,772.1774472316564,7.742486214774178
5332,154.89274625552375,-41.76326745717944,589.6830158826579,772.594868075018,0.8229303948970672
5333,154.96574865955398,-41.79427080098148,626.4161548850907,771.8025665570748,3.8113321472732653
5334,155.87941929801508,-42.19846700762074,1089.1687121768891,771.8822944406146,0.3751077875721755
5337,156.21826589716142,-42.34679890681115,1259.5679890335175,771.9999421813701,207.34847180966915
5340,157.63241335893093,-42.95405850489176,1962.7177639679962,771.6879717448288,7.826896646453195
5341,155.13206155981715,-41.8712759169781,711.8450869863191,773.2867786209299,1.5010315152039606
5342,155.17552402653152,-41.890051680317484,733.7709708945346,773.0151672961506,1.6245047389895926
5344,155.6868079908933,-42.11632604919383,992.7260959882473,773.124512906363,0.5343974364816652
5347,157.48215581590054,-42.89265514021992,1889.2129317821634,772.90580857462,7.052747723092644
5348,157.50881273897247,-42.904058809578224,1902.3950114582722,772.9415577450837,2.7256171272689835
5349,157.7627419104888,-43.01180651766703,2027.5865526933173,772.9843424939858,1.1969849327818212
5352,154.4641109676427,-41.57291399689229,371.2679248147158,773.5056539795092,1.3078418813929704
5353,154.6497557814198,-41.656550491117954,466.28364941213556,773.6180671263331,15.802852014824508
5355,155.07713498925048,-41.84840174204018,684.369322368997,774.0709215179965,27.470803518184468
5359,154.33008998906286,-41.515185268141224,303.3684517933372,774.8437786987591,4.723675125642519
5365,157.5210551254417,-42.91388258354902,1909.6653443823807,775.2838787873337,31.661334153533314
5366,154.76381416540463,-41.71190259303677,525.7371955620035,775.75217614789,0.4887257696704195
5368,155.22618724581326,-41.91774123952536,760.9632937785896,775.6300343557402,1.002706804992137
5369,155.82411214111767,-42.1823273427238,1063.562702244819,775.9791581853349,4.132314702298254
5370,156.5085626011173,-42.4803857729038,1406.982865162568,775.7694030363035,0.6399775463626545
5371,156.9937550195572,-42.68921777267678,1648.6698415245917,775.5591893451837,0.3984638057255462
5376,154.69411549860806,-41.683657205960095,491.01285014099136,777.2460632766515,1.052751365188997
5377,154.73262349253497,-41.70073934603714,510.62266473711105,777.1607311895154,13.46375667408513
5379,156.33490220120342,-42.40623285522247,1320.4212788539949,776.3815648558025,8.250995970791472
5382,157.49222553565323,-42.90443765858846,1896.178407503506,776.7075346190346,3.82451905946252
5383,153.9084719811419,-41.33073869611761,88.57857790183728,778.1062044766768,2.8737440749641636
5384,153.95175947819072,-41.34934166059666,110.55846904870043,777.5702660166082,520.3944017544551
5385,154.52013576453334,-41.607666997819926,402.6953115243786,778.3040897035163,6.354313454094283
5388,155.97770683080876,-42.254296507446774,1142.190334709418,778.3278245560492,2.2216126865106562
5391,157.16656177096098,-42.769544736434995,1736.12148078526,778.7336195276672,0.6451147377461226
5392,157.31326039241816,-42.8319478556245,1808.7085601281472,778.5969511341991,15.095839370210495
5393,157.36909256886798,-42.8556322658545,1836.2945664320478,778.5352654150412,18.5625683796059
5398,155.93550778168662,-42.23748600834337,1121.4201849365368,779.1671965189039,15.37377036498706
5399,155.96542255106596,-42.25065825736419,1136.4928538055815,779.2048070025246,2.2033401371221872
5400,156.19661908755592,-42.35204822634346,1252.7540202186394,779.4130444755087,1.2874187885914792
5401,157.6142170077958,-42.96111417477823,1957.6564379620866,779.1782110341442,1.6926443507727176
5402,153.93515053043774,-41.34654807778353,103.39547571001408,779.953870794811,3.7604668939909667
5407,154.74568744650543,-41.71449176416621,519.553548339314,781.1336569980102,3.1580990752942553
5409,155.07000682660706,-41.85895863711667,684.6451112826909,780.979989376414,1.754950887295608
5410,155.89517441752037,-42.22477730048005,1102.496442582177,781.6703402855982,2.071027063882306
5412,156.8605554399021,-42.643583277194246,1585.5751107883384,781.4361120401059,578.2260580455406
5414,157.70548420496627,-43.00305245077801,2003.482708780981,780.8332496069156,6.920870131850362
5417,154.9467688539885,-41.80563119072314,622.4021830762734,781.7762131184652,8.042985777981317
5419,155.7629332720397,-42.166558470128116,1035.8140523576571,781.5749830041606,6.199882602452064
5421,154.3551329117941,-41.54241211683448,320.81605178860934,782.8438533610166,1.9363701833688627
5422,154.38220675947528,-41.55571633893061,335.00649391106816,783.3958496162954,2.2166964738212673
5425,154.07685630263182,-41.41858817183752,178.55829757272366,783.8342618651861,4.754055003253402
5426,154.78608748844624,-41.73917350860916,542.051703155747,784.4523565234224,3.040432291431836
5428,156.0975009077468,-42.31771237815589,1205.4592353934993,783.9057177888612,2.9093342931230928
5429,156.883196819077,-42.65821361151315,1598.1614069954571,783.9095078915905,0.9492136028084627
5430,156.92427687202806,-42.67724730902715,1618.959994181038,784.6030723585,-0.39316734711298645
5431,156.96461145259428,-42.69196567641418,1638.3031427689639,783.2822182337522,3.65015814525541
5432,154.89636701121995,-41.78973455416006,598.6187657679934,785.0938076427467,2.1342829064221087
5433,155.17643149610686,-41.91357991071095,740.7827132929419,784.6559296592748,0.8964071645786598
5435,155.40059626427117,-42.01360569452203,854.6254961616513,784.9917687827709,7.967663972522374
5436,156.01440655986482,-42.2846461880911,1164.6062687842484,785.5411056639525,6.311575232968549
5437,156.07844779750974,-42.31096109837676,1196.3234565023479,784.6974555014089,5.80634024609588
5438,156.18468109958414,-42.35718101714805,1249.6142491922797,784.6312952108018,9.99962589943151
5442,156.62954440340434,-42.550993603525214,1472.3797272141696,784.9958124001446,11.966380630282346
5445,155.1187571181566,-41.89008041883567,712.0974987577536,785.728353154098,3.5933987545749106
5446,155.49671962584415,-42.057680676118295,903.7181554058219,785.7957723997521,15.215843252639294
5448,156.35822378795004,-42.4363757799214,1337.5907517225676,786.487755474216,13.17243653661842
5449,156.51469407088393,-42.503081545787595,1415.5219615831443,785.896412930848,4.418686653921526
5450,156.99327411885872,-42.708390817356964,1653.6536184758263,785.3666232002707,5.626764004765342
5451,157.19045333804564,-42.79437364767294,1751.8787465367886,786.1314546766131,4.060466712304315
5453,154.4788827708573,-41.60621828151944,386.51796864278566,786.8967072086418,5.793508184058982
5454,155.1945509144917,-41.927558601763884,751.660025339776,787.6420065674371,0.9553995827917298
5455,155.9349729444295,-42.253039782014895,1125.5335756690502,787.1319869253097,2.6237450025846942
5456,156.840266882384,-42.64598530374165,1578.4921607307842,787.06827319944,8.99653766042111
5457,157.6042953955678,-42.971266618191166,1956.5668009544827,786.4589681293107,2.1117616548757727
5460,154.6443555572312,-41.682664172089964,471.71945387666767,787.9600622016211,1.9595195247843278
5461,154.86112577435375,-41.77997221570622,582.3731392769665,788.0993153841697,12.29495363035925
5462,155.53764202197127,-42.07937944781605,925.4307816315079,787.6285993141277,244.81092049432567
5464,156.31147921632828,-42.41953256248808,1315.1390657702357,788.2419089059097,2.1849994641001422
5465,157.31796298701082,-42.85288946793994,1816.090526274169,788.1887044878086,7.1386155389561186
5466,157.38000932947762,-42.87885386910392,1846.64088904594,787.9435445711651,1.4150447555681387
5467,157.52948339384366,-42.94213546520065,1920.3711157367673,787.7894384419237,3.652758219510727
5468,157.55375277053736,-42.9549381139714,1933.0040000413292,789.0545876917056,6.270795001771848
5469,154.95479617860633,-41.82335970663879,630.5191193607451,788.8930886806306,3.5314700421236767
5473,157.6751220686139,-43.005756753418595,1992.6416042580727,788.7247088670317,2.3703130816163402
5474,154.67805362734603,-41.70103390169767,489.86220061301066,789.5987588011187,424.2822154017573
5478,156.78055313899895,-42.62545637375986,1550.1735889310905,789.6932380867515,0.9388693381011902
5479,153.79472676449302,-41.304688504066334,37.493148223253755,790.9970527774443,35.067270956638254
5480,155.23843572467587,-41.95305788402326,775.6298675612709,790.6739222035934,1.163682574425328
5483,157.38791202497555,-42.88698271652716,1851.8153992998496,790.3563470098892,1.773363319243152
5484,157.58078132883554,-42.9702526487373,1947.3489598213778,791.0021543651815,1.3541153435302158
5485,154.26672191446184,-41.520511540837624,280.702206723588,791.8788150232369,0.46314873890159214
5487,154.4943366788739,-41.623440835865125,397.385667455554,792.0562646357901,5.972616503865459
5488,154.93224956313801,-41.818770956617406,620.6021186440304,791.6434286274551,6.438268269721695
5490,155.55988258224266,-42.09787785775913,939.1077759030085,792.0066866072216,0.37084223572914704
5491,155.7149614870196,-42.166516996121324,1017.4939079016232,792.1846067883172,177.62655950204956
5492,156.74444809590935,-42.61449090041995,1533.4393993346935,792.0188098356793,9.581049635237465
5494,155.43087267716197,-42.043755474834384,874.6690403241599,793.4348504015319,2.6767302092678316
5496,156.87002544585633,-42.66941928941942,1596.1717074585101,792.4441994075806,19.951739423781838
5497,157.24168018954265,-42.83068633626328,1781.1098847419528,793.4336271328858,4.378206318309614
5498,157.46196007373948,-42.92314634797757,1889.6264033195982,792.7109928770194,1.7943047888185868
5499,154.13140093874168,-41.46341162318572,212.43977891927508,793.9286474564967,68.98230633936994
5501,154.7750104237432,-41.75401953702202,542.0696888044794,794.4077620711428,1.7330090291080154
5504,156.20642775202714,-42.386394146145086,1265.9595743142295,794.5952866498124,625.5544555375413
5505,156.55822109521438,-42.53723535456422,1441.4398621548553,793.6326351059777,0.39158963580563017
5506,157.3102092321962,-42.86106207551983,1815.3199014880577,794.0033758421878,4.357174368916983
5507,157.47088975183144,-42.92950014795408,1894.7137782253585,794.0063459194478,2.8897646168363456
5509,154.08757536359445,-41.445990789119044,190.6327837904985,795.1460617004266,3.8418004515054434
5510,154.3903787778507,-41.58183578231444,345.6770699541829,794.6631672778399,0.6766847310428621
5511,154.6436809820485,-41.696509374015065,475.4374114402585,795.0699345761318,4.454158868859207
5514,156.63527599414664,-42.57183029871238,1480.237218698077,794.2765159835571,1.5044284099079648
5515,156.67878174126122,-42.59276831512971,1502.513733250343,795.3616145036901,3.6333657198301523
5520,154.07028847574063,-41.44088041884939,182.54275056022482,796.5119390426099,15.952452250029783
5521,154.23261449457365,-41.514213311856714,265.849903059688,796.4509761856729,4.269636861014098
5522,155.11384247967092,-41.90811684217099,715.337618343508,795.9046843103938,0.5052546996212735
5523,155.6757046684467,-42.156546954632226,999.7293465730344,795.8628139446723,4.506259535954671
5524,155.7921882863629,-42.20822167177318,1058.591775295237,796.1039575121307,460.0358342314779
5527,157.54324278187784,-42.96429123224863,1931.4837548476864,796.0571355530086,24.977868158272617
5528,157.74693095228994,-43.05110653607478,2031.9266122742588,796.3091983639501,0.15256495807735526
5530,154.5557559042589,-41.660775087714896,431.59217006141307,796.9437619839736,225.68283934342656
5533,156.11466791101333,-42.35013487063242,1220.9647694263122,796.4876800270483,0.7857405501159493
5535,157.3698968838647,-42.893449356133026,1846.6803588641824,797.5200344498779,6.926648240946044
5537,154.5276653579768,-41.65190264706308,418.31240551007505,798.8269206061777,1.7021118035795753
5538,154.73198671956152,-41.742229479111394,522.2669597002749,798.1607806000206,1.4781347969519982
5539,154.84253466035022,-41.791219418511425,578.4868277355578,797.9315672932154,19.304441098248287
5542,155.3953531527857,-42.03744915254183,859.3380675165588,798.1685877871645,91.47979731902217
5543,156.00709337266795,-42.30515655760235,1167.4973545117473,797.5032908986324,1.827187928161063
5544,156.22924518759737,-42.403466280806335,1279.3617838094815,798.1970252112263,2.1889912441684074
5546,156.36914202557088,-42.46332423176405,1349.1456733266057,797.7035920089471,6.422382163944154
5549,157.504519233281,-42.95085087500031,1913.1825158491524,797.5817782074333,9.939910927397172
5550,153.7398011457053,-41.29691305752241,14.234923508127107,799.6449217336634,1.1386100510908888
5551,154.26022683329867,-41.53120307470288,281.321176383092,798.718009922695,4.460492118149905
5552,154.3545901168988,-41.5732151574992,329.5184455177031,798.4336988359493,59.166196762958116
5554,155.62826718976328,-42.14152307666773,977.4280772274682,798.8148667779682,1.9898552554066233
5557,157.2455240067641,-42.842715614377184,1785.7909582425089,798.693733429003,2.669802218217646
5558,153.95528159156814,-41.3959421761386,125.5176420989524,800.140186465624,22.466194308368877
5559,154.42830549363848,-41.60860103118337,367.89011713859645,799.5259704573003,946.6303364662889
5560,155.48137603883566,-42.07842340906792,903.6886477432745,799.658676268321,4.341998095349122
5561,155.9008138925874,-42.263326694372914,1115.3584716765035,799.868016183625,103.48932622253947
5562,156.48325174781678,-42.51666562374579,1407.2470885841806,799.6431953831083,53.074071656026526
5565,155.17344657661002,-41.94477554209863,748.4789136573335,801.024521363406,27.617324529742973
5568,154.07581644153,-41.45406514976891,188.4936451675126,801.8697185212175,1.3842389325315836
5569,154.1151863273051,-41.4722944612295,208.8318933204846,802.0689649341955,0.7222426182171319
5570,154.43823583170897,-41.61837062633636,374.5014685967234,802.1872244970757,1.1425503677180695
5576,153.84201566579506,-41.349692221233525,68.7416930741748,802.7656625130809,7.566325013773185
5578,153.90937005726542,-41.38126115857329,103.69689013826145,803.2370664879559,100.9627886475558
5579,155.21322452540997,-41.965510156612496,769.5289049871009,802.5728250809311,2.2458509640032207
5580,155.31485385317546,-42.01024475356488,820.9506864010757,802.4109355353454,658.350207997415
5581,156.55317932650425,-42.55306488942751,1443.8364846577986,802.7345050979465,0.6917999421694264
5582,157.2753549717044,-42.86293798758435,1802.552650506939,802.484959811734,0.6587162158214517
5584,153.79506786045596,-41.33102514211855,45.34632015380543,804.1210722181265,61.7754978553264
5585,154.5940235332243,-41.69240171727295,455.2985121905676,804.2005332112634,3.839615373963591
5586,155.42848455050512,-42.06342994388823,879.2925037415623,803.8759173246932,8.185497349477668
5587,155.4586489265734,-42.0768788823962,894.5830174156187,803.9366814994348,4.012814864821286
5588,155.65110639959,-42.162989331394364,992.1459883403364,804.5656854229027,33.136662384488574
5589,155.768682220325,-42.2139284124878,1051.2154453232963,804.1852041029688,0.6115518505254622
5590,156.11159941909665,-42.36380066858408,1223.5686948942425,804.0602039356478,2.1337002160155705
5591,156.17749213033875,-42.392546001065064,1256.6217864831608,804.0652310301323,0.6551730129002409
5592,156.492608024615,-42.529694738156586,1414.3737071441951,804.1776893325197,7.163931909254511
5593,156.6205874841584,-42.58404279486013,1477.9644082546638,803.6576258873752,0.07806326527373228
5595,154.27920690243272,-41.553274938148164,294.96474896865317,805.4954508307454,3.03023415406066
5596,154.38633725488808,-41.59969472022734,349.29468137912727,804.5450919339963,3.13528150410346
5597,154.83926694787021,-41.80531510300835,581.2661135703701,805.7528229569598,1.938657067661205
5598,156.24320837388456,-42.42224643963591,1289.8539437937177,804.6092503494996,4.4413381664567995
5600,157.16330021853489,-42.8183470912753,1747.9638614627333,804.1478092447328,0.5150616413767138
5601,157.49732526285243,-42.9618741336676,1913.371281829515,804.7169239359209,3.505122616241371
5602,154.6268553232398,-41.710476720563,473.02482628060613,805.8805085090212,1.805573904767625
5603,154.79251263771718,-41.78436221875208,557.4320335050702,805.7258261161289,2.5956185915408634
5604,155.48009688649785,-42.09010533074099,906.4822950823473,805.8276823436926,6.908647061112276
5606,156.53587571531685,-42.5513298480633,1436.7694626845257,805.6419892733276,0.4680544574214571
5607,157.39991945261826,-42.92413119349158,1866.2778884825443,806.5853749729057,9.465654591869743
5608,157.4137921895824,-42.92838565503531,1872.6887320874757,805.7490350874665,9.353795527273782
5610,157.7101007334815,-43.054190443009325,2018.7320729567195,805.7742293879965,2.812757785296435
5611,154.34314193418265,-41.58479617115342,328.4974490375139,806.839482454468,2.6871152879624973
5612,154.9545038585956,-41.85869315998801,640.4720427730473,806.730431141381,1.0813490096133123
5613,156.41576538374744,-42.5019285588816,1377.4951202162993,806.9802881716466,13.208943017508302
5614,153.88564307443664,-41.37989057068501,94.2375677987818,807.9573506646244,0.33751639959352886
5615,155.11086515373063,-41.92997982567037,720.403044377232,807.5719377803126,133.61490481835364
5617,155.97160257964467,-42.311130960955694,1155.618738031538,808.3481669586732,0.5139049938972746
5618,156.81861059284202,-42.67730280469011,1578.7187190718284,807.6223513386291,23.93123569635831
5619,157.63026779863037,-43.02488936802008,1980.634110120756,808.0599971339127,1.8359554007289696
5620,155.33950237550272,-42.033766424389974,836.9897188181887,808.7585339131932,2.7132877704055898
5622,157.43402487445604,-42.94267197637889,1884.187034085565,808.624818066148,3.121086104663603
5623,153.9927372703802,-41.43234910927042,150.4461501027287,809.8719086911652,1.369518334608208
5624,154.31033965805864,-41.576266106373524,313.5077595576335,809.9839622385599,0.8387104339543213
5625,154.48824270565922,-41.65648897780278,404.58422539971787,810.0321110565335,11.72349244517213
5626,154.63019954887915,-41.72060054951667,477.2087841168703,810.2135645322687,2.4437807190614174
5629,156.6134440298913,-42.59314203278001,1477.720456735034,809.816664226265,0.6819140773414841
5631,156.99084180177493,-42.756175608175205,1665.6017109782779,810.0737401094469,4.882929219284845
5632,153.89223634987576,-41.38808950728701,99.15286729362953,810.5652687387646,1.305385667875647
5633,153.97392092560784,-41.42540014123231,141.23556054098682,810.6693499208968,487.17511900080683
5635,154.03988722349922,-41.456174661308374,175.39179676147245,811.0962464323948,1.624117391439365
5636,154.28683332328671,-41.56840768634485,302.25993347322475,811.3633909239587,436.1936175471981
5637,154.84356307587703,-41.817793544196576,586.4699730236548,811.0614919987449,0.2857811899291807
5638,155.22741828842524,-41.98867978331096,781.498144053443,811.065043898729,17.2176375724827
5639,155.35758370571057,-42.04522505748785,847.1175253991477,810.4985266413951,1.246540062945765
5642,156.9554341849346,-42.74270802644334,1648.4915490095639,810.9492740587284,0.11833138893904975
5643,157.11555846129804,-42.81031350152735,1727.6356014359824,810.4215152980137,4.546823882946553
5644,157.4916795561602,-42.97127516293099,1913.7191938729875,810.6962019420855,1.4338516909048191
5645,157.52127138931306,-42.98459501483318,1928.509203078323,811.0753483243933,4.170705319547574
5646,157.59717868786532,-43.017459738206895,1966.0851340198901,811.4047448367807,1.7628681367337946
5648,155.6715769239813,-42.18687786586059,1006.6313746551691,812.0650797693313,0.2912979514576941
5649,155.90861350322078,-42.290547079086,1125.892403020253,811.8731794743509,0.8793217440707709
5650,155.95686939049898,-42.31155574852233,1150.1193772347026,811.8140444716571,2.8150150232487667
5651,156.2382780727827,-42.43434512222747,1291.3037856522528,811.8003945723883,148.0950360909939
5655,154.45928232850778,-41.64943094681825,391.4963091706774,813.0291168345874,134.73674465275852
5656,155.68599117947255,-42.19445838680261,1014.2461001688821,812.6900464459256,33.87416689168147
5658,155.88158445819062,-42.280097820891996,1112.6849106668453,812.5752002201561,2.4048371384398926
5659,156.74821200738586,-42.65718527120053,1546.456572297874,812.7849101887156,4.7528931084020325
5660,157.41696864179545,-42.94447090612008,1878.1770352124172,813.212717150411,1.75448301962267
5661,157.66537005915103,-43.04960771082092,2000.5138033976395,813.0515526042752,1.274312038846128
5663,153.85197758205445,-41.37761044231952,80.71988341089627,814.4891934556681,384.6134512954932
5666,155.99103760088917,-42.33053103312763,1168.404185975104,813.8461055830485,36.35195493172466
5667,156.12031068732065,-42.38732682723386,1233.3851520389467,814.0144317360921,1.4505263174092045
5669,156.2851013290449,-42.460658900560375,1316.3827928187802,814.8001903195789,130.70524847362145
5671,156.70052871931728,-42.641949081996394,1524.1622807053534,815.478266293287,2.650976640924793
5673,153.9013194593385,-41.403105510654136,107.01130335972958,816.0238629095362,0.12053887858794747
5674,154.39589389909628,-41.62710665652285,360.86203300869687,816.1469422732381,2.2959855372347
5675,155.81311517959614,-42.257074553148186,1080.1778149417496,816.1041812894524,2.174236659544862
5677,157.62101710479268,-43.036267127693634,1980.1248410938965,815.8147260575814,2.4044052256686275
5679,155.93285247767173,-42.31048241009634,1140.6661339793156,816.5743666867882,13.749376065778293
5682,154.72286815615044,-41.77636552462932,528.5658114776311,817.3692814756771,97.99951321804119
5683,154.75570384726606,-41.79198361450782,545.5661538215926,817.8327198396696,3.7336613001419696
5684,154.8325807982652,-41.82603710866845,584.6342455500379,817.6724344107463,9.888488539507884
5686,155.17638098736356,-41.981282255067015,759.9360803554459,818.7406160109668,2.2627039305753
5688,156.42327864473918,-42.527798969990414,1387.4403344434093,818.4006885945158,2.2222170070143172
5689,157.33313090501431,-42.91854990506279,1839.381835604261,818.1686065409754,2.644987687539246
5691,155.57059365666845,-42.15634959592127,959.5820166167834,819.087924023365,1.041772206766603
5692,155.59410437937623,-42.16664770058068,971.4308293508317,819.0570126808379,3.1734079355868063
5693,155.62550606454752,-42.17919226021696,986.9148594773376,818.4096447859833,1.5074614492639526
5694,155.90270747622338,-42.301903962694475,1126.7944492926138,818.9049654584835,2.510713761922575
5696,156.4687182129828,-42.548518868343855,1410.41671413313,818.9161632893578,7.462265746862465
5697,156.56483712959616,-42.59054021849017,1458.4975073560188,819.1219198662025,2.180824395407936
5700,155.18733576447625,-41.989005346337876,766.3006089410381,820.1798568306293,0.734240755258818
5703,154.3429089597773,-41.612932198438635,336.54689894061374,821.0166565922405,2.899602195252282
5707,156.61009807811953,-42.61276370739072,1481.7887735544925,820.4632719846934,110.17947155387463
5709,154.59550747541545,-41.72737717266157,465.9176556074296,821.43692070834,216.41295937823915
5711,154.95413290350675,-41.889869531752076,649.2089813801346,822.4921766713105,1.5481831227634824
5712,156.75827817671794,-42.68013668415637,1556.5134355459834,822.194677700247,2.466934699836875
5713,154.00896629260976,-41.466156297099396,166.50149032930275,823.1339990436643,1.5209622618662222
5715,154.24066900005488,-41.57044541618596,285.23363348662053,822.8460531005227,561.6868178284639
5716,154.46393544879544,-41.67097238083351,399.4838816711922,822.7953041967886,13.15618733739213
5717,155.20709680403982,-42.00262043908655,777.6896140157234,822.6182884318713,5.7665368174732
5719,155.61057997120417,-42.180790398389234,981.6713554031239,822.5263541348013,323.255955255675
5720,156.05087907074997,-42.37411275984112,1203.2741202184757,822.6385019681271,23.606745924919043
5721,156.63861478037492,-42.63026078307204,1497.4092600645497,823.0792541122212,16.10178981716581
5722,156.72831371734563,-42.668669234922696,1541.9955880709874,822.9271519006868,10.671000351928427
5723,157.3369707251974,-42.93066586580814,1844.0729833535333,823.4755446398667,1.4876412956579848
5724,157.3840348588482,-42.951029283171515,1867.3966739860562,823.6354770333071,8.88828100378138
5726,153.9091798080543,-41.42183795077668,115.48774874147529,823.624523793897,1.0056638736756573
5728,154.90243698578465,-41.86876783913399,623.4778709563403,823.4744411102156,2.6702302421089454
5729,156.95952438531114,-42.77027747662331,1657.481261015225,824.0072273022107,6.7877233802640795
5730,157.45973656348363,-42.98363450492717,1904.8535495744723,823.8368042151803,4.688902205580036
5732,153.91765407713885,-41.427931083101996,120.50209049320247,824.7491222059016,1.8344289128871696
5734,154.6536985537036,-41.75978337612546,497.42300877232327,824.606532024864,2.4984124436662505
5735,156.03337206134196,-42.37234721586434,1196.1149297524578,825.6056773895351,152.29494170570248
5736,156.26092090992975,-42.46921246861266,1309.5213604961004,824.4276059533935,5.935641595365473
5737,154.20021751892375,-41.55853476214238,266.3452318274204,826.0396849210766,1.2600105263829922
5738,154.72438069966682,-41.79316777511192,533.9558663226113,825.4726594469521,430.5669421703907
5739,154.97780713065677,-41.90784508429475,663.3553013455465,826.2259696528481,3.3555168404264024
5740,156.38164989524108,-42.52426539191188,1370.6165651474769,825.7373226074486,98.77502829140315
5743,156.5161651185641,-42.58500600043568,1438.4531807823823,826.9665034852226,57.6507015004638
5744,156.54815040592084,-42.598217880193715,1454.2367218303289,826.6480178403243,1.529974774699208
5746,154.05951374755725,-41.498890564649855,195.32625169838985,828.0591812065302,6.877459781908246
5748,154.61858580048218,-41.751146233878316,481.5499748844221,828.1763920040568,2.2739307379985956
5751,156.242391421738,-42.466937959134114,1301.8376771649102,827.3488921853585,1.4842269038836484
5752,157.2438832467086,-42.899536644429546,1800.3599293231255,827.8174586598262,3.163061988108945
5753,153.96057721274042,-41.45581864016884,145.02387561926878,828.9590483380917,1.7418589503916877
5754,154.5395535669936,-41.71686905613668,441.5509203465639,828.7758806193566,487.69604518876827
5755,155.26657928456905,-42.041664631408686,811.4067680205754,828.9937095510124,28.00337165014762
5756,156.27989823965444,-42.4860382141674,1321.3743835487137,828.754683429139,6.18561309086525
5758,154.27010438274633,-41.59753792683499,304.3155899580989,829.7726711921463,1.9458236455837508
5759,154.75183141434465,-41.813803382768704,550.3342850965307,829.6692873640383,1.8194740031858547
5760,154.7819252030214,-41.826550571559316,565.4584720734321,829.3111134900726,0.7757874882016274
5761,155.23721488954516,-42.031298182684324,797.2826211662031,830.3274820102072,4.643613603001185
5763,155.79066143117728,-42.27491872689261,1076.5877407421174,830.0665058852055,3.574271409891344
5766,156.6135204332371,-42.63316855632858,1488.6468011316738,830.0266967174193,3.883605486206057
5768,154.29698485650292,-41.611524698017,318.61982067765706,830.704849521915,14.763090904045118
5769,154.4975171811463,-41.702354931504985,421.3386168404364,830.9719257306572,3.948929627238306
5773,157.08936344163857,-42.839050675746556,1725.3830966858966,830.6395252408707,1.3260148421383005
5774,153.89303029286063,-41.43223548139107,112.36685668860294,832.515347849273,1.8965106938090035
5776,154.70260723523222,-41.79643868580845,526.588584806354,832.0145244173101,22.34216719626807
5778,155.93165756741527,-42.34067642194772,1148.5876025830355,832.0649665666826,451.7738766046915
5779,156.8583199812437,-42.741807759449614,1611.284989165209,831.6004378732166,1.990146125881742
5781,157.31777578113224,-42.940666607935746,1839.440921018964,832.6822756792723,1.4973083052826066
5785,155.53692151294086,-42.17113930391234,950.8913575035565,834.0149596876563,0.5984335517263171
5787,155.82577956249384,-42.29841350851051,1096.5083960342633,834.1438399748625,1.6403437873244535
5788,155.84438273309524,-42.30544647016538,1105.5522429561827,833.5772875527099,56.584211978570245
5789,156.9771850508472,-42.79719318812044,1671.4536554063197,833.7880446255256,4.118479121049557
5790,157.61083756017624,-43.066605148434924,1984.2777637111872,833.3774241129926,25.389106263704218
5792,154.1063523510948,-41.53415649169317,223.45706951444106,835.107994603472,9.42736870279111
5794,154.87025083389187,-41.876747631331654,613.4794163428154,834.7075856832299,8.602974376732229
5795,155.4271681608362,-42.125633125203294,896.2850079610959,835.4927651759465,737.2356194127129
5796,156.14054371500333,-42.436944187853214,1254.784711187737,834.5987909590472,3.17759620962394
5797,156.2811577499678,-42.4990338907815,1325.4246115907547,835.0382466015159,14.289012018273313
5799,156.76507829516217,-42.70781236066735,1566.603646705844,834.7040579401468,2.2214254853494313
5800,157.03483003716488,-42.82558304263909,1701.0215816655382,835.6447532040863,0.48278848362131993
5803,154.15671091556572,-41.55864043840014,249.78069288147628,835.9603728575972,1.5650540597764386
5805,155.3023226608461,-42.071508583879655,833.4564768677684,836.0449212927302,6.087238339401091
5808,153.79537007172502,-41.39614936028502,64.55349816720016,836.6908081539395,25.9149736564637
5810,155.381576042264,-42.1082242542112,874.0105631800191,836.8734624641469,1.2845049101256916
5812,156.3522608902994,-42.535003871680075,1362.369050746944,837.6009364033208,15.068464305083294
5815,153.96280972004263,-41.474761739827855,151.4054318289529,837.9484106855934,1.0532707643496395
5821,156.10242222257446,-42.42817547316727,1237.8469361425798,838.5622589299854,1.9601993387763363
5823,154.02000478067387,-41.50318610010855,181.5084441922084,839.1927087043923,0.7025009653663372
5826,155.47182329666052,-42.151109830734796,920.4624952793607,838.3912606319193,3.4155202790613126
5828,156.60192465987956,-42.64580853070401,1487.674219851194,838.9448296693116,3.969761253844736
5830,157.14327557149358,-42.878176738879176,1756.3833646880232,838.764424064898,137.75203970706988
5831,153.70700316035922,-41.3617861097557,20.770720742491843,839.6434167489949,40.86897947646319
5832,153.73940494094566,-41.37645481286847,37.433901704402096,839.5936310406137,3.280853633172195
5836,154.90034689893403,-41.901672147364835,632.0620825954361,840.485737147147,0.9588520305327876
5837,156.18064036352624,-42.466223656789914,1278.1244049828565,840.5562335147216,1.7117272714485172
5838,156.39799563098143,-42.55914511539135,1386.3942586709782,839.7682616923129,2.706003336739294
5841,154.9719539941264,-41.93343313421962,668.4048830084728,840.4041729029316,4.792896270982059
5842,155.0840809862232,-41.98369545836432,725.4267197301771,840.5849769032632,4.06288301830041
5845,156.7549209406027,-42.71486416042232,1564.6502040716064,840.4805826695234,249.39282130060025
5847,154.23156463916382,-41.60494908020321,291.7656793225628,842.2219481006722,2.2514556625112485
5848,154.37541645798515,-41.669145529336326,365.1955007985653,841.8805208541082,1.1748057356338997
5849,154.79682031743468,-41.85829231977271,580.2133925764468,841.9169406016014,0.6861680067599963
5852,157.52948409898823,-43.04869369273153,1948.625517015521,841.785863076113,1.2491244068223437
5853,154.3532598441372,-41.66106732401976,354.41312225160107,842.8357911204108,21.968556402316757
5855,155.32972630433693,-42.0978861625728,851.3387842459999,843.2153006301903,240.5640088173568
5856,156.00797726859957,-42.39574586576799,1192.9165903288674,843.0042781745515,1.9164711453885812
5860,154.8861164837471,-41.90240115244361,626.845479582704,844.0437376682466,1.1818364625516617
5861,154.92344438837546,-41.91945650061911,645.9347704858875,844.2475054737345,0.6895630485119467
5862,156.7872313425307,-42.73500647118174,1582.399069718021,843.6275232509959,9.092485913211219
5864,154.54041952119272,-41.749419789376766,451.24716914831833,844.9273666663572,3.8710709035252613
5865,155.39178370975742,-42.1284725960583,883.5997032147123,844.7950146823912,1.2152621170903153
5866,155.6067946621374,-42.222562102125565,991.9180356826525,844.4098235057389,2.308109479563948
5867,157.04799137147464,-42.849549273194796,1712.4698006720698,844.9159357700812,7.458846322154141
5868,157.24011045960626,-42.93108982926396,1807.3596902764284,844.6050923181675,2.438555287220385
5869,157.3875913472212,-42.994873858510495,1880.419353004982,845.0730075611388,58.278071611384426
5871,153.99762828557726,-41.50562286773141,173.68659013848162,845.5015528273199,251.1791584928618
5873,154.80994754815674,-41.87294750635933,589.40544240924,846.3337836056729,286.95586056808725
5875,156.36273809658425,-42.55553031568147,1371.9839549922833,845.6675524314437,3.841577435952861
5877,157.48957628807042,-43.040039712554,1931.1691933548882,845.9861072564254,2.887373825892071
5878,153.66439606699635,-41.356436125754975,2.9524234379964978,846.6971902403701,0.46992679172554425
5879,153.74612371162019,-41.393018683912274,44.856618114273,846.3585491952206,1.0930726785928202
5880,154.4996355363175,-41.73499277036803,431.54705963295197,846.8821444338736,1.8282523432268358
5883,155.5320349522185,-42.19464303848028,955.619060693364,846.9374650588071,2.952319729436928
5884,156.29856319899326,-42.530173882685325,1340.6031210881406,846.9374857774008,2.154261038259993
5887,157.6169074659597,-43.09644267543363,1994.4716278019878,847.1941176285227,5.917374873420921
5888,155.07993152727616,-41.99687082662838,727.5834549258716,848.1394742344311,2.713162042504072
5889,155.6294894161287,-42.23895164964538,1005.1473676679949,847.6336865738178,3.9187841411624262
5890,155.8349770201328,-42.33046128904524,1108.9252836046858,848.265526719289,2.4371707967304688
5891,156.22898196565023,-42.50160237515863,1306.2668527228407,847.7886865538713,6.715837479843472
5892,156.9866732851164,-42.828788170708194,1683.5708560652884,847.7098656362317,2.6664847130997673
5895,155.7356856705782,-42.28882361004447,1059.5192020870936,849.2381898420089,12.529365386099252
5896,156.33377988226874,-42.549466774971606,1359.300472003976,848.9534596783652,2.0004139874935176
5897,156.94692584211526,-42.81435785561809,1664.5707252096774,849.036879236193,2.032940071144063
5900,154.0303575351704,-41.530124909428345,193.30658884398582,850.3471024728649,0.23975634664721013
5901,154.1603503784218,-41.58827754159768,259.7773967073762,850.0011031487985,13.68100592052763
5902,154.17360968307725,-41.59349306763471,266.34643657023685,849.6105346344132,6.001381512211972
5903,154.60445981021496,-41.787049876032114,486.4756880324102,849.3926140692334,6.942102751307707
5905,156.16448429636748,-42.47691291154528,1274.9188372901456,849.5007822336719,0.5880064187098626
5908,155.02135565903953,-41.977287199196624,699.7025136079322,851.3940943553959,464.39278553255707
5909,155.24931045319215,-42.076984959335626,814.8008519059463,850.6194433306949,7.786954988826546
5913,154.28822119746604,-41.64989726790158,326.38779930557286,851.9444385000039,52.81593147937423
5916,157.33478281150033,-42.98718728059725,1858.3075580986635,852.5665959902612,2.8808247361695547
5917,153.83129537475813,-41.445000535824015,92.56208670201552,852.9788597922552,11.720273875738249
5918,153.8910975928192,-41.47247141738381,123.39468738149061,853.1225528461141,11.385436108078352
5920,155.39997226435312,-42.149072736397514,892.5154302811809,853.3431804638516,4.0500348571962235
5921,155.66378529449725,-42.26505604455296,1025.504799395609,853.1836763470286,1.3677274741390322
5922,155.811124826275,-42.329505451871505,1099.576918397035,853.0550054173463,4.055420290908151
5924,156.67948675594417,-42.70674965823293,1533.7538313390414,852.8154584980795,1.9909239544816402
5927,156.02643888043326,-42.426450348256566,1208.440849349536,854.4215370890362,1.2604622333655344
5928,156.5336186181847,-42.6456306817313,1461.6365640005424,853.7735835190697,473.2845839483545
5930,153.80015182138908,-41.43638840140741,78.16892216845845,855.7627929873047,3.487731510061838
5932,154.23092650847573,-41.6296899829723,298.695706205171,854.7787958644819,54.02125585467619
5933,154.4641965011736,-41.736148123514965,418.37237548242285,855.459329120946,4.943356735102499
5935,155.4317641476546,-42.16638556518991,909.4928819226426,854.9880426607003,2.5451085746767537
5936,156.0041428657464,-42.41785755527253,1197.5765437188227,855.0001894749383,1.360354549793243
5937,156.36186266242655,-42.57316665647737,1376.4839589121386,854.7626424611566,2.4958664594350783
5938,157.1037390375256,-42.89354620964996,1745.4756732162782,855.0987132471721,1.5621900444184527
5939,157.19059522928376,-42.931164333005256,1788.561953537808,855.3435357176432,7.904218732472572
5940,153.83777759734198,-41.45318440103665,97.4288198752846,855.6024861103913,1.7926666101984465
5943,155.10419193734722,-42.023501875755755,744.3799811683077,856.1101284676266,8.42384836829995
5944,155.27272382808934,-42.09708961240467,829.3969070509123,855.5158591105467,2.140397170246438
5945,155.9736973261664,-42.40584477577474,1182.6614421766596,855.6527738639302,5.517054835993199
5946,155.99082732170618,-42.4136934565328,1191.3553956874446,855.834656317312,3.4087519218098348
5947,157.69217916468207,-43.14557790605253,2036.023793239577,855.9446158953153,1.9173314748573256
5948,154.50242745766002,-41.75599183964664,438.65817819842016,856.7953424153928,5.4199781616757665
5949,156.22585448233602,-42.518447079922986,1309.7100225216502,856.9754883293598,1347.5894889771828
5950,156.80004829444349,-42.767515335103845,1596.0741596266528,857.2708584894503,2.45861900088807
5952,155.00959160098864,-41.98556264320434,697.57212682421,858.1877723145624,2.431826163258248
5953,155.35895641316657,-42.13922542788885,874.1215245786443,857.5134398222106,742.5428012135238
5956,156.9754262632505,-42.844299404402484,1683.4717755086801,857.9942507380728,4.377636714579756
5957,157.16188230854996,-42.92335372023363,1775.5606648475111,857.5994340318682,7.425590373032626
5958,157.2633293235835,-42.96639836173989,1825.6156623327536,857.4619835063563,27.136936151803162
5959,157.5073670214463,-43.0714426419897,1946.2548829617817,858.0656953751449,3.4716726702758445
5960,153.7209640427522,-41.40741487324602,39.491448700291215,859.312665747769,0.2763659331607493
5962,155.19191820685,-42.068254408662995,790.4701508181558,859.0298298831606,28.416490164201853
5963,156.88573396468013,-42.80795573364467,1639.580075351217,859.0872180454948,1.7051615562897202
5964,153.90271059847134,-41.49114264635654,133.27862567173008,859.8361747877136,0.9042038511489943
5967,154.6090561351173,-41.809562782273,494.69262293326847,859.6637772263613,1.0260770457509656
5972,156.43800893156637,-42.61598247103221,1417.1718075307595,859.7064299397364,9.24372332003742
5973,157.2382738747248,-42.96086469370687,1814.619017993747,860.0718092991534,54.90063448007942
5975,154.21638694710583,-41.635123766763265,294.73032799022167,860.7981106005897,8.684973229227129
5977,154.66990563404025,-41.83941016609781,526.4405154452222,860.9589373941247,0.7422326900366628
5981,155.7702881393728,-42.32697106950813,1083.3243607156662,860.8059278087762,4.66551513660524
5982,155.86178606723362,-42.36749078198264,1129.4239893609474,861.0081561782736,25.913596533520316
5983,156.41623625271998,-42.61027418274321,1407.3289644068834,861.5890211283685,289.9805946800912
5984,153.7887943596302,-41.443912349432686,76.04537662075953,862.1218309042822,2.708221421001028
5985,154.68224661000662,-41.84653654255916,533.185027258815,861.7624821772904,2.1286925971743074
5986,154.88139102595906,-41.93600685902697,634.6276765439999,861.9945929189662,19.73669873369517
5987,155.50849188376034,-42.213508349248976,951.9427841143341,861.664643203708,0.9035320239293345
5988,155.6082613611281,-42.257880078085705,1002.3572832998983,861.8740052353508,4.085041365608601
5989,156.02387878843314,-42.44064800415287,1211.3933209024278,862.1451175190693,71.27346561688795
5990,156.12487538677897,-42.48536171574755,1262.1740443982912,862.470831985577,0.5883409387272979
5991,156.50419484061726,-42.64933760327286,1451.4563675628199,862.0754622137991,2.3616935391720477
5992,157.53698123775712,-43.09134636132308,1962.7733938803824,861.7810740996524,23.250790673627503
5994,154.81702251008167,-41.908461842567945,602.2466161760311,862.5920852250557,50.709764849870595
5997,156.20848931365106,-42.522840755503076,1304.3116274134636,863.0052913052717,2.1107115392437183
5998,156.85946515608296,-42.80431798552561,1628.6126418606727,862.955477099248,0.5931276495106664
5999,157.21050566568076,-42.95473191599806,1802.4311132891507,862.9667505358461,5.351250078727553
6000,154.05621457655306,-41.5684732220516,214.33057536633973,863.7007355706841,2.8501219591671942
6001,155.5328172702395,-42.2287822573395,965.4868399796667,863.9553380331018,2.6348085516227497
6003,156.81689003425987,-42.78728314886207,1607.8250285690485,863.5994853002802,1.5935383205077005
6004,154.8905219679875,-41.945440495902986,640.7953233884417,864.6886568097881,4.116414996631665
6005,155.47190259297344,-42.204559994410594,935.5008302590529,865.2856888669693,14.660160275159695
6006,156.04442460623994,-42.45526314292917,1223.2524121071854,864.9911277202897,1.8823622748854165
6007,156.064722973331,-42.46465907466707,1233.5721452505625,865.2615161218695,1.7039257140145316
6008,156.17721255429302,-42.51420965512993,1290.0367981008146,865.5203138723206,3.2240740500265463
6010,153.8851829100396,-41.49456830257014,127.6010309070938,865.5428429775483,491.2355349218151
6011,154.14136226610026,-41.611636167180514,259.32635989308113,866.0221600033668,2.0194472810868604
6014,156.2656520123073,-42.55387681958494,1334.5900787849962,866.119276242687,3.024204834001916
6016,157.39683562312416,-43.04049285767813,1896.0668166022833,866.1803537686363,246.31803682533786
6017,154.02276784000628,-41.56084652710634,199.36572467686133,867.4736180092441,0.33344790401016905
6018,153.86035540544682,-41.48821512497063,116.28374056945295,868.0123261009887,2.7311703250716213
6019,155.76457738729823,-42.3387827270403,1084.4403830714043,868.0203597994487,2.1042063747942605
6021,153.67658251082923,-41.40597418185281,22.15732188252313,868.7236023098366,1.2236091517148036
6023,155.51361150182902,-42.2306523894165,958.6997002375296,869.1599767195554,0.7267260897605087
6025,156.711906015935,-42.753254546086204,1558.702911190581,869.2495196157827,1.5630433886250281
6026,156.734329358644,-42.76239385332514,1569.7042185480798,868.9847245198938,1.4433325821337104
6029,154.4130016136456,-41.74210902719589,400.5858140253768,870.0086785054172,1.216581763940606
6033,156.2232911155552,-42.54342672887215,1315.605230289779,870.1419932761345,39.463808792888415
6039,154.7513257148181,-41.894900963409974,573.346714626578,870.5300879452591,15.515780937356826
6040,155.6030364092574,-42.27246218729188,1004.4472933230631,870.3762965129116,7.905419072087818
6042,156.3677911599427,-42.60796421292065,1388.272425201261,871.0289471448474,10.829480455389193
6043,156.55215334700276,-42.68849149842352,1480.3688791584148,871.3717436158203,6.994497480171038
6044,157.06975673468938,-42.90961295457172,1736.8761787403205,870.5833832407943,5.684035293046284
6045,157.3769207364045,-43.041016677711845,1888.6450376852765,870.7355100563707,32.539471816121164
6046,153.7827009018893,-41.46136675398531,78.8391912754759,872.2549905636167,1.0695922258635087
6047,154.89291038675364,-41.96007203599149,645.8755103497829,871.5066897635814,1.484557682061015
6048,155.38780243566976,-42.17978851537921,896.5225355951051,871.510554651062,465.83610127540004
6049,155.41468374821073,-42.19285002066829,910.4285734052042,872.1070340550543,109.47192913748631
6051,156.2368557670191,-42.552483839056876,1323.2546846694736,871.7345635702293,12.320612487397257
6053,156.62786525648727,-42.72515528942911,1519.1284122883715,873.3688379181266,5.181783515190395
6054,156.67235017232815,-42.743436459032445,1541.0036860544476,872.9064436076184,24.391426237566982
6056,156.9719725877003,-42.87191242637151,1689.594350850008,872.7065079887307,1.0306908656167142
6057,153.6572833622672,-41.40783215536504,15.351521046851499,874.0615143666383,1.690022955118187
6058,153.81306271926218,-41.47872036480712,95.48865016353432,874.0282843412842,38.85188108637346
6060,154.5787450901943,-41.82512733167329,487.61694136675385,874.305223395874,22.244175480895617
6061,154.76955185234513,-41.910604897374164,584.7788531591169,874.3257292558515,2.348619999913225
6062,155.9869191311201,-42.448394206056875,1199.4744444220419,874.1921025628509,117.09744315556574
6063,156.32603687117071,-42.59503812618637,1368.8526046142563,873.6516542110039,5.245710424785885
6065,156.87463980277067,-42.83164779434005,1641.7602179448304,873.4740522534643,2.274549299696527
6066,157.0554786418684,-42.910159437673364,1731.5995389750294,873.9515727588264,4.913048105542635
6067,154.38792421221152,-41.73995389618763,390.41210242146764,874.5905884944129,2.2154553374915076
6068,154.9728759799295,-42.002650841366574,688.447340014292,874.9960036130985,10.047859894431637
6070,156.3410151061662,-42.60426263001784,1377.0768179169925,875.0253989863094,451.7708645572084
6075,156.4014774997614,-42.63349729963261,1408.0706414800597,876.5423666449012,381.15639637294345
6076,156.41590977646723,-42.639196602148886,1415.1165021479505,876.2611783086638,1.373884241135724
6080,153.66270193652153,-41.41598134790077,19.810782823048587,876.904619485348,3.647155145261734
6082,153.92644977915126,-41.53670600914852,155.63386434606272,877.2682578993695,5.001022906652046
6083,154.05682957760766,-41.59542373540722,222.4106982870538,877.0724584133453,351.4151269777907
6085,154.6133707864114,-41.84551078006055,506.6567882728575,876.7440945283838,2.5807935120286016
6086,156.16637352610078,-42.531997812914305,1290.8131301632384,876.8746180387664,0.43267653640171694
6087,156.18920431755748,-42.54328766223251,1302.603600165631,877.5553429539491,0.7309117584777874
6088,155.14155725365754,-42.08340867024,775.5824599751155,877.8924705029173,7.417435754683745
6089,155.1849633518333,-42.10263302730436,797.5454959898022,877.8742968187955,16.39217960688283
6090,156.64366654337,-42.74135302942896,1529.5366963312783,878.1055689791999,168.08467297175542
6092,157.27743261715642,-43.01290419895704,1843.3853030215637,877.9552013848283,11.730533834504252
6093,157.33814635608167,-43.038684974904136,1873.3050249995104,877.9106508618172,59.94234183941401
6094,157.60076196282196,-43.150068900815995,2002.5161061693138,877.8294241619064,28.94721861653113
6095,153.88051988294458,-41.51990794481116,133.2330587752529,879.3013791635302,2.2851151370416454
6096,153.9886344433513,-41.568557940365416,188.6115815274392,879.0940485203535,1.7704464915669487
6098,154.16184285518716,-41.646419102803236,277.2296131465291,878.8218133186367,1.2871754866581122
6099,154.5984640098595,-41.844066231926234,500.5658165905939,879.3742557888859,10.043977288805989
6102,157.36341208538067,-43.05073018624102,1886.1020420719906,878.563149239202,14.955315162281863
6103,153.7402446593376,-41.45738125318111,61.49970055174063,879.9399582045763,3.333194829228185
6105,154.33145456294247,-41.72463986913562,364.4824183711371,879.6663547960277,1.6043445043576707
6106,154.3630406482376,-41.73873133770417,380.58263627030607,879.5983573065413,1.917412342022697
6107,155.23536893424725,-42.129470744303994,824.316490381972,880.1332903159721,2.715321597233149
6111,155.93705324098224,-42.4371327698239,1177.3873030667844,879.5046594408982,62.96958263979864
6114,156.46143047189827,-42.66991870678167,1440.8169642452933,881.8145901453075,0.919763502520571
6116,156.59384481011296,-42.72550066567454,1506.2929626345392,880.9633817837426,6.783779629349672
6118,157.0499208326678,-42.9216225009129,1732.5675928357239,880.9524525666392,3.1294729268658035
6119,157.08631956262874,-42.936531446850196,1750.3912521529453,880.6130340576057,5.8638902997160915
6120,153.6544802590365,-41.422266495214345,18.527074927875898,881.929272519524,4.247330052725777
6122,155.27499610544783,-42.15078973426603,845.4162024229122,882.0277606832151,506.48103381737656
6124,156.1715639754387,-42.544730392817854,1296.2932693730684,882.1569811229493,3.631106390563115
6125,156.90303986308086,-42.85960615692304,1660.0936095634218,881.4403817528647,7.602984067008049
6126,156.91703729023507,-42.86799171503151,1667.6712571265095,882.6414507996121,13.819019834581653
6127,157.34826447688292,-43.050767326835974,1880.3628707987864,881.8457625455419,8.983038250010628
6128,157.475854603779,-43.10503099447267,1943.2005231836015,881.8523851620209,3.749738658026933
6129,154.6274937306515,-41.86438336807964,517.450411494005,883.0422382976305,15.189733551824803
6130,155.39245725637295,-42.20487936171353,905.3520806154329,883.1027783972061,1.544213223202421
6131,155.6728110367023,-42.327727004502094,1046.4406423959676,882.7533364037796,2.1899204565546024
6132,156.08075559367026,-42.50582135246355,1251.0375354075347,882.4919214194948,4.7766572694436915
6135,154.22697106728424,-41.686317434554326,313.60399801505645,884.0785646005969,1.3566543098510053
6136,155.85293706346735,-42.409382906599504,1137.694570216128,884.0744034101432,0.4212183028935556
6137,155.94152618794334,-42.44753111333657,1181.970225093212,883.7600164635318,3.901021246748672
6138,156.7077732935736,-42.78007215996282,1564.4067472770796,883.6985204186342,1.1904735070058114
6140,153.69339808622524,-41.44640298731254,40.438193851960754,885.1302518296819,9.786373173552608
6142,154.5510328342722,-41.833762063532255,479.54654988994344,884.8819247237661,14.223664500408564
6143,156.82582428267176,-42.832623936085675,1623.479754271707,884.5729008246499,3.6918571445459962
6145,157.14043439971738,-42.967983037428915,1779.3685315907546,884.8158787744022,2.3868868155113834
6146,156.49903679070704,-42.693782005539894,1461.623002979019,885.6438166417529,72.7228006714989
6147,157.51279280289344,-43.12990615576638,1963.808451672027,886.5084619057876,639.4565265030689
6148,154.9970372100345,-42.03758432627601,707.5761503233683,887.148892395974,1.1359519193648075
6152,156.97867726260142,-42.90270289156146,1700.4287609043822,886.8209321497158,32.03383049177284
6153,157.03721680726682,-42.92793220843971,1729.438861226056,886.8943347148595,2.510627353954807
6154,154.1730683708503,-41.66870346071176,287.97260022366004,887.4525954449613,481.8635670454005
6155,154.58595001329175,-41.85607525105802,499.2503684796264,888.2206652891441,5.768494382595505
6156,154.8344576451855,-41.96683581100918,625.5510852798081,888.0101712400192,65.10985834022212
6159,157.06922430852114,-42.94475873555533,1746.1085984007107,888.4738488358222,0.6915337160936124
6162,154.2951341218203,-41.727498504848654,351.48043711109875,889.3117190409996,20.29929995299592
6164,155.80703361613067,-42.39927315688078,1117.4272431369338,889.1156953594457,0.6754588217357854
6165,157.4008273228273,-43.08609553808136,1909.7064753558345,888.4078072379513,27.064267369799403
6166,153.7230721341047,-41.470179570679335,58.71593933240656,890.2661921797664,394.11171173841296
6170,154.91101095921763,-42.00467495568693,665.4741728789834,889.865504357897,7.091402034634146
6172,155.3908908440207,-42.217780277239584,908.3844443518008,889.9431158579574,3.9254643111694723
6176,157.10265776252294,-42.96326884479226,1763.7653464419775,890.6009470352703,178.0735040120394
6178,157.42386763355466,-43.10098608427771,1922.4037875637673,890.9870809727829,6.293860569577667
6179,157.6542470920882,-43.19823136706311,2035.5190178637358,890.7557609738994,1.1315703555472516
6182,154.5134760693015,-41.831414309893454,464.57497927411765,892.1650650289702,11.547527544022582
6184,156.32355014550865,-42.630110112461004,1377.5236269024956,891.8947006819947,1.0804845440248905
6185,156.90670075238512,-42.88156888198805,1667.406963161418,891.7475371380125,6.240038895670281
6186,156.95390626343593,-42.90160074830054,1690.727154263876,891.6340371730887,4.279391235990474
6187,157.07511297830268,-42.95496533788057,1751.0830222614554,892.3610372934695,6.930089827123977
6188,157.21021931443286,-43.010851151364555,1817.3260283050631,891.423763388452,4.528599152335885
6189,157.453455068753,-43.11570368358945,1937.5344541897155,892.0732079487723,4.157691327439549
6190,157.5242017545798,-43.145877076315344,1972.3661384121917,892.1448322298081,4.689252617232074
6192,154.42770886054095,-41.794645338853876,421.33968371476413,893.0527894887085,1.3814756086361544
6194,155.783400646817,-42.39630153680177,1107.6138197725982,892.8390315441744,2.64729940523723
6195,155.8593759708019,-42.42879400816985,1145.5343163113027,892.4347154726505,35.69907454783202
6196,156.71525963039582,-42.80182496690451,1573.149333534982,893.057828444176,11.553867745742473
6197,156.9926698538397,-42.92147755269661,1710.792300740677,893.2805473348202,8.141683781177216
6199,157.59018307838934,-43.17421319766677,2004.8846668117326,892.3293747041811,3.7613079720480056
6202,154.9771537175043,-42.04214648740483,701.3064804631284,893.8901084379102,10.691258493731558
6203,155.17678964784008,-42.13107935644249,802.4803312689183,894.0037323450188,11.889381483908265
6205,155.67487620491352,-42.35045950302439,1053.5711608279275,893.7451406116861,1.6133938698674293
6206,155.73994669590599,-42.3787647207184,1086.207739978711,893.6084264897257,1.35081611559748
6208,157.27868226675014,-43.04448840694021,1852.2856502040904,893.668624129463,3.6848480711535676
6209,154.19982561560653,-41.69729587538429,306.45301659360405,895.7297642470609,4.286707451355507
6211,154.67775404880862,-41.91133992641249,550.0442969354373,895.317857312829,1.4294057262118338
6212,155.0649014521934,-42.08339297641554,746.4057886429807,895.004131502454,4.002897759324671
6213,156.43045431050814,-42.68270525050044,1432.540060369052,895.0413686030273,9.415732343637785
6216,154.23726434309452,-41.71495252202647,325.8203727302429,896.1096077111714,0.6052497361328836
6217,155.29308475627988,-42.18535784250502,862.0482441248398,895.3893683276955,664.3231169437126
6218,155.40007108333532,-42.23402885133438,916.4454445463942,896.0788606647784,8.40304439141051
6220,156.21250242395038,-42.59012012073709,1324.344526044865,896.0648526895499,1.8767433540723666
6222,157.21286557840813,-43.02246713824756,1821.4346725983642,896.7290188121676,5.93432558251018
6223,157.43679088865363,-43.11726712082404,1931.6289934576198,896.4489011411134,11.342701086872243
6224,153.82719759560422,-41.531956913185816,116.45638928084334,897.4762548235329,4.7941304058651655
6227,154.031505438974,-41.623965157420635,221.07881326215536,897.1273062042006,0.5610509236143763
6229,154.64350736945684,-41.899176317530014,533.5256054931633,896.909717574574,2.9557272304235025
6230,154.79618589963664,-41.96694922718513,611.0189137148825,896.6515552285706,0.9371545697559114
6231,155.01326147133094,-42.064155053926946,721.2986305620026,896.8757681956831,1.9788967177528136
6233,156.33753344634655,-42.646417386241936,1387.3065245207852,897.0606406358944,0.5527589028526849
6234,156.36009109684773,-42.65553842741803,1398.375411747632,896.724550634663,7.6557297647113645
6235,156.60184520873727,-42.76019286446791,1518.770625117792,896.7383398123366,7.097428470808385
6236,157.03058053167794,-42.94468776252194,1731.421327435001,896.8038257626163,7.270755492313926
6237,154.16013244907577,-41.68393164627531,287.4684546633383,898.0186259939911,5.903258050415241
6239,153.77670658990644,-41.51204149552844,91.40719188801941,899.0025610179453,2.964187973409615
6242,156.71949387752636,-42.81475690731405,1578.2631134112223,898.668919272677,3.491758855262439
6243,154.10543145961378,-41.662871472901955,260.53326522525555,899.857715518431,2.31487858097917
6244,154.75370264760667,-41.95412279522902,591.1889149030112,899.743037941669,0.7049225183052774
6245,155.31908060430143,-42.20499670425577,877.4710367826707,899.4828231944077,1.6730361449006568
6248,156.64606233313523,-42.7849125042052,1542.2817054385466,899.5843713005507,5.765475365629124
6254,155.9048850392116,-42.464797291390305,1172.8258896157117,900.5392755708566,13.448686045561992
6255,156.00939906178633,-42.510950997095655,1225.3289094311199,900.7780193682296,0.8515881981659429
6257,157.56766875619545,-43.181917441109206,1998.3850256911046,901.0627363750398,6.143872797350171
6258,153.69385343778592,-41.48010663331173,50.50830955545451,901.9020239658643,21.31788050388207
6260,154.17875063410716,-41.70032063453986,299.3098539333189,902.0185859269834,1.2643167200244607
6261,154.48550035045258,-41.83862032292108,456.0026690725787,902.0865155248142,5.776000268553479
6265,157.60942131639712,-43.20125154719533,2019.321931158728,901.8967915159068,14.048621711317379
6266,153.70290507278875,-41.486787431963215,55.91421283297588,903.1821058006929,2.9945412259446647
6267,154.2642880491683,-41.74125790405444,343.72274074261634,903.1882467225602,3.603802459323106
6269,154.9208988295618,-42.0359908256158,678.1534392393174,903.386957423071,4.382365379960415
6272,157.4073390852479,-43.116343425499934,1920.2146449991635,902.3175861911216,4.559696738791546
6276,156.14288910188574,-42.57512483436926,1293.7660555281202,903.7834710651687,1.831638725475952
6277,154.9771232285502,-42.0643035223395,707.5937857003989,905.0321479369545,18.79837437014773
6278,155.9808963527239,-42.50619789685324,1213.182452794882,904.6568397248958,60.50913792127061
6279,156.34794621116035,-42.667253216338125,1396.9704000406157,905.2941322155199,2.939463753848218
6281,157.4918012577509,-43.15773051501516,1963.2206895240224,905.1075701790978,4.651226294830638
6282,153.90970309242994,-41.585865132827784,163.61522790719778,905.7075461864239,26.338113860238003
6283,154.12794776992357,-41.68484577583987,275.48645423186224,905.7693100897483,46.91746334819266
6284,154.71988364678336,-41.951779040313056,577.6525463736527,906.1591320695686,0.8927350836434571
6285,154.77170605384433,-41.97509007303128,604.0315624907789,906.2328688277902,29.33676775634971
6286,154.93374444291453,-42.04666689580615,686.0782985796328,905.8757662810893,0.8607300875263619
6287,155.88013512521118,-42.46504592394623,1163.4884216386006,906.1218319855749,190.95925483321466
6292,154.24918136651567,-41.7410075631911,337.902350403018,906.4794713364885,1.4585546133619367
6293,154.42778172648008,-41.82167747593298,429.1614283378628,906.5997804271553,6.127604969882574
6294,154.4541763987076,-41.83353581292073,442.62064352477825,906.5968264024706,3.2389407509959343
6299,156.23540519896898,-42.620417012843966,1341.3740230773174,906.3227776873,11.523814326991554
6300,156.37909048172025,-42.68358940688461,1413.2715756567834,906.7216186219928,7.994759395771334
6302,157.1265970077058,-43.00612767315474,1784.3351612092818,907.1000163504499,1.110258164889962
6303,154.33952700828004,-41.784929244329874,384.9796512490724,908.0860972893308,0.8141810149221492
6304,155.04917417088862,-42.10137868631947,745.5257018939067,907.5587393369156,59.92147050492032
6305,155.3310594589818,-42.226016559591734,887.9470731712445,907.3919333709152,4.259303669189481
6307,155.6849475803683,-42.38278639551105,1066.419920954946,907.7963040870944,4.069076333845986
6310,153.72810244680912,-41.51023277938648,72.38170243818492,909.1748173043974,1.5257572584156627
6312,153.93880401423985,-41.60529448132872,180.35988817560892,908.8263035301543,1.4356181063016211
6314,154.36851478215996,-41.79943488471228,400.1971094887337,908.8161560456368,1.9863345737969036
6316,154.6385585744288,-41.920221271907515,537.6774843856206,908.5881273123716,1.077611013912962
6317,155.209981617082,-42.175263559939786,827.594067827809,908.8226414819751,10.027088456545126
6318,155.89037683558988,-42.47560041209303,1170.3085012206031,909.1815389526736,4.0644862205944365
6322,153.8420298172038,-41.56339899002963,131.30044912661876,909.8481874615604,5.378834831271577
6323,153.86825527964706,-41.57581372635272,144.90838152031858,910.0990594196899,8.101858833378644
6324,154.00391022983058,-41.63812729621513,214.70344047430763,910.4887662154091,7.913563806451887
6327,155.523114826191,-42.31546599443143,986.0865435747099,909.746680158619,0.43315359667939524
6328,155.71679354108122,-42.400651572992274,1083.504819732494,909.7505397464247,1.4163805234304052
6329,155.79623571491337,-42.436178176754815,1123.5858428791953,910.0920265369575,0.42920144623835055
6330,157.2471660650503,-43.063541778207345,1845.4151601460856,910.1064209583122,7.221080972925269
6334,154.8239131204752,-42.008602420516205,633.458621531152,911.3555106263576,2.9278149604363355
6335,156.54216401475912,-42.760822496227775,1496.2798545747933,910.0736600917825,32.44586683051339
6336,156.7849184117482,-42.86767047267043,1617.426476794496,911.1709310020208,6.56379664570363
6338,154.79326156864582,-41.996418871142225,618.3234435337677,912.1092253337479,-0.14898916853720898
6339,157.4056138528458,-43.1350401029739,1924.5276958867585,912.1520000688865,11.481391278945011
6341,154.94744146454894,-42.06736415572029,697.1760236006628,913.2101747085915,3.6572730632929753
6343,155.2345335902578,-42.19478429883473,842.4418304248117,913.168920414114,6.873329428768528
6344,155.5935212630552,-42.35272676560278,1023.2762227441251,912.8985953367412,6.733238971362904
6345,156.083018728506,-42.56737021661946,1268.8838618395696,913.0271866496903,0.4050620010183178
6346,156.38038182930498,-42.696561309222524,1417.311638569562,912.9845977976664,138.09612686731194
6348,153.65852100796886,-41.48821121344939,39.44555388387984,914.0209924641928,3.477174185403396
6349,154.1157735799,-41.69497344279076,273.79711993499365,913.6048118594067,25.632631066908562
6350,154.75040625945186,-41.98097439475389,597.6124295542337,913.9676744277789,1.0209323523446678
6353,156.28811749662378,-42.65746453032647,1371.5655202769267,913.4569178190997,1.5061052366576495
6354,157.17037701122078,-43.038429170032835,1809.585993167019,913.9773986546211,1.702439509134626
6356,154.32350253110232,-41.7926127861891,381.10452379837034,915.5594910239416,1.7778219530034471
6357,154.69807110852693,-41.95899946708939,571.4229265923026,914.6833280853017,100.8501083767921
6359,155.90220677367205,-42.49158603209851,1179.2365423379586,914.6282469698463,9.799133793143058
6360,156.3035570844714,-42.667573687533185,1380.200919670776,915.1746608599373,3.3990923571590583
6361,156.50332796850978,-42.75267049693847,1479.314856700496,914.434400376921,13.38812097619164
6362,156.67912753140664,-42.82945860627224,1566.9269430299769,914.8802789649734,1.7892085494114705
6363,156.7368167572872,-42.854327155304766,1595.5609087206467,914.8881741732813,14.407105611836435
6364,157.62325824668054,-43.23218342651685,2032.7320625961565,914.5957437748831,24.588490255441997
6368,153.99616370637273,-41.64749212310533,214.48538260511586,916.9397706523122,4.477285083680717
6369,154.54054265026278,-41.892677073486475,492.4906132654448,916.8148936310174,3.6164300516180314
6370,155.24203436628173,-42.20602810806261,848.467111534269,917.152560990906,8.363691181613078
6371,155.37948168461367,-42.26708702434096,917.9124193535322,917.2872271303656,2.84491650218883
6373,155.73464813177895,-42.42239661708674,1096.34813582114,916.7549642806443,64.6784516473984
6374,156.14710784457523,-42.60238431271574,1302.8769892861192,916.6023635359588,3.3448146761632076
6375,156.59193358127163,-42.79682090783827,1524.9698075169529,917.3936119276156,3.232418495199057
6376,156.6114279260021,-42.804585336088685,1534.4794270511552,917.0650953679188,2.18745914367461
6378,154.1948731803347,-41.739581757838955,316.8305837118012,918.0523105789098,2.6453261237570507
6379,154.7064675094769,-41.96925359968916,577.5510680535556,917.9461009610426,8.441942582512233
6380,155.10077740483206,-42.145520962300225,777.6610693073433,918.223608990328,0.4527646941659122
6381,155.53809900717397,-42.338911634077036,998.3483756595879,918.224991193775,5.0143347243813245
6382,155.68345860020224,-42.40238196454339,1071.3199778384778,917.9928171134264,0.6155768337571973
6383,156.86296565087656,-42.914432521358904,1659.6740957077768,917.8466674442077,2.2958737152843005
6384,157.0159272894465,-42.98048112313027,1735.4786052929514,918.0722215696588,1.4732174844662786
6385,157.38659879235755,-43.13892869280185,1918.3535438804522,918.2111772966213,16.83845562090549
6386,154.13549641019154,-41.71455935679032,286.9876910538333,918.9533463101553,1.4829263001664315
6388,156.06541134215107,-42.57165785444555,1263.3796223979064,919.0586993913333,1.0469201134780255
6390,157.29133306119763,-43.099401582775975,1871.7247302932226,918.7253630504465,3.3571800128936373
6391,153.57456913414168,-41.462565021278,-0.029220853242831572,920.3537466816398,0.5824630756343812
6392,154.39097230213073,-41.83241884971264,418.2585986590473,920.2927432605578,6.163347627820477
6393,154.9187019010192,-42.06844748598396,686.5571483281484,920.1856040965504,1.2723984759378535
6394,155.36438750295602,-42.26687574906726,912.1163791223814,920.5354196051908,7.289790160166253
6395,156.77419151852243,-42.879768606992336,1616.629177664399,919.6137098793057,13.07675960405737
6397,157.59720530041614,-43.231058605522584,2022.564838297949,919.6115640461799,6.792681563205104
6398,155.38675137595442,-42.27700165544624,923.4630450593372,920.6596749881487,53.18427320731985
6399,155.46380923980274,-42.31263265068417,962.7527430390267,921.476512978492,1292.3852782435831
6400,155.70915098873274,-42.41869710385356,1085.6302527538694,920.52731140841,22.942712416159186
6404,157.23703750730817,-43.08092874211277,1846.2159666121852,921.0864682966626,4.799504589645754
6405,157.52453101373627,-43.20296758161373,1987.6053885533918,920.9805471763414,21.947526169687556
6406,157.57390885577328,-43.222819906971004,2011.562748882851,920.435998837857,13.419184967678783
6408,154.39942303308842,-41.840141785791666,423.6999926005074,922.2600212999961,13.69953442290135
6410,155.4212297572349,-42.29443354960534,941.463879508467,921.7713877467764,3.680539919583691
6411,156.2834694803056,-42.67159631715305,1373.6775327332277,921.6033473346056,5.4539513587651784
6412,156.52579279026224,-42.777724483772225,1494.6703647801498,922.1776306405503,12.71519473857432
6413,156.54181145323412,-42.78387094167991,1502.4236599574476,921.7855249215803,9.943582004310745
6414,156.62301362619291,-42.820143743643605,1543.1042060840016,922.3962707059442,1.3912097331381326
6415,153.8782797348129,-41.605972229929776,157.53601922569885,922.9244909793861,6.259789798273334
6420,155.582658762022,-42.369270234456515,1023.7748182043201,923.6320687448115,385.0513369367893
6422,155.88903824271497,-42.501613872268194,1177.0151918101612,922.5830583407176,0.8484589498293723
6423,157.12178859836268,-43.035714266036535,1790.4363414848517,923.1006167893222,4.843160916174568
6424,157.36355614868546,-43.13883999302438,1909.597319156817,923.1251305827234,1.9152535914369277
6425,157.48778116205426,-43.19258442599459,1970.9327280985772,923.615627232137,3.028831386193379
6427,155.18311253083013,-42.19370737067482,822.5919195812307,924.0843139790164,33.51521547791667
6428,155.373494708584,-42.27662453672243,918.319323161845,923.415496609382,1276.1583542247643
6429,155.43488159560746,-42.30493427416057,949.6002125292601,924.023498868462,52.01866937290592
6430,155.51472359850914,-42.3390179818663,989.4960863025944,923.4605767247341,6.276556251794009
6431,157.1347710957499,-43.044175170827266,1797.6236657151164,924.573896438714,2.7649483358588984
6432,157.55235087727954,-43.22035090169972,2002.7434182885465,923.8107425589645,4.407082509765015
6433,154.03809444847124,-41.681816520860345,240.42804260277143,924.6231532612977,3.213601636709403
6435,154.5409085744599,-41.909499741761145,497.4649122253627,925.1745278642495,15.613611410903363
6436,155.55861868574058,-42.361482415611555,1012.4630781350768,925.0375773410908,8.040973064173532
6437,157.53845022100975,-43.21677817929246,1996.5328446071544,924.9847771134622,6.769268927101024
6438,154.64988182749968,-41.96028798361829,553.4693996586915,926.1561069610971,0.5178472048955464
6439,155.60851510895122,-42.38615084031047,1038.3165426584462,926.4037383657151,2.0647117553932075
6441,156.5637666946017,-42.80234091312291,1515.7830806441539,926.3208182810577,10.919793766170981
6443,154.6114828696225,-41.944639462059214,534.3849760873264,926.9327271691354,11.963145621623001
6445,155.25696094544284,-42.23217637927438,861.5181738173554,926.9781002786791,38.51833616946674
6446,156.38736706968356,-42.72664739874485,1428.1938507221128,926.6369075044363,3.756491685260099
6449,154.39853112248994,-41.85146785223863,426.62778046910955,928.1423454618814,4.500610341718644
6450,154.72814409736895,-41.99786734609797,593.9789742668465,927.4460996126433,401.9324161162114
6452,157.4529615789102,-43.187659258095245,1956.4362918091624,928.6033259890902,7.0322829407887895
6453,153.69983041907827,-41.536570090028384,69.35643662171047,928.8054264865387,21.014897445099084
6454,156.54447894258064,-42.80000794000926,1507.830141024997,929.3490832015408,3.612589922577409
6457,154.6224967900357,-41.955291521045986,541.6270454723951,929.8029518804022,2.23385051795971
6458,154.7020244754617,-41.991500869349615,582.2292729329042,930.112929883388,1.1057635799031034
6459,154.92396532197398,-42.08938846331649,694.517600318928,929.5277843933154,6.643935258519774
6460,156.99481174314968,-42.99577570516112,1731.5821321216001,930.374375836576,5.334806763269656
6461,157.3827853021704,-43.15956056644089,1922.3916470891788,929.4721835180352,38.950506710604465
6462,157.41660136729834,-43.17489337229382,1939.275067032723,929.9582489443231,1.7600230319340346
6464,154.80768624066852,-42.04054161540883,636.404720630178,931.0335811437863,3.432248086484455
6465,155.20029745782423,-42.213611700520374,834.7467872253554,930.2620444500075,5.365734163141198
6466,156.26273357276074,-42.68131691053137,1368.4739258635186,931.048245020997,2.432254913062894
6467,156.36335786449425,-42.724549288340086,1418.508563338674,930.8288047233438,4.422573752283737
6470,153.61898246009898,-41.50593749791649,29.619929240305847,931.9164957313914,1.43654949528716
6475,153.59456566255122,-41.496246531637226,17.4870317824757,932.6410493502144,40.14915033826653
6477,154.57944340737643,-41.94154774583068,521.3189933231341,932.5861490678969,28.6485836542667
6478,154.97133434669817,-42.11734186949038,720.4680804694932,932.9767188551605,24.255961093679034
6479,155.02178398771798,-42.13858764244419,745.6723321065228,932.3772414270602,22.052583874986603
6480,156.51409485498849,-42.79393030198076,1494.647670594799,932.9092927345646,6.157344619526852
6484,153.898219006234,-41.63713976277176,174.22213816926165,934.0014838963576,2.9014276854285135
6485,153.9586851266253,-41.66505687443126,205.35442278576335,934.2484655446398,615.335087991196
6486,154.20527875631873,-41.77628735442343,331.42741457780517,934.098481985368,7.459900848615524
6488,155.07319625950768,-42.16447563713635,772.549936020804,933.9061761125256,78.48127600333079
6490,156.8042762389075,-42.92129624521277,1639.2688613955,934.0548706314154,0.4596638559475989
6492,157.55380659077824,-43.240064488836836,2008.507231429953,933.4789021075854,28.704039775788964
6493,153.8364990200111,-41.61158728585306,143.29229479127048,935.2389175778561,0.46158166901476766
6494,154.04375555182347,-41.70505386882763,249.34295788346697,934.9823791099219,2.8254735947754126
6495,154.50847837230344,-41.91493594472981,486.7003723420423,935.2029898618692,2.498926663896594
6496,154.95523183197787,-42.11391375701217,713.3749939306069,934.8547469686482,2.9776876392113563
6497,155.73215974536612,-42.45727343647062,1105.1164583290424,934.8672195140712,0.03272133229088854
6498,157.28207988377295,-43.126914684823774,1875.5508660292849,934.6375477894367,231.35454050617895
6499,157.33208289949317,-43.149169382754586,1900.4205191420483,935.1262452352933,6.764431652273488
6500,155.2106961436242,-42.22947531472902,843.1781761923578,935.92113455197,1.425431500272709
6501,155.6587423465696,-42.42813037275132,1069.1149834360108,936.4221454933308,16.925364699064204
6502,156.75407869410307,-42.90360230827931,1615.4499404555447,936.0226945032555,100.5038809843442
6503,156.90160085855518,-42.966967987500674,1688.4930505847165,936.0106758352706,0.6280960700945193
6504,157.1549597160965,-43.074542848350156,1813.4021306853897,935.5691199692657,6.530437686945072
6505,157.4245961573914,-43.189414574008815,1946.15777663978,935.5880136309521,2.6254731081393308
6507,156.18187842778295,-42.658206943673676,1331.4402052202577,937.1179806445576,150.65944170539862
6508,153.56330276128836,-41.49234349953843,4.454331242405011,937.8275641913114,7.091468548357507
6510,155.03432252894942,-42.15405606486541,754.8257883141051,937.3492217144099,139.00325243373194
6511,155.82900486447585,-42.50757233126138,1155.8734411995647,938.8206091518487,1.735672653046668
6512,155.99678786044274,-42.579627837265505,1239.5273934617853,938.1649776144644,4.014807024711983
6513,156.28484283606687,-42.7049913441529,1383.3586479193336,938.1456076239488,4.624054813763414
6514,156.4436301984581,-42.7733741196512,1462.3102165480207,937.9176626885961,4.6514472449645385
6515,156.6261770004452,-42.852828320090886,1553.183337039466,938.2085581542857,2.629027434182763
6516,156.64992870434847,-42.86185991083164,1564.6427958626539,937.5970449095565,1.6703679770396316
6519,154.05209267882748,-41.71671323425677,255.90413156563653,938.9337374281779,1.4328387138202843
6520,154.21958197203497,-41.792342385109464,341.515929800099,938.9114513648033,1.581348788107044
6521,154.4153229940378,-41.880303757669644,441.32524879727646,938.8188081232507,4.994503414590731
6522,154.6173466662681,-41.9710325225217,544.1840557128071,938.8606538310866,4.9213148293063265
6523,155.04743391912078,-42.16301796431772,762.3489848732955,938.924713038601,32.607237637122864
6524,157.44161104010908,-43.2025381156912,1956.0834346293761,938.5724315835863,1.1349810485412481
6525,153.7543870176394,-41.58376529963891,103.9363321138281,939.9989222427723,3.4462194797962105
6526,154.46235426533212,-41.904389908619436,466.13700245131946,940.3005602030381,10.117425537842385
6527,155.12784936867806,-42.20057797508302,803.5377588138041,939.8575718661502,3.745472504824005
6529,156.73333404148948,-42.90292497291985,1607.4010994743182,940.1893461028209,51.34699454839552
6532,154.3659857773888,-41.86304200812662,417.59719083544996,941.2891848946858,8.097245594917462
6533,155.6901690165405,-42.45069135171363,1087.3394736954372,940.8316506122213,2.4645849241050155
6535,157.43051771073024,-43.20199538295414,1951.7386575925036,940.6816822573694,2.1023142222860725
6536,153.82814693376594,-41.62209831792487,143.1922431614675,942.401782002157,135.70298919064555
6537,154.90055551425596,-42.10353320655738,689.6485046005296,941.8707208177998,38.677896893277534
6538,155.23648580499554,-42.2531484468293,859.6568440830745,942.0805205478138,8.287394527708345
6539,155.79745198506518,-42.500743647366185,1141.9986343039495,942.3419134661386,18.364447975150938
6540,156.51613613989727,-42.813106348587475,1500.6469309895156,942.1415281074575,6.787645964419732
6541,156.53409758548986,-42.82020613538297,1509.3923171298538,941.8072767227361,3.077151553355123
6542,154.1364859014993,-41.76158456090358,301.0168713634846,942.2977656654579,3.261986050679394
6543,154.94937047729178,-42.12716775153858,714.9164538358301,942.8234407281054,5.018609355855567
6547,155.55611274152776,-42.39790393914207,1021.7022007747639,943.9221002240372,0.26682752186842584
6548,156.77402037508787,-42.926903913859064,1629.314240422281,943.458134562531,35.167876727148354
6550,157.26691619202157,-43.13794954764213,1872.7482272544876,943.4863272733553,1.4427718849920401
6552,155.88484263370017,-42.54438357049799,1187.2826870298986,945.0528176193708,5.754605065119547
6558,155.17318168379614,-42.23224527215635,829.7117801858307,945.6701145273394,-0.05229603052828587
6565,157.29597997451825,-43.15596766714502,1888.55646019342,946.338911096902,172.27807595653152
6567,157.43291550894625,-43.21353649304696,1955.708341008349,946.006493678803,1.246626968460466
6570,156.7889739332547,-42.940131982911254,1638.5587887657025,946.8912018566224,225.21165219622168
6571,156.90145423396416,-42.98811790219597,1694.1365286066407,946.7280534459818,1.8366161851993708
6573,153.8323593312599,-41.63507442434654,148.5883224375214,947.9405194633656,2.0617924763388538
6577,154.94756373761322,-42.13571045020046,716.6590277131177,947.5185030048941,1.9150597019431115
6579,155.10888470210415,-42.20988660851756,798.9698093463866,948.7647881230274,6.714088304728512
6580,156.07274146979753,-42.631297936045826,1282.6180201201546,947.5079251524401,2.85733177814714
6581,156.09356142004785,-42.64146501218684,1293.320362134113,948.0595832854815,4.20404194561599
6582,156.72892192823272,-42.91673776996909,1609.4686606180842,948.1232987142839,10.161975486251922
6584,154.40880382363295,-41.89754161322906,443.81745902682763,948.9338858141026,1.3907512912334865
6585,155.30602368946558,-42.297614314323454,898.5984062891374,948.9682208721501,0.7765787947159632
6586,155.4331037740108,-42.35357611709211,962.579917841906,948.8881615651577,6.2307106606773095
6587,155.57001339810245,-42.413875502589114,1031.4466476134842,948.8810993640569,1.5999678110362163
6590,156.70547550831293,-42.908475818192876,1598.3438660557608,949.0485657895749,0.12277683813071355
6592,157.1572091501704,-43.102095730934295,1821.6237685220453,949.0145735108118,6.060282878238565
6593,153.8201709887839,-41.63364183093144,143.53828588303426,949.9954744219774,105.25524275089134
6598,157.30995766048204,-43.16838059732705,1897.1546487292017,949.607736172119,9.364867197781297
6599,157.51428223835856,-43.25663672511939,1997.9275604450133,950.3469749493437,13.98954378400931
6600,154.00163971597752,-41.71830137693871,237.1946575102712,951.170690686821,1.9903813481394692
6601,155.19881885036645,-42.25330607016937,845.3974708047637,950.5458864062274,1.1932528809301424
6602,155.28760260423348,-42.293349094381405,890.402909415348,950.919497440101,15.663757810393005
6603,155.3855110581008,-42.337400005771066,939.9690455523432,951.315428054134,1.3198618855312243
6604,155.58191824097742,-42.42223438085252,1038.302591066067,950.4520031576037,4.149035655833687
6606,156.5140679365998,-42.82973324317999,1504.3924572350134,950.9830098009805,8.188046282407731
6607,156.5588309720125,-42.849042993834,1526.619449562749,950.9687632452225,2.6025176846007354
6608,156.9279804101098,-43.00846744693662,1709.668016331508,951.2610749270044,2.4642072888949427
6609,157.24209197576178,-43.14237386436542,1864.5270378353698,951.0734648906673,3.877478091270685
6610,153.66535303892098,-41.56752456402552,65.33990235944695,952.1579182688143,2.5689587894888923
6611,154.07903580134334,-41.75494458575049,277.2594202897396,951.9821021970283,2.4910464569951696
6612,154.3529135665637,-41.879001129379525,417.23720445866434,952.2410539149448,65.93269822853883
6614,154.45146250418358,-41.92169788227312,466.9825468981837,951.4357713500851,0.8279305327386085
6619,153.94742777120678,-41.6973943532888,210.5063892768895,953.0009530578488,0.8046348412084627
6620,153.96695731607184,-41.70701586694692,220.7306406624052,953.3869884205509,1.9290657382978036
6626,155.6253032466595,-42.44623499472,1061.4742717951747,952.9305684288607,11.637540744760758
6627,155.7393318688787,-42.497209674140564,1118.9576578770627,953.390342355697,3431.230058150122
6629,156.34997583130072,-42.76190732388481,1423.6564846809745,952.5991150001092,4.4132508880180605
6632,153.85304860321963,-41.65633296347548,162.66430294503346,953.8797244893983,11.317570445162483
6634,155.9839591752778,-42.60678845924798,1242.1685740830972,954.6713442029113,7.127138079651236
6635,156.40956711053116,-42.79146502582836,1454.333443341171,954.4844433924771,3.079554604179694
6636,154.2409243024377,-41.835148319763135,362.0210028063282,955.5434109467028,4.579113082581664
6637,154.62916106774932,-42.00866097425693,559.4608474849008,955.0889892744815,66.2960582741964
6638,155.46774901772193,-42.38108961871189,983.4495652164767,955.0437093798998,18.527603784183388
6641,156.08620363813148,-42.651401161071846,1293.2685375410363,954.6826843246911,10.350812688714939
6642,156.38051169765902,-42.778677521157135,1439.8222937720557,954.3825070346377,5.802415580735699
6643,157.37009884404182,-43.20446124395804,1929.5191944738888,954.9182332077911,6.637649602866925
6644,155.19766679791758,-42.26363366304252,847.8768370428917,955.99352247286,4.346993736492442
6645,155.31485190001354,-42.3154424416529,906.9700626544042,955.9700520605013,5.920271291485004
6646,155.95128612331868,-42.59526402514908,1226.586781959656,956.053055363362,0.6110016114951896
6647,156.1469863576742,-42.680079077829795,1324.2212279891232,955.7968734667867,1.8048460780914797
6651,154.69553838964555,-42.04212686532055,594.2528355580005,956.9806962907168,1.7255395681261798
6652,155.3660905893452,-42.340187261352895,933.3806737112578,957.0294581332778,0.5512358483356381
6657,157.47046324636253,-43.25127627417765,1979.9251245118246,957.0389531407789,4.099542128724158
6658,157.48711130933077,-43.258980959688635,1988.2655458919423,957.3641487464896,3.478725507404235
6660,154.28233139715022,-41.85961006557216,384.8254738997475,958.451025103805,1.0625091168246366
6663,155.38766282287224,-42.35071526348389,944.5274904148567,957.5341776378995,4.9108567118005695
6664,155.50794042957065,-42.40505676916616,1005.419400662679,958.1922015793835,9.59907073019922
6666,156.02170323859016,-42.629080701664975,1262.6453011880776,957.6045178372982,45.93480871262733
6669,153.75840503992586,-41.62417792265052,117.30398849441617,959.3126392475734,6.2594973974457675
6673,156.82714284623103,-42.97960747925629,1663.6855377347545,958.5435140544303,0.8434600205509776
6674,157.53819936444464,-43.28365608267956,2014.1244907385756,958.8916709170535,4.844114546963889
6675,154.93899075258952,-42.156948801576256,719.4421770236752,960.1023652696898,7.587246828846496
6676,155.93974134657776,-42.597356689728166,1222.7868340283103,959.6475565613547,0.9397202549423304
6677,156.27710565788166,-42.74444731309705,1391.2441072170232,959.7357522962677,1.9008311780776501
6679,156.999347566775,-43.05601195896901,1749.486060789038,959.8336449658027,0.8070932781651081
6686,153.80885645919292,-41.65188335056362,144.57711413231343,961.7008359912585,7.685541234407252
6687,155.52001939900234,-42.41838541160311,1013.735233111124,962.2215964809105,1.8058923145306693
6691,154.3582714294318,-41.90215996049124,425.9566389309151,962.6440599417949,0.8811841860097399
6692,156.14551562450347,-42.69335949939824,1327.3185138967267,962.8130625232369,10.900404653838184
6693,156.26195387160013,-42.74416401289996,1385.4221852983549,962.9095475553203,4.162976007382824
6695,156.98366799468658,-43.0552839332048,1743.3527536434735,962.858186348127,13.412126770306854
6697,157.4454859577855,-43.251832094866614,1970.6212891227667,962.6832850175184,199.45121928703864
6698,157.4558889258028,-43.25715553575427,1975.9682613622053,963.1429432021262,3.729454237640438
6699,153.8590577535186,-41.67912194721425,171.60693490451627,963.923285016095,1.160515250029997
6701,155.36816449212216,-42.35399305317728,938.0489478748547,963.5113530235103,13.400335490649706
6702,155.59037349357277,-42.45273854003405,1050.0367519835177,963.9304985092222,2.457791911801428
6704,153.58894763963704,-41.55820424806628,33.57933288517558,964.9217392174353,1.9227408464003517
6705,153.8859063481469,-41.69458224787131,186.3188862940625,965.5632874334328,220.9286467605254
6706,153.92287988937497,-41.709336778269865,204.66599380917836,964.5542658277118,15.829782016387885
6709,155.24647228821163,-42.30263975113219,877.4096298184309,964.7379595276653,2.9340593652331552
6710,155.27025721632563,-42.31353139080673,889.5064211484869,964.9230629800415,112.14019972022733
6711,155.722194847132,-42.511815387082436,1116.522022135034,964.5266015335578,5.732076927953194
6712,156.693275549146,-42.93363994018444,1600.539359434374,964.4052697854128,3.768985650324001
6713,154.32801501632179,-41.895287208513366,412.48378253059224,966.0238280714912,1.5801485691128287
6715,155.5296272585376,-42.42968220805623,1020.5427873825836,965.776790851595,89.66468124472661
6716,154.25430935220373,-41.865081337843925,375.76704633066765,967.5221948447554,1.60008988264397
6717,154.4095084905702,-41.93397749063344,454.58753547906656,967.0464087622272,429.30754497893014
6718,155.38724052528437,-42.36861278448673,949.3958659188297,966.6282861998363,3.1518851195607542
6720,156.70642358356983,-42.94422035590504,1608.3864271691405,966.8885804643858,2.001173817175273
6721,153.6750669511365,-41.602942650826364,79.42763770074815,967.6662944086595,489.9494909081232
6722,154.2911518519464,-41.88399456375614,395.22485793298006,968.6825381205306,2.0369045498772675
6723,154.57510497806476,-42.01019546722934,539.3757176385566,968.0053402360206,25.585576537657072
6724,154.7330301777589,-42.080723506106715,619.5253169407617,967.9423649959294,0.2561094374819537
6725,155.85004182572578,-42.574100194384016,1182.3225001334913,967.6861580633413,0.6541011711409044
6726,156.288851960311,-42.7651065186949,1401.3604811566395,967.5817185647498,15.607633841053605
6727,156.5538764808951,-42.88121547033992,1533.4945060038774,968.2835769813172,3439.688113952416
6728,156.59619172135552,-42.89910522935461,1554.3895204671155,968.095343186564,4.586658750126883
6729,156.61067014302753,-42.905156148886995,1561.5182646102949,967.9972223257041,2.0546331262662014
6732,154.16727878333134,-41.82919795588603,332.32992400304164,969.2107817685747,0.5163769341334411
6733,154.77879549758998,-42.101992760835635,642.9728095367594,968.3603791861652,689.9329342101372
6735,155.3012786651092,-42.335631044750365,907.5033217913866,969.1367422225284,5.785856320965443
6736,153.80628637134825,-41.66755736326325,148.1870589064016,970.1310084221935,1.648288946477073
6737,154.02939575533833,-41.768666204116,262.39736828979585,970.1041190627842,1.1170551371420239
6738,155.80828522077334,-42.5603563577424,1162.6722472393799,969.969086146794,2.945645196272713
6739,155.97802221980407,-42.63455049177667,1247.5923474208787,969.9623091131439,1.45057028187639
6740,156.17017405795633,-42.718469905152,1343.5743034900747,970.0622492383949,5.248427518813143
6741,157.52349531364587,-43.298798765823214,2012.566188909222,969.7082442207906,4.65062126059517
6743,154.18512529467318,-41.84031639128803,342.32873791328905,970.7462223070609,100.07129361375974
6744,154.4616266953768,-41.96448600134522,483.1603751875172,970.6058788486162,275.2467405825289
6745,154.8871245279382,-42.15529481373866,699.2841417818411,970.8692261736645,3.6640789592248497
6747,153.86965377525868,-41.69981683943891,181.6766560428362,971.876053028994,0.4275800196108462
6749,156.06564922860133,-42.6768959710375,1292.5045568789542,972.0424205706908,420.9084892933857
6750,156.87947496335664,-43.02822873450222,1696.6194728981477,971.7528749473961,119.06967086997174
6752,154.32559843833255,-41.90734973995607,415.050053517131,972.6159289791474,0.6070180223515788
6755,156.92038189149872,-43.04806881131591,1717.450380045277,972.9123986775163,7.636496140059652
6759,154.69718759841496,-42.07684524189476,604.8120419642177,974.0341905498276,0.19827623172879363
6760,155.8358874743556,-42.58043680740843,1178.713629083312,973.9955163103,3.399779474352308
6761,156.72699784998088,-42.96627744572809,1622.1510418222051,973.5531475178027,0.6599447861186427
6764,153.5460207297096,-41.55868649929498,17.422421430432465,974.9603836780755,1.1454953500596077
6766,153.9379076908105,-41.73712171935324,218.4761306975267,975.0555101822059,2.0380214686400198
6767,154.37730676021567,-41.93490597584,442.6308816600511,974.7694834942578,0.44165444238014456
6770,155.44594545857106,-42.41050872748058,983.4269278237064,974.6749254453994,3.370421798296144
6771,155.5332570160948,-42.44952265246851,1027.471941681891,974.9539758285204,615.4475764086063
6772,155.60252082733714,-42.47874300314431,1061.9090488147813,974.3278384649936,1.3370147805684356
6773,156.6708829980499,-42.94506631889063,1595.1546519270685,975.0412836933153,1.938662347168576
6774,153.94684178451985,-41.74385970956732,223.83217981105344,976.4019931449303,0.981209735055858
6776,155.18688425324675,-42.298483650914434,853.6271174192524,975.9089084734255,1.3726350608273072
6779,156.22849623945697,-42.755705369457296,1375.908285807356,976.0529888933353,0.8023324344238897
6787,156.16828442689555,-42.73128299165252,1346.381435077972,976.9341129938575,0.8043262617500964
6788,157.19991433758287,-43.174702436198594,1857.1896042359647,976.5100740541133,4.376981049440673
6790,154.72112705307447,-42.09561090844439,619.2633033647087,978.0826267535014,5.855138942067438
6791,155.0483540831415,-42.241698000684764,785.0060522815118,978.2481565400986,1.3307955570402266
6792,155.0819321994028,-42.25508295960465,801.5370909610955,977.4835451613146,30.963423703699824
6793,157.48247031832474,-43.297051723874446,1996.5895561022362,977.6237841668208,0.38659593681329
6796,155.63218988008202,-42.500179983465216,1079.1444296417762,978.5542478821803,1.8780576555002115
6799,154.83964359552243,-42.152079304134475,680.3508942483353,979.8776245389076,273.4059876245611
6800,155.55191786696764,-42.467781428155064,1039.6561826948807,980.0082734407356,1.1046692650531384
6802,155.65311939887377,-42.51235659324134,1090.4769785363737,980.055961921063,2.7978762887632316
6803,155.79734500806268,-42.57595813505302,1162.8579752665082,980.2354998350751,3.571004670845831
6804,156.4110738679715,-42.843882933827764,1469.2222902030028,980.593839166942,4.565592469672765
6806,157.55652125172293,-43.3337108955964,2034.2808142433626,980.2962359992838,9.26549313820254
6807,153.5919998622371,-41.59206616780649,44.69726912854749,981.1632872594228,0.8660440195425635
6808,154.0148353639116,-41.7850623870301,261.64152959695383,981.6155882554724,1.1168989239235099
6809,155.3215358127044,-42.36737552734052,924.123351013444,980.594564116634,8.108113371195952
6812,156.30657374691586,-42.7994811840131,1417.493861379332,981.0363987764345,3.5799761431684662
6813,153.56148188591843,-41.57998580863469,29.560696847144854,982.0838790546721,7.0887838789485205
6814,153.62609404944268,-41.60900206123201,62.61570804476366,981.859859202342,14.256129014481754
6815,153.73308503517228,-41.65828706493747,117.68479326664814,982.1454968789137,5346.58211640565
6816,153.77873299598062,-41.678147757307336,140.82685314726976,981.6977988437768,6.33866249965211
6817,156.7374677850806,-42.98712153191673,1631.755885150512,981.8015887595957,0.9505641834029328
6818,156.9238738652162,-43.067893863201725,1724.1076369033528,982.1699700550795,1.0195458275890987
6819,154.22884804918885,-41.88392007628411,371.5543700133254,982.7143697965623,2.151536706848909
6822,155.52292988387387,-42.460243759894446,1026.5559362262552,982.6332796499141,294.1273780041713
6825,156.58606215670915,-42.92353020355484,1557.189563657546,982.6256951898374,1.011496378303752
6826,156.75753644349751,-42.99750429317058,1642.1613541854872,982.6857995918753,0.43459496400571324
6827,157.02152162145964,-43.11098401368753,1772.638146160354,982.8139863264661,1.4957028664588614
6828,157.24800166459192,-43.20734621816138,1884.0883952450945,982.6527241446818,1.6171843810017061
6830,156.12665611952121,-42.72681816763384,1329.3792858695208,983.8102499765209,5.671792123241048
6833,155.77548815942276,-42.57525566080891,1154.377733865567,984.7008750303465,19.470632589080367
6834,155.94681873741743,-42.65162541924258,1240.48677323755,985.4236275133043,10.381836038352278
6836,157.19334927806491,-43.18881611467311,1858.4739180890554,985.0595960456736,4.274363854365301
6837,157.47962127582554,-43.311037302039296,1999.2146338301663,985.3107292999152,1.8089363613528242
6839,156.10001675417064,-42.71918010353699,1317.1830241600355,985.8044498230238,0.563981718050357
6840,156.35596522872262,-42.83017110033662,1444.602065345461,985.7144386946007,14.865078368450929
6841,154.07279534167498,-41.82176935066398,294.3113846608145,986.8698467562662,10.496902136861527
6842,154.33162908625647,-41.93803590313172,426.19951680556164,986.6371348861105,1.861556753725885
6843,154.34329137985728,-41.94357949936219,432.22467540524775,986.7859961559121,4.285830521373981
6844,154.87356048482232,-42.181433939285384,701.5793103996903,987.02628606431,-0.07885983782621493
6845,155.04176165136013,-42.256408791687655,786.6751669100115,987.1077033332907,0.48231360902667453
6847,155.78467207906596,-42.583901972279705,1160.2613820874715,987.0281442469548,7.166514797656023
6848,156.2758518548187,-42.79800582963654,1405.4522196164173,987.011717858322,4.382180853611467
6849,156.53373146724942,-42.909214671774876,1533.4824017203446,986.7987413095254,1.0309598811397298
6852,153.65542754861445,-41.63502172762411,81.38991606440341,988.1901875393144,4.61326127587626
6853,154.29738203525193,-41.92545281528227,409.57125493947336,988.055632461061,0.7970815307232992
6854,154.4525434314862,-41.99641351595693,488.90247284166514,988.6603429710996,337.2265268683945
6855,155.45542211850417,-42.44091346389033,995.5464056024695,987.864629770848,5.463205009033496
6856,155.691765597559,-42.545173329338965,1114.273988289792,988.0337808677217,3.6986320918802282
6858,156.67357132880448,-42.97240099397733,1603.581710849058,988.252897379474,59.29732623506599
6859,156.88587774851223,-43.062470966349316,1708.268763832133,987.6591409589126,6.712556080377548
6861,154.40000182335595,-41.97391166948315,462.48865496975134,989.2100461341515,0.6672526374438961
6865,155.49591184645394,-42.46115003776219,1016.5663958149746,989.071672676021,58.83465048098977
6866,156.2025149202834,-42.77159694023568,1370.4286948920167,989.751949549465,1.9122884902655315
6867,157.03219330120245,-43.128149215525156,1781.2805255851451,989.1799374384897,1.1551371029236932
6868,157.0733487270544,-43.145614634419296,1801.5303015732973,989.1144720072663,2.405650431207929
6870,153.80519970401988,-41.7070329774188,159.32295914350993,990.1350741799298,2.878546539092929
6871,154.13818644275736,-41.85654918621767,329.22108403564016,989.4933902284737,0.9909537752767079
6872,156.49213048639007,-42.897537681740424,1514.5522875459847,989.9736061258666,73.29542382155458
6873,156.8072177076299,-43.032906245825,1670.5299724346878,989.7791125504757,2.6960110301046347
6876,157.29836420015823,-43.242841194501196,1912.5873271258024,989.758587537277,54.72966582931895
6877,154.19751849138663,-41.8859865702966,360.26515215848,990.8278454735076,0.76319375285915
6878,154.6617925701807,-42.09429599536752,596.3763754949749,990.7303065612176,1.0171999743429314
6879,155.00912374564933,-42.25037815210129,772.5874122350783,991.3603243348675,1.4790960736715213
6880,157.10433598129188,-43.163054937037415,1817.9207668669012,991.2376690038062,1.34567342060229
6881,154.05104992972716,-41.82247002635764,286.2644339432643,992.144614000785,2.474575996902667
6882,154.4913112086945,-42.020819911581945,510.62994392557385,992.1748862148772,28.7340428216903
6883,154.73315803028217,-42.1300227428199,633.662403921911,992.6540263298438,445.91506747424404
6885,153.75401156312532,-41.68928355523781,134.70652748379308,992.893335090438,3.711319073346294
6887,155.56492859535345,-42.4987026703994,1053.2334205897923,992.6838006512744,28.947974403839506
6888,157.04634676660305,-43.142891146237446,1790.587150516852,993.570055905307,9.163209937489498
6889,157.361962717271,-43.276243455605986,1945.511466221493,992.9739605015731,16.10865398239968
6890,157.46198648714318,-43.318733106003435,1994.5865246396077,992.9870897600207,21.344993694098516
6891,154.2881790331271,-41.932230586042806,408.0384639056278,993.5287529724723,0.44473248496383916
6897,154.31103262450998,-41.94579895285338,420.6275367628807,995.1729789701413,0.6700354269173893
6898,155.30267763642928,-42.38784005171288,922.7321738654703,995.0697152343446,8.410560079597875
6900,155.67644432316177,-42.55232178120194,1110.4590598287195,995.0136247712597,5.649127905130342
6901,155.68905992545146,-42.55740473100013,1116.655700164599,994.7859512807775,6.185116801553855
6902,156.51235659405066,-42.91640798632705,1527.3481128692988,995.0840787964336,4.942627610721158
6904,157.2604474245952,-43.236746546826886,1896.6290411501536,994.8366340895655,95.33378735860931
6906,154.51220081434334,-42.03831285482423,523.581318673527,996.2487120175088,0.46248608624837
6909,154.78641837615731,-42.16128391527456,662.786699638778,996.4114729922031,9.633784904483253
6910,154.98988713233814,-42.25116612338469,765.5166572698332,996.0489376293011,6.019405752352955
6911,155.07701572340974,-42.290189328883365,809.613755167331,996.214114938459,5.955434988201397
6912,155.22643454176776,-42.35618236367608,884.9098995731979,996.1038485371197,3.374808965829706
6913,155.5506878189656,-42.49848683978575,1047.7758612785005,995.7255730493267,566.5538140137145
6914,155.63964220396875,-42.53869330893717,1092.7139251708268,996.2849087370614,5.992226576193058
6917,153.74081252846582,-41.691493349002,130.34651921961049,997.0016316824193,4.238447525521089
6918,155.2616590254121,-42.373670874195376,903.1928205958351,997.0617278630682,0.412455627680819
6920,156.21722228845533,-42.7919259852047,1381.580506979768,996.7769190674317,0.36302797020487465
6924,153.89584322081535,-41.764268059559086,210.43321226464843,998.1918952188912,13.44463319521941
6925,154.88895946962245,-42.21035880395573,715.6520579702598,998.1037180687085,0.16246286410041857
6927,156.15948477594594,-42.770223037727234,1353.7547422024998,998.4850739171329,1.4491646769403785
6928,156.53767074534818,-42.933112033891454,1541.4752585204453,997.9958614920996,0.3932941196633405
6930,157.48850885055603,-43.33886288820618,2009.9375586486765,997.4813164990361,0.870315215359125
6931,153.91601809634713,-41.77518303374081,221.27032436949116,999.0771797187906,1.6595146257657738
6933,155.74190330689484,-42.58957507663483,1145.6321808795526,999.3142588016213,7.195678913865771
6934,156.08858913465215,-42.741097103836836,1318.8918294746416,999.3528007204023,0.5494223972005721
6936,157.28121943743085,-43.25356915573943,1908.9612381429044,998.8710677465706,1.5644657743595365
6937,153.495795955435,-41.58663274842151,6.595869865559091,1000.4012754418331,17.162843859350545
6940,154.02673517758487,-41.827790644997705,278.58827419415877,1000.3156965085947,0.9451114178302576
6942,154.9761745449467,-42.253632835841856,761.0178958222024,1000.3481729181935,0.8893455476362162
6943,155.1996137268834,-42.35198547997172,873.5588739681052,999.9600267848884,2.2820876022921044
6944,155.4933407356459,-42.482389798826276,1021.5395426171398,1000.322387688583,2.009445429127305
6946,156.9720804148062,-43.124587403595875,1757.5876812034014,1000.3745121517886,6.007250520322016
6947,157.2243491239005,-43.23160570916893,1881.612429974008,1000.0098003790242,4.3280854044521195
6948,153.56121625665014,-41.61765655861581,40.54479089847472,1000.9828461365464,2.5809730738973657
6949,154.23778807972536,-41.924009941795205,386.54816177018847,1000.7827788535126,6.331700879093142
6951,154.72190318917782,-42.1412390630338,632.5994589780631,1000.8040289800151,0.7600110913694959
6952,154.8713467104713,-42.208086838675406,708.3276153821017,1000.9005876827431,2.136711160769839
6953,155.13085266245415,-42.32367145417563,839.4967179472707,1001.0386192353488,2.703237391894714
6955,157.14560464145916,-43.199584419299825,1843.2958109255155,1000.7945691341102,10.565171487567403
6957,155.63112739713978,-42.54521265471033,1091.3061241690455,1001.4458325062476,219.3764123140124
6958,155.85027584320125,-42.64252137176995,1201.3889940805163,1002.0823387759477,12.151382656618404
6959,156.36420413093492,-42.86681884736848,1457.7416030453583,1002.3921386014789,8.066165512249288
6960,157.4377795655238,-43.326392914273626,1987.4680433704532,1002.0554340852706,4.210619850728048
6961,157.53779478173198,-43.36869897081298,2036.4461153735053,1002.0119625506426,20.195208280549068
6962,154.29582947446843,-41.953957916442,417.2183068428923,1002.6907370961416,3.620589951491189
6963,154.9167383062124,-42.23346145408469,732.754920626643,1003.493583546495,4.121741671072785
6968,155.75509313198884,-42.60469707935434,1154.8337348059765,1004.0156615326266,4.968099223475553
6970,156.9455447330378,-43.12123695082101,1746.6525895132506,1004.4213046739555,118.67783324920941
6971,157.48441703385578,-43.349653328411954,2011.246548478072,1003.8170677107317,3.7302822941734144
6973,154.09385873582747,-41.86705041397575,315.45479562648404,1004.7803073114204,362.66563011575465
6975,155.96211440227404,-42.69853195552227,1259.2517562296553,1005.6820611945053,0.957857967617191
6977,156.26208037053456,-42.827630616502766,1408.3580625324835,1004.9559544886637,0.8751963729131869
6980,156.77714776011265,-43.049140526461365,1663.5374625640804,1004.4961696746551,10.734670602981089
6982,154.7135529987896,-42.14825455754809,631.4386526019566,1006.1950136752206,3.149948234437864
6983,155.38718184998837,-42.445591285010366,970.9946139386478,1005.3442383019434,61.21860863264039
6984,155.9934221406412,-42.71353964667781,1275.2534261476749,1006.3611714366841,3.1211605944265592
6985,156.8971633695644,-43.103116864713115,1723.4828758379942,1005.7403468984503,1030.7266347137831
6986,157.10722926304356,-43.19258659773196,1826.9171715322154,1005.5353122355727,1.6494429424262398
6988,153.83900374665242,-41.75465778582559,186.06934837740968,1006.2870479450804,3.431071377027521
6989,154.21317806291955,-41.92509711746905,377.5302994364924,1006.8842837215868,3.124718888055963
6992,155.87062085857235,-42.661311211521735,1214.3029604770043,1007.0628131684603,1.8578792996909297
6993,156.04300698302902,-42.73691409453765,1300.478887411443,1007.2465766437875,2.575913712348733
6994,153.91043340001607,-41.79101530522656,223.77039865924257,1008.26884724891,61.814855226305184
6995,153.98437313105708,-41.82457183076392,261.586466495459,1008.301406293121,5.815029820145916
6996,154.1883272070537,-41.916014465003514,365.4773317147901,1007.9473305737877,4.993439151428467
6998,154.6940747814286,-42.141534182428934,622.133262059613,1007.189119381494,0.9419291989054449
7001,156.59979595224073,-42.97986619965,1577.6888128072278,1008.0603456227725,1.9369281778582597
7002,156.81989441278208,-43.07391906820777,1686.3939370913756,1007.7358391058174,35.43430389601136
7003,157.1848246038551,-43.23060065304059,1866.405067194994,1008.0153325895599,5.41266077692059
7004,157.20709268505837,-43.24011308452472,1877.359002524086,1008.0259848858674,0.7542852319387308
7007,154.16517527962336,-41.90812793068027,354.4138658693882,1009.2279384007448,907.3148319441623
7008,154.29663639182718,-41.96699741580642,421.2912975412292,1009.0426495617795,3.1538802380704296
7009,154.9651537654902,-42.26744416769836,760.7617107857579,1009.7424503262395,1.1349363083574249
7011,155.6993813088131,-42.5912281636221,1129.9849673741114,1009.5264706596754,3.611161466759378
7012,156.36040938459283,-42.87800287858581,1459.3625008312656,1008.8589940506924,19.828643604539238
7014,153.78958259154243,-41.73904778656076,162.7648186947071,1009.7044827354671,6.998153822209802
7016,156.1269673387757,-42.77836097791986,1343.681671336683,1009.7105175457574,10.396408328758023
7017,156.16853111292926,-42.797275164458554,1364.6157014938647,1010.13353773769,6.2606935686932
7018,156.56395927699222,-42.96889697687815,1561.1521826839148,1010.3237058436602,3.253357089030164
7019,156.68833994284967,-43.021779825305494,1622.5468607250366,1009.9628345762179,6.890241024958266
7020,156.74416852646746,-43.04639068340187,1650.3209575377027,1010.2629260032894,2.654437435771738
7023,156.17746218831743,-42.80362922247259,1369.742121010933,1011.3790902282364,6.938334711457971
7025,156.6767189877576,-43.01831142511472,1617.2121209454033,1010.736825987459,0.6757420227155194
7026,156.76641699993962,-43.05630720562203,1661.4151221398677,1010.4410474938082,337.9541360803138
7027,153.52980016361053,-41.6247803552712,30.727741594667815,1011.7116439257909,16.1040052570071
7029,154.50817659889077,-42.06779020114901,530.5251920299488,1011.9335201980571,9.943941790733277
7031,154.99799694933122,-42.28602728867375,778.4824631370332,1011.743727146368,0.8225629495294466
7032,155.03339373586584,-42.30201033981145,796.4280595501472,1011.8748822556365,11.219043704641507
7033,155.79713133078573,-42.63876648141587,1180.220281741802,1011.896354721191,2.3212848841696614
7035,157.4394697577936,-43.34601602867301,1993.3052687398106,1011.6172555817506,2.822551575327093
7036,154.2749685750134,-41.96524854917437,412.57137545298167,1013.0535949596057,170.4561671112158
7039,155.02214267252143,-42.298753713275644,791.2414719366702,1012.7483334020258,5.42555155599177
7040,155.521949391603,-42.51956750582686,1042.7832038076963,1012.6855656116279,-0.47847244483182927
7041,156.00798751612035,-42.732247701471756,1285.933421342488,1012.5836209750433,0.784317388013546
7043,156.8533758805215,-43.09820824142981,1705.6037467324186,1012.7434501019519,20.17618453016461
7044,153.62203936819847,-41.67144648859901,79.42298154561558,1014.0149964782014,32.78496015613565
7047,154.75605328640796,-42.18315867246151,657.5183493541002,1014.1865643264247,1.4243177878691007
7048,155.15395635831547,-42.359906084737155,858.4929177548518,1014.0970625184785,383.9198643488042
7049,155.30437291673053,-42.42558288127759,933.9963635617887,1013.6616725907725,5.47350750372544
7050,155.34861526463726,-42.44452958507195,956.0846922325038,1013.364883850118,6.77939289936501
7052,155.74728817788366,-42.62124470653659,1156.47833218217,1014.0633709271445,1.901179682667427
7053,157.0463613684107,-43.18316669867002,1801.3877792204833,1013.9129974615998,5.592787989531841
7055,154.39294476039174,-42.02372344624755,474.16689641121894,1015.7673903778912,0.6684328620032794
7056,154.8380688168554,-42.22151307704711,699.5372309505627,1015.0799319913559,123.09807571783847
7057,155.18630729919803,-42.37641874131233,875.4124810622133,1015.1947688939717,4.861553324215446
7058,156.40741193060603,-42.911286417179035,1486.2384148342835,1015.380488906546,5.606587278811624
7059,157.18718195538986,-43.24486184706163,1871.1021646710951,1014.7143860267528,1.1198553011722423
7060,154.14968797344315,-41.91412830923639,350.2818367019101,1015.7331970620403,1.1763861791039611
7062,155.78372139144912,-42.64053138184738,1175.6328091363732,1015.7388978950635,15.539433507362522
7064,156.7159322770188,-43.04486662591223,1639.2308580756785,1015.6217768745722,31.895435492791993
7065,156.8072041170514,-43.08517015945547,1684.631113430138,1016.1656616659459,2.6137889422371705
7066,157.22694616335806,-43.26446539353855,1891.3543311540082,1016.0587459199334,11.392212083295258
7068,155.46846011255252,-42.50464778570321,1018.3476197484675,1017.0229367223798,0.7438888903046516
7069,155.66345649897602,-42.59158719630509,1116.4805121698084,1017.6354448378983,10.558784166227081
7070,156.8348932089829,-43.09770286811689,1698.479779832854,1016.491964862243,3.647778045227784
7071,154.44576002808265,-42.052170829915525,502.37621043085255,1018.1390363999466,3.06268693020025
7072,156.19988447813884,-42.82631370650409,1384.4578385188563,1017.8997559002871,5.121651074604634
7073,157.1327535942472,-43.227433129196804,1845.8820817950611,1017.6369251042447,0.8169343521320918
7074,157.26584059904621,-43.2841298057118,1911.2860517465763,1017.6278772300709,1.6152475972924822
7075,157.41214554162022,-43.34598148933498,1982.9764876486263,1017.462614689125,0.9317418087428793
7076,154.40163523646046,-42.03393560815971,480.4029505678283,1018.9290077760327,1.0806174177498657
7077,154.52558225043035,-42.09011782176704,543.5355676197172,1019.2162263015227,6.535326764898008
7078,155.7336121474618,-42.62510056549927,1152.3723800366183,1019.0186740543176,0.3735132478266667
7079,155.84736089985435,-42.67588136313669,1209.5347819128935,1019.515641381157,6.284923876398982
7080,156.4718441192373,-42.94677028298733,1520.2876936610298,1019.2236991424836,2.5882748576659735
7081,156.7542301389038,-43.068373667297344,1660.0675685913543,1019.1743319766813,3.540434536984193
7083,154.8579368537876,-42.24076179931327,712.5471864016637,1020.2977788810778,3.4205236473142078
7084,155.1884145071687,-42.38704510471176,879.2099483663396,1020.0641729769218,1.8876993869122967
7085,155.29625668169848,-42.43431471653671,933.3790901126753,1019.8513405226109,7.7594755824222235
7086,155.39772311228387,-42.47942194585085,984.4847510810765,1020.0126286240038,3.462420176778298
7087,155.4857599707143,-42.517662596680815,1028.5441285213583,1019.7364312294015,3.5645477060670974
7089,155.05378420886802,-42.32896877388887,811.7916197236455,1020.8665808476158,3.721898316536589
7091,155.41081625769553,-42.486766006599936,991.5039885337445,1020.8023226152629,6.337920583516441
7092,155.434276323371,-42.49764069211999,1003.438125843947,1021.0709236918664,3.077661736659485
7093,155.79529670924728,-42.65699854339708,1184.587647267643,1021.4756298165654,10.082749823656574
7094,156.30209093426024,-42.87643099593114,1436.866776085982,1020.8043247628667,0.8320120568047196
7095,156.35639807542069,-42.89973166183714,1463.7840272909152,1020.6879741392338,8.874869538162503
7097,153.62468244393963,-41.68811884544212,85.32197739940644,1021.7499212274565,53.635680602232185
7098,153.70881105915709,-41.725994682653834,128.321806628598,1021.5407568650006,3137.7318279627975
7103,156.27170449361375,-42.865341019847115,1422.3344219303006,1021.8561181555193,51.51180816369977
7104,156.38336447945255,-42.91347758510184,1477.7399558529787,1021.7315981685847,35.3353368975706
7105,156.5965710665685,-43.007269675408864,1583.9084587902153,1022.5852374999359,11.340938188221024
7107,156.9975365171535,-43.17970314448469,1782.007868957769,1022.7084424993335,0.9121274816985946
7110,157.2093794302919,-43.267883087412585,1885.629431428021,1021.5676520386519,2.59059607860103
7111,157.35253387033265,-43.32974507411489,1956.1573853178324,1022.0515315997773,1.3850948036688508
7112,157.51409465705544,-43.399163897712725,2035.5454104356534,1022.5001330394609,33.55718206562631
7114,156.5182661333495,-42.97341742333873,1545.0989099827382,1022.5497044761288,92.36043471875901
7116,156.81949306965856,-43.10330903717132,1694.1701337255777,1022.6582495528563,1.1441724433890135
7117,157.19602653731704,-43.264546433991775,1879.6957106271827,1022.7566371428943,2.135317561833318
7122,153.76338789162358,-41.75803329038921,158.3906021108626,1025.1559823934147,2.0284032641282783
7123,154.39231430673328,-42.042166184644174,479.241918015558,1025.152099165217,1.3045694195134012
7124,155.65914932910718,-42.60568375716947,1118.7777924114162,1025.676991886856,1.1458256793726607
7126,156.00510856467574,-42.756687335029724,1291.5896941762262,1025.522079520384,6.9889288681809045
7127,156.33366213622472,-42.89778101725149,1454.6507517052366,1024.6686843844589,1.8370901124561247
7128,156.40403569347728,-42.929283846954434,1489.8736152143265,1025.1900641259563,0.8982266164411223
7129,157.0119772021337,-43.19053909300903,1790.3710132766548,1025.0615494028243,5.206158049329725
7130,153.93461543498287,-41.83715875998139,246.391328191268,1025.87926035868,1.5883631375669067
7131,154.14439700743628,-41.93225671253509,353.5324508304652,1026.0075704034225,0.526022571842805
7132,154.70512049678126,-42.184018017280934,638.4646512406125,1026.0249070266564,1.1006126549160982
7133,154.8180663960784,-42.23349031261909,695.3710569930201,1025.5631829470956,6.198570848297942
7136,157.30180568756174,-43.31615555744569,1933.390544072179,1026.0817388555442,7.261529127644074
7138,153.53732038658725,-41.659156963868,43.6974773104286,1027.181561305274,3.0515662620782087
7141,154.34915961666894,-42.02630384724176,458.3176005174586,1026.9211581718669,1.1762906539513158
7142,154.87976087698,-42.2644012999319,727.5426012568956,1027.2840959292985,2.546615837286658
7143,155.29604778221074,-42.44873653080202,937.3582852181825,1027.1442760503412,1.76637185978938
7144,155.67227548065574,-42.614002528629214,1126.0639873173986,1026.964637355529,0.5857443898389323
7146,156.11189945536623,-42.80620285102958,1345.6404913867293,1027.0368674598617,3.5226788100226134
7147,156.4334498704252,-42.94538954916518,1505.3910340664459,1026.895539505252,11.209686066404807
7148,156.66609834586052,-43.04708235769268,1620.9899604683962,1027.5596687253508,1.9298782054150576
7149,156.96328624831233,-43.17423953841473,1767.60000172847,1027.3504125634333,411.9689504185816
7150,157.07938919048763,-43.22326337390533,1824.6060276217877,1027.0387752277838,6.219201881070765
7152,154.06281481262994,-41.89997707649218,313.2503401579198,1028.2907547496811,2.8987812208024977
7154,154.41939152412738,-42.061293147755684,495.01000242824705,1028.6436496565696,7.767829322988074
7156,156.51449802202916,-42.98267965122373,1546.1940039577264,1028.0408131789056,0.7404985348070217
7160,154.95691160714964,-42.300516511703336,767.0292602053041,1028.1841853984602,2.8559514044536254
7163,155.23360795789216,-42.427034013228266,907.6036407394182,1030.1068521226484,207.3394736077577
7164,155.8215093087107,-42.6845411122331,1202.1519065783586,1029.5638435854635,3.0947996664497825
7165,156.17429838402407,-42.83848452200291,1378.120313809186,1029.6315004762384,18.611179059925522
7166,156.91215108285465,-43.15707681585594,1743.667276933316,1029.7413443431715,0.15501790754335554
7167,157.13325779005274,-43.25149692527415,1852.5037163885747,1029.6856247547987,1.655779709156707
7168,157.48277589590313,-43.40164707504165,2024.3803497417591,1030.4660612199345,21.320358022057253
7169,153.51089571107318,-41.65346397606798,32.00817955279135,1030.3631625516314,0.36274815592324694
7171,153.65778327290283,-41.72138862323048,107.63305321408089,1030.8489992869113,4.201400039550793
7172,154.2662030408463,-41.997133982200886,418.4650154017373,1031.0044687117888,2.2745012592383467
7173,155.37665735552554,-42.49118025030496,979.808798746201,1030.5917748487682,2.3155977372278636
7174,155.51693089740988,-42.55327740579372,1050.3123491726617,1030.7454189404912,1.962053508587251
7175,156.2339431354722,-42.86758867356791,1408.6671933928008,1031.244511516554,1.8160949532284
7176,156.7199125841895,-43.07588218835586,1649.1254652901657,1030.4081436630413,0.997283549333466
7177,157.18681451848823,-43.276820123716284,1879.4909417038505,1030.9420429186816,3.552789103780936
7178,157.220811835858,-43.290428537587886,1895.9576624738702,1030.499652404124,0.992136134146698
7179,153.57022199986528,-41.684098543966705,63.502126889593946,1032.1486571512644,3.2282676396139993
7181,153.88087416569272,-41.82496475503058,222.4712614910544,1031.9640644334027,47.306117589524455
7183,154.4932814352127,-42.101209818412514,534.483362869085,1032.0349040264632,1.042874040006262
7185,155.50173697388078,-42.54852560828567,1043.2316681776626,1031.7174254511242,12.798761729169954
7186,156.4022112376082,-42.94202769769032,1492.6618248052418,1032.0120583085104,0.4153131518095077
7190,154.09120456683246,-41.92260283285544,330.5773662933359,1033.197342474776,158.12849960825827
7191,154.39486764906692,-42.058398592246924,484.88574205662917,1032.7118079201837,2.5313896562956946
7193,155.54080862373735,-42.56882792827087,1063.6983432489837,1033.2836977192176,152.9110937472476
7196,157.2891301770987,-43.32490228402984,1930.9308981057147,1033.2272555390869,5.344489308751987
7200,155.85080247156816,-42.70517852841691,1218.958245210335,1033.5029235772777,1.531808328964651
7201,153.6937263541762,-41.746181527860244,128.52292307743772,1035.0680883956754,4.019849815574743
7206,156.66728111803445,-43.06295176466233,1625.7354760721473,1035.3085547600801,0.6207730605184466
7208,153.4524146093628,-41.63917064287201,5.639007162580783,1036.566038652831,1.2043712850089257
7209,153.60847499279313,-41.709695164040646,85.51812317423705,1036.2295139192354,5.47723562179787
7212,154.60956342689784,-42.160902865165404,595.6544411508219,1035.8533922424913,0.34644463755627064
7213,154.7274547821668,-42.213358563843876,655.3070825719602,1035.7396843348529,6.362584704721326
7214,155.8028252776843,-42.68834392577857,1196.1372404223025,1035.5905587256573,0.8888172544754528
7215,156.34260573020367,-42.923397017731716,1465.0367856919047,1035.626338885815,2.072466294790355
7218,157.12898776516917,-43.262741598724915,1853.896066271131,1036.286351231183,0.6757113361464357
7219,155.6501293499566,-42.624566265310904,1120.6257197515704,1037.1649484269687,15.730405985577917
7221,156.19580419870712,-42.861794330339855,1392.6543811888973,1036.6674720973858,1.1181264805886049
7222,156.81209174929378,-43.12776578255188,1697.969554028426,1036.605209677824,0.8583972755019704
7223,153.55996311776656,-41.6911060661157,61.676268336893145,1037.9898495882505,5.696691928040368
7227,154.73929311551288,-42.2228634958382,662.5043853517543,1037.856914787916,2.0297590598417963
7229,155.9167382100263,-42.74311535122645,1254.4066495058935,1038.0982352929316,1.6805437636282314
7231,153.5140944928585,-41.67191123439754,38.652073617514056,1038.8537150148104,14.848725528117157
7232,153.76465682165917,-41.786468644205506,167.19337544833922,1039.0907383068948,1.3226012899169628
7233,155.8951665156844,-42.73673477074328,1244.4814216064422,1039.62798289721,8.513110673159936
7234,153.70445036785344,-41.76004694000966,136.64959438723008,1039.5626635529484,20.094564941021808
7235,153.78739773832197,-41.799116549180795,179.50763277072707,1040.2508368810486,1.3533618774056049
7236,155.12296790781636,-42.39786892096815,857.4844059047452,1040.0583460486325,2.6436253731789927
7237,155.48990579777535,-42.558977220911935,1041.6786612948893,1039.5889985730764,3.9159118191437225
7238,157.40119631958908,-43.38571567210023,1989.375668627287,1039.9018382382435,143.66910892418906
7239,154.4545985276799,-42.10279773538159,520.2886688932941,1041.5256587404228,2.371882294144952
7240,155.1808759377029,-42.42582755660449,887.300244834662,1041.2197688661302,1.006909813125828
7243,155.6715266819077,-42.64153039379335,1133.447471688806,1040.9758112771542,6.807287654442314
7246,156.2078423649798,-42.875504945331954,1400.9688386205125,1040.9407882301336,0.8316594582222238
7250,153.48659521442605,-41.66562764961469,26.38497328462481,1041.986419122858,87.64904685047408
7251,154.62262277682353,-42.17831052065469,605.5857979342952,1041.6528297366228,1.2169773568628388
7254,155.50381702184106,-42.57035254899583,1050.1256876077784,1042.230077018603,0.5463848708635116
7255,155.84174500755037,-42.71728978798493,1218.888618330876,1041.590220785894,3.4677208805269184
7256,156.57240620716783,-43.03551487035663,1582.4429872775645,1042.0850851974938,63.37000055558791
7257,157.0509808763586,-43.241536624980235,1818.7698683967549,1042.396683108102,2.007301129574408
7258,157.23994039000672,-43.32091165168816,1911.300662416925,1041.7874732692337,17.009460968063404
7259,153.44105422138216,-41.646509531152354,3.50006651763268,1042.8268894629555,2.075946586934763
7260,153.96046934676332,-41.88302021282051,269.5468357059994,1042.9719213307442,7.827890775247792
7261,153.97596815612883,-41.88886471079297,277.11850897922915,1042.386386386161,361.4025949503427
7263,154.99631208306835,-42.347695919759424,795.335225906017,1043.0780119359974,1.2381225632963078
7264,155.46169255467856,-42.55342812540801,1029.4489723663391,1043.0425292306172,28.240843719128662
7265,155.60121526396824,-42.614827830611965,1099.4029252814871,1043.065747102509,3.721582917115141
7266,156.14589818546483,-42.851721645367086,1371.0172565853052,1042.5160764182644,2.3757049111861606
7268,154.16322736919525,-41.97622094920881,373.407842891258,1043.7689228234651,95.1305392312608
7269,154.50401679393298,-42.1297016652767,546.7344755434408,1043.904005367686,0.5450803090696105
7271,155.85060484045852,-42.725959727224456,1224.6425402850139,1044.0039896857463,0.9051589003270091
7272,156.51419520639791,-43.01356549368233,1554.4814071660437,1043.6802077886573,45.827279827461155
7273,157.2645337566801,-43.33558132403147,1924.4879866247736,1043.9116616458193,4.196366825072369
7274,155.14057817609432,-42.415919915545295,869.2505122682715,1045.2049031519186,0.1131509114521086
7275,155.22048886322884,-42.450965429501174,909.3828279688904,1045.0422580598247,2.954080038267579
7278,154.44637553439537,-42.10771956035156,518.5905166030591,1045.8408758671337,3.0408153290116213
7279,154.6269118902307,-42.18853748606767,610.138092617939,1045.8188828073896,2.0582305030309755
7280,154.72205744049984,-42.23091337280933,658.2770973652237,1045.7527586955166,95.44567089602153
7281,155.35108543005634,-42.51072683172964,975.6193489337834,1046.082737977003,1.4244217536909205
7282,155.43122278920845,-42.545121429862796,1015.5924881482847,1045.6123740893834,1.8005765840336072
7283,155.6676145604463,-42.65020041642311,1134.3820168003351,1046.199213065011,7.174277306083964
7285,156.46745211835375,-42.997702253213355,1532.5007236053505,1045.8590955320158,2.1979950243495465
7286,156.53011315540093,-43.02540262733852,1563.7149592120816,1046.1847562279,0.44917339543031776
7287,156.69768486127924,-43.098381778613614,1646.8133462766095,1046.5821967990473,70.66337063645922
7288,157.21304085438365,-43.31765784471127,1900.2813513314559,1045.9302026210278,6.383530364792592
7289,153.53337346838563,-41.69705970705413,53.356617296001446,1047.0266819782976,5.220392103157612
7291,154.7502855671793,-42.246311759062905,673.3595705686763,1047.1578114974566,3.054489779407797
7292,154.84292412921178,-42.28757009098035,720.1879044281472,1047.13990042394,1.9002086144330215
7293,155.09696121112793,-42.40054482356035,848.3972924598045,1047.1893038936748,12.268395799789879
7295,155.8245289754405,-42.71949891569135,1212.9895676798308,1046.4895531143532,4.7065759796231275
7297,156.68122831346085,-43.09095092002563,1638.586169462369,1046.4048735278734,3.884846343107027
7298,157.10998755529616,-43.2750845599475,1850.0219381293477,1046.615778458528,0.8643103876480639
7300,153.61009231416898,-41.73472936930989,93.48428332355141,1048.376306768534,0.8497783527550048
7301,153.8325610703181,-41.835505206032266,207.2485000148286,1048.1991069394462,5.114040290425929
7302,155.38092624458542,-42.527234903420386,991.5454245716955,1047.763997619295,3.192729803378664
7303,156.14309907050318,-42.8625799287825,1372.9433763061102,1048.5974116477523,1.1054536884209263
7305,153.9995174442383,-41.91325229348904,293.13331054959315,1049.2594967173745,1.151754577706845
7307,155.5408242028268,-42.59914576436062,1072.1774157631744,1048.522688675481,8.648698522835991
7309,156.49432033853398,-43.014637917398886,1547.2634119894033,1048.5467469320104,312.12191969426584
7311,157.00248030545575,-43.23309833056436,1798.1978630052354,1048.6031731935036,6.193050448381956
7313,156.2006664538534,-42.88981629195055,1402.1829710634581,1049.7191473084495,0.6394622733135907
7314,156.43040582213507,-42.989845929263225,1516.3617296032687,1049.969084418613,3.722020847414794
7316,157.18860189847194,-43.31505759562061,1890.3652549143508,1049.875695835404,11.323943269051838
7317,154.43419789978608,-42.11306771517708,515.5185491781889,1051.2587653510766,8.716585967812739
7319,155.0199477781101,-42.37414930667308,811.7797096307033,1051.088365976291,4.635840530405496
7322,157.09187830915843,-43.27674835471396,1843.631692554842,1051.3593987060872,6.28829990866898
7326,154.19050031181584,-42.00394163782488,391.7631393485715,1051.492506747148,1215.0447814273418
7327,154.4626020312158,-42.126792246133164,530.2185689219533,1051.7512157313645,8.293803327036214
7328,154.84231812078303,-42.296522354461736,722.5071644423343,1051.7665424559948,1.2981555926508135
7329,155.21394966252336,-42.46131233348934,909.8250536011963,1051.6915225000366,0.707811202695972
7330,156.05988981256695,-42.833503089866205,1333.4887252711962,1052.1824615202788,42.2758769415765
7331,156.71747269336163,-43.1181711892769,1659.6392514629333,1052.2726232835585,26.173159241740453
7332,153.72364126298584,-41.79509395392552,154.18531520318777,1052.7250176409873,9.787506752086221
7333,154.32546605111116,-42.06835848293154,461.47538581097916,1053.3266204442868,0.49921107386106256
7334,154.39396048335885,-42.098268414356056,496.0261077271788,1052.8931807410308,3.776431215197902
7335,154.54779431834007,-42.16783277733702,574.2534266609947,1053.1867926346329,91.66321417226956
7336,156.02611503662135,-42.82040285851944,1317.1111430276383,1052.9919063423486,1.1776704284389636
7337,156.22883782789077,-42.909307323629484,1418.175926053608,1053.3774766698173,13.490499163685211
7339,156.51370508695607,-43.031480870924135,1559.1687696752751,1052.8192715017053,12.263227380817117
7340,156.54800948806826,-43.04718774138715,1576.3965087855288,1053.2761302372503,6.995894179292132
7342,157.02246173596177,-43.250648744036184,1810.4450430792642,1053.1516615784128,1.1967982238200838
7344,156.08399825725255,-42.84765276396914,1346.4978550889919,1054.0236614679939,4.026547924592355
7345,156.1179049740613,-42.863142644977245,1363.5751620831534,1054.3967177878574,488.9914951106187
7347,157.40642052147678,-43.414985399442116,1999.1031859004163,1053.577848509218,4.9805514229863235
7348,153.74973882390174,-41.81206168584875,169.03402108584504,1055.279498125417,4.441554652282339
7351,155.55243341547992,-42.61787759914273,1081.8019151488052,1055.3741003071464,0.6590838486826791
7352,155.79840098083199,-42.72607492674996,1204.933529196805,1055.5475942172816,683.1381394993391
7353,155.8207614949564,-42.73590025666602,1216.1128582667834,1055.570404650017,9.907810759699352
7355,157.42385842951597,-43.42426249865691,2008.1371485891473,1054.5286480339396,12.393690309605113
7357,154.56345275769283,-42.181158865222365,584.0020908537823,1056.3526268448766,1.3675383334443496
7360,157.36030462971718,-43.40162482104923,1978.1681171048488,1056.7172804708705,4.637114721111611
7362,154.18904954915376,-42.014254399348495,394.199392473524,1056.9836142159222,4.859821933291287
7363,154.95455236894693,-42.35695878857231,782.1587201019686,1057.0379875452222,0.6638788687681377
7364,155.09034065958835,-42.41683517814106,850.4990771036548,1056.8411870847053,3.397962827114745
7365,155.43268176649107,-42.56886987840775,1022.800109623519,1057.2240815883163,7.939999698475561
7367,157.48239264202508,-43.45479136110857,2038.2869513333553,1057.420874747806,1.876684879015952
7368,154.2965647464946,-42.06389549707888,449.24718755079925,1057.6010443659218,27.360375537407386
7369,155.66658862871523,-42.672710062757766,1140.2623063787244,1057.745393466526,5.493667610740593
7371,156.090896427599,-42.85883323817366,1352.182237428052,1058.1418506546756,0.6572717952969144
7374,153.54071067991512,-41.724955630562114,64.34227272877611,1059.2957720299128,1.6525126709829607
7376,153.9401359308039,-41.905410967589866,268.3691244892912,1058.7815421036698,5.3686916143419525
7377,154.66693047097647,-42.23298916636107,638.0047080095528,1059.1383585304904,3.41998477339894
7379,155.65440434269183,-42.66943210930573,1134.7424165270759,1058.784253385552,0.910420714038116
7383,157.44697644732034,-43.44211425771693,2021.5803810124437,1058.5984307862807,12.992594777841674
7386,155.23998208770405,-42.48892634840434,927.4545915507662,1059.7789950637082,1.2959565297402704
7388,155.98061882201952,-42.8149731188491,1298.4166679477785,1060.2386419251307,715.3938099040242
7390,156.80768606083444,-43.17187488708903,1708.200685946702,1059.8175167149611,3.8706679186397817
7392,154.4526991344814,-42.14055771812013,530.4281428256712,1060.8744998110328,3.400887331428703
7393,154.863713903682,-42.3245195971669,738.5711885749146,1061.0329373718796,3.5129467325512183
7395,155.37047829775403,-42.54838318171382,993.5289601970534,1060.7047736661923,11.082765002475721
7398,155.89641891616168,-42.77866118154792,1256.5574228103956,1060.451776363718,8.929900126074202
7399,156.3803962699308,-42.989963225980205,1497.5009664179433,1060.9280523583566,13.651850648624576
7400,153.80443398568366,-41.850868088630506,201.08869276195182,1062.2664438142342,2.0946417252572544
7405,156.45424738686395,-43.02367421698572,1534.5860900095956,1061.8262549947556,21.896180237804185
7406,154.023435994923,-41.95173683703039,313.378779061491,1063.10660573681,2.1180165065010437
7407,154.58814552058158,-42.20480066938888,600.1232211533683,1062.6643206067422,1.6050948744628333
7408,155.01551330488374,-42.39628108389578,816.3730141790493,1063.1844653012515,78.55792768346929
7409,155.30739249531695,-42.524806697178796,963.0475719102305,1062.843693863768,-0.30569825070239093
7410,155.52384625338917,-42.619291960017065,1071.3868403354465,1062.4019259836805,403.8078938949223
7411,156.7501443182895,-43.153354604551566,1681.4820253315454,1062.938261466366,29.455803210229863
7412,153.56662175243557,-41.74598529627049,80.33435747287217,1063.9021229205653,10.283860703353023
7413,154.41614337542168,-42.13004293252843,513.5697562609428,1063.8233865593718,284.81608278153925
7414,154.67286737837946,-42.24500930947666,643.6880654486084,1063.835311831773,0.4375527604239812
7415,154.73578007636272,-42.27294196441793,675.4704644123223,1063.75882241284,7.38519372612331
7417,155.16357328762078,-42.46295414440499,891.2310851478171,1063.7091168915667,13.538877353307496
7419,155.6640596699005,-42.68420019928567,1142.5055586957387,1064.080861924314,2.646099699785626
7422,157.09112954742437,-43.30243165061534,1850.2172699203177,1064.4907999330749,14.737772606950548
7423,153.71937761503375,-41.81816812838772,159.32919240791807,1065.2312538838155,1.8211866714332834
7424,153.78791894645065,-41.847829582064506,193.94973033154366,1064.495532723756,202.8457318854871
7426,154.22550124835132,-42.04677819819383,417.4060136465274,1065.045861004394,25.910510147721702
7427,154.28865087787645,-42.07537933628953,449.5676161739771,1065.1353064776267,277.80866911697797
7428,156.22813398300917,-42.9308623993594,1423.8190238970722,1064.3884964253423,4.115475138531976
7430,154.54676406317927,-42.1942065297649,581.4286525639922,1066.6367063379116,1.6033929423986881
7431,155.09954425354076,-42.439452695376296,860.3758061826047,1066.1474814006299,95.55929810253978
7432,155.36194874172025,-42.55421723506358,991.941070362189,1065.5254703394835,2.3515492000096154
7433,155.731232442933,-42.718057560309305,1177.315501269704,1066.3032876622467,0.7952611703323795
7434,155.75020570330923,-42.72539944836075,1186.526801311965,1065.8173639808324,11.530303976357036
7435,155.97038297628455,-42.82201829534236,1296.493429566883,1066.030439286918,8.017495254843098
7436,156.11461312200868,-42.883822897167065,1368.0182524807071,1065.5304324850351,0.8029771099166427
7437,156.31020231947886,-42.969330773709274,1465.3509514544635,1065.8435905006065,1.722241651099362
7438,157.02292341108355,-43.277209019615626,1817.73599777018,1066.4619465464962,3.404316480149215
7445,156.39982556256265,-43.009577036662776,1510.190935972698,1066.5767797586952,2.486449536918558
7446,156.59257738645414,-43.0942663559419,1606.0073452075499,1067.3262359027428,0.7372008825302183
7447,156.9646210032402,-43.25359978062957,1789.409658602171,1067.127320782554,20.120905852977305
7450,155.3816224449158,-42.567998773183994,1003.2476692190814,1068.0912401705662,0.595323984272991
7451,156.07240227096753,-42.869856525569176,1348.2283011266834,1067.7427891002765,25.25065759748601
7452,156.25916886614397,-42.95272262631814,1441.5309888396364,1068.6190151780766,79.27723055972568
7454,157.36536492676922,-43.42598952988205,1986.539037846638,1067.9452808761814,2.462651139197405
7456,153.83314240408728,-41.877325911430056,219.68326542412956,1068.9847393029677,3.1407948747460037
7457,154.27302512597285,-42.07702525878055,444.1303381251623,1069.479883049336,0.9141212322325175
7459,155.5704422080322,-42.65281887543212,1098.3677002763432,1068.9610543719111,2.8633995699536383
7460,155.62962812875443,-42.677818730365594,1127.7124648487606,1068.46627806645,0.766557225410612
7461,155.98574669955937,-42.8354366302608,1306.0022689201655,1069.4129885350571,0.5133307625456375
7462,153.50682926803012,-41.73120357545761,53.357532474417894,1070.139935988492,6.4001866971656085
7463,154.2329295277719,-42.05979412973452,423.9804356692766,1069.888211242333,1.8613576727943535
7466,155.05546098933902,-42.42794034133871,840.44749420175,1070.1785194489694,42.98278550829849
7469,156.28571489518492,-42.966928733176545,1455.4455564325033,1069.9784231808935,11.645031533500438
7470,157.11403228909631,-43.32435855235106,1864.7165141103792,1070.6289717672234,1.7712030428870587
7471,153.72349920818465,-41.832306094869246,165.02913652649957,1071.363254376628,1.9652034024130092
7472,156.72204612703868,-43.15874577041186,1672.3334205944848,1071.7475628794339,80.49244474468199
7473,156.90248516162447,-43.233839486504245,1760.659243374857,1070.577587658774,16.543732319725127
7474,153.60242830611273,-41.77792474953142,103.26973322153994,1071.7116393424053,6.366750655388386
7476,155.27644932626285,-42.5290364536741,952.5365910226307,1071.8308606753399,24.143614337923115
7478,156.39339150919395,-43.01747673094658,1509.9163633993073,1071.9595303965941,0.38892572009483367
7480,157.24945331808794,-43.38684727429746,1932.4419437497143,1073.0551049072455,2.1120930967835463
7485,155.01855914664023,-42.41833147181249,823.7721256431547,1073.572205278887,359.9418833678168
7486,155.25327110856185,-42.52091334420832,941.4873733823565,1072.8935642527465,10.802545262052265
7487,155.38531897986297,-42.57889680954504,1007.702564709675,1072.7476839049539,0.8840181305261098
7489,155.91647827779934,-42.81223831670112,1273.4243447996992,1072.9411612262465,2.3886925156070347
7490,156.01628837630807,-42.8553726855721,1323.0394985670769,1072.749223655954,10.107950780262364
7491,156.12334395582826,-42.901702806014065,1376.2321659781444,1072.621605966685,10.799750386544588
7493,157.13042405134036,-43.33535011575435,1873.8340534772024,1072.649458553818,1.7401838558350915
7494,157.18340020077306,-43.3580023317886,1899.854526359877,1072.6875366574689,5.155510779612129
7497,154.18459158602784,-42.045854413799304,401.659728622827,1073.810176602856,0.5852397370872764
7498,155.52398796022223,-42.6425316982663,1077.935681304611,1074.0510331180956,0.9575026575862983
7500,156.50726140790988,-43.07067816102879,1567.3945153365564,1073.980318873154,0.8308983204624875
7503,153.58788423702848,-41.778258368681406,97.86475131785924,1075.1889779457213,2.959994749062283
7504,154.37148191399643,-42.13290983891368,497.49806241436113,1075.3033579725038,1.369955107079971
7506,154.54786757724244,-42.21074105645415,586.5882188735628,1074.675549282797,4.287857966701269
7508,155.16846385843215,-42.487429041174515,899.9870238159202,1074.9105443507597,43.56418323947585
7509,155.217109129728,-42.50923272994807,924.5259841152676,1075.0542022578406,7.160618986588082
7510,156.431798563911,-43.03949152395124,1530.418788334279,1074.6862294952764,9.927398221658228
7511,157.009358713494,-43.28798405078536,1815.506478122152,1074.8278500581512,1109.7925771449993
7513,154.39085070151782,-42.142724434408734,507.6512436762213,1075.86334544494,4.961992593409051
7522,155.7275640003908,-42.73805920432237,1181.4878558056505,1077.1699246422145,1.0073383694163094
7523,156.0234733384147,-42.86626028356523,1328.7548677885256,1076.6540708979246,7.995101456887073
7524,156.520293393103,-43.081374889205854,1575.2214294473247,1076.537820595689,0.8762489518834432
7525,156.60809516799503,-43.12128442133046,1619.1914559976742,1077.5782315568606,33.172128800704115
7527,153.41428486049685,-41.70456239295907,10.491440251840904,1077.9392199464296,37.84695180536691
7529,155.07676726409338,-42.45238926036477,855.420941250938,1077.7081219230392,1.5750861009698296
7532,156.19866568430055,-42.94474491080409,1416.4960528745294,1077.820286012064,3.464448755387174
7533,156.83822302700145,-43.22019814380813,1732.745655337088,1077.5897604696477,2.0315831668486184
7534,157.3566907451605,-43.44259693609887,1987.6740200755269,1078.1983388612955,2.7635034967354293
7535,154.86201330728056,-42.35883244772634,747.6885847326198,1078.6247809960269,2.9962027934617694
7536,154.89478906348472,-42.37406574677544,764.4123777093921,1078.951546367339,11.551421806324441
7537,155.91582902020875,-42.82332490176634,1276.244117525919,1078.6619627639627,665.9918410126787
7538,153.9534471130802,-41.95363218289507,287.44850976007126,1079.8919552090354,4.727478395521924
7539,154.17732580393638,-42.056077940046904,401.87069908696697,1080.567068450662,276.94324849864194
7540,154.3099623798871,-42.11367886176248,468.68425598502614,1079.5158941038812,0.9504811655450055
7541,154.56759853175313,-42.23022833306162,599.6375474365839,1080.0161657437773,0.15512573501889348
7544,156.58386116338622,-43.11602345673901,1608.6197996519422,1080.1888209183696,2.0974488855470046
7545,154.23552700076868,-42.0830648225632,431.69031085057026,1080.9538701691165,1.643410980496115
7547,155.89967449276145,-42.8205628900464,1269.3785881341205,1080.819488629938,5.1476176282979615
7548,156.16624411934876,-42.93849419060576,1402.5392081464784,1081.7607267801582,1.0651251192383975
7549,156.92892803202804,-43.266735063484305,1779.4727395781285,1081.465062396127,0.7925491020104839
7550,157.01691020523697,-43.30266321446641,1822.2872859910321,1080.6088142924975,1.1111797269772319
7551,154.15558208967897,-42.04854695484774,391.4660033838618,1081.7031418465194,15.384154280393613
7553,154.37017854025353,-42.1451694096192,500.5367397024022,1081.7369020018116,5.245614549161903
7554,154.8000841507822,-42.33809958863791,718.3712985114475,1082.056659395774,2.523703250690317
7555,155.09229615335522,-42.46788821213539,865.6738879452158,1082.0328238771758,2.8541905435083814
7557,155.50057079093378,-42.647612003392965,1070.506228764134,1081.7784796117683,3.9887127624131407
7559,157.08739173137684,-43.335422566840045,1857.6280710026078,1081.9541408724367,438.71775560271675
7561,154.60178907536232,-42.25062059049059,618.408701595014,1082.5715795141455,0.8396867081115816
7563,155.56882675001728,-42.68018177357481,1105.3944315440222,1083.0713287726667,38.663478009137684
7564,156.01043599392656,-42.87179645351876,1325.3572821712255,1082.298087186846,20.511053301963745
7565,156.21386135448563,-42.96253514205706,1427.1114851708085,1083.4581053624458,9.347976345285723
7566,156.88902566568484,-43.252287346128114,1760.5422293488398,1082.7956847431062,6.0669665111664415
7567,156.9943140664466,-43.29727358046946,1812.322871554071,1082.7627207374096,7.152608315882461
7569,154.42857834516508,-42.17581427762674,531.4425395275704,1083.958066398515,18.77032236177445
7571,154.5884612121368,-42.24837116827838,612.7249665997726,1084.431304440035,1.0498936230685894
7574,156.48745754174874,-43.082229757388895,1563.0618304832826,1084.1100696494316,1.36448548732701
7575,156.67639093855124,-43.162872050222376,1656.2229150605763,1083.7272227166613,0.723849742032544
7576,156.83972837001897,-43.232743190761106,1736.691678843883,1083.5932926217558,1.0357734991688041
7580,154.85221185190233,-42.3672090705808,746.3656522963404,1085.0140745073513,6.71000447195012
7583,156.62273170948598,-43.14214754106304,1630.3686127095255,1084.9194049879904,11.221966456723072
7587,155.3103667908895,-42.57333104682199,977.8116919605666,1086.5560863813228,0.5633933069355137
7588,155.59933929645698,-42.69863309706189,1122.069194723788,1085.611757863112,3.2064242729633876
7589,155.78205291281108,-42.779282952420886,1213.5183620010548,1085.9077182496515,1.9720024535431855
7590,156.4358123413514,-43.06267323258808,1538.2495876946537,1085.4937048737338,10.405620930570285
7591,153.71605527874763,-41.86089747996181,170.58524370243455,1087.3474646573272,1.3680518404985684
7592,154.30127178977347,-42.12495446453912,468.65108590617723,1087.1185905877933,2.2515942832812885
7593,154.96335662819772,-42.421209257403916,803.7181789046186,1087.3133513867874,787.3225768464575
7594,156.50844984100618,-43.09626077365551,1574.7982536462177,1086.6159284807984,2.7180645953747216
7598,154.12660691682956,-42.04810684028615,380.38067734086565,1088.0221448582415,4.77403154315084
7600,155.35795408588268,-42.597177607566685,1002.489968846168,1087.990329374247,0.2171481828574806
7601,155.75932954070748,-42.77249572682578,1203.0524299216515,1087.4941195372578,3.175227925277472
7603,153.41379571413054,-41.727035576470705,16.93600130912094,1089.2750608408974,3.087627338797693
7606,154.5749140451293,-42.25087168729608,608.3193984522887,1088.7210459870812,12.247717508458962
7607,154.6619713277319,-42.290157420959304,652.474546226053,1088.9081269251683,2.085088979897028
7608,155.65846881098528,-42.73125184115368,1153.4925677259605,1088.9695828779388,7.046401670608926
7609,155.81863610514137,-42.80180500440882,1233.5797272302264,1089.1895538913975,4.961876223046917
7610,156.135448142419,-42.938519513353036,1390.9199745677126,1088.5085643009556,10.544927044981904
7611,156.81264802066616,-43.23107068379591,1726.0286490042179,1088.6077774058742,16.037899724657276
7612,157.17936411357317,-43.38845365504841,1906.4513040268373,1088.9345964904371,1.055261785554181
7613,157.43429407978715,-43.49643859037221,2031.1740799228505,1088.7739890001112,5.322213311732033
7617,154.52367587986603,-42.2296652337535,582.868398768534,1089.5852765734178,1.188011580246607
7619,156.9882329323299,-43.309357052559406,1813.269400730185,1090.173435985227,1.0485869796642628
7620,157.03688584739373,-43.329428601694595,1836.9856133731746,1089.8121271623847,0.3554625244772106
7621,157.07479715917108,-43.34478620166334,1855.3839527533416,1089.3947178527637,5.231640561083458
7622,153.50834268997176,-41.773235327370884,66.30165155092466,1090.794076586305,6.459938657863502
7625,153.8520438816763,-41.92901957644198,241.9239906444344,1090.550436849171,2.34614437593979
7626,153.9748557309422,-41.986221553742794,305.0292795884198,1091.3498237934389,1.3797162611740337
7628,154.6726882182822,-42.30013921784226,659.3788255677172,1091.5125960738835,84.11588538799721
7629,155.38187566245585,-42.61309988028384,1015.9951372013406,1090.691466916531,0.9601343117668268
7632,155.6272209097453,-42.72345402956426,1139.5189207417388,1091.9383077132475,1.4691324844344988
7633,155.74279895681556,-42.77402628159278,1197.2345739778227,1091.9017045789376,1.3869327693317555
7634,155.80184933559573,-42.7995061968451,1226.6034993519313,1091.72422337345,0.894848812627557
7635,156.7490926589369,-43.21107090734614,1696.6687297571561,1092.2777673196636,441.81568740936
7641,154.31725616682292,-42.145432730496715,480.602076932175,1093.774762114597,31.011231187246043
7643,155.5509541752761,-42.69428310463582,1102.579161878938,1094.1034768909137,738.7595491242132
7644,155.63689536241935,-42.731618529504914,1145.4469073730445,1093.9092604894063,15.091701659918579
7645,156.0830204997409,-42.927559258807655,1368.117594424965,1094.463435131113,5.95892676294379
7649,155.4179331716524,-42.63712825686523,1036.3519089184438,1094.7822705512965,0.4979430274931908
7650,155.6752284088981,-42.75164537919889,1165.4974294720669,1095.5285040348876,2.8825814183599627
7651,156.77019719363767,-43.22526405445677,1708.4564009255562,1094.8662340965625,0.36255319975137024
7652,153.46289684512337,-41.76269022938842,46.01299563770463,1095.8840130201147,0.34426184597552784
7653,156.09027279633324,-42.933953487387846,1372.6135915115115,1096.0944221153602,2.9342836428533703
7654,156.10243158769293,-42.93921272887282,1378.6485996340114,1096.080760369619,5.33124925293777
7655,156.71939933562845,-43.204185762772084,1683.6128452677951,1095.237558464019,1.5612464222180278
7657,157.17184527762262,-43.39910854356645,1906.4586393650884,1095.9320464933844,5.603362292476137
7659,154.03871141076,-42.026684771183845,340.93331209953095,1097.1540861560738,1.3898318136134151
7660,154.43555535845127,-42.205222916183246,542.5374660682878,1097.121430322062,4.350072442030453
7661,154.5187704310008,-42.24221719430645,584.6153383316005,1096.9744560004654,0.4003303645246511
7662,155.35196721855232,-42.61161860562024,1004.2813800901868,1096.5690024908736,0.8949019841472784
7663,156.24031515769778,-43.00005586832303,1447.3765054062787,1096.5739758874183,1.4564140556922356
7664,156.39185298321325,-43.06648409225303,1522.7024332813778,1096.985832810627,2.8663231657329074
7666,157.085102322533,-43.36432310988825,1864.4903921982618,1097.037655559426,35.19052643241233
7668,154.56642370467625,-42.26419394674539,608.9274232467232,1097.2998920888938,1.4947880811188274
7671,154.79844622644725,-42.36926466683076,726.629652888744,1098.0499193596233,148.94953961812283
7672,154.87390016619082,-42.40297078423702,764.7322721628308,1098.1096608121236,0.436262276501525
7673,155.28884291193964,-42.58678629691342,973.4620706091243,1098.0832443072495,3.669044395329845
7674,155.39616153682658,-42.63380660833336,1027.1976982497179,1097.9305434293433,3.044582634163635
7675,156.0187143256223,-42.906964421168524,1338.1763622998683,1098.181580087442,1.00060400185322
7676,156.1908392588186,-42.98256642752359,1423.9149652183903,1098.5741837096384,1.24023972077451
7677,156.53512423620296,-43.12905238225793,1593.7703745275426,1097.3442577555982,74.68217049288842
7679,157.40032181871797,-43.500249012333875,2019.3882442978731,1097.9766567455038,3.069681932028201
7680,153.7478965476667,-41.89836956487126,193.59206514713938,1098.8487757671119,15.895295773789993
7681,153.8902756249776,-41.96355723070518,266.4520194450329,1099.15931843992,138.55374545979484
7682,154.21107004887415,-42.10758518505731,429.53223854706204,1098.7407330200863,5.58241256391432
7683,154.3175133871017,-42.15511118286473,483.49056427940354,1098.5629401427773,6.915005297836956
7684,154.86243562043106,-42.39979448103554,759.4973160210627,1099.0744915977984,1.8160321952683338
7685,155.68597030863572,-42.762355646553026,1172.5327359311882,1098.5463565697437,7.255665183568921
7688,154.5767595003318,-42.273682232990666,615.5521151928983,1099.7376041618065,5.617296034068617
7689,156.759284546299,-43.229658303577956,1705.5277557802806,1099.4448357830324,0.8318085161073319
7690,154.61778972212343,-42.293579948624895,636.7544952452973,1100.516203130709,3.044868719467501
7691,154.97671411715174,-42.45478007682085,818.2850490477606,1101.179196690176,4.328417810016899
7692,156.0305308098268,-42.91898177017234,1345.946831395448,1101.6401436911465,3.62669751512885
7693,156.37279348867165,-43.06613623180622,1515.4180617589082,1100.9621675114402,71.67258086134981
7695,156.90997208628266,-43.29721767752951,1780.514355123451,1100.940204827352,4.663515522093788
7696,157.27239707320734,-43.4509308108751,1958.1297607165484,1100.497216848528,5.3402239016289474
7698,153.83656398973883,-41.94438669721055,240.55660058540272,1101.7428375063334,3.7398078917418633
7699,154.48510780060005,-42.23724428174308,570.4658995130711,1102.0359441995708,8.335207969621031
7701,155.40054712832807,-42.64366745677934,1031.618041370504,1101.9130800862765,1.6694998094927749
7708,155.77374384061662,-42.809495682000346,1218.7632624904268,1102.9282047749905,0.575035767333073
7710,154.43586406139525,-42.218402542169514,546.4434161182384,1103.6532367637924,58.80299005997183
7711,154.95991476630368,-42.453262730117764,811.5085068415558,1104.1598227275667,23.4502321998121
7712,155.5597728446643,-42.718083596567695,1112.552347240113,1104.1171206218967,3.028307430556196
7714,153.47685297311597,-41.78745996794418,58.584427095124745,1105.0744216727314,8.042623845356934
7715,153.94874747537602,-42.001221392616735,299.5244871648993,1104.7591380206609,2.006300320548223
7716,154.3498103471746,-42.182322183387946,503.5403922936616,1104.9228459419378,8.210221367968565
7717,154.3770717644003,-42.19442431146529,517.3278201393814,1104.853938903585,15.591010849755952
7721,156.24768944004256,-43.018783053789036,1455.2865972600823,1104.39387079707,2.8447460977140286
7722,156.6413350172365,-43.19011890704233,1650.376735541792,1105.067259382163,100.76945308776982
7723,156.9604925394028,-43.326911316800874,1807.5220253479984,1105.0170200947334,4.028966362100129
7726,153.8794007708792,-41.97177940029045,264.7386375155259,1105.7337575327376,10.656485816383498
7727,153.92048927736465,-41.990395476830265,285.6924794358762,1105.7397740992592,0.7953492088586582
7728,154.55146136504857,-42.274873775124,606.3340880788146,1106.004759609386,37.498269984553325
7729,154.57800305106093,-42.286282996010726,619.6315408393416,1105.7726216384797,17.781784064573205
7733,156.53739774461127,-43.147338381341754,1599.5932920123823,1106.065748248834,2.0065415058542024
7734,153.4180310951785,-41.76452621124116,29.594547473001885,1107.0311742134386,1.4398821675484792
7735,154.15352902831137,-42.098662266107844,405.2032663915704,1107.247812043607,12.1953074635622
7736,155.3632731641894,-42.63673045813494,1015.5977392697374,1106.6773814559951,1.093219601637973
7737,155.44623606653226,-42.67351804028589,1057.2310520717658,1106.8029855207492,2.6723944590959205
7739,156.4034535334666,-43.09078717193719,1533.7035032516521,1106.7025305767459,31.660464308877202
7741,157.14168182525052,-43.40786982923052,1897.432876220198,1106.8434281358773,1.586484976466609
7744,154.93712032739148,-42.450814699171815,802.2038673824109,1108.0101837849015,1.572811053631909
7745,155.16800435590724,-42.553352454019894,918.4091740938143,1108.1044509356007,1.176025555964151
7746,155.92965726808677,-42.88789526016989,1299.3076856406944,1108.1114742820353,0.9466117326336864
7749,154.5315732412745,-42.27125608092397,597.7827812569192,1108.6510620194615,178.02666337847984
7750,154.762135928296,-42.374752999054515,714.4750001855027,1108.9125286426022,2.068821354697478
7751,154.9089378170339,-42.44085133014471,788.7310273914552,1109.2939732231546,2.8864749498284907
7752,154.97628446667557,-42.469557014943184,822.3115321056786,1108.6874424359971,1.8362482902874349
7753,155.00003520332166,-42.481399407179715,834.6374623901902,1109.3402401512299,2.616539857421768
7754,155.59066342280693,-42.74174900931064,1130.8147612541939,1109.1945709805166,1.9435715250292531
7755,156.0897982834864,-42.95934145022654,1379.4164088612856,1108.9757666438431,45.226250709684734
7756,156.25731705816045,-43.03137237672059,1462.3640937151163,1108.6316594943087,7.0717778547088095
7757,156.6152472263922,-43.186311817142446,1639.5116268897452,1108.8071433134714,1.5114877444108528
7758,156.65032395413547,-43.201385772162524,1656.8147675774878,1108.7976012374315,1.4034773787855936
7759,156.73103773534643,-43.235699433813906,1696.511275220228,1108.6072702699526,1.4462967154852742
7760,157.17046032774624,-43.4237003686214,1912.4924387454769,1108.6467483304682,0.4756680545795182
7761,157.36492144705502,-43.506303831268866,2007.6638074467387,1108.621423925803,1.9289430244297987
7762,153.9343456784737,-42.00587761634733,295.4373958606449,1110.3463189481147,1.472775262297922
7763,153.9917968460393,-42.03078275900777,324.3926155142014,1109.8080159738838,8.71121842277313
7766,154.9891267385534,-42.47811656941479,829.5875848330089,1110.1217520797672,17.304362490051986
7767,157.19529348603788,-43.43654059805059,1925.2649822697251,1109.7917921665896,5.632217669971635
7768,157.22367202086662,-43.44899443140338,1939.266191932534,1109.9828608209245,1.405490632559772
7770,155.4717496491876,-42.692632116591575,1072.211299753983,1110.7660138275203,0.6294478026488627
7771,155.64069943114487,-42.76746584916559,1156.8653887357652,1111.0883831557478,22.653877877570746
7773,157.38295619250493,-43.51835024231767,2017.6439259073,1110.842717001595,2.852422470463328
7774,154.31185970274868,-42.178566845628715,488.1183475333436,1111.5782729710768,3.867525607274761
7775,154.5071822592349,-42.267010754460216,587.350458509388,1111.9941257415646,0.6154245536248012
7776,154.87744898074897,-42.43206532750601,774.342211160788,1111.9085202493293,2.1676406728201174
7779,156.14687792163951,-42.990606149064625,1409.5368512380385,1112.2285164531734,6.105796837109858
7780,156.2434882802794,-43.03231251220168,1457.40615249592,1112.1228254855366,0.7795204440640656
7781,156.4335167706872,-43.11428994737337,1551.4418763142335,1111.998998777951,1.5136141395217
7785,156.16991064072573,-43.00197950122716,1421.344924039997,1112.919723689646,1.5704803161793663
7786,156.32202414384312,-43.06707273661988,1496.5271563578776,1112.4967596323356,141.25958922667354
7787,156.71464674589564,-43.23621303809838,1690.472937839884,1112.4160242323396,5.341737488410968
7788,156.82419186095072,-43.28397734283085,1744.630392700201,1112.7967420724513,1.6215275147073718
7789,154.6233946005944,-42.3231717204624,647.3386556320411,1114.0895579123796,5.135874833547909
7790,155.0758539815148,-42.524997470562234,875.6061738995708,1114.3473499534423,5.03771442272273
7791,155.1973967228427,-42.57822353704528,936.5184569666005,1114.0638495935414,1.3573248811471985
7792,156.06679053802833,-42.95872639515257,1370.5684787531561,1113.7009059219295,5.111894195346823
7796,154.0296393089414,-42.058118848251645,346.6344552338945,1114.9287512335513,1.630748881732174
7798,154.74715131469893,-42.380496447431895,710.4526409037246,1115.139537932867,8.57090259177868
7799,154.77250092780892,-42.392053574713685,723.3206135237807,1115.2697796662135,1.3390878832303665
7800,156.55190109226118,-43.1711504447761,1611.5242241569204,1114.915415827741,4.568466159070489
7801,156.66900412096598,-43.221524544119085,1669.3032714828046,1114.9000120216451,36.71129293223152
7802,156.87036336295958,-43.30782146401774,1768.4402523296287,1114.844742865705,31.68577644124735
7804,154.54294567126598,-42.29042556488213,607.5749404870135,1115.7046144606782,4.483724682311627
7806,155.4923933453592,-42.712276243203085,1085.4960781493442,1116.0739172916678,476.60805456739337
7807,155.9182566537281,-42.90004058789449,1298.3615883190662,1116.7213604361414,0.8290350777337958
7808,156.1935468351032,-43.017690593562236,1434.5672306293889,1115.6649891176294,1.437463192477981
7809,156.49217643729514,-43.147131907376206,1582.4898323169405,1115.788208365869,3.391868125959662
7810,153.58911853025805,-41.86112203627315,122.66896604935135,1116.3107206554669,1.619340112685541
7811,153.78363546027126,-41.949377088416156,222.01238624155738,1116.2368976355156,2.196269389193895
7813,154.13018956458413,-42.10823303225183,399.15700941810445,1117.300929901923,2.108918592658513
7816,155.60926572018334,-42.7654515181131,1144.4417336926492,1117.0038629348146,6.280454786897519
7817,155.87935850752993,-42.884270404464445,1279.3292411366183,1117.3250803063486,0.7891782001882421
7819,157.11816590123152,-43.4182183473233,1891.3390604288436,1117.1264803190488,41.653886994314625
7823,154.55820962280396,-42.30152702942078,616.5216829625192,1117.845097680308,4.742789683754587
7824,154.91849967594217,-42.46270025383417,798.544946743119,1118.120139035642,1.9367501338803736
7826,156.9690570161636,-43.3560081502091,1818.5505311510701,1117.8507768266265,4.823259986745783
7828,153.50919793745416,-41.830261136075706,83.4046065462382,1119.0830686748668,1.6528228615124996
7829,154.0871425641677,-42.09131499314061,377.99209498625873,1118.5496320689788,1.7757483538214893
7831,155.14810238025433,-42.566151311306086,914.5049355758536,1118.9463071932073,0.9188950152655269
7836,155.62086037657926,-42.7773026192587,1152.1181766571858,1120.4036407775016,204.86245953838306
7837,155.06470527491513,-42.53357619769802,873.8223612100365,1121.1297860560915,0.8418787472520725
7838,155.89290674346663,-42.89779256267586,1288.1785110860326,1121.152257624709,0.6264319248544548
7841,154.519851528648,-42.2923570023527,599.4067381518817,1121.8490502256286,1.0016673479222717
7842,154.61322277165263,-42.334995104024095,646.8796924514688,1122.2907591522921,1.2411849959446724
7843,154.6368223554874,-42.34469465934353,658.5653744629764,1121.8683736339526,2.816013765824514
7845,155.80785684935427,-42.86104186152047,1245.9272665493202,1121.3467807910044,4.576301653294181
7847,155.90677199070004,-42.904974863191505,1295.3930579590824,1121.7223770440128,1.284767900165086
7848,156.22034164040528,-43.041844759076035,1451.2889842666182,1121.9736559895991,1.0492066125909216
7849,156.40019844571216,-43.1186322469209,1540.0652451554063,1121.436767848861,3.3060509758667562
7850,156.63111145256013,-43.22079009769966,1654.827004448112,1122.7443454037793,5.21833742617731
7851,156.92174190278726,-43.34498070715634,1797.7742866889155,1122.4952186607045,2.4427300042958495
7856,157.07639357475077,-43.411430926958715,1873.799842375204,1122.6903410232126,0.816840581967579
7857,153.58356018684384,-41.87430398951429,124.43991370025597,1124.1596233296461,1.7916856222472748
7858,153.9068806112631,-42.01966352962471,289.07620937395706,1123.4547238385896,412.12897736727086
7860,155.98313710020702,-42.94187632308932,1334.3783346389866,1123.5412904489392,2.0191535201807222
7861,156.14421233883365,-43.011801997659994,1414.3501367743954,1123.4790312210052,2.130780554422164
7862,156.60251463576952,-43.21107157376451,1641.4212312890575,1124.0483884585212,30.24220998883101
7867,155.28079645264935,-42.63729823616834,984.6239075192136,1125.225958486421,-0.1824523814965797
7868,155.30105861258644,-42.645601293295826,994.6035270129244,1124.906009885727,0.8183674452425588
7869,156.72230419992712,-43.263269042099374,1700.664395584848,1124.3984066916107,3.185898680097859
7871,157.3568063129596,-43.534191351585314,2011.9999559968587,1124.4476666398366,246.2162003926747
7876,156.54843810144766,-43.19122557382757,1615.6667833039085,1125.783148063299,2.7284992162408703
7879,157.23221016997246,-43.485302931715445,1952.1397067006953,1126.4826567712391,5.225646908408977
7880,157.33756951484818,-43.528872813643666,2003.3527073850194,1125.883776964774,1.3301079726437557
7883,155.84073301283104,-42.88692157514984,1265.4943541305906,1127.1378006442972,120.35992742399864
7885,153.40694051377378,-41.80097263907237,36.15238116637428,1127.7576672095702,4.852235826749004
7886,154.5094053495944,-42.29953498244029,597.5211706041914,1127.7862135075625,10.145827208380494
7887,154.5724427378802,-42.32727384110502,629.271829927303,1127.554217223556,2.349132905577792
7889,154.7894165101665,-42.42609078035184,739.4033518826517,1128.5544273846529,2.725847263774204
7891,155.15187032304846,-42.585804382290135,921.4709683186727,1127.971753589364,2.3895661280810674
7892,155.63254831807023,-42.79599909176826,1161.733862290098,1127.2233782050007,5.146624470609772
7893,155.91693165669741,-42.923153789512064,1304.2467591625268,1128.6365449805567,58.91681991964656
7894,153.46842143152108,-41.83119591191684,68.27764587685071,1128.8363343878611,0.8028897500891937
7895,153.88204553036647,-42.019263062536716,279.5800048753092,1128.875466626544,2.405162042568437
7896,154.9236186435519,-42.48725867628116,807.4472396070927,1129.29481035595,78.19040234070019
7897,155.10906987281865,-42.56897106892607,900.568332889435,1129.0291452031138,1.0942454708219111
7898,156.31923866047333,-43.09773009991972,1503.850925161646,1128.5414033520838,4.4304323170458675
7900,157.24103510624298,-43.49316385929462,1957.5508049848038,1128.5571670494398,7.1331297672429965
7903,155.54320448836148,-42.76154091250392,1118.4274781550687,1129.6066784728016,46.4427106180466
7904,156.414131118525,-43.14030274496509,1551.2197459426363,1129.3195374514396,1.4559877708258828
7905,156.42810068168782,-43.14763216945422,1558.4791231447837,1129.9722376893849,32.457460650536596
7906,157.2046477183464,-43.480650985956,1940.530682607595,1130.052708443009,1.1270201395681825
7907,155.01555626698263,-42.53113252336442,854.5800811525177,1130.8331370448786,388.4533484765539
7908,155.04489606943156,-42.544293789564094,869.3764675794858,1130.910174112753,25.0846837176614
7909,155.48919006661757,-42.74092308096164,1092.2943366786071,1131.170637446706,0.2778346501685899
7910,155.80623831507256,-42.879243984580185,1250.3602398280834,1130.8536825764024,6.610452574924539
7911,155.8848377906262,-42.91503527863336,1289.9024018399748,1131.5937162709154,2.6140910093856426
7912,156.1094174495903,-43.0112337213782,1401.0773128696785,1130.7983980996435,1.5209992353546424
7913,156.34127186822724,-43.1134196896265,1516.4371874525796,1131.6415494275293,17.062219915935295
7914,156.39327907385123,-43.13357783847986,1541.530771482535,1130.4699117803711,8.337129525081444
7915,156.44133097896392,-43.15494809703473,1565.4552523886816,1130.7797588089206,11.434519591338542
7921,153.37415967571263,-41.79655557800221,22.470052220792045,1133.0282257732756,3.1991218503143135
7922,153.86718364763388,-42.021096361521955,274.5024177095839,1133.1563022273574,20.9401722577513
7924,154.37467325116535,-42.24987258943811,532.3843915241791,1133.1550912117743,0.7798779527192207
7925,154.7944001051322,-42.43662251050576,744.283286403118,1132.7210000345142,2.1066860759442285
7928,156.55646791512362,-43.208908913774415,1623.4890843163969,1132.9500173150982,6.47541384037046
7929,157.25669405575107,-43.50816817784688,1967.4305491821015,1132.7722917632523,194.41323997168936
7930,153.4732386519563,-41.84348209090371,73.71415725033583,1133.873791040617,1.4585848641776127
7931,153.787351621054,-41.98537742410509,233.9345468023339,1133.3873601357695,5.343773513948591
7933,153.91155090933816,-42.042901718768455,297.6083901022196,1134.0161927359766,7.285888941690678
7934,154.00741882865313,-42.086327485384366,346.43636730701525,1134.0568897389744,1.7468833191145205
7935,154.16764882796346,-42.1603732889226,428.39909866619126,1134.9425716280139,2.711373346814283
7936,154.45708014991322,-42.287989310475126,574.4529930672765,1133.7394601057276,11.782055987677616
7937,155.0915191623939,-42.57067519215233,894.4268204423678,1133.7826647009779,3.6428381207095284
7941,155.74217473142895,-42.85875687489638,1220.5226460584543,1134.6350922695447,4.554847899869816
7942,156.74179037627948,-43.28987431626762,1715.1835110753484,1133.5932988772315,4.531858696922946
7943,154.92322167226055,-42.4977122764402,810.2636835994315,1134.6249651024993,7.495905804599089
7946,156.36174565763656,-43.12894459414025,1528.3869337082342,1135.0006089868864,127.97641139960193
7949,154.17626543607696,-42.16683196774169,433.52063756646135,1136.232381011105,9.806301587095305
7951,155.65092735572176,-42.82252809440277,1176.0488358668392,1136.5059899220084,2.323461753316487
7952,155.86869088782404,-42.91636068673755,1284.1813324744107,1135.8030832636728,21.700127769103084
7954,157.32342330627824,-43.541783649883676,2001.454907614787,1135.436156541422,5.408003912771823
7959,153.43487469191086,-41.83412043554893,56.471878507387,1137.939144083767,1.7445400104510997
7960,153.58163729720775,-41.90046210104651,131.3944754887108,1137.662242346829,7.42417971600244
7962,155.10132850869516,-42.58279185066401,901.5500682437582,1137.682281395127,97.24226485718225
7964,156.40880992099085,-43.154181327570704,1552.9952519215249,1137.4668325979433,323.7458018812465
7965,156.6599489221101,-43.262099732155484,1676.865356131704,1137.3139402591587,3.274375192625561
7969,154.7699500378358,-42.438351982025445,735.5486749688564,1139.0454010077735,7.702640394445329
7971,155.4947007594688,-42.75915044613673,1099.4663027530585,1139.1088696801405,5.266134098641703
7972,155.7433728420701,-42.86815716920757,1223.583161116178,1139.0964007014443,5.259665702496533
7973,156.24682538269656,-43.087258137078095,1473.70277632769,1139.0553068445997,0.2568349848700596
7975,153.94598555354875,-42.070391838928586,318.6106607027733,1139.9722355125311,448.7165117249551
7976,155.03002643351786,-42.55466904086377,866.700814250626,1139.4201948430916,85.83101263880438
7978,155.98500606532605,-42.97513836887874,1344.2529772772536,1139.8626491181424,1.2756200577140928
7979,153.68534774157095,-41.951910735209744,185.63426359214563,1139.801893440201,108.05202033640339
7980,154.25940598674856,-42.21466849948095,478.7268538673121,1141.448850260627,17.61483124711116
7981,154.556002358639,-42.34707178423617,628.7368782901584,1141.1530782266304,1.3411513654905196
7983,156.62359142858404,-43.25331332621842,1660.7987844002216,1140.765174112179,4.692478057645422
7984,157.25878535739872,-43.525595779256534,1972.8479452951722,1141.1226953357889,6.296814829928483
7985,153.48092148937963,-41.86360917866029,82.53936346519896,1142.1736162786747,2.894754322360017
7988,154.7965037137295,-42.4551996806837,750.3658952838764,1141.5627442654365,1.2544263996006693
7989,155.1817863255545,-42.62711606660327,944.4039602613378,1142.062961076879,9.054797493749033
7991,155.46391058405706,-42.75083666203117,1085.531611566342,1141.7311464828247,135.87289888433935
7992,156.3143051891543,-43.121715137710325,1508.5425597597637,1141.6922629400208,3.85954461522261
7994,156.611028780661,-43.25051758541245,1655.3119910171756,1142.0798141737275,0.6081543326097875
7995,156.86549021077687,-43.35958254703854,1780.5203989064094,1142.0024425144513,1.8933698989709318
7996,157.2975291996497,-43.543043569138916,1992.0509727971337,1141.6230956234858,12.167087936959533
7997,153.4456268547313,-41.85056484656928,65.37564998987527,1143.699018899719,1.6688659106450392
7998,153.81105466498275,-42.01612432474343,251.86203091053866,1143.3822698480503,613.2672030564305
7999,154.1367556151182,-42.162594586666614,417.38060050590735,1143.0164570120362,23.302341445225686
8000,155.26238789249715,-42.66523541837654,985.5329226867016,1143.326387016389,2.994644206946207
8001,155.53694280873933,-42.78437896354502,1122.439542705024,1142.4598641493994,5.227229532337826
8002,155.6328089608357,-42.827139215993455,1170.5007083299695,1142.8126619059155,4.879473309879058
8003,155.96704829466714,-42.97176961354661,1336.556508114931,1142.1017292321808,2.034226564322236
8005,156.49837196754643,-43.20441637286388,1600.3904601411352,1143.3004883493024,32.96954400342456
8006,156.90871942736408,-43.38074088823118,1802.4716263894145,1143.3424018928906,1.5675738398882062
8008,156.98392624846431,-43.41097117424306,1838.8761077310849,1142.3739836268162,0.9465765053106255
8009,157.11790500564075,-43.468766645814576,1904.7299218984135,1142.695019597059,0.8324093425268639
8012,155.86694315687623,-42.93078159700744,1287.5106612287711,1143.437244604337,21.055746697659153
8013,156.4259370952402,-43.17480669454738,1565.0620727824214,1144.1288597663684,7.905444068078797
8014,156.59085531080592,-43.24575739503847,1646.4275210112469,1144.0556389792457,2.229294059716124
8016,153.32974828565023,-41.80086331345257,6.975562415334446,1145.310059954865,1.8835311252997582
8018,156.07703636593456,-43.025303650269365,1392.741296713673,1144.9572641577374,1.5262954808849505
8019,156.52956387722148,-43.22122631410407,1616.699504126929,1144.9953490810055,1.2199271092680992
8020,157.21887131776774,-43.51646254523379,1955.409658241986,1145.0771427109291,27.570181064148702
8023,153.7101301532108,-41.975863566517155,202.00107746631087,1146.144697369575,6.22441279891009
8026,155.22958477423714,-42.65596187754336,970.5535604353536,1145.9403729960527,2.2485003660016623
8028,154.49323209637828,-42.330799865497994,600.3861296738311,1147.0688848051536,8.28191209630147
8029,154.5762207465179,-42.36828812781095,642.4417223543267,1147.2519361602206,6.017560499587282
8030,156.10983207344367,-43.04237810500881,1409.7886628795372,1146.378201769449,5.949327558534519
8031,156.65637220606035,-43.27917035273405,1680.1348967686376,1146.69175179154,0.7028665931385878
8035,154.72334501963144,-42.43591015879815,717.2688149335756,1148.2285726862958,2.600469511130155
8036,155.72240265698775,-42.87782280153,1218.3614754231348,1148.564744113334,5.481639323243407
8038,156.18473580327702,-43.07999317945904,1448.3240841108761,1148.9457415334753,8.834552911833148
8039,157.00747546645528,-43.43209544625521,1853.391463366276,1147.9568892080567,4.7372982177236125
8041,154.2892979917645,-42.242897002549675,498.1521626940568,1148.8514389327502,2.0413267323784647
8042,154.87084863326967,-42.50395267894235,792.2763504221141,1149.4214585751333,3.2517507445328313
8045,155.26794615549989,-42.67920062506607,991.5548424976557,1149.1039700592269,1.461951655521076
8046,153.3154586224146,-41.80269447663439,2.1233766165762193,1149.4846922852494,462.99520741029505
8047,154.17239092159903,-42.19255580653382,439.49953833902225,1149.9743917248168,2.1011146457360796
8048,154.41484473985022,-42.30061707849105,562.1422153776869,1149.5387344540643,5.382355901773554
8049,154.53592243570742,-42.35571412840545,623.63653370908,1149.9788406270904,5.141598999493092
8051,155.3872893516042,-42.73388098478195,1051.8961195738505,1150.1454864772302,2.374733051572557
8053,156.12595932412665,-43.05702817983608,1419.886395175346,1150.2251325566542,2.903297798093283
8055,156.94647154746588,-43.409677864950304,1824.4383989200292,1149.7946764948917,1.9629924378865475
8057,153.87350553551167,-42.06069065917749,288.43044087979774,1151.5163619141847,204.75205762963185
8058,154.21818782449566,-42.214949372879055,463.2534737767079,1150.8652348490145,1.7785484271010819
8059,154.58803776100342,-42.38205725938885,650.841010853316,1151.5030638372095,3.385455851068547
8060,155.73988052866397,-42.89023337946047,1228.3928670997366,1150.959110102158,0.9132986314999233
8063,156.99374743969327,-43.432162747496136,1848.2457057156507,1150.9478608627767,3.782967044408459
8064,157.14801222146727,-43.497391896616314,1923.6861101318127,1150.6695682551676,1.3672231666448582
8065,154.0317053237162,-42.13358523616985,369.32707532989224,1152.2041536386969,1.2478806638619742
8066,154.4329268316289,-42.31480987083698,573.0431266999274,1152.5865391818047,14.402384856305924
8072,153.8820886795598,-42.06857926102773,293.96794947624574,1153.5171376690787,2.927260332839262
8074,155.10177622299565,-42.61331077262857,910.3362633109191,1152.8920342870247,55.08628499752693
8075,156.04530870684243,-43.02767174108304,1381.4402756200666,1153.0872482135094,128.4146387336873
8076,156.296337884048,-43.13529400632768,1505.4847647535769,1152.4422101290468,1.003652124880034
8077,156.32458410854974,-43.148600367861896,1519.753958889698,1152.9882783274018,0.7565847708534922
8078,153.71360696426996,-41.99245250045705,208.16747403928773,1153.6434686358618,3.6426509051060654
8080,154.418102145062,-42.31111275875012,566.3881414017973,1154.0618505281086,24.62787072553096
8082,157.09666236605142,-43.48222935480949,1900.333302743313,1154.056292568503,22.669646142337488
8085,157.28410905314496,-43.56095693454185,1991.7596343732102,1153.5446054433964,3.459037058969828
8086,153.36863835787045,-41.83787337646017,32.57882189526298,1154.909512017935,127.00636373312251
8087,153.4092670083909,-41.856328521172564,53.35204929873228,1154.8597503590092,40.44305843406644
8088,153.53428896858276,-41.91378548526942,117.4374896908754,1155.0821002429593,1.7013386075889958
8089,153.55129328655354,-41.920851131991164,125.929677409465,1154.7432631165777,1.7549206237514108
8090,153.73586270818228,-42.005657903995626,220.4277860185897,1155.193506356284,54.357910477156956
8091,153.7847786646679,-42.02799085525877,245.4110140002979,1155.264828675125,1.4768690817024894
8093,157.32332780634383,-43.57996398885607,2011.5426950018355,1154.736094909231,544.2286131172677
8094,154.51293116958635,-42.35725897203759,615.4064335358526,1155.9029454274037,287.32097691047386
8096,155.34401787330987,-42.72660582970169,1033.544560869687,1156.0608938953123,40.55037511336332
8097,155.6865609901612,-42.87681797555681,1204.57571236367,1155.942355435264,3.5463117222216924
8099,156.24866829535455,-43.12294445262315,1484.15994252464,1156.6150440669994,81.09030560226397
8100,156.5492721841211,-43.25048146166174,1632.0552693399197,1155.4554663725032,1.8081639159532792
8101,156.9174061733416,-43.40927507777769,1813.3974565871192,1155.8587698038698,1.8216280848904878
8102,156.98259784278113,-43.437186118710045,1845.397385361259,1155.8835943915258,6.777744876409949
8103,155.3795162397102,-42.74273942013518,1051.4480131740534,1156.310656318103,5.0830116285117874
8105,156.41877168805075,-43.19742017356872,1568.5199398862524,1157.0742234655213,8.434024788613076
8106,156.72072732510256,-43.326538282403476,1717.14850326001,1156.6314688169755,4.264819290950491
8107,157.29718332830205,-43.57321177732274,1999.9257798159178,1156.9291465896117,2.9494413508792117
8110,154.96517834876943,-42.56296200837211,844.5908713313329,1158.001160788809,531.8821499853167
8111,155.8298459465119,-42.943099305178514,1276.9401829507492,1157.7698094230286,2.924671615566625
8112,155.99074629797803,-43.013589080380406,1357.0120612495587,1157.9436354062907,6.089571512038556
8113,156.53202205825878,-43.24705399513584,1624.6334740895147,1157.4719482742112,26.65576873034866
8114,156.64612475606293,-43.296017211317896,1680.8340363539592,1157.4007407107126,3.5183060918617315
8115,153.68426764913082,-41.98985041995523,196.3362199190556,1158.9994197463745,17.81773038005368
8118,155.62318046079548,-42.856347549197025,1175.001594377523,1159.6065024537838,190.1936078882394
8119,156.08812397221428,-43.05913231524365,1406.2149849758348,1159.55099290521,10.650531817333304
8120,156.45331493001555,-43.21621001450668,1586.6337660323456,1159.0282813253164,4.930104856216439
8121,156.49414479283956,-43.23281098961243,1606.5120538917301,1158.5202142758899,2.7267557051889155
8122,153.32586796787464,-41.82983866673374,14.070111330657676,1160.6542470862203,13.033366792002974
8123,153.8378938983023,-42.06225413184412,275.45033906108915,1160.3572157885808,750.4610147516632
8124,153.89743886459283,-42.08842930060447,305.54165521351786,1159.966140609583,1.6745737433789323
8126,155.73108051481822,-42.90349865195206,1228.7581900667153,1159.5594499704928,1.6748187403622437
8127,156.15857576243872,-43.090724318686384,1441.4144537451652,1160.0556861591729,18.297496268343956
8128,153.78901496267312,-42.04052612173962,250.6701755053181,1160.568361105268,6.17518854735228
8129,153.8083352218251,-42.050536391720286,260.88092689107145,1161.194209437358,0.6653663904520692
8130,154.19531107430262,-42.22489502895218,457.4974244165801,1160.9904043307727,311.8324982457466
8132,155.7876765655259,-42.93213929450679,1258.0201220188096,1161.5184795262733,4.0722451106986535
8133,156.82243922700712,-43.378415568458095,1769.3878356329883,1160.7945604894428,160.52929464660505
8135,157.2398042596123,-43.55783780720396,1974.279093196264,1161.4707450055275,8.771694465055743
8137,154.01582600435663,-42.145055084508364,366.66641917500186,1161.523529450778,5.021895671813551
8142,157.05805321223184,-43.482818481241274,1885.974555135469,1162.657808871588,2.1611877094997194
8143,154.11409332957163,-42.191864719816294,417.3066320920998,1162.7644459258038,8.580386781021762
8144,154.8996803161334,-42.54354623548897,814.3908701045674,1162.845747608479,12.47474826491997
8145,155.03029329492205,-42.60222070931798,880.2525416296276,1163.2078468409786,2.6171367857851466
8146,155.28039919929194,-42.712137398637445,1005.50480662569,1162.875583854338,175.1714511734861
8148,157.00321212600804,-43.46072704619854,1859.4505061061425,1163.3175266883234,297.7685663416207
8149,157.13219535931438,-43.51454034655359,1922.3106010561569,1162.7217393912902,1.4329035732504045
8151,154.2340240203526,-42.24839073269263,478.8864143199536,1164.0320084258306,10.032628580960436
8154,156.31497663263278,-43.16518358448329,1520.6639593015702,1163.427920494302,6.269336289138752
8157,153.87146544263376,-42.087618815815254,295.5083492219209,1165.43584062061,432.3020115412264
8158,154.38898282111163,-42.32053059112011,558.1131814812043,1165.3103838902603,0.9894043204949612
8159,154.40404609531942,-42.32716899524215,565.702296087056,1165.2526949907906,6.554351120063587
8162,155.47970730805676,-42.80431192373963,1106.4331928571987,1165.096269983505,28.692665950409427
8165,156.066278902941,-43.06044378779708,1398.3501060459635,1164.985456285403,0.2270527189802056
8166,156.45386135189693,-43.22814127522752,1590.0836710120113,1164.9177039374124,2.241983984770085
8167,156.8853360833508,-43.413562376113546,1802.4877239474042,1164.9379905778605,11.975105512546483
8168,156.90830615438168,-43.42349212608682,1813.7900729347207,1164.9903701295884,3.013502366803605
8169,157.15055762297524,-43.5266503746316,1932.4395259358516,1164.8875762109308,2.805115798840397
8170,153.8446693919367,-42.076927912160336,282.2854294437385,1166.1562648229342,12.142292649466087
8171,153.94747127839736,-42.122809124127926,334.41965612680247,1165.840089054813,4.0272602391549235
8173,155.34568828641616,-42.746864254110015,1039.8556294105044,1165.859518762935,1.6676231412643856
8174,155.45437798378788,-42.794711341238575,1094.206519282185,1165.865923049233,0.5354442294862399
8177,154.17661595472686,-42.227517746030955,451.20482266099395,1166.5112647089495,1.588265587334231
8178,154.65708405769857,-42.444051768749546,694.603661561942,1167.1115129111722,0.6557895957058764
8179,154.70306605171166,-42.46454610739747,717.7888666287862,1167.104403510381,1.523672665727269
8181,155.11787457042138,-42.64905549268321,926.4933278293046,1167.247480902933,45.00093940975368
8182,155.56040026510277,-42.842631262812915,1147.5284418228694,1166.545499014663,627.3485452992655
8184,155.88601967390096,-42.985101565870885,1309.712156559516,1166.5618646436153,1.4944110784769324
8187,155.15738379795977,-42.6668087373428,946.389358933245,1167.3880754688835,2.5714318686450888
8189,157.0556774400812,-43.492139235626844,1887.5716821655267,1167.8708436820416,5.529626256552436
8191,154.31039666886588,-42.292783333502754,520.4920777035018,1169.0718089524948,12.833412410672185
8194,156.9187479753861,-43.43488606813752,1820.772762098346,1168.4841254178489,0.7447893435423792
8195,157.12429178979892,-43.52357796233522,1921.74954473416,1168.980051461257,0.6574308699577001
8199,155.2921794932345,-42.731766382468976,1015.4571703340996,1170.1183589759978,4.941876073306274
8201,154.57909718189083,-42.417435656778075,657.5939270059628,1171.2210387254188,1.1552613786297214
8202,155.39722723727957,-42.779606166646815,1068.448707655998,1170.9029484124223,10.87502547200758
8203,157.34893603137937,-43.62230704677286,2032.3839135366338,1170.6309604319574,2.4759634168730362
8204,154.75072580509297,-42.49589899528799,744.6925456892898,1172.1717231982384,5.256713321730244
8205,155.57460243050312,-42.85887884577405,1157.4066486998167,1171.576132916503,13.025795533153488
8206,155.70042853710427,-42.91564450827516,1220.5846656031065,1172.399909981635,8.970664747970053
8209,153.8154773197425,-42.07855001932716,271.74987704655734,1173.5739501028522,277.6716339664724
8212,154.83907018345616,-42.53672529486559,789.6070476780873,1172.9282159759005,0.9893660964899214
8213,155.05005252242503,-42.62994055067285,895.5367882002824,1172.717822490163,8.381250800660418
8214,155.45958976525483,-42.81032186344008,1100.5340576281988,1172.552813865479,0.618015439202283
8215,155.7359980354457,-42.93185460986948,1238.4780894863059,1172.7267337231965,10.107719018633796
8218,154.23987559606542,-42.27043278293401,487.45674815170725,1173.7423903411263,6.623762388036002
8220,154.84769124697388,-42.544543596985505,795.0779142643835,1174.92522540531,1.1432367864569315
8221,155.6362082249701,-42.88990682699498,1189.247055588662,1173.5960786453136,2.6759771944415935
8222,153.9235922033474,-42.129902253803095,327.4784716065388,1174.7812242398916,1.0903174529427644
8224,156.15376429455628,-43.118517340515325,1447.224153812212,1175.0883131746539,4.269034863565797
8225,153.3327104231406,-41.864620848399596,26.92251225323726,1176.447828489364,1.052924733984333
8227,153.74191191262614,-42.049691717473245,235.58365037856154,1175.8191811261333,1.608734348323082
8228,153.76123892629485,-42.05913805610098,245.63132322737087,1176.1587464417332,27.487279130203945
8229,153.98900056960133,-42.16118371388616,361.2346078660565,1175.6422046427494,0.7647952991344665
8230,154.03056990752003,-42.17995867298298,382.35852338643525,1175.6460178442371,8.243521012390662
8234,154.52691962525245,-42.40578917439616,634.590947954152,1177.0679466549532,3.5393317956897996
8235,154.80436694420962,-42.529665592987456,774.5213118075092,1177.1254421743854,5.624094345572162
8236,156.16722740915242,-43.128680881736834,1455.0764074417152,1177.2633052213266,28.33734365360861
8237,156.45189168612538,-43.25185605038964,1595.7901588953548,1177.2864059356789,1.1208098728290523
8239,157.10004195492886,-43.528932743455215,1914.0656684956077,1176.8926627475093,2.1985603985509417
8240,157.32856939305452,-43.62601378935556,2025.716542012342,1176.8625711819086,216.93119970323949
8241,153.32045071049495,-41.86204172418169,21.53851665273956,1177.956733481992,5.716886208401414
8243,155.1137272133091,-42.66856225371078,930.4341949989649,1177.9507667751143,164.42822586572473
8246,156.06842041163043,-43.08704695708694,1406.468574797229,1177.8972009537938,1.912326967264074
8248,156.63633298809674,-43.33141575018766,1686.7235024644885,1177.355904284915,2.485707015934083
8250,153.9539924121943,-42.15221625174462,345.430233278031,1179.0652019266413,295.11024985118024
8251,154.04724649473044,-42.1939280686363,392.698576004621,1178.8678194146537,1.1137028231322432
8253,154.22094175718263,-42.27167759844661,480.6784807331025,1178.623689972782,13.564448955636768
8255,154.35015751949757,-42.33043434225516,546.3252524827241,1178.9812957948106,0.7737759073363034
8257,154.91321531302842,-42.58225802259592,830.4754793348372,1179.2359880386934,6.071207112243924
8261,156.92854669725406,-43.45982513671565,1831.1438158287579,1178.9467589100116,0.8113417281451959
8263,153.6580983699613,-42.01960330908413,195.1801075772221,1179.7962750968668,2.616478487133439
8265,156.05427187679535,-43.0850208745902,1400.587341433484,1179.9704248961468,3.6283971337040404
8266,153.4308563820992,-41.9178179543985,79.6136497267723,1180.6302542818648,14.449677413519213
8267,154.2542338959407,-42.29062786762587,498.6977830847303,1180.6159740562468,6.35023896513718
8270,156.07679123778675,-43.09583972177368,1412.0347490022232,1180.4901030577255,1.1694556190143324
8271,153.278422339509,-41.851032059704124,2.4405344426804803,1182.051829506329,4.319825978720747
8272,156.47590110948042,-43.2710185739073,1610.0271469752747,1181.721374127838,6.395197420711176
8273,157.0848117904788,-43.533130827230266,1909.4641587322656,1182.2837651967247,318.92301954844015
8275,154.00512539651473,-42.183026518019844,373.6572268771994,1182.9208934573276,0.9135606539611016
8276,154.60351353199405,-42.45150097451652,676.5409529942635,1182.8174794463716,3.3768616659444985
8277,155.2162293054454,-42.72285395402803,984.3411861264714,1182.4602885886434,4.4141420110387255
8278,155.76668273139074,-42.96583045770554,1259.450903783483,1183.0580935730882,2.4765048972378736
8280,156.27084611419332,-43.18375536484096,1509.1311251851719,1182.3847793397367,1.5071147967126364
8282,157.0049022395096,-43.498171744601855,1870.1038399273796,1181.838792758995,5.964012757116298
8283,157.18234086887222,-43.57613142951623,1957.5550474143604,1183.031402071694,4.072717210529462
8285,153.88743037527593,-42.131983963714845,314.4520910283649,1183.9950571609731,1.242422498497067
8286,154.0251920825473,-42.194730635514816,384.6182581717991,1184.2437354579356,1.6486456734739863
8287,154.66335232429935,-42.48024531566141,707.301170942366,1183.8381573086126,1.6813483937217397
8288,154.83195459576655,-42.55583222145014,792.3564479989187,1184.0878585984278,25.24960199324049
8291,153.91358782893803,-42.14591693614946,328.3675097539897,1185.0451659254118,0.5449293166602353
8292,153.9669076078712,-42.169473218001826,355.31507452514387,1184.7734935839571,34.69057703334446
8293,154.53771389597907,-42.42646151081979,644.5810465820604,1185.000764771305,8.16867367767452
8294,155.3966252905592,-42.8057911756481,1075.5534175178254,1184.1785621173924,10.690585755248886
8297,154.27111925981106,-42.308201967150836,510.1312163663767,1185.6115583468672,2.2923874067625283
8298,154.67994420508242,-42.49291910066202,717.1698978140896,1186.479545992168,12.937656943858936
8301,155.43114100031084,-42.82595749893777,1094.192411003152,1186.6799807024743,0.3336675215796108
8303,154.81926602807428,-42.55604802338273,787.6377127324815,1187.0231887193283,3.919343454975424
8304,155.11108926039861,-42.68452756184714,933.9447268293842,1186.5421445240083,3.4757711134091256
8305,156.12060528369437,-43.12761587456179,1437.243750682486,1186.9025858045477,9.52512910288933
8306,156.21775060186874,-43.16998586525364,1485.3947251231102,1187.0251651013425,2.0560899282124194
8307,156.5014873743713,-43.29240294341426,1625.4542812307395,1186.935809026518,1.4485248330370812
8309,156.73142084700973,-43.391067011238356,1738.575291233917,1186.8368301227674,1.89169695774507
8310,156.75321746479554,-43.401194113114435,1749.496303116329,1187.2289782874504,-0.3180755110866076
8311,157.05982178112967,-43.53285306477,1900.0033088605842,1187.515817982815,12.780963362095815
8313,153.92616799513107,-42.15763784424205,336.5193303351253,1188.0598347212992,15.145365600602062
8314,155.0001505416335,-42.63750191504573,878.8753018663059,1187.5944868579293,10.63610889619203
8315,157.1281695602566,-43.562756456100324,1933.6493478977338,1187.9128258496758,3.8869324326197927
8316,153.37400394607587,-41.90838262271184,55.402743787732796,1188.8695354719894,5.274652754667317
8321,156.4037301204251,-43.252974336840666,1577.9826724927948,1188.3123117085263,1.2155539235283643
8322,156.47704548307973,-43.28584713429398,1614.4852363001273,1188.9390027262093,11.427862605006396
8324,157.0340011064669,-43.523639770136754,1887.8440563177496,1188.4218123700377,211.84853957648355
8325,157.22936075858806,-43.60673345261687,1983.348175908672,1188.3873511295465,9.472021887434266
8327,153.63060747284766,-42.02665402450238,186.88362177339724,1189.5545393938837,3.342551158752073
8330,154.90947044661687,-42.60161307255972,834.554414260116,1189.769429860945,10.88936787874568
8331,155.06841903563028,-42.67270679835357,914.5382649498858,1190.0829571120632,3.1218023244335003
8332,155.35228350721488,-42.797128885962465,1056.4313868143647,1189.6267161747126,43.9483628580978
8333,156.2527610408462,-43.19068676972048,1504.2234373802178,1189.8115449437623,3.7152146171810148
8334,156.52706346418202,-43.30959387395195,1639.7333265725692,1190.0441582135834,7.745615896066971
8335,157.1608781708621,-43.58058856976846,1950.6815070962843,1189.8864077082906,3.928140639918482
8336,153.27011645770898,-41.86369639428079,3.054106397783262,1190.2636264380342,0.6497975065742378
8338,154.78024430927863,-42.54687300869627,770.3290116867516,1191.124109220337,7.461513390342257
8339,155.3130608178813,-42.781960183802425,1037.4106975059285,1190.6851053447172,47.889566147567365
8340,156.31951425012033,-43.222896154657995,1538.120918088716,1191.4862302568945,19.884793733451918
8343,154.36883367602636,-42.36355363393566,562.8931141461809,1191.3612467849184,1.8728311220937308
8346,154.8905870473625,-42.59739176350034,826.2447737026466,1191.8561808374186,4.040397249230646
8347,155.00608948405454,-42.64865929120764,884.2686094542591,1191.8679287728348,1.9569964867548448
8348,155.19361799615785,-42.73107050545474,978.1383348293051,1191.5898257787153,30.72826356857017
8351,155.13502518586944,-42.7073553491714,949.3961472513564,1192.6811551470078,2.3305368212930833
8352,155.15913361225824,-42.71813346412513,961.5110867544762,1192.7421507937934,130.08747885367504
8353,155.5692037778251,-42.89876841987831,1166.4884944841654,1192.7957985426408,1.3865280076042288
8354,155.64214690194663,-42.93040839125079,1202.7466883593759,1192.631420042592,1.5777921963127335
8355,156.1917343188324,-43.169652745947644,1475.5189987289875,1192.5289448457713,0.9000738045712207
8357,154.4025112479325,-42.38514848446925,581.7895416078084,1194.6124975412256,236.38088570669095
8358,155.21852547568915,-42.747730331976676,992.2036232780777,1194.4298053264456,6.938363363977523
8359,155.82235793860465,-43.012048002354135,1293.1998792171617,1194.0633951806205,0.6982170019600998
8360,155.84915245673915,-43.02369433455005,1306.5014716347384,1194.0405866648246,4.847780364281452
8362,155.02628771574487,-42.664240697541814,896.2809304545457,1195.1922531373393,1.5515556319564106
8364,155.93315400864975,-43.06119055430422,1348.4561098751826,1194.4832421605295,2.2277820325120303
8366,154.50910934344063,-42.435846062409226,636.4934493882043,1196.1011480309012,173.18837268923087
8368,156.47626535644196,-43.29841589212585,1617.6055452165078,1195.436161761556,2.063577663300362
8369,156.76131697437637,-43.421185381786785,1757.9252089610175,1195.5524169293262,5.6336305282883155
8370,157.11974052813974,-43.57476340830896,1933.684231490576,1195.779809158946,4.106178613240418
8376,153.3535769252132,-41.91740122542962,50.36560145148258,1198.0224034008968,9.206955901330431
8379,154.04246881303075,-42.22947294238505,401.20802977235894,1197.7134911199762,8.232984465144884
8380,154.29520855738895,-42.34374875445605,529.4548933139521,1197.980637339848,22.051056949788926
8381,155.46545732897252,-42.86333200023318,1117.557057818575,1197.868267518027,0.7338937582766467
8382,156.13684329079157,-43.15696863321914,1451.4021944444883,1198.1212452338789,18.952457802081902
8384,153.6225230141632,-42.04211596572785,188.36894902358878,1199.1083582898711,188.17158206796367
8386,154.30524316752462,-42.350765126083125,535.2563329950099,1199.2368244449601,7.824181937224365
8389,156.34418929496908,-43.24912510519445,1554.5501933044545,1199.3180078780606,371.21155927021596
8391,156.93670390273442,-43.503832933161696,1846.0034031232767,1199.3764157161108,3.1138132712930604
8392,154.52417467036648,-42.44930716910788,646.0246874815917,1199.4668179373255,1878.4384423380013
8393,154.6549683676863,-42.508163524523304,712.1134305693737,1199.6912344947912,32.84183662972007
8394,154.8250629872153,-42.58366500743389,797.6714853435219,1199.567683174267,2.3838558603608693
8395,154.86899034286273,-42.60437751397017,820.0947950557465,1200.1634033252967,1.1726501363333641
8396,156.68605469796128,-43.39689875453914,1723.1022401768846,1199.5834695737462,5.06693639893014
8398,153.2705506881355,-41.88520163401585,9.57570250490322,1200.8897975843279,3.2626928742355066
8400,153.32306503250172,-41.90915706170863,36.436961721579294,1200.8632204727412,150.87709137568632
8401,153.6443335013499,-42.05535293861151,200.46440663186908,1200.7687061136426,33.07862838227734
8402,153.8859152101918,-42.16520759097614,323.5557687399853,1200.937182800413,48.698667684513524
8403,154.94755752185714,-42.640259333884345,859.85123617724,1200.6657792667138,1.235267729779318
8404,155.3304913006092,-42.809404285529126,1051.6694652530161,1200.601494161135,577.4196931843949
8405,156.1722310706505,-43.17812085034826,1470.504664788175,1201.0407939863153,16.780609933718306
8408,157.11672968421217,-43.58319218919866,1934.8003501490557,1200.677874748371,2.627640716687792
8409,153.69454339153205,-42.0797699405533,226.5275115868586,1201.575408892149,5.829768880309233
8412,156.24358359285878,-43.21091636222843,1506.3026781214123,1201.987955833448,2.641392266435738
8413,156.78960066445683,-43.445915183533344,1775.2071537398915,1201.9054745022386,0.8204651379539282
8414,157.00110390622075,-43.537774627518544,1879.2693662655672,1202.6260730417646,5.164552256058142
8416,154.36818542058398,-42.386754377987984,569.3222042775453,1203.1143202357814,8.088595288371183
8417,154.9828149941973,-42.66065171739755,878.8986631783797,1203.0497831071955,2.3810643010430956
8418,155.71129620763674,-42.98061398233404,1242.7092342869394,1202.6477149436073,4.927492935546658
8420,153.801335639342,-42.1333537928938,282.41102871859295,1204.1509419409185,5.412137298465783
8422,155.80028858580712,-43.02163730471083,1287.551560260594,1203.7216443064542,4.751569275001372
8424,156.9202242990799,-43.50618042019941,1840.4446188028135,1204.1093984913855,54.98331497872591
8425,157.1244120300332,-43.593077105033245,1940.3180000041414,1204.0141892572954,0.6256669787226262
8426,157.22552326825323,-43.635172441272076,1989.4628944523474,1203.5597492287625,40.22647288650569
8427,154.90396582371667,-42.62993423822492,840.5138875835007,1205.185813882548,3.4231068182342583
8429,154.99195142593456,-42.66831150808609,884.5054511359363,1204.8590140931808,9.541634720687707
8434,157.15507409441798,-43.60767725488406,1955.7138811408943,1204.7973852218117,6.598523476972444
8435,155.19795737395955,-42.76163782570729,988.3741386605585,1205.958924197377,4.997309643782433
8436,155.3053866361915,-42.80999202396716,1042.3868815848625,1206.4448927313058,0.190670874400371
8439,156.53010627717694,-43.34298142210658,1649.930068207537,1206.1953738406892,1.9550182021378062
8440,157.3149093396801,-43.67854566297157,2034.5068031722692,1206.3018153898265,2.4861047453281517
8441,153.74137133648233,-42.1112290655527,253.36476646881957,1206.6751890069431,5.955939632862741
8442,154.66881129240406,-42.52838819556125,723.0983933812196,1206.7269782158214,10.148960610694715
8444,156.66899727005466,-43.40340184280715,1718.4504824895307,1206.5481583389828,5.750182834739121
8446,154.3297317800984,-42.37906888489948,552.6300056803636,1207.8973393954286,3.427114809042132
8448,156.27501528776006,-43.23761375484342,1525.4107931980507,1208.5751988333964,2.2406952566581637
8449,156.44788182255783,-43.3109871030419,1610.3544979378523,1207.9245670828673,9.982746975132093
8450,153.35227190382398,-41.93915431930721,56.29175458687167,1209.1703324973162,3.487555114282403
8451,153.81732760287855,-42.150889174286576,293.5494400983305,1209.2913524267524,4.149270949622231
8454,154.85853843852126,-42.61807383313504,820.0485175130841,1209.3517625717745,4.53346751777727
8455,154.9611182383825,-42.66193352827964,871.094586105224,1208.5133342915458,0.9455760147395504
8459,156.15042742051526,-43.18495323191851,1464.1804199245344,1209.231648962316,5.513895513574076
8460,156.50985604061069,-43.339998612095236,1641.513761534043,1209.083916375799,17.12671694626524
8462,153.30424153992922,-41.91786495719691,31.918046614006215,1209.4967963030142,1.8919513880125916
8463,153.55515343829524,-42.03350279499809,160.46574436635632,1210.1014996434706,5.381956625342648
8464,153.56923177480886,-42.03929633070563,167.4681910786491,1209.7963629966696,2.968424908258484
8465,155.27156174260764,-42.801812611461045,1027.3637417433781,1209.8205348236083,52.29794228073865
8467,155.5843986754357,-42.93936004207115,1183.510638602582,1209.8308951422123,1.3126929072490228
8468,155.71302939789638,-42.996316965376096,1247.7178861899233,1210.153862161121,5.633041120494087
8469,156.0196580696636,-43.12921583875745,1399.7220768358413,1209.7560410268907,1.6201305364654468
8470,156.9675249052039,-43.5394577415225,1867.11463716942,1210.6999509578038,3.582522463434394
8471,156.17325175540006,-43.19763847767503,1476.2340950746927,1210.6344364103163,1.2615536967643746
8472,156.58241330696825,-43.375545750752146,1678.3997390071797,1211.2583788464178,4.052475650974393
8473,156.87798694715843,-43.501480842988165,1823.3269750877816,1210.841539857448,5.105963494690176
8474,153.58427141665052,-42.050480504178715,176.41339144694385,1211.9643374638842,4.743544682086205
8475,153.68201682520095,-42.09522831487717,226.3324052079736,1212.1324542617244,12.93400192565283
8476,154.64568520880283,-42.5285955429296,714.4516204671802,1211.9943703125805,2.986202445444045
8477,155.37136584141746,-42.84906569021664,1078.1631859647043,1211.4714778630764,1.4378481114967108
8479,156.30371568858314,-43.25629649406616,1541.295383504226,1211.7293077843274,2.456992493920839
8480,156.8093637706201,-43.47429867999163,1790.263148805296,1211.941993124937,1.3018678861072734
8484,155.009830343012,-42.691496622867334,897.7924800965827,1212.5083233738796,1.4099076346438733
8485,155.83140283841155,-43.05456804682882,1308.3617666180228,1213.4437951080074,6.142390770641406
8486,156.1267807485831,-43.18171005147859,1454.4038895436772,1212.7585405459747,2.3798130764017724
8487,156.6911252048175,-43.424680398296665,1732.503964930671,1212.4811687996016,2.347788742990037
8489,156.78815755319846,-43.46626259737756,1780.1401631048066,1212.4692577250569,13.908734339790877
8491,157.31600066242993,-43.69365087353975,2038.9174132447022,1213.6911428630312,0.8184031020777928
8492,155.98803356118543,-43.125158370209235,1386.7179557892657,1214.6291113845696,3.340377847886878
8493,156.22939932029516,-43.2281089004771,1505.6720189821976,1213.725451859872,3.1726970499083738
8497,155.74489591191022,-43.02042367752853,1266.3850953987185,1215.2653645318906,4.834671071936985
8498,155.77738613048365,-43.03380784724404,1282.3086070969737,1214.8591201677011,1.2080756252532958
8499,153.31744412577592,-41.93752818956615,42.69636387756815,1216.2939744688256,21.91740931205943
8501,154.47036015507973,-42.45970260459387,628.7425778856298,1216.715032513748,0.8656407609626169
8502,156.17788938309866,-43.21022642314061,1481.423934594716,1215.9541260475942,12.495049364195264
8503,156.31832347150342,-43.27210490328005,1551.0958423317802,1216.5054629988365,2.224366237626817
8504,156.49962465024385,-43.34970935350015,1640.3049955171448,1216.1908232716082,3.164265144721379
8505,157.13749491412503,-43.62115027153015,1952.7047418505474,1215.3653180303593,317.8724191170303
8511,157.15904666139056,-43.632388821974054,1963.7813286647113,1216.409748422796,5.177186466643977
8513,155.54339947637337,-42.937176114287816,1167.483115383109,1217.7588830741547,49.665045041557555
8515,155.60012586024632,-42.96165350521173,1195.6302957973764,1217.5628828106444,26.382191908254512
8516,156.23761869585624,-43.240237313346384,1512.0758624976424,1218.035978341959,2.4119021201529365
8518,156.72650897480398,-43.45191083519892,1753.131676717335,1218.5508265849255,1.4421533076379085
8521,156.18572323843657,-43.21909137708793,1486.7943534455842,1218.7050305276691,2.3816879335157575
8523,156.7487728023868,-43.4628158054744,1764.427128487911,1219.235445501425,8.299699346055682
8524,156.85000170380135,-43.50671707131266,1814.2283300856614,1219.5126227831825,4.410174841734815
8525,156.98689399396127,-43.56354714623255,1880.828587073832,1218.6763034822116,89.74583356715232
8526,153.41765895965506,-41.991332711853744,96.29356060531502,1220.3121716346561,200.67207889797157
8527,153.50313113313368,-42.02979537614752,139.7879465661628,1220.0680717895318,4.14463506304757
8528,153.5345101731646,-42.044098906582924,155.80362218306902,1220.0772096442847,1.7170081371277495
8529,153.74763047321682,-42.14070329517272,264.33281533110255,1219.9754284809947,79.07571486287888
8530,153.94265149750143,-42.22841149338282,363.3093863041317,1219.6998572789103,6.427451530616604
8531,154.40216186086874,-42.43583498700433,596.2223142433846,1220.050076149404,1.0321018385552
8532,154.4837433309941,-42.47206167197738,637.3236369573305,1219.903251137808,3.3163490136910623
8533,154.59635746522667,-42.52114056596673,693.7557660027552,1219.2809375618908,11.35475054842734
8534,154.71652240426482,-42.57640873080672,754.7497133955925,1220.125350069431,5.564858042883466
8535,154.74409608913749,-42.588502624815156,768.5704419986833,1220.0330201557667,49.89547919444929
8536,154.76845795194131,-42.599649937959164,780.9105912827662,1220.185469625703,4.195583828093009
8537,154.81749506737617,-42.62053370983287,805.3010699366902,1219.721336509648,14.753389798084635
8539,155.41246908053859,-42.88320570479622,1103.1779046345719,1219.5291475805386,1.8184706622753177
8540,155.99878802003033,-43.14132195003549,1395.208536450693,1220.4023449318877,2.0768585717221346
8541,156.60498085645042,-43.40396047829217,1694.5621063374986,1220.680052273312,4206.390733295129
8543,155.1673346734004,-42.77756157669741,981.3345039304762,1220.724625530721,1.122357681213971
8544,155.45158836178607,-42.90338451277584,1123.529502338817,1221.0270368001188,7.543174294014034
8545,156.02685275919634,-43.15591680801589,1409.769109772895,1221.6057844155948,7.132863633172407
8547,154.0801128349568,-42.296049973090796,434.68084885421695,1222.5065306734427,3.413688449829226
8550,155.1267795532239,-42.76180758286069,961.6418766721682,1221.810297069734,2.917956142107039
8552,156.11465416015716,-43.19445783824015,1453.343105440465,1221.8136386381939,2.26342825866202
8554,156.76083390134704,-43.4729869781721,1771.6931052778352,1221.7550261761799,3.089596241433706
8556,154.20045310708625,-42.351447584494764,495.99757541794634,1223.1211764151026,0.8697769350958272
8557,154.8918742357268,-42.659832874801225,844.4430137944522,1222.8547763120607,2.355215538609024
8559,155.39888798195713,-42.88540346416526,1098.6855424434311,1223.6280922408257,3.660211307473709
8561,157.27226266631277,-43.69435174380263,2022.7013862172003,1223.4057268469028,3.5342248234839415
8563,153.631023988608,-42.09592960687736,207.3387949535506,1224.0421611703644,4.536283331221107
8566,156.09764641954635,-43.19199860876542,1446.2786615831221,1224.2878423095387,2.089597756442559
8567,156.2699554549495,-43.26710946849648,1531.5641908091984,1224.5138289076601,1.2828780331087093
8568,157.19597298263307,-43.66243241761347,1985.6208578085602,1223.645563420077,4.371219146899554
8569,157.30194907245433,-43.70740034036407,2037.2904737515044,1223.635765003032,16.51796442750427
8570,153.6482011131023,-42.1056479609319,216.65093063358657,1224.9984957679085,10.8563971278122
8572,154.0859738667682,-42.30422627821213,439.2550107195728,1225.2729727674277,40.98968827498463
8573,154.42128922013188,-42.45365829754585,608.5398438497022,1224.6806047185628,0.593023157874774
8574,154.51172210145134,-42.49580005465101,654.6553331694706,1225.5208842242505,1.0240360485867528
8575,154.55731025985244,-42.51414997497141,677.0626446356665,1224.5089807642846,278.04714999501033
8576,155.52535455738754,-42.94358022554418,1162.483396765546,1224.9462342185402,6.1469641363878855
8577,155.6178006998828,-42.98380799424171,1208.4382714870335,1224.7980611890284,2.618936494190745
8578,156.19058483368931,-43.2331392702726,1492.4656415653744,1224.7102562325724,15.879198165138718
8580,157.00040726873135,-43.58186682193735,1890.796785380628,1225.005110500735,1.478937994586451
8581,153.4841356491124,-42.03282304211965,133.52711849377354,1225.8949404047964,1.8066472808228988
8583,155.88446940572052,-43.10385996120835,1341.925373993904,1226.5837753440985,1.9431406969020322
8585,156.71482359503523,-43.46149287183835,1751.3282805484357,1225.901501167202,0.46993302390715197
8587,154.8548951772771,-42.65237430396885,828.415562647553,1227.3446668043175,16.85401428798181
8589,155.8306022084553,-43.080400299073226,1315.2027429728626,1226.596408451982,2.373246428862917
8593,157.0769156408479,-43.61904759435065,1929.4212017103844,1227.3094128258394,5.022679441575337
8595,153.93712319123892,-42.24296337999234,365.4586173914905,1228.2171205798948,8.307467066120791
8597,155.24965302580944,-42.828218189325376,1026.5388643720269,1227.9083820645064,11.399554508243899
8598,156.56927125724766,-43.404015108576594,1681.171447822974,1228.4379701484834,5.787575137031612
8599,156.76856736362564,-43.488369425565985,1778.7359509025266,1227.8345266292984,8.525694407226824
8604,156.0578568950705,-43.18298086808034,1428.8552286748834,1228.4388413416043,1020.4185147409838
8605,156.79860521166626,-43.50282710384077,1793.8962175170157,1228.6363489270543,5.293062862262572
8607,157.106002118022,-43.63398305241412,1944.3107093675194,1228.595670991637,12.428142173856704
8608,153.40271286968047,-42.00418095805627,94.45186420855687,1230.1210484544033,0.8941931112097876
8609,154.6569781088324,-42.56941514031168,730.3523882893272,1229.9082764085597,1.6321401714201185
8611,155.3780867650969,-42.88803637142827,1091.601324810946,1229.5388657985939,8.526094205361817
8612,156.45624000408677,-43.358613435915494,1626.4314776185413,1230.0812305079664,7.218779145764499
8613,156.59447407548626,-43.416571478745276,1694.0289043400996,1229.3036237934168,10.589881318090017
8614,156.92516247955766,-43.55918682651975,1856.501947822298,1229.7622880269162,4.4522885812532005
8616,154.59636916741817,-42.54267784776023,699.9161110761071,1230.0581286843756,3.5582454678511524
8617,155.70248125580537,-43.03437045613055,1254.3092723678726,1231.5794664777713,10.82616287696331
8618,156.93817679280497,-43.565466560588376,1863.0656005557237,1230.1258685656098,4.360837156716045
8619,153.2177717288671,-41.92451827827888,1.331324498751603,1232.5325032287467,2.9195480571899557
8620,153.74552506905354,-42.16298102936187,270.0476072266661,1231.5746963414363,3.330234961217665
8623,155.57523553949702,-42.980130969331704,1191.4160452590902,1232.3133051115965,42.67352312242769
8627,153.54894327170805,-42.07602401872453,170.60895223137646,1232.73010174095,1.976170458937287
8630,155.4021839140587,-42.90472838136304,1105.3306196956692,1232.596022024585,2.0001461327022607
8633,156.68834381612555,-43.46457831374893,1742.2234153976308,1233.1764589585032,15.34716252383003
8634,156.82158076684527,-43.522438118856506,1807.7871685278353,1233.5610407485265,523.3808061759269
8636,153.6671213070855,-42.13169518237812,231.39651815424037,1233.7115410819486,44.42032534183638
8640,157.04210339580712,-43.61843168809429,1916.2021877838501,1234.4761617642419,7.494135999216041
8641,157.06488559231315,-43.62729315278738,1927.109301471488,1234.0501232908348,2.4689537372199255
8642,157.1957829143173,-43.683074609981944,1991.0352100164087,1234.0978408754274,2.278648967823069
8643,153.3739142085782,-42.00035648951745,82.48717671114827,1234.766608585489,35.80538737093549
8645,153.78063711634863,-42.18768954030721,290.4735634837201,1235.9667770851297,8.034227862394594
8646,155.09208370536885,-42.77461030115774,952.2038019626659,1235.916774823306,2.0674656936976783
8647,155.93156422364984,-43.142784691222595,1370.3550592771112,1235.8351310270564,1.532512423701498
8648,156.07691983941862,-43.206256751994296,1442.4065314978416,1235.977971544471,1.3590164406893772
8649,153.46147087640003,-42.04479803210083,128.5189174184604,1237.0194134531637,1.2919136606410322
8651,153.901516758029,-42.24494094940632,352.6353901633479,1237.2417033991717,6.933570803630245
8652,153.93093594540295,-42.258025792402066,367.509079228457,1237.1372485966128,18.389619754817225
8653,154.30625522842558,-42.427166824746116,557.6421342951369,1237.2199810497723,76.49087627465946
8654,154.65098793399807,-42.58105866720982,731.4218482525049,1237.0734031625202,2.7960588269177507
8655,154.98804246804798,-42.73021898001604,900.5476522099256,1236.749771037116,1.584840558013691
8656,155.06031083114598,-42.76155107250063,936.5730135762166,1236.4157119515098,5.7549432565446565
8657,157.0007123024207,-43.60552777015246,1897.2354093761426,1236.8663966725098,10.266064211741885
8658,153.22185758967262,-41.93695853173525,6.549555893288002,1237.8015672983852,17.18815315295583
8659,153.53474105128188,-42.08021718602529,166.4957740958775,1238.0461088798586,5.535590390540665
8660,153.5658742525824,-42.09433449650342,182.35281092985602,1238.0238171727628,2.556751474157906
8662,153.97747042922853,-42.28019607426979,391.4577030994674,1237.7151040523468,2.7066654684334672
8663,155.68358006856448,-43.03887589114635,1248.4573156244046,1237.9914364800743,2.949417197613255
8666,154.2053104906955,-42.38539874056049,507.62786516284683,1239.002175305267,63.254114310228275
8668,155.02234635126175,-42.749603861530524,918.9253100117925,1238.8496031403618,0.6051644956618564
8671,155.53529036598525,-42.97677727807168,1175.4707891558396,1239.4192586554038,1.6966457309142404
8673,157.16599767961208,-43.680988042887506,1979.3159748529026,1239.4294555390384,4.405977199531462
8675,154.55276120212545,-42.54245246150979,683.4488787294966,1239.6890016613263,9.982284467321222
8676,155.4604539373731,-42.94472641633364,1138.4091529751156,1239.8166380659736,1.323839922233907
8677,155.5204937801152,-42.9717208705264,1168.5016176429267,1240.1386523082622,6.1097284850981
8679,156.05647640365152,-43.204954896575245,1434.372135893261,1239.7850975562446,3.217333185194172
8681,156.91778711076606,-43.57643854719624,1858.3574401744117,1240.0436167466971,7.747449078370591
8682,157.26601196265443,-43.72450459642793,2028.3534460420406,1239.9552026083545,9.965141661284978
8686,154.69629816629003,-42.609056028697786,756.4458901022052,1240.9803505388318,8.508131744604718
8687,155.38396868873429,-42.91240663565782,1100.6324219050894,1240.4658035567968,6.8528031293185006
8688,153.61809617247135,-42.126286860742496,211.36733919099507,1242.123458062394,128.12317652178828
8690,156.14774985037997,-43.2485019459628,1480.5860971136892,1241.7684700379327,34.00951447209181
8691,156.51250858435233,-43.40681374968292,1660.6273660522966,1242.1408312866831,3.3880767165467054
8692,156.56944776276393,-43.43114953847383,1688.581902596821,1242.0592240778067,1.3462243837248902
8693,153.33729658573358,-42.000163326138406,68.65302496089595,1243.0052872090293,876.3459325404347
8694,153.71567632196198,-42.17166100303879,261.353027079158,1242.6637119520447,6.308040673989747
8695,153.81234356950367,-42.21654478009121,310.8185035118249,1243.204851974834,1.9274056181066752
8698,155.33553190659435,-42.896530596449985,1077.9849075759475,1243.1920017476493,0.7848274523011656
8699,155.43370634221657,-42.93917657603183,1126.8080739384113,1242.9269064269106,0.4597242302488413
8701,156.4592781394253,-43.386850825946475,1635.2389459298279,1243.632072016527,73.07967227099282
8702,153.67075482759432,-42.15446481124145,239.42628646344326,1244.2527364804052,10.638245935676803
8704,154.32760463311735,-42.45059812587554,572.4167047764333,1244.1477935182684,9.299954780216586
8705,154.88575797633584,-42.70044583773797,853.660535916963,1244.5579902717284,1317.318299803805
8706,156.1859882549435,-43.26947990680127,1500.6838908602895,1243.984689368442,2.2419799386787327
8707,156.34321110696544,-43.33628808254707,1577.9339380135755,1243.3843879970416,5.732525191807376
8709,156.94313697299975,-43.593834655121356,1872.5206934579408,1243.3548205681846,10.992667085089865
8711,154.10191700514713,-42.35069466676489,458.7066875466832,1244.906156930997,0.8500737399570207
8713,155.70769244077673,-43.06288696163558,1264.1764603567583,1244.7535034341465,573.5995275091809
8714,156.5765585054809,-43.43980854974621,1693.5925947287415,1244.8788720090354,4.216682666096154
8715,157.07475847530088,-43.65205432072457,1937.4141664876731,1244.413441909121,245.28987434818353
8718,154.0743463384898,-42.34096092195258,445.5192851774403,1246.2476040359652,0.7143314489084078
8719,154.2725593079137,-42.42903431126433,545.5064105186058,1245.7147571354078,5.1973412053488826
8720,154.62885963171382,-42.588845485494296,725.3233754443478,1245.9092892876654,2.1825675556120334
8724,155.54101450341088,-42.99266511976105,1182.0481074522897,1246.132492681795,1.160380907386695
8725,156.65016731818147,-43.47299426408754,1730.1726401019102,1245.6647711543274,0.9747786032461666
8726,154.1110435547431,-42.35871428679973,464.45984372952927,1246.860118526241,1.6516625756622156
8727,155.5530299003146,-42.99943888173182,1188.4485136592962,1246.8882387752822,26.697772036360668
8728,155.66619143347114,-43.047492771081046,1244.316961561377,1246.1355687850023,2.0056586264056815
8731,153.5220638794373,-42.09397618804613,165.76670265566307,1247.7880027915896,1.1188179817360049
8732,154.80773289545513,-42.67221381313357,816.3154838299583,1247.7756053087119,2.0731520097945015
8733,155.0511030310508,-42.779925125918666,938.2987466552954,1247.6648461781865,1.9124948916621984
8738,154.27897766590084,-42.43873989538433,550.7163938031388,1249.1266703057258,1.166556041441125
8739,154.84666524591486,-42.69136885393592,836.3900669725157,1248.7051352324893,11.39037498636667
8740,154.90905676976212,-42.71910587133344,867.7081732731631,1248.7255956651793,5.0407264774026315
8741,155.3382182636293,-42.90905476846266,1082.502909294326,1248.8799889023935,1.4890355498912844
8742,156.7347443715953,-43.51589571338781,1773.4590608776664,1248.9985767734279,111.88473552628638
8745,154.35771498087433,-42.475788977670746,590.9848265045604,1249.994201746948,1.839400230311884
8746,154.53798468133235,-42.55546540823957,681.6159594071881,1249.502438933778,11.95808933963668
8747,154.6439456561024,-42.603201568488416,735.0927730885039,1249.7274783068997,16.856664083836627
8748,155.928801853758,-43.1686378788113,1376.442962989593,1249.4280081794527,1.6418636894321141
8749,155.99690235800847,-43.19957998214159,1410.5279248254735,1250.0913793911377,1.4393626691286352
8750,156.19474520215715,-43.28459061701864,1508.1044547736972,1249.6750836386236,5.389173681586126
8752,154.20102488877995,-42.40805586213442,512.5565417873818,1251.2901455347035,4.387133091694418
8753,154.91873221742242,-42.72712397792849,873.6165603204754,1250.5918302404318,1.936357539080044
8756,156.86255752087382,-43.57481335459268,1837.2150684629373,1251.116316017704,0.9091685307663915
8757,156.92830861776633,-43.60160314540976,1869.0417473840948,1250.459609127083,2.8655576124590296
8761,154.38015849979854,-42.48987175482933,603.4707164343007,1252.007598375283,2.8836578750112922
8767,156.14013014137137,-43.26573973078965,1482.4478713100018,1252.094482195251,0.9155816768563882
8768,156.35255971603627,-43.35872698293083,1587.552656386474,1252.6407731822724,25.26088339481722
8770,156.94675173606578,-43.61396117733582,1879.2623614292652,1252.7192285206472,3.254432085032243
8771,157.1637732616365,-43.70661132854259,1985.2958633038343,1252.8269105482543,11.71068044895697
8772,157.18051530385674,-43.714218445095675,1993.5898836397846,1253.0751697366084,1.6166298668329042
8773,154.12604691433725,-42.37892624031103,475.9484451352648,1253.585250632197,1.4367531081788956
8774,154.2628750183808,-42.44265938673096,545.7914084107961,1254.6995503295122,3.820646299773922
8778,155.26210283976005,-42.88545045062509,1047.2881317698927,1253.8533544223258,1.076561348203931
8779,156.53374588528658,-43.43944177220874,1677.4349202563783,1253.9618310460678,2.3438928746598537
8782,154.04261088241225,-42.344475949187064,434.6039429133855,1255.1487246288984,1.5777710733073633
8784,155.85907755533543,-43.14987409855951,1345.0915254926365,1255.2561701213683,4.183851002907688
8785,156.97792599869726,-43.63118736510989,1895.5528119897267,1254.6967081709518,22.918979196994172
8786,153.55951524342893,-42.127061755936786,189.5617719062772,1255.794440018247,63.452327864926445
8787,153.92244179247103,-42.29228695213159,374.27414561965657,1256.1650316487417,3.996816249339962
8788,154.1794710974114,-42.407440803416016,504.27519590695834,1255.825287139806,2.7019858943255315
8790,155.18778838497664,-42.856767122410474,1011.311131759886,1255.9040091581116,18.37827260996783
8792,153.18926840975413,-41.959742668482654,1.0342012570254007,1256.5904922475654,4.220722372746705
8794,154.51286024195377,-42.55987082219426,673.4324335965462,1257.3220603980255,5.274416664755179
8796,155.42543131387512,-42.96447540268969,1130.7685149493163,1257.441214441408,28.75672755445098
8798,155.75914358037048,-43.10850085817524,1296.136304545773,1256.3700646180503,9.94552914437517
8801,157.26833578292937,-43.75823761462973,2038.1660663915568,1256.4729797881162,1.5914500415184405
8805,153.85369143088568,-42.26345060547477,340.03544126922276,1257.2829117124008,4.457042331014527
8806,154.3279530494703,-42.47817092313179,580.4810413286802,1257.856141644355,8.515242695447869
8807,154.79836495620424,-42.68786607717325,817.2423813507265,1257.6974332048778,3.636434226061869
8809,154.94340567814203,-42.753520974233034,890.3638028972427,1258.3331976367297,5.49854520783369
8810,157.0580983531094,-43.67177275529487,1936.4294405249464,1257.9294469476702,28.952658410969054
8812,153.9598322892511,-42.313974101668585,394.6330340157451,1258.5637657565667,14.524045269555176
8813,154.29054764757927,-42.46463069400162,562.5234606878884,1259.4744725128442,1.5328109643094456
8814,155.36975083434274,-42.942482779510925,1103.7070513775193,1258.6866909274815,14.284086445254465
8815,155.61606226008692,-43.050701874923156,1226.3831420651638,1258.7570364569176,8.098688757361312
8816,155.76722277407325,-43.11689035623481,1301.4917443849654,1258.811390667608,101.83558162262993
8817,156.27641172887732,-43.33848481829121,1553.4691436969083,1259.005950566383,67.08395624123685
8818,156.75037578321042,-43.54197493919998,1786.3401358459273,1258.7583715450965,3.0813953600262103
8819,157.12582766858878,-43.7039299149929,1970.368261565916,1259.6090846315215,9.016987900378723
8820,157.25173410469222,-43.756856575094204,2031.582811692306,1259.328339927319,3.105401550225121
8821,154.27261079110335,-42.456342833014425,553.3940885562564,1259.3551379105306,3.125749496537191
8822,154.4329000865461,-42.528862869247064,634.4916468779846,1259.6972862943182,4.093700613109209
8824,157.0416634927894,-43.6683464322203,1929.3584664987566,1259.7307932713643,5.669569992329741
8827,154.22229010742615,-42.43762621910842,529.0838977544809,1261.293812694608,1.9926714201990199
8829,156.24827933347433,-43.33006384729147,1540.617744668255,1260.888832209981,3.8035867290544596
8831,157.10175534962664,-43.69597654357257,1959.23408005017,1260.7620298308755,1.4157420813380166
8832,153.48969424061295,-42.10876958434647,157.9401185456433,1262.5154600056146,7.733755750145248
8834,155.2875276636849,-42.91251700812573,1064.4321547027544,1261.807256715559,3.4697487213023064
8835,156.4903768381983,-43.43654630481121,1660.3869896763606,1261.8975271910426,10.099567425136613
8837,153.66494503946538,-42.188837748526716,247.29802409885295,1262.7216807182128,2.863372408180559
8838,154.91290598791906,-42.74846220533595,877.4723482498745,1262.5730889675422,16.083911313188594
8839,155.55536575850198,-43.03284017098096,1198.6261383229803,1263.1348516793228,256.1456936252517
8840,156.02670414783898,-43.238224847218795,1432.3363208226533,1263.002238566856,6.7673501554708935
8841,156.8440078925397,-43.59005598879435,1834.352762496254,1262.7897748117882,1.3913818791316312
8842,155.8668307269932,-43.16988101277677,1353.5244336525125,1263.6074789023085,2.0056640421022456
8843,155.99351974809917,-43.225797535644155,1416.4691646532967,1264.0027293760322,61.32868415927049
8844,157.17955813462254,-43.73436047038391,1998.5836479991108,1263.4362830843447,3.3057317860029602
8845,153.22494065186183,-41.992884608008254,24.251594889994042,1264.972054909588,1.5381058514922992
8847,153.3825899009551,-42.064239040214694,104.57529193276497,1264.646732866935,1.1643877394241853
8849,153.64086849545248,-42.182749385801316,236.46571167671274,1265.1365182944028,3.020183703460477
8850,154.3180837396753,-42.48701960495115,579.3175566822314,1264.4924768708477,7.724121645977879
8851,154.77322366141576,-42.69144938291966,808.8144743109068,1265.0871014235818,1.8823426033190573
8856,153.46741578804523,-42.105144433015376,148.499819434316,1265.7663910325791,6.835349431710501
8857,153.7815566519207,-42.248109231240996,308.4469548552494,1265.9208385475838,5.151903540587919
8858,154.04393685077125,-42.366518188154174,441.49004764105933,1265.8612446381335,11.293639061564054
8859,154.37416205982592,-42.51490579031072,608.409725710731,1265.86874793396,17.264937486691185
8860,155.5985992682486,-43.05730541554055,1221.66302593483,1265.9077919364909,2.3829734686401274
8861,156.1016008376449,-43.27635775552938,1470.901203721162,1265.8283558214775,1.4989731592608095
8862,156.23157854031655,-43.33283617462341,1535.110686393285,1265.915139684616,1.3790012690397613
8863,156.63146263033934,-43.50457922613904,1731.6873463791542,1265.607831662003,10.292619223742074
8866,154.2166514403391,-42.44639218776389,529.4934559221009,1266.940877990032,5.953750171362388
8869,155.51649424012265,-43.0225621357381,1181.1702641095242,1266.528053143093,10.537142501038302
8870,156.4428923216812,-43.42570172028928,1639.6408053308328,1266.7315862178177,1.1214632234400819
8871,154.05161063710992,-42.37483809731297,446.7846048892229,1268.289857508118,5.924383586099572
8872,154.85536475282785,-42.734894257152746,852.0104395918795,1268.5652842662582,27.08832064266051
8873,156.57888466847822,-43.48803703161947,1707.5102361137035,1268.6496114051688,4.2405669280675
8874,153.92253618413267,-42.31799710019578,381.7828657225644,1268.9823127014713,1.1949289660892564
8875,153.97660147234276,-42.34128693304526,408.8661041684462,1268.4247625424994,127.23928426119518
8876,154.25011539348768,-42.465886572001644,547.689913889371,1269.1728697475794,2.9332860365454962
8877,154.53746583775296,-42.594534949264535,692.5997654136248,1269.1636886565354,58.747088483027376
8878,155.06317193869293,-42.82891333270153,956.6582883218291,1269.5346602821967,1.9966124118641153
8882,153.65298199522474,-42.19871113342292,245.69022656245878,1270.356979155666,7.056415892914363
8883,153.9406862614301,-42.32831382328828,391.60166662184287,1270.0412890855466,13.67111994788754
8884,154.65535086717006,-42.64899860972786,752.4440096571299,1270.1017831456452,2.525661752166049
8885,154.82671904737586,-42.72634519218347,838.8245211654153,1270.654159170957,3.635747822298095
8886,154.9761268857043,-42.791647720892826,913.4426303126226,1270.1669196496118,7.0238111210572285
8888,155.71671223807837,-43.11712438907375,1282.5985135907188,1270.002597138131,2.6619781951184227
8889,155.768323034558,-43.138568010755975,1307.9042257195638,1269.4538117580055,10.003030695683412
8893,155.17146716270372,-42.87914185089487,1011.4745313107309,1270.728310462083,1.8017819651714495
8894,155.33048293264687,-42.950053822416336,1091.0818326371586,1271.1454955655124,555.9120876440973
8895,155.79021297193552,-43.15218632581138,1319.8853973870628,1271.495342326805,3.129473718401029
8896,156.40158506943916,-43.4156066564638,1621.412104919742,1270.610504746584,83.98527355295505
8897,157.11177377831706,-43.72009956012901,1969.4091751914248,1270.773424663161,1.3056479431154873
8898,153.36547550518537,-42.07175684513174,100.35771719851508,1272.2866160402452,9.104182446136436
8899,153.4581770954267,-42.113412266934354,147.4581773211517,1271.9873801160707,7.5358108597596125
8900,153.78400118804092,-42.26181837341106,313.36427489927115,1272.2109463809152,2.396832793536315
8903,155.93235684478276,-43.21432497756265,1390.3647945097628,1271.6005532182573,7.82588327834919
8904,156.53692682864025,-43.47633690060407,1688.6185092995293,1271.8396256061455,4.082213468587962
8907,154.5783391123788,-42.61946286241399,715.0823670600121,1272.506154750119,2.9034089601727584
8908,154.68970673084232,-42.67015802261187,771.3810667841262,1273.0317425444716,6.944955915602497
8909,154.71903010552896,-42.68330902285311,786.140764220201,1273.0800019958726,0.6303235816128611
8911,154.84941176846542,-42.74104914467321,851.5207867418183,1272.9702185112412,28.13692819563818
8914,156.23406218580175,-43.34756020855791,1540.0636506746896,1272.777229720044,3.0177918443694876
8915,156.3473060480724,-43.39664990828721,1595.906789450413,1272.8544519084137,1.2141349641242531
8917,153.39870991518822,-42.08985966495401,118.17998502868242,1273.7551869555925,7.910265797452308
8919,154.47033521029886,-42.57372804316669,661.4226000749184,1273.76042555151,7.438303670437388
8920,156.06558870160106,-43.277156497912024,1457.6128117525031,1274.0809445434263,4.491062587846594
8921,153.3253511427207,-42.05856521538744,81.38966271863359,1274.838582940534,0.581910033341723
8922,154.8928898230747,-42.764286342884404,874.4378831365874,1274.9434007753678,51.95301875153042
8923,156.4209734146026,-43.43260550362917,1633.2988854947362,1274.9562360917116,2.820187071503366
8924,157.16427969769563,-43.7505885922626,1997.1757870089853,1274.8905148928031,3.4476316698798364
8925,153.27639413265956,-42.03850413934009,57.07177398049004,1275.9841168311148,3.480041249815742
8926,153.61874129055693,-42.194756247759784,231.6651801516486,1276.1389206589727,0.4026500030994091
8927,154.45392002924865,-42.57075855425161,654.4052000045534,1275.9462831781966,2.001139892746607
8928,154.53728699714082,-42.607854943696886,696.3431025823343,1275.8663973486246,4.23080054691263
8929,155.4082589063036,-42.99388948253987,1132.5408985074992,1275.9772784995484,9.157652976774614
8930,155.96952028911082,-43.24027827477796,1411.449583029947,1276.5179543968893,28.819084050426852
8932,154.79475081103584,-42.724097959598296,826.1800610748917,1276.6397330843063,2.2707090159717165
8934,155.312340507792,-42.95375634366274,1085.3087115325905,1277.0049117518613,246.30874043526975
8935,156.85053157026917,-43.62205487333073,1845.382054889579,1277.50151939235,2.98360067417686
8936,157.21146987202778,-43.774156571943635,2021.098103279282,1276.6684049295677,3.3961038480815433
8937,153.4211297378377,-42.109455479064124,132.37281330360983,1278.4298516869035,15.308183379265708
8938,153.9215531628796,-42.33536083954265,386.4599958558002,1277.8738071743976,35.213809872391955
8947,156.79934705663825,-43.60122652694546,1820.62085619232,1278.0366518099322,37.94673292296285
8949,154.3014479931183,-42.50899303031565,579.3906358933287,1279.2057050887636,10.531184783182562
8950,154.87277920480287,-42.76262804305984,866.4162142855713,1278.580870849747,9.509712718076933
8952,155.1863882337902,-42.903478894432034,1023.9203968271177,1279.6248617301903,0.862289237217454
8953,155.70855189791644,-43.13201531627034,1283.663562851703,1279.2662738090835,1.2316677069526722
8956,157.04661024205063,-43.70810428788829,1941.8164042091441,1278.7054980554922,1.1615597505080495
8959,153.50321792245785,-42.150125232203706,175.1709148317179,1280.0699714537193,0.7508717618221602
8960,155.27707848132053,-42.94374446858126,1069.2669988473663,1279.76913652254,34.56915011485305
8961,155.67548088943127,-43.11838863585422,1267.4786090130297,1279.6809507693122,13.6794993794777
8965,153.15980781141735,-41.99530993871235,0.49208205552681616,1281.0315456012781,441.0692132146973
8966,153.42664396938403,-42.117883003769116,136.92436458675792,1281.3787003916586,14.017251361832411
8967,153.48115250979322,-42.14255707254895,164.65774863523683,1281.3036837121003,12.98416462353858
8968,154.2145380132671,-42.47359221304121,536.5457015545718,1281.0079940742992,69.17392512854728
8970,156.2515620889466,-43.37035876845485,1552.8488506453223,1280.4334849352258,11.992491380850078
8971,156.28874033102318,-43.387335661668764,1571.415550851778,1280.8892065351113,3.0714423450705604
8972,156.45133536199504,-43.45775167986646,1651.504875228785,1281.024054102015,13.748227051896977
8973,156.57739354918738,-43.510839867168905,1713.1174129669232,1280.4471733132511,15.4655996730122
8977,153.31166138998623,-42.06626265815088,78.51676440079288,1281.790183382357,0.6966803841709717
8978,153.6667072308119,-42.22832756377664,259.51162462633226,1282.025780737141,14.016547259889544
8979,154.17198748184097,-42.456545289311144,515.6434305828571,1282.043781741703,1.360178564233751
8980,154.43398278435166,-42.57339114426466,647.671745052787,1281.7220227408247,2.1195686372686042
8981,155.34545306425164,-42.97808580626091,1104.5498838085068,1281.89765563934,3.2321734098111383
8982,155.64325073222702,-43.109583371199356,1252.9439821205851,1282.334871502783,3.9406795336098916
8983,155.82613769153969,-43.189983989533616,1343.8086613814814,1282.6067122993259,27.245046836895973
8984,156.09893274301427,-43.30744497512822,1478.4228988900534,1282.0315917724222,14.653840019883189
8985,156.7514412635456,-43.58867925371829,1799.3057457445732,1282.044754717843,3.2959611997040623
8986,157.1074535701217,-43.740253027351706,1973.156669365532,1281.8575946802478,4.419817122157898
8987,157.1304217071456,-43.75142131176404,1984.7245441683694,1282.5640171597845,7.927057868715136
8988,153.5456527246178,-42.17505666219531,198.43093962664673,1282.8777186283123,20.518275163090706
8989,155.22904136289765,-42.92933143664991,1047.1933677582156,1283.1541424794225,8.674783880233354
8990,155.61896831999516,-43.09937594608492,1240.999779616298,1282.543814260349,1.664510791142318
8991,156.76508724668724,-43.595330514518785,1806.2051478747624,1282.4515002429844,19.36633233106475
8992,153.59468763130974,-42.200069258128934,224.18443153209577,1284.2385049285926,3.772193814319878
8993,153.9805056865262,-42.37437179846305,419.934487592016,1284.066946416373,1.368565994042471
8995,154.77666741393412,-42.73108733103993,821.376247331057,1284.1613104961168,50.01377064797681
8997,156.64998752032457,-43.54857791591098,1750.5041103805577,1283.751325868527,4.445661506370199
8999,157.07912447011978,-43.7327276424278,1960.5500145916976,1284.139008250304,4.667298367635888
9000,153.80681040238508,-42.29814830018914,332.5256208996037,1285.1903489284048,1.9287077055318913
9001,154.0453197047972,-42.40563594905457,453.3429772668798,1285.088349901094,3.0982896169935987
9002,155.36373187965725,-42.99236775893031,1115.4056851014022,1285.0277594760012,15.833326458099044
9004,155.53071693511137,-43.06451350963154,1198.1949328803403,1284.4446518850505,11.278702326140147
9005,155.86855781191403,-43.21359946611786,1366.2361048730716,1285.1835008329933,8.13881866131343
9007,153.36714641962882,-42.10001918390305,109.31347690438713,1285.994733809058,0.8675701491395552
9008,154.12706373855767,-42.4437091240689,495.0619781759323,1285.7235746391905,0.451401706226457
9009,154.42084560975977,-42.576223186091006,643.5506759704139,1286.0768138644773,5.526188765015944
9010,155.31832452955058,-42.97462771182811,1093.4016715082923,1286.147633805699,2.5114525575136106
9011,155.752537751912,-43.16355410825635,1308.8975432542186,1285.455214863377,3.7361521684105434
9012,156.36027932723917,-43.42811626713818,1609.3324052314551,1285.8624183211643,2.8259080110183494
9014,156.78899007627922,-43.61145736474247,1819.4909121060534,1285.4197305505527,2.629127317186823
9017,154.22991113081446,-42.49217017668748,547.6769356669297,1286.8414129368036,3.464257844734954
9019,156.3189973322873,-43.41262906316939,1589.6475709772078,1287.0349678693556,7.427811563454401
9020,156.49294966841902,-43.4883500616303,1675.3942519193206,1287.4027918137263,3.7911825097584817
9021,156.63438902224223,-43.54858133347975,1744.6627263253495,1287.1220498374257,3.327730187666533
9022,153.41653321443138,-42.12626189912629,135.59167657782933,1287.852629582448,517.2650797283868
9025,154.18479151690963,-42.474022881206935,525.4979951310654,1287.9008047076766,5.839640566771656
9027,154.78425821848234,-42.742545668036215,827.4823053352673,1288.207493259253,79.78031902752574
9028,155.0929771841935,-42.87858793752373,981.8545620986954,1287.8191996097944,1.0609565619339099
9030,155.8395069890306,-43.205627602215,1353.1424470002667,1287.5353605793696,53.78286660397032
9031,155.98651997053648,-43.269996553618846,1425.9980994618527,1287.7337886513374,8.733244384240528
9032,156.20117085266293,-43.36379499541071,1532.1690879769992,1288.0914959566567,2.4162480549193486
9033,156.69589467315384,-43.57648974404297,1775.222249137889,1287.8898616733672,28.86464860863765
9036,157.00869588985935,-43.71126660081778,1928.4684861341684,1288.4367434043531,2.7358316240207787
9037,153.2465803840314,-42.05047185305873,49.406576115302755,1288.737121589432,7.30432547344132
9038,153.29692856246868,-42.074123886888714,75.30222064772683,1289.060535742058,0.815801299550196
9039,153.44233052695756,-42.14031407756397,149.4150885015581,1288.9988926272993,6.404140898146305
9041,154.07443723330263,-42.42606258009515,470.1933807381321,1288.740169868769,1.7811783521962397
9042,154.74797749619398,-42.72810237111073,809.7570560191631,1289.0517314643653,6.30926606725566
9043,154.82176315879437,-42.76171805904977,847.005686280096,1289.4634655917619,9.760805629911951
9045,155.13964846008935,-42.900150589998596,1005.4421177232871,1288.293717121519,12.632350368995477
9046,155.91720934106985,-43.24234096307651,1392.4017583375978,1288.9807889301476,2.2706505852385392
9048,153.34902587043567,-42.099907858790935,102.47437622090706,1290.0592491125765,12.519348889336126
9049,154.01617859399084,-42.40146138514053,441.1889266737364,1289.5618694619548,8.327141954800405
9051,154.53327045741574,-42.6349387301704,702.582085176957,1290.3094930032148,5.39194643464276
9052,154.9721172923482,-42.828204177153985,922.2739397076175,1289.3643449113422,3.300704999089609
9053,155.5321049735849,-43.07600130916043,1201.9147005731247,1289.9017985041837,47.98360805538623
9055,153.2267892520145,-42.045774997484095,40.585009878990874,1290.9048929418059,1.894084841608403
9057,153.63088666547668,-42.22963302442735,246.43869948022862,1290.7858529896296,6.753646269762424
9058,155.14843889014492,-42.909045469510644,1011.2439427995453,1290.805864319969,6.78962325783872
9060,155.37726903589984,-43.009194102067575,1125.1910221332685,1290.4800929481726,1.6915122570024423
9061,155.39957036106603,-43.01904522593609,1136.3110382713485,1290.5054248769766,78.9865709325921
9062,155.48400618334216,-43.056720528205005,1178.5009846020287,1290.8093560982875,25.347674019794926
9064,155.8073267765114,-43.199534065497595,1339.3932609425162,1291.5181048303846,58.83354037487614
9065,155.89586579051164,-43.236690843872026,1382.8429253241156,1290.8078793519016,3.6680202008772556
9066,156.23257715657562,-43.38363864068667,1549.3588308033893,1291.2358806833959,2.387820907810967
9068,156.83223329896524,-43.64037225944276,1843.444851809828,1290.6653348217235,654.2581270841237
9070,154.656649400792,-42.69298432173902,765.4742343428959,1291.8201727115004,6.539106443060432
9073,156.58015857159927,-43.534567303763005,1720.5676340498999,1291.7884947109364,4.004565508204031
9074,153.1545268879141,-42.016376459966864,4.747209079376601,1292.7299230847277,10.847430286018078
9076,153.9871719512404,-42.39533195662908,428.51904972471425,1293.031572175146,13.41920811909867
9077,154.04466239580057,-42.42090242703543,457.5183699701645,1292.8604979717516,11.379644710332856
9079,154.49044341603536,-42.62009640326716,682.2564651003416,1292.4534318148642,18.066941214805116
9081,155.29206533868316,-42.97661665988327,1084.1069611363598,1292.9381648735941,7.01932313022933
9082,156.0612868258704,-43.31199880522637,1465.5601465631412,1292.5241268884122,5.429253808158024
9086,157.1585160029334,-43.78400966066032,2003.9004709411881,1292.9716399033573,0.6430021163307491
9087,153.18598987073153,-42.03332318519162,21.57966297339468,1293.9984102931671,4.472856530474239
9088,156.32120581506885,-43.426449640884634,1594.2390674936144,1293.504078226313,5.114016532254387
9089,157.0555403336723,-43.74112838098098,1953.963153262842,1293.4303488179178,0.8000879407955989
9090,153.19489681888368,-42.040143435726144,26.94243771684407,1295.3659258274172,1.681975456103034
9091,153.2590272604944,-42.068829412742836,59.50473505113761,1295.049521204127,7.75267936383709
9092,153.31975891047824,-42.096573193617836,90.4998314050821,1295.0534036512379,4.709522037369962
9093,153.48429183590318,-42.17059511168213,174.07423785088056,1294.571053556504,3.9100955630502816
9094,154.0577255937079,-42.430770318009934,465.28106965298036,1294.8499396534992,0.6626095908471598
9095,155.04464426471728,-42.87103469294332,961.5877319427843,1294.7387160611763,7.46949623562419
9096,156.09321513185415,-43.33111594124935,1482.768139510292,1295.1705525179777,0.9809521916744576
9098,153.9420327507931,-42.3803213302636,407.2134039855271,1295.704631100051,10.187142861856818
9102,156.92780616777088,-43.691168507159944,1892.8257924909412,1295.6879155280133,5.305864094140028
9103,157.1727344931894,-43.79663384357808,2012.5727267141663,1296.290512948446,2.302721057918828
9106,154.85243822576803,-42.79161846274548,867.0017419866437,1297.6129988075224,587.9314484440306
9107,155.09849174253947,-42.898932655447844,989.6565563144306,1296.789950751261,406.7683153699034
9108,155.17256421876775,-42.933249655715464,1027.1034111540012,1297.5983364508313,1.970654669125927
9109,156.3323645308691,-43.43811560308708,1601.5955063348142,1296.9473236816505,2.735433516046984
9111,153.14028269231775,-42.02032934043371,0.569059481926937,1297.9472229396185,3.0355080180021647
9112,154.44710538231953,-42.61166497087408,663.5728733743476,1297.923786403453,2.7527157963776365
9115,155.7847310147252,-43.20213285142533,1331.6404840249713,1297.7687095827032,29.21635759959146
9116,155.81166817597196,-43.21328238608179,1344.8194944826914,1297.4694083088457,164.15153415215747
9117,156.67970401070738,-43.58890260096546,1772.5048977816555,1297.631121789278,16.076128251775888
9120,157.22327392660705,-43.822441519352076,2038.323304825924,1298.4855306309369,3.314857373797529
9121,153.15822416115597,-42.03012736628855,10.207525223331219,1298.7361012077406,17.874075709759982
9123,154.00843879052724,-42.41804587703622,443.0905205020607,1299.5852049329765,5.55194449606598
9124,154.24348187667408,-42.52251296484351,561.5179937633242,1298.9587509257374,2.2094463590639632
9127,155.43028756952216,-43.04962827276397,1156.3750599101998,1299.0749867000727,4.234195906532767
9128,155.46106283142072,-43.061967280117436,1171.359466174369,1298.488546420198,29.016908673669334
9129,155.56919274118505,-43.110386642153784,1225.392475524087,1298.9992977917461,365.22999261586807
9130,155.74076751918543,-43.1855414793821,1310.5702868301373,1299.0692788378997,1.7577634321336397
9131,156.10662339036983,-43.34418722943905,1491.3743336109605,1298.8170085003662,7.336226536827058
9133,157.00971707042865,-43.73201259995668,1934.3878309596698,1298.6693411801125,2.8102879840167367
9134,153.65808613136568,-42.25933066007237,265.3414286425521,1299.442616637488,1.6435721731458954
9135,155.55118694180734,-43.10376997085004,1216.8005180781768,1299.636212929128,35.62240677776449
9136,155.6714176941355,-43.156904650311574,1276.6381072552192,1299.8996062592598,1.7437861735559104
9137,156.56907114221912,-43.54533176419058,1719.3259181815774,1299.6011358086953,12.330494048441999
9139,155.33152935921123,-43.010579977798635,1108.422778776997,1301.257087409772,2.7803645919120155
9140,156.07465139268865,-43.334217438429185,1476.662525920454,1300.7732314459886,0.20896474148603322
9141,156.39132861380764,-43.472589380272574,1633.0554852023686,1301.491288965327,6.007071075286607
9143,154.01822979755616,-42.4255698176163,448.9469140418838,1301.138557720394,2.2826068477647636
9144,154.81756389261804,-42.78437775270849,851.8619777116361,1301.73834720598,11.39601667076172
9146,156.02439441010142,-43.314289934783076,1452.3640386346772,1301.718361461203,350.2688746605515
9147,156.27843485726027,-43.4239209444273,1577.528541001168,1301.5193935115424,1.8829249067172442
9148,156.63253759860626,-43.576453169485305,1751.4913209792971,1301.5476366973228,2.80565384183362
9149,156.89139883774115,-43.6876889124874,1878.2713541567953,1301.76224874331,3.7406190390079943
9150,157.02089380774262,-43.742837648479956,1941.4573311891243,1301.724246090509,25.511540303849646
9151,153.22834627572664,-42.070417863889354,48.45423458444078,1302.827092771503,3.41406309584276
9152,153.32245964263825,-42.11337587175656,96.46937505675515,1302.8121940155281,6.377757692771767
9153,154.0366877425712,-42.438295422077054,459.56268392655534,1303.3399142274816,7.076868092680212
9154,154.4214237097505,-42.60962913924307,653.3503848246046,1302.6482926893812,3.5406175985034176
9155,155.31679422089854,-43.008848708976416,1102.4122941937833,1303.6384167232834,10.019309551048954
9156,155.4403239012394,-43.062502357513445,1163.7322554666055,1303.3207932888722,1.5279849376394543
9158,155.93787545480768,-43.27880920292949,1410.1903674761704,1302.7792879931235,2.829811163581484
9159,156.01199004826807,-43.31027167052316,1446.6127098933225,1302.4053349829926,12.135499345255498
9160,156.0801817439435,-43.341604457051936,1480.7599189539076,1303.2791518752158,1.8471774221656978
9161,156.22011270686028,-43.40234810352453,1549.7978284307355,1303.3486623218303,1.9312088672526468
9165,156.53003954818337,-43.537406827749955,1702.569632112306,1304.0540314870366,42.96924097326473
9166,157.21566331070622,-43.83076792349647,2037.6856215917428,1304.3104413480492,2.0294062959431938
9167,154.00519455216406,-42.42637188167255,444.28643470903063,1304.4724845160868,3.47943127189964
9168,154.68557737258337,-42.73225255419472,787.5204589543384,1305.020624041104,1.4963148212066109
9169,154.9353260065177,-42.8444139455886,913.0543695680645,1305.641244896822,10.94449787168653
9170,156.57872792400084,-43.55936465338718,1726.7341662601054,1304.5738250616491,7.408374583797842
9171,153.5976753134895,-42.2455564393122,238.63131232657898,1306.2476259964574,1.9538617997597911
9172,155.68482104367754,-43.17442255532684,1286.5195999096297,1305.7502786622383,9.474309817704944
9173,156.1629513105232,-43.38181238211806,1522.775428159053,1305.459940887816,5.112157464364683
9174,156.44001019107338,-43.50133740600322,1659.090017792168,1305.3986170474761,6.030051511886103
9178,153.1602703702953,-42.04765095077115,16.16403612932675,1306.997477991227,6.918691268095014
9181,154.23452650749363,-42.53387199720303,561.4302518688388,1306.642344505428,5.173042415447853
9182,154.35535150430937,-42.588770174988746,622.5679288097131,1307.0045315782095,39.69755201862721
9183,155.20455199944624,-42.966140773783195,1048.344205524187,1307.0092070295148,2.9568412315691486
9184,155.51643459841685,-43.10196826337175,1203.2700223281156,1306.3700182499917,6.8360164400954755
9185,156.26831034774978,-43.43064508592902,1575.570115690033,1307.098002896101,3.096070009220426
9186,156.4565886745412,-43.51058374915384,1667.8050438856737,1306.4582647565867,7.3047550644014505
9187,153.64094866345312,-42.268759808203825,261.66632456803603,1308.0235090527372,2.1636708373509075
9188,154.19572175749144,-42.520199407859664,542.9257889558295,1308.5163777363032,5.185351771770872
9189,155.17916012375085,-42.95661133822732,1036.1448853593338,1307.8448327643096,1.5790464421321238
9191,155.46217561502752,-43.08126738745887,1177.1602865832795,1307.9212482135242,1.1771784414516304
9192,155.77082375296249,-43.216904767625614,1330.5126663124915,1308.2272033618067,1.2080081180753373
9193,153.48162988398545,-42.19844035678222,181.2541088628786,1309.056821045397,2.3174705830110454
9194,153.7324390876236,-42.31196670762253,308.6317491260289,1308.8861581827036,11.573436556559434
9195,154.2521526375867,-42.546400366703566,571.6543707059501,1308.9496006278193,1.860579292330755
9197,153.41390518927193,-42.17003122955838,147.48367199047186,1310.2663638695442,1.9595784879004745
9202,156.46672017268688,-43.521307534957906,1674.5055844450903,1309.657749302979,7.149993214886733
9203,154.89486904738422,-42.837174522228196,895.8305925099618,1310.9942068575208,3.0837461601016827
9205,155.31720434855413,-43.02336098069712,1106.6299590053882,1310.8213960423573,145.41090854643394
9206,155.90887207351665,-43.28256363539959,1400.3575282891998,1310.998414687588,260.9950284018671
9207,157.03804403343335,-43.76802608923206,1954.5887895411186,1310.7344107649396,11.792516135417145
9208,153.54821270175952,-42.23548758392656,217.11589720874494,1312.4312251490505,1.5395591205730998
9209,153.68432977951537,-42.29590385864978,285.88476600793564,1311.7486706105253,5.642416188896286
9215,154.596556909592,-42.7089491344527,747.4797347535273,1313.2013880091827,10.7845377398001
9216,153.50581169976567,-42.21886838865941,196.3278797628782,1313.7563317774834,8.100959653043635
9219,155.71872897664582,-43.20499254054631,1307.6961328324896,1313.6579058973953,12.533309559435702
9220,156.2937443996735,-43.455899847048045,1591.976583040772,1314.2691144073358,1.9291082560891597
9222,157.0932328511059,-43.79834572387986,1983.2992380969083,1314.1791193550937,1.0442205444093822
9223,153.61670963897623,-42.27063542924268,253.11833761870005,1314.4445982538434,185.7751518479288
9224,155.17798859431034,-42.96963686274262,1039.3667205412787,1314.6290503058979,7.60936192973362
9227,156.2280414793619,-43.428197816325145,1559.824251799452,1314.615915371783,2.7252419036652453
9228,157.1175054795801,-43.81012456856035,1995.506689576634,1314.914456244105,48.1808564727182
9229,153.355456482179,-42.15568782020024,121.32590562366714,1316.3949207943353,2.208764067803383
9230,153.7438072856725,-42.3315525891736,318.61382994683686,1316.0881998089728,25.40778155020558
9233,154.29233483897647,-42.580101991865355,596.4326076576451,1316.7834729655654,1.7578488919171045
9234,155.4446796328853,-43.08935328155248,1172.8580550642478,1315.8244314916572,2.1861696241281763
9235,155.99473600715342,-43.329027110604756,1445.3020728695094,1315.5875063243568,3.8855289130049697
9236,156.2813439494051,-43.45344386606601,1586.6651303613094,1315.7265807141678,5.546330473238645
9237,156.46403134293075,-43.532856844198285,1676.6302637544306,1316.0477224378574,5.008927768346452
9238,156.79454261347573,-43.675323504199106,1838.722741276624,1316.3761144693017,0.8198606478938971
9240,156.93397537023992,-43.73341055950032,1906.4318835873669,1315.6363996940681,21.969209738029665
9242,157.17677561066913,-43.83856813497762,2025.2183027021872,1316.5602446419186,2460.9146235212675
9243,157.19817441957252,-43.84606324381989,2035.2050808466793,1315.7600764249419,5.2603885903545935
9244,154.3815139360695,-42.620336418576905,641.4486384627612,1316.9263412028001,3.391007274796391
9246,155.22873328023195,-42.99562133513231,1065.6878155806992,1316.4397309214576,30.198116289906388
9247,155.33595455530735,-43.04361796081004,1119.3290122071417,1316.8404880864962,13.035044583148583
9249,156.62625102298816,-43.60492356637526,1756.8209021506668,1317.2297283789121,5.791730800357312
9252,153.14795134153337,-42.06402114982564,16.387629048326954,1317.958061708525,4.932350622867435
9253,153.21414364379507,-42.0950855700939,50.415519361107414,1318.3487483157369,19.486654418151947
9254,153.4615756150384,-42.20751933827603,176.39540291289825,1318.1316073990558,4.218270547753103
9255,155.567897749368,-43.14832234560604,1235.4568377759147,1318.310615031979,7.572125098990869
9256,156.492590550054,-43.549284668587276,1691.769245070201,1318.1288028118818,1.1259395245184984
9257,156.60821728110844,-43.599866633974045,1748.7093563020865,1318.5792629409198,2.525769633302482
9258,154.7219301294046,-42.776112670298744,813.6415421653164,1318.8700570591386,6.647175402472918
9259,153.47682147226777,-42.21998258865114,185.77706882508116,1320.8855534878398,1.2273880520299039
9260,153.86652899549782,-42.39369144150358,382.7613460803726,1319.3954749972204,675.3763469700065
9262,154.55351177877677,-42.702434955669084,729.4742791116062,1319.5441308580364,145.86505339590425
9263,155.67936114184442,-43.19977949341511,1291.5027217384677,1319.6688474263967,6.343953682236991
9264,155.6994988338369,-43.208956804093084,1301.5897001658527,1319.8599700706193,25.209952267335396
9266,156.69577282393874,-43.64011682651462,1792.31355368512,1319.937912363124,19.04609654731303
9267,153.48975705009076,-42.22529979057326,192.19179582688014,1320.602492180967,4.5128430014800385
9268,153.53029520601757,-42.24459087484041,213.06242399715683,1321.0297089554824,1.8784094822951927
9269,154.8826873293304,-42.85163013610777,895.357234961554,1320.9331258421473,21.0966796103396
9270,155.14879017257877,-42.96964745380141,1028.4243391954121,1321.0866169237813,10.529966069028747
9272,156.19405128679932,-43.42636822426166,1546.5998940713037,1321.0836815118093,18.39372637679957
9273,156.29380138343524,-43.46881588517128,1595.516584860204,1320.7483570933773,10.527482432621788
9274,153.16112571877434,-42.07832407913882,25.565052089719867,1322.078076815469,4.5501866288543695
9276,154.0204028545924,-42.469175627063414,462.39807153667977,1322.4205978130747,1.8298130450643673
9277,155.17155364046715,-42.98417192781603,1041.0399427399611,1323.3317257981,3.2445530931482494
9278,155.46715195941167,-43.11110183802292,1187.3451387418763,1321.7849094911485,3.675241317880735
9279,156.1395229818847,-43.40407611266319,1520.092975123068,1321.7424184884405,8.777368912079336
9280,156.1671044991778,-43.416362421841136,1533.778305090935,1321.9153728196038,2.7115193875593264
9283,155.3013350503108,-43.04077699423471,1105.5591974169213,1323.0479654183252,2.8557031286374386
9285,156.7582464619126,-43.67239642089078,1824.3620043143908,1322.7188796446483,1.2456213658042847
9286,156.97503997645418,-43.76654241816751,1930.6378554883995,1323.504234598087,2.885101686462503
9287,154.86526022553346,-42.849245096915055,888.1479771484361,1323.60763984503,7.079675718589697
9289,155.26190482684237,-43.024862603172,1086.3233508690275,1323.7698654337105,6.012163958461508
9290,155.66508456239947,-43.20127882907247,1286.5704544393545,1323.5502945548262,5.509852001243342
9291,155.7774988571085,-43.24881334215803,1341.8353787151955,1322.7789517783715,1.1094234452892
9292,155.98756470212027,-43.343058093209365,1446.4720877054754,1324.196925980478,1.596801378836137
9293,156.06238677445145,-43.37486608323718,1483.215417218543,1323.8624109413959,0.7883035467614075
9294,156.2600255779993,-43.459805846626196,1580.4197756505955,1323.5523160948212,3972.9841586817793
9295,156.280089339577,-43.46938943743551,1590.5409793215024,1324.0126925841143,5.903656050921122
9296,156.30411415658224,-43.47969674248171,1602.3397178600126,1323.9790512084842,8.139938854271486
9297,156.7272912367087,-43.66171636738627,1809.914395310681,1324.013082571507,8.738207954958247
9298,156.90476270308565,-43.73708879857279,1896.49338475266,1323.7645112557175,1.147066939598106
9299,157.12392168584563,-43.830854546306654,2003.4166626166602,1323.985328259858,5.620451733380281
9302,153.62654859383784,-42.29663173969111,264.4179608167741,1325.1811496796818,13.807762848200195
9303,154.03954670860105,-42.48189817261051,473.2638353823348,1324.467087320656,3.937064319592975
9305,154.8348399578519,-42.838747094489975,873.7676307134177,1325.1085497413285,1.327684349652586
9308,156.3241974607888,-43.489814703019114,1612.609705436581,1324.7075261059426,20.760489337212945
9309,153.31140095178813,-42.15492190408924,104.57120905820123,1326.0264066059055,3.9219649095802165
9310,153.89402230046235,-42.41931517150456,400.5249691438496,1325.9852319448305,1.2727490619163566
9311,153.9684392649549,-42.45242022370798,438.0495635444022,1325.748201491788,2.4251251795480213
9313,155.59556238042714,-43.17586614757387,1253.4761666540533,1326.0516905050724,13.834124247139263
9315,156.41038677230802,-43.52947058147116,1655.6384009755186,1325.960374754853,5.499968242060329
9317,153.5695598330794,-42.273719572269876,236.3318997812753,1326.6567654664725,27.94659686906819
9318,153.60142256365197,-42.28849877976145,252.61249197957756,1326.8118326822193,10.470590530313764
9319,153.8615696236672,-42.40657678871008,384.6489898910993,1326.9431664183733,1.9691766845856034
9320,154.12028406373196,-42.5221752002329,515.1959348675844,1326.4360390451527,1127.2208396187784
9321,154.26336511624854,-42.587088465155496,587.577789988599,1326.7638575357848,5.4609627148781446
9323,155.69974458450585,-43.22310813089923,1305.601928469405,1326.905603104572,15.000737342936361
9325,156.168795198033,-43.42725820823366,1537.3897910218923,1327.0215450944572,8.055772319212577
9327,156.6253256931694,-43.623134333460825,1761.3880028355113,1326.5909824129305,27.256998366337932
9328,156.66820550413416,-43.64152838962569,1782.3834752779687,1326.5931378351925,281.38590813006243
9331,157.18826140856936,-43.863738207489135,2036.1900839921225,1326.7874571481102,26.77090779924264
9333,154.1582685604728,-42.542667281650125,535.3595822863518,1328.1424754770765,3.5371205509036354
9334,155.1354786870623,-42.97660903814171,1025.393649705525,1327.5154540298674,23.27376760256532
9335,155.99322463668688,-43.353204048653566,1451.37865290675,1328.0570519386467,2.3751516755864754
9336,156.57472454036355,-43.60444291385361,1737.4169008473796,1328.1146779142412,41.8107009411895
9337,157.0683281563985,-43.8147154400323,1978.3484775642928,1327.7620232937313,135.14545565348013
9340,155.1729607937714,-42.9960351179302,1044.901468902284,1328.9629920892485,1.2967478199555746
9341,155.51996130229554,-43.14852279158716,1217.5542989442215,1328.9393173372553,81.7902154163249
9342,156.15661141373974,-43.42522628136063,1532.274381384519,1328.6501463198026,1.027405326710171
9343,156.90958549595885,-43.74873272247338,1901.4115688738586,1328.5909535569358,2.364966664758062
9345,153.62927044126235,-42.30730231855744,268.56098382379173,1329.8859681543552,2.103842155309538
9347,154.39659148210185,-42.65396599957393,656.7539541611332,1330.3608482312602,3.0864099462955434
9348,154.42835317526956,-42.66728682266477,672.482422132863,1329.9186200314416,1.737068982896944
9351,155.08267593749963,-42.958472694424934,1000.5007502280106,1330.108498325991,3.3853087332808247
9352,155.34367555477044,-43.07353857640153,1130.5935483171966,1330.1338920941578,1.0673811470694785
9353,155.82092972978677,-43.280821340977056,1366.940886123195,1329.3416716863571,245.04105927357514
9354,154.76434743876942,-42.82056686916963,842.1828884785134,1331.6750935514813,2.9011182777079134
9356,155.01369512339787,-42.92944795275334,966.4667653588328,1330.8428536235588,10.707120207016239
9357,155.05824236657372,-42.94886376722291,988.6368860191849,1330.702811203286,5.755004878696944
9359,155.50099238910286,-43.14377760467915,1209.1280325080338,1330.7279408919053,7.252811742436444
9362,153.24572675186639,-42.13816532537015,74.99284964915175,1332.6161205095448,253.0098091784464
9363,153.75843085336734,-42.3699629753882,335.30373981629214,1331.9455632617542,1.743756475564782
9364,155.15278847153033,-42.9932282720837,1036.5540087315987,1332.0136042437082,42.25524179999862
9366,156.2388794159643,-43.46637686839564,1574.298696010498,1331.445999916397,10.794151265756339
9367,156.3826742088311,-43.529925540374485,1645.3945549824662,1332.1923064401362,12.79786325218
9368,156.87712346675363,-43.74171289697796,1887.3995808918062,1332.0321159068214,1.4813992251659613
9372,155.89327581669505,-43.31907691520965,1404.5752245775186,1332.7338410864395,2.6075222700617404
9373,155.98450146670197,-43.36056654895953,1450.1362550180484,1333.655621300716,159.57106394634653
9374,156.24985943818132,-43.47376708876789,1580.4225458428125,1332.7750516011997,24.43041896004469
9383,155.8712534709911,-43.312480595490705,1394.5138737795917,1334.232769737958,2.779385042496401
9384,153.91691842173557,-42.44746273630242,417.28945506925385,1334.873466199121,4.149345400720659
9387,155.42534455624835,-43.11896446047169,1173.8770466235308,1334.9215926645888,2.2912585641672982
9388,153.67695809671264,-42.34272606495414,296.80162449963547,1336.7661770320797,1.4595395371018707
9389,155.95578412386678,-43.3517872385233,1436.9749847935311,1335.5110007458677,4.264943370918802
9390,156.36824553840674,-43.530761870146485,1640.2247322799426,1335.73899963261,2.3201718069761568
9392,156.96880632995678,-43.78870745026726,1934.226765005729,1336.0037019521799,9.9594308322341
9393,153.20080680961152,-42.126259983075336,54.629321869127764,1336.9106837842155,2.8842373855399766
9394,154.15848626681225,-42.56050956694127,540.591574671779,1337.0035240030704,20.259441052165545
9396,154.88512873838263,-42.884575379198445,905.603509118972,1336.878799860066,5.786673127920063
9397,156.13124450574503,-43.43109622339727,1524.387652911433,1337.1156605536698,1.4734104399204224
9398,156.43243950092082,-43.56064720410548,1672.3474747301473,1336.8587602729003,26.44265873117777
9400,156.95590268807237,-43.78622900298868,1928.743685013791,1337.5248685536499,14.691787642103272
9401,156.98128740029705,-43.7959022959264,1940.8107544838879,1336.948736155935,1.1671573899541352
9403,153.4712609831893,-42.251702788691986,193.00783956590803,1337.9555408202418,5.0788033365960095
9404,154.63095872193648,-42.773730335297614,778.8594335289881,1337.9301018827582,0.9532924965739565
9406,156.5853586155277,-43.6279848317864,1747.752185122906,1337.658796514643,6.602668213923913
9407,157.1804243784324,-43.88232851049034,2038.1950763884486,1337.8307498033291,5.061054961556561
9409,154.37262088967788,-42.66004633560882,649.5127864509071,1338.758783908492,2.780290176256778
9410,155.47829858438504,-43.150260705757816,1202.4352666116606,1338.965222282108,7.154413632787405
9412,157.01340049239346,-43.813967456329365,1957.6271760666084,1339.1585417967449,5.375887193218343
9414,153.17743321830568,-42.12189815196623,44.57514273341391,1340.0607391784126,377.6067838195003
9415,153.44388077958425,-42.24353992874869,180.34348867402662,1340.0967050111717,350.14804184264113
9416,153.9215216482767,-42.459520657011815,422.5170965581783,1339.853783030065,3.0633665919555644
9417,155.0413151217723,-42.95964795467466,985.3353071610319,1339.8478195450598,3.7142858289108833
9418,155.33778017200208,-43.09013591973534,1133.0280897286355,1339.749350757942,0.537331988195803
9419,155.5542010274228,-43.18543921983673,1240.6475503885238,1339.9298275316626,10.838440169770944
9420,155.61653495636153,-43.212893439019616,1271.6121971836885,1340.0201491448868,8.350477635369472
9421,155.85051962470965,-43.31594413386239,1387.7082969817773,1340.5003766178397,225.60610285625904
9422,156.78278496062646,-43.7172518687129,1845.583934838343,1340.0095682406004,2.828634635684387
9423,157.06297749966734,-43.835992540537106,1982.014658131723,1339.6256540108086,378.61635518822396
9425,153.38136634373353,-42.21657173286238,148.97313953044338,1340.8451407072585,7.876862082811449
9426,153.47817193917206,-42.261039552998334,198.34090956093473,1341.0417266117631,3.761263389397769
9427,153.4965136934498,-42.26890285329655,207.52605332847028,1340.8032214161403,2.369130176464698
9429,154.00132526188546,-42.49804003359748,463.6078981273411,1341.1190218184977,155.6262169038522
9431,154.77056190789813,-42.84308124770762,850.9076717049417,1341.556493538896,937.7120348944028
9434,153.32818386831266,-42.194567438654175,122.55294486225947,1341.9615624209162,3.138775607996976
9436,154.25553622807647,-42.61298081005592,592.0971349271395,1341.4512216663218,140.83072641213022
9437,156.66554450692541,-43.671810661742825,1789.547053957663,1342.4015645334277,12.824544521808205
9438,153.60393436831555,-42.32231456217811,263.4538313044838,1343.1023663184312,2.8542156185572014
9439,154.16769572676108,-42.57793755787613,549.0733517530821,1343.6400670126322,2.1999732120646236
9440,154.84864971142358,-42.87965564356179,890.5418788361723,1342.5117237310044,8.639682419211878
9441,155.38253027975972,-43.11700910648237,1157.29792837328,1343.3623490528196,1.682298928704459
9442,155.70000766652618,-43.25476879715749,1314.4693117138736,1342.729886098374,2.17319587746548
9443,155.95063322238965,-43.36442730852787,1438.5231988671414,1342.9796779944415,82.64967756185682
9445,156.40207775932626,-43.5600741352775,1660.8383799854794,1343.1439175665146,6.005922297487321
9446,156.8996064542841,-43.77306883436999,1904.193098804128,1342.9863589983065,1.2886122038405476
9447,157.03562823901402,-43.83111514509963,1970.5004817387214,1343.0293881587265,5.027437259403828
9448,157.115788743039,-43.86478706072419,2009.398678903312,1342.8209076659211,3.9675787556160214
9451,153.35271179476362,-42.20871525489561,135.91695103998757,1343.4375741689087,2.569112317597076
9452,155.21329848850448,-43.043779128921685,1073.4209619442406,1343.9706107375205,2.9091929949226536
9456,155.2365875019429,-43.054838262558796,1085.245296519483,1344.3715667938397,15.325253240013803
9459,154.1853712239604,-42.590896168211366,559.4361301835798,1346.1468959454862,2.0654790243414127
9460,154.3053754433143,-42.64340424635541,619.5291136981228,1345.4882242162198,4.924550002540856
9461,154.3993323351033,-42.686312665334874,667.0600287810651,1345.911581777712,3.7249293029429356
9462,154.6168180977884,-42.783567658123836,776.365715623566,1345.9983247983016,2.8770796851458296
9463,155.26329900239787,-43.070104245085865,1099.52799928,1346.1274822286296,5.221396485542539
9465,155.87275501351874,-43.336724313859605,1401.7575658535352,1346.0718021016398,2.751016560437072
9466,156.1673618079626,-43.46296876356339,1546.613937320808,1345.2714125895825,5.793211550674062
9468,153.182633927107,-42.137874566666206,51.250467215682896,1346.8312249646042,5.102271206966465
9469,153.6681913013757,-42.358582909708815,298.148478894817,1346.654137889679,2.9697526452887417
9471,153.87782784982792,-42.453381158324,404.35462137380176,1346.631347845892,40.55385367165874
9472,154.00875689430407,-42.51294627178064,470.7125967598115,1346.8875682704083,2.6909100804735844
9473,154.3372966174523,-42.6607522628481,636.4768688075659,1347.0118545414455,33.14039526889103
9475,155.33964631185435,-43.10461983787273,1137.778125272497,1346.5955487836936,1.050983072286144
9476,153.14679793584673,-42.12387276731924,33.674565589668205,1348.0212302364673,5.8059445233238645
9477,153.49411708737478,-42.28227592239512,210.55254516983118,1348.0108052735734,4.837116549077223
9480,155.24178432855766,-43.064956117802694,1090.028864831037,1348.293220077122,3.965697926858103
9481,156.08548408250036,-43.43190059837471,1507.4892019730373,1347.4755319166113,11.034611025960746
9482,156.43898504557777,-43.58593301048125,1681.6522022610736,1348.1532935495145,29.53262603364895
9483,154.43456326154686,-42.70808600064829,686.5028924113922,1348.9200457729346,41.656033531239004
9484,154.49981404415016,-42.73778738928741,719.4533664285248,1349.196873971207,12.005812000927532
9485,154.96451159929404,-42.94331795818398,951.9577287798209,1348.6783882170992,3.5805321001344335
9488,156.2207976774124,-43.49228877006535,1574.6043980851928,1348.3906264997734,539.3884501504828
9490,153.39644701291115,-42.24170184635568,162.0213560817161,1349.9419335047976,4.089038347513279
9491,153.5827483613207,-42.32717332230667,256.93495103141635,1350.3179192655693,3.3630509918684934
9492,154.84422296748252,-42.894302395389204,893.0351770698439,1350.822072412116,5.946378637111221
9493,156.82749234603128,-43.75594121895444,1872.6669345026871,1349.8627939654298,2.54839602191498
9494,153.27525654743965,-42.186221029611986,100.25096434754967,1349.8331559283245,4.98458891501403
9497,154.5988120550685,-42.78598406904801,770.3092658109125,1351.2172551203607,153.056524692464
9500,156.77741849470698,-43.735876715476046,1848.5789257513827,1350.536590390665,5.419592416585376
9501,153.3582767480325,-42.226986432379356,143.38383260709966,1351.2754376031362,6.504413717380791
9503,155.40072931350295,-43.14194091675204,1171.074145592652,1351.8514655927722,1.8793241171034536
9504,156.73737185969543,-43.72064882206779,1829.5279944976928,1351.4947327594955,3.602745431768169
9505,156.97400273415295,-43.82294313153233,1945.307093109121,1352.1267645679122,3.335084758376319
9506,153.176906648636,-42.148260740566855,52.175660284400166,1353.306084511959,5.44072404455147
9507,153.19063509502016,-42.15355558503519,58.886549459664444,1352.8170870910321,6.170787595957678
9508,154.2092891527795,-42.61416693310516,575.1078234925704,1352.4055141792758,197.5309680957762
9509,156.25327928059158,-43.51562003379715,1593.1121958959986,1353.060395770256,2.728703358869889
9510,153.47319098167026,-42.28477474404211,203.44313600341212,1353.998160736419,30.38867519196783
9513,155.79893114109203,-43.32027616808725,1369.6004627916031,1353.9476897671536,4.113329971158038
9514,155.88980985263092,-43.3593298349609,1414.36559029905,1353.6924814515953,7.07598483196742
9516,155.04644728525767,-42.99188118085416,996.3452212614317,1354.848197451892,2.03040108560571
9517,155.0996491075725,-43.016196337952955,1023.1131970672589,1355.2572140415102,0.8734680149790407
9519,155.21644333802598,-43.069457711222874,1081.8044734297055,1356.1375039619786,1.7723714191369802
9521,155.47242661525593,-43.17970446779572,1208.4413514097928,1355.0138865307126,3.039155275523051
9523,157.14449386044785,-43.90193655525769,2029.9847902677857,1355.3926510265674,0.7421988066487658
9524,153.24710578693976,-42.18555881767246,89.50525312572917,1355.9040662173086,1.457018779266161
9526,153.90778718207682,-42.48600010050469,425.05934285881347,1356.1577562597652,6.711013914748886
9527,153.95507835122413,-42.50830992522765,449.2536274741933,1356.646007356042,2.4419752752617967
9529,155.63706271772762,-43.2526392279621,1290.3233259541619,1355.4509697550263,4.282521353800049
9532,154.09619631409012,-42.572099734418494,520.5949078059995,1356.769026771558,25.83093557779788
9534,154.6182021906449,-42.80599815552139,783.280264204861,1356.9042209145305,6.054130625316621
9535,154.86225823190742,-42.91427596554433,905.448966136371,1356.8129971909134,6.515548471609033
9536,154.87599034003097,-42.92088919627162,912.4639390234203,1357.0757294362713,5.558635856645852
9537,155.38183410191175,-43.1433506806897,1164.3956519818948,1356.7148973521867,72.13843800261027
9538,155.89886853081236,-43.36966640926446,1420.6001488899967,1356.9025736264527,2.512841537157791
9539,156.586075167728,-43.666746821604505,1758.4853354396964,1356.9976156040311,154.63799249121664
9540,153.27039431060177,-42.199973309790764,102.48675953371921,1357.786908966954,3.956792710524113
9541,154.9048997572439,-42.935051282371816,927.2973263350005,1357.75134773727,0.9821374234744289
9542,156.1042724712942,-43.46135733113712,1522.5809316926977,1358.179191652898,8.466965844591359
9543,156.79798636198905,-43.75922071034475,1862.5258857364463,1357.8580701818678,36.64915269100313
9544,154.88552082234432,-42.92949117114462,918.4679020589286,1359.2658916016019,7.468208350394494
9547,156.24870369549117,-43.525146052128,1593.9983045258475,1358.8387392232023,3.9557561224862994
9548,153.18102561494516,-42.16370625604599,58.28710556872953,1360.0578092432677,3.702206279848407
9550,153.7717448789063,-42.4321832956274,358.4324173847832,1359.9723864496846,30.046634120878156
9551,154.67667202053093,-42.83831025044903,814.3824301342878,1360.0457782708218,3.4097811359135313
9553,155.22192727513092,-43.08043971031468,1086.9381780322228,1360.4276702973782,0.8888092094067085
9554,155.54616269208603,-43.22129313129626,1247.608260567449,1359.66885664621,21.20440400022816
9555,156.35980227617512,-43.575379803166435,1649.192128336548,1359.991556126895,1.918117417942797
9557,156.8212119457724,-43.77410570753408,1875.190634263416,1360.3539408057977,7.583544244531002
9560,154.29821729210565,-42.67265611422065,625.2575233413869,1361.7007759544945,2.4690538608186707
9562,154.72763074821043,-42.86226889951025,840.2797028457741,1360.6944778905631,4.055127439675154
9563,155.3167291244201,-43.123635700459104,1134.5193580116795,1361.1691840544802,5.655068431929868
9565,154.2099183819789,-42.63475317535682,581.276105809621,1362.5437546177318,6.63296243377584
9566,154.41568406036518,-42.72562495661725,684.4571820066584,1361.9000044697796,5.6895932283301605
9568,155.6339318084114,-43.2643029791467,1292.38698639322,1361.9854883810108,9.48737482375968
9570,156.5432492667626,-43.65950143337519,1740.5293501184024,1362.599845168744,6.560124392020137
9573,153.63281270972075,-42.373950763955236,289.3832645044145,1362.3118502909306,2.4866058381695093
9574,153.64167943552823,-42.38061805803697,294.65441136519587,1363.631170517956,2.7783722552313517
9575,154.09815497146312,-42.58600497363147,525.3473369647372,1363.2701908468475,26.6267575637274
9576,154.19031306061183,-42.626973645552034,571.6907190251458,1363.0528410748707,2.7561831351151
9577,155.26231889072787,-43.103536241345495,1108.530020998946,1363.0891550607787,9.887174337675903
9579,155.70879590852704,-43.29887281727127,1329.967618102334,1362.9263343092289,1.5291215857257667
9581,155.8970460672826,-43.38085979576219,1423.000302169448,1362.9171673839255,1.8293239158279258
9582,156.14932323239339,-43.49083898162456,1547.4864938114763,1363.1888506164487,4.422187991336009
9583,153.70998719041415,-42.411575260642245,329.28612477513843,1363.6339297784075,18.133974234400362
9584,154.34648251421777,-42.69929930248409,650.9887609747767,1364.2128817023474,2.713091655688604
9585,154.37039203577447,-42.70863505777084,662.6225874472004,1363.531591523135,29.469478055245503
9587,155.8676475505141,-43.37025781374666,1409.0873604068522,1364.0136274604808,0.7448269266386864
9588,156.08402307690636,-43.46398572500538,1515.7303428947037,1363.90356765005,5.1707392786118795
9590,154.4451256507787,-42.74461323919865,700.9229563811377,1364.8129460869263,9.255921255541796
9591,155.54347288409733,-43.229783710167176,1248.9626743768467,1364.5151450781445,3.0436403117294653
9592,154.64858123865906,-42.83846949618779,803.9098435255435,1366.375214945336,0.9353109436479972
9594,156.29220459567358,-43.557600909882474,1619.0964767091093,1365.7073123452456,4.289175966960286
9598,153.81645347745115,-42.46568414711103,384.9371173525599,1366.5979548092519,2.700125266651083
9600,155.50710471191638,-43.219997985440834,1232.6364207755148,1367.5923856403128,1091.1998760877052
9601,155.63842703098612,-43.276473065506444,1297.4433910824175,1367.102579374378,3.681772438239266
9602,155.73135230290615,-43.31642991765873,1343.2610692206958,1366.796020594008,4.760140170492888
9603,155.91795747581872,-43.398246345290765,1435.6040381825173,1367.0797943151833,14.62347423184751
9604,156.10659948580712,-43.479990838685985,1528.550531454649,1367.029101767381,12.603035401335358
9605,156.6546062297526,-43.71716973392694,1797.678836063335,1367.5742208352199,15.193525905399149
9608,154.28953767428186,-42.68119503895145,624.4621488564952,1367.907322591425,4.151603442183181
9609,155.16418436918255,-43.0703760483684,1062.503800069559,1368.1289732775942,69.55468721922564
9610,155.68640068663626,-43.298608748272606,1321.5187730572814,1367.69583902851,3.1541449884518187
9611,156.03019442698744,-43.449063715687785,1491.519810642787,1368.1269626945934,6.742847361486368
9614,153.333726690439,-42.250793724592114,141.19718579105322,1368.7068698677822,2.860589081310653
9616,155.30607005472262,-43.13373261999234,1133.3563122240862,1368.5742518969557,3.231259417584258
9617,156.30948201035093,-43.57152135005662,1629.3402929073272,1368.9554506023405,28.241344927258197
9618,156.7390048114525,-43.755758551072894,1839.5726303467368,1368.8060073172576,313.09636524137545
9620,156.99475770208525,-43.86547130171448,1964.3998328097975,1369.0875671505949,3.912177305200989
9622,153.72269104283995,-42.43042852934342,339.545831370501,1370.165797487779,5.639201791043716
9623,153.7445448368628,-42.4404946169098,350.6663703365642,1370.2529974072072,5.722805347257625
9624,155.27798245682072,-43.12285902783573,1119.8038404120634,1369.3151014555558,1.700395532671047
9626,156.8639014848376,-43.81144543218062,1901.129974246539,1369.9705879960748,2.418540853957296
9627,157.07894351997322,-43.90414955164451,2006.1118457922228,1370.5312435311125,3.909939302356484
9628,154.192563807563,-42.6437681943269,577.3751133946511,1370.9331983893587,5.0532555362100195
9630,155.75356391590256,-43.333690435505005,1356.338834043534,1370.5948313068702,28.000874087590574
9631,156.17438818909508,-43.51643756065645,1563.8481813867888,1370.598187376834,7.33542739155496
9632,156.87193017935962,-43.817088108557904,1905.6367887087274,1371.0858522459184,1.551076731228473
9635,154.10342530946022,-42.6064329363886,533.2237293173888,1372.2834653416492,5.18701662397645
9636,154.2412332632739,-42.667386163388436,602.4020539637326,1371.823674099327,1.0302727845451718
9637,154.76375508756968,-42.899940982359375,864.506824284906,1371.5068368842408,1.839614880246691
9638,155.2360331188223,-43.108913938342674,1100.2020068416575,1371.576565277248,0.9592503249089371
9640,156.4059143751112,-43.6180717227914,1678.0110968581507,1371.4618977216207,3.051727737973522
9642,153.16406041149224,-42.18218655317568,57.39762634208714,1373.118319238489,30.47389692369634
9645,155.21338536831934,-43.10330647944055,1090.1567113227595,1373.762277092267,0.6762237344390802
9646,156.01628450626495,-43.453804871926735,1487.621354036262,1373.535209732384,49.083427635151324
9650,155.0615176333929,-43.03780628919866,1014.9269123140182,1374.5026459749963,357.31558644432084
9651,155.77014281711936,-43.35047175504818,1367.173903045259,1375.3868603741023,6.627252274569724
9652,155.87001942236694,-43.39350277586518,1416.3779768604738,1375.1583186808916,1.2696890573904525
9653,156.2216846810752,-43.545367378532596,1589.4149443199776,1374.858609167691,216.15284889410765
9655,153.3119971750992,-42.254999494380876,134.2981610497285,1375.7351424362337,2.8631518247926206
9657,153.79005643488082,-42.472921253244394,377.15846084855343,1376.1570861255952,1.0995696713515404
9659,156.05799110145722,-43.476617084994906,1509.461103856568,1375.9081904439824,36.237627441542784
9661,156.5404395537453,-43.68424570453544,1746.1666358558305,1375.6462756019396,1.4079649886209338
9663,153.1031039363148,-42.16161414347661,28.48025719534482,1376.759405714812,3.871950655175474
9664,153.40683341947445,-42.300803789954095,183.29479065722293,1377.0261113025106,1.0447606635662157
9665,154.2114950525193,-42.664221927753665,590.3571497416683,1376.9033811674701,5.0758450100981145
9667,156.67984585401257,-43.74725805083004,1815.2024078160202,1377.2678221103206,7.28976101386141
9670,154.00197536510296,-42.57104843848339,485.00331968757274,1377.405135326378,5.1089836561401585
9671,154.47344836004314,-42.783169057875064,722.5632038242544,1377.7561791048358,82.155432433944
9674,156.57691505314702,-43.7047983796315,1765.3353806695025,1378.1065768298831,0.9965365910461769
9675,157.08389546489957,-43.92050517491568,2012.3084961188354,1377.7071712801883,2.9502840035978157
9676,153.5889406446109,-42.38680937172064,276.7136718271621,1378.6390664404632,12.768981037961552
9678,154.41432712881922,-42.75941682279579,693.6336931352704,1379.0841853690226,4.490864582138422
9679,156.07619092081268,-43.48971912013311,1519.8502155635326,1378.52604413562,1.8939417398888054
9680,156.76687062503947,-43.78733538166013,1858.4537005524094,1378.6948572346973,34.64611587596242
9681,153.1979903616819,-42.21101111102618,78.62579536804124,1379.7456232952752,253.9638053170802
9683,153.73828207741082,-42.4561643734208,352.89019156460415,1379.4782713936559,5.690358533645315
9686,154.80439361248858,-42.93542594041514,889.7849660575507,1380.230255402363,2.95264225040925
9688,155.23558637217351,-43.12528028024844,1104.6232258773866,1379.8704102311196,3.4349257303853262
9690,156.01298844845246,-43.46522953208068,1489.5237789317825,1379.9868785736753,5.123306644003327
9691,156.86898360083543,-43.83271578967024,1908.7191765724797,1379.5824968407717,2.3566890591190868
9692,156.98261229091463,-43.881855222777354,1964.2374345111627,1379.9380480068862,2.254684507869313
9695,156.77732201463868,-43.79588254955579,1864.6475986708497,1380.7467730814888,17.49576108132997
9698,155.9556691322476,-43.4441414836591,1462.317434121995,1381.8885234354611,3.718985609597065
9699,156.30534303024479,-43.595002204828724,1634.1820674830503,1381.647974855452,41.01821214838615
9702,156.68393282911643,-43.75718999968055,1819.4002612116838,1381.3823660950686,42.782445144603386
9705,155.96593579761247,-43.45203512061065,1468.32187224593,1383.6126166656575,19.468195524959185
9706,155.99508759478468,-43.461859994478836,1481.9109777576034,1382.1934617761503,3.583154294798793
9707,156.73002878638536,-43.78134600466417,1843.0969873333443,1383.6079885548413,15.50731459501705
9712,155.29730495960555,-43.159740176629434,1137.355988680791,1383.5300308050346,18.947370438730538
9713,155.31080433748483,-43.1664526800759,1144.281883057163,1383.9196996323171,3.8135706919221097
9717,154.06154770138653,-42.61368765791793,519.6434203422481,1385.3016870576844,2.219379888093604
9718,154.25369370676935,-42.69897537151443,616.1582594541521,1384.8063604520682,6.776673395770111
9719,155.76691038431915,-43.36849137768009,1370.9432161669827,1385.1304703468634,1.8185658542099052
9720,156.25457697423278,-43.57863846128083,1610.7692480603741,1384.4330210492242,31.796621944642183
9723,154.40843264881934,-42.770328631467244,694.5547669798964,1385.8506276366795,2.8524126306481885
9725,155.246480399594,-43.14249564138519,1113.5223012107067,1386.0896134269194,8.114985432554006
9729,153.31190306256838,-42.278564721181496,141.20745523860506,1387.4898528040212,2.3173491521322265
9732,154.52199995509753,-42.82380581536699,752.3510590136929,1387.2343567494042,4.376510533760461
9733,154.68379064362998,-42.89415344220022,832.9391159308902,1386.380931103039,246.25661615198723
9737,156.62317175032615,-43.743170650814754,1792.9497495729115,1387.4236835911356,1.7509221015718082
9738,153.43162286534252,-42.3342967623382,202.41955498616022,1388.0884000099643,2.4539699574272094
9740,153.64870803148744,-42.43290753139195,312.5696050959921,1388.105193054876,4.426192561736461
9741,154.82513123088557,-42.95897855202629,904.2207980198904,1387.407814322822,1.0409004751840432
9744,156.384133889009,-43.64040224460975,1675.9368250131452,1387.394924776717,6.570966197054205
9745,156.54222869197235,-43.70953314096087,1753.6664675320978,1387.971398073426,5.485368756699196
9746,153.12045489194017,-42.19372238184232,44.48482203050338,1388.7855718689482,17.67144460688434
9747,153.15187213579074,-42.208195463194215,60.52791189738448,1388.8365474811199,244.8719806794207
9748,153.1747777887251,-42.218380276221644,72.11393435227744,1388.693515222222,1.2731144565078134
9749,153.56695131197347,-42.39754494603077,271.62453477377153,1388.9607531419742,1.9259175938820736
9752,157.11697925994903,-43.95722971822555,2034.4039602963471,1389.1227451546908,2.86278986089087
9753,153.78037098881157,-42.496618447642746,380.4339650357222,1390.155414527971,11.00086043471891
9754,154.0123877074083,-42.60167933407664,497.77084607192006,1390.3479420972549,17.93790287864584
9755,154.04212976514583,-42.61496733142479,512.7464675361226,1390.298963674066,1.5807294333661674
9756,154.32611451238782,-42.7417716867204,655.5606639427177,1389.9774458881989,2.0118267454583703
9758,155.39760076635415,-43.215972496184975,1190.5675970477935,1389.6300491077031,1.4674478089029175
9759,155.52848849106758,-43.273281546309455,1255.4538534937117,1389.6029458563623,12.442777697953881
9761,155.97140721640275,-43.46665466583545,1474.3809267553047,1389.7566511598925,1.9162556657968388
9762,156.0477157656363,-43.49893954538397,1511.7388352779594,1389.3479907847554,720.4852163968609
9763,156.16205762391834,-43.54980021587403,1568.3538433556894,1390.0278659528153,1.1928333113821126
9764,153.28929796285365,-42.276823851030045,132.23323743651378,1391.7556210389487,2.037317728682402
9765,153.7030999256702,-42.46309115189514,341.741011806708,1390.8691770031257,1.551662044592315
9768,155.2833332192725,-43.16839992843552,1134.5558694913082,1390.9430023681548,1.0969897229187373
9769,156.18598082219108,-43.561454523235476,1580.4687426189323,1390.6856372114132,4.096425836410104
9770,157.01513830733617,-43.91898021777259,1986.2622597687332,1391.657116662175,5.935055502639858
9777,156.78398658145508,-43.82145559628863,1873.9941279276247,1392.177605341037,1.2334763456806168
9779,154.27247499890223,-42.72418635178092,630.4380806423275,1393.190940250175,7.443934035391804
9780,155.47051931276073,-43.25471291954091,1228.6216009660404,1393.019725154393,9.745270737020553
9782,153.65887588844802,-42.4498640572233,321.3290421979847,1394.2594281603233,2.2235771731367056
9783,153.87305057920875,-42.54591917458893,429.45790293338996,1393.8630237724574,5.605125103193443
9784,153.95228770369494,-42.58315916429151,469.915766638213,1394.613319300203,5.61000783261372
9785,155.13964134362254,-43.11209763948155,1065.0466781642026,1394.431201818521,12.878794783398948
9786,156.26622758709104,-43.60166083015332,1621.3893670223642,1393.4693281476407,2.1426606209433237
9791,155.316993886268,-43.190911344820904,1153.4367337591689,1394.8061982027089,7.7222311403522585
9792,155.99605733036768,-43.48819184991317,1489.4991811978089,1395.1960751423214,429.28132837426244
9794,156.84833574176795,-43.85521075090341,1907.037690756285,1395.3336867771484,10.093550472290435
9797,156.9889073256597,-43.914461713451544,1975.2785852160239,1395.000907433496,3.2867096150311568
9798,153.27464853116237,-42.27894591419807,127.37648659058284,1396.1387548177916,100.21503863464675
9800,154.06319457104678,-42.63546493494434,526.5564915305093,1395.7979286744157,14.818000953940947
9802,154.40380811434207,-42.78763770228453,697.7849795509279,1395.5280555169368,1.991613212248153
9803,154.44503699776934,-42.80641994818172,718.5867905378813,1395.7089055775236,1.4071276817900469
9804,154.86310755853694,-42.99222633845148,927.841832320257,1395.6148364065332,3.730265284334125
9805,155.11671629829087,-43.104114232217114,1054.2321503876065,1395.4953999624424,532.9843584789138
9806,156.3595195324378,-43.64676993567036,1668.477558541378,1395.9203002397894,96.18023043408834
9807,153.47066220443946,-42.36966042017853,227.41449404485982,1396.8584748982319,4.54876334043177
9808,153.52255208630817,-42.39277357085163,253.61051023217695,1396.6265052950873,20.410980900570664
9810,154.30808553700479,-42.747433371153384,650.4419323349595,1396.8343648385753,0.944816568917212
9813,156.87986478463264,-43.87289471848211,1923.5256302882478,1397.4628561419343,4.245042797115696
9814,153.93125894259165,-42.58148843316808,461.56332924664355,1398.5074571000562,5.3529267051461185
9815,154.03263342209195,-42.62583955300719,512.3387803388086,1397.8549443715576,3.191803028734225
9816,154.55381004798164,-42.859489157905706,774.4407884386209,1397.9767668494992,16.493846129028384
9818,155.01018999751238,-43.061456985556205,1002.3959405776972,1397.6848515413826,33.843629896716465
9819,155.02610492061748,-43.06870945113118,1010.3903646135149,1397.7949179370396,11.353710327625878
9820,155.2044494124099,-43.146552062024035,1098.9461873232904,1397.3837332784194,4.140266730034051
9821,156.15526870165462,-43.56284135791156,1569.3808920851507,1398.0490642275843,158.2288265181292
9822,153.25785979347276,-42.276711148333554,120.43496086309378,1398.8395402200008,66.05240727467034
9823,153.69516928980238,-42.476182599848286,342.5936167872059,1399.1835636985925,821.4997809930348
9824,154.82067867667186,-42.98017028964547,908.5618642598482,1398.9922772513853,1.534954171500622
9826,153.4039760681727,-42.34568020143348,195.41841723080535,1400.0227957256795,8.158511362132824
9827,154.23700799130148,-42.721538462560666,616.4084227405231,1399.8040537730478,4.856041826214988
9828,155.35271136711808,-43.21733890443933,1174.1718012967053,1400.1835939258938,0.26184697173952204
9829,155.4257237588295,-43.249394300349515,1210.3999192196106,1400.1920930724636,34.004599903311544
9830,156.20032299474047,-43.586015959345566,1592.524518961422,1399.9052131810436,2.2154305139779438
9831,154.18286813676576,-42.699129891217865,589.7035155134042,1400.739386054741,19.23588302667783
9832,155.1631162662331,-43.135656035184546,1080.4392126158216,1401.0435411415062,14.051695356152367
9833,156.64773786971148,-43.78088056681971,1812.2724153600602,1401.0896328881256,6.9227345897121575
9835,153.10098712768777,-42.21138448179343,42.42922979609055,1402.0056730240185,16.002581993040714
9836,153.19800858001094,-42.25555832169242,91.7957586806327,1401.9126587600683,1.0928745523378172
9837,153.76898819565898,-42.514512874573214,381.3865577627194,1401.641479575048,1.3764529642052326
9838,154.4295407687314,-42.811543753419606,714.2579158028283,1401.725033034406,25.82383093916863
9839,154.66107052544936,-42.91480996359263,830.3194466728484,1401.756217754139,6.030235876870228
9841,156.23672451822208,-43.60604072214392,1611.5700021083635,1402.0645778748083,6.8256733487578725
9845,154.51802830137413,-42.853690240281416,759.4035823718266,1403.0495277243554,5.2879045392774415
9849,153.07491677089362,-42.204223152343765,30.554121339407615,1404.379532274438,12.035669203924698
9851,154.04124450853882,-42.64222152967489,520.299172892648,1404.0945377635726,6.231534318043118
9852,154.0787198086756,-42.65803699645194,538.888621943033,1403.5765940028866,1.3688568647829469
9853,154.37601278812056,-42.79320177713667,688.9841659001285,1404.5117815680767,1.2905781510317826
9854,155.4721686096431,-43.27645278730142,1235.291148466191,1403.549087326668,3.158462515408152
9857,156.3161795319731,-43.64437464026586,1651.6532301724565,1404.09911077952,5.12970992670458
9858,156.39536958726003,-43.678349794734494,1690.4251480251166,1404.028495074286,5.194569499417832
9861,153.36333792677658,-42.337956878973145,177.94317446330072,1405.389813031954,16.018227297754237
9862,153.80523553650386,-42.53729311582241,401.5782295394168,1404.8305094952368,3.6710924085278744
9863,154.6679946946732,-42.92455298768391,835.6810106940924,1405.0864163097988,4.673657163740814
9864,155.32823199529977,-43.21734450822287,1165.0265163795377,1405.5702785597437,620.6264816215834
9865,155.82631781787788,-43.43431674707016,1411.2983568791517,1405.1672310471727,3.7618438030579555
9868,156.91316502047692,-43.90156754970018,1943.603070256655,1404.7456772643702,11.573761494792128
9869,157.03801719730947,-43.9552908057392,2004.4575873102326,1405.035996677728,26.1623326990718
9872,154.44496651405677,-42.82686460749869,724.4126044143364,1405.9359469636406,1.4615274303916004
9874,155.9033514970894,-43.46982981699574,1449.8391855558455,1406.1776895180324,6.072010170773957
9875,156.37237720546332,-43.67205363620633,1680.1389198116215,1405.8387196804106,4.835601811478802
9876,156.8783151249872,-43.88822263743461,1927.0465939177052,1405.5067685020704,15.767283225442887
9879,153.9768424822785,-42.618435681028124,489.3257699478678,1406.6902637391124,1.5444614409183193
9880,154.16987543180818,-42.705046077267305,586.5493783540329,1406.60176194986,1.963874408275446
9882,155.58824864333747,-43.33439914814808,1294.7579418183739,1407.130502573991,2.020482520412532
9883,155.71142151448362,-43.38925281744304,1355.9529077430923,1407.6689666455666,10.725757812561907
9884,156.60668117756094,-43.77506865818064,1795.395066581777,1407.013184116315,1.5159344389709764
9885,156.74223315394707,-43.83286866105545,1861.4862741853797,1406.8938837195176,2.9980736062362383
9886,156.92655861262017,-43.911509362834735,1951.2500864950814,1406.8761619469042,11.476256097338812
9887,154.844057324233,-43.00807248575921,925.2066796134787,1407.7609209480834,18.303978718821742
9888,155.14364206435312,-43.140624825545885,1074.5570035649482,1407.8259133574868,69.03502632462083
9890,153.61859870326154,-42.460931462154946,309.4946751871823,1408.869764355579,79.00072179483422
9891,154.5394028052537,-42.87554651899633,773.6374312027651,1409.2072258904097,103.52837319338353
9892,155.28231230314034,-43.204531171183156,1144.286866280351,1409.2586069907738,1.7136322962965063
9893,155.30059408588636,-43.2124867869914,1153.3425685717586,1409.2183900644934,68.72346035500239
9894,156.23921156100587,-43.62106809219738,1616.5921807833674,1409.0706623533542,8.876038338638564
9895,153.5369085973246,-42.42566197267254,268.61861995242396,1409.7615426724788,7.3068054176386985
9898,155.0404179925096,-43.09890258695495,1024.2478370606657,1409.7377433205338,2.930082615157519
9900,156.7679077245694,-43.851661439790135,1876.100485692,1410.8250790399272,3.7251156814939446
9901,153.27503761724427,-42.308447807513694,136.2217125657276,1410.7349997773383,8.212120674348188
9903,156.00499009428418,-43.524801346092985,1502.876441722696,1411.6209490305534,1101.0946681806247
9904,156.02055799630253,-43.530528117857195,1510.256741340989,1411.107452388518,17.5745356407099
9906,156.3988818345697,-43.69548576564563,1696.3822839414147,1411.8769834035434,2.59442785978463
9908,156.62079862235345,-43.78879987709494,1804.3593260893576,1410.8734927009043,1.4384518321797939
9911,154.66082857731897,-42.93626138369827,836.333870419697,1412.5302872339535,3.1269281826204507
9914,155.6994925878873,-43.39253046198072,1352.4052358348208,1411.9200155532335,12.314716399594715
9915,156.08871170101088,-43.56120897235506,1544.092962002973,1411.686073159085,1.7112209562366727
9920,153.86873069922257,-42.58385449620002,438.86269879359526,1413.7500263389527,2.350528861504506
9925,154.52400087138687,-42.87536922487406,767.8290565521204,1412.548637313942,22.31452412795335
9926,154.6426346957421,-42.92950070921195,827.6091719051152,1413.1959361995323,2.0506527367550165
9927,154.96761313222254,-43.0725510987336,989.6120305980489,1412.6501775743072,2.8610279049589837
9928,156.11732191932998,-43.57682446236551,1559.0391151622055,1413.3079307407854,8.66508129349092
9931,153.01250835561112,-42.19509523571745,4.50352767508145,1414.0580222688257,7.268772391443955
9932,153.38887804337054,-42.36776855643844,196.2643896154746,1414.4424310631703,2.637710231775303
9933,153.57500154057348,-42.45158260846882,290.45483890290006,1414.0618222893909,1.8741994366366381
9936,154.2940614918589,-42.775726423865635,653.3262064929,1414.0937600102516,14.471523536218244
9937,154.80504598873438,-43.002421378861094,909.0251563970922,1413.5837788305632,4.56289411035792
9938,155.02167386269426,-43.09820524511938,1017.0473928221909,1413.5306801346367,13.195585997386747
9939,155.19422752756392,-43.1754138602385,1103.2222136180044,1414.083453029994,2.602065407205261
9940,155.65990456693956,-43.37969828097233,1334.0730362504046,1414.1462335715973,1.501218452848752
9941,153.14287776663483,-42.256888417665685,71.56680463780239,1415.1112436717192,1.6159657354381773
9944,154.49609781922882,-42.868344319479554,755.3919073561395,1415.255349950704,45.98589680224429
9945,156.03083946505976,-43.54180181853112,1517.1834347624656,1414.5277895675051,7.249559119628174
9946,156.0516684657678,-43.55050608929715,1527.3403503616098,1414.366289338685,4.075590768721377
9947,156.64526567566392,-43.80767907586753,1818.5650715018235,1415.0938722530043,3.3219109029033054
9949,156.8096472716666,-43.87723693352104,1898.5131483978248,1414.7202987342466,2.8719234110724168
9950,157.0463084129393,-43.977955794811606,2013.576906702532,1414.669510398626,202.95969988862106
9951,153.21573511703465,-42.29251917527459,109.34306289687989,1416.276583110583,2.751064670187809
9952,154.47173119033513,-42.85838466370127,743.4366500165111,1415.7108714956105,11.073538160582787
9953,154.75868205774233,-42.98830361945852,887.6945542165196,1416.810503722897,4.538756950767305
9954,155.51117409658698,-43.31832966813541,1261.5110653375457,1415.9710028010527,15.408399911609093
9957,156.83299742761966,-43.89061672949637,1910.7975917125268,1416.43628693811,434.59450354622766
9959,153.53611100635044,-42.439827159904546,272.4698705116317,1416.9972976261229,119.5013948517807
9960,154.36717168495855,-42.81377350322744,691.5777333085796,1416.757185518949,18.11917645550627
9961,154.43270899872658,-42.8438973642749,724.7057217983546,1417.175734213581,1.0778465617246265
9962,154.93347800222634,-43.06781764483203,975.5211591821909,1417.8343845408015,2.463932023799556
9964,155.825776377645,-43.457144292068485,1417.3883214390717,1416.732382869154,311.7676938415858
9966,156.21028703327636,-43.62338675392593,1606.4330888743452,1416.5056749192534,2.694870518377696
9967,156.61922018356134,-43.79880548188535,1806.466311644398,1416.2427583925366,1.6451259380802088
9968,156.79195715670096,-43.87532520644911,1891.4085258523767,1417.5581531213081,142.1124335298326
9969,156.9652380817387,-43.94762359750893,1975.2985513323972,1416.758764661035,2.053156070242279
9970,154.7466584344152,-42.98473670801598,882.1890541365168,1417.6956956909548,74.59977041212666
9971,155.31801244714754,-43.23748249899952,1166.8380721165847,1417.9012139211452,5.0570158713844595
9972,156.36867948057147,-43.69489628259575,1684.9585070134049,1418.1117338814688,2.2258729683985754
9974,154.63099361583267,-42.93600340316934,825.1100590968808,1419.033031369738,3.009755835770784
9975,155.38465206663395,-43.268999234970124,1200.5259278945375,1419.0333940091741,2.3001752428542686
9976,156.81688770715536,-43.888524701836054,1904.234622000658,1418.8424981380372,8.558649368960994
9983,156.56147963342875,-43.78192723688964,1780.3917861456137,1420.2030243250397,1.240796924201377
9985,153.40515394909343,-42.38845700046071,208.4316848194457,1421.054635948964,10.517338850878264
9986,153.45047100775975,-42.409449891935544,231.540801976437,1421.244598256467,12.02039016236054
9987,154.04133026007653,-42.6765920435612,530.2717008647371,1421.2198533572366,147.67569546617798
9988,154.3982808727285,-42.83620083122345,709.6338193063688,1421.0120809020445,21.790014574491316
9989,155.41415396272924,-43.286392880705186,1216.392926339998,1421.2638173556609,2.6175089036362107
9991,156.16278954624562,-43.61287080237354,1585.8474490473366,1421.5295547977114,2.8194220742242484
9992,156.6273123027198,-43.81215259585104,1813.0775473705949,1421.2084642237166,2.803120117338523
9993,156.6897659143909,-43.83876847543224,1843.514216089056,1421.144709558561,48.429426471376644
9997,154.76051335674217,-42.99976836539178,891.6324194204267,1422.1346592165582,4.743257486511405
9998,154.84879905812056,-43.03812914449516,935.489215320175,1421.738035191365,2.0756935218083585
9999,156.23090476413563,-43.64350470082254,1619.605643702239,1422.1354652717532,8.978065351732262
10000,156.31503147121612,-43.678329953970746,1660.454000733245,1421.3994798095553,3.543602175601104
10001,156.49983825301487,-43.758383680439344,1751.055230594291,1421.6685712556095,1.4249139343071175
10002,157.06155140092662,-43.998127880232,2024.6184157382818,1421.5618362114556,1.9128354668929168
10003,153.3498957018171,-42.36791138357278,181.73019588459366,1423.349414295587,6.71344546718622
10005,153.63444238271683,-42.496055573098566,325.68492346611595,1422.7911402281798,2.68012085805733
10006,153.69696409031496,-42.52468620374279,357.4170209717652,1422.9491353328322,30.947884244084587
10007,154.93674429219078,-43.07882949036738,979.8517277237995,1422.6185933200002,4.412631312373118
10008,154.96138469323037,-43.090637673693635,992.3898319638968,1423.0735474761173,15.140668381419758
10011,156.65984238312103,-43.83082976457513,1830.2280753356417,1423.592953955723,2.6889124179682264
10012,156.867908862975,-43.91748751961876,1930.9938083750676,1422.4602128015351,29.76757085095036
10014,153.93355643139745,-42.63333443526055,477.4593433141965,1423.8448356934357,1.8806199309597145
10015,154.43888556735973,-42.86021798297235,731.6855852815269,1423.948232232449,5.1334230458242684
10018,155.20340818525918,-43.198545374746146,1113.138299823765,1423.637479436502,8.610760602040116
10019,155.59653115083213,-43.372697499079656,1308.4753407370454,1424.507351596617,210.89518015184805
10020,156.4257095216031,-43.731350009914316,1716.1056866440506,1424.093785940719,5.488135965262113
10026,155.08403662254423,-43.14951406843784,1054.7893910337446,1425.4259024666387,443.807345179729
10027,155.56361211038927,-43.35936923993701,1292.4898497173208,1425.0385789398115,7.886362247106583
10029,157.00884690375057,-43.98172744973472,2000.6280952043323,1424.5825757998325,4.033209914030199
10034,154.05126349560268,-42.692380544226744,538.5494245469334,1426.8665618341608,8.341711788933601
10035,155.8330083373187,-43.48004366985831,1426.3972354218454,1426.6367835372082,28.734439874619483
10037,156.73025245898634,-43.86689140725326,1866.1548035415958,1426.5764456568982,7.710789097185973
10039,156.77343818847996,-43.88635459826391,1887.4651546323746,1427.0821643413485,6.330513839115297
10040,153.22016299318219,-42.31852965085377,118.67763816035463,1428.2129650820325,0.8712404019599367
10042,153.73414731345676,-42.55236277134675,379.3859519793595,1428.357303478237,3969.4511351925476
10043,154.00042403203443,-42.67112142593669,513.3994100596444,1427.6705490859006,4.448356555922705
10044,154.09348224160846,-42.71358184934764,560.453068669132,1427.9761212358892,7.718877677229564
10046,154.85390486534476,-43.05379039247389,941.8297113187374,1428.436697857663,316.3376138129406
10049,156.0350909714068,-43.570228963572774,1526.5578488732092,1427.8657836950786,293.81168677374853
10052,153.25238447765463,-42.33426256090909,135.3643866396704,1428.7246532391935,2.370570298737587
10053,154.46474724301717,-42.88178323394533,747.5183097775276,1428.9523640802845,2.537938690311508
10054,154.66670237027998,-42.97192100177937,848.6742795070024,1429.043792623845,4.860683777981047
10056,155.25212642882906,-43.23083662870952,1140.3767816456777,1429.0708201414757,7.888502361874955
10058,156.07984666712895,-43.59216739843668,1549.2553623069837,1429.1469493459972,3.4177769556591833
10059,153.51723853179595,-42.45730391069666,270.53465282932785,1429.968085463316,80.70028450858788
10061,154.72530076017944,-42.99958184468996,878.4251109763793,1429.8547766296406,16.653924504433476
10063,156.19989298266788,-43.64794432884015,1609.2515175732833,1431.086314978297,3.3080381023111567
10065,156.92256982467723,-43.95559111918589,1961.5318654438724,1429.9079432996652,10.786276551843795
10066,153.2990963031853,-42.36050384718684,160.5597370541087,1431.1826792514535,9.241507557337915
10067,153.38749318939443,-42.40048782564111,205.36574163932747,1431.0445609835892,2.477130870324175
10069,154.8290278434349,-43.048642243092424,931.0809385199558,1431.3741096656265,0.9840717369840101
10070,155.09888907193547,-43.16688503039918,1065.2207384581138,1430.838739801182,8.285681157084145
10072,156.88913553578968,-43.94268155747474,1945.6337849273543,1430.5803204474614,12.821705357675041
10073,156.9686970661408,-43.97710029306955,1984.4449445973323,1430.8485069904732,4.642777705395505
10076,153.6331865219373,-42.51396086701642,330.4469176327895,1431.9941911505948,2.7542851244361963
10078,153.96612231746144,-42.66401676042334,498.5232506594533,1431.8283851333358,4.228645151026893
10079,155.86105427697436,-43.50294337666052,1443.1663148644043,1432.0035990722097,1.4683217951205676
10080,155.98257984635887,-43.55533185590914,1502.8894035771732,1431.8124554714757,2.1824517110716064
10081,156.11194955209362,-43.61264378715388,1566.8256245085022,1432.4497801742805,1.2710805365675348
10087,153.04007887163047,-42.24772617847174,30.421943813194215,1433.9500652089187,6.091541615569169
10090,153.9043767929495,-42.63996275347167,468.47662308526276,1433.7067534548405,2.8735606648212095
10091,154.96773875816135,-43.114686057456524,1001.5491554818219,1433.6949979717076,1.9572957556091402
10092,155.16672982101286,-43.20226187922399,1100.4860053043476,1433.5791562595718,172.85879220758062
10093,155.27720131903467,-43.251703811924706,1155.577695857388,1433.9974615972822,3085.740057410941
10095,156.1463457253871,-43.63014929170929,1584.4322295011768,1433.7689864563024,21.150575546151646
10096,153.20294251174812,-42.32353071123355,113.71781350805384,1434.612617561826,4.075557168352357
10098,155.32167151755758,-43.27397866438642,1178.4041361816373,1435.367561689961,554.1829212443873
10099,156.08406922032157,-43.60436802727473,1554.1673179859154,1434.3513423925676,1.5992768578754708
10101,154.90278998241322,-43.090439034745515,970.4509944754051,1435.936385348459,1.7707408771206998
10102,155.0257691162946,-43.14561347619414,1031.934556694034,1436.3393405266254,3.1537031966687405
10103,155.67957536061866,-43.43094850573277,1355.5996968114544,1435.528990018249,403.5066616415987
10104,156.30758758356174,-43.70377722191112,1664.5943224537068,1435.7876323087144,0.9592782064987657
10107,153.73396659469665,-42.567688786984455,383.7846417229032,1436.0346073845797,7.482414470748121
10109,155.45105047976733,-43.33378429586762,1243.3683444198784,1436.8984440030854,2.289411417963814
10112,155.74997977857336,-43.46625827880037,1391.6214549813178,1437.844382218884,4.820508831701803
10113,156.0985036991167,-43.61672971909508,1562.9293095464595,1437.4191557588038,2.873777087844715
10114,156.19859091325424,-43.66120628730735,1612.3814332496454,1438.0248211495389,62.17678671260897
10117,154.5772480343789,-42.95152074048407,809.4534612925743,1438.7355093862998,2.775712193324989
10118,154.74900455039,-43.02841721657608,895.4638236222222,1439.0055171594722,160.37980536840345
10119,156.1670822397394,-43.649390341322125,1597.414182258451,1438.9265583896067,2.8910317134251953
10120,156.2221896704161,-43.6720693016536,1624.1377613534412,1438.3625763650505,3.2131975013353773
10121,156.6781888912275,-43.868680439309564,1847.2417299120664,1438.6706651465277,9.770450852208493
10122,156.77044105453786,-43.90778078395615,1892.0931112875953,1438.498644703509,4.2140980763133715
10124,153.44256279909274,-42.44346684704586,238.5701385739612,1439.9704710923047,8.807772682633797
10125,153.86739964158485,-42.635690722428684,453.42075914955916,1439.8895360254678,5.4466967555021935
10126,154.68583882425253,-43.002386214467535,864.4843725609472,1440.0155917510067,2.0898902406411164
10128,155.4031747030182,-43.31935870647255,1221.485035804931,1440.1816436428135,6.902987104027015
10129,155.639669657227,-43.42143066910455,1338.078523148448,1439.485163640688,75.19198654731521
10130,155.7346752655238,-43.46422290043727,1385.3510563495784,1440.166060491413,91.79163911764927
10131,155.87747501095754,-43.525752287850835,1455.567184335655,1439.861492715839,6.566032610214052
10133,156.86814786998502,-43.95264440820091,1940.4815996302777,1440.0906972157022,1.5909661728034217
10134,153.66323666067382,-42.545530043350766,350.89484207400847,1440.9400025243408,2.6227336582706307
10135,153.69831158281158,-42.5612698356607,368.5914821737039,1440.8721725625812,6.562709195181893
10137,155.34058551024586,-43.29286880154625,1190.7394413005052,1440.666640327086,80.82975413053836
10140,156.28791598525228,-43.70577899274341,1657.8071956197114,1441.0498862200868,2.6096807351406217
10142,153.78913001702222,-42.6033183833457,414.7698795616758,1441.364715532109,661.6523528529472
10144,155.48805675784067,-43.35999595396632,1264.4695850668943,1441.9093789173116,15.625735849679945
10146,154.72326203523585,-43.024357674458045,884.6998097141449,1442.6876591990183,0.7625370763327217
10147,155.19568327757037,-43.23242888350176,1119.7546449169038,1442.294949997213,6.6184394697704185
10148,155.8961924877014,-43.54021637657529,1466.5243654295662,1443.0364283987096,6.308535494359621
10149,156.25641482028595,-43.69582704071691,1643.3614014579255,1442.8738892983424,2.222544506436347
10150,156.31540795229986,-43.72104736583073,1672.2010216213237,1442.7660839952575,2.3953520300779245
10152,153.3774363111416,-42.42146350221895,207.77407820995882,1443.7631704964065,44.42389452669351
10153,153.67353555772968,-42.55551103874181,357.65545342769764,1443.5892869975628,3.023090941695108
10154,153.88533661941545,-42.65311994532588,465.1814285448617,1444.5446091089868,4.704598909772472
10155,154.26253094749464,-42.82134995093199,654.6558847461351,1443.910133506526,1.5407663461051349
10156,154.42624761357197,-42.893684196612426,736.5427017042854,1443.4747129437212,27.9783987115123
10157,155.25394634546316,-43.26099836831446,1149.4998442226802,1443.7656552427775,12.143081255686491
10158,156.6093956846758,-43.84974634376866,1816.5270740492508,1443.959110092592,13.621530200837991
10160,153.17948859292403,-42.33273065395559,107.6714174670789,1444.5172276065898,2.076792739376812
10161,153.40505077278314,-42.436139918003754,222.40369098811956,1444.814392871149,8.386355023947596
10162,153.57951470101509,-42.51567876240809,310.8949038596571,1444.9661618753896,2.0291053561667134
10164,154.07967784453157,-42.74185153018535,563.4595587680526,1445.1697082129886,6.433059225223805
10165,154.55243598456298,-42.953101592103266,800.6391405316398,1445.0438836142528,4.705511787862122
10166,154.59682017465565,-42.971613975670515,822.4885690722296,1444.4196636705387,183.98625017642374
10167,155.26852621137382,-43.270275675081855,1157.5363201045677,1445.200950290555,36.13050307127862
10168,155.86979257206787,-43.53360811824789,1454.8639464011926,1445.4740482135164,6.197405607326814
10169,154.0172312538295,-42.7155090964746,532.5227885088946,1446.033489528731,1.9260598493703003
10170,155.0521044059559,-43.177025188887384,1050.6091421358299,1446.2350867651323,11.864032219146887
10171,155.43514486889487,-43.34512107777254,1240.5909594858654,1446.0646176426192,20.139018448003444
10172,155.56609039154276,-43.40251091963638,1305.3884736578088,1446.1075837200663,29.81840654137996
10173,155.7871473266441,-43.49829617029522,1414.3229130185011,1445.7907273960318,7.182073709803012
10175,153.39157869404917,-42.43384963127397,216.69800844219074,1446.7249067391276,39.11543458893143
10177,154.33180014180164,-42.85912746833596,691.3719622042821,1447.2922286076005,50.064224652009685
10178,154.89966783504178,-43.11269208971241,975.5746124178833,1447.7522459505008,1.5098113651825573
10179,155.15427160112947,-43.224289971318264,1102.0182911061868,1447.345735155289,1.2268234398191802
10180,156.5097587533181,-43.81286501018841,1769.4727173177662,1446.8983207635542,2.9794419922999484
10181,156.7026561191076,-43.89559593849976,1863.5845621014455,1446.9377539390646,23.611465291353213
10182,153.16498629158312,-42.3326010498111,102.2154715043132,1447.7477189725762,4.545025211453867
10184,154.38490157144486,-42.88435092915341,718.4312456241435,1448.0340312062904,3.0433125315997844
10185,155.67896350142416,-43.45587010550917,1362.2656343542042,1448.1506432393976,9.493537624214316
10188,155.27825452918518,-43.281851469599076,1164.4041698108888,1448.8544720069162,6.25188614813344
10190,155.94640750289085,-43.574068055894514,1494.544249364489,1449.079183481915,1.0271818057596453
10191,155.96678965829926,-43.58125978670793,1504.1151843101263,1448.2513307165827,9.477747715116937
10192,153.40166391574505,-42.44608629994336,224.06066501436771,1450.531718238047,22.76296309610192
10193,153.7897507991741,-42.61963621524673,419.74951322243913,1449.356035939145,3.7436561589089647
10194,154.53470619209506,-42.95506881066777,794.5810874089677,1449.970631503781,2.3553071209282397
10197,155.58437172334897,-43.41843349140539,1316.6234582656666,1450.0816529171639,147.29108503160532
10199,156.80693439982815,-43.947283462289704,1916.2617166151183,1450.5248533115328,17.3131792068359
10204,155.12701703343444,-43.21971295718819,1090.5641045354346,1451.0628202377836,10.614660672301289
10205,155.15827160698873,-43.23261108903303,1105.8459684123677,1450.6272248250075,2.944994388978088
10206,156.83896225797398,-43.96065762712457,1931.7606035117021,1450.3785821878973,1.596851612407845
10207,154.17155143758762,-42.79605084313033,613.4018341507405,1451.631113858877,19.692896458229644
10208,154.87049986243304,-43.10812317268079,963.3973187734451,1451.9225724164091,2.722516709028017
10209,155.79028605000573,-43.51120585766673,1419.052972704512,1451.5766226347919,18.25086071100377
10210,156.20138730189151,-43.690215066148085,1621.3299106553236,1451.9770020489564,4.738720452358131
10211,156.90290350446062,-43.99077868502189,1963.603991398734,1451.8194414514828,2.844738937670398
10213,157.0226793443276,-44.03882080732336,2020.9709767678958,1450.3494656297826,3.5548838918696335
10214,153.6912056089861,-42.58356415305625,372.43932386403753,1453.579684399692,4.32748019794008
10215,154.12234905322282,-42.77676831501741,589.4721547628384,1453.0256853008746,156.2260694351707
10217,154.74061068230012,-43.053960422464186,899.5792939447209,1453.6305863183413,1.0980816512521547
10218,155.6328436562185,-43.44476714525809,1341.9958164578447,1452.6695885372803,6.645737900267051
10220,156.72823611494675,-43.91745946979842,1878.9764065377162,1452.4296567413655,4.815824511461848
10221,153.5241487692659,-42.507716709570246,287.8847461624352,1453.5077681508913,327.8691072526519
10224,156.24517677571956,-43.71287314135742,1643.8132591467736,1453.8630121139572,171.3270105576653
10225,156.36579622875178,-43.7656080057035,1703.0666184295828,1454.2430400710564,9.09335965337355
10226,156.54536104788005,-43.84169719163915,1790.5132288073664,1453.7073250134188,3.288965973037971
10227,156.5920266905351,-43.86252815782548,1813.5028765253383,1454.1208803530599,12.69905415314029
10228,156.71504294191033,-43.914780147850365,1873.3467024719644,1453.9176681123658,9.29271193175453
10231,154.49538118501044,-42.94718499943314,777.6506881445902,1454.7856841800915,28.0913765643996
10232,155.2291316246076,-43.27194072479673,1143.3057215303731,1454.7015451020716,1.6081819901657004
10233,155.8216875122525,-43.531810029986474,1436.4364734824326,1455.0565207031068,151.11402232344017
10234,156.40134334208227,-43.78150731864976,1720.6144626792072,1454.54642369,5.171708220396057
10235,156.65308031449075,-43.88966092744336,1843.5339484068622,1454.6150876009854,2.0686119475380687
10236,153.16742820091133,-42.34977566467964,108.20261743757806,1455.7349197116398,16.008265106870994
10237,155.0868148146709,-43.21184422106582,1073.3546535460825,1455.9911782718507,8.044944894212454
10238,155.28051831880757,-43.296810182075845,1169.4322066896257,1455.8426437634846,2.9251796683029516
10239,155.6509061757551,-43.458490657897144,1352.5296268156228,1455.5957495154826,5.266021771653058
10241,155.9478290813038,-43.589655669709316,1499.3527876394062,1456.5861034844836,4.744121657535949
10242,155.9611684445286,-43.59411955126893,1505.5485220996802,1455.9227677022682,365.45546699251395
10245,153.62437476416642,-42.559905998565654,340.5777452842963,1456.866106530666,9.482803250032926
10246,153.86839748492758,-42.67087944666528,464.0108770268431,1457.2029506112572,2.17497427393548
10250,153.77993485698607,-42.63282211619561,419.92052784665947,1458.134986590472,2.885040847700166
10251,154.3442268606137,-42.8851622957242,703.4790207703328,1457.5119746306302,21.571618831006038
10252,155.35714476833243,-43.33347094448546,1208.2509489572847,1457.3529021463005,70.38776842485743
10254,155.50621161572911,-43.39942793513264,1282.2029648957364,1457.677375169564,6.055282931000763
10257,153.48559663311556,-42.50150896751841,271.66960384071666,1459.130438225615,387.001554607394
10259,153.92684463034146,-42.701155339155825,494.6151533918503,1459.1621695665888,4.6940143926142115
10260,154.16743644801923,-42.80878312672694,615.5335851469276,1458.9025497042799,9.299306560308533
10261,154.97174628061356,-43.16608056900447,1017.5421085761135,1458.5073043123095,2.756081133992466
10262,155.7927657722471,-43.52728107578571,1424.4091582851288,1459.0925629790624,3.7865279832737824
10265,153.76086708643416,-42.627722707883265,411.31729997627184,1459.8862341001548,2.6375799519895513
10266,153.89809578296934,-42.690507456114574,480.7947298437195,1460.3118559661402,2.4443504892494117
10269,156.0341927403187,-43.63494389290858,1543.9453523102827,1460.5226617821932,6.0366947722288
10272,153.74234238343294,-42.62086935577405,402.40569437846716,1460.6427450057108,110.232384938449
10273,153.83543353203913,-42.66313840515851,449.4556408329763,1460.7557214892042,26.509416993945734
10274,154.82191895923384,-43.106194315679154,944.7247415942155,1461.713211986742,0.8166699697608548
10276,153.1312208647512,-42.3451299913603,93.30920631270494,1461.651527587552,1.2662116820104918
10277,153.43864310392112,-42.485720505435935,249.5076466090784,1461.8895325953245,24.45739056225007
10280,156.27237316350937,-43.74320248746717,1662.1923843660795,1463.1979903704423,2.308534790734568
10282,156.71653798746843,-43.93180549314718,1878.4729226157858,1462.153021536416,3.3125640869087505
10285,154.2452392830044,-42.85193237142663,656.9915440289845,1463.0322308346404,2.1818358747409583
10286,154.70821426466256,-43.057172159607,888.4023730219853,1462.4204039729284,13.528732970060858
10287,155.26220129988923,-43.30347398890817,1164.465227503698,1463.204873557425,144.67408728958253
10288,156.09157180275017,-43.664768144659796,1573.4775295245825,1463.0234072453727,36.75879210313453
10290,153.41246645473683,-42.47846236017512,237.6040940054494,1464.1996451472137,3.0802515589308066
10291,153.53327433321604,-42.53256901566267,298.56953448752404,1463.8189142778165,109.78157176161062
10292,154.17049857690452,-42.819227271614025,619.6851761904317,1463.4267630939846,6.850029989489306
10293,154.25857860272342,-42.86082452121443,664.5257697203731,1464.48836417462,2.370373434811944
10294,154.3451540728471,-42.89704556028465,707.2326499036733,1463.2351942250095,3.5732597242782345
10295,155.3681713362837,-43.35079790665644,1217.1966575489255,1463.6044517705323,3.7717921408211965
10296,155.51283682916997,-43.41431726313105,1288.8100583613448,1463.681841788115,4.091722480741914
10297,156.07941262937587,-43.660676826103504,1567.8302066241176,1463.6101706562365,2.8304523850300414
10298,156.75893700614623,-43.95311761930871,1899.9642497217392,1463.7589595297754,0.6192419038282894
10300,153.1060022207425,-42.34037238873222,82.48651473095829,1465.018035731694,8.379228509335332
10301,153.14406340434275,-42.35672446771574,101.53210245264782,1464.4987887460982,7.826880084286116
10302,153.8126673839008,-42.661270778179826,440.4142770197701,1464.9447036324248,5.3112243972336906
10304,154.9821739408631,-43.183964156040034,1026.4740974556548,1465.144737724655,1.4369558967672793
10307,156.56965886463155,-43.87446935097786,1808.3951166546715,1464.935962141625,2.7799640516707087
10309,156.82026133280254,-43.98147334646087,1930.3709619491096,1464.8543283873437,0.8090641137045191
10311,153.48488887487744,-42.514754415979894,275.2880150291466,1465.8835948927283,0.5180923776631378
10313,155.44331238708625,-43.388077358868,1255.596857385674,1465.779896888415,3.197268085661468
10315,156.18094518951628,-43.70973976395924,1619.0374772048858,1466.2035378072164,2.482632616999129
10316,156.99705755386182,-44.06006741534955,2017.094521070463,1466.5155396544628,4.70856242063068
10317,153.21367983487218,-42.39247007341364,138.07911681771702,1466.4669930128268,320.58482485048376
10318,153.99500513786063,-42.74878685079058,533.8520294310263,1467.6089923336122,420.5818023556802
10320,155.4768161804276,-43.40429139522412,1272.596571881891,1466.5533842536486,5.4357754680099495
10321,155.56074012381262,-43.441671967078996,1314.2595053257205,1466.892305701921,12.852106754594317
10323,156.76652226279944,-43.963441317299164,1905.5528314005014,1467.319613339733,3.0815221615667285
10324,153.22828002102574,-42.40246646939157,146.47869612613187,1468.125674263413,1.0355480681051767
10329,154.8406162547861,-43.12732580738219,957.6805641668536,1468.1336907108216,15.440732061647592
10330,154.86872634750628,-43.13914273527723,971.5074295774198,1467.8185880452108,3.9402946176432105
10331,156.19163830732955,-43.71727420143351,1625.0727157648998,1467.6669899400154,15.160002019806052
10333,154.0440402633507,-42.77250831296703,559.0110467011478,1468.442067521109,3.4196832175770826
10334,154.23180179745145,-42.85781564414399,653.6685699551806,1468.9694107475668,1.515377598089206
10335,154.2806324539644,-42.88138774954215,678.6628964766684,1469.8220470278707,2.728131026912787
10336,154.32986343817942,-42.9029722308242,703.2266315443543,1469.6036585755005,2.711456227574505
10337,154.80148449154743,-43.110721224671046,938.3841632755255,1468.5005389926228,12.15014160467495
10338,155.29183891189336,-43.328155039344814,1182.4167962486372,1469.0392131746269,6.910312482897188
10340,155.89182050838824,-43.590168636579406,1478.6266918847955,1469.0315550409946,15.791125937068378
10341,155.9444184796047,-43.6130693365638,1504.5081834761354,1469.0673184545485,5.15538029272612
10342,156.60408922901692,-43.89721016775858,1827.3332005989032,1468.9480377652892,8.429097829654816
10343,157.03673057950067,-44.08128274681278,2037.487553613246,1468.706715364647,17.36978052457702
10344,153.07848492783998,-42.33799345175627,71.51031866395851,1470.0918199000598,1.561012739987832
10345,154.24215070498173,-42.86438260525776,659.4182565563775,1469.9330510893878,1.6620083945089452
10346,154.63954943770202,-43.04203452509571,858.4837664192378,1470.0978438030595,4.502176632458614
10347,155.3859401915183,-43.37172086572582,1229.6550878759278,1470.1767872021262,4.031442808582727
10349,156.25466257747942,-43.74928221425245,1657.2517739234122,1470.0815737585672,-0.24425794671987291
10350,156.4091483501969,-43.81490254308733,1732.5654103620955,1469.6284133236704,5.101612702335421
10351,156.4393614685149,-43.8283378766477,1747.4465144311284,1469.8535031361544,4.348323480163318
10353,153.48931455088436,-42.52770331583324,280.7352036940398,1471.3285794403507,4.257275534843317
10354,154.71281867931518,-43.07624853302398,895.5369816023475,1470.928439375755,3.4943374544254096
10355,155.85557490973957,-43.57878998954747,1461.9964508729286,1471.2201247452383,8.109056313278519
10356,155.87316753520398,-43.585738884137406,1470.4607960665544,1470.872013681252,3.5856148186797334
10358,154.2868070543367,-42.88905306244546,683.1678774743492,1472.267698380413,1.0887387512631126
10360,155.1203069159747,-43.257757147331986,1098.745548434909,1471.5701616779377,4.874630900860358
10361,155.67273882166572,-43.500369664505286,1372.2529995101368,1471.8047158666022,4.731353132181321
10363,156.00406556144577,-43.64460483144418,1535.3698098202203,1471.9125956934913,19.616711780524994
10364,156.0327647537823,-43.65684702069604,1549.409614171265,1471.8173176297114,3.299402354876296
10366,153.87709007106255,-42.70628160300903,477.5313468973837,1472.891272850769,5.00830104652629
10369,154.6145373000246,-43.03758594085556,847.8883450889598,1473.430439802517,1.7622118099308801
10370,154.86229884417037,-43.14708736878333,971.3568622384898,1473.2108740697258,3.0339597986586333
10371,155.72533147774766,-43.52561065217986,1398.8216489528502,1472.966894316836,2.0083964417055067
10373,153.5746138027636,-42.57190315049382,325.5088306945466,1474.0675300934065,6.4975820133586355
10374,153.79571507272104,-42.6730645799346,437.51654791924614,1474.6330296991641,4.211893062381198
10375,154.24840343862402,-42.87481364793136,664.7495857516238,1473.7396146311328,13.757406089107764
10376,154.6545967773276,-43.05687888553446,868.3182697622073,1474.1709951424316,10.242380890006686
10378,155.36927479030217,-43.37147395814041,1223.3748349499226,1473.7105266939695,58.108062738487924
10380,156.56800090805407,-43.891439640414276,1812.3521029571739,1473.8171164842547,35.497741627924775
10382,154.012344279477,-42.77075886074647,546.6779792797449,1474.6738796834354,6.386623924321464
10383,154.1691858434267,-42.8414445360589,625.5945567998156,1474.800768062006,3.952045936650533
10384,154.79214304086236,-43.11933570236516,937.3406800419322,1474.8735001716052,0.9724555921101657
10385,154.9526288450185,-43.190680277304764,1017.3504697861819,1475.0282635044373,2.1172505482848476
10386,155.20864816071344,-43.30306325001342,1144.3848917476807,1474.7791674730177,5.154612175330313
10388,153.43980395497164,-42.51464968041771,258.4300440843984,1476.0242012774495,0.8334632247729064
10389,154.2586168968968,-42.88455912589244,671.3604120613095,1476.3198878664518,78.57177786924254
10390,154.40411127392431,-42.94902011871743,744.1195980833933,1476.027841491729,3.1282121182912284
10391,154.6388852124103,-43.053351858219585,861.4555455811885,1475.8971549225687,2.6917539385926252
10394,155.85700151648228,-43.58736786798331,1464.8876575017978,1475.2086929593074,2.9782649578260147
10395,155.90044458241573,-43.608846379763186,1486.971332537898,1476.5170563154202,0.9928420933721511
10396,156.2401738547882,-43.75486839908993,1653.3781617611319,1476.020315142855,1.2934948744727295
10399,153.02427070595678,-42.327098326783705,48.048866456258594,1477.0084580049418,1.817159417587671
10402,153.69695780383574,-42.63448918255179,389.4352944320134,1477.6471706520388,389.67523333474975
10403,153.93812307773445,-42.74160178914427,510.54602268055623,1476.7885403129803,6.492018966018111
10405,155.3095431490679,-43.35133968618384,1195.4940208880234,1476.7502848631477,33.07637329972148
10406,155.59004637336272,-43.47427173849064,1334.2196130335929,1476.8066300626742,1.3493333189902454
10407,153.1177833379927,-42.37106413987561,95.96312332664543,1477.599990017709,3.1343492058040896
10408,153.33914154939743,-42.47230217486681,208.42576092263351,1477.7335208370778,2.2961835544648705
10410,154.14700633414267,-42.83844772427458,616.4569852267433,1478.266861591259,3.804347593334415
10411,156.4037904381252,-43.829442429781096,1734.5087533602918,1478.0844411893474,2.2699415599720236
10412,156.7175617999206,-43.96382612303639,1887.4463059302186,1478.02422355023,13.812850059974188
10413,156.8055298910365,-44.00137598138912,1930.2178701146102,1478.0177509022333,11.688599315464666
10414,153.454037559603,-42.52727019170765,267.4436068173007,1479.0864910142022,25.99458274008788
10415,153.7764384156271,-42.673214873503966,430.3677378656132,1479.0438818839596,4.9124409003315
10416,154.09828234255434,-42.81823801001744,592.4538023006788,1479.0927402459988,3.511531549861204
10417,154.46932407225913,-42.98391638645136,778.4224229788773,1478.9217759184894,1.8127611899896976
10418,154.81749175418895,-43.13882400331308,952.3116074356075,1478.997647578856,3.0300334736813284
10419,155.14856114398822,-43.28582670888238,1117.1566085332554,1479.3842916796402,1.0437794695333473
10420,155.18139501183623,-43.298577078310444,1132.9697811212907,1478.5326676541492,4.404955633581771
10421,155.38003267123338,-43.38595386624304,1231.4213430079642,1478.5965134330952,1.7572405067756887
10422,156.3718187431001,-43.81711882907589,1719.274088400047,1478.8009185230474,0.7209091950376083
10423,156.9459221667536,-44.064431580735246,1999.2466921228618,1479.647117467094,9.558120352474864
10425,153.67766532662463,-42.6307832208547,381.1565429667656,1480.1475718802023,2.5942750457934087
10427,155.22051069608077,-43.31976819477417,1153.4845538323777,1480.5257078758711,3.523934544303557
10430,156.9273715050511,-44.05738582234703,1990.473562155556,1480.0736637176026,4.03916288311995
10432,153.26273662901247,-42.44341500671354,171.41128154672546,1480.6770904471969,6.973746689268651
10434,154.7243882920301,-43.10171870993699,907.0814359410699,1481.0855632351213,2.495620169151522
10435,156.75500933806407,-43.986657025778925,1907.4925162397503,1481.457953267005,21.10395210752121
10440,154.69701373826624,-43.09306384286132,894.4181432577698,1482.8322161359213,2.785127392962154
10442,155.6251954092061,-43.50029129572793,1354.5205832389013,1482.1530418122634,1.9152462969271025
10443,155.82800591537952,-43.58837886927028,1454.3680486103478,1482.0307112993978,45.16258006299936
10444,156.45473912662217,-43.85939078092854,1761.566591294776,1482.1275951408497,14.981964877200607
10446,153.82349646233922,-42.70228185939135,456.37429965092673,1482.941416442523,1.9565534355946017
10449,154.56049075112114,-43.03269626039657,826.3402867520906,1482.996140617547,2.782229470183339
10450,155.8941946945595,-43.61918269797287,1487.4841663645398,1483.0579786230137,4.305882530764299
10451,156.20919917365842,-43.756372556426975,1642.2599260908705,1483.4798934421933,2.1735527286822864
10452,156.68743701230022,-43.9602658010864,1875.288824798573,1482.7057671818186,2.870355352152747
10455,155.92139541876526,-43.632819343095925,1501.3562438871181,1483.9755393445562,1.5917366575382719
10456,156.37390915491423,-43.82760247534439,1722.8930587080988,1483.6117341855172,0.5685998228882208
10457,156.52620603466346,-43.89381032640573,1797.4448081657677,1484.0078292573332,3.8456016750225257
10462,155.26241886257782,-43.34728862698835,1176.8017236876133,1485.0780164421258,6.837324872939499
10463,155.95834310506888,-43.651324004090704,1520.1881694531417,1485.2177710999406,3.9189601171441595
10465,153.0618464583906,-42.36175709183412,72.33796124578588,1485.688065884407,4.741651188543237
10466,154.48561529228053,-43.00449084085987,790.3747963880892,1485.565645186242,4.521942635106752
10467,155.8118218455992,-43.58787083344578,1448.2022026734253,1485.3019440112307,2.977162795079446
10468,156.0880826848048,-43.70869527241029,1584.1826873886037,1485.8120202381817,1.3453584067658353
10469,156.87421317639757,-44.04538336091225,1967.51336209575,1485.4195941841617,6.819023707459803
10470,153.37997401336412,-42.51065938224318,234.93605392033353,1487.5725028775664,505.53432734014103
10472,154.70848549302602,-43.10664635581445,902.5514636395368,1487.072143309756,2.100555201302913
10473,155.4294734721821,-43.423550570750734,1260.3143134252007,1486.5702935756938,3.6496668055356514
10475,155.93900288943937,-43.64778756917537,1512.0189917964792,1487.6494735620706,1.3762811827127117
10477,156.66426474575692,-43.95839696455846,1866.1712439788214,1486.745652296597,1.302575702574351
10478,153.44570542693967,-42.541769398646316,268.5879110706848,1488.1850489331573,33.70123344701787
10479,154.30294716046257,-42.92718833175808,700.1344425295684,1487.6899370516164,3.4413719111381007
10480,154.45692814479733,-42.99671431667466,777.4573115965555,1488.0679738956794,532.5000802199487
10481,156.15035799278735,-43.739861412265086,1615.865037163333,1487.941839011845,1.1690301643449263
10482,156.29814933584083,-43.802793752940396,1687.9789314700304,1487.5285519909744,1.9931684694973062
10483,156.5816869139517,-43.92563972405335,1826.6564327670167,1488.0485763814,1.9781506482966462
10487,154.95572928031973,-43.21891303080152,1026.468963904968,1488.4547114272586,4.956842724896471
10489,155.62763471297345,-43.51495810567038,1359.4893926720526,1488.9651270108286,8.961338236339351
10490,155.7678764694219,-43.576244661855185,1428.6372872191173,1489.0544265563408,2.778462613446385
10491,156.76712239570807,-44.0069064911747,1917.4206406660319,1489.0347370026511,10.07037468840906
10496,153.2982454191468,-42.48024545210471,195.50609629754555,1490.9478182317216,3.8852114414290733
10497,154.85283570068566,-43.17851717541201,976.7167867602908,1491.0088623965553,2.2954777101622654
10498,155.17835361966394,-43.32209695499013,1138.4290333634672,1490.9651917987808,19.38715034486079
10500,155.84477484887188,-43.613606895911126,1467.5537748753793,1491.0206879176037,11.246732329113556
10502,156.09752100041084,-43.72282344323602,1591.5545298478876,1490.850118664292,33.88738659335996
10503,156.13245113415002,-43.73714244493298,1608.4604361253519,1490.45866378601,2.5836480083740736
10505,155.6561539580602,-43.532916719768515,1375.0773832771285,1491.7289625480237,1.8539378160829942
10506,155.72991273775494,-43.56583875991897,1411.6334262452592,1492.1202149371697,54.556076256165206
10507,156.69655842134082,-43.98183544755193,1884.4703679486738,1491.583246748997,2.2002411014962964
10508,153.0324796030765,-42.364241826017675,62.11989029356821,1493.601289718919,4.528155035941713
10510,154.3210897542572,-42.944811065309864,711.9543266992666,1492.4340066008265,151.626869193241
10513,154.81108594611098,-43.16384462266204,957.0069569677504,1492.9155947791025,1.0697327526647566
10516,156.18892832866862,-43.766031090438574,1637.348357852891,1492.713944468957,1.4406971343294912
10517,152.9713085522711,-42.33733493120224,31.32686876876552,1494.149752169365,1.2943422039581174
10518,154.2368735832619,-42.91135347886321,670.9520426827468,1494.5392080643478,2.3057779972668904
10521,155.75386003607295,-43.58002855240374,1424.4629515932922,1494.0059451277439,1.0760640130728443
10522,156.44536715971037,-43.87920640620342,1763.4386379238904,1494.0965305919137,4.354987737027367
10526,154.0275186008859,-42.81922113895187,566.347356892238,1495.4287584056829,3.5462063128097765
10529,155.10006121588873,-43.294638435035154,1101.5581882127913,1494.4730800522432,1.5587489722467691
10530,155.33520140409573,-43.398665970532086,1218.2662918167273,1494.7957722933775,8.2397070252448
10531,156.50094705217094,-43.904271166343264,1790.8751923332334,1494.7013230657988,5.772772158450118
10533,153.86954993935376,-42.74948130807996,487.25451177177615,1496.1078627448285,3.3941229260193966
10534,153.88202113102258,-42.7551550914913,493.550494975778,1496.1342551966866,3.8405593356533236
10535,155.5713032861,-43.504172908720925,1335.527632251951,1495.8776157983204,2.629638815599041
10536,153.16909336830298,-42.43340507734118,133.52780176400057,1496.9411139664721,0.9705548528426958
10537,153.61161800146567,-42.63501111366567,357.75581672779674,1497.1370170887408,1.215308953105589
10539,155.12570617675195,-43.309988352457296,1115.420871983076,1496.499411977522,7.585146861239797
10540,156.23687058303895,-43.79644247412636,1663.4592516431069,1497.5933920430994,8.070610409991643
10541,156.82234417337273,-44.04629443676489,1948.4823433859879,1496.988949960276,1.2569371755818926
10542,157.00809290414523,-44.12447064853867,2038.3274363702767,1496.545840957827,3.015888342327088
10543,154.00691523028297,-42.81501933382132,557.4514249234423,1497.9506031180576,3.7686078027504797
10544,154.47389927590586,-43.02359668281049,791.4640653331273,1497.7072706723939,2.7877237698628243
10545,154.85029296971172,-43.191848071790204,979.5388761639346,1498.2314033633731,3.7334553069475533
10547,155.5507737211103,-43.499243288903756,1326.5176800129173,1497.8992447880075,390.61425259959486
10551,153.4962144534363,-42.58668300256373,300.58963119030454,1499.1222611070807,5.264861692306484
10553,154.7402557994427,-43.14585404725428,925.516526856766,1499.6127229365259,4.49596158149944
10556,156.08268895591456,-43.733086989562594,1588.8402231463394,1499.213201320323,4.8289659285390085
10560,154.04166255019854,-42.83567960295205,576.3754861135199,1500.4637052456135,5.924500721740958
10561,154.7238872389904,-43.13894915533441,917.459103988856,1499.7908872949001,2.2904618738951954
10562,155.64281210041173,-43.544930154415816,1373.4338481000868,1500.65875866598,7.511274211223414
10563,156.37345556504724,-43.85960207094396,1731.394886836059,1499.7701331629232,692.3661798938141
10564,156.64277553181913,-43.9748735524575,1862.6113704959812,1499.6400130880554,6.842771665439093
10566,152.97256940550434,-42.35230731425399,36.24000971410475,1501.301905430432,14.570235312188585
10567,154.36977802524325,-42.98331295428788,741.1373169881389,1500.787908259333,5.704767546470292
10568,155.15917079336435,-43.33410708383225,1134.6506689007729,1501.1923855165037,2.2313397830460397
10570,155.47096541369513,-43.46984949563743,1288.6444441850208,1500.6521797289365,29.95015818565113
10574,153.12043155384396,-42.42082508998736,111.66549223360539,1501.7350433360705,7.7456801482453725
10575,154.13260687628477,-42.8789643501769,622.7633317447004,1501.6882341072082,129.0687791052809
10579,155.07073377248065,-43.29641554075523,1091.133477260493,1501.8234168611266,2.2727894567283786
10581,155.574580532222,-43.51811072502108,1340.611098982844,1502.1391082306914,35.62699730618951
10583,155.92386608305418,-43.67016609415439,1512.5272739913746,1502.156756386571,50.162777964313364
10584,156.59569592793036,-43.959422739764356,1840.9596308783891,1502.0011670998229,1.9798896691988388
10587,154.086232092637,-42.86101203356588,600.3017288601302,1503.1129298282933,20.360701025659882
10588,156.0847675239393,-43.74098851634166,1591.772029462443,1502.7243896277969,2.7704373059244443
10590,156.49108589849249,-43.916716449676365,1790.5691303790134,1503.073716389017,3.5840050020155068
10591,153.26319442267382,-42.49038672090343,185.42210528356657,1503.93252125525,4.972104589810055
10592,153.42695090890817,-42.565312281270096,268.5008166335057,1504.1376983129624,205.2244073640732
10593,153.626499860606,-42.65654409936555,369.59183161777634,1504.5014391716193,5.4813778659284145
10595,154.7292042714395,-43.14971751278432,922.4949190008339,1503.990401835486,3.7159839999349114
10597,153.93939812883906,-42.798821592163655,527.5962302415198,1505.0144087283281,2.5028787678739026
10598,154.06450198476207,-42.85488229397337,590.433637199833,1504.9209042742489,4.413884175625652
10601,155.73134062343559,-43.59174048336223,1419.3129774177642,1504.7827922080078,2.195084645366835
10602,155.77212985593795,-43.60937460935062,1439.3533011984691,1504.7241055624006,1.8117012370254026
10603,156.1377878868415,-43.76852994883619,1619.0083110721228,1505.0432714151261,1.0316424129504431
10604,156.24562918084192,-43.81449010931803,1671.6244021250836,1504.7525245991299,156.1459137902041
10606,153.18435019893462,-42.458171411961246,146.5284783472012,1505.791483865838,1.09655798563419
10607,153.49592450460892,-42.600834879455554,304.62660983494294,1506.229548162071,2.5912690728088146
10608,153.5285045558757,-42.61521993960753,320.9829833023866,1506.0332853451744,14.921650851755501
10609,153.60621032322587,-42.65041784370603,360.23959843995726,1506.024816188458,2.698673510325893
10610,154.18832887621002,-42.91345640939663,653.4628030915218,1506.4299560617128,3.8834345870674927
10612,156.45292342574965,-43.906212985478795,1773.5480666179324,1506.0241057811643,1.2549575987479855
10613,156.73923483348474,-44.02789752500295,1912.682048604162,1505.5642062958912,47.922902084818595
10614,153.68359748875682,-42.68666181741841,399.6614755395309,1506.6335826843322,289.99610091077386
10617,155.16994274732411,-43.35070415725361,1143.3144657736632,1507.121107320145,4.610550640298436
10618,155.3265793829208,-43.41864390701424,1220.6309824504115,1506.6827141420129,8.334515200221055
10619,155.3489434914197,-43.430239274794566,1232.1910540981255,1507.5764455632332,2.8713720750241714
10620,155.75448789017685,-43.60709403286881,1432.160622612561,1507.426639553251,6.8227722892055755
10621,155.85750555127956,-43.65062073315481,1482.4709136206418,1506.7961756495622,25.41475119490121
10622,156.71872598071906,-44.020950827291095,1903.201239476027,1506.4748602194604,4.302601749834911
10623,156.99818463745234,-44.140718995381924,2038.9685649135463,1506.8323545814494,3.3159148603737933
10624,154.13269751347727,-42.891883544862104,626.5199431628528,1508.1082018052796,10.189505454907966
10625,154.36257950868998,-42.995850050215736,742.0456272771319,1508.6457194967618,9.108292711299313
10626,154.8130302367849,-43.1947900595596,966.4902585453582,1507.943187157044,17.947623652145946
10627,155.58517650721004,-43.535111398391905,1349.2656902960093,1508.33413251691,3.003619600053161
10628,155.93470650768447,-43.68598254690092,1520.8996696337392,1507.7269805836772,564.2352834802704
10629,156.47175132071138,-43.917600531898,1783.6220900963,1507.6828722931205,5.065530153075881
10631,154.23424716133,-42.938667225253845,677.8232339917915,1508.7460459600527,1.795310053200197
10633,155.4224618435138,-43.465692659052756,1269.433387375454,1509.196522662312,39.55472131215139
10635,156.06422355532152,-43.745912808600266,1585.477404062569,1509.6483396966646,1.8623993670324155
10637,155.21748764099857,-43.37752487262223,1168.5274718994783,1510.0771441824431,3.5947100745100524
10639,155.9799947341856,-43.71002786011282,1544.3354402218013,1509.9392616435857,10.13871587605455
10640,156.22486918276635,-43.81634610644737,1664.4110238207404,1510.1736079356615,4.55155053715178
10641,156.92296837571632,-44.116240550210044,2004.5261105125487,1510.6032284128846,2.199405024431492
10642,156.946957546543,-44.12575450058078,2015.9671860574776,1510.256236302695,2.360679668720522
10643,153.4327476139026,-42.58102007606447,275.2697800331489,1510.6417811593901,1.2307539474644686
10644,153.86077184119264,-42.77590675072266,491.6501555746466,1511.2417598766253,3.862722347994753
10645,154.03839149841346,-42.854333919044244,580.5447334539982,1510.4927670869122,12.233605722877932
10646,155.0993536743343,-43.32728471798028,1110.4628443527868,1510.9498475731918,4.866598195691514
10648,156.0035163280449,-43.722378199436605,1556.4651076254893,1511.022562781891,317.32459627141463
10650,156.96548993108826,-44.13502085287159,2025.3144301525545,1510.9532449367985,9.58949562504149
10651,152.99970416243707,-42.38700904054749,56.64831824237752,1512.3689287626262,3.794094688532304
10653,153.61953848471214,-42.67010213786681,370.9552879301874,1512.8184868858275,4.405606863100962
10655,153.92482621870224,-42.80770791629531,524.7395112660989,1512.7094972659534,0.7921660827285898
10656,153.9994399974911,-42.83973621199361,561.8117175856233,1511.942105424986,5.3829849785239965
10658,154.47029076229123,-43.05038102314381,797.7693377772507,1511.875216180385,7.830022330345062
10659,155.11233019746652,-43.335008685453396,1117.4624562998602,1511.953649231755,3.098946599664605
10660,156.5752293507473,-43.97106993946756,1836.4905079475004,1512.2513350535191,7.132159615754951
10662,152.9712659015193,-42.374476082938855,42.331802656295,1512.6122975731698,11.4609447988318
10664,153.97991205957067,-42.83233315236071,552.3942266431746,1512.6287507174477,56.55632319799148
10665,154.7661090109727,-43.1834125930056,945.7935148748094,1512.6444962785567,13.317783030445622
10666,154.88500499179034,-43.23694218061828,1005.2114183628393,1513.086093412334,3.0674904652218684
10667,155.02688594952647,-43.29868524689672,1075.443799429591,1512.6226977192186,2.158066078237931
10669,156.52400927245475,-43.950873819429574,1812.0196991107118,1513.1320644235773,1.1233615626582585
10670,156.62383291550103,-43.992833989356264,1860.4016688580134,1512.7309062123338,1.6525153819407794
10673,153.00804720667094,-42.39450989832272,61.981479334289276,1514.198053113721,3.3445543169389995
10674,153.06429534672213,-42.42026877392391,90.57494096760878,1514.2104789505156,1.6860789564509884
10675,153.74817012518227,-42.73176966773967,436.86439819211677,1514.5622659669818,2.8026395613357113
10678,153.2613856291094,-42.511963748476006,191.10423092949227,1515.0708330236548,2.5853873021668523
10680,154.31177465057834,-42.98599389655796,720.2936587402835,1515.0519448996547,1.298144150216919
10681,155.07854191531672,-43.32616974883368,1102.4017911348753,1514.976269749412,1.9775502497702602
10682,156.19324683015486,-43.81190462876009,1651.4473472165091,1514.7875565312036,5.10818832468771
10685,154.4805864329332,-43.063700032754674,805.4074338793728,1516.2314194827552,38.26985477204197
10686,154.56723249881466,-43.101526983596656,848.4649379016396,1515.8559781950935,11.787801553783872
10687,154.79299815013272,-43.20230662517331,961.1579006015236,1516.1293006019384,3.4454573462834848
10688,155.00478194672442,-43.29540398989079,1066.291136830029,1515.8567151092498,3.926529294253128
10692,153.8534348616122,-42.78461193897452,491.442357584347,1517.224563883446,1.8682466101262567
10694,154.35057358731697,-43.00693488107741,740.7482721224047,1516.8494431698311,3.5689960300155406
10696,155.26950021097952,-43.414923805647554,1198.3466985267476,1517.3524471875169,118.78237158920494
10698,152.88145143090017,-42.34514587152632,0.14895311830405555,1518.493758300566,32.074415794488516
10700,154.4926922725217,-43.07377826715378,812.7928259329325,1518.568769848355,1.8331860782641873
10701,154.59865313551606,-43.11870751407346,865.0580322812262,1517.45601270053,28.055478795569172
10702,155.53009416737336,-43.530560314330216,1327.5092654747705,1518.0980943196541,27.27801908745171
10703,156.41890206070357,-43.91603381113165,1763.5612366223477,1518.2867585604708,3.996572645811776
10704,156.57407816879103,-43.98216249216042,1839.049559509544,1518.0683699688843,2.1957765547275274
10706,153.40311992554587,-42.58480687024314,265.33974071626244,1519.2214346921999,4.837704595478218
10708,153.62287002430685,-42.684646376803315,376.4425466496812,1519.306615509936,35.10047255983613
10711,155.4859536069366,-43.51331814065595,1306.3013485972435,1519.1254194395253,2.892028244038761
10712,155.82735762207594,-43.660979795618594,1474.1069247216474,1518.5470910871757,28.98820978501862
10713,156.141953605266,-43.79849472073574,1628.7284399803452,1519.1666373503676,3.981962259590116
10714,152.91210859057367,-42.3614155361327,16.408205939300117,1519.5911073329048,5.489447707875268
10717,154.23744116881102,-42.96347314864824,686.1410678974191,1520.4015127545101,1.5790826419203403
10718,155.0381229312279,-43.317470314353656,1084.910979027399,1519.5339156528541,14.734072374736831
10719,156.45170225615428,-43.93317040067711,1780.3790440295713,1519.817576932241,1.319226000922844
10720,156.825697323509,-44.09335889795256,1962.3079423882982,1519.920752372481,93.33406668100069
10721,153.02663019502737,-42.41702474144943,75.57848509621998,1521.1588407387496,259.0246018540596
10722,153.34146694872211,-42.560140405081285,235.12215543782452,1520.8961849076886,5.871422397634984
10723,153.92119594924824,-42.82160343788383,527.4122520409283,1520.4455229218393,3.6780558483239143
10724,154.96143279573155,-43.28625635103443,1047.5777519730846,1520.848087769338,2.352138070855205
10726,155.70980666255778,-43.61464187711675,1417.6227887944474,1520.9475620096848,26.07400789461176
10730,153.5704788639353,-42.66576560829052,351.4081150058023,1521.71768539672,14.76108038928956
10734,156.5129705406464,-43.96392344595001,1811.4384858577432,1522.0588956386575,2.0547536683247314
10735,153.20607371257546,-42.502020728974635,167.5627826038717,1522.6625739842762,1.7661152639539923
10736,153.84869518498527,-42.794136564758986,492.4407180959074,1523.031998709319,35.33214776679251
10737,154.04384908751726,-42.88236573171665,590.6735330719833,1523.2395950153195,161.21393630109293
10738,155.0212932344696,-43.316727374547774,1078.438030422289,1522.872102934998,10.126410118085962
10739,155.20250269517518,-43.39567049648164,1168.0296155504602,1522.444360499353,6.178327494971123
10741,156.58693526927684,-43.99631447354318,1847.6339066196922,1522.4092874168252,6.296878062997402
10742,153.44363290068438,-42.61244510014009,288.5420120019846,1523.8144044931346,3.3081105570136513
10743,154.3255380681525,-43.01076004723596,732.5203762104406,1524.3352506408303,2.109385244208166
10744,155.5519001050973,-43.551734672241906,1341.4930622600632,1523.928261341211,3.089403316034898
10745,155.6916706280428,-43.6128281386128,1410.3776714103872,1523.994363763781,1.910320856960652
10746,155.7727601494351,-43.647143534289775,1449.9957540766895,1523.504481231817,1.7473460210465974
10748,153.36891991502608,-42.58047898292665,251.3268617624625,1524.8009473471918,2.28189542746501
10749,154.8934716769993,-43.26518730871564,1016.3390471558268,1525.3253149726604,28.396759322319713
10751,155.9214958536237,-43.71431256636676,1523.759589913138,1524.7941108699556,3.3403565888189286
10753,156.35827611387643,-43.902738051537746,1737.4400013148138,1524.6909590681862,22.387776412260212
10754,156.52786182350806,-43.97661091039426,1820.3898205254884,1525.2228922768788,375.041803847275
10756,156.80426703437777,-44.09415612877513,1954.5662408395501,1524.9112182773222,1.5504402162395179
10757,156.83552866931805,-44.107208504320404,1969.6574724674967,1524.7743348666102,0.5795094948569777
10760,154.05260505495966,-42.891040478152085,596.4392175885711,1525.602591404757,25.716710462985965
10761,154.90815366018256,-43.27376246165676,1024.2238348082194,1526.3665292854323,412.75844792409964
10763,155.80356346975367,-43.665507455424944,1466.505807162082,1525.994421988781,1.9754341744988717
10764,156.28910033054166,-43.8751630453912,1704.2643337070522,1525.7917916890842,2.1459067546581587
10766,154.9408008838373,-43.28862805444232,1040.5672167221217,1526.585884447239,18.956217542321
10767,155.1825658269967,-43.39533461999227,1160.517329981936,1526.6591540724087,7.721568526693289
10769,154.22939382148286,-42.97526235343259,686.531517637216,1528.0748288152254,3.8223718639901367
10770,154.41510117723715,-43.057978848781076,779.3872763003354,1527.9425322847455,1.1126055458476678
10771,156.24595972111365,-43.8606111246771,1684.285077945179,1527.8146228120968,4.49218631337101
10772,156.46898402814494,-43.95634097735592,1793.0564702682743,1527.723537353997,27.79411434071287
10774,153.2522727986963,-42.53530040095405,194.58350185438746,1528.7369209527308,1.4452507519339794
10775,155.7149523532846,-43.632958381091555,1424.591287805694,1528.9974493344216,0.6568225725061014
10776,152.9140322362998,-42.383086874656925,23.562856786153354,1529.9160093077662,1.9948500005118641
10777,154.05796557033895,-42.90246326590259,601.7326612395324,1530.094900479052,3.2915558549849955
10780,155.2390794334819,-43.427637602602765,1190.5821883625374,1530.391070137866,2.79184349593106
10781,155.5304552045977,-43.554529555111365,1334.2928604266408,1530.0150101189429,0.8806883927618989
10783,156.21913238052983,-43.85353388548976,1672.394779991554,1530.0650584804941,3.2278531654331872
10784,156.91136080253787,-44.15102406569826,2009.4876140080864,1530.5671240932934,26.355943670911515
10786,153.50427330363718,-42.654886436921885,323.56419660109077,1531.236709051595,15.373065704509221
10787,153.6473667599466,-42.71895863646617,395.5796839959173,1530.866302389853,18.122981715223638
10788,154.20307734734905,-42.971887775988996,675.7630121330075,1532.2658898765922,8.62728277609263
10790,154.76647268815023,-43.22043123462464,956.4163222587111,1531.0491307787042,17.01963012679183
10792,155.16714608770297,-43.396759762442684,1155.1798423657401,1530.7619445152336,2.478091843103526
10794,155.6654396559093,-43.61509496304677,1401.2506438883693,1530.850961837197,3.642249732527777
10796,153.0153725068806,-42.43394776095879,76.3986836889517,1532.124965072366,3.803120638324965
10799,153.81012558597038,-42.79491879446184,478.3026584490051,1532.0813801147601,1.6677349708805427
10800,155.1890115754794,-43.40810502559073,1166.4917075554404,1531.6265082323712,4.361217487134997
10801,155.41630260083045,-43.50731233257677,1278.7241264219506,1531.3690154111937,1.3343554566926
10803,153.0316310558154,-42.44371729602804,85.34837294928796,1533.283017391627,139.77599585679476
10805,153.4039957528042,-42.61362565140225,274.12403488710413,1533.356225575346,3.2632492429884654
10809,155.5901493977454,-43.58522954356843,1364.9972102642066,1532.3354423827723,15.556106029810858
10810,155.9524086496085,-43.74526161873687,1543.7352106684232,1533.5865021826762,11.652238916414143
10811,156.38397298715876,-43.93191852457179,1754.8856647598004,1533.7883488912255,1.177839159948071
10812,156.7012479370259,-44.06718907974035,1909.1104040136397,1533.4492460965114,1.8031482893462079
10814,153.31266580383917,-42.57411472503184,228.50266897621543,1534.3608931192587,12.571483322547339
10815,153.42755504403155,-42.62531738727041,286.32804402592404,1533.8483122406521,221.50261617941646
10816,153.98706980742134,-42.87838784478347,568.379540099327,1533.9694685973268,7.84881314453448
10818,155.6745612114651,-43.625650652048726,1407.5580039443666,1534.1458480968658,23.79290020375623
10820,156.69058398303403,-44.06324966345239,1904.0962262682915,1533.7587616721075,1.5905399042965913
10821,153.74326496120187,-42.771038546807574,446.46325677486453,1535.2147476784494,0.7702624743217412
10822,153.91195488678144,-42.84707970598865,531.3507232842943,1535.206675489718,25.424961461891982
10823,153.97635769242402,-42.87497613467574,563.4045081754421,1534.6691228065904,2.4664799584465342
10824,154.09183417771354,-42.928504570463865,621.8554900966634,1535.4959559708668,3.7444570504608756
10825,154.12378065748499,-42.94232898508858,637.7334235609753,1535.2439976160902,8.42469336523545
10826,155.7467024381044,-43.65887513995213,1443.5419260822778,1535.0557722849346,2.962085080702983
10829,152.86613970897017,-42.37415395842244,3.0705606858441055,1536.3865447294156,43.36958685071796
10830,153.15280122111088,-42.50495357687585,148.5848479162371,1536.199806168358,4.919591366712847
10831,153.82108483813894,-42.808145836539815,486.22478801360836,1536.2062999025943,3.3069527615831302
10832,154.0208174794927,-42.89806862746185,586.6321875803704,1536.2181365102103,4.228849944544618
10834,155.30308786017454,-43.46679491714186,1225.3288894273082,1535.9205253655223,9.45695976847404
10835,155.34804449942024,-43.48643670879113,1247.5260962185419,1535.884059448387,3.097560196358377
10836,155.98862377492014,-43.76510009020154,1562.6257348609315,1535.665860350526,1.5173694373922726
10838,152.89577938269386,-42.388982401490324,18.51631062091725,1536.9993323574383,5.58730956625989
10839,153.6228654639279,-42.719471368104095,386.60510979850704,1536.6382379214313,6.3953314693655265
10841,154.28102225318588,-43.015745787506624,717.3765455638651,1536.7428041813237,3.360368914675627
10842,154.98137122490846,-43.32689252986649,1066.444495632978,1536.752616313786,1.6527938458960862
10843,156.2765522132484,-43.89245286105677,1704.297499832992,1537.1741510776674,176.93225197752793
10847,155.00030160835425,-43.33806808214206,1076.6325776290175,1538.162483666323,415.6131499136503
10849,156.30131786135428,-43.904793898876974,1716.8432725760667,1538.0157533286836,2.8323473685230978
10850,154.21019937639818,-42.988644261065865,683.2314708163477,1539.0287785165938,20.468435838369864
10852,154.40951850788065,-43.07695435859057,782.7350280741,1538.649025493107,4.535246865747415
10853,154.56594690965264,-43.14793099526982,861.2020041215382,1539.2981061491573,4.080848622315566
10854,154.7674764108263,-43.23729150614101,961.5652840365319,1539.2450927342052,1.9971406314242475
10855,154.84373122622526,-43.27068489667932,999.38300604968,1539.0594162651294,0.7047236177745905
10856,156.3604533343283,-43.93197795301733,1746.168871484572,1538.8904043967323,2.2212871277987274
10858,153.9712069750655,-42.88251420670669,563.6670886140043,1539.577582696628,1.5553432557181996
10859,155.31194638287033,-43.477769830485336,1231.6858278843522,1539.4655166389605,13.0898793871626
10860,155.33309872192035,-43.488700024359616,1242.5997170500282,1540.2927962969238,4.651236657137774
10861,155.4871925219863,-43.55553698179129,1318.4872728395208,1539.9796990192287,2.7355541184046355
10862,155.69816421027338,-43.64710088875725,1422.2541165798139,1539.7380586050726,4.299028965054769
10863,156.23454559598383,-43.879864805569305,1685.27890437635,1539.9371453513977,1.806491361094766
10864,156.72746405812404,-44.09079107150255,1925.1645236185807,1539.679901665527,5.757901149295501
10867,153.39517824487936,-42.62539032656149,274.2932951327064,1541.1989211371895,3.4107418753908445
10871,156.42056602599627,-43.96169900629428,1776.5273440510487,1540.842222501358,7.759468610744047
10872,156.48550889822042,-43.99020995972428,1808.3336335715903,1541.1628179522163,2.8583084731750588
10873,156.87305333984995,-44.155663712339866,1996.5142788044814,1541.0900951480899,1.931669856704646
10875,153.23409684639324,-42.55447325985565,193.46357488043148,1542.383911590389,4.033696949929662
10876,153.5297046502098,-42.68740893860813,342.55077707354826,1541.678969137536,47.765441581549524
10877,154.34914784233268,-43.05606535806943,754.2898326892825,1541.668308361496,54.672758321105455
10878,155.32091539545604,-43.48645461431873,1237.4436284054677,1541.8414480574445,1.8612365676060363
10880,153.08961776140686,-42.48953309273948,120.50093181267744,1542.8741375757802,8.584199756699322
10884,154.68982680489856,-43.2096603097089,924.8426883839269,1542.639672274728,4.55543801911331
10885,155.0134568506221,-43.35361523641757,1085.900240911199,1543.0306903041533,7.085321323275593
10886,155.20042850934632,-43.43542187298816,1178.385115158587,1542.773378337256,5.712430725305296
10887,156.40037966602355,-43.95736471417442,1767.862078196546,1543.01776588181,2.817506015032868
10888,156.65382151062613,-44.065210022755195,1890.9805723909853,1542.632323338079,42.30878161689676
10889,153.3128388035155,-42.59313193449404,234.16021752765366,1543.7760851139608,2.809288466372253
10891,156.087249364451,-43.824469886059575,1615.490674261325,1544.0363618640893,9.623445407516925
10892,156.10770003909715,-43.8330900071033,1625.4376111310276,1543.9277616608094,8.563123677059217
10894,156.59657597951139,-44.044033559367215,1864.0500673357421,1544.2938170393709,1.4829828765746085
10895,156.69723197837567,-44.08563552173518,1912.566532564223,1543.5739187452155,12.072729851185688
10896,156.7747659964376,-44.11931184993508,1950.3476679236344,1543.866974244713,2.315138356392462
10898,156.22403690366997,-43.8855654191022,1682.9266614653259,1545.0668414842116,1.45870405296798
10899,156.24766926218535,-43.89573909408696,1694.4656358424857,1545.0614665366752,3.2175487060010552
10900,153.0507005560211,-42.477956653845105,102.58707820766679,1545.9594287763505,3.7575467749764893
10902,155.3950531533566,-43.526991376142746,1276.3004001553709,1545.866718377791,2.7373195220244546
10904,155.91983481795768,-43.75449006147234,1534.163544279569,1545.2839527261717,1.2812479561786598
10906,156.85362383712496,-44.15659049926614,1989.5557002819908,1545.7117244772098,8.921125299430027
10907,153.60176572514624,-42.730959296707375,382.1030774008253,1547.1058785261453,7.149602182335039
10908,154.19543900602284,-42.99801793227938,680.4328716055412,1546.9946908236516,9.140907467561735
10912,156.57197249984742,-44.0378891413533,1853.2682325605533,1546.4961380635739,1.0909461810749297
10913,156.73671632990525,-44.10912082643041,1933.506545227995,1546.9016987249627,17.55548480266734
10914,153.95522841567953,-42.892322220083344,560.5569102610922,1548.0415028484692,2.332376362960935
10915,154.43517998619396,-43.10704924827047,800.8856261079621,1547.951318787023,1.59554102745147
10916,155.53664745807646,-43.59278320708758,1347.203098999388,1547.8037475391038,9.07111574650387
10917,156.17963250147204,-43.871592254793285,1662.6392611816268,1547.6615028527838,11.93718744410227
10919,156.4430759264103,-43.98552074523757,1791.3194943009662,1547.9454889900971,3.9444873193498418
10921,156.79492815401628,-44.135406558298634,1962.1298177602337,1547.6327590676835,2.042804206738996
10923,153.66879289916892,-42.76390203799896,416.66069207689577,1548.4099912629856,4.316869595163484
10924,153.70711871036053,-42.782124501812675,436.2335579186707,1548.8585812342674,2.5885434765937347
10925,154.27336904270442,-43.036641421915206,720.5237695608574,1548.8657597568313,0.9122404659693858
10926,154.35357822237228,-43.07289971926047,760.7588931406566,1549.0759375832786,0.22078222350691426
10927,154.59577010434907,-43.180585007637475,881.5915560428422,1548.9750794550953,2.405596769722108
10931,155.48131553727288,-43.570581795760454,1320.4804174227284,1548.7920247587222,12.140957262379564
10932,155.62751863158354,-43.63394975158747,1392.3685964546746,1548.5624577640156,3.8740085653116525
10935,154.07982083277713,-42.95129172449837,623.9550219587586,1549.5353953300362,3.1498188243152363
10936,154.25981500141523,-43.03314668965219,714.4778748938811,1550.144992452736,1.9510121442095971
10937,155.1862011237795,-43.44363090873762,1175.3933274328817,1550.0027078746562,1.8517502689790943
10939,156.11352074100887,-43.8481686064091,1631.7117963946316,1550.22532177005,2.8932431286381917
10942,156.5874222150309,-44.05283837123197,1863.0220329274198,1550.6800288965132,3.5765676137111506
10944,152.93255434296518,-42.4340310510279,45.58713586346326,1550.9987018210816,9.04328039111718
10945,153.2224881686946,-42.56598115409513,192.5334462713428,1550.732506767025,29.25475135990316
10947,153.44394572934345,-42.66767756471098,304.84999571170493,1551.21322833343,1.8547105707714522
10948,153.57821203919383,-42.727926215634554,372.45062824240966,1550.9021562018754,2.7477012690034597
10949,154.17023655947384,-42.992945918640885,669.5963017767997,1550.0921885893076,14.076788994011439
10950,155.68611458559943,-43.66391744570022,1422.4190389748537,1550.783235058264,3.2658819792114393
10951,155.73594278689075,-43.685158579338335,1446.789639236337,1550.559497403854,250.58403340846954
10952,155.7510460652809,-43.6929613166159,1454.5506647486807,1551.1768096654196,2.0553138510442928
10955,153.24873014818203,-42.57928650021147,206.22100693355645,1551.4025222589385,3.9544035617419055
10956,154.5495476437326,-43.16670759165387,860.4482155831022,1552.3054900800184,2.09856346316015
10957,155.14332168231215,-43.428715795670364,1155.2752503905897,1551.9727517874258,4.448350788681185
10958,155.24129427233638,-43.47148247830801,1203.6638533061591,1551.825134170053,8.525538306833582
10959,155.6496374329188,-43.650718605662846,1405.2220780819894,1552.1301528707918,1.7801530761684998
10960,156.26069625057582,-43.91534243213095,1704.626070183155,1552.0774270482752,99.86907614260588
10961,156.54645155148648,-44.039337199324436,1844.1898258469375,1552.7083237082572,1.4250671207719325
10962,152.88447844138702,-42.41594643140879,22.321906027914252,1552.9600580194565,2.168115732174147
10963,153.20956319235472,-42.56409522400258,187.16687795797563,1552.7229540986643,10.200594027314038
10965,154.55820179109224,-43.17217650515578,865.224527769408,1553.1135033624646,3.3902051845852452
10966,155.30438934268835,-43.50107443920043,1235.3792263984708,1552.7759202682405,96.91624346637175
10967,156.43508558169108,-43.99260853619579,1790.2693265850066,1553.2222706384377,1.3793017056514993
10968,156.59652581038287,-44.06111086689744,1868.6236935724849,1552.8767791317828,2.2992953076818026
10972,153.1015428343681,-42.517567108362336,133.2285805235139,1554.0947924965499,2.445984376767015
10974,155.3741114330653,-43.53420508806465,1270.5256671066059,1554.0614077523333,6.486463986749043
10975,155.7760419513905,-43.70934823841235,1468.3489591847285,1553.9397730192752,7.45614566318374
10977,156.57227100393987,-44.053183905506856,1857.4947074683118,1554.108707910407,4.241911493606816
10978,153.7005297539079,-42.79164698712403,436.5541941901483,1555.0788360557792,2.5409943615140023
10979,154.64098521652267,-43.213082396857686,907.6473756436202,1555.1674641066395,2.31017715174849
10984,153.12737486009323,-42.53315211196964,147.44758536859476,1555.9773376242838,7.577479309203598
10986,155.56050570654122,-43.61968731721774,1363.5239020021363,1556.0536025739304,14.290462321232335
10990,154.3518859077974,-43.08852899837618,764.604132958889,1557.2451684051134,2.3778006596565824
10991,155.53299113083028,-43.60762011794098,1349.9580173256284,1556.0261613408911,3.7645264164539918
10994,155.51175124026116,-43.60246985559993,1340.6391784362731,1558.0907980890997,4.215564294677522
10995,156.61306173026944,-44.07842227971653,1879.4101178339324,1558.0150738286031,1.7581981662719757
10996,156.72326539036965,-44.12517881337053,1932.8191195335528,1557.8480832072107,11.783600729506999
10997,153.6562788853794,-42.77949600976914,416.5490759469855,1558.984455756309,23.451393936528063
10998,153.6879634838961,-42.79312612371693,432.30925214625654,1558.6402782100151,1.6011463459038038
11000,155.089597137702,-43.41942231628828,1132.6992439797273,1559.1447234895772,3.8806792673636727
11001,156.43380168445162,-44.003188172969836,1792.6511946128132,1558.8063371898688,2.020297605715772
11004,153.82941124899227,-42.85871816950856,504.00419415234893,1559.5146675109777,4.5826958574178125
11006,155.2396211714638,-43.48755820687385,1207.5353671829037,1560.2283356789235,3.161823370409287
11007,155.47851158101332,-43.5911342725041,1325.1452235926618,1559.6865037230314,4.856928253561747
11010,156.358663790214,-43.97413233645961,1756.9194461339494,1560.420774933386,6.268917625095597
11011,156.56852993027383,-44.06325258537232,1858.816408904785,1559.9658127163314,3.0427941496942967
11012,153.0648100118009,-42.51383491964125,118.45549911710454,1560.5770029591465,6.826262008864206
11018,155.64709367348308,-43.668439212305614,1409.174109130262,1561.5538186775982,5.687240956041499
11022,152.9615724107552,-42.47222362230558,67.71791736595344,1563.3636249462581,115.74337356154918
11023,153.02105470911286,-42.49810469813221,97.5191188273925,1562.6994661702183,12.870827525892242
11025,154.03773113719788,-42.9601426359472,610.8502247371979,1563.3551196761987,3.365309291290233
11027,153.13006072016327,-42.550097492835505,153.4522838932578,1563.78637575017,1.6947674843009912
11028,153.42434547663086,-42.68499562884325,302.6333880546234,1564.2486578759626,2.0680915056318
11029,154.6609320532425,-43.24095971932172,922.9815099731795,1564.6592516638398,2.8971520702307605
11030,154.67491419760435,-43.24528308171407,929.4066783846723,1563.7203172735633,5.893159779737542
11031,154.74685763851588,-43.27669275683653,965.057379874006,1563.4746431190508,3.980138271387277
11032,155.50637059561595,-43.61315053215983,1341.6033991833103,1564.6097646712958,3.3506423110829733
11034,155.62552426517698,-43.66290906397912,1399.6353754449797,1563.4904561540354,1477.2479377172726
11039,152.82981831459696,-42.41608279148028,2.023034262374392,1565.4740833878482,162.53329729008567
11042,153.59240744137273,-42.762148875619495,387.72654684029277,1564.7291658289862,4.328842805805066
11043,154.26888882472187,-43.06719298903566,727.6227452672503,1565.0925482937957,10.702158453910222
11044,156.7394087121639,-44.145966039700326,1944.369975774595,1564.8264480878634,3.0543200501332732
11047,153.77131968616823,-42.84587442697478,478.6648260612233,1566.1602517164133,2.28090241211976
11049,154.41970324606734,-43.135665570272764,803.305864657922,1565.66231670775,10.691802628592646
11050,154.63901409543,-43.2331428306291,912.6135888240748,1565.6137750299804,1.8468930579788436
11053,156.81272619660916,-44.17939321027795,1980.482013166284,1565.915188021116,0.8719480950038493
11054,156.92747126029246,-44.227816384607436,2035.9133427068616,1565.709864052271,6.408779925787918
11055,153.81880533252678,-42.86955883314223,503.20535878178833,1567.2903200971555,2.5262670626777823
11058,156.13966633571934,-43.89273102934433,1653.5625595075387,1566.9019410042297,3.7616248257840734
11064,153.36860877269126,-42.66684007966567,276.57272830908164,1567.8092469201604,5.524047182846084
11066,154.5774524305734,-43.209992391094175,883.1467381274591,1567.7085644084277,5.822077058317997
11067,154.96164430484347,-43.38109624837904,1074.3735784806643,1568.1762135250428,6.593004409038963
11068,155.81041262414476,-43.750920978718185,1492.5515065829036,1567.277069112895,1.5091515835197917
11072,156.44206191906443,-44.0237703035776,1801.2740213858203,1567.3530138428594,4.5889158310206195
11073,152.88751126082155,-42.44998223607345,33.56378197468074,1569.1660169303384,2.2879143596098013
11076,153.6280771219898,-42.78738241207444,408.3576844918093,1569.2528344012867,23.36060533090991
11077,153.69566961335303,-42.817956217151426,442.4067662664788,1569.2625769042072,17.75281103854273
11078,153.7456736753811,-42.84005304204497,467.4339300695259,1569.022425195942,2.706993189901817
11080,154.177987376454,-43.034323340904336,684.3805492056117,1568.9805143558506,552.9049114165773
11081,154.53404796895296,-43.19295780141697,862.1619742026597,1568.8391524658248,2.8996971453947094
11082,155.49310729452463,-43.61581007777363,1337.4155865686466,1568.8387655773668,8.639316601774768
11083,155.96377153309933,-43.8207482796891,1568.6336636582503,1568.9376868130253,173.51604296779377
11084,156.02306354103845,-43.846297096425445,1597.625749733421,1568.88081011296,3.8810838669729377
11085,156.83235440073588,-44.19391548608702,1991.6332611602147,1569.0096541763926,2.6778748267109966
11088,154.4657457711573,-43.16565312453306,828.9865365206484,1570.3846576554724,1.0308115851530437
11090,155.67550609882613,-43.699518307841394,1428.3075897746494,1570.9141076024207,2.676596423672578
11091,153.41212886107303,-42.6933545984797,300.540175654645,1571.1620874119608,10.010077165458044
11092,154.33146546855917,-43.10669730111845,762.213120309717,1570.84738762257,1.2433679040614958
11093,154.61673186560589,-43.233990786344734,904.5719770300082,1570.9737234570268,6.676110292293965
11094,155.7105217322202,-43.71396487627514,1445.292495213715,1570.5161073192464,3.49054645443564
11097,156.85683877337402,-44.208055267589934,2004.478035484032,1570.8756995430417,57.996925349124346
11100,153.97340606878024,-42.94794099337278,583.4039221062341,1571.6690094041276,4.736890896978418
11103,155.93655078335917,-43.81506807507976,1556.9764378420177,1571.9984165071774,1.0864241249891216
11104,156.08544778089143,-43.879172689312526,1629.7503682976992,1571.8403174964917,2.0949478871900746
11105,156.58780928263047,-44.09533594602117,1874.5938452637715,1571.9259461393892,1.0357859029916736
11107,156.88441527335894,-44.22097146546022,2018.138269912416,1571.4691492351792,10.229754701661225
11108,152.86499457808716,-42.447761920287384,24.528827662470725,1573.188219389818,335.5402947990384
11109,154.11969259523335,-43.01534130046723,657.2432822315429,1572.5352242665706,4.026497513218031
11110,154.15719010695557,-43.032924837098534,676.2457410747404,1572.9243953093705,3.860837707578185
11111,154.7590811923518,-43.30142796987089,976.6055227215462,1573.1169839950553,12.01089737085552
11117,156.28587960214608,-43.96825830168012,1728.330709142617,1573.1732009062737,1.6493676005810063
11118,156.49822009701234,-44.057793273625656,1831.2759923347403,1572.3390463580554,2.8960149863402265
11120,156.23157298197444,-43.94815533889338,1702.7334431634579,1574.8179270664768,11.50858558830032
11122,154.23569535497342,-43.07172116673145,716.5810087072592,1574.7463857115004,440.8447920531954
11123,154.58019370404674,-43.22524107016843,888.5041271470375,1574.7072558719449,9.030935742300484
11126,155.97261135132104,-43.83602915182957,1576.0971168534852,1574.6745351873162,11.758961443751208
11127,152.8903279864629,-42.46473796026909,38.99502526536004,1575.849472184798,3.758706429248566
11128,154.35867841713602,-43.12873084217372,778.6367431411592,1575.7753298185075,4.563302301721661
11130,154.97489380436912,-43.40385744170395,1085.7042451549473,1576.623391387722,365.60245708836754
11131,155.28640683152483,-43.54007247269811,1239.5808745073089,1576.2148667503516,8.2223149235837
11132,155.74298301751995,-43.738363820451845,1464.066933175035,1575.6607673786273,47.5869796681026
11133,155.90019835996313,-43.806774786070896,1541.2138771621958,1575.7354537733659,2.5237778852033514
11137,153.93723166225357,-42.94356389210411,568.6882276923344,1577.5873082181095,9.678569725782207
11140,155.44780528664992,-43.612340382211805,1319.6312009495086,1577.0072185460217,8.33311980953799
11141,155.4962093761568,-43.63362653056045,1343.5107345959068,1577.0722469615243,4.331700727103899
11142,156.1474470622521,-43.91511465444563,1662.5458156072214,1576.4369462693223,18.386046861610613
11143,156.21739482985222,-43.945641500135835,1696.792314914416,1576.6199532738035,528.0700132432918
11144,156.31707785305838,-43.990102044801375,1745.8216795298551,1577.3955917972985,260.7462196682343
11146,156.574487399148,-44.099074026989854,1870.6613331262727,1576.6624391926343,4.605578917968271
11148,156.09821980705277,-43.896980997471715,1639.3457738633601,1577.9990687934614,88.61920686702149
11150,153.33576313928404,-42.67358558880029,266.33824492110404,1578.582910536554,3.3955553165182906
11151,153.40430476663067,-42.70481248697481,300.9908102167397,1578.6240319980357,32.09386468478203
11152,154.1025451273659,-43.020674236586686,652.4046822115105,1579.0208357739737,2.999722455275864
11153,154.47680582680618,-43.18781477972543,839.4204077321145,1578.9795376631907,2.7599815476168303
11154,154.710431670691,-43.292550519973304,956.0138528735313,1579.4457378251311,1.0182154104707344
11155,155.10182005233503,-43.46550416172729,1150.169350975288,1579.4789906420808,8.564218721852244
11157,155.62104764879902,-43.692979864409224,1406.2869441845792,1579.513517701077,32.993022883723434
11160,155.95073713624078,-43.83484638457988,1567.657990711554,1578.8263679539546,6.19364340094606
11161,156.13394291163934,-43.91415122574067,1657.274967840286,1578.8745213261084,53.27879473956325
11162,156.17881189556854,-43.93427493235243,1679.3933186336717,1579.2589350291726,1.587254781006544
11164,153.11336408216584,-42.57510537742558,154.62910542819694,1579.9936800910564,4.5687450377965675
11167,154.16865055632599,-43.05248217840089,686.1314794151951,1580.1106220456372,4.695299630862933
11168,154.20963694554516,-43.07138951588791,706.7997192140958,1580.3899085891042,1355.8880370140866
11169,154.66609214016688,-43.27444471133477,934.4044540951115,1580.2239561489632,3.7733711949405815
11172,156.01183607847673,-43.86250456636996,1597.8908842836806,1579.4331308788962,119.82847775220444
11173,156.1928175342955,-43.941630235319884,1686.5877103493056,1579.9188373155112,5.114804652580832
11174,156.52394048387112,-44.08506736874472,1848.1585655233891,1580.4933424737173,11.11662509987708
11176,153.54543679440036,-42.77394121275848,373.7031087133719,1581.1713524663476,3.3550682100853675
11177,153.7838177115398,-42.880785707946465,493.4553705479299,1580.7283777502134,24.697674047039722
11178,153.92346279228008,-42.943777009425396,563.631333097531,1580.7764379792316,19.556345334791164
11179,155.00570926958858,-43.42510681598774,1103.1286668268776,1580.448066836458,772.7861080997459
11180,155.27537549817018,-43.54418246614484,1236.6317687838039,1580.6877597859893,6.1307340509865575
11181,155.359214055622,-43.58176985415533,1278.2381302552737,1581.1069853426272,1.6043461704269713
11182,153.60200143263273,-42.802055114918346,402.9421524509073,1582.4184949949502,4.677874172889132
11184,154.2650255330612,-43.09923609916708,735.3787722193264,1581.9222331602998,7.116128268654174
11188,156.74410923524633,-44.18141703626997,1955.5994111369534,1581.6185214492393,34.996522979425144
11189,153.2636050536726,-42.64979702614817,232.51396205769714,1583.0749341565213,1.6953860790972413
11190,153.94582493245255,-42.95884245065117,576.302505532729,1583.270007221236,5.188567152073104
11191,154.29985725768768,-43.116068119979225,753.1492182846638,1582.5538517440111,36.20003406676887
11192,154.89286285478732,-43.38181565487187,1049.0238074088982,1583.700803207866,2.2981369732355974
11193,155.1874622575726,-43.50933696378033,1194.2514558609876,1582.5623891975727,3262.1927367758312
11194,155.4166856481019,-43.61022085336236,1307.4895194926705,1582.7536537474969,273.3979544211333
11195,155.54414688661896,-43.666535041615724,1370.427731150714,1583.0625401839004,1.027485255461636
11196,155.57119778171517,-43.676996815285804,1383.364334466543,1582.3915469025483,653.4630669292113
11197,155.79221479373794,-43.77396187843049,1492.1356471924141,1582.7691883669308,7.313048422289977
11200,153.74016358145371,-42.86694346900395,473.2045404961025,1583.6400877346157,41.879671998002436
11201,154.49122845752694,-43.2046763681207,849.5883504018234,1584.1856799934,309.87508873271304
11202,155.59608101942558,-43.69120277392938,1396.5298992140665,1584.0694351478533,4.632812386726678
11203,155.6283101169617,-43.70543797019101,1412.4256184939672,1584.1631952811085,209.55166447671252
11204,155.97167540099707,-43.85522310128236,1581.00319569201,1584.4910268962938,2.1131486224568614
11205,156.48147428127825,-44.07349762893858,1829.3031229170795,1583.8181923194077,6.757187692512534
11207,153.41698837411934,-42.724039711692804,311.3443587348825,1585.3188936045442,11.582554582380672
11209,154.18378076010097,-43.070076112698345,696.8131009320524,1585.5008551349536,3.5938199267857427
11210,154.5722056841811,-43.24245571887076,890.4335299214555,1585.0644037637887,55.389383423789226
11211,155.2502875886651,-43.542266729582344,1226.7824932943854,1585.2317550454538,2.0267716336858257
11212,156.32720870478846,-44.01035454111375,1755.0642420896975,1585.3656514855106,3.9644257365152966
11213,156.4682719298735,-44.06863295947573,1823.0985614082767,1584.2172953589024,2.258635300837216
11214,156.68550995106062,-44.16240563076291,1928.8012673258513,1584.6283565213987,165.16338694315814
11215,154.00664742861423,-42.991158078563515,608.2479433434642,1585.7517080793477,14.22583016006988
11219,155.77070498542457,-43.77129098378497,1483.4206987792902,1586.1101304263195,187.07028428763363
11220,156.09744283036665,-43.912550610729944,1643.3033580112583,1585.9682239825438,14.141215553589666
11222,152.88709767962837,-42.48467832019247,43.71717883327396,1586.4812992751372,1.7068081456163162
11223,154.3951650013255,-43.167344775443354,803.2394491980405,1586.9104736470445,2.2340883339049973
11225,155.1362330596281,-43.495053336871585,1171.2312795714458,1586.6773465052095,18.35728020718362
11229,154.97103303540533,-43.42601639907804,1090.507032762044,1588.5390566845138,8.199088818610921
11230,155.0820392075735,-43.47355570885739,1145.0827606071052,1587.8502731579133,4.142808029092059
11231,156.707668955494,-44.17758112269409,1941.0749157126675,1587.497501647922,23.44584559579213
11232,153.4235321380618,-42.735486244121326,317.1321551028904,1589.5320943022866,4.025659480754128
11233,153.69853302855128,-42.858894456240115,455.3891445153767,1588.986045988138,7.906121222122038
11235,154.78720794413556,-43.3458255354547,999.6184325532583,1589.0584663312995,0.8280904156850853
11236,155.69432740816487,-43.74390968776815,1447.5418124146702,1589.0288772183042,2.767184638471588
11237,155.7152438901489,-43.752215565377156,1457.5916240133042,1588.6313201891255,1.725818921122505
11239,156.7983082276065,-44.21708818287586,1985.2091431920455,1587.9281565304614,4.231874840049494
11242,155.32966148692333,-43.587585062268424,1268.8883155764715,1590.4856342620665,1.6111329058654584
11245,156.86571411385367,-44.2508412648928,2019.173326696011,1590.4667106131096,9.1338507119647
11247,155.16428436442175,-43.51550480971352,1187.3726657579723,1590.7332213400439,5.157728708419759
11248,155.38232928538636,-43.61266763694851,1295.4186677559042,1591.4938168851033,11.064026109216282
11249,156.2764943517931,-43.99973216941955,1733.3883774215997,1590.9764977907757,2.87922440368519
11250,156.55038723189176,-44.11680280114711,1866.500636696252,1590.733261019401,8.14071863041873
11253,156.65943591615076,-44.16400507305229,1919.572350030331,1591.0199360148245,20.61870178441048
11254,153.34815729295414,-42.70613029658563,280.5048165698186,1591.9564265662382,5.517169408854327
11255,155.2964391703114,-43.57623491826237,1253.3941079573729,1592.0906482079974,29.665877144532985
11257,155.59138778754553,-43.70470121817771,1398.5224177089167,1591.84571237282,15.021476369626567
11259,156.22383968198216,-43.9790129440321,1708.2491239205551,1591.954565795067,3.2988214172391372
11261,152.99662945696812,-42.54795272833642,103.20055517247538,1592.9965912844834,161.96651333512992
11262,153.2041185139207,-42.6427181947593,208.3166901736988,1593.017834160673,3.134552412410134
11263,154.24827283601405,-43.11367757548196,733.2971460114882,1592.8496805385,3.026217582463003
11264,154.64856497286303,-43.29117016384056,932.6413536220359,1592.4477150611324,74.06706043689667
11266,155.75113090036186,-43.77617508057086,1477.5045661057563,1592.8123898244519,7.624548234883572
11267,155.814970515202,-43.80317657862504,1508.61005117601,1592.446487744785,6.671857157939177
11268,156.37381288265126,-44.045200274057436,1781.766858628516,1592.7954126899276,6.350745726337208
11269,156.53301554903842,-44.11392973134432,1859.2924097017526,1593.0230555538644,4.090674518877876
11270,156.72548283992683,-44.196369938438906,1952.702516062995,1593.1131624715988,1.523975949047726
11271,152.84990654045964,-42.482593303932504,29.27343703350232,1593.9077922021775,2.1614901296574334
11273,154.0598730616225,-43.03260647513378,639.9860527126098,1594.4943643800318,435.27728393036125
11275,154.14864551160818,-43.070138759614444,683.7762069094641,1593.36888834324,150.8785676888569
11276,154.42106985536603,-43.193721321249726,820.3991843091363,1594.3024902611587,10.115000772163166
11278,153.53667552867154,-42.79813429409994,377.5167622707855,1595.174052001134,9.177104510836969
11282,154.61353006950029,-43.28078973658782,916.6821649502928,1595.0274496439504,5.482018029850957
11283,156.40126682592106,-44.06149877604702,1796.3448472951188,1595.056740299527,83.54473382387597
11284,155.0010075695224,-43.45413815278533,1109.5462677484438,1595.9806047521963,14.499648105437672
11285,156.83387982221063,-44.24764777061844,2006.5367291557845,1595.6659848399959,2.830497352035325
11287,154.84408629551433,-43.38662984464884,1032.2701185492294,1596.8647669873665,2.374608208474433
11288,155.2745147987652,-43.57645726249287,1245.3199372019885,1597.0064635546896,1.193080598854763
11289,155.347920620927,-43.60824856479651,1281.420452995307,1596.815976679011,3.226243196996088
11290,155.64255780594587,-43.737194214993686,1426.4849684006867,1596.9455958417586,15.205859963440695
11293,156.50561846718472,-44.10900254463284,1847.8174997751562,1596.4376220538934,328.53813585872047
11294,156.67499836279205,-44.18146932673368,1930.0179108941493,1596.4489082578984,1.898286367766747
11295,152.85233794465063,-42.4919730772372,32.965329647349684,1598.0088272680118,1.395692417641347
11296,153.91146004449337,-42.973445480624875,567.7579028335782,1598.2320408404332,4.004815054596848
11299,156.14843245042618,-43.95787932300422,1674.5548089877007,1597.653013002715,209.18790564421028
11300,156.45909819668873,-44.09333680572274,1826.3636704282783,1598.5804836377306,5.27675686982729
11301,156.6616564332603,-44.17953020230356,1924.5579562799896,1598.3350933280278,4.796193288844164
11303,153.28445335705106,-42.69307225645849,252.99416958417845,1599.8614900293433,1.3593589584203676
11304,153.41320519783162,-42.74932672311496,317.3513293285514,1598.7409143250218,1.3458216949797681
11305,153.58754588311956,-42.82949654139004,405.5779710085422,1599.3176636872454,22.197051878758256
11307,154.11746238973504,-43.06781759133767,671.5243383904252,1599.170609319655,214.30792866975733
11309,154.8955834063889,-43.41261420554761,1058.7197320608416,1598.4753568349063,9.67921429314964
11311,155.69353097126807,-43.76350416808682,1452.650699910233,1599.0068420875195,2.7053230976932197
11312,155.88683433010078,-43.84644772408307,1547.138540699784,1598.5009520922222,3.8807549296679267
11313,156.01853842710742,-43.90396741520597,1611.7083045482116,1598.7491524053341,2.8485325006573934
11318,154.79900938151673,-43.37310085496624,1011.7132106034637,1600.0632328447048,2.0890921236244346
11319,155.1194929443666,-43.51335713035562,1170.146400125513,1599.4985303464484,16.6067503320093
11320,155.16901828952683,-43.53696646663558,1195.1367295097532,1600.415618599727,2.425130813105519
11321,155.37528062904985,-43.624780874684035,1296.1738579113212,1599.0915546185677,8.524291109964574
11324,155.41023210488873,-43.644281645754454,1314.563757823442,1601.1942890600687,4.242840187587729
11325,156.16980914046633,-43.97511198311597,1687.1657610819366,1601.6683353071378,19.04286108797593
11326,156.6214888866379,-44.167133076160894,1906.3595537826343,1600.726019146306,3.1161151336891177
11327,152.8029650669788,-42.478093518040616,10.491473678535328,1602.3594949957646,4.491235182342162
11328,153.18347738049565,-42.65148798458501,203.23141060378862,1602.0458229156038,0.728985086763156
11329,153.31072226458986,-42.7109196833269,268.00113562311816,1602.7922593071942,1.1411363388374733
11330,153.80552428253722,-42.93301817728179,516.6870854973637,1601.8492899412386,7.800408512949327
11332,156.064876349949,-43.93131197193999,1636.348695456748,1602.4136243032847,5.95560062632713
11333,153.2263619451397,-42.67222488056445,225.2750544385938,1602.6411026252388,443.2151370900976
11334,155.42491463700404,-43.653837455519955,1322.6659115761863,1602.7610685368854,5.904702748903573
11335,156.0907550967032,-43.943997625362265,1649.3987374269786,1603.1691761938112,33.657988342367304
11336,156.2099960120914,-43.99481653443714,1707.4126199042935,1602.86321384682,4.436787313682146
11338,156.68729870604463,-44.199220991371135,1939.3289040764835,1602.7221443979126,28.127519731674322
11340,152.95776771839672,-42.55293660809463,90.23664800143997,1604.2955213390396,9.84762094090328
11341,153.27463436190084,-42.69712403680772,250.5377321778375,1604.0937937049305,6.629196113832577
11342,153.29868714331897,-42.707518341252154,262.53012301254694,1603.8216409482495,7.274139383838797
11343,153.43270549873705,-42.76904950585975,330.3762903197528,1604.1448953944052,54.525317455793996
11344,153.64178289139886,-42.8636861066541,435.698333878917,1604.1221710829589,7.599814331354706
11345,154.3229945469124,-43.16866885311329,776.8117135451176,1603.6176166954926,4.003282129239866
11348,156.5250514045181,-44.13199050558026,1861.2047775074257,1603.7933424585199,1.3586806722428624
11349,156.58536779605166,-44.15851357131759,1890.670891046587,1604.1498916264695,19.191972429418485
11351,153.38814658502457,-42.75031530402493,308.33118997274005,1604.885900690566,6.985827574250518
11355,153.97271459535426,-43.01426931766062,602.3171391204652,1604.845856845509,11.447054942510222
11356,154.28271613012137,-43.15341726419327,757.4860661586255,1604.9802788695256,17.31590472892811
11357,155.20479353293365,-43.562430187615,1215.5330428477132,1605.2857636037775,3.65639673100568
11358,155.353308449273,-43.62731704544234,1288.7288742172896,1605.1675378427506,3.500880952753436
11359,155.72064130360855,-43.787325530192376,1469.269815086429,1605.0255381465588,27.30116115321447
11360,155.78217992213823,-43.81423277869582,1499.4917025619072,1605.106994025854,2.6772808697080737
11366,153.39627398891142,-42.75746723160841,313.4478024588346,1606.6061489661388,4.696173061744679
11368,154.82613506959987,-43.397260453828,1028.60906849454,1606.1314175062214,3.355002053274611
11369,155.33525075194328,-43.62038834796821,1280.1012509344146,1605.6572443847795,7.7582728037863085
11370,155.5365427698146,-43.707948463785456,1379.0784372232154,1605.4348273260307,816.1798549394483
11371,156.28093844609907,-44.03210657363062,1743.814316358612,1606.2452718397053,0.8063303877180651
11373,154.13600335926034,-43.09163872800518,685.2661031987413,1606.8970226505826,2.1532257874951504
11374,154.16234237799912,-43.104019069953566,698.6074393849398,1607.1887002214917,251.13018920561908
11375,154.53355696782478,-43.26885354461783,883.5936815499663,1606.795779074391,8.900705346922393
11378,155.6697412559062,-43.76824382568329,1445.1370120705215,1606.5578669277338,79.0659901698007
11379,156.02692661326765,-43.92515563028734,1620.605233509921,1607.5443748917069,845.2319464378054
11381,156.48815117521858,-44.122452564975795,1844.9728125493762,1606.9370710107962,3.4813582443252633
11382,154.7461428425977,-43.36556792714003,989.9589763515237,1607.9817010043785,3.2611937546174627
11383,155.02811822324642,-43.49114619022468,1130.0082977683962,1608.4937436420103,1.2879384300108618
11385,155.38201263289776,-43.64555482676065,1304.4507483951127,1608.0026796761142,0.6037478966281973
11386,155.74810158521996,-43.80510068071865,1484.3457135895874,1607.946403706047,2.926342911309994
11387,156.7380893009509,-44.232593921535226,1967.061457875258,1608.596029377111,3.5462885349565667
11388,156.78454206738346,-44.25070004623193,1989.0911607159246,1607.7464481693482,22.28752728928336
11389,156.88565086506577,-44.291663751560385,2037.4282080827265,1606.707814156029,5.284346929570927
11390,154.22511716589457,-43.13486984679516,730.7791144719428,1608.5651211478378,43.130102466355694
11391,154.51876482346364,-43.26662504601437,877.4680224226142,1608.9642812290406,1.3793786364749276
11392,154.72758167548935,-43.35931107633136,981.2986244716271,1608.9619158794417,10.786144036438523
11393,154.7675495998805,-43.37760994620504,1001.311443598372,1609.26060443612,18.060072656648092
11394,155.47379000426994,-43.687820881756615,1350.228263918341,1609.070724314255,2.0282049154086534
11395,155.61413720726856,-43.74921022768673,1419.2657301327897,1609.149600990016,1.484266060181988
11398,156.83612256830355,-44.275346422482656,2014.7548825446877,1609.0934185842189,10.830797672493867
11402,155.98057960088147,-43.909211511802155,1599.0741729693814,1609.597741302775,101.10119260122401
11403,156.17168095303833,-43.99331210290752,1692.8096508683618,1610.3829210878705,69.38711614438382
11404,156.5026945074205,-44.13417231747667,1853.5147429482727,1609.6899843692509,50.055528154020095
11405,152.93851596881248,-42.55788207397479,84.55148126328714,1611.1227566345406,6.336400527445871
11407,154.28956051803266,-43.16822734981606,764.2715661836797,1610.8357934684236,1.4355328360735187
11408,154.31374268767092,-43.17961108043616,776.5098305175145,1611.1276716012471,2.3898075268944594
11409,155.63927578766507,-43.76341899395889,1432.5106056273187,1610.7794611240972,5.478517095234239
11411,156.53610647574862,-44.15100413398305,1870.4149470770815,1610.9561904629309,2.4353308474201896
11412,156.58209418673073,-44.1706981953471,1892.7332246454323,1610.9647927497792,2.4833131599792266
11414,156.79598180767908,-44.26178899444008,1996.2854427296518,1610.8666963042272,21.103782622920313
11416,155.26034750669822,-43.6000140225342,1246.6383850032857,1611.8823039672086,1.884255706174952
11417,155.32323609081834,-43.62789118640706,1277.7352689965269,1612.0371085267948,1.633556395010492
11418,156.0339811044112,-43.93695749074963,1626.4419458228085,1611.9276598093882,2.1643374405155456
11420,153.03505092156436,-42.60544086112335,134.49465369378433,1612.8147689866425,12.282074321872686
11422,153.45819206983623,-42.79888484140662,348.58065857596443,1613.2274324624125,12.731773815957263
11424,153.7623865965402,-42.936961210511804,501.8106249645381,1613.4854179870538,1.7093151492799874
11426,154.09949088539744,-43.087302362899415,670.4607601609185,1612.8839464054497,3.1278132666547744
11428,154.83253272735251,-43.41354980890833,1035.5838511863972,1612.8482864176676,3.2889388383814753
11430,154.94596799816415,-43.462974157376955,1091.6068193473916,1612.5106212464368,3.5120516844979024
11431,154.9768119825235,-43.47701522362547,1107.001089162445,1612.7285444690738,4.25081263544207
11432,155.49454258752692,-43.70449402440494,1362.54759704776,1612.8750607652964,8.111217115049858
11433,156.15174627268678,-43.98947125992537,1684.3808616741794,1612.7647738572557,20.367778716812275
11434,156.40222553791946,-44.09850816122838,1806.6990529891232,1613.4068018825187,1.5905885020072628
11436,152.77968582671892,-42.490587874518226,5.562934447383615,1613.8575695854483,1.2168058285623848
11437,153.01242633320825,-42.59764288186793,123.78405204850017,1614.0766009091385,8.052415418623417
11438,153.89642062325976,-42.9975811174118,569.1586848272424,1613.6104697976905,2.788229570188932
11439,154.02918161249556,-43.057705085981404,635.8263060174872,1613.8467631230512,2.0462047103742442
11440,154.80230074741033,-43.40203507635839,1021.1134666572917,1613.7741860993256,94.48185483526406
11441,155.01664147169666,-43.49716019622159,1127.4401130359695,1614.0210543801027,7.701775840325319
11442,155.42778444414688,-43.677302777918015,1330.2494861161376,1613.8641229057882,3.31087154087959
11443,156.072357769944,-43.956918690545564,1646.1060593675895,1613.6206528458938,4.113419373069683
11445,156.7226195650651,-44.23580364218232,1962.1957697154203,1613.5177608695844,1.2998098364199306
11446,154.53428246504296,-43.28506200616597,888.477308276033,1614.7159690702476,2.1863660173603896
11447,155.0868325902958,-43.52927932460332,1162.4925437564082,1614.6265267367387,4.760544739593049
11449,156.76315260610085,-44.25598879438442,1982.5900550648416,1614.9755832887192,2.3201950573777763
11453,154.8685464575449,-43.433760202531275,1054.6501858185839,1614.990565698096,4.7702278366806565
11455,155.65472899584628,-43.77965467119579,1442.7211269991026,1615.535039431351,1906.4079087391917
11456,155.94930237099751,-43.908607179384006,1587.3204625393312,1616.0726382280075,15.819868514395983
11457,156.312998834638,-44.0649876010957,1764.5971594232374,1615.8150538277937,2.172505644717253
11459,152.8994740220152,-42.55048932774301,67.85780257132926,1616.3251543937854,1.6883005158929678
11460,152.93116321815268,-42.56669409998528,84.43430271776872,1617.1657776196603,4.319896426977238
11461,153.84634574876253,-42.98094190848463,545.7466566766329,1616.5444994758566,8.114411548898628
11462,154.84961125019313,-43.42986167365315,1046.525337678866,1617.2206391341706,28.268886280706614
11463,155.17532166023204,-43.57365150828082,1207.7393626124244,1617.3571427110624,2.9231446406490247
11464,155.84388494392772,-43.86561559939338,1536.479899511155,1617.418403649499,2.4759889247834534
11465,156.63715830633248,-44.206390329078914,1922.6938339277388,1617.0629563412972,3.3647315812231917
11466,152.96596601549408,-42.58407207157776,102.5105656339466,1617.8859659668924,9.195403395677765
11467,153.15864303688676,-42.67296331013063,200.33967345047995,1618.33188349129,4.004365708738576
11468,154.62688492138085,-43.33194042156922,936.1688484376562,1617.5804563749375,6.84905945466124
11469,152.91954630617664,-42.56476685252396,79.548715949429,1618.848459676125,7.546792013452976
11470,153.04940857069,-42.62536519646529,145.72026824364852,1619.4487664691794,2.896437682494662
11471,153.31606901438906,-42.74620775341646,280.35579035368465,1619.1154038448465,21.685739853309556
11473,154.94083301158443,-43.4729587422219,1092.5128905738673,1618.6252638774765,3.354636566431901
11476,156.4524835279105,-44.130734129744994,1834.0016055376923,1618.7558020327217,2.1468555157450777
11478,156.79572850109835,-44.278368349098976,2000.6181220925023,1619.242855094711,4.968994159407924
11479,152.9958874931706,-42.60130351433318,118.72606149499799,1619.646147098224,2.90548117321966
11480,153.66199901096377,-42.905162606638996,455.288848021308,1620.2047765128607,21.42204020269639
11481,153.82198098289996,-42.976144969113875,535.3103320915504,1619.6167596937375,4.64870413891629
11482,153.90606957939926,-43.0142458792584,577.564432868645,1619.7434506996851,9.289061357686771
11483,154.11738724521126,-43.10905001087405,683.3650913713598,1619.7196463215691,5.804382018639443
11484,154.80563680620654,-43.41620252052986,1026.354806815266,1620.106536451847,16.526926676174476
11485,154.91298968953257,-43.463360006113234,1079.4818160743973,1619.9673923104824,8.621323401840211
11487,155.23071634632737,-43.60289196704375,1236.4536671947255,1619.8146040490856,302.1158152913594
11488,155.4448967894397,-43.69757728820712,1342.2239205947087,1620.259621502716,6.38671191838438
11490,153.53418427499378,-42.84914829157763,391.49785023204225,1621.095279774807,1.8298715246670005
11491,153.88587452115797,-43.00586159693002,567.6406902514144,1620.0916105671092,97.76528485353597
11492,153.98277749480005,-43.052572624623984,617.118530226614,1621.6612109452699,243.82479560381628
11493,154.20819002870576,-43.15128500095145,729.207923691282,1620.5116658031661,284.13031329634777
11494,154.29622279727533,-43.19151974838876,773.4176191271458,1620.9576143451875,3.2987133336554706
11495,154.37708457168475,-43.22736442673013,813.6819940352514,1620.8410694103477,2.157983298950018
11496,155.31669821068687,-43.64312077876649,1279.5542912090216,1621.0786191132129,4.808674486033972
11497,156.23171635520055,-44.03986662117595,1727.6915654138916,1620.7497826288545,4.005369853197396
11500,155.4254588823094,-43.69216974512078,1333.5171043196653,1621.803685232283,7.783356016018252
11501,156.11884801206273,-43.99388254677662,1673.3981292969963,1622.082912412417,2.032991025812302
11503,156.21884948409888,-44.03658560028283,1722.0370525564067,1621.881720853877,0.8101551448204057
11507,153.84937851064723,-42.995895583535656,551.206502240333,1623.304951408017,5.863359337925786
11509,154.48677194367954,-43.281693663306,869.8881721337756,1623.570243931191,425.8028304422013
11511,155.16616301051556,-43.580144180784174,1206.1596036018598,1622.609548613376,2.328239614026668
11512,155.28444107006453,-43.632327245528955,1264.5871037368065,1622.7485417028122,5.845571450161733
11513,155.79186002796425,-43.85325263043763,1513.8088862752456,1622.5296349556415,12.726221400771218
11516,154.34148392443655,-43.21732100500756,797.5994690047428,1623.747787354317,4.81407954242486
11518,154.83223955179238,-43.43530410325942,1041.6178948595498,1623.767694750023,5.454115485982162
11521,152.78451797942878,-42.51537207365149,14.735106329701098,1625.0501658818903,3.382383144187312
11522,153.0302952428659,-42.62780133735771,139.34434841473993,1624.9919239860478,1.5963353078885445
11525,155.242259461539,-43.61709620665376,1244.6996750458254,1624.3803558452564,237.69431999446138
11533,156.8668661350223,-44.32159014074886,2038.4508278389487,1625.7431613429644,1.4684872083559661
11535,153.78385184143121,-42.97309368123581,520.2717400892415,1626.644648454807,1.780812344883247
11536,153.96694170789203,-43.056684148135616,612.4288659668923,1627.2471630864218,4.425058471392231
11541,154.94325114333213,-43.489682767343524,1098.1176913679026,1626.4399481209855,1.1991086718069002
11542,155.02842733296745,-43.52800747367457,1140.4760932183694,1626.8292379036175,41.34154945591423
11544,156.1584478650747,-44.02091175612862,1695.415982732834,1627.0672303999504,3.921406286205674
11545,156.42578502444456,-44.13551532619492,1825.411075252495,1626.8926340662597,2.1505222994137476
11546,152.79553505023623,-42.52554175078552,21.851558114921225,1627.5866056218922,1.3032813111993478
11547,152.84589824815262,-42.54887569787472,47.48625656858891,1627.7038505030105,12.772195587774105
11548,153.00919417016874,-42.62419133891837,130.44265932404375,1627.986023110617,44.12751120575694
11549,154.1657799978968,-43.14634637977601,712.0509960763632,1627.5011243618255,7.600388330353375
11550,154.70812254352998,-43.388957716895824,982.476483606293,1628.0499722013255,4.282823919531264
11552,155.26313690187854,-43.632701738706025,1256.7942174498467,1627.6019246475405,7.416181633555221
11553,155.30808159974995,-43.65267817589006,1279.0232778948591,1627.7401873802155,1.935588888100523
11556,156.01933162629885,-43.96168117751741,1627.7674488943373,1627.478784304019,3.5830904058818893
11557,156.0784324922977,-43.9876587324806,1656.7379655617099,1627.7021162378865,23.46866231819827
11560,153.4838223677264,-42.84212683572478,370.7502688365664,1628.9434107008447,5.004708435330126
11561,154.85654074061688,-43.45764377390705,1056.935293491304,1629.555269772644,4.741131042227703
11562,154.89265102682418,-43.47193432584471,1074.355243747693,1628.7274140269485,5.289274441148207
11563,155.32366343031194,-43.66307976902394,1287.696149180961,1629.526845103966,6.243587705092139
11565,155.7926119877077,-43.86512273136059,1517.350373192265,1628.3057030594582,16.90461270812564
11567,152.77014147518005,-42.519109429731174,10.510851002139743,1630.1761214626765,48.18771120754092
11568,153.76071000589633,-42.97087114730016,511.0379018401381,1630.7276894438385,233.86639569082132
11569,154.00164945600542,-43.078299387684936,631.5501156293367,1630.2483049131558,8.945390574295068
11571,154.6032087426618,-43.346347651371616,931.4774251909935,1630.0042486694163,3.9595075090006966
11572,156.40442436346737,-44.13188120426667,1816.52625316089,1629.6642149578965,1.211346151341659
11573,156.7071385984443,-44.26170006030402,1963.3991035796053,1629.825680802442,4.114835785324921
11576,153.4411129552007,-42.82596032543546,350.1671249475259,1630.5308882170075,3.3211756060630564
11577,154.34357389802068,-43.23382787805256,803.0969780701706,1631.5070794375004,2.2668213036040323
11580,156.10880159299245,-44.00736745531391,1673.3512451897698,1631.0078546881591,4.478827854574759
11582,153.62327366711517,-42.91205750614765,442.92358307774543,1632.3329313009579,1.1590176769932647
11583,154.87694691377044,-43.47144053476296,1068.3931221742966,1631.9414785109605,5.7680623820681225
11584,155.87326955706007,-43.90830112985587,1559.075553898771,1632.4048045987129,2052.5434364482003
11586,153.13967810136015,-42.693506115666636,199.35897661876928,1632.8239381437245,23.571771455675904
11587,154.2024032494803,-43.174348435714755,733.6824979026677,1633.286220788632,49.27496302836189
11588,154.47134594508188,-43.292915703954165,867.3643543300609,1632.5843215700045,7.400433727786109
11590,155.7976534741546,-43.87708708231959,1522.5057896763567,1633.1970548605082,1.8967047395118022
11591,155.89168420282599,-43.91734140768832,1568.3724941297735,1632.9354821178035,15.332863245342477
11592,156.21084014215222,-44.05459980520454,1723.9640212726433,1632.6347959940863,1.8955538631851305
11594,156.6573433825865,-44.24754926305782,1941.1957526537428,1633.3867527333384,1.7812085290789066
11596,154.9130813737,-43.491333284752315,1087.3962716064568,1633.9071591485288,0.7093489634803705
11598,155.90838279107862,-43.925816836938026,1576.8776681076356,1633.5569151236416,4.610684522975772
11599,155.96207822307224,-43.94921400169936,1603.162172940084,1633.6330950087952,8.088612377809433
11601,153.42217922886806,-42.825748326332565,343.0783100967319,1634.6923394305422,448.0816953987993
11602,153.7086496181562,-42.95611172713854,487.43014470882736,1635.065629159849,6.1086451526446695
11605,156.23023966601852,-44.0688128296227,1735.0013992917015,1635.570898799831,479.9655927846403
11607,153.08005310940723,-42.67249719622098,171.0279658965603,1635.8975350389328,3.287096209584884
11608,154.15281538544903,-43.15765272453099,710.4909916325973,1636.0199234335075,2.630402234600265
11609,154.5905725776757,-43.35277620142221,928.6176350124589,1636.0060387054605,2.7443688162732465
11611,155.25098813017678,-43.643949721232985,1255.43028361209,1635.8819334175275,15.993657906191556
11614,156.84942666626307,-44.33477844272294,2035.5173383875392,1636.0861350222463,3.0186201072673207
11615,153.5076771209955,-42.86898383906876,387.45599694375187,1636.9194149642183,8.818498540438886
11616,154.3697011042857,-43.256306551273745,819.2153908353738,1636.9013361072975,10.033343009469448
11621,155.26890159131713,-43.655614878706245,1265.3224414490576,1637.785428472608,3.1215999525099867
11623,155.55785968348994,-43.782180732116956,1407.527903212923,1637.9030353640449,2.385906154798332
11624,155.9717817640389,-43.961872079734476,1610.2158599362858,1637.868035935617,2.3459903189096227
11625,156.11976459111813,-44.026298881645,1682.5640112712372,1638.1202753453292,29.375077110826503
11626,156.37209748458415,-44.13441334426119,1805.250691493785,1637.8870568438942,3.0542542433871653
11627,154.53450177877667,-43.33405047034458,902.5014533062011,1639.0875343071646,4.968145673891088
11628,154.81905364607056,-43.45908161428151,1043.44252944677,1638.5384127752093,4.178272039780635
11630,156.74885466073306,-44.29713216402808,1988.2978267801589,1638.680270050931,2.616453617392927
11631,154.16017479559824,-43.168812509332,716.4284402096876,1639.9362475863309,4.355722859351442
11632,154.1920411629847,-43.18281342054052,732.2694807795087,1639.8089401205643,17.10766456582967
11633,154.95818870655557,-43.52341017775044,1113.1461531828672,1639.9844079531656,4.956610499791631
11634,155.4131301992197,-43.72389139444704,1337.7602637018797,1640.3512819017635,12.650613704237015
11635,155.5312825091919,-43.77391592623483,1395.396834737001,1639.5656026880772,400.6591743977178
11636,156.24665754108952,-44.08430211951926,1745.2783894221923,1639.7909694056636,15.32680638717277
11640,152.98981684040285,-42.64220850611215,128.5851499824077,1641.3218480237833,3.9668014224814825
11641,153.17074993409653,-42.72527017713166,220.25639704752848,1641.561770766221,49.20494854965802
11643,154.0341279370613,-43.114525297948795,654.0498544058077,1641.0244257061756,2.5753639525718173
11644,155.10145797478353,-43.58811144255558,1184.4062042485652,1640.789712426118,10.136648881643708
11646,155.1662185566669,-43.616877830525176,1216.4559879653957,1640.9420828189657,32.566079716052684
11647,155.7262022202337,-43.86110888726276,1491.6529558047334,1640.728215740418,1.4857959592271819
11648,156.39427434508067,-44.15106367768135,1817.951550576902,1641.4620800123535,1.503717081265365
11649,156.645323227325,-44.257490079834405,1939.4158840524094,1640.947571297104,1.4645696487614328
11650,156.69614937542343,-44.27929458194974,1964.044992657371,1641.0046367579891,3.19619453680784
11651,156.8420372710113,-44.341602412492456,2034.6047297966654,1641.088640074662,2.9442414029234714
11653,153.19049183318637,-42.73490634401961,230.42084202638034,1641.880621477054,71.23464032565214
11654,154.2621716282406,-43.21827278726255,768.4511476021196,1641.8574664244445,3.9918831403864763
11656,154.9258464069208,-43.513885727218884,1098.4789828073524,1642.3500602774634,11.136719218670613
11657,155.205104074342,-43.63677606508573,1236.4259285230232,1642.3530763951126,165.06407355312325
11660,156.8100212105245,-44.32972612157712,2019.6069731506984,1641.9647030136257,105.79759686370089
11661,152.9570719855073,-42.63101978870619,113.12171627087143,1643.1996450620834,2.3768234089160436
11662,153.40709443729347,-42.83596751703377,340.47522357603236,1643.1690188829978,7.178896781780922
11664,153.74336721566974,-42.988126945047405,509.615799225264,1643.197693613697,27.90879012875765
11665,153.82701132232788,-43.0249517709909,551.3289173264915,1642.7678817319804,3.8311448404182387
11668,155.98319594754386,-43.976718355956876,1618.4988499185486,1642.8284748110036,6.325794240702423
11669,152.75068985908854,-42.53868518801109,9.121714073436378,1644.3109361806312,28.78113840947913
11670,153.47895694907422,-42.870622771937875,377.2797195642626,1644.1987353149323,35.82761350101565
11671,154.0028108917889,-43.10682228832401,640.2126743800134,1644.1835390574142,3.5174946061305326
11672,154.2193717150305,-43.20350095860109,748.3433964250445,1644.0250258489623,2.823434534258602
11673,154.47227561397384,-43.316683372235914,874.4838540610518,1644.2225315021744,49.751107204547324
11674,154.55249667172876,-43.351039388154554,914.0063303214981,1643.569849905525,2.6985343673024924
11675,155.2434794095779,-43.65710378465521,1256.3191839933595,1644.0968714125784,5.35943892774325
11677,155.91057291243266,-43.94727756972566,1583.5665447975164,1643.8228668518661,301.0974575372916
11678,156.16415367752458,-44.05686894817565,1707.3054140793467,1643.8455710452763,2.7989618687347106
11679,156.2897042550009,-44.110483435012846,1768.2990177228708,1643.6322283078525,16.100432155680778
11680,156.36396310305997,-44.142931274243544,1804.5440825491357,1643.9059799353806,4.696233127511597
11682,152.9993176124951,-42.654400123358805,135.71940258170102,1645.2162274983148,1.6467853573913456
11685,153.75925491095654,-42.998431657597436,518.5020048211445,1644.7598641013815,3.0458695211110878
11687,154.90418907438325,-43.5105424708176,1089.5113492495425,1645.4503851339393,4.008437426384149
11688,155.32382618817482,-43.69416819109995,1296.414281405605,1645.0231967233508,8.833235268517598
11691,153.69036250522328,-42.96958452038,484.56458437680703,1645.8678182106123,517.6012015264567
11693,155.1890043439259,-43.63682796493491,1230.4759099691323,1645.908061629947,9.220905102821023
11694,155.5791006288404,-43.80551629254367,1421.8478728922387,1644.940782912657,22.66187340448482
11695,156.58263172586933,-44.239312501971035,1911.3633173916305,1645.2635602882294,6.055278567017282
11701,156.463627416789,-44.191671131275314,1854.551877262709,1646.9117764252799,7.928802094520986
11702,153.44475038019706,-42.86232373629353,362.16273949165776,1647.778173574912,1.3932879749608011
11707,155.33906663674,-43.70713529755181,1305.668894132318,1648.167783446297,64.92474315527448
11708,155.56447531148643,-43.80510982446017,1416.320272895308,1647.9242413421555,10.971009431643541
11709,156.10663043788335,-44.04113459711299,1681.7436967265508,1648.3867033497602,4.954517040751643
11710,156.5573204020713,-44.234107380975125,1900.6085251246552,1648.0802532826508,1.680728633467669
11711,156.69334347399464,-44.29206630807269,1966.4261537316404,1648.0119874651382,265.35108891741396
11712,152.7356528268564,-42.540141416887344,3.977125905834035,1648.4560364643069,1.4075017686985676
11714,153.90176842024277,-43.07075046950878,592.3182130774403,1648.8184334863095,25.12679543200971
11715,154.12567373631904,-43.171090014316974,704.2889412735007,1648.7584332265346,1.6560571433774716
11718,153.4666557634718,-42.87667232200144,374.48645820705065,1649.9738602977538,9.43879672306931
11719,154.02530198141613,-43.12756904509039,654.5380137802252,1649.4859756934811,47.524075523793954
11720,154.55945310816065,-43.36758029334975,921.2885782635215,1650.2739780740599,4.332121590960359
11721,154.99608538426023,-43.56013693699856,1137.51429469195,1649.9772758282909,3.0752235350716597
11723,155.48312306764942,-43.773691943498655,1377.500482137406,1649.9581871508315,1.6023027404720718
11724,156.14553556494056,-44.060781053919584,1701.4818606832373,1649.823576642987,14.940643255483863
11725,156.49953188891527,-44.21313088206736,1873.6051617723497,1649.9608687747318,22.222278470917747
11726,156.51503511707924,-44.2190757305229,1880.935890451313,1649.6141665540174,3.225234193918168
11730,154.67525770337235,-43.42124609003341,979.4414655187243,1651.4130198465086,3.428551196977451
11731,155.11411972515737,-43.613990251461814,1196.346561982879,1650.9302243515097,65.96495530836188
11732,155.40663122434012,-43.742136672754114,1340.4215393856894,1650.8880573469114,11.817241711234594
11733,156.60491013194385,-44.26179125830891,1925.6317029411568,1651.7616639007617,3.9214325306439357
11734,156.76087824262106,-44.32670657949489,2000.6422248070373,1650.9488232620456,10.305102121973501
11735,153.19287411044812,-42.75532298775591,237.31915869491783,1651.4775873654003,3.3243673771427895
11736,153.5643439675247,-42.92431620892752,424.6370519122086,1651.6703314994227,8.026443953036024
11739,154.20660435191186,-43.21267197663706,746.24134689448,1651.4332306063588,11.139175517401776
11740,155.56961278385958,-43.81439992049163,1420.791314296951,1651.449060024071,11.108789245898139
11743,153.3738912882599,-42.84038000796328,329.4527558966595,1652.845287288624,3.956827019899768
11744,154.64706491299341,-43.41318338899523,966.7079188558547,1653.6243598623107,452.99864902785845
11745,155.46297089980175,-43.77128962481936,1369.3732176186766,1653.1548858919114,3.5006663087051924
11746,156.36847914335257,-44.16176862370485,1811.3046371850776,1652.3744854245572,2.278571639299977
11747,156.6550758574472,-44.28554815225299,1950.5395668501167,1652.9324604513827,1.347202478423256
11748,152.83296897245768,-42.596952982648666,56.97701328475332,1654.4876915213733,1.708013569249292
11749,153.3392789125593,-42.82675899928131,312.6207593692646,1653.8857519843427,3.0453390362762263
11750,154.5894281569678,-43.38850153532037,938.343343273746,1654.0676506218438,20.29874258461385
11751,155.493122817028,-43.78602580854341,1384.620915442933,1653.9409628739372,9.125539609438828
11752,156.22413099825357,-44.10184943071838,1741.7066347536997,1653.4371627002242,127.25993970911156
11753,156.32846946052618,-44.146964847269984,1792.509899267661,1653.564507272727,1.5294077245246291
11754,153.83160368543105,-43.05193628934946,560.853434297856,1655.160351034717,7.104962944668949
11755,154.37326114413494,-43.294193074094885,831.362183038827,1654.984169208188,3.368285576860821
11756,154.40529663804153,-43.30708359184243,846.9171194408318,1654.2954040958132,2.0811977111638007
11759,153.2732529447186,-42.8008228575999,280.5176534560161,1655.9068633522018,22.904772231126987
11763,153.90435267148732,-43.0888038464045,598.498879092145,1657.2209124858175,63.33644974097755
11765,154.134392395856,-43.188823563175816,712.6209816095432,1655.6427193387517,1.7708765334388838
11766,154.4934705850916,-43.34956170724777,891.7073393224586,1655.908017154937,4.738987624135483
11767,155.0554707767317,-43.598720927805864,1170.3437697934216,1656.1841005469937,4.420967482503253
11769,156.27923382811466,-44.12991044959661,1769.6894279577884,1655.620275849758,1.7503355928438151
11773,154.683950271629,-43.43574283760032,986.7706308969613,1656.7200688710034,3.1305149822636458
11774,155.06673182772283,-43.605013729390144,1176.279213339318,1656.851943734094,2.027990755042779
11775,155.43074068851843,-43.76395132030907,1355.405218482493,1656.523051208582,45.35646689369463
11776,156.02559715913844,-44.02317921403773,1646.8747239435822,1656.911304590242,3.233220924088299
11777,156.5086591276312,-44.23081075182593,1881.7366537326748,1656.8653607713318,2.1560395257641756
11779,153.28244989889046,-42.80933186181803,286.4289988323151,1658.0554111799352,166.13790801790765
11780,154.1755346239057,-43.21077396694724,734.1791319946534,1657.4052616051608,2.7152625156610215
11781,155.4781739007955,-43.788107289128085,1379.6640646997696,1658.2420997481815,6.550206290781032
11782,155.57603388347025,-43.8308547131949,1427.7172577373703,1658.2759150948318,1.3216509342527802
11783,155.78622510729656,-43.92175512321145,1530.5499500440549,1658.0244327209248,19.124932955366525
11785,156.1824745478884,-44.092255372190955,1723.6982102294135,1657.6147898973518,34.92373721239092
11786,156.20100078234503,-44.09947281644677,1732.5085797940858,1657.2338633453255,14.454110039054035
11787,156.24606217257173,-44.12014262997966,1754.7777757964864,1657.873310207741,1.4714368441634762
11790,153.9089252676846,-43.09482565076996,601.9356765753905,1659.1938707577694,73.60249058385716
11792,154.30442043244344,-43.27185596470956,799.460952110526,1659.1488916789585,12.651229173729195
11793,154.73769013993947,-43.463413095673054,1014.5148170023981,1658.6497612156945,132.44550262642377
11795,155.1620483057745,-43.652723010437235,1224.9360896874991,1659.7541623835127,52.0791584339747
11796,155.20157863354595,-43.66789106622105,1243.8125760276055,1658.66327724882,67.6668952964975
11797,155.24301251087724,-43.68735989781153,1264.589206254165,1659.3094648789606,5.615575226124515
11799,153.16737418917367,-42.76128901750239,229.62060861116487,1660.2044485723263,3.2465172274472653
11803,153.56328493587213,-42.94217536235089,429.45571607968964,1660.7830807264722,3.2518431991152923
11804,153.61082971839988,-42.96380079816198,453.3882528734475,1660.847525247022,6.112148883095051
11806,156.39423053213088,-44.189879098184115,1828.4156438352513,1660.9241155901007,4.354392511659505
11808,153.62215554776876,-42.97073790432199,459.60836847746054,1661.7516758481609,12.257586887723882
11809,153.87076771882064,-43.08686546929033,585.4886459960952,1663.7677918652862,72.90414757465108
11810,154.83276560451955,-43.51200150154148,1063.4616270939196,1661.9120857100152,5.41774836674277
11811,154.89726002428478,-43.540706890059184,1095.441322122266,1662.0248944291425,16.95518041326459
11814,156.65021553579564,-44.30178836011558,1953.0948310335277,1662.1176869490944,3.3566651178928586
11815,156.68221877541197,-44.31523584638316,1968.517146325378,1662.013677192535,66.6370522002627
11817,154.79754767749967,-43.49832033824449,1046.5551318238672,1662.852009431422,3.92645472529295
11818,156.0672738794783,-44.05331012601361,1670.5045922567724,1662.9853366082502,24.078976435301318
11820,156.46163285269324,-44.22333095268192,1862.3450605152852,1663.2093400725626,2.5675996989085337
11821,156.80292895216294,-44.36848616144234,2027.3244939826252,1662.9284412490738,3.4997531654177716
11822,152.85246893025928,-42.62481009102686,72.4841251744431,1663.8702277603625,5.272246117393094
11824,154.33897046872343,-43.296983865594065,819.452495267805,1663.9877578764704,5.030579031980543
11825,155.00833853773776,-43.59396121767002,1151.5535716759862,1664.1632240575286,6.207660447032609
11827,155.5564455421459,-43.833531149439644,1421.2082732639337,1663.8806783516363,4.344966487803261
11828,155.83854256889995,-43.95637638537517,1559.4095501381908,1663.9912472552376,2.834818372431605
11833,153.04423018231475,-42.71522301680462,170.3673844286932,1665.214458408465,86.47133087412652
11835,153.43929736541054,-42.89448320390816,369.5539979744739,1664.9814047799716,6.010960449432793
11836,155.92183581823676,-43.993910438458364,1600.5002801307342,1664.718505743357,2.538066027346653
11837,156.18191555660522,-44.106118210060366,1727.2572080807288,1664.6776439015878,3.787616719277799
11838,156.23792608612374,-44.130009455839016,1754.4455759486023,1664.56847486852,21.921187945261504
11839,156.29263154261807,-44.154241409535366,1781.231323013801,1664.9239194746735,38.95827530473639
11840,156.610617251327,-44.29187192936008,1935.809837022986,1665.623063351195,1.5968180105253515
11841,152.87733365418305,-42.6410274186499,86.51747722369703,1666.2644908710279,1.7079786183834194
11844,155.44484708662785,-43.788421572876835,1367.4167136897277,1665.6707292212213,37.313161265171445
11847,153.14914923966504,-42.76599243509509,224.2502968692402,1666.6600518919063,18.969122047601598
11850,154.63708889359634,-43.43576726935469,969.4178595328685,1667.0870628287455,40.046539830156235
11851,155.20854647090894,-43.687775631593055,1251.9458228746917,1667.065200323535,3.3052628952187217
11852,155.37647630339885,-43.761301784436554,1334.5839750068344,1667.0502540798163,17.978986681086226
11853,156.38326089438794,-44.19675888276353,1826.2192938534145,1666.7293855217301,34.18684921649122
11854,156.4293365065839,-44.21599558279555,1848.4346791231783,1666.4685320590593,1.9411592554087984
11855,152.90100245485561,-42.65500896216001,99.44042665339256,1667.8242685289413,11.129637683676455
11857,153.13407322860712,-42.76218279915224,217.53835868804032,1668.1792070450524,404.85999775127243
11858,153.229730386821,-42.80625252074099,265.97840779914435,1668.4306523286741,3.800788199810551
11860,156.05057720566322,-44.056625643548614,1665.235127563428,1668.2530004023479,3.9633538276374476
11861,153.0833936612728,-42.7409767416932,192.494293237766,1669.124134852777,4.155834564457683
11863,153.57041448176068,-42.961677662447485,437.788218506009,1668.8713862618729,2.339067132261039
11865,153.9163256337983,-43.11812817585947,611.4166772129898,1669.1301462980157,123.89662574343183
11866,154.0528184418795,-43.17902283937321,679.568015256629,1668.9498615756206,19.553077348557366
11867,154.39567349166447,-43.332499279433414,850.6071581859297,1669.0904763861884,1.386360239243478
11868,154.429408949973,-43.34666112007421,867.1452169963546,1668.6623801029862,3.3314190347159798
11870,153.97127699237416,-43.144505964855426,639.3995933478117,1669.9745986863913,35.93102597196875
11873,156.4109337977387,-44.21479740877211,1841.312353184232,1669.8213033242548,6.477109587491909
11874,156.53308403319215,-44.26735517889017,1900.5887483578279,1669.9459413485847,29.675851457603873
11878,153.5176070346324,-42.941853282502905,412.43020290579506,1670.8918089428912,3.8988971555102885
11880,154.92196456411102,-43.57074908013141,1113.0478503657532,1671.5742781199124,1.597177756239538
11882,153.77112505347472,-43.05884451144846,540.4399800793817,1672.1378326798076,5.532004100768827
11884,154.32188735728994,-43.304402630085406,815.2453112376886,1671.4759624595945,6.694474424976922
11886,154.3798902397908,-43.33051054884608,844.1927977289499,1671.6017372258923,93.09882704474748
11887,154.61099437896152,-43.43339802116343,959.0812287697449,1671.6745166706592,12.639840544109356
11889,156.28269114126257,-44.16340342700258,1780.0386017889118,1671.653220878544,1.100946450561948
11890,156.43539147676935,-44.23024037594905,1854.5121450193658,1672.3065712505208,1.387804889022502
11892,156.81046999887985,-44.390771276578455,2036.0504134029184,1672.49941575169,7.2575007555592155
11894,153.71000746084357,-43.033554893067574,510.44838455137136,1673.2618208768868,90.82857107950554
11895,155.08283805595477,-43.64460025990093,1193.3383298842325,1673.0739064131772,35.03775753462827
11897,156.31318751413957,-44.18006136083337,1795.8152290204864,1673.4338211798522,3.8944450644631656
11898,156.73085464360096,-44.35699860841486,1997.6459699977368,1672.5609959281705,2.5498046712605724
11899,152.9667540696242,-42.697799833528656,136.49437502947566,1674.1296064371077,4.799294473746032
11901,154.29928759383927,-43.29967312632689,805.5208470127379,1674.1408403239598,6.807082381313538
11902,154.83882740589598,-43.53895662356263,1073.3110218698123,1674.0197779383057,3.4473841758288537
11903,155.09884021455616,-43.653039406859754,1201.6251840718285,1673.774558690335,601.160526705569
11904,155.56376334230075,-43.85709850897559,1430.431924300472,1674.0658309783441,9.828847282369301
11906,156.37871544418144,-44.2107205084963,1828.3097407306802,1674.7017331615878,2.213533365701478
11907,156.64669001698175,-44.32309085763094,1957.4995647215933,1673.5547059594014,1.7660452276452916
11908,152.90741765624483,-42.67260590476709,107.03758115004898,1675.0946150635978,1.0425674805942746
11910,153.6189778714405,-42.99537331628026,465.60772205476377,1674.7076813367055,2.1502089616953435
11912,155.0688308994526,-43.64224338997473,1187.4934633760895,1674.9718015305707,2.758544497210196
11913,156.247261018223,-44.154996966776906,1764.6698702018289,1675.072060008135,1.514595506174252
11914,153.23999291361451,-42.825057335129735,275.31392268282235,1675.4473321874505,1.2886410840319389
11915,153.25968258001396,-42.834614505639166,285.4207586469515,1675.7462408624735,4.36647995684263
11916,153.6846227830097,-43.02765156180861,499.3262894296261,1676.019521844152,1.9015947033328506
11917,153.74869111571843,-43.056005836853686,531.3035877352039,1675.7521136213231,15.944162046561589
11918,154.04845571119532,-43.19116127171908,681.4486292366206,1675.962339358589,21.21405383765263
11922,155.86240487467748,-43.9912155588942,1577.7869638261568,1676.2458369388617,2.301783810250314
11924,156.02371191372404,-44.06090112044836,1656.4703785298568,1676.1993876298764,2.3265395206416883
11925,156.47845811373193,-44.25586865758675,1877.3231642282235,1675.9054346273306,19.784016644402072
11926,152.72465081654968,-42.5925193251536,15.501693593837278,1676.9237225501129,2.6103760590779466
11929,156.12012625643345,-44.10350626065553,1703.7096489183575,1676.7004977021113,1.5990240578513772
11930,156.2218596676042,-44.14763758649431,1753.289127132962,1676.8586142323504,4.643576320857895
11931,153.2075770416665,-42.81543084758793,260.46927579201605,1677.990156508814,5.041327566019908
11933,154.03378494987123,-43.18981149662316,675.6252838977233,1678.5627602569627,2.9960373360233183
11934,154.57178929357354,-43.42908420423555,943.33871231565,1678.1945562151743,7.08648723556813
11936,154.98602477144914,-43.61069765129076,1147.9937425853986,1677.4175059546824,117.69269399674585
11937,156.56517018251748,-44.296452973141626,1920.255436275669,1677.6550294355943,2.3806854416991383
11938,152.86761408988988,-42.66237391926827,89.25145206457532,1679.0561463635825,1.0674448595018613
11942,154.8385187133313,-43.548486020354865,1075.884650811825,1678.8399948226058,1.3131989115717306
11944,155.53793452283568,-43.856070655457785,1420.594559286689,1679.1777783907487,1.133984294167703
11946,153.0985040789086,-42.76943590264881,206.49617607463097,1679.8246900373993,160.6573251325453
11947,153.79879822326131,-43.08617366846706,558.6203041183326,1679.5280708815949,153.68879422197102
11948,154.48910512489363,-43.39593546038414,903.2958642138072,1679.979406600843,3.3951615240919897
11949,154.51743486141552,-43.40787498018572,917.1835002469686,1679.654713479614,5.6906673217485935
11950,154.5540425594159,-43.42455108789525,935.4797818252754,1679.8616963565555,12.902753382300926
11953,155.3845547707338,-43.79309390271068,1346.4071625484287,1681.1662860963002,2.0652957435758226
11954,156.18931872067216,-44.14249578158921,1739.871436876031,1681.29683088791,4.319001574716114
11955,153.82545927102746,-43.102589881377114,573.2545946384963,1681.722980555451,35.20765258698876
11956,154.3402303789458,-43.33357948877253,830.3817895099602,1681.9316571335257,4.554857051830726
11957,154.43711740289868,-43.37733914286497,878.7485645820285,1682.234205953309,4.048229184362298
11959,155.26295809055162,-43.741474069854384,1287.0625302227595,1681.965097616165,3.130040666015527
11961,155.4851812647856,-43.83903878603541,1396.3701045297153,1682.1633877548634,15.581244331575734
11964,153.7591088056666,-43.074535400983834,540.5419086812557,1682.6293206910639,12.627725632683125
11965,153.8078116824778,-43.097437522830155,565.2246315311334,1683.1104566698264,9.815080891131231
11966,154.03446704798105,-43.198873680808745,678.4894507095925,1682.9189525396512,2.7963233994961945
11967,154.10567377861594,-43.230881954443994,714.0754683739453,1682.9722675636808,8.754756687255702
11968,155.0655612215144,-43.65586360258255,1190.1010814385354,1682.486137882767,17.94963601785756
11969,156.3708960369331,-44.224801315160136,1829.2237516951845,1683.436621485074,2.6902573811827435
11972,156.71453975297726,-44.37062026416057,1995.264084449986,1682.879311726021,9.456633901236485
11973,152.96483787805155,-42.71692598059096,141.44812662995804,1684.0496825565124,19.97962068461074
11974,153.19656229432104,-42.82277257772734,258.54951619662427,1684.1218579317665,10.60791009594851
11975,153.30251743826392,-42.87188173979691,312.2409386321199,1684.5810756295286,3.7691372733418906
11976,153.9958466376156,-43.18323577667093,659.677774950084,1683.7555070653862,3.1632592535977198
11977,154.13143204893967,-43.2452239812761,727.7380406889012,1684.371777095397,3.717803944994814
11979,152.7821461061655,-42.63446076895255,49.290066641463966,1684.6353047755915,11.306277526061283
11981,152.92590384124938,-42.701688536783465,122.50985648245131,1685.321940547373,6.839712673067373
11982,153.2825609428861,-42.863723842298754,302.4520377800972,1685.0329698590672,8.192008717820526
11987,154.57963330795764,-43.44729737974525,951.4162487715882,1685.534970157582,398.9358081661881
11991,152.76467531287946,-42.62994448354685,41.47409179559476,1686.3686204387022,10.455946064111464
11992,153.56775905206396,-42.99485267889896,446.48080713194025,1685.95023429997,11.627494207778028
11995,154.63818422002703,-43.474226898673436,980.7308649907462,1686.0130336619336,1.7999414479148461
11996,155.12960298183768,-43.690517975070115,1223.499316584279,1685.733085171655,7.84154835538069
11999,156.07602727794097,-44.102580703799376,1687.1635020277615,1685.7570169215192,1.801340730370586
12000,156.44689095631543,-44.261250957476086,1867.1160203750069,1685.3769937054694,12.153005889094448
12001,152.82478054794723,-42.658571373103705,72.2523622909885,1686.8985874934037,3.5721882709313255
12002,153.18113738338357,-42.821649214157105,252.50456849406496,1687.0490939912684,3.8611281415891034
12003,153.47881540006816,-42.956578833154374,402.36053367746894,1686.92993973189,2.3272518018514194
12007,154.74542234054127,-43.52358814236437,1034.3969823423586,1686.9449721526664,3.185634489029533
12011,155.51353954778946,-43.86001844411588,1412.6658586577382,1686.4650937886524,38.387344343036176
12012,155.64924485009837,-43.92044538133031,1479.5300788604955,1687.1277005333723,26.500066261673847
12013,153.54216697715017,-42.98733979386369,434.80988470381965,1687.9673527220718,12.864594965321457
12014,153.7064619187577,-43.06222622957575,517.467614819401,1688.3066056620842,11.48181283472828
12015,155.39592854104635,-43.81229030844523,1355.9453945668756,1688.2712037141107,15.619655936763174
12017,153.39680677091283,-42.92379240014543,362.39138225694165,1689.1043491347132,2.6217761044898653
12018,155.24542306286696,-43.74773730475806,1282.322761082658,1688.9285707301374,2.112732262512782
12022,156.5012922462239,-44.29168591221884,1895.3918813464154,1688.9574205553035,33.26844598171733
12025,152.93250018052666,-42.71369282260273,128.51103346282488,1689.7783409575677,6.802194447876087
12027,152.98224193709328,-42.7378388665799,154.08635867249077,1690.4763291888662,1.6040181772005497
12029,153.41995673603606,-42.93619430047595,374.5971667033366,1690.050380639445,4.592685672144095
12030,153.58999937168207,-43.01348283346188,460.14988142855844,1690.2112012766383,5.233991399711369
12033,155.94261616082164,-44.052969245085045,1624.3362748833197,1689.76871031147,4.163203349935194
12034,156.1877845456587,-44.15917207046637,1743.8317878903717,1689.9768786772772,5.607940488323759
12035,156.4643017854543,-44.27928913321998,1878.4017542683275,1690.679229115185,4.756555986240387
12039,154.46407116402864,-43.40701394526876,897.1836144881306,1691.0422564186613,2.9610377080094903
12040,154.56759009802695,-43.45247230578784,948.4286685436463,1690.7764626042851,8.071870342100205
12041,155.87969080654295,-44.02781439106981,1594.2033471488894,1690.8075514845475,3.6742156483237403
12043,156.74923041798718,-44.4012425262567,2016.2446479586185,1690.8256037027522,49.73329094363637
12044,152.85428782013415,-42.682836972730335,90.38942220964503,1692.2266616265174,5.573201842916006
12045,153.06823949338477,-42.78016300020643,198.45164988545523,1691.9943365635213,2.3197596620255507
12047,154.47750008819588,-43.41556688315689,904.5898545202433,1692.3281470608779,462.34379581584517
12048,154.50187508447303,-43.42556482389354,916.4571816084839,1691.9114437980568,7.833189514372175
12049,154.653050212195,-43.492001794783484,991.2717028688811,1691.5874458380354,434.79738813714624
12051,154.54408378506324,-43.44522623838464,937.6702105767446,1692.3655085002931,550.5290197031728
12052,155.69080577305996,-43.94940376627519,1502.8709609820614,1692.5709468965856,4.285669226086826
12053,155.76861351434482,-43.98340819999295,1540.9779103338785,1692.6792212008086,4.5617141918683455
12054,155.84495217597853,-44.01728713335435,1578.4833230226361,1693.068181493239,8.641828139613322
12056,153.66566111262955,-43.05406496625896,499.98543126100594,1693.3976485140117,3.0331818582928363
12059,154.8670216087882,-43.59116094122257,1098.46263171342,1693.844714539952,1.8919961490743233
12060,155.1923796791928,-43.735093447758786,1259.1778434199703,1694.2271200194737,2.455672075211869
12061,155.65808121999544,-43.93785477957434,1487.5952997132986,1693.9087765052363,3.589328955009279
12062,155.9814189950973,-44.07793785481621,1645.4932860341426,1693.8676507759365,12.617459604355176
12063,156.21273386238244,-44.17805422406759,1758.168580477124,1694.0548106964807,2.414830309564921
12064,153.11156571179552,-42.80592871968161,222.10275061262152,1694.9747117686666,30.67804580277601
12066,154.1305101352086,-43.26637415289824,733.4754709254804,1695.101018863441,71.68587594575375
12067,156.02820293443472,-44.099319294168254,1668.6084630460493,1694.454365528676,2.220974739087021
12068,156.13380842888333,-44.14593571715672,1720.3027978651803,1694.987863216449,1.3151960583269333
12069,156.23304116106794,-44.1888334738087,1768.5894428144118,1695.0782266156755,16.188607198781142
12070,156.69416936441647,-44.38730910474322,1992.209343278102,1695.6012998417966,68.64145696058654
12071,153.53985118064807,-43.001817598386886,438.1773521014283,1695.679001890112,2.318176875031742
12072,154.4510934007548,-43.41138838338148,893.6269769300364,1696.0955457172772,6.6565768720825425
12073,154.74751229313975,-43.54230621960053,1040.4620363788395,1695.8146789516622,12.64224167502438
12074,154.93475718535328,-43.6242420079795,1132.8315961441754,1695.4424528492132,2.7849584175388715
12075,155.01343478104909,-43.65929568704492,1171.7802288638695,1695.6410102696059,12.046192737642858
12077,156.11971612515154,-44.1409979131996,1713.7561409686539,1695.5560597847757,7.758559892166465
12078,153.16334987276352,-42.833273504691796,249.34073604779888,1696.835742165473,37.98122734027797
12080,154.22275888464722,-43.311283724482415,780.5112404932646,1696.9270879592332,3.077388902794937
12082,155.51671407417248,-43.88090182655736,1419.6187819086795,1696.2073829156275,3.0379610835329087
12084,152.80028475078393,-42.67012507547375,66.61348382535735,1698.1900160263654,3.152320486563509
12086,154.60540600646252,-43.48301682872859,971.0943285887455,1697.6352139747714,10.942947826646048
12088,155.4917873258409,-43.87401955006154,1408.5006488820477,1698.1996669386594,4.817001535870685
12093,154.57149412173598,-43.47231455693417,955.5094083816299,1699.798636036416,3.3852643899154025
12094,156.014420239133,-44.1020388598504,1664.2598575126933,1698.793058564909,1.8661635790339977
12095,156.4349936220641,-44.283297296534286,1868.6642983657114,1698.9762286236373,6.384489332273398
12096,156.7416936270278,-44.41558842105458,2017.2945559130378,1699.629212381872,28.30446003243542
12098,153.36830396395536,-42.932642756244235,354.42953623560146,1699.9172042467767,9.996996976539075
12100,154.46544785291394,-43.42664806501373,903.2857681463462,1700.5159844933721,3.765903207573036
12102,155.39569591106581,-43.83538953571966,1362.2732138930585,1699.8584840442213,32.376620852762215
12105,153.06382585906525,-42.796154499753854,201.53994630606942,1700.924966336793,12.524092742973096
12106,153.33328994509586,-42.919650367803754,337.6565605736536,1701.3557524156042,2.0830677688869184
12107,153.57145177863705,-43.02738346372046,457.334553180843,1701.2805924486124,39.73645158222265
12108,154.3723160889307,-43.38639854033034,857.3482720559347,1701.1117990558284,2.692127111136799
12109,154.41281265032475,-43.40460235662401,877.5273023818024,1701.1979794746658,4.398621156926212
12112,155.5439835094887,-43.90226529847149,1435.6058313860299,1700.9425960527583,5.76641412016205
12114,156.18388300013973,-44.178573243044625,1747.657401313239,1700.5303014965375,7.439503663436787
12115,156.35578580798025,-44.25331072233995,1831.344246040435,1700.9642837224596,30.522272992284577
12117,153.18916656479658,-42.85546170336602,265.4343997394853,1702.0128607038446,10.03032029356152
12119,154.72038293042945,-43.54290172967183,1030.5946342377142,1702.0940987103866,478.76472992611235
12122,155.951615856119,-44.08069672434732,1635.2392852467078,1701.6926928749167,2.8384844723502067
12123,152.7783326041282,-42.67020724783153,58.50973373941769,1703.2183838382116,1.7624191470093995
12124,154.13540027301173,-43.284468725693465,740.484935416453,1703.0152600140887,21.957763829088968
12125,154.53378065081506,-43.46121859140986,938.4040926308546,1702.6110691540073,3.3331666171247343
12126,154.5825096470342,-43.48233897298387,962.4311911018366,1702.3575936434709,5.966238680792919
12128,155.74576473526017,-43.994145333499546,1535.4868295595843,1703.004981376352,10.400045682529246
12129,156.2052718894211,-44.19274846902005,1759.399380906994,1703.0186473779943,19.535070988877955
12132,153.13131373307667,-42.833671083011694,237.5963130811729,1704.272452047047,228.79511802128303
12133,153.4569129589659,-42.981039411217225,401.40158273473423,1704.002808219658,29.0099976765693
12136,154.84121828411566,-43.59973434488127,1091.3348788472476,1703.798899489962,1.4561936559920086
12137,154.85199145486126,-43.60489710694656,1096.7742261917078,1704.0016336911317,2.4195791021504562
12138,155.1999554158014,-43.757988711131134,1268.3710748313263,1703.9958728742838,57.64882396549822
12139,155.4932284919978,-43.885941369141015,1412.334107655869,1703.8411290700333,4.261049983096662
12141,153.03979509365,-42.79271449320351,191.62674678661693,1704.6569002773185,5.006431965300238
12142,155.28982401032917,-43.80023057083437,1313.3660057976908,1705.4248670494069,7.398813246923024
12143,155.4574142561725,-43.872121417157985,1395.27178039203,1704.7428081327364,61.817759950773706
12144,155.555845992765,-43.91460822311469,1443.4009247082276,1704.5272485957073,0.5953614954268178
12146,156.3944748731499,-44.27732123346386,1852.1015766695741,1704.6803628422022,2.2801262123329242
12147,152.7189765552786,-42.64933197040347,30.322358987234164,1706.3674509628138,3.237287619592318
12148,153.07020574248347,-42.80951646852279,207.8476332647878,1706.1087854945551,1.9416862020621266
12149,153.4249751315624,-42.970863428654475,386.6025232891961,1706.1346884957104,1.5515710997398118
12150,153.5860928980872,-43.043876691481145,467.56199843343484,1706.1863188464101,5.652552819856937
12152,154.33921669592144,-43.38114567249252,843.6013601595627,1705.8382911512244,1.7687329341125726
12153,154.4495120928632,-43.430047863056814,898.3586170060591,1705.7381239319232,2.379665078169507
12154,154.89806757972713,-43.63044307476279,1121.0075599861289,1706.6020987578377,678.9340524483644
12155,154.9161191671618,-43.6366883474491,1129.4397371284301,1705.7469942175348,12.887696866920136
12156,156.0052886515757,-44.11189959190471,1663.5779488282017,1705.6996650934968,2.298930858685638
12157,153.34678838501006,-42.93653857184289,347.60650377345564,1706.6972769044023,28.158746080394415
12159,154.47865409200827,-43.444533224215874,913.2643787364245,1706.499147391916,30.703617655707188
12160,154.7831824105915,-43.58001364207903,1064.3087213189597,1706.7485232399283,3.8400083443571784
12161,155.2531639937214,-43.787440029751714,1296.253367173936,1707.0546662016652,1.5014819612036294
12162,155.30867206110855,-43.81113587351667,1323.3676219663453,1706.750318838498,4.115074235330175
12163,155.89207524603793,-44.06534516281342,1609.05361428479,1706.89697613702,2.3600316144637015
12165,156.0449065683761,-44.13290901450125,1683.932753423995,1707.6537698100863,4.7745212415019465
12166,156.4147078194956,-44.29148816614762,1863.386656229505,1707.4331462416476,8.707153313306655
12168,152.79845861473626,-42.68920472930059,71.6089111225396,1708.0605789724593,3.7294864540814943
12170,154.3141366618859,-43.37437279527477,832.3868965989462,1708.03180007633,5.699034444671235
12171,155.16618976581503,-43.75212521021528,1254.2524785969065,1708.4619179299427,253.41139938678745
12172,156.62994922804853,-44.383434114031914,1967.4854143234218,1707.3887127195374,4.656871762994165
12173,153.658634552693,-43.08282573879534,505.75049925818274,1709.2626413923174,6.591897116417366
12174,154.8011239134635,-43.592902502181815,1074.581412552185,1709.2211237573238,2.5077482096181676
12175,154.85371643512735,-43.6157140123645,1100.460500492739,1709.0149064202608,4.271096058259218
12176,155.3990092137225,-43.856333003691475,1369.3116177093136,1709.5943379044263,1.755232804261223
12179,153.18412960209727,-42.8684621752942,267.39718165249445,1709.600272286261,7.397316727776766
12180,153.4701986766145,-42.99900713006708,411.5719694834821,1709.9368669027592,6.34344390902706
12181,153.97966579180977,-43.22869769413157,666.8020094153525,1709.9755563756237,3.094302106243488
12182,154.11548076661862,-43.28878511276391,734.3548165287787,1709.5964011212598,110.36555570193946
12183,154.4913341013129,-43.45767030379033,921.6938047266623,1710.2350239944496,5.362658900996401
12184,155.86074084196417,-44.057326448700245,1595.2875588469924,1709.6710405611534,4.541252641875952
12185,155.8994786079298,-44.07442203465961,1614.2713133067189,1709.834087428598,2.7595845468804865
12186,152.8083809434765,-42.69968717723684,78.39709975365558,1711.0018573665795,36.408054992855675
12187,153.09740674684153,-42.832034117317,224.56233352740566,1711.1253008821352,18.203253741014816
12188,153.41534286257067,-42.97748813050007,384.9762282627389,1711.5908024550015,3.516746996139381
12189,153.63816065725516,-43.076023346339866,496.19445820397175,1710.4737667128597,3.462757808445762
12190,153.99408455054436,-43.23638562954362,674.3542291472996,1710.5825575573188,12.614094594943213
12192,154.1967515789055,-43.32816435053385,775.7284211118613,1711.108911673321,98.89449478489041
12193,154.38789199015784,-43.412538095137016,870.5720668328454,1710.6725218727524,6.856071281170104
12194,154.56101176789528,-43.49003651857505,956.665540442244,1710.9440279507808,3.482005612303758
12195,155.4208316315972,-43.86815606828078,1380.6551736510698,1710.7385548383684,19.332458241119806
12196,155.68630493128046,-43.982796972331386,1510.4024776141807,1710.239664349199,20.758386283354373
12198,155.9112783410658,-44.083693450226384,1621.1642870636363,1711.9175147071878,6.078941635008888
12199,156.01826192452535,-44.1292006567557,1673.0861871097636,1711.5525726834098,6.1392269442420195
12201,156.3137265125031,-44.254075292986094,1816.0306945171553,1710.386591218334,503.66193080388445
12204,153.04629490270872,-42.81130194873788,199.5243916004884,1712.4038206501864,51.69145421231003
12205,153.23992469882648,-42.89790640033001,296.71046820934805,1711.6157609750328,8.192412745764077
12207,155.29426508661325,-43.81472229248955,1319.0418116789763,1711.6886653793113,4.903167785297364
12211,153.48713007534639,-43.01194049062087,421.6173218132101,1712.5527210522873,5.58744039881181
12215,155.07630049560115,-43.7220429435395,1212.6141826476453,1713.1491325901254,2.3973870051179538
12216,155.5263507560713,-43.91769198993248,1433.356902168324,1712.4881502085536,5.577587220976339
12223,153.3955846292138,-42.973198304632845,376.40840679354085,1713.9074362771137,4.718356015330063
12225,154.42231617130878,-43.434387061662626,889.5360661167903,1713.9224988394833,4.012062414889398
12226,154.60798157156728,-43.516823576773135,981.6384870357743,1713.9087637477692,4.157492586066947
12227,154.71761484351214,-43.5644934603241,1035.6780752248628,1713.4649240578779,20.96124115181829
12228,154.98777055277498,-43.68441511734501,1169.3418129804904,1713.805372076606,28.354113777682073
12229,155.97904213242242,-44.11798468684063,1655.5493784027126,1714.4154817449626,4.544958057542626
12231,154.02568529633746,-43.25882884995231,692.5140828755286,1714.698005231563,12.111777002023185
12232,154.67131713332364,-43.54574297015001,1013.2535842534428,1714.3341142103607,3.1362727137159254
12234,155.2575297995664,-43.8053172780399,1302.8487365904598,1715.0232837269712,2.754203530956772
12235,155.40126701254863,-43.8671728798995,1373.1543377338128,1714.5147003882528,22.260133626666597
12236,155.86084356684034,-44.06772778084978,1598.1746982447187,1714.8499159056762,5.005723908128264
12237,156.608642697342,-44.38968115957634,1961.3025335885372,1715.0771764522606,4.751973058174535
12238,156.7292776021972,-44.440974195927005,2019.4944678340098,1715.0088025785633,3.3897170797637637
12240,153.6017509275405,-43.06992635618632,480.9463728805173,1715.611581297881,12.162173126295155
12241,153.83447342036732,-43.17362545097571,597.1665084785167,1715.0189273350504,8.45571444301287
12243,155.67314902361466,-43.989440353980996,1507.3733095804253,1716.4168024715286,1.3201670897829016
12253,153.64200843478315,-43.09286188278013,502.5182428712447,1717.9755228245706,7.471303336209251
12254,154.3728197060161,-43.42106796705447,867.4322938012606,1718.2598650823406,8.606979761506473
12256,154.69963036320758,-43.56549722826954,1029.3130269371663,1717.9310802682162,2.189061645339303
12257,155.767913547846,-44.03296095833359,1554.3310916936164,1717.604382300343,32.23652081654637
12259,156.12107953860865,-44.18531807239231,1726.31018185952,1717.4427967418785,7.885528598105094
12262,153.15142028923893,-42.87278691225493,256.5659977471952,1719.1325709239925,3.0386043955158653
12263,153.55366856144676,-43.05525362030672,458.8801477720872,1719.1147992947606,2.904617546889183
12268,156.3613706809669,-44.29255094771001,1843.9991596804712,1719.4166088874529,10.40727011671319
12271,152.88065855356663,-42.751326658630035,120.47583613222054,1720.1915208355501,9.524408525720409
12272,153.73366930845592,-43.13795116909536,549.5319364715194,1719.8411119207415,4.614983529236551
12273,154.02137677827005,-43.26763187033607,693.4565795745174,1720.0359150845188,4.238643307270426
12274,154.2158885737135,-43.354278887243645,790.2944769315674,1719.8492232999708,6.183175894310489
12275,155.08211245684353,-43.7382740939315,1219.3070671512232,1719.9718161662508,3.627820044747488
12276,155.12483098335088,-43.75710071269722,1240.3591506983867,1720.0027544662696,271.488169620307
12277,155.37140434142464,-43.864678945531175,1361.4308155549359,1719.7844894168654,2.0973538480799245
12278,155.5668685891431,-43.950336915496194,1457.3435966365325,1719.97865220233,25.820390747346995
12279,156.20639475106233,-44.22615240454033,1768.8729011484397,1719.497993600087,1.7767514875617985
12280,156.53488784689264,-44.367444484635655,1928.1452637255006,1719.7200300795157,2.221087583531516
12282,153.11116293859402,-42.85756165592044,237.1828489403023,1720.676541530504,2.4916173997607642
12283,153.79623259012226,-43.16838696259366,581.5024775873425,1720.9658344962456,12.908560055855604
12284,154.43496719499595,-43.45517954296358,900.1405297208742,1721.4727019696923,804.9845357688623
12285,154.47908949513408,-43.47256277968175,921.4043173620933,1720.360782797794,8.755821292906276
12286,155.83099035624878,-44.06776393130064,1587.1646764853424,1721.3330766886431,9.44142872502085
12287,156.15458545674363,-44.20708804785711,1744.5869630108243,1721.1153519174065,22.861228968300228
12288,156.54721320766666,-44.3743417869191,1934.5410405215132,1720.536737355806,12.106096061353854
12289,156.70177438845724,-44.44121604242947,2009.4221055053872,1721.002633230522,8.470763659547835
12292,155.3953111623682,-43.87970649234255,1374.432861475796,1722.0720130669922,9.372035124073651
12294,155.8863334636604,-44.0928743884168,1614.4685183875438,1721.9063823686754,698.6102715680948
12295,156.55767187185847,-44.382250848562876,1940.519228630651,1722.2606627721304,2.419898350629647
12297,153.22833935431848,-42.91514069983859,297.4905726775455,1722.780063210068,112.899416826267
12298,153.62281325529315,-43.09571638437065,496.24811059217785,1723.697043711205,2.759156221121223
12300,154.06662827610504,-43.29315615952552,717.5416097675554,1722.6476341924817,9.97943439609166
12301,154.72534318776388,-43.58639347626867,1044.7279019760142,1722.6740648529208,2.3313583150502466
12302,155.62533006873454,-43.98066072260168,1487.2978781205238,1722.417933771598,3.0648204990024714
12304,152.9436554528831,-42.78814238126485,154.69451343974976,1724.1598652742537,412.26864888901287
12305,155.01318917494032,-43.715738484260314,1187.5253072216608,1723.8476470234002,18.83737405333372
12306,155.83879501162113,-44.07616435288772,1592.347635349362,1723.8425803656326,43.63862206502035
12308,156.00513849119412,-44.14839284157277,1673.4769266462934,1723.987861635023,2.1636454471346487
12309,156.29737609763646,-44.27471412491931,1815.579861724808,1724.235121511983,2.2905292395470287
12311,153.02398360408557,-42.82651626569747,195.76401600442532,1724.996223091073,2.5661256588819312
12313,153.468299034327,-43.02794527481926,419.3266758275362,1724.7311965863944,3.950015472958791
12314,153.57828279039353,-43.07812952340528,474.6544583164841,1724.950828183944,3.3704967387317124
12315,153.8419468789269,-43.19646895098407,606.5439987738661,1724.7019274712509,20.29894285724326
12316,154.09963121376995,-43.31276563842831,735.3861403616542,1725.0525047432282,28.148757781051735
12317,154.1820640397311,-43.35026851427939,776.6368414878776,1725.371369566263,453.5993166188087
12319,156.13792226855733,-44.20697496618531,1738.4093485203284,1724.6495169368434,84.67673713464701
12321,152.67370074010356,-42.66828422421521,19.214303948289785,1726.0536927861906,1.8107197711316976
12322,153.14128177767458,-42.88194955048455,255.51472241721547,1725.9671267367362,14.237578271666074
12326,155.6417879182204,-43.99462907204484,1497.2241768982751,1725.821286854216,6.334770926722557
12327,156.6358813793282,-44.42270078202685,1980.1865964860544,1725.800944389608,64.19341846056379
12329,153.52147485835147,-43.05659163832033,447.36150907515605,1727.007359951279,85.41336882724832
12331,153.79511619623386,-43.18011479521125,584.4882410698383,1727.0433188907264,19.02647393722064
12332,155.15102594460248,-43.7822988809043,1257.0800687612302,1726.8375578196874,2.161817724328238
12333,155.44319932847728,-43.910440284957765,1400.6405671285402,1726.9776324085847,1.9223419521988634
12334,155.63024448200187,-43.99288281683673,1492.4817471769495,1727.456601092588,1.3407776896377854
12335,156.32514052365073,-44.29193497275806,1830.4725727688137,1726.8904298149741,12.324368564798956
12336,156.37431269763297,-44.313493939683404,1854.422913777071,1727.125262669617,1.9321315323036938
12337,156.53941861089274,-44.38368535658893,1934.1760731159695,1726.8869652257035,2.52727358994858
12339,152.64645893201725,-42.65910606955986,6.4000656483118625,1727.7058296995908,9.20998628325371
12341,153.613562328491,-43.10028759866557,494.15726803902237,1728.041693230539,6.063587460798302
12343,155.0618661050456,-43.744662832593185,1213.6161541172416,1727.5969725264329,56.75519432146106
12345,155.6948712835472,-44.02192138681001,1524.333684160942,1727.93243157288,2.681945617262999
12346,156.15368209356245,-44.21957483403883,1747.6444810610683,1727.5587561468917,63.64803922170766
12349,154.0132536109744,-43.28249388499627,694.7347021583147,1729.236279495755,6.091306970141864
12351,156.06718845806333,-44.184883914019636,1706.3105905183916,1728.848299619695,3.2201821892065166
12352,156.39688368914798,-44.32628404093906,1866.1933969013703,1728.6857729798103,1.9425741161514214
12355,153.54095677917948,-43.0709286961277,458.74979403735585,1729.7519715762949,2.3396423520506975
12357,153.77986642271452,-43.178828244505716,578.4759642417488,1729.814408078623,3.2892095054981536
12359,154.78754380452853,-43.62846510486575,1079.5980829113216,1729.9362655451705,18.16069870207402
12360,155.80332814736667,-44.07313010477496,1578.4273782209511,1730.0079678416155,6.830428337209139
12361,156.33840773044273,-44.30375520455739,1838.5569216238853,1729.9586420423839,1.59984843964085
12362,156.60904630610605,-44.4199401557322,1969.558531025982,1730.1547947766653,7.467958601663697
12364,153.3478622709657,-42.98557175263285,362.37863274323365,1730.7906415219659,4.001592154694879
12367,152.69475408484337,-42.69056302446326,33.64093439746403,1732.3004177881717,2.2798778939679276
12368,152.88243237199453,-42.77594861390626,128.4341654136956,1731.9918018916298,45.41196197272895
12369,153.90918951087056,-43.24159207802869,644.4577073432141,1732.1115405719738,10.211694197027473
12371,154.04999171241167,-43.304052135905515,714.5260130362306,1731.7711673442457,10.37630750330727
12372,154.0695371992108,-43.31346318955416,724.4600576044277,1732.0986303639222,19.988707140638766
12373,154.4241921221514,-43.47054767709881,900.5370428975688,1731.5094461867359,0.4318733750970193
12376,155.2619929588536,-43.841114509399056,1314.469944501889,1731.9135288843715,19.985759954100693
12377,155.3176277850434,-43.865544626247754,1341.8118562644804,1731.954229924854,6.009769316218126
12379,155.74568465574353,-44.05202485444772,1551.3630866388494,1731.9530479120917,347.06329079623714
12380,155.9675727445218,-44.147921522812226,1659.4895682507502,1731.86715694081,9.146997170253606
12382,156.67142330241487,-44.44957313929985,2000.472086841284,1731.6739919076965,2.488267286771194
12389,156.07368256637278,-44.19544254356885,1711.579639116668,1732.7296052899985,3.0423651252868606
12390,156.36587608947707,-44.32133437242919,1853.4281116818745,1732.8623296189476,40.04497982014611
12392,153.01847634433466,-42.84262332785404,198.487116084929,1734.227804305896,25.501955886218568
12393,153.57611427238393,-43.09683916960677,479.30465124258615,1734.7281065019492,9.177487204867244
12394,153.76093402342124,-43.17837663845266,571.3445828023918,1733.824729319393,26.155609914245456
12395,154.91230942457344,-43.691520003915436,1143.4551167811876,1733.922609035416,7.414498985079074
12399,156.74164116137317,-44.48421190908961,2035.5903203002695,1734.0463194795736,6.373574405529211
12400,153.4174273168455,-43.02575954137334,399.8731632945606,1735.0827551231562,5.151815899177937
12401,156.50746576930905,-44.38702142626633,1923.2965080687643,1735.4002370661017,2.0695577905981293
12403,152.62854264978037,-42.66719430046921,2.1864603054545255,1735.7883621248998,1.0488964040434507
12404,154.7375109201422,-43.61820321358246,1058.2152028290527,1735.8423833496688,3.1230108748943444
12405,155.10382945719437,-43.77933047686365,1238.8192724096837,1735.6923994452025,11.838992320519804
12406,155.92469124582075,-44.135565733909864,1640.2969346075545,1734.9565596293066,12.675184839155051
12407,156.7032901620473,-44.4717588888077,2018.1399907565046,1735.9887334839552,3.971117162830563
12410,153.87951353398864,-43.23811259520248,632.4809825290948,1737.006876622124,6.359659605162465
12411,155.44806898926876,-43.931402981741606,1408.2469879401478,1736.3837063709284,12.365442601065181
12412,155.61886458621993,-44.00763630820716,1492.3492180286535,1737.299628354223,4.478397468152363
12414,156.46405901238722,-44.371212834945375,1903.0516734223659,1736.7812423123798,3.5078335940401644
12415,152.88337017608572,-42.78822240684036,132.42049519152505,1737.8614957880188,3.129749483571362
12416,152.93086578905647,-42.810375968276105,156.5483413951046,1738.077288824947,506.1165314580982
12417,153.53174603979537,-43.08404993461134,459.1713510304078,1738.3341346932552,50.3107869759743
12420,154.62659419645905,-43.5731536428515,1004.4899278909355,1737.8582688709241,2.7679538919031432
12421,154.87952937656053,-43.68495491295788,1129.5002735743155,1737.8541051604839,68.93848779209192
12424,154.54115681052437,-43.537312480234235,962.7554505999102,1738.8768686248459,18.92374397568409
12425,154.7711622606205,-43.64035585985433,1076.9026060236433,1739.468431048652,165.32338392128702
12426,155.20525288176307,-43.83010047016094,1290.4502847263298,1738.8211745534807,4.996125208415258
12427,155.8030398007409,-44.09059784256242,1583.111945237164,1738.8016181451642,2.203648551446973
12428,156.40542683745335,-44.35030891391864,1875.817659327849,1738.8836675784717,3.929047661540644
12430,153.70037433516225,-43.16311310569026,544.525643420903,1739.7947461011,10.574673381712039
12432,155.15719004596843,-43.81133039229598,1267.4667170145424,1739.9714034236215,1.7102681135395108
12433,156.1360143763866,-44.23598887111686,1745.5872179200262,1739.578190067415,16.43119288190832
12436,152.79134831141485,-42.753908894573655,88.20902111722224,1741.7344474143565,19.694864694159875
12438,153.6322831656347,-43.138105085528025,512.0856930075128,1742.6258899681086,2.5969779079662176
12439,154.00035240862368,-43.30240347949702,695.7027416049679,1742.009676904804,1.534515719628926
12440,155.0772931076401,-43.78151666191248,1229.6328657470297,1742.596296510219,2.171892078200826
12441,155.90983478333908,-44.142452072064124,1636.6999935116144,1741.6118358698438,85.6384422841275
12442,156.60678034281554,-44.441742786217084,1974.5639570047206,1741.563961998877,8.838260145130029
12444,153.98026286558655,-43.29545674822248,686.2758703029024,1743.0335671921257,5.100799494446958
12445,155.62524455278893,-44.02095418047628,1498.3745789976563,1742.56659228386,77.83057702980494
12446,156.14390282328966,-44.24626709984662,1751.2865325615057,1743.0213427282022,22.62039269198163
12447,154.21337421156193,-43.40165278142865,802.9421747233449,1743.9759866320687,2.294895498915621
12448,154.58969131304633,-43.56856900803684,989.557779934634,1743.7209135645264,2.690968170933775
12449,154.77563623143539,-43.652255270719266,1081.9138548362419,1744.4125034284202,9.245181371712981
12451,155.56220499302043,-43.996589713404106,1468.3955770940543,1744.0959953559409,6.267814688015302
12452,155.9698886118209,-44.17310803447522,1667.218273369526,1743.962141527724,1.8538622494255046
12455,156.73380573613363,-44.500122327818346,2036.9498386478692,1743.6931429132824,8.269921967124162
12456,154.26608173750176,-43.42718856423194,829.7285429354929,1744.9785391067983,3.4873613762735127
12457,154.94034920642684,-43.724971223078896,1163.213632536569,1744.4394107647993,2.8906960263740213
12459,156.56105819985055,-44.42894512305749,1954.2935660395606,1744.9302223568611,2.3965585130627756
12465,156.66793319958427,-44.476397355647904,2006.3582603610448,1745.8624418662794,4.009298116652463
12466,152.933369029999,-42.829298730759135,163.07758242597234,1746.8881268374876,0.5755130713016285
12467,153.66577751488055,-43.161716023322796,531.3318979622364,1746.8476292487478,307.42008757758924
12468,154.4542870497269,-43.51430443126222,924.1209269421929,1746.6300336052818,270.2492362183707
12469,152.86422270582102,-42.799459137463586,128.67375974365055,1747.7699504497932,11.680180692130445
12471,154.91378278748715,-43.71977277863527,1151.943869824048,1747.6823414955873,2.0741258642899263
12475,155.68117560328582,-44.05772006529006,1529.131123888828,1748.7913877744616,9.821668594166784
12478,152.61490465229963,-42.687917097236706,3.3279794826351123,1749.1525490811946,24.497936381845708
12479,153.03110557802623,-42.87878121539445,213.83963387186122,1749.2954739523911,2.849903324858892
12483,153.2004749315098,-42.957040143736265,299.50865133023063,1749.8482021235482,4.5312258389447635
12485,153.8108348992982,-43.23485375495383,606.1555349556368,1750.7272800753199,2.243821963281823
12487,154.50149084155288,-43.54125419561344,949.223447016481,1749.6064050868292,6.097963612931902
12488,155.02808625062502,-43.7753241233424,1209.7335039624593,1750.2930769854977,150.87588622381404
12489,155.12212673153422,-43.81583760444834,1255.7830271050543,1749.8941649007713,1.4030742106915504
12490,155.44878930735706,-43.96010644473367,1416.4641922531582,1750.5574624716294,3.7275975575939064
12492,156.43606446360187,-44.38501126332865,1896.4512060966451,1749.691253449159,3.9925893503942964
12493,152.79335757431295,-42.773697053641285,94.83178123267142,1751.0807744007386,1.4268219942485922
12494,152.99620754001657,-42.8658547333301,197.12084397588714,1750.7815220177786,1.9230049818055466
12495,153.2429411957325,-42.97849923439991,321.5123742878386,1750.9164369395692,41.73221709891366
12496,153.2849652377248,-42.997816613647345,342.71644968675685,1751.029514633896,3.3076713764536447
12498,154.99633159615584,-43.76143602871106,1194.1182168071555,1750.3323030353856,1.5574655413241123
12499,155.07368651953274,-43.797131096666334,1232.6722043552986,1751.173227014368,6.878678332744207
12500,155.27000170099546,-43.88221855150057,1328.8718051598003,1750.6749781890946,7.31202953143976
12501,155.6238927185171,-44.03748479759169,1502.4321086211942,1751.117467921312,7.811887719846899
12503,156.13268129378,-44.25855048323506,1750.4863603591875,1751.5836533496833,5.231486574027764
12505,156.61032507108064,-44.46198072007036,1981.2892387068143,1750.9459158269183,1.20767684122451
12506,153.2545796084603,-42.98503452971226,327.73358393669685,1751.5349964744753,4.513399750392443
12507,154.0407039890176,-43.340745167099854,721.6552266255297,1752.0829330021213,4.2451059001373
12508,155.65610906786458,-44.053581798014086,1518.7476448568855,1752.1637967681377,2.902127593794524
12509,155.77944268587478,-44.106361794970006,1578.73370541575,1751.7914509458087,6.079787039609163
12510,156.49129103297753,-44.41312827362066,1924.3530046668432,1751.9400501980042,12.567386600423594
12512,156.57292317013074,-44.448978292077314,1964.0343983580865,1752.4280084102738,4.2621405488891275
12514,152.8870254077023,-42.820305536981074,143.2834898205639,1752.9303152003408,2.122849861428044
12516,154.09809940552714,-43.36747659367907,750.5463702376948,1752.600526144543,17.45568444381025
12517,154.23201178069206,-43.42815750066669,817.420019914901,1753.0219113082858,16.587467016653296
12520,155.73246300538102,-44.08939013534754,1556.751839342423,1753.491320624879,737.9506463034551
12522,156.15746015799422,-44.271648093034045,1763.1728343155028,1752.8001736473336,27.48211610771055
12523,153.67767189566712,-43.18105421593515,541.3472930299242,1753.7877993553432,7.176490554846628
12524,154.44131647868122,-43.524408639661225,922.2075312118083,1754.5289594200622,4.652359967417388
12525,154.523241413827,-43.559925524325955,962.5628038071947,1754.09440481999,69.76461213831082
12526,155.35520393798365,-43.92597411336266,1372.473278323502,1753.9152613917365,35.32028682375878
12528,156.69305786979754,-44.50238245012572,2022.551769072328,1753.520329173526,6.856798286371437
12529,153.14007284078096,-42.94011059347978,272.20254046554714,1755.0817562954173,2.1872671042054748
12531,155.5381131854574,-44.00730369153446,1462.4678862248002,1754.6847104806554,2.4950050548627782
12532,156.20872230928805,-44.2969698105679,1788.9266255200978,1754.437665578788,12.843583821214333
12533,156.6266427426891,-44.47687497347147,1991.2838824497533,1754.921196863192,7.152580150621116
12535,153.03974196185985,-42.89691449082149,222.38691847620495,1756.331166728315,2.222170767400116
12536,153.17129808086838,-42.95576100604972,288.3494924997178,1755.7954253585938,5.663517700232321
12537,153.6491854601869,-43.17309401066228,528.5086161975206,1756.2137127535307,11.102925149634375
12540,156.31193368693542,-44.343576109471584,1839.5565035617972,1755.5786803356705,9.53825057362334
12541,152.91219370619075,-42.83960659127153,158.3041292923312,1756.7917347638572,8.706499741597595
12542,152.9789836677676,-42.870775467139154,192.21047123441824,1757.117139330092,3.2350403860629724
12546,155.5175194479487,-44.00280971803962,1453.6311174997797,1756.9193636210632,12.136012700733115
12549,156.4219311138469,-44.392458730686435,1893.2509654843411,1756.449701943682,12.305054697895383
12551,154.06533772100866,-43.363212012781666,737.2188730368558,1757.769114266963,3.2743887535799887
12552,154.72064317174795,-43.655336335093935,1062.4798046961273,1758.0569606217423,13.567754982881144
12553,154.7963575303271,-43.68621629591966,1099.1459685356638,1756.7730725919323,4.021789350002904
12555,155.4372099630123,-43.971134677854714,1415.247974229504,1758.5844698761357,10.877371586715784
12556,155.79577566392615,-44.1267053367895,1590.335246934004,1758.4202314206407,135.4783888241449
12557,156.13155930083244,-44.270912993444185,1753.4302232174696,1758.0096021463128,64.9323083933786
12558,156.37285618464097,-44.374300958374086,1870.286346724801,1757.882533120072,58.10601638564295
12560,156.45727976472676,-44.4104585868776,1911.1111643272022,1757.887595164546,2.2024176676217566
12561,156.5859719663668,-44.465220867013905,1973.1913825657791,1757.7745144069904,2.4458125921604243
12562,152.6548737777353,-42.72626841737538,29.538384375042735,1759.0490572727863,6.4806891322722535
12563,153.5584253504769,-43.13712025340173,484.5053545256233,1758.6942837110573,3.4642894350833027
12567,154.76616860747615,-43.677407546069,1085.51759121191,1759.0277041216111,2.432934648714575
12569,155.93330217638774,-44.187374057551914,1657.6267235574471,1758.9984111464562,10.908607522028582
12570,156.06592779511345,-44.24489548812909,1722.1775994364627,1759.137939023872,4.9473314156389305
12571,152.79753738218017,-42.79338140752012,102.22448143723868,1759.8824819626732,3.6359046156047197
12572,152.8474857659571,-42.816205458194766,127.45609831618494,1759.8606469605584,5.303136645403315
12573,153.01750203140512,-42.89425638716994,213.383951985551,1760.0418280320814,13.241508169818522
12576,154.8903712779512,-43.734314807264255,1147.391851616567,1760.072485962885,2.867107501185492
12577,155.69833411083187,-44.08886233745071,1544.0241820747744,1760.6272843845438,1.8409274570841128
12579,153.0881770424363,-42.928267833071004,249.53627006614022,1760.9282415509297,3.666793564080651
12580,154.07381321552262,-43.37373100814773,743.3741138433825,1761.1127480814644,10.890005869990906
12581,154.27569824512463,-43.46448555135437,843.9501589174845,1761.399302114397,1.7542613682938637
12582,155.10906053886157,-43.83153577167909,1255.3501199933671,1760.5832562786445,3.5701822168400543
12584,156.53138165825177,-44.448596664521546,1948.6383409593427,1761.1223896274973,56.228004337781094
12587,153.32716262870375,-43.0392767188827,370.4697792957024,1762.095380082612,26.68175938109427
12588,153.50924780586132,-43.12110375824935,461.66734670870466,1761.7768519084848,3.031537636019812
12589,153.78239060613822,-43.2442710597918,598.3751347914066,1761.761521484538,3.8006076679991443
12590,153.8184956885674,-43.26169687144861,616.7571667180948,1762.3511847666798,3.0022238094159412
12593,156.1686395478753,-44.29402874973428,1773.3635442157201,1761.590405028831,37.46500313180556
12596,152.82231557172423,-42.80974265178418,116.23820601763866,1762.366249605716,4.047620953955391
12599,155.52537402214463,-44.01788472259185,1460.6937116090787,1762.7380458516918,6.026403651407667
12602,156.13955579133997,-44.28553435773741,1760.3458167083943,1763.6016366039717,14.971377463211882
12603,156.4313621350375,-44.4084480411756,1901.0277986364933,1762.4339007370422,1.7644551357783107
12604,152.6741396766062,-42.74554576804374,42.40174593043906,1764.2139114345173,29.8458569924352
12606,154.65059619886338,-43.636392189020754,1031.266477837527,1764.0580058918722,1.7855072784559074
12608,155.2492459712906,-43.90002023114486,1326.1713094058264,1764.0894508706795,13.152588300138945
12609,153.13251405714064,-42.956663362839336,274.2856424715864,1764.99448552828,8.677187447815937
12610,153.27923657444623,-43.023801397732,348.2261610772378,1765.2083450335338,7.389219747169207
12611,153.92308994000135,-43.314216138732824,670.5667885923789,1765.102788382394,8.850636771469535
12614,156.2373189211388,-44.330379292582016,1808.5077800212564,1765.005315529627,11.956108826952418
12615,156.36748963669447,-44.38603933816037,1871.4754245609263,1764.9096894520587,7.084193789082614
12617,153.02788403973537,-42.91124719601755,222.23850465915473,1766.1154600880825,23.477643261478136
12619,154.6709056214158,-43.64910498012861,1042.360102271969,1765.9119202585543,1.8149732032844301
12620,155.55602814646204,-44.03772925658951,1477.4760521810329,1765.9826907609822,3.2223772891268188
12622,155.38487261311803,-43.96451779701053,1394.1134852124255,1766.68327946682,1.8789040930118859
12623,155.4529678452907,-43.994626974144275,1427.5648968376056,1766.8800943709819,387.3498733043996
12624,155.88928843423182,-44.184608908768965,1640.652729749577,1767.1276320001627,20.92197993070877
12625,156.12192828365187,-44.284641892996035,1753.610948733654,1766.950866194071,2.87595229503183
12627,152.78379761502796,-42.80373090640561,100.22320730216177,1768.1254596328151,1.9960646208248638
12629,154.2648054038238,-43.472901940677765,842.3359019090707,1768.001526778234,9.850852312262338
12631,155.06214207353264,-43.825016799132705,1236.2181990882061,1767.6063094779047,2.4838685152176154
12632,155.10415166604616,-43.84349562805417,1256.8831422620322,1767.6215554935345,1.484629369782293
12633,155.14613014257128,-43.86216091563486,1277.5818303642582,1767.7438721969636,3.79258005391543
12635,156.5944777072476,-44.48813256109635,1982.4592939694414,1767.4333370639442,494.18052214771916
12639,154.052431655749,-43.38041703395661,737.4019291794023,1769.1936551927604,35.80696483399185
12641,154.20782388200288,-43.449620326898604,814.6359792154956,1769.0656310331121,5.740376971665612
12642,154.36678372009527,-43.51969829969139,893.3477451925277,1768.6817800958358,7.49842481672717
12643,154.39647057800389,-43.53447450130897,908.5188636029529,1769.4617762031262,96.07428625899885
12644,155.5204721044194,-44.02845208948115,1461.8066149845163,1769.0798338745208,2.3167624776230666
12645,156.0333615842668,-44.251423123076435,1711.9574333346104,1769.4239210637322,14.68259701680301
12646,156.30120906099742,-44.36513175613894,1841.4302871518305,1768.6696636564525,51.97960195936357
12647,156.64075195302192,-44.51119790907378,2005.6586968189765,1769.1029399492968,2.761824075231972
12648,156.70492971179686,-44.53826953206028,2036.50251697398,1768.9699886068536,4.58114404715848
12650,153.2440746793198,-43.017481300372566,333.3829621135128,1769.9937817671855,13.181589468551243
12651,153.88785167382002,-43.30875408354168,655.9775572168573,1770.2478585484964,4.249717780756929
12653,154.42782204707618,-43.54978104022123,924.4513871741365,1770.1411918388576,3.07141278878092
12654,155.53766745747342,-44.03704790964702,1470.5197297339446,1769.633109253253,2.9484090666970606
12655,155.60647507163753,-44.067838642143926,1504.3768478118973,1770.0592922328333,8.418172285271776
12658,152.59310583399144,-42.7224305898188,5.574740033225234,1771.1974993723518,6.428250374823128
12660,154.3423732914126,-43.51297530942901,882.4192641388776,1770.7430856493124,33.328199481579745
12661,154.8130890155949,-43.7211609892153,1115.1723515255842,1770.5026902325717,19.70847437978278
12665,154.7419199286445,-43.692079750870484,1080.7115072415559,1771.67352068912,3.136680368127127
12667,155.67070150823483,-44.09877892700556,1536.5671885194724,1771.573539204905,7.665641045110331
12669,153.40749984583266,-43.09707673053934,417.06792807954145,1772.7031330879392,6.05790669754503
12670,153.64308967114613,-43.203569795771536,535.1180370170614,1772.7100137574719,9.601285009124629
12672,154.89160307380516,-43.76124293357709,1155.419906244169,1773.2206661846647,26.22725239534079
12675,155.63935590853168,-44.089181160863674,1522.3744914602191,1773.5803578007378,4.671709986373279
12677,156.18994662151908,-44.32555334634378,1789.7574382840328,1772.7767012930888,2.629656050105372
12678,156.42018772910515,-44.42413269564632,1901.1363089031959,1772.6806489799505,4.034523774424117
12680,153.02068610495152,-42.923839670245734,223.29917532794093,1773.9830013766896,2.0632688578920306
12682,153.8450130692281,-43.296577720024224,636.6415881054586,1773.7576518458363,4.94237360195783
12683,154.00936211229828,-43.370342900199,718.6022919713918,1773.7726119541492,2.3967163668320643
12684,154.24604897769285,-43.476556948591266,836.4583464369657,1773.9795429201604,6.862970739955668
12686,154.54454403955737,-43.60900464687672,984.3653495392363,1773.8208115813113,64.1449179617905
12687,154.62422465887946,-43.64377913507015,1023.6268559651824,1773.5509093357684,36.770224056185306
12688,155.32989037245886,-43.95517468476459,1371.2485952391182,1774.006719522884,1.4403962914429793
12689,155.85131789813667,-44.18070865485869,1625.5970533308425,1773.3878916955819,215.97121948964946
12690,153.22738680168374,-43.01926626980777,327.7444319449539,1774.6386942638753,207.76414310103178
12691,153.43140727297433,-43.11200966902607,430.2626286682868,1774.7406328661127,15.687937957044493
12693,153.67552244673487,-43.223939742823035,553.012632481295,1775.5634549522142,3.118342190857198
12694,154.44115946383505,-43.565275335656594,933.7852894469269,1774.901435021886,1.5818394255869337
12695,154.57754471143224,-43.62603709724098,1001.3748001936542,1775.0152177392579,6.423994576934234
12697,155.22539955228152,-43.91121393701862,1320.4957522322857,1774.8814106331433,1.6876107461660526
12701,154.1452239268501,-43.43693103320207,787.891278142657,1776.6572199164902,709.9316515127374
12702,154.52781368333746,-43.606503307186834,977.4820713521029,1776.2700010510084,12.423894978168159
12705,155.06366969425568,-43.84224672719832,1241.6041585383277,1775.861671381428,1.6879803828662976
12710,156.2455919335574,-44.355501070839225,1818.352181325204,1775.7966994832136,43.72764535129172
12711,156.3740805767124,-44.41091500186948,1880.6076790483141,1775.9473556568075,3.7819404662994947
12712,156.56636832506467,-44.493167065926166,1973.4658087323435,1775.962386892287,3.0963375182400075
12713,152.88188253171086,-42.86678228930898,155.15941364520367,1777.1200471338168,10.806186550108595
12714,152.92826793751246,-42.88724768621058,178.35009737089035,1776.7558016527892,33.63021525876785
12716,156.45564052986296,-44.44677426664619,1920.2738103479169,1776.421353694088,6.141417282362263
12717,152.57762222169168,-42.73005192029525,2.1320018965529934,1778.4922787557887,6.282749178171716
12719,152.73491208717928,-42.80100641661536,81.35859741185548,1777.8700109637055,3.271967542433091
12722,154.22483947693738,-43.475727271339366,828.3934041849399,1778.2721068110568,6.69763796337769
12723,154.47191754788767,-43.58452839442542,950.6130310081763,1777.6822825580452,10.492776004301254
12724,154.5876185354076,-43.63558856759039,1007.8001007684254,1777.5473204826767,3.025287693335623
12725,155.7665541389279,-44.151805563633864,1586.45190777757,1777.288805678538,4.7109890854572365
12728,152.9380165023174,-42.895665435368805,184.44145576136492,1778.719798389974,14.41149573499309
12730,154.4033533042882,-43.556794739798214,917.4200108124078,1779.0442049827352,4.69093487199123
12732,155.23267391846474,-43.92254782144131,1326.3348667782939,1778.9456640227327,4.109168671010382
12734,152.6278846030593,-42.756093748707016,28.462207997167653,1779.9496223094764,3.700868432548642
12735,153.09953330213173,-42.97180546293713,266.5672661440137,1779.9444889006654,22.283753197080365
12740,156.61544935151662,-44.522328958377045,1999.3286396642168,1780.0816596180514,8.468854336424467
12741,153.61634934083514,-43.20829113763689,526.618898471922,1781.0415593283299,102.50919083942826
12742,153.8386111889676,-43.30726667613236,637.3699252918509,1780.4959337726953,4.632948463874571
12745,155.7937070419708,-44.17217760802986,1602.0400429291133,1781.5885438460102,13.898299307183683
12747,152.82339159091828,-42.84924607054949,128.36135084293616,1781.6874506906563,2.2905192245385058
12748,153.16612466838788,-43.00636342706627,301.33056509825315,1782.0504175024944,3.862096181693002
12749,153.6372991004057,-43.2186866344663,537.375400512029,1781.510869345431,6.449367896546619
12751,154.19253136911232,-43.46865558963627,814.4458717110876,1781.925390355037,178.36338249780158
12752,154.7453543938488,-43.713238679660215,1087.9525278540098,1781.455793894267,2.158245131741627
12753,155.3274109617844,-43.96976480715691,1374.3877237359457,1781.8265597277432,1.8236971582276227
12754,155.55631862375523,-44.06912831230431,1486.2501355563581,1781.5963817731958,169.4356096643384
12755,155.84341299090278,-44.194159996314895,1626.367319545578,1781.818932609847,37.419420386888895
12756,155.88334297466824,-44.21214205984319,1645.99089801177,1782.1729267877326,4.278009942031441
12757,156.34087698851047,-44.4089156495272,1867.8502375467592,1782.067607781457,3.3317026900336404
12759,156.5121993149953,-44.48210210553457,1950.5717798632593,1782.0042546388136,4.588078324250724
12762,153.9845499333746,-43.37683150408497,711.3133579699255,1782.5215916892764,4.0572393116769945
12763,154.01017246942772,-43.38919973604933,724.3312512349534,1782.9632961009595,10.939606492778807
12764,154.33448037181452,-43.53344175315439,885.3489646434674,1782.6722471822961,4.684746796478682
12765,154.52198996306385,-43.61709458853908,978.3417142139791,1782.8274001659734,4.891500152291006
12766,155.4938262004471,-44.04513369112083,1456.5976116317458,1783.201017230802,59.014774580587456
12767,155.9473819775551,-44.242743933453326,1677.92951464584,1783.6355956988073,1225.843517938207
12769,156.09894934352974,-44.30683971363539,1751.1799721354896,1783.0006844154916,3.6788763084831593
12770,152.80956410899466,-42.84688484122331,122.55538608908164,1783.652623658608,1.9314687229559373
12771,153.03287602448128,-42.95003548015302,235.53578459322318,1784.2091906938065,3.67991784410685
12772,153.36335219664076,-43.09927440140726,401.41133475725286,1783.715776207555,2.667720283171387
12775,155.7201818123573,-44.145044653142925,1567.5150928204575,1783.9555728564887,140.8792586263667
12776,155.9148865279636,-44.229035725784364,1662.2224485111565,1783.8008678848942,4.334203453385625
12778,156.5968773701256,-44.52255226157147,1992.5582570695203,1784.159999213686,5.85099329165636
12780,154.24929805994765,-43.49942672733932,844.2012254118969,1784.6321454019974,13.254575017425557
12781,154.88656222464957,-43.78314611005679,1159.720312968351,1785.2407241852102,3.4655639983427817
12782,154.9653881231427,-43.81744661794519,1198.4170554547034,1785.0366781442733,17.359394658945526
12783,154.9927866385082,-43.82987695216075,1212.0043455794566,1785.2249368007413,6.994537763952978
12784,155.23232294882652,-43.93445775850438,1329.5227230955954,1784.9623666892196,6.908071819146443
12786,152.90635927086294,-42.8951513996318,172.60142625666907,1785.6300024304521,12.633309833204994
12787,153.13597201073065,-43.00001563793851,288.330799765217,1785.7042779505935,4.220255185693081
12788,153.78969783767167,-43.29711808549449,616.3806445300984,1786.3758262438957,3.2044834952396695
12789,156.19694605470838,-44.35526059397388,1800.3832130948754,1786.1317030360133,6.46619320422754
12790,156.3654225404618,-44.42833877463672,1882.118449166329,1786.5239522680445,21.554308360614296
12792,152.94798175110103,-42.91729001227544,194.51932400729137,1787.1778413794768,3.1174689022062383
12795,154.2273866446648,-43.49377055485173,834.4988478317421,1786.6791468977592,7.341947239601547
12796,154.62294632234045,-43.66948054566766,1030.4353755146099,1786.628252125029,109.53943432258005
12797,154.67973701047518,-43.69507934688208,1058.6229561123382,1786.8589701530802,3.085414713372883
12798,155.27641607708037,-43.95721643638241,1352.1067649445822,1786.689437486345,3.0068725055082384
12800,156.1531435422285,-44.337276984502616,1779.3890556165734,1786.5572780067573,1.7905689985383175
12802,152.8923025975426,-42.89291027037952,166.7486694481531,1787.7020998236446,2.6013606205636934
12805,155.17611134825134,-43.915398993092204,1303.4941617188783,1787.7368471451457,3.027948381250067
12806,155.5447284177453,-44.07841015718124,1484.5424388368592,1788.7478609715317,6.370208848927566
12807,156.08328414536663,-44.310161347018926,1746.3167802285175,1788.0352225561892,1.1833028108524284
12811,152.9733600329768,-42.933204699429,208.59374361957842,1789.3222514744643,117.79754637305163
12813,153.32613766855476,-43.09246353542809,385.6800901189803,1788.705755865456,4.821595070357067
12814,153.37095831611418,-43.11264718565854,408.13369267866744,1788.63881721104,1.552872854502172
12815,153.38275337532335,-43.119544548300006,414.50549737889173,1789.409116357762,5.158034054132502
12818,153.9546844391519,-43.376972079010535,700.3336385782769,1789.2427079815766,2.7712932171110407
12820,154.66306056575834,-43.69177790918429,1051.5397101686083,1788.8886552655322,11.740884266728255
12822,155.50591546112574,-44.0634174373001,1466.1050319684032,1789.6986008725232,3.5767407909758426
12823,152.78448235335506,-42.84901197303067,113.92836242009426,1790.3926710026642,10.256134053836941
12824,153.8078500698789,-43.312571100393136,627.5526440504177,1789.9967257450953,4.641604368595381
12825,154.08678102227705,-43.43686420656637,766.3070014866987,1789.6110371120028,1.688296903938931
12828,155.73180938355105,-44.16190233446601,1576.426689249897,1789.856644415109,1.9833822867333069
12829,155.77350852424053,-44.17907150609535,1596.4920856262183,1789.404031142384,649.6262692540804
12830,155.87025563989727,-44.22316218656735,1644.185658653919,1790.5078619396047,7.667944283545301
12834,154.200150035001,-43.49015351803719,823.41575846269,1790.9232065789465,1.5629458055728718
12835,154.70513577334853,-43.71445277238836,1073.4647635254917,1790.9124272238967,28.468152191413512
12836,154.82815197202996,-43.768913874420875,1134.1808942579328,1790.9795404505587,1.2174846960206929
12837,155.1922583457776,-43.92921801206571,1313.2981796529969,1791.0995522789592,4.258845361830076
12839,155.97561740809599,-44.27034397222158,1695.8517050059115,1791.337546910529,3.6917064758061264
12841,152.89733895019702,-42.9036753731126,171.7965717321718,1791.8938191247164,2.5805473911121664
12842,153.5448221333082,-43.19714067137844,496.9736755192224,1791.5328776181416,4.88358890828648
12844,154.72064273815795,-43.72280477340928,1081.5415650374605,1791.6578094630552,1.6337996282945335
12845,155.04840415889709,-43.86699502968516,1242.9034233968803,1791.540736700802,1314.805977019302
12847,155.524211664441,-44.075942322121065,1476.304244668458,1791.973709981944,1.4187967105608046
12848,155.95340664197423,-44.261108413343,1685.1580581939747,1791.5139199980754,2.2211948966992034
12849,156.23030865452048,-44.3814543973748,1819.7504946481183,1792.0638799484454,9.359635914182812
12852,154.58119685288995,-43.662840700329895,1013.1585828340372,1792.5291494129785,1.9605482125800868
12853,154.87678651706042,-43.794380708616025,1159.2759128232133,1792.9838514815547,10.492221917272719
12855,154.9770393491897,-43.84006400740959,1209.0565309838332,1793.7530876776023,1.2645240419939465
12856,155.27519121568596,-43.970663279896925,1355.3956724549762,1793.6635764760617,13.072360513486613
12857,155.30129505119908,-43.98275673530781,1368.3747352413277,1794.00200066612,40.104245005518486
12858,156.0938611099521,-44.326791587637324,1754.7280059142354,1794.0727196680136,4.356191775891286
12860,156.50677305360546,-44.50329467890477,1954.264100957469,1793.775186389697,9.695120771217363
12861,154.39556054502077,-43.58536123192589,922.6854937977228,1794.979551831513,3.322866393957527
12863,154.52863569357493,-43.64433813008033,988.5289871137875,1794.918267616362,858.1916539471409
12866,156.26201054681036,-44.4002452030832,1836.4945790034221,1794.6548208434917,22.007015898895038
12867,156.30209244000517,-44.41811057564678,1856.0640076412446,1794.9892033539797,12.942239564577594
12869,153.15302528166256,-43.02755267118245,302.7312607133869,1795.507002782549,138.40141683921576
12870,153.17589233754308,-43.0388089754431,314.48112276645014,1795.9313700251098,8.483819815509424
12872,155.5975473635626,-44.11615851894598,1514.406079324706,1796.1233337029375,2.240317783117135
12873,156.32827345807254,-44.43058499917781,1869.0599279081653,1795.6140324569917,25.363499869430793
12874,152.92024075123172,-42.92486246788132,186.52196763192825,1797.2046480569084,21.45487644854316
12875,154.73039599842727,-43.73862976884156,1089.6060427189343,1797.3913001761773,28.114504485691345
12876,154.82518961836178,-43.78041074268781,1136.326753806193,1797.3567637286421,3.9196068166995164
12881,152.82255455730376,-42.881548802142824,137.6385833514562,1797.8730428529745,17.093226375939036
12882,155.95520246228818,-44.27442666398905,1689.4519481849002,1797.7825536376445,38.583525064969294
12884,156.48475887590433,-44.50140323762967,1945.6626560176855,1797.5369485080291,4.711651847012319
12886,156.63980607806732,-44.56874668219285,2020.6972044149616,1798.1302856125096,2.8762901517139694
12887,152.61995442522456,-42.79003709391178,35.65762204711261,1798.550988847067,2.1401374960547814
12889,153.92522147512398,-43.383610230717835,691.3795168034379,1799.1037470535648,50.91590597659891
12890,154.73859096535148,-43.74534726060496,1094.5230666025016,1798.9331792337323,5.1881090908749234
12892,152.63569731037398,-42.80122407178601,44.80184200341661,1800.5094936789421,19.980060548407735
12895,154.00246237816614,-43.41927362972371,730.1458692901281,1799.6225664557642,15.07045952929307
12896,154.33335889249395,-43.566959968164326,894.5024099073311,1799.5914888148302,424.41546042048446
12898,155.66052917824328,-44.15183736848604,1547.4174133863526,1800.2756704006856,7.436763759937337
12899,155.8366481249792,-44.227370239816324,1632.966731891177,1799.8740770088816,1.6929324374884251
12901,155.90685006982008,-44.258227594984916,1667.237799303262,1800.1242283611361,4.276230308651801
12902,156.091625067355,-44.33686883437983,1756.6430493979312,1799.5925184990774,4.312994994785074
12903,156.61495683284772,-44.561522211685094,2009.6329422191363,1799.8154684876597,5.349118773361696
12905,152.57338067056583,-42.77330355717461,13.480064837339501,1800.8595216501324,3.581518545015861
12906,152.78159790250024,-42.868049161662086,118.51857380511795,1800.472007453291,9.387090855188248
12907,153.07814699743923,-43.0051265992294,268.49709160613264,1801.2843431787358,2.23518812012607
12908,154.1159430959982,-43.474295923103384,787.8126097310197,1801.7348976947649,3.7786081138142507
12910,155.55934298134966,-44.10898850761997,1498.362678117919,1800.837408738087,33.927695425128675
12913,153.17510366615076,-43.0503241811353,317.577045295681,1801.8165809392872,6.021106310193747
12914,155.48658954701222,-44.07939947370572,1463.405238476793,1801.875826788986,10.20338239742163
12918,153.22918918637404,-43.07747029399771,345.50842377154476,1803.0887237444867,14.743517670789867
12919,153.3448815350119,-43.12962296591889,403.4820411799322,1802.918530198779,2.1194296590245307
12920,155.9657220956033,-44.28907841358418,1697.3181844578412,1802.8354117065824,7.910887465462872
12921,156.17395738047654,-44.378861201468794,1798.3205753823268,1802.8772379670754,18.238443534089413
12922,156.19924178645513,-44.38888327929643,1810.3343144554221,1802.4546999797824,14.46367241040327
12923,156.58861688523754,-44.55661678776184,1998.6403523906042,1802.9824276353997,3.7483120996299104
12924,152.6689207232711,-42.822686162408594,63.45443419726199,1803.5840872561778,416.3480338503057
12925,152.6902422045861,-42.8334432931861,74.52344398788925,1804.0669950507686,60.002322930889655
12927,154.8666393956033,-43.81039967919027,1160.041825098525,1803.1909508778813,60.054066568934594
12928,155.05939886311722,-43.897255605273045,1255.4226993886948,1804.2159046308504,5.4831358000265356
12930,156.56511252400784,-44.54883200281648,1987.918199173932,1804.104381174543,3.6345073726913912
12931,154.37221635621307,-43.5958356933466,917.0641317054459,1805.3533570536868,16.19776075107147
12932,155.1666087066276,-43.9456156963531,1308.421667356634,1804.8787654476848,2.4686247671514687
12933,155.27724416797457,-43.99408938689899,1362.6666867997812,1804.8990132547826,7.348851844713059
12935,155.75351122151864,-44.20106455267397,1595.1632785826275,1804.7171859919533,4.012841748934877
12937,156.42378823072963,-44.49042821214949,1920.2996924735958,1805.0919231993566,4.652855901486895
12938,152.90091604040103,-42.93346884032673,181.94029303282977,1805.8394680534543,1.9847282147545264
12939,154.39315173955416,-43.604976708292895,927.3863859199148,1805.2692802642773,4.669747082037619
12940,155.10483588450725,-43.92089220191724,1278.7677244281026,1806.0565562126633,5.371206051807977
12942,155.90107424181008,-44.26754585289917,1667.657833842889,1806.027276303956,8.631224916780004
12945,156.66952803528935,-44.59599797312516,2038.8990404596186,1805.4385239682774,1.2697039882906256
12946,153.0474918681131,-43.00243773752105,256.3952684383667,1806.871874219642,2.1677071847521185
12948,153.6820792416183,-43.29059433482148,574.7882567938567,1807.1849291351316,5.424753594268257
12950,154.1656674897492,-43.508303618012384,815.9008470579593,1807.597502130229,10.186965807988782
12951,154.2485940852294,-43.54438260596795,856.8015775466638,1807.1411737467722,2.5462032659130074
12952,154.51640982270305,-43.66355174981943,989.4777092345482,1807.1774056089014,7.891330676351319
12953,154.55039466901312,-43.678412368848825,1006.2203612018998,1807.072945524552,5.936917025962487
12954,154.60793229503906,-43.70418390192014,1034.7299485459303,1807.2114243752173,4.052664333847524
12955,155.00789419317252,-43.880155400133845,1231.6629722915904,1806.9702226455481,20.075816282648493
12957,156.64654327091418,-44.59041508761066,2028.9634408200636,1807.5444677429855,4.199885055417479
12958,152.81756706060958,-42.89870304759644,140.88876249966083,1807.4964123106865,1.5379918751993562
12960,155.38050664326047,-44.046709126762146,1415.2984826016705,1808.643219127045,158.03407496423236
12961,155.5824196688088,-44.13220196536356,1513.2590330755813,1807.4150073757005,6.740541213951876
12965,156.05087744952618,-44.33610620914792,1741.4477034561644,1807.9855279013839,879.9759705486221
12966,156.6037088648797,-44.573492346277966,2008.701816351947,1808.21024965182,1.6744087590074404
12967,152.79739902096142,-42.89237485813812,131.57128033629644,1808.9332382127454,3.2567952307777195
12968,153.65282575458133,-43.28048634324116,561.064993017785,1808.7102498208508,2.889407452444035
12970,155.4276870933794,-44.068253506692926,1438.6363464564613,1809.123323238275,9.614768279068524
12972,156.35294676340416,-44.466809551524705,1887.9003252162156,1808.448393497299,1.7295545461101607
12973,152.61886465634123,-42.813472813441926,42.24402439448026,1810.3951312866598,3.009651062155476
12974,152.9584023563724,-42.9665827476665,212.9437768107769,1809.2375692112564,1.7564726320983028
12976,154.0834716519658,-43.47661596061141,776.50679398613,1810.1015275188292,91.20049873697214
12977,154.11374495891684,-43.48899414636274,791.2211127379885,1809.5277469378377,2.442461509527189
12978,154.83310560157665,-43.80839815260843,1147.123807207934,1809.5568245196262,12.75219196792854
12981,156.13953355609647,-44.37813811794494,1785.4656441731033,1809.9174766410097,2.1606554200853747
12983,152.64792513496502,-42.828702557466535,57.50196048347089,1811.3294122020275,6.145992372488555
12986,155.21694931340565,-43.979915217799686,1336.5198719578261,1810.9861799447328,132.61355416373976
12988,155.69941713072328,-44.18934069859064,1572.0392736731505,1810.5747863212666,2.178726124142238
12989,156.51249813045303,-44.54130862719434,1966.5679464220443,1811.5805580671686,16.734339609809616
12990,152.6641590958641,-42.83734684910101,66.0645360537132,1811.9204616231193,2.0937932981974736
12991,153.11536493925271,-43.04307294686493,293.40760853280005,1811.690172990199,37.567689242461135
12992,153.15877300589725,-43.06302417476769,315.2891531656252,1811.7908495812046,1.4100141875090098
12993,153.6118516818884,-43.26784042806018,542.2802005296561,1811.6023340459265,16.463052255305634
12995,154.35597596391804,-43.59971689513381,912.1847922667766,1810.87647033953,544.2739954959975
12997,153.33499516940304,-43.14525821391624,404.4147631494004,1812.89310064905,6.469197347192661
12998,153.6873966497823,-43.30320435211174,580.4093920110922,1812.254834799197,3.7939331381836383
12999,153.8587372125783,-43.38185844416526,666.3579951193134,1813.0510387443132,40.89259434957672
13000,154.49038762378441,-43.66228907315611,979.5294571797833,1812.2933898595334,22.402591555400015
13002,155.19831889916603,-43.97545535675287,1328.4178460403814,1812.829568337214,6.2457967499311655
13003,155.894936901316,-44.27896791648629,1668.5201832618266,1813.0590114963964,10.036258081482762
13005,156.11357393714187,-44.3738413023998,1774.7548698272606,1813.3531173136084,7.759057567569944
13009,152.59085748012347,-42.80851456209893,30.43574605922332,1814.3067585372864,458.6079302149642
13010,152.8881087129244,-42.944003808924556,180.33649659516527,1813.9542297711182,1.8929090272771936
13011,153.7418623673999,-43.33036359664131,608.3677302257465,1813.5653812881,9.830873198604824
13012,153.9420126699479,-43.41994545881823,708.050455149971,1813.4118531667477,327.2733162307915
13014,154.77409794493246,-43.79266345451826,1120.9543786916704,1814.6851417724592,2.0861190988462446
13015,155.81870869482745,-44.24919643941834,1632.3406767851438,1814.6545444550216,37.769643667612975
13016,155.97171452213712,-44.31397744068543,1706.3098227863363,1813.985839763677,8.236245607209039
13017,156.1706058872351,-44.39847491608447,1802.4031770193667,1813.4053637151987,11.053644200638534
13018,152.8104227411643,-42.909368464472216,141.4186754149974,1814.3950163188565,1.180577726321319
13019,153.10100734206011,-43.04395362492829,288.3723072326786,1815.364507309273,7.406890885747394
13021,153.97047192365042,-43.436153495813166,723.2123464130639,1815.1271723555585,3.765224195506012
13023,155.3415505307982,-44.04184921789974,1399.6098617701223,1814.7023125218107,42.91033083973043
13025,156.65778898947983,-44.60995328626939,2038.313428500359,1814.930322910102,6.070167286931531
13026,152.61230755387476,-42.82232952907939,42.46676754009101,1816.267034648426,10.58968294255257
13029,153.72298564861805,-43.325759286374876,600.0737159398009,1815.4965095238847,10.244219597827145
13031,155.74123402815238,-44.2184407020618,1595.4131543403794,1816.0516377524652,237.6762593620091
13032,156.15649564609097,-44.39689064580304,1796.786602051634,1815.6462787851096,4.097530759861562
13035,153.57952431608578,-43.26297052572168,528.9442591576585,1816.4224003608333,54.934916613339325
13036,154.73132578133627,-43.779277611027986,1101.4237059083555,1817.4242079989474,3.1145796027525647
13039,155.23829580767566,-44.00148257678989,1350.3833124101866,1817.0811405892948,2.9926545594265495
13041,154.17068780236335,-43.53147619924105,824.392512549943,1818.0007128863786,129.6454307285902
13043,155.5300565506531,-44.130714018398784,1493.5787074550228,1818.0393191986723,9.149400685469113
13044,156.22816882144812,-44.43179306684718,1832.582466142855,1817.7001839824634,127.4982331249937
13045,156.38474768737024,-44.498799415146195,1908.2049465019659,1817.6404503190317,30.35131619901348
13047,152.55638499790777,-42.801958658421746,15.766985030501655,1818.9005593756426,32.62134593330951
13048,152.9023345583635,-42.961022827543005,190.6220895075858,1819.1628270901845,244.8556305312712
13051,153.82571180413566,-43.379594779871724,653.5297701520407,1819.2913472954124,2.0570259223010017
13052,153.94005220896057,-43.43039704074132,710.3411562437766,1819.0392900309218,3.9603396449481494
13053,155.03867439717064,-43.918022639193616,1253.6014440723197,1819.100057794297,1.233048233214597
13054,155.30553455578297,-44.034631559192526,1384.3494866808135,1818.949440794207,2.701085699307339
13055,155.90281937325707,-44.29421732917446,1675.5839345252016,1818.975810281961,24.713232091165978
13056,155.9338901373865,-44.30687990811191,1690.4653327867543,1818.597391346256,13.152533135496654
13057,152.78202916871174,-42.90731834912351,130.34005043856013,1819.8134557608305,21.251648533461477
13058,153.10783938945323,-43.05524921537341,294.21889960424187,1819.4201601723107,13.617426126717877
13060,153.245408651645,-43.11902160022223,363.69009735302006,1820.0336132726145,1.9476403609540982
13061,153.3109785776324,-43.149857272049815,396.90696983911903,1820.571369869421,4.801133945141996
13062,153.89090769882492,-43.409460617789975,686.1883167830993,1819.5874256766554,2.41640703827579
13064,154.05137665269592,-43.48242641006852,766.3469110975625,1820.1205720715104,1.7709768229101523
13065,154.28896826716309,-43.58904134885184,884.4457556325136,1820.3995027495007,15.80458250213263
13066,154.41251641309347,-43.642673234178474,945.2587598291886,1819.737042827251,30.11237629804582
13067,154.4256766106518,-43.64808757817423,951.6483273311261,1819.5217021579472,70.09659370187408
13068,154.4588105373894,-43.66391103663041,968.3562528378333,1820.0727046461936,5.8203509139465455
13069,154.59305635023122,-43.723676383222376,1034.7711173031612,1820.1902533637715,1.859332162458789
13070,155.19271211236534,-43.98665402726643,1329.4742986560045,1819.6363670664791,2.429795876988454
13072,152.6246387218467,-42.837664310360914,51.58569736575413,1821.0525398734683,3.1820079373831742
13073,152.75563728985088,-42.89684319378801,117.49760459546363,1820.6105146764796,10.399451793351302
13077,156.32333429560765,-44.47956699952088,1880.4574232052746,1821.1777001003056,212.75919125434353
13078,156.3480055158435,-44.49001902883981,1892.3399796230306,1821.1186379858027,1.8306056419968888
13079,156.3939593516765,-44.50876808269219,1914.2728466487683,1820.6554118302988,2.438205171840471
13080,156.54535745971066,-44.57397004558277,1987.3948987644524,1820.908378698204,4.480304464734145
13081,152.59372238106025,-42.82598913211076,36.70554381778723,1822.3005398023108,8.73784003773747
13082,154.71660520410362,-43.78099957756126,1096.488199888071,1821.5188867375127,2.9285632684345835
13085,156.59627127000317,-44.59756623044652,2012.410180010726,1821.8506804813326,4.314242373849818
13087,154.01203336105408,-43.47159523652774,748.7338756060817,1823.4862246156547,6.649596496338447
13088,154.4738028519757,-43.67664148727905,977.4979664192173,1823.0945164299192,84.66577491324803
13089,155.1046950063113,-43.95528417688875,1288.3238886578438,1823.2280568844294,7.785818472097473
13090,155.43605426590085,-44.09995311466219,1450.4901724873625,1823.117701994159,4.182946351155474
13091,155.75836630535005,-44.239890017487184,1607.5975673478847,1823.0552403977993,13.80714397293979
13093,152.5304107762921,-42.79998481145091,5.600906708926063,1823.8312568183128,54.5538897247457
13094,153.4429446879341,-43.215462392975915,464.74547867903374,1823.4656704805077,5.794517572666735
13096,153.93033672394859,-43.436398851556,708.4912633482157,1824.1830193978467,13.280636321280882
13097,153.9949832515081,-43.465242280967594,740.6228277805527,1824.1224152006023,8.69104859912944
13099,156.55926038037396,-44.58611083906693,1995.7528190494045,1824.0165506392443,3.350141151325264
13101,153.60448756945766,-43.29287023932886,546.8445576374891,1825.669310499806,2.455813976680089
13102,154.7629914314044,-43.80847913595558,1121.3234113232033,1825.0001271195365,4.11233239475639
13104,155.68683254192308,-44.213623883807095,1574.081375704985,1825.42396797407,3.5971748624153586
13105,156.08716560388848,-44.385409307624755,1768.1879318859326,1824.8174708196457,3.424815182844397
13106,152.798308046067,-42.926869891860655,142.14602832693942,1825.8026740876292,1.283962756130236
13107,153.30591914039584,-43.15779014247286,397.3665821024874,1825.6410947869574,13.339071640951907
13108,154.35535739670806,-43.63012184558774,920.6266178788923,1826.1325175105283,9.944287938210296
13112,152.56602881554812,-42.820724978130784,24.92522649919455,1825.9907138134524,24.476563600104633
13113,153.7518451390377,-43.36351618208166,621.6535802876145,1827.7919371832438,13.178892320625996
13114,154.57513200013145,-43.730029735956,1029.9699252630905,1827.301854112408,2.052236573585364
13116,155.13233268964726,-43.97395979676824,1303.7106903145989,1826.4954653816321,125.82833783663388
13118,156.64024559751982,-44.626696258253254,2036.3435442165098,1827.0544396768173,14.249656340165735
13119,152.78109485680693,-42.922662158416784,134.5517513020397,1827.6196463439478,2.9370982637429393
13120,153.28186819159146,-43.151730867191624,386.72573607033485,1828.0447320609826,2.202094219374332
13121,153.42077340762802,-43.21499764871367,456.4380023669563,1828.2093045942142,3.400865278417866
13123,155.33359649621136,-44.064192269260204,1402.8833307631182,1827.5773353644615,7.429667430717425
13126,156.0611096508019,-44.379739921019464,1757.0717267691039,1827.5912622469916,69.39732415257062
13128,153.18228194820412,-43.10897832680337,337.4704040146399,1829.2664920880793,4.041253517305438
13129,154.74629585919874,-43.809347063358345,1115.4210911318219,1829.1015968417455,7.959048144245751
13130,154.88186991754722,-43.86930462919193,1182.212378223216,1829.1860349362935,6.076047866484804
13132,155.09054337051407,-43.961561565419544,1284.8690987079312,1829.449762788132,3.0518434595885933
13134,155.17048523964377,-43.99584838749929,1323.856668844831,1829.0719171644496,1.4657320824077402
13137,153.45484966723174,-43.2339477396918,474.53044704181474,1829.96240267967,42.59423869957391
13138,153.52452349867565,-43.26672739231662,509.76594222726516,1830.6033475070417,187.10074881058787
13139,153.6685654485564,-43.329280475936685,581.037702231208,1829.404677508834,5.660388059112216
13140,154.3324477819218,-43.62750494642239,911.4421483154387,1829.898949579901,7.9346232260362655
13142,155.38892100880935,-44.094987820266525,1431.775608336721,1830.8927086255749,2.97052970450401
13144,155.6874502407368,-44.22264953514165,1576.7881830402348,1829.795855510074,5.154203943686572
13146,155.9823124184609,-44.34980383964759,1719.9675186904612,1829.6028654854247,3.091043693494165
13147,156.12676482596578,-44.41315555337326,1790.2702205242997,1830.1691902816574,1.935750700101723
13152,155.3754798843109,-44.088748784476934,1425.1023238315156,1830.7057721171184,57.443977123062645
13153,152.72053189143517,-42.90422923679558,106.7523013997999,1832.2249838683574,7.648679736793926
13154,152.9805410750779,-43.02234042906259,237.58622169089668,1831.8484475975076,6.9010255693958324
13155,153.08686974151613,-43.07225729825388,291.49980246615473,1832.5744467792786,8.081561034495474
13157,153.26076291644995,-43.14949865856124,378.2928805929218,1831.6845168123086,4.3808452996027905
13158,153.85495659812165,-43.41820687184357,675.4666294561031,1831.941156909619,38.07840642306829
13159,153.9255882166658,-43.449470251968506,710.510996699817,1831.7312717719124,4.970288451237356
13160,154.21350320295997,-43.57852519561974,853.6394156753613,1831.8897727544993,2.902271252573224
13161,155.23161395980293,-44.02885829852193,1355.5431317011362,1832.1864776908312,29.026655141010917
13162,155.34677385681485,-44.078864283535964,1411.8019157600806,1832.0245755091753,19.077537241928628
13164,156.36190100832337,-44.51881693205242,1905.203061722226,1832.5475526691496,3.806693978532926
13168,152.79037259591007,-42.93798206239186,142.51947155061222,1833.100077164681,9.002406861394256
13169,153.20427615128685,-43.12570804158105,350.4923820425303,1832.6044003532581,6.8624157392039065
13171,153.65285898961292,-43.3293236708122,575.2630274209108,1832.9370364274037,9.487488113124185
13172,154.57621089627796,-43.74140005597169,1033.5895426445306,1832.721127025436,1.7394887111108377
13173,154.70516516094253,-43.79896668708468,1097.3493009024871,1832.977918740177,3.213671300789455
13174,156.02510359148334,-44.37427581831732,1742.3544500640862,1832.6124963761567,10.705916942438726
13175,156.041173600909,-44.382498595798026,1750.4956742312397,1833.2613905069863,177.1189295865948
13178,154.29515241433066,-43.61962142669701,895.4570658292072,1834.2325241138221,78.57999006857027
13179,155.2905738569189,-44.05808122114642,1385.3590314468754,1833.9019716992595,549.3081277233456
13180,155.62451425443965,-44.20369006132864,1548.4342795958926,1833.9664399599808,2.979881234684676
13181,155.87631880951784,-44.31182521273874,1670.6509415104492,1833.4913921314112,7.313257847519029
13182,156.17399042780454,-44.44064212356476,1815.0701993302166,1833.760281559096,3.5967725774121484
13183,156.5538494697323,-44.603408181182054,1998.3984026303817,1833.829701422423,29.736852985292604
13184,153.4035325112777,-43.21974790219154,451.4728671944587,1834.4332196015607,5.661642713901831
13185,153.57538934003995,-43.29790063857329,537.5855795600153,1834.6764857043784,9.525487786425607
13186,154.03459436453514,-43.504568659537284,766.5296529850407,1834.849549735011,16.774720068466184
13187,154.34661227562216,-43.644545098053634,921.5183367737301,1835.237713577584,6.2718998223950635
13189,155.3287030379067,-44.07664965111139,1404.5403433641834,1834.8548077417884,3.708926267385533
13192,156.4652870933277,-44.56763946733541,1956.2947025139179,1834.850353245664,14.682969821271236
13193,152.73578228458135,-42.91941157529905,116.88598270644908,1836.2800278067027,1.9163145503526609
13194,152.8597931532933,-42.97693570993861,179.65448871317784,1836.6649284883142,12.557268962805738
13195,154.16506038477635,-43.56430383308587,831.725893606591,1835.5624201329888,18.404163175276835
13198,155.0282673617335,-43.94869209451828,1258.3542785215434,1836.6573605321819,33.06421344411581
13199,155.20542042455955,-44.023897008849154,1344.5256066808265,1835.4273374499228,4.702399767559492
13201,156.5034220622383,-44.585276100688915,1975.0274959378235,1835.5251790604093,12.123941745561657
13202,153.00537970675268,-43.04310160203167,252.87115088352888,1836.520612220592,558.6302020561196
13204,154.95054959910235,-43.914710423524866,1220.2369892297177,1836.7448094325682,11.65535706623695
13205,155.3597139900665,-44.09317585293811,1420.5305949103358,1836.3445743308425,39.71329043227895
13206,155.59239947543267,-44.19580680556235,1534.4563943079575,1836.9941234826254,2.5238537059976287
13207,156.2164554850712,-44.46497518842235,1837.2541996961036,1836.8067074037992,5.82272049050524
13208,153.10204099100335,-43.09049639705125,302.46315719604564,1838.1885932569928,12.51009583829629
13211,154.42986695570613,-43.687348722846046,964.3630673712009,1838.1212055687042,6.809830736396786
13212,154.754492811794,-43.830438795560056,1124.3870147442494,1837.7990052028476,115.97736743533196
13215,155.84829780209174,-44.307501767624196,1659.171031283105,1837.38172087689,80.04277242520547
13216,156.53357100414584,-44.60319250104172,1990.89709143158,1838.0514681658242,2.610232208532606
13217,156.6304799028505,-44.643911037487335,2037.3579446559054,1837.7549708310169,10.35690447266918
13219,154.09072394989533,-43.537772724680906,796.7411228049996,1838.8757328530507,0.661367660142326
13221,154.91606936531088,-43.903960820480144,1204.5331211940177,1838.946222771924,7.206855361226508
13223,155.46141732618287,-44.14258246220137,1471.610196602713,1838.8695227221915,17.279087580094256
13224,156.2035939343147,-44.46323838712513,1832.0606851985913,1838.6993774959897,3.4360540349585103
13225,156.40478478765317,-44.549626899219696,1929.2418648581438,1838.7793083100912,4.080648039290593
13226,156.5679822751545,-44.61929527021316,2007.839225860747,1838.7645914652649,27.8324224841181
13227,153.32512568915126,-43.19545593683044,415.4782873565018,1839.995119899988,31.86815365643024
13228,153.58881640631185,-43.31533442357079,547.6040724073267,1840.319669143179,3.9030135025688093
13229,155.4227113793628,-44.128818161496795,1453.5707792166868,1840.4164144886138,60.64911352736423
13231,156.61554614843325,-44.64205828745593,2031.3826503228554,1840.0116766276287,1.998754468880043
13233,155.09916558822167,-43.98862567239464,1295.60180280653,1841.050589041522,1.5367252722637543
13234,155.34172785691953,-44.09397325825446,1414.1371455244253,1840.657020418351,26.676606479010324
13235,152.64289597678595,-42.88801471826221,73.3186058085566,1841.8156503674365,1.4581423680871213
13237,153.41589999380548,-43.240167948068965,461.9964340322079,1841.7823556485816,4.040920886362522
13240,152.91226224966402,-43.01443489353557,210.09006873930147,1843.3620480614375,4.44852903733349
13241,153.2060642764866,-43.1482584868305,357.7754082980481,1843.3754449642322,3.9629648798558454
13243,153.96566979815952,-43.48889996987487,736.6369660961614,1842.3916703684472,387.0314500000025
13244,154.58290549752073,-43.76416904599449,1042.5051734865067,1842.573528155654,23.96357380673785
13245,155.30091646526662,-44.08051033370218,1395.3929256931306,1842.8310727828814,37.44618781661729
13247,155.59766044964144,-44.20962919957018,1540.1971121596146,1842.7509526942404,17.09527591354278
13249,156.09807370146407,-44.427414242356576,1783.5992378176259,1843.464839371617,2.474634487221585
13250,156.117078603076,-44.43427454893648,1792.440356953932,1842.807361530018,2.6694165409832036
13251,156.17439335970278,-44.45890037623458,1820.1627793377031,1842.8009558986414,7.631361755709646
13252,153.08185912141315,-43.094267059026464,296.1387329003907,1844.6059053223926,1.1019243156689156
13253,153.38248723376674,-43.228270632097484,446.2112641576054,1843.3812432196942,2.5064428136525416
13254,153.6009979622112,-43.32727546678472,555.5635943998828,1843.5177368563907,3.58876379140706
13255,154.12019166173928,-43.56010660221572,814.0005546308005,1843.4303485398214,304.33258713048434
13256,154.69303520878077,-43.814915680172824,1097.388928694412,1843.5828043451181,18.645283721004155
13259,155.56395746496074,-44.19758182364432,1524.489820387864,1844.0476691772121,2.90416368258125
13260,155.86976689175862,-44.32959269617045,1673.0975433669926,1843.7792198191817,82.73345944817432
13262,156.04607405238164,-44.407163640511776,1759.0011402029656,1844.531519310443,53.569125581962396
13263,156.08718881852963,-44.42409954359103,1778.7019017923276,1844.1491179444424,2.699774613184397
13264,156.41184764003833,-44.563611042568816,1935.5952028406039,1844.2635995528851,38.02633957513112
13266,152.96662441426705,-43.04308973458174,238.58925290066966,1845.265666609308,3.6838928750084334
13267,153.02709530612464,-43.069007922733114,268.51783541180737,1844.448361227179,142.9090280604206
13270,154.44730126725895,-43.70825749528465,976.7273886795796,1844.668944532334,3.87143881608703
13271,155.18774659601107,-44.03502900435154,1341.1255177133967,1844.8316885016065,2.943047045190661
13274,154.53846247514363,-43.751722352903634,1022.6208695082046,1846.1757496388457,27.661762293904818
13276,155.72010751739828,-44.2692439548683,1601.584933694713,1845.9866277341157,1.7129264629130965
13277,156.23040948661358,-44.489194886304276,1848.927390745726,1845.9209028150535,4.513795910634939
13278,153.7474249646056,-43.39982741061071,630.5437027668744,1846.799018385783,1.9831112556495183
13279,155.07187868010595,-43.988759992621915,1285.602825715961,1847.0810312946157,2.0086141199496623
13281,156.06874231326344,-44.42212095550858,1771.3902173301353,1847.1280515949434,6.227461469245694
13285,155.83425925561647,-44.321569338271374,1657.8594215366652,1847.4379410291126,2535.0973099148364
13288,152.52961176866947,-42.85092190905178,20.522925585787473,1849.2028480165445,5.9223263297057676
13289,153.62037753440256,-43.347095230168506,568.4617579165698,1849.0151742706264,9.062716303479519
13290,154.39094954635308,-43.6923124044269,951.4506343377222,1849.1855244129374,2.392530523913861
13292,155.113399268225,-44.009951655672275,1306.791401651403,1848.5664122802639,4.055347060325054
13293,155.19869476054257,-44.04772853196117,1348.6885885780393,1848.7721879172016,1.424384556058819
13295,156.0174543600329,-44.40320679396184,1747.414321826585,1848.7148100454815,1.9886534702070822
13296,152.6313952756298,-42.89885849807922,72.31254999977206,1849.7896653509365,3.4884832661910896
13298,153.30721805260742,-43.20814198641082,412.5979839294045,1850.3053250252399,5.321154672077946
13299,154.0153050621359,-43.52567596995668,765.496497979521,1849.6191262458158,4.49623006038231
13300,154.7256369653035,-43.843128102441256,1117.3483722259302,1850.455375467814,2.4169966182827585
13302,155.00471140476836,-43.96545747665295,1254.382117521453,1850.162284674215,6.93452871264745
13303,155.1493561638685,-44.02877782242773,1325.2659561637681,1850.095040704938,4.14480065067788
13304,155.37648270588937,-44.127387987668854,1436.1789652960706,1849.755820322407,28.309008765555397
13305,156.0330912515799,-44.41336531783642,1755.9191365435893,1850.424225024616,2.90991399585079
13306,156.272592883062,-44.515698716211794,1871.572859101149,1850.1247823874746,3.6574047589150407
13310,152.81818200930016,-42.98717481071282,167.36047541608858,1851.1486868606478,3.9982929718055784
13313,153.55979695231844,-43.32307513630774,539.1688108354523,1850.652208054285,30.94514616478362
13315,153.6558426566369,-43.367170714680164,587.3516510152798,1851.0467494599814,3.4977240305398314
13318,154.1221809688965,-43.57627721830862,819.3707689190924,1851.0220795557625,2.2608435218534986
13319,154.65423796732773,-43.81294177574038,1082.5559263311904,1851.1343546958487,2.8512783008518108
13320,154.79616282549594,-43.87538307551031,1152.3841723345745,1851.018416388938,82.54891211670525
13322,156.31177423581502,-44.53496134324076,1891.151013590281,1851.3592332985768,3.7126733170497452
13323,156.50839510286872,-44.61751258507698,1985.4962506470445,1850.5935386336075,15.918785036247879
13324,152.66246108521247,-42.917585115996765,89.33151772822023,1852.0031558399157,221.13129722990425
13325,153.77433206931676,-43.42354112257773,647.3166642645702,1852.5637535886376,4.962402665159451
13327,154.6779793821508,-43.8244344966532,1094.5381371822214,1851.6303727557035,12.673106582880937
13329,155.5163650834736,-44.19293354342337,1505.7161937657104,1852.053910816277,5.229056654112384
13333,153.71084356150274,-43.39315909666876,615.1418809564292,1851.6553959785756,19.448749487716878
13337,155.68240767536355,-44.267300030895505,1587.1996324024742,1853.1739447854907,4.62118879139436
13338,152.7906116140674,-42.98035627013409,155.18403526580104,1854.0154670845673,6.13049473660575
13339,154.43840867084404,-43.72247339850378,977.4969690108302,1853.700563716196,3.0581513452616136
13340,155.2042595680903,-44.06068944658926,1354.3433734479938,1854.0175438881697,1.9241517657509124
13341,155.6917590636955,-44.27303765915815,1592.2106754995716,1854.0137096311062,2.4938274485351295
13342,156.49428084108155,-44.61785727195404,1980.4105523821413,1853.7804662247404,4.4069555860760135
13344,152.95486866565224,-43.05693299992291,238.3504499834489,1854.7740277830292,0.8672639987995793
13345,153.6911954678124,-43.39084067048178,607.2359941566666,1854.8921802071566,5.247915332077586
13347,154.12660770567518,-43.58666450076893,823.9786967933243,1855.199961182774,7.59625894623211
13350,156.36953695778146,-44.567393567225615,1921.085512987026,1855.2089878875383,2.8881963520503136
13351,152.7212037329576,-42.953266520058,121.57883541824607,1856.3344644514164,49.41329987207443
13354,154.53302186718747,-43.76836899063799,1025.3402195880285,1855.654344312672,10.955066631212867
13359,156.47906253070772,-44.61587125710222,1974.2951058922204,1856.037703986124,1.16601501372331
13360,156.52120256586971,-44.63283077741701,1994.3000949257566,1855.5232695418779,11.19553564064654
13363,153.65279751430475,-43.37800636157182,589.3763757538846,1857.1022187378312,3.139156655861134
13364,154.62591003274053,-43.811588119929105,1071.7521451306252,1856.6941578356393,2.792789471728282
13365,154.7366505775333,-43.861091722458255,1126.4669550429098,1856.9747715080234,22.41425059125555
13366,155.29333923798862,-44.105131922548765,1399.4446427429393,1856.7552188480452,232.42085241811387
13368,155.52016519562852,-44.20437195032749,1510.2688342791669,1856.934942979053,11.541143792210793
13369,156.2357915650587,-44.513366901518474,1857.4361050842942,1856.8504450914306,3.1931212540930796
13372,153.47990749003344,-43.30184097786464,503.56896656962294,1858.0100629180934,9.202480850998764
13373,153.73260459021535,-43.416882827658476,630.0280811100454,1858.5688298572902,2.5810528415649485
13374,153.76212688584923,-43.4289608366758,644.3924970907012,1857.975311260145,49.702105325598104
13376,155.67124862961896,-44.27284708314098,1584.6240256221943,1858.357387876913,7.811953018208348
13378,156.19753924475694,-44.49897264814124,1839.5058203986828,1857.8620718055015,8.877715304618667
13380,152.81615382958384,-43.00096367444881,170.70278371445562,1858.4310310047642,1.622588175432359
13381,153.35085886999104,-43.245338126980066,439.5563537569634,1858.9394642820716,8.62297001219914
13382,153.44446123951437,-43.28801273983251,486.48566753461284,1859.097206839675,33.27450270508326
13383,155.1802540879809,-44.06001574554632,1345.3314747817658,1858.917759810474,2.22844907198145
13387,156.4187384043482,-44.596565822513575,1946.9824470783574,1859.2738105627805,1.7314990580467235
13388,153.92865778093952,-43.507397442678794,728.3411890279986,1859.808695718166,26.49400586131872
13389,154.36885596946578,-43.70549566037844,947.0758324115336,1860.620256342911,2.176763613840959
13390,154.38847293288515,-43.712319505675644,956.235815218173,1859.6787071518852,6.255585331934239
13391,154.7677197962971,-43.880389924873896,1143.3334091542304,1859.7547474937055,33.4723753085398
13393,153.03933378011303,-43.108108142575404,284.55819106535944,1861.0487368608221,20.379291247163305
13394,153.45978100051312,-43.299316323247645,495.42364644039526,1861.2675974590911,11.73009349274266
13395,154.409901699841,-43.725911735074185,967.9873495147449,1861.70331332961,823.0889080803931
13400,156.34724027392605,-44.56950252443982,1913.4729266357424,1861.0361341450323,3.0100578629577677
13401,152.67215211733114,-42.94250515051557,100.31745530027685,1862.131101241568,5.221512499315301
13402,154.18772615482123,-43.6280589390768,858.3272815744481,1862.214478949487,10.616020054192397
13404,155.26112846924332,-44.10283182338765,1386.9679229081553,1862.624374631551,113.9608668021033
13405,156.29576593900308,-44.54830056139443,1888.8741738831477,1861.4586062721337,3.7490846714487525
13406,156.42744664894846,-44.60521526187901,1952.5009023257442,1861.738115557105,3.6673911913838095
13407,156.59065170650098,-44.67483134698554,2031.0115660583676,1861.7226545350043,2.481587686822235
13409,154.54301054346533,-43.78768954021506,1034.4928937766867,1863.061744648165,4.389353482525943
13410,155.10272545357978,-44.03409075573417,1309.6056530724645,1862.92350983579,2.175519735983097
13411,155.21893909015674,-44.085195170713874,1366.559528024717,1863.0288224977282,3.4809498971980304
13412,155.32608973611954,-44.13078886774452,1418.6013889964802,1862.4150407320358,2.6363365906807186
13416,153.08320228042095,-43.1341913275736,308.39491794376954,1864.0747757751863,2.1248676915894076
13417,153.2569805586739,-43.212944732506436,395.50927445152183,1863.973385106639,5.433992754152059
13418,153.62424790524685,-43.37977689351602,579.3822550521114,1864.3599613950794,8.127731420032026
13419,153.7039225571187,-43.41419548395281,618.6928378874836,1863.6368407001232,9.132614658001755
13420,154.07186820932017,-43.58044584475191,802.0517893624777,1864.2566322226908,1.772834832464994
13421,154.10820606302227,-43.595567790593925,819.7607539447891,1863.7039836663726,2.519164461029322
13423,156.51087319406543,-44.64505660783482,1993.7878313462365,1863.8452395474826,13.485234417836564
13424,153.8828140235568,-43.49730011003085,708.5592900362744,1864.9980911031969,4.424297308342289
13425,154.7089739611117,-43.86477226554347,1117.3274737737083,1864.88716432245,2.603250570165021
13426,155.13587756255606,-44.051639300472395,1326.6865559085547,1864.4275200211835,7.070302045937555
13428,155.5648835241176,-44.23969755843718,1536.4360268887674,1864.8577050222304,17.485028833540685
13430,156.10018420093246,-44.470539336821844,1796.0753080988088,1864.5608156822711,69.36975365350071
13431,156.13132476108305,-44.484484194204164,1811.283725296491,1864.8378851992418,10.425082113435806
13435,154.16189280125855,-43.62359094445971,847.5440535930327,1865.7194117322963,3.1123325052670454
13436,154.2202408503447,-43.64951360766847,876.4272068811615,1865.671559376884,3.2879121643802827
13437,154.52350976151902,-43.78533807477949,1026.6543892660263,1866.1894224841042,9.548361090483414
13438,155.3891964831636,-44.164644128890835,1451.1705272304425,1865.5668871420091,15.04450108915561
13440,155.64143859841607,-44.27494363920623,1574.2517460686004,1865.856588377297,2.4213052443138716
13442,152.77617352158617,-42.99987209599014,155.66023537562972,1866.9399282603688,3.2752226522141004
13445,153.53127359851734,-43.34347861144667,534.6088261142156,1867.1528118499773,10.038642934998474
13446,154.27710360971105,-43.677314238050606,905.2876385683986,1866.8994108333557,1.435608729447454
13456,155.3637614660784,-44.15796019752596,1439.9752395667479,1867.7648117163542,339.62837787633487
13457,155.6505516147702,-44.28294721311719,1579.7980966382238,1867.8771080818633,7.087417077759853
13458,156.29555018522848,-44.56011465647216,1891.9814012859638,1867.4113115322168,2.5588044288294274
13459,153.31662935272198,-43.25054498508641,428.481129099982,1869.2036798474203,479.29030968414463
13460,153.71322416475138,-43.429365952901826,626.5129778929963,1869.086482537034,1.7036674234772569
13461,154.2578068626237,-43.67180503695661,896.6165721093379,1868.4314657179762,3.27376104005239
13462,155.1753323774471,-44.07763011779701,1348.429506140783,1868.7677142443702,7.9651512863906895
13463,155.57257218626864,-44.251398934591045,1542.4832038385057,1869.0281317071353,14.349225779784573
13464,155.87890517667543,-44.38302548756568,1691.046478861953,1868.4891533472746,6.708418704678443
13469,156.53801639905728,-44.666569582161266,2009.5026744109473,1868.815192834383,32.705158288161165
13474,154.7233390156167,-43.881650465808924,1127.3709462688562,1870.1287484769227,3.379110697287803
13475,152.91662822038262,-43.071697052305886,228.6376257070117,1870.7187349169499,1.741535138965542
13476,153.2624058302425,-43.23025501603107,402.5818309349236,1871.329977004533,5.364817605389451
13478,154.3297539600706,-43.7087072335013,933.6088016353706,1870.8572474798402,7.1718039336089925
13480,155.32757291982142,-44.147744364013604,1423.8494936301631,1870.5440003869899,571.5420736587351
13481,156.10733940017502,-44.487761660187616,1803.3718205195048,1871.62821790167,17.85065925624266
13483,153.94052640287018,-43.53730259983628,741.3252193403532,1872.0139778513862,1.9351074162771227
13484,153.99830530255878,-43.562152807797915,769.732388688557,1871.508306369688,1.8248919825433212
13485,154.3970136427427,-43.74006206205005,967.2739750640708,1871.5827905849192,8.402863498995485
13486,154.48298700339396,-43.778723613335934,1009.8764408385468,1871.8331054061912,2.574856574731055
13487,154.53459265689716,-43.801309260294914,1035.2588305060235,1871.6892033193803,7.035018502256737
13489,155.9109744954819,-44.40407684598757,1708.5610193701123,1872.0861242748515,2.823142877364932
13491,152.76294720436962,-43.00598188066856,152.60592207511584,1872.9567262075877,18.480415158276127
13492,153.14246154108315,-43.17914390389378,343.4354767886831,1872.9888661427992,9.51533172697949
13493,153.48225111028165,-43.3323222538785,513.3191849189116,1872.596126816919,27.372691993197183
13495,153.60017241319503,-43.38647051775807,572.4681957993291,1873.0604204038216,9.838798174040017
13497,154.34106506730367,-43.71853467598525,940.5696929179446,1873.2413653643314,1.898050406664431
13500,156.26578520209893,-44.55890889201989,1880.739090161593,1873.1857891703617,1.9426839441569819
13502,152.74095414903945,-42.99810089911704,142.17190918629717,1874.0382566664853,5.895332339558909
13503,153.6454632019785,-43.40960217433726,595.849955919892,1874.411767010774,308.6845817643322
13505,154.78232843514238,-43.91576691520876,1158.6694649652354,1874.1529112403314,3.8462206046066965
13506,154.92027509510345,-43.97628142367283,1226.3747314386335,1874.0334213325752,6.408870426169765
13507,154.99553531448376,-44.00954119934719,1263.350686181681,1874.123023490646,8.88781285465846
13509,156.52361707060714,-44.671251021226254,2005.4777569285284,1874.229641941386,3.46267516868169
13510,152.4590806410523,-42.870640024731664,0.44983902175320023,1874.9872945603788,16.11915275647681
13511,153.2469569393114,-43.23121229644738,397.17783603900847,1875.2756805711056,4.632833906440102
13512,154.2293391070042,-43.67251509463937,886.3499690314223,1875.0845593501617,45.932344625872844
13514,154.75744073009204,-43.907239706685154,1147.1202954659261,1875.372256089399,1.7520240315187847
13516,155.96520876128307,-44.4326098713834,1736.2381662889509,1874.650474490881,5.532336645938905
13517,156.07101200966855,-44.47773103783639,1787.3232253534043,1874.4240358258771,20.687628869177605
13518,156.36111073453006,-44.603262613436236,1927.6489630243568,1874.9486323704668,6.991534050739613
13523,154.54781414376646,-43.81627509991837,1044.361850680168,1876.218628052913,6.01326046721127
13524,155.20579507083357,-44.10523738782118,1367.3074337213397,1875.8804581466175,30.449598003233664
13526,155.6298899777469,-44.28975753802696,1574.084272039003,1875.7476361963222,1438.6078526268698
13530,153.26633838936417,-43.24317571072051,407.816740761333,1876.8472008426982,2.3425819304071016
13531,153.67420810771327,-43.42874569109653,611.9794075393992,1877.4871965592008,1.4651729766424804
13533,155.15603881941277,-44.085745069291846,1343.6023435632994,1877.018798409173,5.312946459865025
13535,155.78123701585713,-44.35829549011548,1648.4391847887907,1877.221987077092,5.112095843105911
13537,156.37284794651174,-44.61148184045613,1934.1639105142865,1876.5474386422968,1.183896135914655
13539,153.6081535780951,-43.3996464006139,579.2333744074766,1877.8102114756655,12.14282278017287
13541,154.5686449226139,-43.82961892746535,1055.7995182594905,1878.2670591771507,4.0935878167843285
13542,154.71317354199675,-43.892518304351725,1126.7002505383557,1877.7686416696458,67.54988902011853
13543,154.88138515928642,-43.96688270769734,1209.4461579464848,1877.8726966941256,51.11255128345394
13547,152.47224106483517,-42.88479520517802,9.525535073037581,1878.9906198065055,7.045928937428215
13548,152.87246968438672,-43.068449832539464,211.42716344776235,1879.0887851533255,9.079470361077433
13549,153.0340708117964,-43.14176852126167,292.54686151356333,1878.900028198453,8.076809758651798
13550,154.3870664781561,-43.75059616567233,966.6148135870105,1879.0146711095335,3.402959056242147
13552,155.3925430070883,-44.19271943850051,1460.1723948977724,1878.8359545477995,2.1862628642998443
13553,155.52184109150468,-44.24964977069219,1523.3741742992554,1879.1536775866598,15.261272131970147
13555,155.61274977754059,-44.28914039280162,1567.6226785743443,1879.1508637160775,4.661217837656752
13556,155.76850675571418,-44.35653691906863,1643.2858951031733,1879.0937431508494,2.9576765798379445
13562,153.81592162184862,-43.496598172708985,683.748829684479,1879.5446593698146,565.3470065003174
13563,153.98528757030374,-43.573762055770835,768.2842931859822,1880.1635626096427,15.466220309673956
13565,155.32896631302955,-44.1664061949991,1429.5367785864246,1879.542341834353,5.28330013211351
13567,155.723441531476,-44.33785372190301,1621.6281274947814,1879.5074653128167,8.221479304671128
13568,155.79025062553674,-44.36787620192231,1654.369188394421,1880.0573396793902,25.3895251363209
13569,156.03596081597115,-44.47319469994678,1773.233458275846,1879.6944483803609,2.3578019266573977
13571,156.31180105353113,-44.59198890706614,1906.5340221805927,1879.8656372213309,26.105217706235614
13572,152.79576228948858,-43.037361233368046,173.99245502712895,1881.052703380392,2.4588694448078563
13573,152.848807165751,-43.06113261815327,200.55436677744044,1880.8166965523228,14.84125508334874
13577,153.94257331800858,-43.55570146043452,747.3778839441914,1880.691313419297,6.160228452370328
13578,154.03293004735414,-43.59558780615965,792.0788312541328,1880.4183461718487,11.179891969874785
13579,154.25681122869526,-43.69700481443663,903.4487093925248,1881.1717305590937,2.224589230941803
13580,154.77187772260942,-43.92561279597362,1157.6017557850018,1881.3453570940435,5.87230863042071
13581,154.9495403599691,-44.00181995889161,1244.2887159982743,1880.3409537904054,3.179841343737711
13582,155.37512582701234,-44.18844310726039,1452.5931304747996,1880.4895125295157,1049.0392496945747
13583,155.57586960771755,-44.27684472968934,1550.7014690713374,1881.0058258146312,8.600089377303645
13584,156.47675710617779,-44.66405101139237,1986.3729240970647,1880.6303328981812,36.873082389616954
13586,154.53564864570353,-43.822025443420976,1041.520092750314,1881.7572721141835,5.9393562650174605
13587,155.45467281846632,-44.22587043857348,1492.151546393709,1881.869304507766,6.019591191998657
13588,155.73469638382684,-44.34837718272745,1628.643268733022,1882.3262611581672,6.002635323562265
13590,156.1166105484078,-44.51240997325169,1813.45496866267,1881.9511709896913,6.256242540027195
13591,152.53649171775623,-42.922564379154316,44.44784530531153,1883.0583042633862,163.78441658542783
13592,153.00707694050266,-43.13702564503435,281.2170024418202,1882.638649208129,4.993627341394693
13593,153.73474675445627,-43.46703973838034,645.3442658600376,1882.9730144330758,2.60835877607179
13596,155.97239916693385,-44.451124980114024,1743.9167623995372,1882.348437646205,16.377678143400793
13600,152.9485295697859,-43.114346191337965,252.9833504013704,1884.6224745720426,6.316054049749075
13604,154.9218264754228,-43.995839513933724,1232.4307895704535,1883.4296311611204,4.550728862803425
13606,152.77743405550441,-43.03826002383992,167.5165573519663,1885.6442439587593,6.373807795227066
13607,152.86743933543323,-43.077749247352074,212.3297605834945,1884.8267232712526,11.312775721445842
13608,153.74623815850282,-43.47672406306056,652.3741351177613,1885.214308281564,5.614843010241955
13609,153.8775386379601,-43.53516899333891,717.5449416052228,1884.9655353618896,5.0632962293612245
13610,155.1662254552248,-44.107197069014674,1353.3204264821352,1885.4832498941284,1.8734018487723385
13611,156.0553554676982,-44.491275228665344,1785.2577058719544,1884.555205091846,43.9601242094055
13612,156.07344006111538,-44.49996339239727,1794.2480448359424,1885.0079257951434,8.125420813096328
13613,156.45293909195223,-44.66276604043708,1977.2995813955856,1885.0738679248093,125.85716403493828
13614,152.55326018065253,-42.936049358685274,54.640938310744986,1885.9161597700017,2.3807004412528294
13619,155.58436502217037,-44.29058556031468,1557.6024217131383,1886.0188809049214,5.003507058153107
13621,155.865105738363,-44.411615772828696,1693.7887731596115,1885.7382418706661,5.541277462433369
13622,155.94562537759737,-44.44723245028705,1733.036506406243,1886.1692267639864,2.9157270264480633
13624,153.48162264285617,-43.3605966289535,521.3303395778646,1886.7516837938988,3.556591879616932
13626,154.27076373049002,-43.715546534344554,913.8722533984162,1887.2970712410297,1.8964122847585272
13627,154.35115375179657,-43.749906429596194,953.2177058248833,1886.6022680325543,239.55745236026806
13628,154.36354298956977,-43.75626843761897,959.5831547656259,1887.0275689864043,503.7025849676688
13629,154.72317818703033,-43.91482308196451,1136.6678145287628,1886.667421636135,6.358452704508674
13630,154.76965491067781,-43.9347332151669,1159.3537931508954,1886.3709001023772,2.4733388979907316
13631,155.1749068480326,-44.11492900704241,1358.6616593763076,1887.4419124437288,714.9235590266861
13632,155.83587532643324,-44.40134103554936,1680.2597206973242,1886.9136430457174,9.64462072098844
13634,152.44482385674235,-42.889598917485785,0.8759136461209394,1887.5987808935479,2.1237668076216325
13635,152.90674452437332,-43.100384792942116,233.48601763742028,1887.1473158952085,2.6789208037450494
13636,153.0444054700048,-43.165279761246715,303.27974432145334,1888.2090835666093,4.247074697829192
13637,153.8255264369445,-43.51740579244167,693.2928841639986,1887.729173005412,2.3250250368120535
13640,156.32698363271612,-44.61486081507365,1918.2614510024773,1888.0493335003223,5.438083834161928
13642,152.66424006391912,-42.993788903886056,112.66664030420588,1889.2858894073875,113.71391764127705
13643,152.81350035672398,-43.06233285755534,187.92235626711084,1889.393275621865,136.87795308053828
13645,154.38416610162798,-43.76877492472645,970.7228327907706,1888.6892844214708,63.37019198983614
13646,155.04991462871834,-44.06273369667274,1298.2037588236858,1888.7234621589075,20.679017464458333
13647,152.47209553632385,-42.90614119863831,15.853949180642314,1889.5729155216009,187.85200843560256
13648,152.88986408982,-43.098250796457876,226.6460443401981,1889.9038913704965,24.337606184164727
13650,153.5164327816811,-43.38203429974863,540.3770229782378,1889.587163031231,64.91347610387305
13651,154.4345033594288,-43.792603842892746,995.9980499121228,1889.4247780160742,129.90411052615963
13652,154.87379262273564,-43.98799535979602,1212.5856680185789,1890.0436970399414,7.849323133328492
13653,154.94661353681684,-44.01989740745026,1248.2800272543684,1889.9803195097738,3.960847350260623
13654,155.09013829939224,-44.08303821350961,1318.6448603370652,1890.0508692770782,12.729144033453508
13658,153.26971916869354,-43.27440799719551,418.21435946012485,1891.558485692777,2.9811262398513203
13659,153.58596396609565,-43.41618332805951,575.8788858382247,1890.968271752031,2.093866451485888
13660,153.70077353013832,-43.46867348743807,633.3255344422654,1891.3608433721406,1.433381489128735
13664,155.49397478975217,-44.261131896001515,1516.3136521888307,1890.9224775810185,3.959615044517867
13668,152.59727205961116,-42.96871354814049,80.56951273723037,1892.0741486792097,5.57412723911755
13669,153.24563112594998,-43.26482069969013,406.54620359270314,1892.22020475223,2.0636859055412895
13670,154.01430753748474,-43.60971550712887,789.2925148035438,1891.5658939145856,4.701065393419232
13671,154.29245288002173,-43.733692407307835,927.0221645856572,1891.5164898829382,4.546053613210313
13672,154.56531994546998,-43.85450397254274,1061.6255839033738,1891.372687670932,17.381436792312634
13673,154.65433180133388,-43.8954818206673,1105.9165796614652,1892.1717234726468,3.605037004247428
13678,154.83106004324765,-43.975631621887274,1193.417331895061,1893.254200656188,2.6152376102777697
13679,154.9169265990512,-44.01366183708653,1235.6297325084063,1893.373062729734,126.96251286883758
13681,155.4343853340305,-44.23764166322026,1487.9581421853036,1892.141666192855,7.169798622793912
13683,156.08021929262625,-44.51986791798603,1802.134372184495,1893.493421526747,4.263541650712475
13684,156.55277178379137,-44.72144223139309,2029.5946188682203,1893.118740132328,5.889809690630075
13685,152.55685617327154,-42.95437963322085,61.43234674326923,1894.1602617973576,6.0419695486321165
13686,154.02964072136132,-43.620312200706614,797.9734653988836,1893.4225226597628,4.0308587067905846
13687,154.58440607261812,-43.86832305354352,1072.54973350809,1894.0435052453422,10.170278038948455
13688,156.00388091454886,-44.48804332625008,1765.5051198629974,1894.0097071492667,6.757610813251555
13689,153.94836674946868,-43.58654449701677,758.3897442868393,1894.7112497117662,211.074045104912
13695,153.53045769609025,-43.40019327559651,550.8205095672258,1895.4508158922317,4.948472516501941
13696,153.92876122800794,-43.579878266347876,749.2640895093535,1895.7602573449612,10.715328736059723
13697,154.7111888366047,-43.927436940171575,1135.8211660938962,1895.5744594417743,488.5212497074659
13699,155.92192034855964,-44.45723566895133,1727.0691765200836,1896.268412378592,1.8263225154390117
13700,156.15672566966566,-44.55776949798399,1840.4475100188654,1896.0010243086774,1.8654856369214914
13704,153.42562935832353,-43.35552047538336,499.26139591098666,1896.7745505888581,2.498074272249215
13705,155.10058938699484,-44.10059306218149,1327.380918461403,1896.5117906364926,42.03069798795808
13706,155.14967615676807,-44.12272211282029,1351.5696951968703,1896.8246111515436,30.18367138826528
13707,155.76145714112414,-44.38826794287553,1649.3883390391577,1896.4505902833669,3.648533111189728
13708,156.25288795293073,-44.600692784274834,1887.2884343661499,1896.8323346263276,7.9565408674361615
13710,156.34179262622231,-44.63904701895729,1930.2001575066465,1896.9709658827999,12.39938625891074
13712,152.49118174044676,-42.933249042280956,30.974488073796586,1898.6313266833104,1.9497240211166507
13714,153.23141046472583,-43.270764225724754,403.0606336281741,1898.3583224668275,2.482381036494751
13716,153.58684540571144,-43.430304206975634,580.3073813854891,1897.7717115173236,2.420129651622197
13719,154.7339725525699,-43.94212668102464,1148.330554309761,1897.8795108182226,2.5735718559019887
13720,155.07522862412958,-44.091219097880106,1315.454781333401,1897.3793616296327,27.044823032350056
13721,155.29257962329072,-44.18750180824795,1422.031422561886,1897.9701556464306,4.823142444890847
13722,152.549129595754,-42.96104671687188,60.580275247364455,1899.2093364100438,7.218336427276687
13723,154.59714874712202,-43.88302763839468,1081.3914527679492,1898.551562356274,6.7850045293807195
13725,154.90397788462178,-44.01956750352267,1232.5317302671754,1899.1464702592068,12.348721039253775
13727,155.67449919814726,-44.35556827038209,1608.532095526116,1898.9259226206848,11.62567326373264
13728,155.90537993534497,-44.45519861011487,1720.4496126652066,1898.8141714215476,5.085871869297998
13729,152.75677243563777,-43.059191772718,166.130374901682,1900.6717911051546,4.898031633198319
13731,153.74720242942914,-43.507658393690924,661.6828818263408,1900.342464218451,2.122670096177884
13733,153.87426754494882,-43.56351901966981,724.520977895114,1899.7599794622058,44.83594392278535
13734,154.09109680403466,-43.66140781265586,832.3545203599931,1900.1916519049623,15.54189126390606
13736,154.74780583253178,-43.95258053444529,1156.3563689942905,1900.0436979399149,2.4696794144157352
13737,154.9250149087732,-44.030928339700324,1243.4413451160813,1900.1965315817251,2.179236480530843
13738,155.23390395824103,-44.16570206616937,1394.4442290720237,1899.8799389504504,2.0005322334575952
13739,155.47340860665471,-44.269808627235115,1511.1625033203327,1899.7090731132373,10.203182721236537
13740,155.93101326217229,-44.46823001661065,1733.398634667053,1899.798855534315,2.690317912985926
13741,156.38287566308344,-44.66228394093525,1951.5007933272452,1899.8023788435112,5.956753508456507
13742,152.8427907215046,-43.099171587492414,209.60910042318267,1900.9943863654014,1.9704344708937462
13743,153.03627037378456,-43.187021317044696,306.6967450593754,1900.8033775103315,2.2790437903443004
13744,153.09223484525214,-43.213186864511265,334.9777044520202,1901.1502128880823,6.638002364154241
13748,153.6519355359938,-43.46650090439514,614.7431843315536,1901.1811708543928,2.232430134001961
13749,155.0258939143398,-44.076312090274094,1293.1799929211277,1900.7312282725718,3.746327016167753
13750,155.12487595735422,-44.11969927452115,1341.624413208753,1900.7276901604876,14.119129912932706
13752,155.42997329260731,-44.252868168941184,1490.548025608104,1900.689357581537,18.99353564985573
13757,153.5020817283758,-43.400591131886664,540.5056522612562,1901.9950266211947,72.71220436179924
13761,156.15221396906168,-44.56704088723253,1841.3035689816913,1901.6006176450462,1.900987433632297
13764,155.5118668534978,-44.29436640510688,1532.045542310538,1903.6129271835596,18.415884438798717
13765,155.79771730468383,-44.41750861665152,1670.6859451715025,1903.214532544491,4.209866620691757
13766,155.9423251544233,-44.4797458972123,1740.681985523862,1903.1123995311334,13.526977420391606
13768,153.39147621403188,-43.355439787169395,486.6836989806569,1904.3861160820688,2.9672355864975377
13769,153.4897974676436,-43.398890777253264,535.49540161914,1903.900656415251,19.544363894437243
13770,153.53020358484758,-43.41623248044668,555.395582888532,1903.4573270433655,11.17719659885671
13771,154.10293990588855,-43.67474150455464,840.5292022016055,1904.1860611311372,0.17418328491389976
13772,154.4974567175027,-43.851187098631975,1035.758369104469,1904.666157129776,1.6520340269792761
13774,155.47610064643223,-44.27888882455421,1514.6566158208775,1903.6517313097227,11.108666922146332
13778,153.30841981713772,-43.31758227098037,445.0872462651813,1904.255940499442,2.9160639082254094
13780,155.14867240033237,-44.13838516977067,1355.5652562381845,1904.8439925434402,69.45053444766415
13781,155.456688048679,-44.27438785977713,1506.2934399056496,1905.61887114258,61.537256097149154
13782,155.68838998758673,-44.37328209757462,1618.4869694146018,1904.7590903714927,32.86073281489989
13784,152.61793344336314,-43.007659283742186,99.76919839781573,1906.6398639003223,2.0628179803709625
13785,152.76408778076416,-43.073073082588294,172.939450845671,1905.8812259766223,5.316014835943964
13786,153.3567650045895,-43.34168012488413,469.9053769722676,1905.3496517854167,115.82895362415869
13787,153.66180071520736,-43.48041375495078,622.4046545889993,1905.877621856974,2.069977243413969
13788,153.7837465157427,-43.53656264975567,683.4731009160522,1906.536050815489,30.666202823056086
13789,155.29097146101313,-44.202415200034416,1425.5796661221352,1905.75028681924,8.426816930739623
13791,156.0838971375915,-44.54661089072218,1810.7359946229726,1906.0601050434827,1.702330353673596
13794,153.51209159374875,-43.41520029725782,548.4389131728141,1906.9960743191384,2.943492632419336
13795,153.57072599048038,-43.442867103415196,578.0349854172678,1907.6007965327587,1.9794876104530603
13797,154.42078032761685,-43.82250055975925,999.4545786871628,1907.3086857913638,4.425736671817186
13798,155.4002642915955,-44.2516650141905,1479.3169805358468,1906.5393192159875,2.7225486859189076
13801,156.5140556365002,-44.73156552079623,2018.126381271788,1906.4366993956282,3.8662141116094886
13802,156.53326619774018,-44.74018648235341,2027.4668919325175,1906.6520604092007,126.61968592793913
13804,153.66729824801394,-43.488706736328965,626.8298313058781,1908.762624034959,2.864604470743316
13806,154.80369316384443,-43.992278361264695,1188.0502830035884,1907.5347249853075,70.69765417616244
13807,155.44251220666897,-44.272728604114626,1500.635760595109,1907.8673736516998,8.905783085066815
13808,156.22857699797086,-44.61200530907336,1881.4358041923258,1907.6929667285845,3.0564657208556016
13809,156.35562784775274,-44.6674905012143,1942.9215206023246,1908.2296476858048,2.7554986447116843
13810,152.44376519172064,-42.93248582758732,13.315340608079111,1909.0294092255879,1.7220302897868496
13811,153.54602308693157,-43.434518603679436,566.5299125850254,1908.9836109582097,8.539959240815454
13812,154.63696745035676,-43.92071242686657,1106.668375613173,1908.5344513352356,3.6296528335603
13813,154.658449079728,-43.93103476718084,1117.4707021280306,1908.9469956673706,3.293524370220708
13815,155.64620571527342,-44.362833523756606,1600.1517453147083,1908.667861547679,7.449394659123211
13816,155.74144940040415,-44.40451307526138,1646.5010909936548,1908.875924947783,3.6665964190178197
13817,152.70998750235506,-43.0562415949673,148.0564619184031,1909.8017428348994,2.727386976151683
13819,155.23944423565854,-44.18951149630485,1403.0938030706677,1910.5339974252174,4.589960928268871
13820,155.69919127682948,-44.38784987121766,1626.4428685257783,1909.6914638171204,1.5586640225989865
13825,153.99768956879325,-43.64174829045962,792.3943208895223,1911.1533353041,7.661903088429547
13826,155.93790900160118,-44.493136981201474,1742.7103632791122,1910.7476839492736,3.435413365036603
13830,153.4253561699747,-43.385359186326745,507.8689944528573,1911.6197575926085,69.86929899066058
13832,155.3867027359424,-44.25584387777695,1475.4990582882813,1911.566598863983,4.230702426380798
13836,156.49631103452154,-44.73515943576734,2012.5929141871156,1912.0181311687013,30.28476831240195
13837,152.63574212205788,-43.02917754537888,112.721496984676,1913.239439346495,3.7880553652775206
13839,154.12496712067227,-43.70200989739961,856.4351171479498,1912.842787856036,1.4586256489010658
13841,154.35732241686134,-43.80551023175356,971.3193243293106,1912.8667015107678,10.091767032733726
13842,154.50886022909236,-43.87195966540858,1045.8367220254272,1912.4791568288235,2.979668585917432
13844,155.1748830733834,-44.16495595626054,1372.5812876498442,1912.3637382696713,63.5596421657184
13845,155.21506937729134,-44.18343202698895,1392.462740422926,1912.8123933056215,284.67808604254924
13846,152.77319328793396,-43.09327296661642,182.27938655587425,1913.8103847683958,14.725193943841925
13848,152.8947835821597,-43.14900848029736,243.46977209164586,1913.9033657384668,3.843398758003887
13849,153.1811543163213,-43.278256639893165,386.7881173777093,1913.360813630528,2.7040420804844025
13850,153.2194031035163,-43.2963081861783,406.14021121744776,1913.7041195028676,5.244820768083656
13851,154.31761452272298,-43.790565741376426,952.4825602884799,1914.2094083942713,4.169521939262273
13855,156.33991257708615,-44.672162889035945,1938.4242864440891,1913.9249032032621,7.162794892924216
13857,153.20805374406956,-43.29349257940872,401.1440586885282,1914.8595342735628,4.133783447847513
13858,153.73391512160563,-43.53124570341987,663.6280201260365,1915.000677886724,42.62677555062682
13860,154.860895862284,-44.03196317077202,1220.1975583554267,1914.7460537988832,23.16313500760372
13861,155.3008532496207,-44.22558114202475,1435.6309705314682,1915.142391921313,88.03686770847668
13862,155.35475408984033,-44.24772886523143,1461.5361203691277,1914.4621274287274,83.4707012199787
13863,155.52072662215997,-44.32001301975907,1542.3648987932831,1914.4785975321297,18.203412694073716
13864,155.72753188225923,-44.41080069276139,1643.1221676425707,1915.0178465118431,2.379872159648723
13865,156.17451473852336,-44.6029832610543,1859.1969836098226,1914.7721428777115,2.780763951859388
13866,152.59855300372942,-43.01771992261912,95.64344065316006,1916.0063879413397,2.4320299511359105
13869,153.28715446671325,-43.33118401704606,441.25492823750886,1915.7634470532862,2.468577492134697
13871,154.1521025616825,-43.71960722359269,871.4396196197146,1915.5697728071864,7.3063519461818585
13874,155.88838411077742,-44.48244855835661,1721.6509051711091,1916.0760807339168,1.9651309490865965
13875,155.91567619566993,-44.49496058417301,1735.0609228979465,1916.4437630703987,11.030654000234545
13877,156.2339675469857,-44.630268461362554,1888.3407530690395,1915.6628254919456,131.17476210845717
13878,152.42502051940002,-42.93931936538194,8.470985682877991,1916.6660389288888,11.564505215511074
13880,155.67576642270268,-44.39265573704781,1619.1747631780695,1917.1504882088695,1.5059242820854637
13882,156.25908168628033,-44.64420668772009,1901.2975292483961,1917.2488824543982,3.7243516440996713
13883,156.27623933557365,-44.65042063340672,1909.2552468185268,1916.6809946638903,4.238559886035014
13888,152.47771249519937,-42.968911275566064,36.67961440411297,1919.3113696764328,98.42061584691271
13889,153.11819700559454,-43.26056625804569,358.4582610343551,1918.759517040977,2.506940938981098
13890,153.44719103365838,-43.41007003015571,523.0991306246492,1918.9740364667443,22.136028239536714
13891,153.7889022345806,-43.56475877303326,693.5177866067736,1919.371680365143,3.0357780996496713
13892,154.4363931799555,-43.85328812129622,1013.9353308620938,1919.1645439673373,14.976995032718035
13893,154.59066241508611,-43.92044229018262,1089.594727227404,1918.5787683128426,18.43732450867369
13894,155.01798871705608,-44.10924101920793,1299.4850510535819,1918.8494201343624,1.6461539520428103
13895,155.4599466897192,-44.30267516158838,1515.29927478413,1919.0112927706587,5.242486541251404
13898,152.6742770266569,-43.06002779026118,136.05944976443473,1919.7589795994836,2.203108408629997
13899,152.89025250460153,-43.15945663697803,244.8950822915577,1920.094105240079,4.952995445975656
13900,153.13803413579657,-43.27349981496234,369.54826740191265,1920.69971590845,10.583347149995106
13902,155.3054967661715,-44.23726206122287,1440.5731793843715,1919.9519078051324,1.9331030556278834
13904,155.42709847670417,-44.28991317906654,1499.7319525940902,1919.7762567681532,5.236090309742199
13905,155.50254391412065,-44.32439844525418,1536.9082107614545,1920.6045747626342,416.2733814923714
13908,156.10934892739527,-44.58536612489076,1830.563872144838,1919.950737517437,10.847625158398452
13909,153.3334624961722,-43.36266998102078,467.48089887046757,1920.9701086080922,5.094705623763027
13910,153.3850333691614,-43.38724962840984,493.607454995548,1921.5870621670176,3.036156038833355
13911,153.76493562899878,-43.55675317256867,682.4015358556119,1920.7383516902087,28.581135149939104
13913,155.07827137031992,-44.14047261386225,1330.31993177517,1921.2371175555984,19.889500837940705
13916,155.66375562770457,-44.39468797542182,1615.3306788742048,1920.759863159666,1.714154386314363
13917,155.9387271521903,-44.51310333377732,1748.4470324463,1920.5377016379034,415.57512204366293
13918,156.15084276107737,-44.60491324715272,1851.0504826750057,1920.8117809500732,37.9645481231604
13919,156.40443596219916,-44.71343973760547,1973.1398377638802,1920.7675430361992,12.385897087696359
13921,152.69814129446647,-43.07536994954821,149.38766281223872,1921.9398278265858,15.048924220137899
13923,153.4012530832158,-43.39663802262206,502.3064163236204,1922.6045421497427,3.9393826624114174
13927,153.2677200166275,-43.336120084868085,435.5612447969332,1922.5685240852429,6.883383154563175
13928,153.47346483676424,-43.42974268971524,538.4842817422123,1922.8416267989971,60.01481100279471
13929,153.91115997019168,-43.62596879288089,756.07562943272,1922.5399955202672,360.47202789570525
13930,154.46533201483143,-43.874091059574106,1030.4637923987566,1923.124652329778,12.343245735616915
13931,154.6844841846178,-43.972382181607934,1138.6968387356055,1923.7886898953889,5.863115229701296
13933,154.9801068297198,-44.1009712191316,1283.2766924293053,1923.0087148265388,3.614031195725692
13935,155.69187163759125,-44.411045304082634,1630.1210884740833,1922.8420640657728,2.2239415259745985
13936,155.99986359960985,-44.54338466127672,1779.0767529777993,1922.5043197316313,7.2015478658218255
13938,156.3153802528874,-44.67898640403804,1931.2802876088622,1922.5807601078282,16.401765210107378
13941,152.85119593771356,-43.14888873354057,227.41998874488047,1923.6852550425535,8.960596615596515
13943,154.32502543285977,-43.813153564786305,961.6397555596174,1923.7923684202751,6.2698104483465285
13944,154.89060512553348,-44.06375236757816,1240.0194622461136,1924.0589310038417,3.136441982929989
13945,155.53863369230723,-44.34717602075637,1556.4131231865058,1924.140500182893,2.834692462074269
13946,155.7360180700342,-44.432959564009586,1652.3017608170585,1924.2386283029775,4.213179627656362
13947,156.46610707170848,-44.74481924963425,2004.1272303366172,1923.2903969605097,10.929737157712227
13948,152.49598965204027,-42.98895859132893,49.38286777029745,1925.0648325679172,2.2298448011668754
13952,154.9426319491782,-44.08684224135196,1265.5755790707842,1924.1683850390718,10.762839644584709
13953,155.3761419497549,-44.277774594797854,1477.6952429076696,1924.7873990266355,2.0372270037130265
13956,156.41343148550317,-44.725796708003685,1979.7496425603622,1925.023189158743,1.6683787265426382
13957,156.47499842432626,-44.75184641049545,2009.2637984442988,1924.90686480198,9.218525777833488
13958,156.52978674806764,-44.775360369515624,2035.6042669523572,1924.9827745419946,6.857712382111326
13960,155.17291593800314,-44.190959802176835,1379.0975791828698,1925.7412850106898,2.095639160608092
13961,152.6052768795788,-43.04309548429896,105.67272422463012,1927.0225527117088,5.286747479675976
13963,154.12378101059096,-43.73064805270987,864.2034986826333,1927.3214666657643,4.152046242612887
13965,154.63346049822692,-43.95644086559156,1115.476038539513,1927.067973816557,10.295069189096832
13966,154.85580529990438,-44.055246443224654,1224.8677297069576,1927.4435373991976,5.762953504714473
13968,156.0827445715365,-44.5881905171391,1821.5878491025092,1927.07087645084,128.80900664477096
13969,156.2692993305853,-44.66812900378311,1911.4889000108158,1927.013841790063,9.558368354398619
13970,152.53797263234668,-43.014657018855914,72.47461292047446,1928.2327399545195,43.67026455062358
13972,152.7790187111023,-43.12437868542336,193.64572495781238,1927.8733186535242,14.736484216950354
13973,154.58615008907083,-43.93852804455468,1093.0549883074518,1928.5606439512944,1.7158609180481
13975,155.29035372840372,-44.246447671792374,1437.5689240347228,1927.8195099298694,101.22720833360637
13977,156.04641756310636,-44.57415927925566,1804.481813497345,1927.8650552726572,2.564260844225848
13979,156.35914394855257,-44.708383772034274,1955.2063960144667,1927.915744912655,46.69787245296363
13981,153.29954431115672,-43.36255824588851,454.99083409642947,1928.520086249515,4.844469900974091
13983,153.79533263433495,-43.586532011234254,702.1710698620137,1928.7375241757002,19.57407985118975
13984,154.07159971319788,-43.710807426422704,839.3631759273783,1929.0334099952963,11.944801741532766
13985,154.34722864217574,-43.83358164957617,975.6064998384926,1929.038152567481,6.491686741532011
13987,156.2067078552262,-44.645052319774784,1882.3530109375174,1928.8868205910037,5.852885419566131
13989,152.74199465036904,-43.11152384894679,176.2336319785928,1929.8896435465772,11.391767117075215
13990,153.6502808887629,-43.5235193893277,630.6757446208488,1929.816305968487,4.11700812489988
13991,153.96954353591394,-43.66737444198022,789.427988979916,1930.1159071242698,2.3931285819365176
13992,155.2303383206578,-44.2243737890317,1409.441085002898,1929.8789338795107,267.2049181700268
13993,155.25261186919627,-44.23342982519575,1420.1212230897877,1929.543148102186,4.072379466511059
13995,156.5018381062681,-44.773971920893665,2025.0086759544515,1930.24527471975,2.173273109560619
13996,156.5288265916666,-44.785430555155386,2037.9468651097684,1930.2224528829424,6.758260928679203
13997,152.4433905540446,-42.97707187241593,26.51128214689106,1931.1389140473775,51.35606845345991
13998,152.54603576016805,-43.02494829211732,78.50582350767122,1931.4881405997064,8.168632096042693
13999,153.4617998198601,-43.441374960959315,537.5905693566416,1931.2137315657842,22.296114906166917
14000,153.77334185921393,-43.580403796013236,692.3266884939829,1930.593787912987,67.3670273761906
14001,154.47385194841314,-43.89488691586704,1039.4915141176732,1931.5810721816886,2.0794743490950944
14002,155.03679332739642,-44.14167042200048,1315.443969360775,1930.8844869319219,14.882115146121354
14006,152.39107431919163,-42.95397710550294,0.3879624127873865,1931.622918671419,9.169156460064768
14007,152.83386025462454,-43.15764725204904,223.64608418819003,1931.9313671154778,7.647199454115747
14009,153.1044821404109,-43.281094498606386,359.4582224560297,1932.0038016485994,3.3223721082152013
14010,154.10191946951133,-43.73110980451887,856.3120445301764,1932.3920940757057,24.929360026500056
14011,154.67741266372462,-43.985119565588796,1139.6963589716393,1931.673771691649,104.67375522036372
14012,154.9252042090242,-44.095418392045886,1261.586935316106,1932.2457865195768,2.2207340307743832
14013,155.6510261578327,-44.41101889645535,1615.149285754542,1931.65470736981,24.948816923789654
14014,152.58261037514367,-43.04407166255932,97.63875201488604,1932.64285439554,5.491211231396862
14015,152.69465582226528,-43.09668398451074,154.44131800635097,1933.2641491618076,6.325471092904826
14019,155.4817599850231,-44.33955300381355,1533.4708070108998,1932.6616930796665,15.626752894475226
14021,155.9711856526443,-44.55138758584034,1770.7513508664877,1932.664288841722,2.53544547144735
14022,152.47169798653684,-42.99599196305874,42.56212150292987,1934.0547034904623,10.804760079627373
14025,154.11156695132587,-43.73793918650482,861.809448094545,1933.6449992060375,40.62326043607775
14027,156.35956512286597,-44.719594059361505,1958.3744659102838,1933.427750297775,4.674066581746072
14029,152.85552261069196,-43.17326317525866,236.22395453918656,1934.7617767699555,3.6270629933472023
14030,153.15924681060048,-43.31104076170857,388.3689482248056,1934.512054453311,4.0650747374861975
14031,153.72974264801817,-43.56954759320563,673.1818823689102,1934.9204186686466,2.264232086549153
14032,153.9926140055463,-43.687141666291296,803.5787585208027,1934.8036161471505,10.680305293277218
14035,155.91730957909726,-44.533966558028965,1746.2853766249118,1935.55846686101,6.880569762312971
14037,156.18251764815162,-44.645803717025,1873.7028398345792,1934.4444177513153,2.36120738954395
14039,156.47469370946192,-44.77173797690103,2014.4819194796412,1934.9156963852938,7.8870561617209995
14042,153.43359012087075,-43.43857739027651,526.4181436421535,1936.1392597465403,63.93114067609481
14043,153.68098974570938,-43.55033598266277,649.7232262945593,1936.260779506425,27.296781293010856
14045,155.59931421910008,-44.39736031335676,1592.454846893454,1936.0252518199059,3.0813098590167165
14046,156.24786838161452,-44.67656715647071,1905.9218664857024,1935.8156211617857,2.6739823394097697
14047,156.41470608278195,-44.74748106590099,1986.036454753932,1935.5890707806145,6.7309804371408095
14048,152.4146591058693,-42.975939068994194,15.621774849011434,1937.1077191553748,16.837701593973478
14049,153.46738001050431,-43.454770880487224,543.5430487822973,1936.601514495012,68.83601293410712
14050,154.04566680354247,-43.715477212391306,831.1856460502837,1937.0982226112696,51.95169274970196
14051,154.17891602853697,-43.774727290019314,897.0528677732211,1936.999219138262,2.114242486025472
14052,154.4427015889902,-43.89229764422545,1027.3291132623017,1937.1553628978713,4.113854630931461
14054,154.76860694065988,-44.03484292434705,1187.1530987591339,1936.3951142554859,5.062671312870908
14055,155.33953852111352,-44.28617486713774,1466.6057498887026,1936.920659905016,3.1051220658185947
14057,153.20781060379204,-43.33927504231667,414.48626762762933,1937.5781177180381,26.082144914361585
14058,153.22645466013495,-43.349519994709254,424.33522274094486,1938.4637270454346,1.8225368554825263
14059,153.88661203429157,-43.64737914964378,753.2338860310706,1938.6142380977506,110.77968611099325
14060,155.8667378475621,-44.517691600379564,1723.3348594166648,1938.3238538871233,6.295542991022341
14064,153.09170280925935,-43.289866329643544,357.34644619030723,1939.218652323075,13.47280218983762
14066,153.86802689433966,-43.640225754703785,744.3515634522904,1939.1966190323703,3.2534411537049777
14068,154.77841549472652,-44.0446282148808,1193.5030080976323,1939.1116201698132,1.9001514636696382
14070,155.53033744645774,-44.37327304387745,1560.5614202437257,1938.9448754035986,6.787303808345308
14075,156.0751429393513,-44.608409175446525,1824.2864998004375,1938.7970413930568,5.607814205068265
14076,156.097752210216,-44.61834487533421,1835.253066621672,1938.9061901081056,9.34093629482247
14077,156.12788284941558,-44.6308506797032,1849.6654838182887,1938.6878833812996,17.289398323277528
14081,155.0647379781973,-44.172696802037095,1334.3511946682868,1940.2289592633067,3.9640994003433745
14082,155.50377339929727,-44.362862651182844,1547.962800102588,1939.5090257728518,9.856784853556958
14083,155.85362337616033,-44.51574641682879,1718.003096199103,1940.1776977316,4.187827607512729
14086,152.79906116213638,-43.15995820325083,211.55327939961057,1940.9343111439116,13.933773323906003
14087,153.0474679282619,-43.27352752473835,336.29818968079115,1941.0872434627097,14.29597784810752
14088,153.18839481019245,-43.33828159787444,407.0672923633092,1941.4462961015502,117.66486851685595
14091,155.89469873834062,-44.535214945881094,1738.348196689561,1941.0473143436818,2.4140025339894664
14093,152.6696547144415,-43.103126101620674,147.1765590370914,1942.1065342217605,1.9266589510410794
14094,153.10517641078295,-43.30090310872392,365.5389139143906,1941.6496146355557,96.93278682541047
14095,153.47836257075133,-43.46989266247739,551.979797954951,1941.6362790975465,509.83212318319556
14096,153.5069567435473,-43.483464591986014,566.4262150462104,1941.9676949134905,75.21122394543053
14097,153.56240112251004,-43.509292929947655,594.2869724911856,1942.3783270459753,2.7709789168421253
14098,153.61950360175607,-43.5336241214175,622.3099258358773,1941.6898470016013,7.465845490224631
14099,154.12733984322244,-43.76197797787824,874.4821001992368,1942.0834448416542,4.51047512926815
14100,154.2591347146534,-43.82039440557039,939.527141264939,1941.9383955912294,29.274418075915396
14101,155.2655781159953,-44.264066817185125,1433.3773973798263,1941.9809017398022,26.07968637151088
14102,155.48303664565796,-44.35914703174274,1539.3428192543433,1942.1495061804742,295.3752376696175
14103,155.57169535268616,-44.3972544820621,1582.3101165658788,1941.9468759831834,2.572392502985611
14104,155.58485863253233,-44.402626252465495,1588.6082261216677,1941.7769441082255,3.172640786434994
14105,152.6146457728273,-43.080500130488275,120.25121036712183,1943.3824926023199,195.75876164621272
14110,154.44552514565598,-43.90643362426077,1032.3781548923403,1943.555725137342,3.9040630604639768
14112,154.68355530804723,-44.01019140733258,1149.0217760128007,1942.7897485281965,4.619292166863132
14114,156.26490590984702,-44.699221328167106,1918.2631262676898,1943.486111639012,2.1104105363580135
14116,153.9573861448768,-43.69021158870423,791.5350362591838,1944.1430308781344,8.70996045465559
14121,156.27729618533377,-44.7057189669228,1924.5461268263714,1944.0814982201823,6.13703161795933
14122,156.31401033442148,-44.72101706944962,1942.09384740617,1943.8737203350636,3.8671793923173574
14123,153.40178706524628,-43.441862221698884,515.7031479678648,1944.88347162526,3.3478549064026475
14125,154.18662528733626,-43.79294334973321,905.0895479224508,1944.336307451071,3.102241170236908
14129,155.07028163366655,-44.18390078450355,1339.5093826085804,1944.5959748977255,4.557786436023963
14130,155.54753595578876,-44.39231346426547,1572.1029918283584,1944.7118155656756,7.182201219665896
14131,155.76820955649907,-44.48756391271062,1679.0358482122097,1944.5276843195245,15.4227264292928
14133,156.4570715397506,-44.784095582174075,2011.349091359928,1944.8502599927945,20.249419448572258
14134,152.59399808469541,-43.07626803299779,111.41166785127109,1945.9694867882902,3.0168098283821405
14135,154.71364874608412,-44.028978130053424,1165.3511880937167,1945.5277219497502,37.41758892797673
14136,155.03403750387153,-44.17076566852971,1322.5608885018382,1945.965355351554,10.12349856820946
14139,155.85235559038188,-44.52754011390133,1720.756887867806,1946.3342930344488,4.720528662058706
14142,156.18316312613229,-44.668705530385424,1880.1276602987602,1945.7432522585036,43.03101919750923
14143,156.3913043829257,-44.75802989621063,1980.310023908533,1945.8559316484625,1.528012628913377
14144,152.81305873057488,-43.17929633138472,222.42124372430547,1947.3327474633656,18.21289791584217
14145,152.97263110987643,-43.25206018810883,302.50055767311517,1947.319548725249,2.0578757014952815
14147,152.4069478797847,-42.994216486258246,18.259701745031222,1947.8855737218043,17.498681657951106
14150,153.15941085545285,-43.33896505552998,396.629936589153,1948.2945711978505,25.110528475113203
14151,153.55688069570888,-43.51906932791228,595.1027535129547,1948.4545984951017,731.1943631765315
14152,153.7372895687996,-43.597194752077286,683.9513128893132,1946.944938733221,7.511676569679066
14153,153.75107841922915,-43.6050121121793,691.2714703780273,1947.750127269469,2.74755037371536
14156,154.8475529909313,-44.09311899938581,1232.475361387359,1948.0869694953328,14.324567979487826
14157,155.57706494845212,-44.412776234911966,1588.5455805061888,1948.5219451098721,5.223968181428617
14158,152.3777326785804,-42.982751411230254,4.105095787132204,1948.8643051054491,2.6926102527665843
14159,152.7240937170622,-43.141686375098175,178.61528089218533,1948.846844832539,2.5024426844630083
14163,153.62332722660994,-43.550368578154696,628.571999888414,1949.134370845924,9.35704089508202
14165,154.17040058153682,-43.79460004064698,899.6123457861628,1948.7466100047195,12.455724607608067
14166,154.49256252508317,-43.93792210221218,1058.5592371549606,1948.843328529672,5.701599016803783
14167,154.65466668611367,-44.00953299205237,1138.2450830121397,1948.8022432099917,37.95179046764265
14168,154.9451771728935,-44.13899507524887,1281.11407172923,1949.5596420246422,2.735395732221664
14170,155.8835725271919,-44.54551876538454,1737.084333032202,1948.5827760172574,1.0991511939606806
14172,152.5755779210846,-43.07675789225655,104.79681500496865,1950.3856801892202,1.4301423104575595
14174,154.37757901605218,-43.88887444464805,1002.4731036430883,1949.8056271025828,195.46743727721145
14175,155.67067310479837,-44.45542504351619,1634.5282675575218,1949.5506837391486,12.70783798013003
14177,156.25352052001998,-44.706514936949524,1916.0653306103682,1949.5648004303218,2.6317496773963835
14178,152.65652354222559,-43.115866262338045,146.1449534653656,1951.3742925490744,3.672616002839351
14179,153.8202677578116,-43.64176036507659,727.2715027794428,1950.5746915500958,8.051742393468894
14180,153.90633648221768,-43.68177142887132,770.3788616093935,1951.2893690940368,4.09938417098292
14183,155.28916144061122,-44.2916462552773,1449.6667823225396,1950.589196148953,263.81236026085776
14186,156.28582758894416,-44.72351791098499,1932.461022140862,1951.1479112404968,2.9741470357188993
14189,152.75569149625028,-43.16262638865942,196.4257085661153,1952.0530011244637,4.4991508613706594
14191,153.4156933212798,-43.46272955985676,526.8946385750704,1952.1052012915825,1.963060720520116
14193,153.86159959338795,-43.66339804265962,748.6749237099114,1952.1158127114545,3.897841678361417
14194,154.43989884463087,-43.919645393059724,1034.0658723361928,1951.3574534606785,2.8158880517223404
14195,154.59163177074004,-43.987743351911135,1108.9831677888856,1951.815101016405,3.5669019222817093
14196,155.46161085925755,-44.3689322616057,1534.1956689777835,1951.667486065908,5.941135044960147
14199,155.85136220099093,-44.53850161407928,1723.3839117055609,1952.0162572108475,13.092767514238243
14200,156.209617017905,-44.69205132284931,1896.10807928765,1951.7368434390728,13.517822831289083
14202,154.15290359921727,-43.794862885706316,893.2708769706559,1952.7470614898189,10.585888830130552
14203,154.51095441224277,-43.9556492195239,1070.326025086632,1953.6037731309038,184.84655850431858
14204,154.62196145683168,-44.00273002676937,1124.3357971570802,1952.6011474898887,79.94179542672545
14205,154.70940074421785,-44.04191040388903,1167.4384449872853,1952.888135834498,3.6718452282500564
14206,155.09962465386235,-44.21273311586047,1358.3013974135938,1952.5484123798071,6.296541953546336
14207,155.1421899686562,-44.23138362267451,1379.0896360335485,1952.5578973817812,71.89039583844155
14208,155.4013540851997,-44.34467204617239,1505.4325623139516,1952.643931923378,5.336052799620341
14211,156.43589250339022,-44.791582032181914,2005.613548045518,1953.1083529693112,3.5696734264661756
14212,152.62826822641924,-43.10784769719075,133.3907442128142,1953.8091135775242,28.82266623828561
14213,152.88732194996734,-43.22778454692061,264.0242743901021,1954.544828750331,2.1891434549029514
14214,152.91872208359314,-43.24068031238337,279.35728981262747,1953.8408169694314,17.710376475288175
14215,153.8272454285789,-43.650961093047314,732.4865009662373,1953.5849613101782,3.268803156590585
14216,154.6735589740629,-44.028471123607964,1150.5134256907324,1954.0693865029032,20.976035294788392
14217,155.00425696469142,-44.1730842005618,1312.2969771303065,1953.6178135369732,3.085897298519277
14218,155.18429091282297,-44.251711573297754,1400.1671243428837,1953.5109658707265,1.7698151895081522
14219,155.8632313873884,-44.54779214538693,1730.2609842143602,1954.0952763616644,2.1616679816692
14220,156.0703883027343,-44.6365432700481,1830.1734251286775,1953.8617193084401,1.691949302328325
14223,152.4548073064083,-43.03094111060805,46.805309464032035,1955.1501410799356,3.0451957180647664
14224,152.70016212579353,-43.142048911740495,169.9404766338702,1954.4382671023363,145.38015144628392
14225,152.97827121167688,-43.27084855983012,310.1130500963183,1955.3412739200198,2.522712412922193
14226,153.22631534966064,-43.38339057653094,434.2134238752745,1955.259413169811,5.649993727532282
14227,154.07236484021033,-43.76285868710144,854.5707054920442,1954.6922940204174,3.746211215389673
14229,154.5480274889955,-43.975300442662075,1089.4802518601678,1955.2148021256178,8.80700114092144
14230,154.82520197189368,-44.09770669667818,1225.5728878600576,1955.2598308415916,5.6679776412001255
14233,152.90196977099367,-43.23720605530269,272.18385047418167,1955.8999030278826,2.6725935628890523
14236,153.7533319792453,-43.62297336152365,697.2919340913869,1956.1517437786713,15.425436393729893
14237,154.57900884338412,-43.99096367717511,1105.2670132301635,1956.1885809479018,1.3116101149098112
14240,155.48821134962893,-44.38944151822783,1549.5908153922992,1956.1238369861692,1.402255299417704
14241,156.16859688960375,-44.6819864133437,1878.389179617227,1955.4948926642953,119.51620150910499
14245,152.64629933716876,-43.123093957849335,144.5426916678563,1957.259679419434,2.329159522018244
14246,153.21311050218617,-43.38213348340383,429.00041933821166,1957.6003211058803,17.893866685941394
14249,153.88197221960084,-43.68197980018977,761.5029757509117,1956.803636402045,6.828853971652896
14250,154.40149396937792,-43.91415523267417,1018.4274855008348,1957.0901254509197,4.56564624341857
14251,154.7682819179741,-44.075452318894996,1198.4603324789277,1956.6579924455457,3.375452837987854
14253,155.3037763925444,-44.31190972940875,1460.6359546372514,1957.5048673151612,2.0390959694456776
14256,152.99018347917635,-43.28265347333561,317.96510737785877,1958.4968608250254,2.0830286093877195
14257,154.177025164534,-43.81588320539593,908.127249893068,1957.8445918838274,2.080218692723426
14258,154.81122579304522,-44.09660544633264,1220.142584144171,1957.7714027973282,4.765028112614198
14259,155.24329715553947,-44.28687628660101,1431.5470246748919,1958.1823902907502,10.047749076904903
14260,155.37504212641292,-44.343732611742915,1495.5388901846725,1957.8834519068303,21.167296407085427
14262,155.7999819449747,-44.52938195332867,1702.094601149436,1958.5346219676348,1.4075789953149627
14265,156.134029967682,-44.671748306604066,1862.9809492631616,1957.7893642985744,8.975445822068659
14266,156.46060556384214,-44.81250258368013,2020.2524571287952,1958.2937318622387,2.775805519964842
14267,153.00072206132597,-43.2897068667401,323.91087984279557,1959.6124689307394,3.2540929546474926
14268,153.01408189374678,-43.29444356783956,330.20815112180924,1958.947782220838,2.0948936794389117
14270,154.9775925277993,-44.17179325347121,1302.1680670470585,1958.796080334571,1.5239290586614678
14273,152.76052828638663,-43.18015019162334,203.39808275461147,1959.6209035706108,5.99295319144006
14274,153.44386521357882,-43.49140779846478,545.5915078431867,1960.0054599418963,59.490397477049875
14275,153.89048138574972,-43.69192435200582,767.4885680534989,1959.8448744403659,5.365107313666808
14276,154.2826596646107,-43.86746059522015,961.5769612406611,1960.1102891175874,2.5514879642320416
14278,156.17344991546034,-44.69285854782271,1883.1016041725368,1959.8838409589148,4.836138581955163
14280,152.52046175388918,-43.072685468658655,83.3585720880856,1960.8687856142712,67.71870407792979
14283,153.91306409292315,-43.7049404957911,779.5175762891856,1961.285200905891,14.451089051794284
14284,154.3507502489774,-43.899481635125284,995.6551020378913,1960.9874684552544,5.458560527540332
14285,155.0906268651548,-44.22561475500274,1358.5967809267756,1960.919834437955,9.377327423557647
14286,155.59537874738942,-44.445250746410046,1604.1767130860828,1960.7474935862867,4.190474434881306
14288,152.38772438618386,-43.01462617146638,17.313620556425963,1962.3302277753962,65.89805110644001
14289,153.35549134699593,-43.455454412881565,502.6866517986416,1961.9773016794807,4.354614095027361
14290,153.64189856020806,-43.584793257512565,645.3692550493067,1962.0507480694532,81.94905034963602
14291,153.7213242274711,-43.62038011973361,684.8034582214963,1961.9913152325967,7.86182097687382
14293,155.40693163001762,-44.36630703023673,1513.4530347811638,1962.2111956707868,4.210510547390619
14294,155.86259069847324,-44.5619693681894,1733.892632172588,1961.305001111506,6.983340877239644
14297,152.4836563493317,-43.06060955145209,66.25221570169678,1963.2534171968143,126.5842100126814
14298,152.6781118924878,-43.148602794701915,163.79760399903742,1962.6644067282668,2.596193828329283
14299,153.50634464070626,-43.52551116131312,578.4382257863451,1962.9314327442648,34.641045487623906
14300,154.50223042403272,-43.970131930827314,1071.2323156800765,1962.717165855809,8.06567807205321
14303,156.06055832805134,-44.64966875938304,1830.13656740084,1962.5219235858672,91.89270983112608
14304,156.2734874235044,-44.74205459327992,1932.9428669519991,1963.044615542538,4.883127716480835
14305,156.45003352453264,-44.81642675093548,2017.4408100915778,1962.5083445457558,2.688415044201668
14306,153.41061398825937,-43.48464450099967,531.4241705317841,1964.0930770807017,7.24338283479867
14307,154.98645238356212,-44.18455634855314,1308.9821874010013,1963.2111834995576,2.5414735831761046
14310,155.61800936864634,-44.46130699871484,1616.8686018179435,1963.8590270593074,2.5292931679388735
14312,153.74078213244778,-43.635123971630804,696.2033176345379,1964.9671055802014,2.318252789864381
14313,154.24444474193945,-43.86062282139156,945.6196499877346,1965.1527217646092,7.609540902436314
14315,154.84405064051583,-44.12583092409397,1240.3751109407183,1965.1202297217776,18.797321518770282
14317,155.13714083198082,-44.2548243167841,1383.7666815852938,1965.3240309113714,3.9465217606918843
14322,152.8436613612902,-43.23138975285005,249.07345073152572,1966.1762510803023,4.773964782900378
14323,153.75604327137813,-43.64392168457607,704.3425251261162,1965.9313777793243,4.4951798645706065
14325,154.128273222805,-43.80946146069214,888.4184755668683,1965.439672035385,6.241589496498521
14327,155.34920062420144,-44.34896836937386,1487.5276687107976,1966.0978424864252,9.128764526415559
14328,155.55693957674163,-44.43838926791287,1588.2241244534412,1965.6394049609682,9.663938365239995
14334,154.23011574839194,-43.8577396473723,939.5452518595092,1966.8861333255627,16.269387736601033
14335,154.33765587491533,-43.905490286214736,992.566092395945,1966.857820073998,2.6923693855320696
14337,155.60188023463806,-44.46015669355582,1610.6512960062328,1966.7710944014632,2.5599776369270355
14339,156.37726638342062,-44.795215903450575,1985.164323985892,1967.4313024887063,6.613896283389073
14340,152.42912773033208,-43.045144632143604,41.63014292163684,1967.9931882361072,20.92367593687354
14341,154.27515605745862,-43.88098173000519,962.6814736141141,1968.4782473630883,13.884674125920762
14342,155.03290885133475,-44.214395162049,1334.3311531503275,1967.9198272458266,6.756317709586144
14343,155.28321145784952,-44.32547141803355,1456.8664624083212,1968.7242492199575,3.0579715695293106
14344,155.65736858599448,-44.48651247780833,1638.1859685630066,1967.9208895018462,7.371552152330031
14345,155.97025821843232,-44.62120381170893,1789.3930472769084,1967.7032468907917,1.705332838906112
14346,156.35881889093886,-44.78863104898323,1976.655645806064,1968.0792153938573,3.0326954357639053
14350,154.955123340873,-44.182926869823135,1297.0536555583078,1969.2399176505978,2.803594358432068
14352,155.57789458411568,-44.45370414022131,1600.1026623105533,1968.7399454215197,20.214703946375877
14353,155.83485375187752,-44.565527638027895,1724.7186751085933,1969.0503955026916,3.7167533063350895
14357,153.74096333075417,-43.64550378469462,699.2714467690055,1970.070944554169,7.793295713149789
14358,154.04876868277896,-43.78276290682868,851.6281440131968,1969.7923507883513,1.408076221257909
14359,154.4119385651024,-43.94432047731795,1030.825124929494,1969.7693190573975,3.0392731794479224
14360,155.6767682069783,-44.49879034584291,1648.6488758441762,1969.8530227721074,1.8224492727804726
14363,153.1338136015098,-43.37341500387674,397.35786211372624,1971.089237314327,258.9252710180568
14364,154.28240643690748,-43.889693429415175,967.8215961012826,1971.2024813052547,5.348652334018894
14365,154.8153009850864,-44.12484996293144,1229.5703398968535,1970.9224421618428,2.4122985863341304
14368,155.62357497376323,-44.477971908882196,1623.4804538457886,1970.9623291042449,9.94209327868568
14370,152.52702931160485,-43.09829766629764,93.40740500440069,1972.0282689312623,3.353386838320465
14371,152.74064016009888,-43.19636279083349,200.9122695936976,1972.1264254786709,2.4505524606174074
14372,152.76978637132058,-43.20905345301362,215.36410888713488,1971.8133454255048,3.3792210159233385
14373,153.11809801437798,-43.36839467144307,390.12024320990236,1972.1359902661748,1.8633912628314617
14375,153.6757922088553,-43.61941554066742,667.8302998928403,1971.6528802505445,5.78025358513984
14378,154.71163405286708,-44.08064599335495,1179.1704264205844,1971.6520195315852,2.812255061150794
14379,156.0467977836629,-44.66290187384418,1828.6937364611322,1972.0781734570062,2.876929124354523
14382,152.9417476791996,-43.29046704423632,302.5052204241099,1973.2687750269506,2.0615935215159427
14383,153.09881433079588,-43.36132330048684,380.9709611848296,1972.9709144860028,4.278063314198249
14385,153.87824382368674,-43.713178665964435,769.1256159956482,1973.100320676172,3.4278326376338812
14387,155.19772582453092,-44.2959947522245,1417.3963347301021,1972.6307203318395,1.803453549434195
14388,155.8813712491175,-44.59376833648165,1749.4281942139344,1973.124717065831,1.5071648831157118
14390,156.33307226153303,-44.78773754310105,1967.0092790529511,1973.1297579410948,4.867827873888795
14391,152.90897449643194,-43.27656998919944,286.38428066276606,1973.7824065718669,73.86362256135767
14393,153.72652969831955,-43.647017141321136,694.4183137741911,1974.0329893362625,16.328537060902864
14394,153.89607173779675,-43.72276609786695,778.4212315181235,1973.8956221539997,4.441201305321142
14395,154.53457061105533,-44.00763614989348,1093.7022924305486,1974.2364694383,5.798078854742516
14396,155.25495772849402,-44.324073061778805,1446.1382378414598,1974.1660133874173,1.5948703495587282
14398,155.6632201393863,-44.50096222590256,1644.2890178616958,1973.8599148153519,3.4184709189341813
14399,152.53983172185542,-43.11008623772403,101.6173271094051,1974.9480523090836,5.472350777574253
14401,153.2392888539792,-43.42838321562652,452.1558600770999,1974.6149633239718,4.725616752231866
14402,153.30339805739405,-43.45832771434838,484.4242815530639,1975.0658346074997,3.376358112119855
14403,154.7834266232669,-44.1196889892484,1216.4481428230567,1975.3328509825624,3.5178858812032066
14405,155.0466868558726,-44.23391922551789,1344.8251517118956,1974.628818859618,543.4463182115004
14413,153.35037801495105,-43.48168689832689,508.47456035938797,1976.107663135662,8.310723314015537
14416,155.98097492262187,-44.6436457211062,1799.408626838222,1976.5981004039224,8.673191016616334
14419,154.12281110488777,-43.83056035967909,892.45596577609,1977.115809508623,6.246933386387152
14423,154.87811756728567,-44.16414976030581,1263.5998268459416,1976.7244189705377,6.39870602160398
14424,155.93309413307972,-44.62289127328625,1776.2654131643076,1976.5303782593746,5.037327400679601
14426,156.14907632317593,-44.716699111331295,1880.6361660336754,1977.0052576379715,10.538621608812187
14428,155.63067251842153,-44.49563964697845,1630.9258596017903,1978.2344187256901,1.4838326069776124
14429,156.04912241627713,-44.67598570792235,1833.0907156600251,1978.1084960282572,2.170719987267854
14431,152.4131757191769,-43.060686860186486,40.42795272932121,1979.287477021447,13.318645760734714
14432,153.39930901103585,-43.5094525497539,534.5161211353985,1978.9037932506083,7.429019937140514
14434,153.95474125731567,-43.758581859681925,810.2267084905618,1978.637255104235,11.925666246280192
14436,155.61214767525325,-44.48921018626067,1622.3865285683478,1979.0313879353105,3.358727071314357
14437,155.89299488166967,-44.6099143229945,1758.0757283708062,1978.6777874620986,6.115580319391253
14438,156.26503736128768,-44.7703286945826,1937.4716027520926,1978.9703281707966,4.260289136359637
14440,152.42136480631262,-43.06592865211307,44.997653201097705,1980.0159017233686,10.370979067406614
14442,153.33796551365995,-43.48374699309873,504.5264318144557,1979.9058583595188,12.31861384154226
14443,153.71626438322568,-43.655501969686846,693.110719333527,1980.521952752163,8.282079135845251
14444,153.8833418010344,-43.72852583072314,775.4151022182418,1979.5768780169228,130.2846494844567
14445,153.9109623789474,-43.74216980948348,789.464363399902,1980.210909444195,4.90563579403962
14446,154.63895129366895,-44.06557882903557,1148.3055934880244,1980.1023121203518,5.4515365755501834
14447,154.9646611224478,-44.208614371852136,1307.7313458379679,1979.933729193923,2.790154160324302
14449,155.55233375820302,-44.46466971040386,1593.768201341992,1979.7300729072354,2.95156168450114
14451,152.33532656090125,-43.027406903501145,1.9252586963409577,1980.5461147202102,34.82842884376054
14452,152.6762913029157,-43.18364476332074,173.5423822603299,1980.3882545624647,3.8613229000482985
14453,153.13272824729887,-43.3921639885837,402.46716477725784,1980.6075430820408,18.13988582731456
14459,155.48820292063257,-44.43894201665112,1563.2308750193993,1980.7862039474176,2.956640187881449
14460,155.64709861634887,-44.508334534010494,1640.415402414424,1981.0144022233023,9.248657032457862
14465,153.50686904498707,-43.56551924292641,590.2704020660672,1982.6273256148154,2.572312349877817
14468,155.06857662067117,-44.25670493451388,1359.1932281848278,1981.1937375798875,3.6659629444363016
14472,156.44769005406698,-44.853733326166825,2026.580092571001,1981.648044512351,3.5928262102534525
14473,152.72607950000886,-43.21144651225104,200.04914134889592,1982.8690268675848,2.0574160670238015
14474,153.68777264106092,-43.64814875666662,680.5420860707213,1983.2209536663115,334.031797168573
14475,153.8925938677513,-43.738860172877274,781.7814275896637,1982.6463721017842,12.527167509709976
14477,155.70048329623805,-44.53516515264795,1667.2873245282706,1982.8674020315443,7.786359941135042
14478,156.02288321815973,-44.67393201213693,1822.9456507543928,1982.7128151371887,294.8609486309184
14480,152.79688953325913,-43.24626622109653,236.32828648190406,1984.0831310509523,9.681672764065867
14481,152.9484418441038,-43.31579612589848,312.4346425802637,1984.2834458484747,8.478735574178547
14482,153.05848310452436,-43.364711727314464,367.182259768609,1983.7115313645731,18.735921360879736
14483,153.97286620376178,-43.7779073890622,822.4218996722453,1984.20143280669,15.682528495845174
14484,154.32952103832565,-43.93653039217655,998.4203436224287,1984.0601767034177,3.272204062127233
14485,154.89551725358368,-44.18733516352986,1276.4675093496348,1984.4504454528608,4.524640891732281
14486,155.23200585590874,-44.332280519994264,1440.0177580611035,1983.2386812272937,3.162487429835944
14487,155.46185119592442,-44.43360064411751,1552.121048240719,1983.830056868518,1.2656076198802726
14489,152.5216700355245,-43.1219240848564,98.48888463766183,1984.9093386279364,1.5513817821916396
14490,153.32100534722903,-43.48718666387577,499.31565090721017,1985.4051633621018,3172.4435299527395
14491,153.41647432905933,-43.529063914253435,546.5268186138617,1984.7737615995673,4.136225264501178
14493,154.45331228254832,-43.99445610487724,1060.2094215086772,1985.5579447399023,6.141677578587641
14498,153.26512381284817,-43.4625391453358,471.62737190458034,1985.724955401056,6.405079497325504
14501,154.991422575125,-44.23289869388201,1324.3142182209529,1986.1722454532855,2.3793588030155566
14502,155.10899917862076,-44.28425892216591,1381.6632300890997,1986.0978123133066,2.8299596568623784
14503,155.84235510270815,-44.60208363790913,1737.433050635397,1985.665532615374,75.08506233250192
14506,154.26580406539304,-43.91510512565109,968.9837060892294,1987.4778307886286,3.2665832994989876
14507,155.5118987381879,-44.461675964609036,1578.1581490207889,1986.9834011642665,10.11138333902408
14510,156.07960825235506,-44.70669255234717,1852.549401571984,1986.8944874108702,7.415967939324643
14512,152.32723652409805,-43.03838552412506,2.2493663139997406,1987.8026032178684,4.493076675009004
14513,152.38959626387543,-43.067094942857274,33.70127746068498,1987.804120762655,2.5725778765088094
14514,153.067921720045,-43.377820619511816,374.49837612113765,1988.0725604198178,97.88674508818579
14515,153.15136954106165,-43.416307205497645,416.38861080871175,1988.3645449739306,6.867679272723712
14519,154.41101747228322,-43.98017558991087,1040.6703974172326,1987.7748703860893,25.266744146693743
14520,154.5546753746654,-44.044396733608856,1111.465760111473,1988.0786075715391,93.40586763481568
14521,154.57634415154158,-44.05262616353968,1121.7252998290094,1987.407878969028,4.065336047400717
14522,154.70187645481866,-44.10817833405152,1183.353636832315,1987.472673642068,11.699637009825228
14523,154.94883782901186,-44.21688901572004,1304.2551393525164,1987.5023622866922,3.5347132739446327
14525,153.0968750341369,-43.39173739849028,389.2012085266655,1988.4492390580508,2.5254332262093704
14526,153.35336674113697,-43.5094266291726,517.6717492910853,1989.1685538989555,3.874330910359756
14527,154.03324448025955,-43.81446990819,855.0353281287306,1988.9558416552711,2.645319234853105
14529,155.38715194090236,-44.41290758870367,1519.092307463665,1989.7065164790636,16.92544791391002
14531,155.61522357066977,-44.51049912734238,1629.3559055394578,1988.9753236441295,3.6190997074729925
14532,155.6483561426346,-44.524397231895975,1645.2806530601383,1988.7477530110991,5.973301452084062
14533,155.78868011893465,-44.583725738401036,1712.8065678945866,1988.0665954314757,2.834185737430848
14534,155.98756388445278,-44.67012988424369,1809.0094039837645,1988.3957804962192,7.661987505493343
14538,155.4952099069222,-44.45944497309161,1571.4418564797998,1989.4825868707837,11.758400572158239
14539,155.8495203507778,-44.6146569642352,1743.4798665225474,1990.3934253043108,6.880907668945968
14540,156.4267131092035,-44.86233305296409,2021.2264972465969,1990.4142650897247,5.741157874475008
14541,152.58857556912216,-43.164422502408726,135.67415201584436,1990.7399522082112,17.51466329354188
14542,152.7030862130541,-43.21616207407763,193.02124192487102,1990.394183532852,2.647900484197976
14543,153.1348107253388,-43.4134619644083,409.48540067316856,1990.6743456992874,20.27904525453025
14544,153.73467748036794,-43.68522755480537,708.4542688847822,1991.1533673658816,428.34439003985295
14545,153.909069855595,-43.762753842770344,794.695540237134,1990.8352455900963,17.029651499399268
14549,155.59548814336873,-44.50476521972357,1620.5672140848667,1990.3807919924589,457.2844710052576
14553,152.36762538016842,-43.06578675876771,25.25779670876874,1992.1479713969632,3.7461687410553677
14554,152.8032795366617,-43.2656109400591,244.39946950615513,1992.199903355681,2.2155296229930155
14555,152.90521497145537,-43.31117662225637,295.2287870158049,1991.735866015385,2475.909915018982
14556,153.48416920894064,-43.57351260001719,584.2786499930806,1991.6535463957039,114.52333275260153
14558,155.05487759008108,-44.27193776867645,1358.4292933228737,1991.7560859832213,2.108942778828703
14563,152.94674099782182,-43.33287015926007,316.84934066555206,1993.1066950021689,11.462870998518891
14564,152.9936166327513,-43.354486774404194,340.39957124314253,1993.2433064857535,29.464510139947574
14567,154.31809806087492,-43.950248355218925,998.1421807575813,1993.3867891236237,1.7063703746050498
14570,155.87310772022866,-44.630230261281994,1756.342152456112,1993.0857840179942,32.42792962679938
14572,153.1938362286428,-43.44635373312518,440.7641137869529,1993.6987563768168,4.240845906555634
14573,154.33643812649547,-43.959311656292755,1007.435578823674,1993.8432142244887,7.737299270529025
14576,152.42074602561758,-43.09543540912497,53.59238841681904,1994.7206016264015,19.05155623244258
14577,153.0754529079999,-43.3947764131898,382.24523292225064,1994.7648335160175,23.85285972545154
14578,153.86565631519687,-43.75145552003302,775.5421626602791,1994.8685638866632,19.0511890366605
14581,155.15801663320477,-44.32427160745808,1410.7290549680251,1995.3388215963876,3.527858990105012
14583,155.93338420739585,-44.65985370407704,1786.4248272728357,1994.9042080708525,2.223260705870007
14586,153.96142259820454,-43.796186867684995,823.4834113840875,1995.8009178070295,3.32296286706458
14587,154.00337113568085,-43.81485823414355,844.2067800636362,1995.7640059706484,1.5819412508740007
14588,154.985352341313,-44.24945820754478,1326.7208552368074,1995.731559034856,3.33587493738058
14591,156.05290595005755,-44.712649855111565,1844.4104195216412,1995.5909798972716,11.459912146629343
14592,152.6522261580467,-43.206402683531536,171.4856083821761,1997.0707582958905,104.27501963828855
14593,153.3763666693257,-43.535221452428395,533.6281519516646,1996.7897173746499,7.2553525272234305
14596,154.62713282088848,-44.09392921810825,1151.9808407670114,1996.7791712897174,3.509300844665561
14598,155.49493879689436,-44.474266486250045,1575.425182851506,1996.9234105141795,5.866331213801912
14600,153.49273522055157,-43.59101639444768,592.5097664266577,1998.406885900254,4.277734283011648
14601,153.53272506423315,-43.608826442124176,612.3353384692572,1998.3004096929226,2.906999463986757
14602,154.73300180449286,-44.14263282223191,1204.444940720903,1997.7754392716568,1.8688431961348064
14603,154.75360434946316,-44.15137394913206,1214.442031449603,1997.6086152296373,1.250386558884553
14604,154.90390936248696,-44.21832210620393,1288.2187452418198,1998.0236020304394,3.4654875176030258
14608,152.51429649555914,-43.14608899182133,102.99366283333426,1998.510595133756,3.1685309171370624
14610,153.7271648673302,-43.697958945242036,709.383942805752,1999.1319591425513,7.65914402789684
14613,154.80179265960462,-44.17468436308989,1238.6235201214815,1998.6492495179966,1.5084958443194618
14614,154.86279716591343,-44.20195014240039,1268.5918536854185,1998.8651841155813,43.78468232882337
14615,156.03870384736618,-44.71277691456473,1839.2586238502108,1998.6993775606977,2.4763692042342873
14616,156.10831550671332,-44.74430846154817,1873.2145149906203,1999.5137249972508,2.610484457966781
14617,156.14071019307954,-44.756675340254674,1888.3854979126002,1998.7485388580492,5.383669534767873
14618,152.63235685121586,-43.204124154349536,163.52881408196137,2000.4388673343683,3.5342880902728706
14619,153.75429023942064,-43.71215422823107,723.4201291135557,2000.1327346127225,5.830883089888453
14620,154.37579412433783,-43.98929872494582,1030.367888281743,2000.058273531717,30.05153882693426
14622,155.19769918777806,-44.351834373746655,1432.9000319326856,2000.425356134521,2.2866054272028795
14623,155.68537050591002,-44.56195638594014,1669.1015036273022,1999.479039094143,9.050261571476213
14626,155.86707975338456,-44.64377103215444,1757.829221483423,2001.133680260048,3.199461466611202
14627,152.77497040710634,-43.270688281517344,235.53145987612368,2001.0965064196234,11.112362676808424
14628,153.97165738212794,-43.81054719426096,831.3570257270671,2000.6521762349282,4.5669343006244105
14630,155.1431333906636,-44.32859717658919,1406.4896491364727,2000.7282003194593,107.63437401741977
14631,155.23319977448165,-44.36886081740126,1450.6061232439472,2001.184502478614,24.13400114815343
14634,152.46714721812296,-43.13168999054531,81.42386358032832,2002.0896001986457,2.5811495046608997
14636,153.06425422653263,-43.40471021049226,381.0645002192883,2002.1928347484045,5.909628721329972
14637,153.2792815233798,-43.50222390430407,488.42671276067244,2002.1884860958648,12.89822177689177
14638,153.28956072497033,-43.50685326514535,493.5455353064067,2002.177077756601,13.158388014544613
14639,153.83097218622706,-43.74983283051446,762.3738040544442,2001.7645588015216,4.103902547164742
14641,154.70191106100066,-44.13690757673583,1191.4583691728135,2001.7397497228853,4.500071173571012
14642,154.92653091030286,-44.23600975421385,1301.4450718580165,2001.8784921463734,6.178696199820169
14646,153.46702108145354,-43.58878396389093,582.4426637325911,2003.0427522355951,2.371338931200527
14647,154.33574990883156,-43.97762810891594,1012.3944687482601,2003.085398746012,5.878149438863809
14648,155.15445211876636,-44.337928081941534,1413.2233344782746,2002.908525659178,6.515986669295923
14650,155.49607859669248,-44.48647989561129,1579.2053627467087,2002.7596049200547,3.3143156217400467
14651,155.52881335004574,-44.50064659665802,1595.066812438384,2002.7369959357184,11.75807903776111
14653,156.19182517159808,-44.786234835700746,1915.0271982222864,2002.5637639335882,13.620276916267716
14654,153.08717432484417,-43.41841392336875,393.4891059469276,2003.8198372273155,2.178079306540885
14655,153.1086331728692,-43.4292781258098,404.5413018828743,2004.3731535603968,5.712215060557256
14656,153.66069289019103,-43.67833699241972,679.3650666536664,2004.2037857820897,9.578600974525576
14660,154.25889273838013,-43.9448486701301,974.9325115921944,2003.7615253214428,3.6594848287752875
14661,154.75816979801877,-44.16619889453064,1220.2812184931986,2003.9761658764367,3.9570532008072243
14666,153.40633526218733,-43.56524283692748,553.3611475328061,2004.9476681974115,22.394542041761714
14667,154.01708519016304,-43.84007771424342,856.4652019954691,2005.23135465522,7.220698841217928
14669,153.3033084139549,-43.521137616682545,502.75690450249425,2006.1665950440447,3.088664122283135
14670,153.95731520546767,-43.81518763519634,827.4399604987932,2006.1305623509309,13.988712215866041
14672,154.53827783186193,-44.07259036630129,1113.4397828489173,2005.6813387488332,30.93627400421692
14675,155.86771913994588,-44.65407337564628,1760.869342837543,2006.1328425157446,1.9315243641133866
14676,152.66243598826608,-43.231760549335654,182.76125014815347,2007.285525689824,2.858264537555551
14677,153.0070934253713,-43.38839148050713,355.32570097759987,2006.973051117135,238.6198161907315
14678,153.03752886753105,-43.402166188256906,370.52771522117405,2006.9406471718032,13.484487227689458
14679,153.77943746272635,-43.73660132420073,739.6885103462334,2006.6556104288632,17.83765986672457
14680,154.89090320864742,-44.230099143321134,1286.7606271837258,2006.7183302813323,8.53176518966471
14681,156.1718504967356,-44.787510714845176,1908.0813273146696,2007.4728794649761,4.400526890184092
14683,153.24203933656108,-43.4982091169878,473.6131932305343,2008.54428404028,270.5041520654907
14684,154.2194321511229,-43.93605284960907,957.9830147032318,2008.1035985592066,3.966595387424389
14685,154.24158173237248,-43.94488089099353,968.6066044006834,2007.5960664618367,24.214873769438512
14687,152.8209260282478,-43.30848013922523,263.5543594681038,2009.4003973846743,92.96200062445922
14689,153.47299666923735,-43.60269383511478,588.6795810382345,2008.5939545834729,2.8508381473628317
14690,154.5996860731757,-44.10653494011675,1145.4980269934917,2009.0606988535408,16.96865480328703
14693,155.90517897537225,-44.67512554044179,1780.2787648493866,2008.5790421957793,7.487528816430937
14696,153.49481958968917,-43.61548228882148,600.3902565354117,2010.0532980628695,1.8717568036919383
14697,153.67217366658906,-43.694208556787174,688.1644503217367,2009.5091387259274,2.9470162650947263
14698,154.10864628083226,-43.89078665954312,904.5064831156056,2010.1204114608893,5.683714589547142
14699,154.73914366140863,-44.16933976382875,1214.2058011465535,2009.700811755094,13.187489217685656
14701,155.55740213020397,-44.527289602966256,1612.8385555827676,2009.8290330961297,5.477676081403945
14702,155.715319570705,-44.5957250161602,1689.2857166909548,2009.8507408456317,1.896647679316902
14703,156.22373043773007,-44.81395042909155,1934.1452365969549,2009.5755603723496,8.13121668801953
14706,153.55390856145655,-43.64393234669865,630.2913024165001,2010.957314141636,13.31054730327368
14707,154.57045206659245,-44.097335991296276,1132.206253635461,2010.9065119798151,87.74383808477549
14709,155.62091447921986,-44.557099265441224,1644.2238402317041,2010.9640908238634,11.487537936025385
14710,152.30665772567232,-43.07812804738377,6.6203905164290395,2012.0872169532104,15.498718218346829
14711,153.64650755564034,-43.687136146325734,676.7207215761018,2011.7196487306946,5.610252358879248
14712,153.80643729790307,-43.760769553605435,756.5467382330822,2012.6320018892627,4.392129733177594
14714,154.47004245820688,-44.054641388431165,1083.3956610557873,2011.7604975224237,22.201045517731473
14715,154.5067853317953,-44.071277282548614,1101.5477700131903,2011.946028330785,4.241223090521787
14718,152.52439233911406,-43.181000126624326,117.10106970418533,2013.4568756170827,2.3367438948404056
14719,152.68296104859695,-43.25228611514021,196.3744313078809,2012.7833782139462,43.30029388252257
14720,153.0438486853526,-43.41609713327151,376.9416830387513,2012.407326454836,2.0425830407202796
14721,153.39263416116475,-43.575480199570094,551.329810967303,2013.0760588254,19.590920462511416
14723,154.31216734260585,-43.98619722717746,1006.2037842497912,2012.5334331371635,2.6606398332942423
14724,154.42822679079242,-44.038552608471115,1063.5377550461164,2012.9677750627727,11.814058909009653
14726,154.62551375924355,-44.12639330497855,1160.550124200667,2013.2591875594624,7.8321867922379
14727,155.0715954497487,-44.32216499404632,1378.5458691709023,2013.096557651226,2.154740884641795
14728,155.43955036831116,-44.48262908555749,1557.4900924499636,2013.0725363787903,32.05171007813575
14729,156.25367563065157,-44.833219738359574,1950.2620576315974,2012.795317343061,7.417836013193396
14730,156.34704173758487,-44.873602122388384,1995.179368516022,2013.0272358605362,2.6654937517854007
14731,152.8590426869778,-43.33540631360046,285.47607339390754,2014.1120691292606,47.839521490254704
14733,153.8530828541587,-43.78396200224844,780.3049540742759,2013.7684603892976,10.26027650813145
14734,154.6697655264324,-44.14719183170579,1182.5981529445717,2013.8908510483648,1.340813411702567
14736,155.04770067065107,-44.31439794746892,1367.646829832807,2014.4369340011483,2.343066085521572
14737,155.92001439031802,-44.691880296211586,1790.2523869599297,2013.7467042129942,3.2380202311365234
14738,156.16086917595868,-44.79755720409883,1906.7867248689256,2014.835221765378,6.481788413270116
14740,156.41152202317804,-44.903797079276664,2026.7965705663883,2014.3603247545973,3.7197970165033936
14746,156.27936553244012,-44.84951852848248,1964.0206124536478,2015.444950621464,8.424948933336031
14747,152.5854430171642,-43.214587069043525,149.45988704729874,2016.217234660822,2.3231634133987313
14748,152.9451356380407,-43.378018918426754,329.58106093667357,2015.7828042170504,4.318544886046695
14751,154.779363709049,-44.199319114567665,1237.3409920318397,2015.796596811733,15.825812957291214
14755,152.3116739116995,-43.090589700526635,12.19168210148692,2017.0947225585346,2.6340291134606493
14756,152.37596515204274,-43.11979429823254,44.47506605271436,2016.9034668465908,383.3055924929864
14757,152.9727233373679,-43.39215842582232,343.8505609642405,2016.5642906919995,3.700829472169786
14758,153.533651588746,-43.64607651104626,623.499143970367,2016.5355950337,105.46971350454355
14759,153.83467751457945,-43.78124486437253,772.786361023992,2016.5069221336844,1.8578355774781792
14760,154.33719661261117,-44.005313545447954,1020.7984188414002,2016.5055451016913,3.420760139722521
14761,155.08348681416027,-44.33441288303297,1386.304628789613,2016.5992819485161,33.23853019684024
14762,155.44720856129192,-44.49310091434115,1563.1751120301885,2016.6289671917455,5.74549583337668
14763,155.58594869586673,-44.55359370277123,1630.4915645674462,2016.765485628127,7.859235915381932
14764,155.6929139654157,-44.59997573247703,1682.2673195585985,2016.7974535616854,6.50659344400628
14765,155.78830680683404,-44.6415069090715,1728.4479750187945,2016.9492823884432,10.51833407524447
14767,152.62206936462664,-43.23591100447662,169.21356944183913,2018.4606091009146,31.93041408639497
14768,152.77436721501795,-43.30380162200434,245.12114338633285,2017.5899055793593,1.9613157936794061
14772,154.2643237069111,-43.97706417444771,986.1011641227439,2018.5469478279042,2.4831911728733234
14773,154.839982106436,-44.23053159730054,1268.2640583901543,2018.0557044522059,2.458559226151075
14774,155.30021743750976,-44.43120822016806,1492.3792664037414,2017.664918167024,16.455154839002585
14775,154.4657862440942,-44.06765233723199,1085.5261279291346,2019.1547291911322,27.830152594620085
14777,155.28296096593908,-44.42690128449265,1484.8823132177613,2019.264856016797,10.067887116261964
14778,156.0620879793639,-44.76379215372706,1861.6157661992847,2019.1361535624335,14.934643721911232
14779,156.35374865907067,-44.88783946927493,2001.4479520195132,2018.705383570154,288.31015492613335
14780,153.6835430283007,-43.721149861298876,700.1241184813892,2020.3221395801106,3.362735706525979
14781,154.91064168120062,-44.26547407966858,1303.882684100643,2019.993250365201,3.2190667981811494
14782,155.2339265680766,-44.406561154244216,1461.3306663629712,2019.7858041175216,12.445465421984698
14785,153.1730720414569,-43.49141861277374,446.3746542360466,2020.6431152771133,28.187511883706843
14786,153.47755354466,-43.62953740750777,598.1590870214096,2020.863324504521,52.3951137093201
14788,154.8534664960813,-44.24180901836997,1276.3554547096,2020.7143924832046,5.7658191240891865
14791,153.9774429110333,-43.854939230598106,846.2243506887183,2021.3760952210446,2.1377404992493374
14795,155.17079234339374,-44.385572653599255,1432.4389231923053,2023.057794534597,3.3400013099752157
14802,154.09121525968908,-43.909025385859216,903.3495643737263,2023.0173621984313,6.225524076300355
14803,154.28673122410262,-43.995219826772065,999.4683655932721,2022.6149240427617,15.434161683968076
14805,153.0594931371827,-43.446249990029884,391.5388696404253,2023.7984200257754,6.997212934010388
14808,154.2603364711525,-43.98661846963448,987.3653935503954,2024.1656394581032,5.966564853433883
14810,155.36003968947836,-44.46931239678092,1524.7709044581359,2023.6608581858163,5.467640848870835
14811,155.45955766502166,-44.51220677798017,1572.951504033397,2023.4695189219497,1219.8841104127364
14813,155.66815063206863,-44.603230210475104,1674.1178406387812,2023.756753226197,2.4446887338486962
14814,156.0433635390092,-44.76578199149054,1855.3234863404025,2024.140392196814,3.8648788369461258
14816,156.15967386899015,-44.81507875156997,1911.081479665849,2023.8334547421186,7.623808611611214
14818,152.3784431608436,-43.13695681267991,50.51658551527407,2024.808278957518,10.923926555631864
14821,152.9088826075397,-43.38018041482073,316.948236682752,2025.0098208295483,3.153391070933302
14822,154.2070686099714,-43.96429316078175,961.5186133763649,2024.8397201397959,671.5966385890671
14823,154.6769446263607,-44.172581547173884,1192.3770318465351,2024.9292523532943,7.305498681351242
14826,155.22510030350853,-44.412772181502675,1459.8292908490503,2024.7921836746918,2.5343665968422684
14829,153.757867170869,-43.764578558206814,739.8734252672245,2025.3076578883445,3.057820978873813
14830,155.25375290454016,-44.42686624660183,1474.2033455231588,2025.5848624979217,81.65972296527387
14831,155.44140628758743,-44.50950568914732,1565.5789420436397,2026.0515147086016,54.319343452378774
14832,155.8646405213136,-44.69227987279258,1770.1519516739313,2025.8413553137746,4.388864197706282
14834,152.7392146824045,-43.30588833275159,232.87198454929504,2026.5519555837066,86.12598727235715
14835,152.99395438060515,-43.422697305307686,360.62071321739836,2026.8830866861629,12.864520034291548
14836,153.499127295765,-43.651402319835,612.4130976043333,2026.8715957725246,13.067752583004188
14837,153.6893539649303,-43.73823345565535,707.1934778334705,2027.4897235536353,6.011477069904668
14840,154.8626775025234,-44.25846310697683,1284.3900669588988,2026.9790586005815,6.882101737048863
14842,155.1859039490494,-44.39971518754684,1441.8877704481245,2026.8093052876445,4.782291198332996
14844,152.84864662462732,-43.35853385616819,288.5079202953846,2027.8800533053825,3.305326720077485
14849,154.58916317113628,-44.140328138054514,1151.1932122909718,2028.1498235905985,6.766556636741595
14851,155.5278696215183,-44.55249982452634,1608.9850927484188,2028.764171123722,9.075997051181483
14852,156.22295157826414,-44.850146995814015,1943.6159241117625,2027.8063285344222,6.279746383471754
14853,152.33203261110245,-43.12407563956392,29.675017738123614,2028.9883317800336,10.462372033983103
14856,154.2614871573084,-43.995732205602174,990.3830522427235,2028.4328402468464,7.935188139664668
14861,155.69613011762263,-44.62600006845009,1690.564371217739,2029.070333952463,2.8300142890168374
14862,155.91215484290325,-44.71858022241607,1794.6452047897305,2028.7462510645503,2.8703626194521066
14863,156.0717229784534,-44.787107774169,1871.442611246069,2028.7020954495724,4.557998027904149
14865,152.91752614114733,-43.39486562480845,324.44606559696854,2030.3201529729856,4.915375562691872
14867,153.52807151681014,-43.67047898483286,628.5472254957082,2029.8588957075247,4.890292374648278
14868,154.31695752865807,-44.02288974396557,1018.3965555759906,2029.6834249269639,1.971957329540735
14870,155.06594109386162,-44.353352003655814,1385.1705683109349,2029.8360172148964,2.5420246183574706
14873,156.1793395660875,-44.836510790132024,1924.037246889921,2030.3218427191364,4.133192882139678
14877,152.88900302427848,-43.3835544769862,310.6694215757741,2031.151910935823,47.365656936590646
14880,153.75412268949827,-43.77424390857562,741.2951228178889,2030.9267893933024,6.071859980273169
14881,153.8102682800587,-43.799340412530796,769.0736763067208,2030.8897351739859,10.307959263029568
14882,154.40713239802534,-44.06634496910587,1063.7101098724957,2031.4002720062263,3.7342468829154547
14883,154.62530664589383,-44.16162389847463,1170.4141647669937,2030.8005199698764,1.7798158993134687
14884,155.026364597874,-44.337502407360155,1366.2947130202688,2030.571588720572,61.38146320062995
14885,155.74507612941454,-44.65103051380406,1715.2708235749287,2030.999964345588,1.556493317341826
14890,152.4414895399242,-43.18014619016703,86.4993445699517,2031.8182623518778,38.08502566964049
14891,152.4707077179236,-43.19418224844041,101.38153250350358,2032.122702119706,3.944712515437873
14892,152.53703631797543,-43.22406973414386,134.56528961185765,2031.851738996187,16.427211306081226
14894,154.1866853334311,-43.9682890572539,955.2055493615165,2031.3190472489755,4.746704992229371
14895,154.48936762123543,-44.10484716403832,1104.6835487961453,2032.436514962865,2.8842051790902663
14896,154.8242546059234,-44.2516530639059,1268.4409543322272,2031.987110707492,5.044510101943067
14900,152.28259237406317,-43.11032615040278,7.462911409489812,2033.4359477625708,30.156892321301648
14901,152.59279819393902,-43.25228867051288,163.37155996190882,2033.164330107188,282.5175039121885
14903,155.17576380863363,-44.40941893534119,1440.8795071773463,2033.8387950652066,3.645693251708624
14905,155.97654409474217,-44.756007892365865,1828.3003012419708,2033.5898355805357,8.04639315257769
14906,156.15480504094734,-44.83088810874286,1913.5741317644618,2032.7621198828185,35.26050668150061
14907,153.20266736073114,-43.5327635047312,469.32317112612424,2034.4542013605442,3.261026699919605
14909,154.39257699579062,-44.06619089788643,1058.3458895454385,2034.5249106371023,2.8199075890296745
14912,156.31361439529735,-44.900014610842945,1990.0857967997035,2033.3417136721519,8.134160383414036
14913,152.39186733140951,-43.16399820847616,63.51653375064175,2035.102804270865,6.368834395213522
14914,152.5092596294564,-43.21744414520024,122.42676993857039,2034.8698518867573,7.518600274658074
14915,153.16193383093426,-43.515710461739864,449.42283744707606,2035.151189667263,4.805448928547247
14916,153.53042534284035,-43.68115948262278,632.5111203881636,2034.620434158471,3.6508866272556846
14918,153.7657885727661,-43.78788012767378,749.4993314000255,2035.0891761859348,7.036008563720079
14920,154.57049286738686,-44.14453931026512,1145.5588993871881,2034.3352825749907,5.525573670548119
14921,154.69675058665763,-44.20112426995388,1207.6535020576487,2034.7688474929557,3.4057880501322053
14922,154.7369195245575,-44.21894473550752,1227.3444345971632,2034.8301800841275,7.829207806616809
14924,155.36106098085742,-44.49265035934642,1531.592722500864,2035.0544747930428,25.386659106507363
14926,152.86866914893065,-43.383627146031856,303.2509589024418,2035.7660029518,12.257623154378276
14928,153.93046269816134,-43.863614092913934,831.5339989949632,2036.0805861297763,3.7475315348181355
14929,155.49979138990315,-44.554098081599335,1599.175782836799,2035.6268529094377,5.0136096607753835
14931,156.1755538362885,-44.844694857524374,1924.8649888505656,2035.2142606840102,4.718762396628974
14935,155.05392621400568,-44.36226738943455,1383.2667756015787,2036.8837092641293,7.185537926286526
14936,155.1512713300271,-44.40442902829809,1430.549293996612,2036.6785706038406,3.861983648529359
14937,155.53981232952052,-44.57412186077953,1619.2887798667432,2036.9507478594476,36.65459318101656
14938,155.64724253612002,-44.62096626532956,1671.3463204314442,2037.0989755150306,4.68639890523992
14939,155.74032897374,-44.66195387693372,1716.5237946207174,2037.464312090365,2.9477144207579333
14940,155.7982809773992,-44.6876120479369,1744.6696480701198,2037.7801999930862,7.3056226643244475
14941,156.20921383335727,-44.86281435470519,1942.0211843883912,2037.0618200019937,3.0645601129688798
14942,152.36019884835645,-43.15414028351108,48.98116307483337,2037.4244303600472,4.623846211627381
14943,152.83513244333187,-43.373489966221605,287.9853366673635,2038.3120916358446,11.53831741733801
14944,153.07486627532802,-43.48336271758006,408.0751356479915,2038.69107945736,2.6274955171045047
14945,153.27943929263688,-43.57476459983373,509.699423161526,2038.0352542166056,4.234590429425009
14946,153.40515448123696,-43.63203083733607,572.3974803023746,2038.2596759673183,43.51864462486891
14947,153.48515421021352,-43.66663987712822,611.7326410941587,2037.5292910765622,5.833656709800266
14948,153.6493842140375,-43.74219925591431,693.7219989118126,2038.3442792922397,2.7348777221028993
14949,153.74791946201643,-43.78686065997711,742.6704540651889,2038.5533558207428,5.649839091048322
14950,154.03550601444886,-43.91439026740725,884.51436501865,2037.994117557887,2.7171630117680396
14951,154.08598368549744,-43.937609993689684,909.6188625823125,2038.3450323089194,4.42699211773143
14952,154.16018891991573,-43.96924972634571,945.7929746610877,2037.643111637827,8.260437579695642
14953,154.6313835352318,-44.179099469248634,1177.563839484976,2038.1464249564776,2.4083334028228833
14954,155.18597770033645,-44.422741578224226,1448.3089221420307,2038.2465941434923,11.319663388474849
14955,155.30811057651343,-44.47460993802401,1507.2745844092844,2037.5503570713904,20.57039086702085
14956,155.96369752359448,-44.76000350973851,1824.699916319586,2038.3370996844121,10.01131112498121
14957,155.99111283890673,-44.77081657396666,1837.631260920297,2037.8497106878965,9.379209824743645
14958,156.31649812664506,-44.91138665448883,1994.192065599042,2038.4027218986546,5.6516958077959725
14959,156.36639773436022,-44.93194835860933,2017.8951490077488,2038.0296586663292,3.6107165467080318
14960,153.16548740352886,-43.52492040854535,453.4236275651652,2038.9079569802018,4.767442371789972
14961,153.24294323650784,-43.559369283668815,491.84675538097184,2038.5902132290325,3.057924762487201
14962,153.81549008929082,-43.81769667163296,776.2762274621181,2038.8235106183827,23.791794418450557
14963,154.55434717975925,-44.145361317431885,1139.8911341877326,2038.2848488786835,1.625653221139847
14964,155.16908477211229,-44.41646428134809,1440.3977475022548,2038.7937810385417,2.958816356149402
14965,155.29031127897997,-44.4691848482705,1499.2754112655743,2038.7097753686282,6.322098949460958
