candidate_id,ra_epoch_A,dec_epoch_A,ra_epoch_B,dec_epoch_B,separation_arcsec,motion_arcsec_per_day,flux_A,flux_B,flux_ratio_B_over_A,source_A_id,source_B_id
MOTION-001,155.04991462871834,-44.06273369667274,155.0356068087228,-44.03118049689775,119.47259356368717,3.8740482682121926,20.679017464458333,11.638501739922274,0.5628169597480019,13646.0,12896.0
MOTION-002,157.18875250492346,-41.24717495480796,157.2255120977242,-41.265250127052965,118.87570114660147,3.8546932850671487,1.3613598627921564,2.379654104832086,1.747997843826101,21.0,36.0
MOTION-003,155.7262022202337,-43.86110888726276,155.7112722853322,-43.891830100888,117.18618154539215,3.7999084989506033,1.485795959227182,1.6744744768708255,1.1269881752416275,11647.0,11238.0
MOTION-004,153.5827483613207,-42.32717332230667,153.5454030128938,-42.31019682857016,116.69283633004252,3.783911163326202,3.363050991868493,2.702564065208664,0.8036048432638049,9491.0,9012.0
MOTION-005,156.2004290507783,-41.43022357047079,156.1705842403382,-41.40677739932252,116.68731654388003,3.7837321773564003,0.5172886289271887,0.5242207035849562,1.013400786853065,2060.0,1956.0
MOTION-006,156.4267131092035,-44.86233305296409,156.4580590396828,-44.88580967581817,116.35270248628196,3.7728818980438796,5.741157874475008,6.9149537966523,1.2044528208144125,14540.0,13880.0
MOTION-007,155.91215484290325,-44.71858022241607,155.95717376687838,-44.71721137216088,115.26771041478933,3.7376996731485166,2.8703626194521066,3.2932274298563566,1.147321041438648,14862.0,14066.0
MOTION-008,156.1733344996209,-41.13670567305349,156.21547622362348,-41.138940590396814,114.54032401417514,3.714113259381427,2.149253948802325,2.106535245747075,0.9801239387839418,1137.0,1041.0
MOTION-009,157.6090987420098,-41.577640415983126,157.56714875720908,-41.58260233082325,114.3707678436835,3.708615188492828,8.280501207124699,5.2807259334034455,0.6377302292836827,528.0,600.0
MOTION-010,154.80768624066852,-42.04054161540883,154.8182371914849,-42.07097053555335,113.11626775296578,3.6679364540739066,3.432248086484455,2.8846444159616262,0.8404533539754342,6464.0,6214.0
MOTION-011,154.98811734329723,-40.62705212619458,154.99835687506007,-40.657303705307946,112.44027521858217,3.6460165506965923,3.607311015955257,6.967618684237007,1.9315270165003788,1192.0,1216.0
MOTION-012,156.934959339663,-41.385763202829146,156.95326774349735,-41.41364154539032,111.8788390004052,3.6278112791455004,9.873814804105026,13.85984733997462,1.4036973160781188,865.0,907.0
MOTION-013,155.81041262414476,-43.750920978718185,155.85304105691722,-43.75281110072791,111.06086144403032,3.6012873338523796,1.5091515835197915,2.2019257130744827,1.459048737794076,11068.0,10481.0
MOTION-014,157.44989482616458,-42.274894613914384,157.44858167752056,-42.24413638447119,110.78488702104954,3.5923385180317067,0.7813232054436514,1.4412765910098522,1.8446611862647362,3129.0,2880.0
MOTION-015,153.9420327507931,-42.3803213302636,153.90150858541,-42.37676382434552,108.52618137759137,3.5190971626259944,10.187142861856818,7.174572634404316,0.7042772180281961,9098.0,8719.0
MOTION-016,156.43995317299897,-41.19667124978198,156.40759876933404,-41.21396176626092,107.48835975538447,3.485444498543829,70.61758187274025,53.26424966455311,0.7542632904159827,957.0,1008.0
MOTION-017,157.37392728717407,-41.81005137774803,157.33693528321433,-41.79946371611872,106.33459917463772,3.448032368728544,3.2681792565479,2.9923108495852286,0.915589572876102,1634.0,1587.0
MOTION-018,155.6868079908933,-42.11632604919383,155.72082102563843,-42.131603373214375,106.17338000168856,3.4428046354121715,0.5343974364816652,0.5319376371113631,0.9953970599363337,5344.0,5049.0
MOTION-019,153.65808613136568,-42.25933066007237,153.69775504762512,-42.258287701442455,105.76104661337116,3.4294342095991124,1.6435721731458954,3.188418207347595,1.939931972226551,9134.0,8622.0
MOTION-020,154.7965037137295,-42.4551996806837,154.8348159456319,-42.46273209345648,105.30616752061653,3.41468418610864,1.2544263996006693,2.3113671461191583,1.8425689596894268,7988.0,7565.0
MOTION-021,155.61768428930995,-42.033424720375,155.57854722981213,-42.03659388034311,105.26667408486189,3.41340356206067,14.763072274864577,9.131130736988444,0.6185115514563316,5134.0,4939.0
MOTION-022,154.20307734734905,-42.971887775989,154.1896089271289,-42.94483621829827,103.64901354352179,3.360948895833029,8.62728277609263,11.705669085597922,1.3568199153082032,10788.0,10227.0
MOTION-023,152.8994740220152,-42.55048932774301,152.88709640750295,-42.52340086835634,102.8973737433357,3.3365760352515936,1.6883005158929678,1.8119256431980688,1.0732245984298086,11459.0,10837.0
MOTION-024,154.93136029217135,-40.46831108652141,154.94425065543638,-40.49512037166266,102.76518638980589,3.3322896949893916,8.63065290362256,7.0741126453454175,0.819649767444151,753.0,799.0
MOTION-025,154.87025083389187,-41.87674763133165,154.84446626431105,-41.85590293456313,102.02765746651127,3.3083743972393447,8.602974376732229,5.281572502236539,0.6139240070877326,5794.0,5449.0
MOTION-026,155.47182329666052,-42.1511098307348,155.4935004629046,-42.17440911824232,101.88938602177052,3.3038907727103806,3.4155202790613126,6.203770135989898,1.8163470362105067,5826.0,5576.0
MOTION-027,154.79541621960993,-40.921249550505856,154.81809902565743,-40.94372116112372,101.73623842225192,3.2989247702574445,1.1969321246317273,2.07604354095568,1.7344705670711598,2447.0,2406.0
MOTION-028,157.9869669791735,-42.6860634871125,158.02505899442266,-42.68262496112632,101.56236376078475,3.2932866668979175,0.6118429156833755,0.347290686473686,0.5676141335816439,3807.0,3560.0
MOTION-029,152.6762913029157,-43.18364476332074,152.70889369594946,-43.16926074304516,100.03625450114693,3.2438006654807734,3.8613229000482985,4.853433912980049,1.2569355214813402,14452.0,13601.0
MOTION-030,156.31318751413957,-44.18006136083337,156.29811487342602,-44.20539578074107,99.15537032451755,3.215236894349887,3.8944450644631656,1.9491007912690368,0.5004822918301232,11897.0,11459.0
MOTION-031,155.09962465386235,-44.21273311586047,155.12282017142974,-44.19098935175456,98.54411835151701,3.1954162846451037,6.296541953546336,5.561606166774727,0.8832794584402509,14206.0,13365.0
MOTION-032,155.7018220181725,-41.18818989071715,155.6919789753799,-41.16193812982515,98.19796675005564,3.1841918860430476,4.885757903281384,3.2725374101624984,0.6698116187796758,1998.0,1852.0
MOTION-033,157.744398437616,-42.05151029586787,157.7727663113724,-42.06883752879656,98.18299051248243,3.1837062628092645,1.0333281249631667,1.0497339159473709,1.0158766519442108,1918.0,1861.0
MOTION-034,156.30633683022387,-41.49488052123514,156.2704171674376,-41.49913936030761,98.05853379548657,3.179670598105224,1.1951891361082054,2.088126228923287,1.7471094455582803,2130.0,2102.0
MOTION-035,153.22631534966064,-43.38339057653094,153.26331616221208,-43.387518514172754,97.93908544478126,3.1757973359420144,5.649993727532282,7.205263112998299,1.2752692233775813,14226.0,13467.0
MOTION-036,156.7747970310066,-42.08369411055564,156.7429402593723,-42.09697015107637,97.60776056706673,3.1650537124009275,7.752289851920466,3.998079865754047,0.5157288932848153,3498.0,3435.0
MOTION-037,154.95407489008144,-40.575224271162405,154.98156819049706,-40.59242289997795,97.38409751187,3.1578011581054013,6.150792822835703,3.373344713007639,0.5484406336177691,1067.0,1044.0
MOTION-038,155.0655612215144,-43.65586360258255,155.06120277762005,-43.68273023524314,97.38349303625974,3.1577815572277332,17.94963601785756,17.74331529373021,0.9885055761619852,11968.0,11509.0
MOTION-039,154.111537492874,-41.15978253773788,154.09430116109883,-41.13605462845992,97.36472613933141,3.157173017123461,5.385601109545929,7.138132673216818,1.3254105768369184,4410.0,4133.0
MOTION-040,156.51250858435233,-43.40681374968292,156.50343102543494,-43.38065300094314,97.12628619330239,3.1494413036615456,3.3880767165467054,4.141742969069052,1.2224466314005193,8691.0,8225.0
MOTION-041,158.13977338731905,-41.70527851787399,158.1440106634872,-41.732003714130165,96.88210589878227,3.1415234522204707,3.787309663794487,2.234373750469748,0.5899633113789644,199.0,286.0
MOTION-042,155.10419193734722,-42.02350187575576,155.10189401862016,-42.05029670128491,96.65684814284248,3.1342191877588914,8.42384836829995,6.264205950191573,0.7436275768880889,5943.0,5720.0
MOTION-043,156.48550889822042,-43.99020995972428,156.51283012789995,-44.00831720772842,96.20370439771179,3.1195254350854893,2.8583084731750588,5.076320556153442,1.7759876527653355,10872.0,10375.0
MOTION-044,156.248293492812,-41.092616150532606,156.2623516917005,-41.11704134622797,95.84394671783474,3.1078598423739625,1.833683621841312,2.67641438573923,1.4595835147677665,887.0,913.0
MOTION-045,157.69217916468207,-43.14557790605253,157.68764201372252,-43.11935667733702,95.14604625073568,3.08522954687855,1.9173314748573256,1.331615327349371,0.6945149259850649,5947.0,5562.0
MOTION-046,152.72053189143517,-42.90422923679558,152.71759411802333,-42.8779118355452,95.05896953468884,3.0824059754556776,7.648679736793926,7.059379831579416,0.9229540357952646,13153.0,12449.0
MOTION-047,155.59239947543267,-44.19580680556235,155.5906627929152,-44.16944326453901,95.01458859922921,3.0809668681170783,2.5238537059976287,2.4461285267527284,0.9692037699886503,13206.0,12478.0
MOTION-048,154.34357389802068,-43.23382787805256,154.30838953047646,-43.23993899043476,94.86431128542308,3.0760939382681762,2.2668213036040323,3.526121220529159,1.5555355929128418,11577.0,11118.0
MOTION-049,155.67314902361466,-43.989440353981,155.65730577484962,-43.96573416765803,94.69886672916267,3.070729191613337,1.3201670897829016,1.095429235329103,0.8297655984662091,12243.0,11592.0
MOTION-050,157.0030740701562,-41.92511374893888,156.96888762595,-41.91843527079592,94.67569443585954,3.0699778010218735,2.5294805601374586,4.661364307748455,1.842814837642059,2558.0,2493.0
MOTION-051,153.82198098289996,-42.97614496911388,153.80524439497003,-42.999375996007856,94.53457713987866,3.0654018962072005,4.64870413891629,5.559047712456374,1.195827384650963,11481.0,11056.0
MOTION-052,156.19474520215715,-43.28459061701864,156.15937986223713,-43.28970224067804,94.4854176724712,3.0638078389937813,5.389173681586126,4.155053910697123,0.7710001859643573,8750.0,8434.0
MOTION-053,157.50687576749223,-41.54703784251888,157.4767779084066,-41.560377556844045,94.2378771378333,3.055781027564304,7.174160616237917,9.366500189067487,1.3055883036501097,583.0,659.0
MOTION-054,154.0253019814161,-43.12756904509039,154.02769705038446,-43.15362200763015,94.00144357057552,3.0481143734433824,47.524075523793954,34.09153012200454,0.7173528310915986,11719.0,11248.0
MOTION-055,156.28484283606687,-42.7049913441529,156.3200432020232,-42.70165638560549,93.89508382554327,3.0446655256887714,4.624054813763414,2.7590033969692263,0.5966632118540428,6513.0,6122.0
MOTION-056,155.51442502095904,-41.660738879584606,155.53513992713016,-41.68159190804894,93.48064971693294,3.0312269813928863,14.575849593129307,26.577861570923304,1.8234176609129835,3959.0,3822.0
MOTION-057,156.44769005406698,-44.853733326166825,156.47265655731724,-44.87265588977397,93.26813241790282,3.02433584218083,3.5928262102534525,2.461425321413082,0.6850944569454817,14472.0,13809.0
MOTION-058,156.82714284623103,-42.97960747925629,156.79204344123843,-42.97774837286495,92.68630489407718,3.005469357041095,0.8434600205509776,1.398513722319432,1.6580675885572784,6673.0,6409.0
MOTION-059,155.47955244429247,-41.32968952324632,155.45105679827498,-41.34376633818047,92.2002478630726,2.989708349909264,0.295927963938644,0.3917658837200526,1.3238555711527116,2796.0,2772.0
MOTION-060,154.6309936158327,-42.93600340316934,154.60403880840903,-42.91973560620894,92.07668320185002,2.9857016112293473,3.009755835770784,1.649770789467535,0.5481410717308358,9974.0,9488.0
MOTION-061,155.38465206663395,-43.26899923497013,155.3632637825623,-43.24892282406351,91.47711154141223,2.9662597502677372,2.300175242854269,3.533050101989449,1.5359917088775008,9975.0,9468.0
MOTION-062,155.81863610514137,-42.80180500440882,155.84577308498606,-42.81745209291616,91.15640464010727,2.9558604278914147,4.961876223046917,7.06008076771726,1.4228651522834457,7609.0,7257.0
MOTION-063,156.25327928059158,-43.51562003379715,156.2867297440782,-43.522829881914745,91.09877659688821,2.953991766515831,2.728703358869889,4.462286391606224,1.6353138486457943,9509.0,9008.0
MOTION-064,153.41534286257067,-42.97748813050007,153.40607978459715,-43.001828573373686,90.95737705549242,2.949406709540581,3.516746996139381,6.618013627614044,1.881856623430453,12188.0,11726.0
MOTION-065,153.6572833622672,-41.40783215536504,153.65616075092362,-41.38263247157085,90.76950588073986,2.9433147517326246,1.690022955118187,1.5542559142712864,0.9196655640470836,6057.0,5676.0
MOTION-066,154.09348224160846,-42.71358184934764,154.12737254392826,-42.71699961291867,90.48170117540448,2.9339823242107137,7.718877677229564,6.541113430132652,0.8474176821623592,10044.0,9528.0
MOTION-067,154.1364859014993,-41.76158456090358,154.1300257467958,-41.78620671963831,90.32072087234512,2.928762336549268,3.261986050679394,3.0022566969014277,0.920376926895849,6542.0,6320.0
MOTION-068,155.9109744954819,-44.40407684598757,155.9185561319481,-44.379581282265534,90.31504901885513,2.928578419606185,2.823142877364932,4.657852385464255,1.6498819180599906,13489.0,12737.0
MOTION-069,157.0554786418684,-42.91015943767336,157.02633730824252,-42.897111635263926,90.06460628897347,2.9204575008662124,4.913048105542635,3.354921161681286,0.6828594163155955,6066.0,5751.0
MOTION-070,156.5097587533181,-43.81286501018841,156.5213163001428,-43.78929154851636,90.02093759955014,2.9190414889961316,2.9794419922999484,3.595759114469237,1.2068565603096468,10180.0,9618.0
MOTION-071,153.44446123951437,-43.28801273983251,153.42370771895713,-43.26809771147161,89.9927425952912,2.9181272307201254,33.27450270508326,23.06256509752605,0.6931002185647344,13382.0,12698.0
MOTION-072,154.35033231189726,-40.84066083770805,154.32061702873656,-40.82988171746345,89.75819971986215,2.9105218846463994,1.752790226395074,3.183621612773519,1.816316387912092,2861.0,2750.0
MOTION-073,157.14168182525052,-43.40786982923052,157.14534320271332,-43.38311183037964,89.64192036156153,2.906751381025306,1.586484976466609,2.7145869429018967,1.7110700593886343,7741.0,7274.0
MOTION-074,154.25423712912175,-41.41533017074895,154.22967032548513,-41.43203911679139,89.53268083875697,2.903209152874749,9.690927541472329,17.984875230212737,1.8558466311141484,5092.0,4929.0
MOTION-075,154.27569824512463,-43.46448555135437,154.24738024020456,-43.45050841212139,89.48686850302057,2.901723630591952,1.7542613682938637,2.1712019843756347,1.2376730307224821,12581.0,12001.0
MOTION-076,154.8290278434349,-43.04864224309242,154.81460710693491,-43.02647891528662,88.35115193607652,2.864896600491496,0.98407173698401,0.6630314001552511,0.6737632788716343,10069.0,9543.0
MOTION-077,156.74677447548493,-42.00397320614066,156.77737119876537,-42.0132005471724,88.32933409726706,2.864189129780978,1.466475427154598,2.197095352784153,1.498214911822407,3243.0,3078.0
MOTION-078,156.393900450382,-42.2084175312128,156.41236104999396,-42.188090985304605,88.19658248097099,2.8598844925928684,0.6124025783685082,0.78434521281479,1.2807673261343075,4533.0,4206.0
MOTION-079,157.12910815369176,-41.4928249493125,157.1614961352414,-41.489586189786,88.11248181421412,2.8571574232903068,2.487474931011653,1.3807078335823493,0.5550640194877531,950.0,860.0
MOTION-080,156.31020231947886,-42.96933077370928,156.34330439833911,-42.96584872017103,88.09594553591486,2.8566212137848708,1.722241651099362,2.54408094582068,1.4771916265041622,7437.0,7022.0
MOTION-081,153.56121625665014,-41.61765655861581,153.53916595057402,-41.599604912425846,88.011139051316,2.8538712574560305,2.5809730738973657,1.6961477362865305,0.6571737432832975,6948.0,6624.0
MOTION-082,154.54041952119272,-41.749419789376766,154.56744358396236,-41.763165377413934,87.83908708478617,2.848292257259454,3.871070903525261,4.9240351818307255,1.272008522847402,5864.0,5572.0
MOTION-083,156.14710784457523,-42.60238431271574,156.11500997673127,-42.596316732505294,87.81854751949187,2.8476262361663753,3.344814676163208,5.230323560916969,1.563711017591146,6374.0,6066.0
MOTION-084,156.5009671581648,-40.98280582519695,156.51930385400792,-40.96289232629207,87.3116753320663,2.8311902715545063,2.337713521043396,1.5499322659787365,0.6630120637223984,131.0,48.0
MOTION-085,154.03324448025955,-43.81446990819,154.06678577482705,-43.8136769549333,87.17779895702057,2.8268491626572265,2.645319234853105,3.311891192442567,1.251981669662821,14527.0,13741.0
MOTION-086,154.23011574839194,-43.8577396473723,154.19797121073725,-43.851005179085234,86.89682882279217,2.8177383546513166,16.269387736601033,16.645544886120373,1.0231205473499845,14334.0,13650.0
MOTION-087,153.18435019893462,-42.458171411961246,153.2035126715901,-42.43874494106106,86.49885301524304,2.804833491351398,1.09655798563419,1.120419264680634,1.0217601616686451,10606.0,10025.0
MOTION-088,157.00510431407884,-41.91111403993781,156.9735284382291,-41.90617367549522,86.44613078474197,2.803123907088794,3.9358038004764273,4.945597516490679,1.2565660706694821,2508.0,2452.0
MOTION-089,154.02964072136132,-43.62031220070661,154.04317249261806,-43.64218617478898,86.27975246704838,2.797728882051648,4.0308587067905846,2.603283664407316,0.6458384810218466,13686.0,13086.0
MOTION-090,156.3394290133095,-42.239757364644014,156.3703709902649,-42.24660209747615,86.06548353296499,2.7907809438822557,4.485649356434382,2.7474853019366425,0.6125055891842165,4736.0,4464.0
MOTION-091,154.47790981415895,-41.25766254051021,154.49279565008533,-41.23662032203072,85.80103606187352,2.782205903893115,2.2059023590479283,1.5459574390710389,0.7008276829343785,4180.0,3893.0
MOTION-092,154.83276560451955,-43.51200150154148,154.8568309146657,-43.49584960532557,85.61406996727744,2.776143294441197,5.41774836674277,3.0658444470832893,0.5658890445896659,11810.0,11159.0
MOTION-093,154.62551375924355,-44.12639330497855,154.65265950577108,-44.11278752510678,85.56226416302582,2.7744634264458865,7.8321867922379,7.945979498670423,1.0145288550249205,14726.0,13921.0
MOTION-094,154.41862617045206,-40.51214760272036,154.40405944663436,-40.53317583629864,85.55552032502368,2.7742447490642883,2.626036488665345,2.6759291683200432,1.0189992332056497,1661.0,1683.0
MOTION-095,157.58078132883554,-42.9702526487373,157.58471242923503,-42.946707727181895,85.39214183527525,2.7689469972000866,1.3541153435302158,0.9952750797179656,0.7350002231887102,5484.0,5102.0
MOTION-096,154.31185970274868,-42.17856684562872,154.2933157073249,-42.19789158778906,85.36132436023719,2.767947702029197,3.867525607274761,6.306643636068037,1.6306662906653622,7774.0,7478.0
MOTION-097,154.0787198086756,-42.65803699645194,154.10921118611176,-42.66569291559173,85.29594771865005,2.765827782660516,1.3688568647829469,1.041934113294431,0.7611709741906767,9852.0,9366.0
MOTION-098,153.4838223677264,-42.84212683572478,153.50904440091432,-42.82739213538223,85.1310180249574,2.760479731068364,5.004708435330126,9.04323861028104,1.8069461442431702,11560.0,10909.0
MOTION-099,155.7841110876424,-40.86378964478817,155.79685098288346,-40.84222118249186,85.04366373300155,2.7576471588994838,3.821160444310325,4.064761838097361,1.0637506321279329,805.0,707.0
MOTION-100,154.84231812078303,-42.296522354461736,154.81804443573284,-42.31184932743911,84.97860761904022,2.755537633039947,1.2981555926508137,0.7104076555939227,0.5472438432000907,7328.0,7077.0
MOTION-101,156.11189945536623,-42.80620285102958,156.14304434969827,-42.8119436654171,84.81151558590476,2.750119464886969,3.5226788100226134,6.772242544180532,1.9224694925101782,7146.0,6792.0
MOTION-102,153.62327366711517,-42.91205750614765,153.59297600021685,-42.904751225737634,84.10729534638176,2.727284242866701,1.1590176769932647,1.575935722023145,1.3597167267642138,11582.0,11055.0
MOTION-103,154.7292042714395,-43.14971751278432,154.7037950395995,-43.163907792799705,84.03775168721698,2.7250292027414624,3.715983999934912,5.738364037971008,1.544238090925989,10595.0,10200.0
MOTION-104,155.986260393496,-41.2649123712888,155.95523513128126,-41.26449808905309,83.96803988696844,2.722768710431292,2.0581454785987843,2.779631919709998,1.350551721738549,1833.0,1806.0
MOTION-105,156.0358027381261,-40.9329727230587,156.0162627426539,-40.95096452739725,83.7773884635885,2.7165865995843927,5.8405148836610286,8.674751658875996,1.485271732316582,670.0,739.0
MOTION-106,154.06533772100866,-43.36321201278167,154.07633367348126,-43.341399532298055,83.63436063869773,2.7119487434803577,3.2743887535799887,2.1953041704751985,0.6704470164316946,12551.0,11867.0
MOTION-107,152.69475408484337,-42.69056302446326,152.66539159895763,-42.69909303199356,83.5392669430351,2.7088652114667724,2.279877893967928,2.6392294728522234,1.157618782933535,12367.0,11862.0
MOTION-108,154.5409085744599,-41.909499741761145,154.5710436317848,-41.90354597132687,83.53580373457356,2.7087529126010437,15.613611410903363,7.975668011826347,0.5108150703851093,6435.0,6037.0
MOTION-109,155.7678764694219,-43.57624466185519,155.79276016354203,-43.56170435144314,83.38321716205422,2.7038051021502234,2.778462613446385,2.3555200300130577,0.8477781988548292,10490.0,9915.0
MOTION-110,155.10182005233503,-43.46550416172729,155.09367840844791,-43.44318986222796,83.10141821807561,2.6946674189515876,8.564218721852244,8.90611684970533,1.0399216950147134,11155.0,10567.0
MOTION-111,154.58440607261812,-43.86832305354352,154.61500591589254,-43.861571918084856,83.05767625581532,2.6932490311181274,10.170278038948457,8.411308586883566,0.8270480467369054,13687.0,12963.0
MOTION-112,156.09653146685025,-40.7728607462788,156.1222977530254,-40.7851669300448,83.04426945064235,2.6928142986927788,1.2414470042823134,2.141753656181072,1.7252074786867204,31.0,33.0
MOTION-113,156.3462480911837,-41.95831330040423,156.37715127379326,-41.95985201547892,82.9143306731522,2.6886008713209106,31.76028479709572,24.28784942197691,0.7647239178471688,3719.0,3493.0
MOTION-114,152.91226224966402,-43.01443489353557,152.8842344397369,-43.02481079011277,82.68791541199418,2.681259073304963,4.44852903733349,6.175950437537659,1.388312942482131,13240.0,12702.0
MOTION-115,154.8884731288277,-40.51516902905816,154.9058796453937,-40.49639866425107,82.68163033056263,2.6810552716789227,9.262783538605698,13.863662157863706,1.4967058336279082,974.0,866.0
MOTION-116,154.65423796732773,-43.81294177574038,154.6726416073076,-43.79421255420649,82.65909688159289,2.680324596413959,2.8512783008518108,2.00085751406736,0.7017405187945386,13319.0,12569.0
MOTION-117,153.4308563820992,-41.9178179543985,153.44608857759144,-41.93774851348226,82.53774002685033,2.6763894486204154,14.449677413519211,11.393705584063117,0.7885093388592255,8266.0,7921.0
MOTION-118,154.15671091556572,-41.55864043840014,154.17547125706102,-41.5405294174056,82.49641092840801,2.6750493009139715,1.5650540597764386,0.7952612695496383,0.5081366132894081,5803.0,5397.0
MOTION-119,158.1570354818113,-41.99871856493596,158.17760894669715,-42.01576680428478,82.43486887376477,2.6730537228227855,6.83534821953342,8.695163280945144,1.2720878295705431,1162.0,1130.0
MOTION-120,154.27515605745862,-43.88098173000519,154.248238013231,-43.89308084352185,82.3094569016583,2.668987082777065,13.884674125920762,10.191404170927722,0.7340038432664244,14341.0,13736.0
MOTION-121,154.5276653579768,-41.65190264706308,154.52428299763466,-41.674621280153566,82.29140283482283,2.6684016570800764,1.7021118035795753,1.8476148397829224,1.0854838300852807,5537.0,5319.0
MOTION-122,157.2932697635547,-41.79013007834513,157.314450659975,-41.773641985746,82.19656167234251,2.6653263137707652,1.9609527569943344,1.6016875994641049,0.816790508466458,1689.0,1530.0
MOTION-123,154.28953767428186,-42.68119503895145,154.30950853888234,-42.698671146741525,82.16324633478179,2.664246022283553,4.151603442183181,3.4703526433197207,0.8359065820349125,9608.0,9164.0
MOTION-124,156.15662054335004,-41.124766221574895,156.15865603235585,-41.102014988655874,82.090293856759,2.661880446943504,4.601446988804969,8.524592703116637,1.8525895710319895,1124.0,1005.0
MOTION-125,156.70492705662303,-41.63922152324543,156.67790906171044,-41.649797833788,82.05291824337493,2.6606684959346163,5.080159714842525,5.500303552464761,1.0827028796741796,2036.0,2021.0
MOTION-126,156.86255752087382,-43.57481335459268,156.87629554797238,-43.5543492125792,81.92465169048694,2.65650929253689,0.9091685307663916,0.6724183411051677,0.7395970255793465,8756.0,8274.0
MOTION-127,155.54120884742397,-40.59928425009681,155.52690587561472,-40.57929532771411,81.89749529380714,2.6556287124106017,1.5215817976300616,0.9282562652696016,0.6100600485070249,284.0,218.0
MOTION-128,154.77104933684254,-40.292504129500735,154.7976146408072,-40.28219155061876,81.8548114502822,2.6542446354005027,0.935970696399902,0.9093355399169526,0.9715427453173499,402.0,325.0
MOTION-129,154.36462535816543,-40.68033505568919,154.34101007287333,-40.666334795347005,81.83975099415117,2.653756281274652,0.6259204779162779,0.9148143276483566,1.461550404444062,2298.0,2179.0
MOTION-130,155.10208836336722,-41.43815476576537,155.0910675887511,-41.459310125389614,81.75938455070622,2.6511502988332953,0.3902526257839185,0.2968860351163716,0.760753459429012,3819.0,3723.0
MOTION-131,154.52691962525245,-42.40578917439616,154.50908285773798,-42.38734711910083,81.58754136582348,2.6455780686427444,3.5393317956898,2.9706364737805666,0.8393212745406377,8234.0,7818.0
MOTION-132,154.03263342209195,-42.62583955300719,154.00280691869807,-42.63148432568818,81.57403576571703,2.645140132668117,3.191803028734225,2.6905119098122325,0.8429442185469729,9815.0,9416.0
MOTION-133,154.1110435547431,-42.35871428679973,154.1415813000081,-42.35689199222091,81.5017663798551,2.642796707445713,1.6516625756622156,1.4402459034364168,0.8719976614224405,8726.0,8277.0
MOTION-134,155.8961924877014,-43.54021637657529,155.90358823311624,-43.56218675283997,81.41322226745511,2.6399255538608477,6.308535494359621,3.633364250912138,0.5759441718542571,10148.0,9747.0
MOTION-135,157.21958800574853,-42.71055404636719,157.2449654531464,-42.72333984711233,81.38857850939691,2.6391264491843702,0.7432434348095464,0.9456300980391864,1.2723019857975617,5068.0,4812.0
MOTION-136,156.56108661029214,-41.14096838985859,156.531948519659,-41.13558096012709,81.34644057533151,2.637760073971254,0.448167253084285,0.8773127567566883,1.9575565834384951,591.0,598.0
MOTION-137,155.3489434914197,-43.430239274794566,155.37630543225038,-43.41952599882835,81.27422728029305,2.635418467563953,2.871372075024172,3.4247040247537126,1.1927064606299351,10619.0,10064.0
MOTION-138,155.36003968947836,-44.46931239678092,155.3590575398878,-44.44682105965122,81.00813383795143,2.6267900548984437,5.467640848870835,7.171360449858183,1.3116004960968122,14810.0,14011.0
MOTION-139,154.71660520410362,-43.78099957756126,154.70575430862385,-43.75998177073614,80.7512190963863,2.6184592730852234,2.9285632684345835,5.532068571950612,1.8890042880677427,13082.0,12396.0
MOTION-140,155.722194847132,-42.51181538708244,155.73366381411302,-42.53255808815857,80.63595110103493,2.6147215641726502,5.732076927953194,4.448887867807484,0.7761388975978188,6711.0,6444.0
MOTION-141,156.95494677139197,-41.62090918084967,156.93010816818764,-41.63342916698927,80.6161037416579,2.6140779887221663,12.685189273227474,11.695636374993256,0.9219914754979098,1614.0,1615.0
MOTION-142,157.2122018327315,-42.050656228610464,157.19604082045967,-42.06954341178093,80.55418407620213,2.6120701661281145,1.409510774953327,1.5457866366897777,1.0966830932817544,2681.0,2680.0
MOTION-143,155.7927657722471,-43.52728107578571,155.78905081933794,-43.54939429507491,80.19575320478971,2.6004475968404654,3.7865279832737824,2.2887340420359457,0.6044413383833325,10262.0,9879.0
MOTION-144,152.9615724107552,-42.47222362230558,152.93270812902952,-42.4787639355761,80.17668075757099,2.599829148885882,115.74337356154918,59.85868897486796,0.5171673084423856,11022.0,10583.0
MOTION-145,157.07894351997322,-43.90414955164451,157.05695665327303,-43.888547626971686,80.04968505607947,2.5957111544341136,3.909939302356484,4.151238545637526,1.0617143194871626,9627.0,9138.0
MOTION-146,157.84123353889368,-42.61216482267507,157.8357765449182,-42.59030923780334,79.99790142609874,2.59403200546727,2.7481864111144394,2.548381765409829,0.9272958177449155,3760.0,3514.0
MOTION-147,156.95590268807237,-43.78622900298868,156.92540076678426,-43.78916641539968,79.97280214110802,2.5932181297602876,14.691787642103272,14.111214940361972,0.96048318176901,9400.0,8986.0
MOTION-148,153.88204553036647,-42.01926306253672,153.88162801219718,-41.9970617948856,79.93236651079897,2.5919069538755077,2.405162042568437,3.8031548260270314,1.581246817767712,7895.0,7433.0
MOTION-149,156.81209174929378,-43.12776578255188,156.83137971470163,-43.14493127942109,79.91346222945367,2.5912939589096915,0.8583972755019704,0.5198829878828466,0.6056438000444856,7222.0,6915.0
MOTION-150,157.4778161478166,-42.43381213897673,157.50249930659524,-42.44646819023786,79.8509713173882,2.589267612929873,11.688954425577734,8.946718847561002,0.7653994122847994,3674.0,3503.0
MOTION-151,154.12604691433725,-42.37892624031103,154.10888420169098,-42.39709520125118,79.7544376258672,2.586137387249607,1.4367531081788956,1.710681984485208,1.190658279941723,8773.0,8463.0
MOTION-152,154.4329000865461,-42.52886286924706,154.42294345752956,-42.549741899991496,79.66934815864963,2.5833782548554347,4.093700613109209,3.150911365076077,0.7696975579958024,8822.0,8510.0
MOTION-153,154.20021751892375,-41.55853476214238,154.19239349035783,-41.53720499248622,79.6280741446192,2.5820398933299398,1.2600105263829922,0.9145212018889644,0.7258044141220031,5737.0,5362.0
MOTION-154,155.40072931350295,-43.14194091675204,155.40370289879922,-43.16389602693586,79.42327982329796,2.575399181329063,1.8793241171034536,1.4072489391166263,0.7488058745745131,9503.0,9097.0
MOTION-155,154.7699500378358,-42.438351982025445,154.75267050376286,-42.42039999674129,79.2771250789717,2.5706599309515585,7.702640394445329,5.786756599031537,0.7512692145416252,7969.0,7544.0
MOTION-156,156.8533758805215,-43.09820824142981,156.87082341769664,-43.11616278015226,79.25096244534782,2.5698115748352377,20.17618453016461,29.441433481023918,1.459217100091804,7043.0,6767.0
MOTION-157,154.2485940852294,-43.54438260596795,154.2419012551088,-43.56585275791492,79.24037063604698,2.5694681221717004,2.5462032659130074,1.79012393618288,0.7030561778582058,12951.0,12446.0
MOTION-158,155.13131266485172,-40.65515117712639,155.10775328775483,-40.64230793766096,79.23773440341888,2.5693826390316525,0.6438605219138381,0.8049822823231878,1.2502432668653525,1068.0,1024.0
MOTION-159,154.863713903682,-42.3245195971669,154.89303755530096,-42.3282289150209,79.18068812243912,2.5675328420242765,3.5129467325512183,2.309790564163069,0.6575079954274237,7393.0,7014.0
MOTION-160,154.74685763851588,-43.27669275683653,154.77607591182957,-43.2712320831609,79.06694296393835,2.5638445130011642,3.980138271387277,5.326550658980744,1.3382828172761383,11031.0,10450.0
MOTION-161,156.14071019307954,-44.756675340254674,156.17015387277874,-44.763310148725004,78.96378804065091,2.560499585599833,5.383669534767873,2.9243872908709303,0.5431959134908195,14617.0,13885.0
MOTION-162,155.64214690194663,-42.93040839125079,155.61968136054202,-42.91594685056351,78.8526963465998,2.5568972984801346,1.5777921963127337,2.251782638153114,1.4271731368778988,8354.0,7942.0
MOTION-163,154.64031077382768,-40.96117098184145,154.65336527168418,-40.94168889196462,78.60571411327123,2.5488885906688683,0.9582938874244622,0.7409516219885752,0.7731987354943668,2823.0,2640.0
MOTION-164,156.36639773436022,-44.93194835860933,156.3734496549311,-44.910696896634825,78.5887267837488,2.548337755263401,3.610716546708032,3.691276952100407,1.022311473179977,14959.0,14139.0
MOTION-165,154.03988722349922,-41.45617466130837,154.05245244330132,-41.475766982587366,78.25468854911205,2.537506147730571,1.624117391439365,1.2135560993281551,0.7472095956392953,5635.0,5369.0
MOTION-166,154.19253136911232,-43.46865558963627,154.17111117339942,-43.453470991291056,78.23706129025062,2.53693456181594,178.36338249780158,230.2233498056326,1.2907545628569261,12751.0,12135.0
MOTION-167,154.3297539600706,-43.7087072335013,154.32964082532362,-43.6869842930771,78.20313991363346,2.535834618754362,7.1718039336089925,8.093197176972556,1.128474405030186,13478.0,12748.0
MOTION-168,154.31039666886588,-42.292783333502754,154.32666853744118,-42.31086146895843,78.18352575042401,2.535198604981266,12.833412410672183,6.626775357505712,0.5163689239811952,8191.0,7831.0
MOTION-169,153.9958466376156,-43.18323577667093,153.99040073722497,-43.16188475333562,78.18222060859769,2.5351562841252333,3.16325925359772,3.758839321140479,1.1882805106364198,11976.0,11339.0
MOTION-170,155.11044302532565,-40.58617019274153,155.11980223902722,-40.565656223550114,78.15873994247865,2.5343948941595387,1.6575117516955615,2.4155496765043845,1.457334872005211,883.0,777.0
MOTION-171,153.60242830611273,-41.77792474953142,153.60752408192326,-41.75657938413346,78.05195941766308,2.530932402094193,6.366750655388386,4.225839211324297,0.6637356227776618,7474.0,7044.0
MOTION-172,156.59332012426427,-41.39401340940351,156.5956114219721,-41.37243076534745,77.94362275357163,2.5274194502665956,1.3618824191512664,1.9999826264411544,1.4685428039283714,1398.0,1249.0
MOTION-173,154.70812254352998,-43.388957716895824,154.67952778605016,-43.38292661396221,77.89871682380792,2.5259633193310864,4.282823919531264,3.333903081142214,0.7784357105923455,11550.0,11033.0
MOTION-174,153.72810244680912,-41.51023277938648,153.750223592428,-41.52407545839952,77.71039741839819,2.519856827083478,1.525757258415663,2.847753540970454,1.8664525600406086,6310.0,5992.0
MOTION-175,155.4857599707143,-42.517662596680815,155.512675668103,-42.526149722232624,77.67603254245455,2.518742503001564,3.5645477060670974,2.060908662937485,0.5781683492213279,7087.0,6765.0
MOTION-176,156.5492721841211,-43.25048146166174,156.54115647109725,-43.2712206216877,77.63349544634426,2.5173631844599185,1.8081639159532792,2.991413243009453,1.6543927332121076,8100.0,7789.0
MOTION-177,155.22927258405218,-40.857656436550606,155.2396684827068,-40.87773585611663,77.6288926574158,2.5172139332723003,1.5394538057896945,2.7058967757466714,1.7576992343454088,1597.0,1571.0
MOTION-178,156.52786182350806,-43.97661091039426,156.53453504523625,-43.99762131141514,77.58730589911784,2.5158654306227874,375.041803847275,620.6166745586494,1.6547933275496343,10754.0,10317.0
MOTION-179,155.33721246122536,-41.94223646578008,155.34571828028237,-41.96283084256823,77.55838018970174,2.514927478318182,48.56953145449893,39.91536112160848,0.8218189454638268,5265.0,5040.0
MOTION-180,154.87950541559152,-41.2195861487328,154.86534320322147,-41.23830620466688,77.53696282004587,2.5142329933208276,1.5800938078289086,2.6450518444446773,1.6739840579965626,3394.0,3304.0
MOTION-181,156.06422355532152,-43.745912808600266,156.07589352450677,-43.76571121528377,77.46505862010777,2.5119014097087344,1.8623993670324157,2.0099182655179373,1.0792090574647162,10635.0,10202.0
MOTION-182,154.50634832179193,-40.98402714433365,154.48988525517345,-41.00150841914066,77.21184667393602,2.5036906956671547,8.42284719123704,5.136866796637275,0.6098729657569435,3133.0,3070.0
MOTION-183,157.87105493725278,-42.65620126487293,157.84368211989636,-42.66357660008178,77.17776367261605,2.502585511722448,1.2988780710193408,1.1927855449882778,0.9183198728208545,3867.0,3769.0
MOTION-184,154.24929805994765,-43.49942672733932,154.2482790010542,-43.52084973081689,77.16869427920028,2.502291425298038,13.254575017425555,11.97718579391388,0.903626542395187,12780.0,12258.0
MOTION-185,155.9702099285737,-40.97724947492806,155.98063717400987,-40.99715923050186,77.07297342011549,2.4991875567261084,2.3727224826900586,1.2048928104951309,0.5078102556389534,917.0,939.0
MOTION-186,153.15136954106163,-43.416307205497645,153.1771463424107,-43.426641945555495,76.98657494853934,2.496385978228465,6.867679272723712,12.667462603941946,1.8445041040651347,14515.0,13815.0
MOTION-187,155.53053919982636,-40.818665821166654,155.5525272808092,-40.83207658961452,76.93298123863448,2.4946481351562517,8.754985507032847,5.083806677737546,0.5806756246088293,1022.0,998.0
MOTION-188,154.60351353199405,-42.45150097451652,154.57758564077048,-42.44204170135049,76.83476117126472,2.491463226629974,3.3768616659444985,2.4126776142762307,0.7144733344003926,8276.0,7897.0
MOTION-189,157.78322110065983,-42.0325695298294,157.80953409770336,-42.04101278780176,76.64024652758124,2.4851558460330825,1.5565180852633134,1.1832896166306943,0.7602157840848469,1791.0,1718.0
MOTION-190,154.17239092159903,-42.19255580653382,154.1464306155788,-42.18352646889421,76.49640459846366,2.4804915915813095,2.10111464573608,3.1861304643445267,1.5164001025885643,8047.0,7669.0
MOTION-191,156.09734800506718,-41.56434943536337,156.12161357763128,-41.5537115441854,75.75848778771264,2.456563716095366,5.799189687685292,7.667062002999309,1.3220919500668318,2670.0,2508.0
MOTION-192,153.6846227830097,-43.02765156180861,153.65660851648917,-43.02352860453016,75.20649648767335,2.4386647078274533,1.9015947033328504,1.9077390755051773,1.0032311681146133,11916.0,11386.0
MOTION-193,154.61471167466976,-41.17632095320359,154.6423513714304,-41.178202463862085,75.19915052713492,2.4384265058695536,1.5867111443532402,2.119390774966217,1.3357130455084203,3661.0,3452.0
MOTION-194,157.5194433088509,-42.14233526383568,157.52485193023043,-42.162806480756345,75.09678675256615,2.4351072324548984,3.6231174152767753,2.107136163866967,0.5815809763664531,2546.0,2519.0
MOTION-195,154.32546605111116,-42.06835848293154,154.34153393700936,-42.051259566700544,75.0569158974151,2.4338143701109693,0.4992110738610625,0.544561140356531,1.0908434705679027,7333.0,6909.0
MOTION-196,153.03974196185985,-42.89691449082149,153.0599760967802,-42.88228801823653,74.97258290249563,2.4310797672771676,2.222170767400116,2.4529499672242387,1.1038530446038262,12535.0,11865.0
MOTION-197,152.99970416243707,-42.38700904054749,152.97561226254305,-42.39773405336749,74.79125749645705,2.4252000642064195,3.794094688532304,6.069604192098711,1.5997503200023346,10651.0,10233.0
MOTION-198,156.0961232007927,-40.99903651582697,156.11510818914343,-40.98400530712046,74.76273564183867,2.4242752073987233,0.8765302857987032,0.6052345409265816,0.6904890232915178,797.0,715.0
MOTION-199,156.18779653034755,-41.70497738282956,156.169459754757,-41.68938912265044,74.6904157027546,2.4219301429248654,1.9009603079915265,2.151729877766217,1.1319173097515345,3036.0,2865.0
MOTION-200,154.37262088967788,-42.66004633560882,154.36914682125823,-42.63946994010232,74.64399617774892,2.4204249317706132,2.780290176256778,5.234906436496748,1.8828633360654186,9409.0,8879.0
MOTION-201,157.19799495009107,-41.90835942729131,157.1819044762158,-41.92524718737985,74.52550600670995,2.4165827397814605,9.764305107382937,17.706689878210856,1.8134101386101265,2220.0,2199.0
MOTION-202,153.27923657444623,-43.023801397732,153.2727335762717,-43.04394709081515,74.51595334482104,2.416272982772395,7.389219747169207,10.04611987785551,1.3595643683088672,12610.0,12112.0
MOTION-203,155.99826123501106,-41.68185608213624,156.00499806299334,-41.66180924507167,74.40760797677676,2.4127597487082415,3.987014742050899,2.304445914274581,0.5779878087657099,3261.0,3029.0
MOTION-204,156.29096130100822,-41.003938396150566,156.31319660004627,-41.01599007327678,74.36995456908886,2.4115387898716207,5.844233738738525,8.854376028968446,1.5150619268146621,515.0,520.0
MOTION-205,153.7372895687996,-43.597194752077286,153.71060186714286,-43.590015905134216,74.2270907105805,2.4069062505826047,7.511676569679066,12.058150958419134,1.6052542793298559,14152.0,13470.0
MOTION-206,155.381576042264,-42.1082242542112,155.35765864530947,-42.09775424126099,74.1736848135965,2.4051744975792437,1.2845049101256916,1.7961409883588653,1.3983138360935568,5810.0,5510.0
MOTION-207,155.45244672923516,-41.95328383842493,155.45587121060544,-41.932853945590544,74.11704542661137,2.4033378946185375,3.7424676865739945,2.751123660218957,0.7351095294926772,5102.0,4747.0
MOTION-208,155.01076215139318,-40.51233987638284,155.0005461269524,-40.53139833239285,74.08763997993148,2.402384386233156,9.485036314564091,5.02469207082842,0.5297493761951235,784.0,832.0
MOTION-209,152.52961176866947,-42.85092190905178,152.50201216794923,-42.85463190204209,74.05448340369985,2.401309242780599,5.922326329705768,4.769262259936284,0.8053021725625223,13288.0,12721.0
MOTION-210,156.67235017232815,-42.743436459032445,156.65893594630802,-42.76147303455563,73.98329510409398,2.3990008731321404,24.391426237566986,13.437586312780004,0.5509143328438832,6054.0,5819.0
MOTION-211,156.43062922841816,-41.83355019312401,156.438388922263,-41.85326571996155,73.96392658236783,2.3983728245913594,6.912150302917772,3.75046570434828,0.5425902996879459,3117.0,3037.0
MOTION-212,152.8474857659571,-42.816205458194766,152.86186858752257,-42.8338247622678,73.92877286882631,2.397232921463751,5.303136645403315,8.854816010664127,1.669731821513473,12572.0,12031.0
MOTION-213,154.71163405286708,-44.08064599335495,154.73869033175916,-44.08713038183071,73.75794297172664,2.391693548396863,2.812255061150794,3.645913690572765,1.296437773706355,14378.0,13635.0
MOTION-214,154.2449534374797,-40.7356952057768,154.2219587521358,-40.72494594587664,73.70612010400967,2.3900131270973484,1.692867517638038,1.2576786664637696,0.7429279925097371,2656.0,2568.0
MOTION-215,155.07630049560117,-43.7220429435395,155.0947176760208,-43.70648770249036,73.70518137705356,2.38998268770175,2.3973870051179538,1.8112935426498875,0.7555282225118969,12215.0,11543.0
MOTION-216,156.28587960214608,-43.96825830168012,156.2761499615954,-43.9490249655671,73.68790704636076,2.389422545924387,1.6493676005810065,0.929474851117643,0.5635340786312439,11117.0,10537.0
MOTION-217,156.10732030437424,-41.3728661523372,156.11230839548756,-41.39296849786615,73.61198033499069,2.38696052734824,1.4289961810815268,0.8813879787895129,0.6167881975180927,2020.0,1990.0
MOTION-218,154.81122579304522,-44.09660544633264,154.7995907069259,-44.077968576315726,73.52965215324168,2.384290933088869,4.765028112614198,4.252997837287154,0.8925441228832262,14258.0,13483.0
MOTION-219,158.0512696598682,-41.90868862166043,158.02421504171556,-41.91207809011575,73.50156175164695,2.3833800666850733,12.6918605168582,24.450370144021463,1.9264606722981867,1015.0,1013.0
MOTION-220,158.07298179795424,-42.42286188696014,158.10039311371594,-42.42555488256308,73.48550880207597,2.382859529718141,3.993288717089024,2.4459160064267107,0.6125066780069193,2708.0,2584.0
MOTION-221,153.23409684639324,-42.55447325985565,153.21552099676842,-42.53933686809531,73.46091688411929,2.382062106021791,4.033696949929662,2.715165486699161,0.6731208418486934,10875.0,10341.0
MOTION-222,154.47908949513408,-43.47256277968175,154.48146105948672,-43.49289219650437,73.44760700226777,2.3816305164563607,8.755821292906276,12.966793032132037,1.4809339522081582,12285.0,11765.0
MOTION-223,155.08861349918917,-41.09071567654304,155.06159218542572,-41.09000170272318,73.35998314786332,2.378789203387948,0.8348008789327921,1.571732818386448,1.8827637321078872,2578.0,2537.0
MOTION-224,155.30021743750976,-44.43120822016806,155.318815789558,-44.44664424396576,73.30286027509771,2.376936922796124,16.455154839002585,8.30528262823597,0.5047222411150151,14774.0,14091.0
MOTION-225,154.3255380681525,-43.01076004723596,154.330157330493,-43.03083781173728,73.2953200884149,2.3766924228125776,2.109385244208166,3.222985264508703,1.5279263346314753,10743.0,10299.0
MOTION-226,154.68041718584232,-41.39053473541374,154.67665713387004,-41.41068845762494,73.26042849939748,2.375561019400497,1.1538150544944792,1.1970895977401304,1.037505615026501,4334.0,4167.0
MOTION-227,154.45331228254832,-43.99445610487724,154.45843736413602,-43.97444529760328,73.25191547157168,2.375284973826177,6.141677578587641,8.214082875490567,1.3374330987559757,14493.0,13676.0
MOTION-228,156.9032370238095,-41.72050347829803,156.87600235352798,-41.72059197206696,73.18129898036543,2.3729951457802247,15.868748810296037,8.284242461244247,0.5220476144829532,2021.0,1972.0
MOTION-229,158.19449400206972,-41.750109665164,158.16788150722317,-41.7458159896442,73.13050422711855,2.371348062378244,53.57704949563079,32.29341362441957,0.6027471450635425,273.0,296.0
MOTION-230,153.92644977915126,-41.53670600914852,153.92546793585583,-41.557005610356015,73.12642850979788,2.3712159021467056,5.001022906652046,2.735634930595202,0.5470150770468243,6082.0,5831.0
MOTION-231,156.40134334208227,-43.78150731864976,156.37562324524723,-43.78961949410213,72.946560397534,2.3653834536492098,5.171708220396057,3.5813282703068188,0.6924845945838289,10234.0,9832.0
MOTION-232,156.19521074511832,-42.14274011671959,156.17545498809554,-42.12874378113688,72.94072313529726,2.36519417312064,1.7046408362710372,0.9245565015454786,0.5423761310141901,4611.0,4350.0
MOTION-233,155.43192243867023,-41.59090411116639,155.40544778990548,-41.595043465012935,72.82046271418932,2.3612945785589856,1.2767389193181855,1.7407084637217107,1.3634020529829998,3836.0,3711.0
MOTION-234,155.78622510729656,-43.92175512321145,155.797943756968,-43.9034425504704,72.5932974600527,2.3539284610827056,19.124932955366525,13.783152906717596,0.7206902601376176,11783.0,11139.0
MOTION-235,156.35956512286597,-44.71959405936151,156.36252501658248,-44.73964889768444,72.5932093662705,2.3539256045316406,4.674066581746072,4.132208476399193,0.8840713764191911,14027.0,13422.0
MOTION-236,156.45133536199504,-43.45775167986646,156.42358434243027,-43.4580190513649,72.52447782403814,2.3516968983136337,13.748227051896976,12.804174543442343,0.9313327816822481,8972.0,8604.0
MOTION-237,153.87305057920875,-42.54591917458893,153.8487246399889,-42.55510331188504,72.49255563142238,2.3506617812936392,5.605125103193443,4.152361900072273,0.7408152045895499,9783.0,9390.0
MOTION-238,155.4851812647856,-43.83903878603541,155.50762121267724,-43.82706563316674,72.48303407668425,2.3503530329728433,15.581244331575734,26.962522120468783,1.730447295908751,11961.0,11312.0
MOTION-239,156.26195387160013,-42.74416401289996,156.25690435235597,-42.72439009269039,72.42748899902406,2.3485519143606286,4.162976007382824,5.95348882072874,1.4301040433984087,6693.0,6304.0
MOTION-240,154.4295407687314,-42.811543753419606,154.40214922684285,-42.81168918716401,72.34108134081185,2.345750037974821,25.82383093916863,19.4724227296696,0.7540485676017399,9838.0,9423.0
MOTION-241,156.80798699563968,-41.173994003711165,156.7894522943035,-41.159688340075576,71.940034766332,2.3327456012166294,2.8360138868247757,2.925958269822305,1.0317150714301444,345.0,307.0
MOTION-242,154.13549641019154,-41.71455935679032,154.11172081685797,-41.72370004352503,71.8639578615851,2.3302787124323947,1.4829263001664317,1.6738544670396167,1.1287509479410789,6386.0,6120.0
MOTION-243,153.69454339153205,-42.0797699405533,153.71964365754366,-42.08687775328927,71.77907239628499,2.327526195055537,5.829768880309233,6.43917546437331,1.1045335752712981,8409.0,8001.0
MOTION-244,153.45484966723174,-43.2339477396918,153.4633789943674,-43.25287436122339,71.71329083587315,2.325393145687542,42.59423869957391,66.95384276093316,1.5718990362328729,13137.0,12566.0
MOTION-245,154.93041742327975,-40.37368380250216,154.95652024679217,-40.373577535702665,71.59092437214333,2.3214252600598893,3.2032839393030765,1.8585296034900944,0.5801950868877537,433.0,389.0
MOTION-246,154.02137677827005,-43.26763187033607,154.0457564742212,-43.27655686117,71.52631650940174,2.319330269306771,4.238643307270426,4.302808024940395,1.0151380319169367,12273.0,11678.0
MOTION-247,154.97103303540533,-43.42601639907804,154.95330445516765,-43.44112422652166,71.4567148355746,2.3170733479835475,8.199088818610921,10.603502388012716,1.2932537532639081,11229.0,10793.0
MOTION-248,157.07639357475077,-43.41143092695872,157.07865759724902,-43.39167990453005,71.34984866396275,2.3136080787137154,0.816840581967579,1.361545824563134,1.6668440019024113,7856.0,7403.0
MOTION-249,155.95366122734174,-41.91050921535594,155.97857887285187,-41.91739055843783,71.20131368031458,2.3087916460992823,2.931221885028191,2.154429766834794,0.7349937505034948,4168.0,3962.0
MOTION-250,157.4377795655238,-43.326392914273626,157.41222727710482,-43.31965777160331,71.1782068370005,2.3080423778055703,4.210619850728048,5.768142277155876,1.369903359040717,6960.0,6673.0
MOTION-251,154.5192544870991,-40.73857989321276,154.54523545284303,-40.74032290620514,71.14466665282535,2.3069547953856744,1.906716445342414,3.0408648628542214,1.5948175567910066,2256.0,2125.0
MOTION-252,153.4429446879341,-43.21546239297592,153.43462094157815,-43.1966786144608,71.06153770506766,2.3042592352869704,5.794517572666735,6.170127928259374,1.064821678575008,13094.0,12419.0
MOTION-253,153.8386111889676,-43.30726667613236,153.8300600306161,-43.32597563379464,70.97876203140386,2.301575130542593,4.632948463874571,2.8372303950502635,0.6124027532733368,12742.0,12239.0
MOTION-254,153.39870991518822,-42.08985966495401,153.41184740820816,-42.07273467423368,70.94275273951492,2.300407484217015,7.910265797452308,5.082879280168648,0.6425674446749581,8917.0,8436.0
MOTION-255,157.97718057352105,-42.0480319168164,157.95363194945858,-42.05705245491855,70.83091669399651,2.2967810605700443,1.1578931003004689,1.504384347232152,1.2992428634748494,1586.0,1570.0
MOTION-256,153.60621032322587,-42.65041784370603,153.58125792349912,-42.64335685469206,70.79386663982449,2.2955796662257772,2.698673510325893,4.078730517339007,1.5113834636656207,10609.0,10140.0
MOTION-257,153.6685654485564,-43.329280475936685,153.6955837862224,-43.329124074081655,70.75578832917837,2.294344929379319,5.660388059112216,4.939452190242704,0.8726349039428608,13139.0,12464.0
MOTION-258,156.67948675594417,-42.70674965823293,156.6745527425951,-42.687465699318665,70.63900338217239,2.2905580314121248,1.99092395448164,1.617720315369656,0.8125475168090226,5924.0,5559.0
MOTION-259,155.7937070419708,-44.17217760802986,155.81499230531765,-44.18449924486822,70.62336544709235,2.2900509518091114,13.898299307183684,8.444137056795663,0.6075662115314425,12745.0,12170.0
MOTION-260,153.06823949338477,-42.78016300020643,153.0455325472769,-42.76989796026201,70.46958807894646,2.2850645283207967,2.3197596620255507,2.5556416052425317,1.1016837852120487,12045.0,11478.0
MOTION-261,158.13502314433427,-42.316467842014966,158.15420696712872,-42.32991404060357,70.35935487981519,2.281490078972576,6.086882517661941,3.8709496043322096,0.6359494524660378,2245.0,2163.0
MOTION-262,158.52242859391683,-41.91538961482976,158.54274130187645,-41.92777692501653,70.3498007583154,2.2811802746338024,3.732127244449775,1.9146482125049715,0.5130179351072064,373.0,373.0
MOTION-263,154.7135529987896,-42.14825455754809,154.6942379140605,-42.16153988894597,70.31817242646972,2.2801546864168034,3.149948234437864,2.8540923367802526,0.9060759493051131,6982.0,6756.0
MOTION-264,155.91795747581872,-43.398246345290765,155.93730154591714,-43.38471780377532,70.23391556051725,2.27742255215997,14.62347423184751,26.835461453598832,1.8350947954047494,9603.0,9058.0
MOTION-265,153.53045769609025,-43.40019327559651,153.5571311596221,-43.39807822863276,70.18418858300544,2.2758100927216436,4.948472516501941,4.611668187317832,0.9319377185462889,13695.0,12989.0
MOTION-266,156.22849623945697,-42.755705369457296,156.23432623987816,-42.774698647978575,70.09038762814329,2.2727684794453182,0.8023324344238897,0.5948836005254152,0.7414427922916615,6779.0,6543.0
MOTION-267,156.63170091793268,-42.02050916679622,156.61163598149147,-42.03303123260831,70.08059509589795,2.2724509443399445,1.1360550028121388,1.6704529721295236,1.4703979719243878,3491.0,3406.0
MOTION-268,156.0433635390092,-44.76578199149054,156.0216574500999,-44.77766358006173,70.04997242008218,2.2714579657774694,3.8648788369461258,5.151997877047124,1.3330295966323304,14814.0,14222.0
MOTION-269,156.3890661809599,-42.37165923257682,156.40989150190438,-42.35975170181924,70.04273365943467,2.271223239910105,19.351331425660963,19.353484489683687,1.0001112618028891,5137.0,4785.0
MOTION-270,153.94265149750143,-42.22841149338282,153.91829031424473,-42.221145127670376,70.01369562137735,2.270281645208821,6.427451530616604,3.490678262062393,0.5430890058734558,8530.0,8151.0
MOTION-271,154.29718451701308,-40.96200634651206,154.30345998229657,-40.98086373315838,69.99677885933409,2.2697330980421224,0.6886570505695553,1.2621489007876296,1.8327684291386646,3401.0,3293.0
MOTION-272,153.94582493245255,-42.95884245065117,153.9448163958717,-42.97824991614075,69.91736855727099,2.2671581196808988,5.188567152073104,5.348910122814696,1.0309031310652936,11190.0,10745.0
MOTION-273,156.19027697166243,-40.9595337318433,156.20610362141463,-40.97484150963445,69.91249642850322,2.267000134812133,2.325267987750264,4.496479350922999,1.9337467227910443,513.0,540.0
MOTION-274,154.12660691682956,-42.04810684028615,154.13476465120084,-42.02970052814612,69.76014304360253,2.2620598857614906,4.77403154315084,2.96429285479878,0.6209202490611028,7598.0,7166.0
MOTION-275,156.0516684657678,-43.55050608929715,156.05441534700992,-43.53127288491952,69.6096001757397,2.2571783449901774,4.075590768721377,2.402167367162648,0.5894034763250463,9946.0,9394.0
MOTION-276,154.42624761357197,-42.893684196612426,154.4259644363471,-42.91298520386633,69.48763862068388,2.25322358903269,27.9783987115123,14.481724577981176,0.5176037673672285,10156.0,9753.0
MOTION-277,152.79037259591007,-42.93798206239186,152.80213175140176,-42.95525164843973,69.46497028206335,2.2524885398020955,9.002406861394256,5.206302216395693,0.5783233635798329,13168.0,12572.0
MOTION-278,156.88573396468013,-42.80795573364467,156.89391048378428,-42.78962093913363,69.44906424102814,2.251972766528171,1.7051615562897202,1.0578938115230547,0.6204067923188097,5963.0,5599.0
MOTION-279,155.02842733296745,-43.52800747367457,155.04614613389165,-43.51363405314174,69.40393156756176,2.2505092831445195,41.34154945591423,21.983866713126066,0.5317620409116306,11542.0,10912.0
MOTION-280,156.5432492667626,-43.65950143337519,156.5523143202256,-43.64137377713011,69.40015542580969,2.250386837025466,6.560124392020137,12.7509479303283,1.9437052056267103,9570.0,9024.0
MOTION-281,155.74576473526017,-43.994145333499546,155.7385247153792,-44.01265688538128,69.22848349736563,2.2448201600391258,10.400045682529246,10.28688224616462,0.9891189481451291,12128.0,11644.0
MOTION-282,152.4069478797847,-42.994216486258246,152.4265313134044,-43.00703039241772,69.18406188370251,2.243379733658903,17.498681657951106,9.900218611162714,0.5657693993572493,14147.0,13474.0
MOTION-283,155.68597030863572,-42.76235564655303,155.6891904027452,-42.78140834748142,69.11556913653519,2.2411587706695353,7.255665183568921,12.256101576828254,1.6891768386147767,7685.0,7369.0
MOTION-284,153.7764384156271,-42.673214873503966,153.7736512117854,-42.69227857807702,69.02458374773725,2.2382084556442123,4.9124409003315,5.413889710911542,1.1020773217945896,10415.0,10002.0
MOTION-285,155.1807828734739,-40.73546011373866,155.1711598637938,-40.7177386414614,68.98795689010049,2.237020783976885,2.7962316688626423,1.4429831625061114,0.5160456404862334,1269.0,1152.0
MOTION-286,153.3498957018171,-42.36791138357278,153.3615602179274,-42.385013253125685,68.94031470542205,2.235475926553588,6.71344546718622,9.127420650085082,1.3595732168672283,10003.0,9583.0
MOTION-287,153.50924780586132,-43.12110375824935,153.50158852380895,-43.10279731987405,68.90871542959403,2.2344512805143015,3.031537636019812,1.5846264921874529,0.5227137784335583,12588.0,11955.0
MOTION-288,153.1031039363148,-42.16161414347661,153.12890012916546,-42.16237982066676,68.89230339618501,2.233919099804823,3.871950655175474,2.078190991263022,0.5367297200663421,9663.0,9160.0
MOTION-289,156.03019442698744,-43.449063715687785,156.0291568017038,-43.42994437253729,68.88305559048898,2.233619228139089,6.742847361486368,3.475161300775637,0.5153848388478995,9611.0,9076.0
MOTION-290,156.48351772654107,-41.61787313504348,156.46237197921414,-41.62864341270017,68.85903996648277,2.2328404914948417,0.3369105660241304,0.2364435221225228,0.7017990706340391,2280.0,2244.0
MOTION-291,155.8298459465119,-42.943099305178514,155.81955542278416,-42.960677472109474,68.84584840625861,2.2324127386561607,2.924671615566625,3.9600953763804014,1.3540307757297305,8111.0,7793.0
MOTION-292,153.49411708737478,-42.28227592239512,153.4906409825774,-42.3012218073817,68.83050425764858,2.2319151854468706,4.837116549077223,6.80079846147548,1.4059612565615913,9477.0,9070.0
MOTION-293,154.41510117723715,-43.05797884878108,154.42734996851914,-43.04109477680769,68.79597206415691,2.230795435884201,1.1126055458476678,1.4685472322289792,1.3199172318614751,10770.0,10198.0
MOTION-294,154.80230074741033,-43.40203507635839,154.77615359295,-43.40060070923372,68.58547019340297,2.223969649454654,94.48185483526406,90.01111490136341,0.9526814969742529,11440.0,10931.0
MOTION-295,157.44450708428948,-41.85389695981404,157.46874795911094,-41.84782659814087,68.57896509498617,2.223758713502697,0.7044733317056867,0.389234102097306,0.5525178662972006,1690.0,1556.0
MOTION-296,157.60714508001897,-42.74269344455807,157.6043923405885,-42.76162138883706,68.52804413504052,2.2221075376906643,1.6274710704310529,2.048810739908953,1.2588922636678903,4579.0,4409.0
MOTION-297,156.58693526927684,-43.99631447354318,156.59101450355058,-44.01510781945829,68.47561839006781,2.220407567342126,6.296878062997402,8.342277796031626,1.324827591160402,10741.0,10286.0
MOTION-298,156.28811749662378,-42.65746453032647,156.26235210270607,-42.658999431243686,68.43658569985143,2.219141883544479,1.5061052366576495,1.0042464432352374,0.6667837139082408,6353.0,6059.0
MOTION-299,156.75683424547316,-42.206049258832415,156.73132556962443,-42.20406826755394,68.39636681818111,2.2178377360053925,1.533199991443696,1.2402182281682108,0.8089083192600289,3962.0,3817.0
MOTION-300,154.07557943419494,-40.85433037206041,154.07634919007154,-40.87329805363302,68.31580596808696,2.2152254496852954,2.178797300646941,1.596028617150708,0.7325273519830441,3382.0,3278.0
MOTION-301,153.81592162184862,-43.496598172708985,153.84182270929406,-43.49396414365737,68.30345783718084,2.2148250460971117,565.3470065003174,795.1810364166283,1.4065362109884663,13562.0,12851.0
MOTION-302,156.38287566308344,-44.66228394093525,156.39365523432255,-44.64493013390239,68.3010878851829,2.2147481974395284,5.956753508456507,7.75486323160768,1.301860689820132,13741.0,13006.0
MOTION-303,153.73366930845592,-43.13795116909536,153.72940891994915,-43.11927486862331,68.16009165187658,2.210176218233489,4.614983529236551,2.53171585658663,0.5485861088231115,12272.0,11612.0
MOTION-304,154.09828234255434,-42.81823801001744,154.1084379510558,-42.80084366151564,68.12192097191982,2.2089384861966086,3.511531549861204,3.853431635338771,1.0973649476369025,10416.0,9853.0
MOTION-305,157.61542463031574,-42.38040465335516,157.60500600931485,-42.39767058906523,68.05104920190684,2.2066403804160757,0.4060524398042278,0.5536232563246939,1.3634279764249544,3257.0,3190.0
MOTION-306,153.15864303688676,-42.67296331013063,153.14094344795356,-42.65928080746065,67.98144199722898,2.2043832797481007,4.004365708738576,2.2795139979119603,0.5692571966984591,11467.0,10899.0
MOTION-307,154.9608303137791,-41.56227648535685,154.98528979792937,-41.56690404721802,67.9564415117123,2.2035726077376303,19.47104212429096,10.66367213377767,0.5476682791659252,4470.0,4224.0
MOTION-308,155.76457738729823,-42.3387827270403,155.75567013804664,-42.35646389458937,67.92092489037783,2.202420936870954,2.1042063747942605,2.7157288020512658,1.290619035557668,6019.0,5777.0
MOTION-309,153.8599092038064,-41.130951030138256,153.87811785125152,-41.14390226595431,67.9051913375092,2.2019107567415586,5.431646707665779,4.744109397684684,0.8734200976269754,4717.0,4480.0
MOTION-310,155.43187396402288,-41.83787982363168,155.4091587785636,-41.82958746680025,67.8491549754158,2.200093707617157,2.507477669202749,1.271542428637767,0.507100200434508,4721.0,4477.0
MOTION-311,156.17299925447608,-41.33744933930566,156.19676585707683,-41.33145630718765,67.76998480000725,2.197526515663029,0.5287527936621542,0.6087382499031982,1.1512719312309687,1788.0,1676.0
MOTION-312,156.064876349949,-43.93131197193999,156.06935517851238,-43.91278304838952,67.7075951380131,2.195503452843405,5.95560062632713,8.306197630540447,1.394686808551659,11332.0,10735.0
MOTION-313,157.24945331808794,-43.38684727429746,157.2483642095035,-43.36807262806229,67.64877930842566,2.1935962760092864,2.1120930967835463,1.2372727601980178,0.585804083201744,7480.0,7073.0
MOTION-314,157.67210044118417,-42.83997599830722,157.67060570285423,-42.85872980021593,67.62885232693212,2.1929501187120937,3.438233085075671,5.931462950888191,1.7251485876960688,4832.0,4639.0
MOTION-315,154.04869408553012,-40.96832035063147,154.04410605011986,-40.94986803133676,67.58925017129772,2.1916659692860487,2.08083626531901,1.8929351114329735,0.9096992122745277,3828.0,3598.0
MOTION-316,154.01430753748474,-43.60971550712887,153.988495536666,-43.60809768149359,67.53401498997813,2.1898748994502584,4.701065393419232,2.872874939690047,0.6111114607577316,13670.0,13060.0
MOTION-317,155.0257691162946,-43.14561347619414,155.051373639665,-43.1472841875492,67.52097761035596,2.1894521461104275,3.1537031966687405,3.419686340839953,1.0843399418347837,10102.0,9603.0
MOTION-318,155.15801663320477,-44.32427160745808,155.153616735063,-44.30578444554367,67.51186681203744,2.189156717080262,3.527858990105012,3.745095100800996,1.061577322479524,14581.0,13812.0
MOTION-319,154.84992976266497,-41.55354122582001,154.85978076300265,-41.5707834589843,67.50594484060434,2.188964689750056,0.2580315971629659,0.1639816812610962,0.6355100811840874,4629.0,4424.0
MOTION-320,157.1281695602566,-43.56275645610032,157.1509800234506,-43.55391090464046,67.49294342460283,2.188543102575604,3.8869324326197927,2.1618780517507283,0.5561913126165722,8315.0,7872.0
MOTION-321,154.99631208306835,-42.347695919759424,155.01291676658428,-42.33353473190587,67.46288236461415,2.187568335108723,1.2381225632963078,2.044345842965709,1.6511659698075107,7263.0,6848.0
MOTION-322,157.10433598129188,-43.163054937037415,157.12929632729563,-43.158703604685925,67.39099002636127,2.185237136126608,1.34567342060229,1.2043625236973845,0.8949887136496623,6880.0,6546.0
MOTION-323,154.7219301294046,-42.77611267029874,154.71923765951234,-42.75754448873974,67.22312794420719,2.179793998171117,6.647175402472918,3.4178914368061712,0.5141870388337623,9258.0,8761.0
MOTION-324,156.8507486674216,-42.176160060867474,156.83572024478974,-42.16119813073711,67.15024720767573,2.17743074913865,2.794307663842475,4.846353823794095,1.7343665790651823,3716.0,3512.0
MOTION-325,154.34648251421777,-42.69929930248409,154.32531841985937,-42.70956253677269,67.08184379138852,2.1752126828147946,2.713091655688604,4.615982913425433,1.7013737459797906,9584.0,9177.0
MOTION-326,156.9171813167413,-41.19091098733564,156.90511142633716,-41.20716897233439,67.04117584560228,2.1738939738101144,2.823655802376258,1.9954010968496525,0.7066729220928469,242.0,303.0
MOTION-327,156.49837196754643,-43.20441637286388,156.51691257848884,-43.19162258645682,66.99891197312614,2.1725235148865214,32.96954400342456,16.903170523056232,0.5126904552061895,8005.0,7542.0
MOTION-328,153.13006072016327,-42.55009749283551,153.1373520139238,-42.567915395844864,66.99495841280836,2.172395315748581,1.6947674843009912,1.003938559800816,0.5923753960944628,11027.0,10570.0
MOTION-329,154.7256369653035,-43.843128102441256,154.7254850555114,-43.82453178542888,66.94790351478186,2.170869501829481,2.4169966182827585,1.993251692535285,0.8246812086776778,13300.0,12595.0
MOTION-330,156.68921798458007,-41.26838972015094,156.69037312039222,-41.24982460951358,66.90746730813434,2.1695583072562052,38.35004561380333,19.738817132906128,0.5147012687203046,828.0,750.0
MOTION-331,157.14560464145916,-43.19958441929983,157.15819260238692,-43.18342521048063,66.9006168700074,2.1693361732322374,10.565171487567405,14.609288592786973,1.3827781792258171,6955.0,6578.0
MOTION-332,154.96753438608815,-41.514346203505056,154.98115947727194,-41.49883174153395,66.84871346511692,2.167653140414145,6.741231366883451,8.72433223692044,1.2941748713416135,4312.0,4040.0
MOTION-333,155.87094788021227,-41.54284959395388,155.89556898256657,-41.54058131011997,66.84230254198648,2.167445258213631,1.448513715903074,1.666839406526261,1.15072393738921,2949.0,2773.0
MOTION-334,153.40311992554587,-42.58480687024314,153.39074280286582,-42.56865369697897,66.7693758261884,2.1650805182459383,4.837704595478218,4.325407910741687,0.8941033552947046,10706.0,10175.0
MOTION-335,156.34321110696544,-43.33628808254707,156.36168845421096,-43.32352566987898,66.72456209856874,2.1636273770802656,5.732525191807376,3.719121543548674,0.6487754382420939,8707.0,8244.0
MOTION-336,154.97540115349136,-40.69035961475889,154.98068816171283,-40.67227074681258,66.7003666932364,2.16284281080167,1.6398529479168154,1.3976846613950944,0.8523231690808868,1435.0,1277.0
MOTION-337,155.57317507723928,-41.739415728881,155.57018539773233,-41.75779030133006,66.6340586166581,2.1606926884884743,7.095993869448342,7.125652316130686,1.0041796043271736,4159.0,4024.0
MOTION-338,153.32613766855476,-43.09246353542809,153.3448029111203,-43.07999356460464,66.50984034479792,2.1566647556661764,4.821595070357067,8.026266882783576,1.6646497197843666,12813.0,12123.0
MOTION-339,157.03804403343335,-43.76802608923206,157.06307267403875,-43.77177943625667,66.45379096191874,2.1548472843265114,11.792516135417143,7.286287515460164,0.6178738643890287,9207.0,8744.0
MOTION-340,156.81805277103155,-42.11166321449397,156.79321178595058,-42.11073740725517,66.42502503480561,2.1539145131629165,2.448431800104498,1.865388516198942,0.7618707272627844,3531.0,3396.0
MOTION-341,155.37504212641292,-44.34373261174292,155.36123153489183,-44.32814941212811,66.42099714067632,2.15378390365817,21.167296407085427,17.945931041407523,0.8478140380459924,14260.0,13503.0
MOTION-342,156.30131786135428,-43.904793898876974,156.3068073641749,-43.92279912222144,66.36378482084419,2.151928722633344,2.8323473685230978,2.276641267644948,0.8038001598766052,10849.0,10391.0
MOTION-343,154.15658312708914,-40.98722406690128,154.16649707872878,-41.00405873279672,66.3217332698556,2.150565148499531,1.1004662419083593,0.9832223592905868,0.8934598098943448,3722.0,3589.0
MOTION-344,153.3478622709657,-42.98557175263285,153.35708391312343,-43.0027020090001,66.27713456326906,2.1491189796597796,4.001592154694879,5.235992411602091,1.3084772783400598,12364.0,11825.0
MOTION-345,153.60448756945766,-43.29287023932886,153.62550390613995,-43.303104867004265,66.25405610107994,2.1483706316595406,2.455813976680089,3.411566822863012,1.3891796590696845,13101.0,12483.0
MOTION-346,156.17003428083967,-41.55617057348108,156.14586155589978,-41.55278149330511,66.25370170899107,2.148359140052828,6.221197550198431,6.709047937312097,1.0784174402399593,2538.0,2471.0
MOTION-347,155.78379402417275,-41.149955329858905,155.7598031637415,-41.146528280311735,66.19513134930334,2.146459922887212,4.047108728664302,2.4197839439892928,0.5979043574616075,1737.0,1706.0
MOTION-348,153.85369143088568,-42.26345060547477,153.8652121045624,-42.27971099725524,66.09448471769754,2.143196329980727,4.457042331014527,5.065957007825819,1.1366185536480395,8805.0,8443.0
MOTION-349,154.8926066688881,-40.98555913972786,154.9134276234169,-40.99504063737346,66.0768364776281,2.1426240637241856,2.879449566566528,5.413666178645089,1.8801045316103158,2518.0,2436.0
MOTION-350,155.93787545480768,-43.27880920292949,155.9602343112709,-43.287249806366,66.00627222017279,2.140335929422935,2.829811163581484,1.875613440957536,0.6628051599682396,9158.0,8714.0
MOTION-351,157.17168947804308,-42.35654516834637,157.15099297950204,-42.36664499972608,65.97691648650725,2.139384033044219,0.3966952338880905,0.65885918352516,1.660869925427506,3866.0,3757.0
MOTION-352,155.2116783296637,-41.29418717820643,155.19262099450455,-41.28277097399441,65.92830370580593,2.137807702830976,10.863130369356297,10.213011990747558,0.9401536797862013,3108.0,2958.0
MOTION-353,154.1628802885883,-40.78229866900416,154.14069825257272,-40.775023493514674,65.89773792265186,2.1368165690842105,1.4965071501024048,1.7251832391861786,1.1528065462755228,2957.0,2839.0
MOTION-354,153.02068610495152,-42.92383967024573,152.9998742019107,-42.93395661646728,65.84786711043071,2.135199445625543,2.06326885789203,1.3329598479187037,0.6460427310867001,12680.0,12172.0
MOTION-355,157.17936411357317,-43.38845365504841,157.2018941836028,-43.39660693087156,65.84277132914454,2.1350342085441505,1.055261785554181,1.0940446522579756,1.0367518915540255,7612.0,7239.0
MOTION-356,155.0715954497487,-44.32216499404632,155.05381317847707,-44.33530122350725,65.828775179595,2.134580365890311,2.154740884641795,3.9656668326934033,1.8404379203825512,14727.0,14109.0
MOTION-357,155.50104936251486,-41.379961679354906,155.47736333985722,-41.38424073321888,65.80773534981145,2.133898123095498,2.256315942602233,4.461309636111424,1.9772539615911007,2948.0,2873.0
MOTION-358,153.80885645919292,-41.65188335056362,153.78852438462948,-41.64172446659809,65.79613337434877,2.133521914530769,7.685541234407252,4.214205454324006,0.5483290409603829,6686.0,6354.0
MOTION-359,155.1666087066276,-43.9456156963531,155.15111310114312,-43.960088439733134,65.78300186215256,2.1330961088244953,2.4686247671514687,1.4262665759488926,0.5777575413353132,12932.0,12428.0
MOTION-360,155.12738092473552,-40.9962837458812,155.10458252171858,-41.00238950394588,65.72722943802843,2.1312876182188494,1.2631733878901723,2.157889315169114,1.7083080880712265,2204.0,2157.0
MOTION-361,155.47242661525593,-43.17970446779572,155.44770834392472,-43.18251658891485,65.67290130348478,2.1295259605091936,3.039155275523051,4.194189386410593,1.380051035953981,9521.0,9099.0
MOTION-362,152.93255434296518,-42.4340310510279,152.9159578167524,-42.447534104912776,65.62886583826732,2.128098055475269,9.04328039111718,17.326323125343194,1.9159334197314157,10944.0,10496.0
MOTION-363,154.83106004324765,-43.97563162188728,154.8492341085418,-43.962961989323766,65.55642400535011,2.125749038441422,2.6152376102777697,4.197024207288088,1.6048347541324604,13678.0,12954.0
MOTION-364,154.41251641309347,-43.64267323417848,154.39414823847028,-43.65510961613144,65.52708606224428,2.1247977189438547,30.11237629804582,16.512589608975443,0.5483655439722652,13066.0,12512.0
MOTION-365,154.64325586489113,-41.21072038163898,154.66725531721517,-41.21302968286735,65.52489521037722,2.124726677832012,1.4238525971498546,0.8374423621778687,0.5881524280351693,3739.0,3535.0
MOTION-366,155.82411214111767,-42.1823273427238,155.81321790463932,-42.16601882062436,65.51150484583873,2.1242924785147985,4.132314702298254,3.988098112204562,0.9651002887041774,5369.0,5021.0
MOTION-367,155.0413151217723,-42.95964795467466,155.0168539971996,-42.96290092931621,65.49901332441604,2.1238874253097797,3.7142858289108833,2.08038134076481,0.5601026513823324,9417.0,8992.0
MOTION-368,156.0305308098268,-42.91898177017234,156.05048939270893,-42.9081846027705,65.42143893616262,2.1213719787499743,3.62669751512885,3.5629765398241573,0.9824300275832547,7692.0,7263.0
MOTION-369,155.17048523964377,-43.99584838749929,155.157774472739,-43.98015370286922,65.39308381342993,2.120452528432199,1.4657320824077402,2.6440867530176173,1.803935920317858,13134.0,12473.0
MOTION-370,155.089597137702,-43.41942231628828,155.1058916256506,-43.43315460701272,65.26035804406722,2.11614872936323,3.8806792673636727,6.82142787191018,1.7577922322202875,11000.0,10514.0
MOTION-371,153.60847499279313,-41.709695164040646,153.63195537387017,-41.71430613100189,65.2479019958212,2.1157448264203302,5.47723562179787,6.1818650241898805,1.1286469034831699,7209.0,6849.0
MOTION-372,154.77187772260942,-43.92561279597362,154.79580264463573,-43.9312324733794,65.24691870630706,2.115712942028054,5.87230863042071,4.413051422482944,0.7515019560827783,13580.0,12921.0
MOTION-373,155.4768161804276,-43.40429139522412,155.47458790779896,-43.38623998263186,65.24597413404624,2.11568231309114,5.4357754680099495,4.2598529031977765,0.7836697686038381,10320.0,9781.0
MOTION-374,156.4524835279105,-44.130734129744994,156.4524996050749,-44.11263016257259,65.17429506409948,2.1133580296005814,2.1468555157450777,2.921393755372624,1.3607780001714456,11476.0,10868.0
MOTION-375,154.2550551040706,-40.664431186990754,154.2750411522304,-40.67432066977844,65.1589424128192,2.112860200681574,3.895280528886493,3.208221635277434,0.8236176089208492,2404.0,2314.0
MOTION-376,154.012344279477,-42.77075886074647,153.98837954079417,-42.77501481895799,65.15589173576545,2.112761278662687,6.386623924321464,12.694434367859111,1.9876596020498905,10382.0,9949.0
MOTION-377,156.1952713917909,-42.30307212431136,156.2084180967762,-42.31833577494584,65.14880656685813,2.1125315331995926,1.120109298144777,1.337039709974954,1.1936689680100647,5196.0,4960.0
MOTION-378,156.77044105453786,-43.90778078395615,156.7619753669458,-43.92480338411327,65.09513494008455,2.1107911635754624,4.214098076313372,2.569392785149736,0.6097135706432165,10122.0,9724.0
MOTION-379,153.89402230046235,-42.41931517150456,153.9073738982865,-42.40417346728353,65.04411140896745,2.109136661764912,1.2727490619163566,1.5605195059093395,1.2261014779768855,9310.0,8804.0
MOTION-380,155.27724416797457,-43.99408938689899,155.2755595536986,-44.01211151859792,65.02616144805378,2.1085546118326404,7.348851844713059,4.695126294783477,0.6388924955891258,12933.0,12407.0
MOTION-381,154.90397788462178,-44.01956750352267,154.88871286037167,-44.005244161135074,64.96821669533928,2.106675680755565,12.348721039253777,9.12778970802236,0.7391688320601941,13725.0,13047.0
MOTION-382,157.03222855373642,-42.30041679693252,157.0435973779232,-42.31638375161199,64.96295643426615,2.1065051102113683,1.5823175975619688,1.3614907829642011,0.8604409033066326,3874.0,3735.0
MOTION-383,153.38275337532335,-43.119544548300006,153.40737063338628,-43.11792134315652,64.95213027601615,2.1061540584900595,5.158034054132502,9.280648998366436,1.7992609007555866,12815.0,12164.0
MOTION-384,154.57049286738686,-44.14453931026512,154.564047388988,-44.127129375802994,64.85042138103023,2.1028560203649227,5.525573670548119,2.9610108097366545,0.5358739175841867,14920.0,14143.0
MOTION-385,157.48863472824556,-42.48332341353608,157.4791428511594,-42.4667341022198,64.82183729084844,2.101929145491246,1.065095926219645,1.1394759884994572,1.0698341439947197,3831.0,3605.0
MOTION-386,157.04799137147464,-42.8495492731948,157.05560535967143,-42.86665423055345,64.77311072103406,2.1003491255236986,7.458846322154141,9.04496480591839,1.2126493046321636,5867.0,5629.0
MOTION-387,158.03130372371706,-41.80161246843553,158.00835427762445,-41.796066080844426,64.74653990465838,2.099487533571145,2.994406037444408,1.507005105506936,0.5032734661439227,688.0,697.0
MOTION-388,154.47680582680618,-43.18781477972543,154.45214175157724,-43.18755626429007,64.74536435257977,2.099449414824757,2.7599815476168303,3.2534344166424645,1.1787884667025101,11153.0,10666.0
MOTION-389,153.75429023942064,-43.71215422823107,153.73407254697514,-43.72262940449029,64.72536552628627,2.0988009278700708,5.830883089888453,4.653749909265219,0.7981209428354783,14619.0,13995.0
MOTION-390,155.87969080654295,-44.02781439106981,155.87877390348285,-44.00985467847869,64.69852313905928,2.097930529893015,3.67421564832374,3.832826639750072,1.0431686668959383,12041.0,11396.0
MOTION-391,155.00770790022642,-41.59608956549781,155.0070406469173,-41.57812908294141,64.68269431473253,2.097417260467436,2.515107014630718,1.906162952739278,0.7578854266044626,4519.0,4230.0
MOTION-392,154.7166098710887,-40.6215922795468,154.7164376469902,-40.60363244331207,64.65712354328431,2.096588096222391,2.1352650333196426,1.562592006955861,0.7318023676557559,1580.0,1449.0
MOTION-393,158.08077998038385,-42.33129920926947,158.1029435903244,-42.3239840299772,64.59998232071626,2.094735220615273,1.301419767238862,0.8150428477442013,0.6262720670621323,2375.0,2220.0
MOTION-394,155.33953852111352,-44.28617486713774,155.35986113910909,-44.29666099475484,64.55658947780148,2.093328153413227,3.1051220658185947,4.3546794123819454,1.4024181079122677,14055.0,13375.0
MOTION-395,156.10662339036983,-43.34418722943905,156.12930659631292,-43.35118581892591,64.50674199752449,2.09171178652203,7.336226536827058,6.4725073709273255,0.8822665628489038,9131.0,8674.0
MOTION-396,156.19924178645513,-44.38888327929643,156.20129315425228,-44.40673574283127,64.48510829762472,2.0910102867459575,14.46367241040327,22.912839525563825,1.5841647180202543,12922.0,12390.0
MOTION-397,156.77120505780607,-41.85923965825468,156.7808917614104,-41.84286823979516,64.40741540591773,2.0884909975634605,2.825410257326686,1.75387471928102,0.6207504608341307,2678.0,2517.0
MOTION-398,156.45564052986296,-44.44677426664619,156.47571409138394,-44.4361009667787,64.33042390296063,2.085994451788391,6.141417282362263,6.610500051261878,1.0763802144249,12716.0,12044.0
MOTION-399,155.63706271772762,-43.2526392279621,155.66150364492654,-43.25399778020056,64.27028832173082,2.0840444803566824,4.282521353800049,5.494930593051929,1.2831064083722694,9529.0,9022.0
MOTION-400,154.0172312538295,-42.7155090964746,154.02040266153662,-42.73320790734546,64.26538168803309,2.083885376622408,1.9260598493703005,1.8364262174858088,0.9534626964401982,10169.0,9759.0
MOTION-401,157.08389546489957,-43.92050517491568,157.09063310450333,-43.93767195796261,64.22188366602477,2.082474898856709,2.950284003597816,4.416855319022727,1.4970949622600587,9675.0,9252.0
MOTION-402,154.01582600435663,-42.14505508450837,154.0054497676406,-42.128992318052376,64.11806844683052,2.079108560534781,5.021895671813551,4.36268400469098,0.8687325045754065,8137.0,7697.0
MOTION-403,154.56101176789528,-43.49003651857505,154.5734812504518,-43.50537088960738,64.09233186228451,2.0782740195926612,3.482005612303758,2.921085051694642,0.838908771821881,12194.0,11654.0
MOTION-404,156.0099930514742,-41.98802782132983,156.0278618059033,-41.999852970139735,64.01539882671695,2.0757793696958213,2.1501706604898443,3.307653885799565,1.538321560506284,4360.0,4143.0
MOTION-405,156.05057720566322,-44.05662564354861,156.04327864633802,-44.073608001971735,63.985278835385245,2.074802691306439,3.963353827637448,3.626662795846973,0.915048959433638,11860.0,11383.0
MOTION-406,155.91647827779934,-42.81223831670112,155.92215562750926,-42.79498255716079,63.90499690350132,2.0721994492581457,2.3886925156070347,2.7218628868956047,1.1394781325397598,7489.0,7068.0
MOTION-407,153.82108483813894,-42.808145836539815,153.8414813275107,-42.81768784340265,63.88584893672384,2.071578552487418,3.3069527615831302,5.952159094937901,1.7998923855472424,10831.0,10327.0
MOTION-408,154.683950271629,-43.43574283760032,154.6930234546863,-43.452206627790936,63.838091760974166,2.07002996633482,3.1305149822636458,3.506953045872021,1.1202479674242531,11773.0,11256.0
MOTION-409,154.6047269460606,-40.46204609724784,154.62317430265733,-40.47287952384187,63.82508427615671,2.0696081823714207,1.7718297796005873,1.269431221359019,0.7164521309971318,1219.0,1159.0
MOTION-410,153.31606901438906,-42.74620775341646,153.2919627747497,-42.74534145486564,63.806920600230036,2.0690192024625635,21.68573985330956,14.592802717506158,0.6729215980740028,11471.0,10969.0
MOTION-411,154.9252042090242,-44.095418392045886,154.93670206779942,-44.111089721400695,63.76774808544436,2.0677489846783814,2.2207340307743832,1.8270946845930505,0.8227435880540506,14012.0,13363.0
MOTION-412,157.39783092426546,-42.506210601761865,157.38551486796374,-42.49101148272543,63.73826404568269,2.0667929278140287,0.9793283682762643,0.5705901466262258,0.5826341451034784,4056.0,3844.0
MOTION-413,157.10943236663513,-42.72108619692641,157.10767074983255,-42.73872018669798,63.65305649795083,2.0640299665115,0.4972310456850785,0.3443349204055192,0.6925048695040734,5296.0,5076.0
MOTION-414,154.74768231142392,-41.27558930874313,154.7271394592135,-41.26706748410198,63.48788813372204,2.0586741757287133,1.5015174254929975,1.7763035316380889,1.183005605848943,3800.0,3622.0
MOTION-415,154.2621716282406,-43.21827278726255,154.25391558417957,-43.23483517045514,63.43585232540917,2.0569868495640558,3.991883140386476,2.175954856975944,0.5450948287943314,11654.0,11185.0
MOTION-416,157.5866852618024,-42.84194280920984,157.57876036175742,-42.82531303249928,63.4176424641846,2.0563963720391514,3.572019596344576,2.9879039550952893,0.8364746817606933,4975.0,4660.0
MOTION-417,156.23672451822208,-43.60604072214392,156.22375349806177,-43.59115227785519,63.37462251730724,2.055001396457492,6.8256733487578725,12.393019042180258,1.8156478355993295,9841.0,9342.0
MOTION-418,153.68432977951537,-42.29590385864978,153.69896870264796,-42.30977041510672,63.33375869434249,2.0536763358903194,5.642416188896286,7.895628590606433,1.3993346690987178,9209.0,8796.0
MOTION-419,154.34914784233268,-43.05606535806943,154.3724565164923,-43.05170171927456,63.29532107036658,2.0524299478597565,54.672758321105455,41.41218844271116,0.7574556271605692,10877.0,10315.0
MOTION-420,153.7518451390377,-43.36351618208166,153.77595196355966,-43.36227325588334,63.25253626786109,2.0510425971284456,13.178892320625996,8.056039282850602,0.6112834892991933,13113.0,12460.0
MOTION-421,155.17552402653152,-41.89005168031749,155.19702282037085,-41.89721677374482,63.12302364651425,2.046842988402509,1.6245047389895926,3.214221897500054,1.978585731611489,5342.0,5039.0
MOTION-422,154.65433180133388,-43.8954818206673,154.67860981576572,-43.89459788200193,63.06236598203003,2.044876087768318,3.605037004247428,2.505110084357666,0.6948916422788902,13673.0,12983.0
MOTION-423,156.52394048387112,-44.08506736874472,156.5346531125267,-44.069351444037565,62.99675738091468,2.0427486468218277,11.11662509987708,12.529443230182562,1.1270905618937446,11174.0,10574.0
MOTION-424,156.92256982467725,-43.95559111918589,156.9235131210842,-43.97303376641317,62.841083502856044,2.0377007266276665,10.786276551843796,11.676078410382267,1.0824938851012835,10065.0,9660.0
MOTION-425,155.34804449942024,-43.48643670879113,155.37104951194164,-43.48132966360964,62.839829384923,2.037660060285188,3.097560196358377,1.7708282036589271,0.5716848394877968,10835.0,10266.0
MOTION-426,156.693275549146,-42.93363994018444,156.6787507708753,-42.91980907367472,62.80992309303032,2.0366903113673853,3.768985650324001,2.321467736904437,0.6159396591772304,6712.0,6360.0
MOTION-427,154.74394736566063,-41.169406425940814,154.7562642151515,-41.15463628432299,62.782709999966244,2.0358078927899284,1.837943021867232,0.940677279347467,0.5118098157318279,3426.0,3192.0
MOTION-428,152.55326018065253,-42.93604935868528,152.56477446354145,-42.9208142663761,62.684124707807705,2.032611141393095,2.380700441252829,1.8384425974418708,0.7722276039376049,13614.0,12891.0
MOTION-429,155.84906879885372,-41.78158261697004,155.8511417664676,-41.76424705584552,62.65570119946937,2.0316894735865287,1.475690792522973,1.3066624659737287,0.8854581681977847,3859.0,3618.0
MOTION-430,155.99929218297618,-42.12420559453183,156.0226133338061,-42.12236594312522,62.62173753457407,2.0305881592746435,4.497678066655751,2.2756565500781605,0.5059625247411772,4859.0,4558.0
MOTION-431,154.43456326154686,-42.70808600064829,154.4572033614933,-42.70304665730699,62.58062892700765,2.0292551612606142,41.65603353123901,77.73588981905935,1.866137585105482,9483.0,8958.0
MOTION-432,155.4343853340305,-44.23764166322026,155.45636441316344,-44.24499610596436,62.56378799439519,2.028709072958048,7.169798622793912,6.084891652307366,0.8486837598147517,13681.0,13016.0
MOTION-433,156.55822109521438,-42.53723535456422,156.56889122649457,-42.52174234095198,62.54707159368347,2.0281670227581126,0.3915896358056301,0.4848609073536298,1.2381862618915072,5505.0,5134.0
MOTION-434,156.33236687144716,-41.86087924649405,156.3327918668029,-41.84351439950102,62.523836243757266,2.0274135874767825,4.966503122537558,3.0268638794062825,0.609455748788446,3386.0,3159.0
MOTION-435,156.37271089754634,-41.06332813290158,156.3908258303451,-41.05271989580221,62.26187609972332,2.01891920217833,3.721213623359144,3.197967687141557,0.8593883638034057,608.0,527.0
MOTION-436,153.6228654639279,-42.719471368104095,153.62402267819616,-42.73674467177518,62.25914941436751,2.0188307859954593,6.395331469365527,5.504349451466593,0.8606824334021068,10839.0,10377.0
MOTION-437,155.64724253612002,-44.62096626532956,155.67138039529442,-44.622750217213664,62.181680555641144,2.016318761362552,4.68639890523992,2.5170741331555413,0.5371019804441252,14938.0,14207.0
MOTION-438,154.0440402633507,-42.77250831296703,154.06727474607325,-42.77000787930782,62.05702550470256,2.012276665432366,3.4196832175770826,6.326162944105927,1.8499265989287001,10333.0,9811.0
MOTION-439,155.61606226008692,-43.05070187492316,155.62095774500807,-43.067531634530006,61.94039412713914,2.008494747146413,8.098688757361312,5.612218370667054,0.6929786461500723,8815.0,8467.0
MOTION-440,155.202738465211,-40.61439741294106,155.2109414459622,-40.598371083894826,61.89774534797257,2.007111807141988,3.909171322507428,3.361463772214991,0.8598916483555074,832.0,756.0
MOTION-441,156.5140679365998,-42.82973324317999,156.49619932775573,-42.840857204892856,61.87788426372134,2.0064677866452936,8.188046282407731,4.180797989596651,0.5105977476677463,6606.0,6359.0
MOTION-442,153.82941124899227,-42.85871816950856,153.846750385681,-42.8471523786546,61.86828090456207,2.006156385713831,4.5826958574178125,2.554858558275532,0.5575012258647042,11004.0,10415.0
MOTION-443,153.4035325112777,-43.21974790219154,153.4024948589312,-43.20258331123648,61.85247766773091,2.005643945994798,5.661642713901831,3.269816793072282,0.5775385269443866,13184.0,12482.0
MOTION-444,153.9303367239486,-43.436398851556,153.90674614161705,-43.43770135842217,61.84541807243355,2.005415029787991,13.280636321280882,8.893299634491973,0.6696440907911435,13096.0,12511.0
MOTION-445,157.26833578292937,-43.75823761462973,157.28431783801526,-43.74555530018646,61.739365831403184,2.00197615323523,1.5914500415184405,2.019885587105176,1.2692108042411152,8801.0,8329.0
MOTION-446,157.0119772021337,-43.19053909300903,156.99622235356105,-43.20324729781155,61.665415920289824,1.99957823487975,5.206158049329725,5.567396091007359,1.0693866836647694,7129.0,6877.0
MOTION-447,156.5588309720125,-42.849042993834,156.5821449636363,-42.85005110474361,61.63981400351709,1.9987480607086043,2.6025176846007354,3.905697040435779,1.5007379444704794,6607.0,6236.0
MOTION-448,154.9770393491897,-43.84006400740959,154.99259772773155,-43.85298847776608,61.616330124627154,1.9979865665647951,1.2645240419939463,2.022956155354578,1.599776744588192,12855.0,12271.0
MOTION-449,155.59931421910008,-44.39736031335676,155.6204800951981,-44.40537338205026,61.61016694189489,1.9977867176565358,3.0813098590167165,3.740408255555957,1.2139020178741668,14045.0,13353.0
MOTION-450,155.45105047976733,-43.33378429586762,155.46143003912846,-43.31843768055754,61.57283105038819,1.9965760546792013,2.289411417963814,1.308008056116903,0.5713294018950232,10109.0,9567.0
MOTION-451,156.38051169765902,-42.778677521157135,156.37683050352334,-42.76182988135494,61.42673926730292,1.9918388458986804,5.802415580735699,7.4671097993757405,1.2868967579928101,6642.0,6246.0
MOTION-452,153.7657885727661,-43.78788012767378,153.7784746587111,-43.7734943800854,61.39472395394243,1.990800709322074,7.036008563720079,6.033315501373988,0.8574912106394669,14918.0,14124.0
MOTION-453,157.27239707320734,-43.4509308108751,157.2582897644215,-43.46455827343468,61.36603461366231,1.9898704215823246,5.3402239016289474,3.1987693547383533,0.5989953630525906,7696.0,7388.0
MOTION-454,153.66069289019103,-43.67833699241972,153.65643981039594,-43.6615733794375,61.35680334733757,1.9895710862263905,9.578600974525576,6.2888782636135625,0.6565549896419031,14656.0,13890.0
MOTION-455,153.29868714331897,-42.70751834125216,153.28994889115174,-42.72330341344518,61.34683443102195,1.9892478316469386,7.274139383838797,13.901713883867483,1.9111145869370325,11342.0,10892.0
MOTION-456,154.59865313551606,-43.11870751407346,154.61942128074375,-43.12647401207686,61.31627730547264,1.988256978633835,28.05547879556917,21.07878397579429,0.7513250488215972,10701.0,10199.0
MOTION-457,156.1632348589037,-40.88663460513479,156.1784199542947,-40.87407187849443,61.26752770376771,1.9866762118284311,3.647207172099999,3.75743876133167,1.0302235612155264,331.0,238.0
MOTION-458,154.5762207465179,-42.36828812781095,154.56388767739423,-42.38264990794367,61.22865483006008,1.9854157102809593,6.017560499587282,3.484062303135715,0.5789825134910852,8029.0,7709.0
MOTION-459,154.12496712067227,-43.70200989739961,154.14564157597232,-43.69391621445124,61.19303822407779,1.9842607972870288,1.4586256489010658,2.774780014494763,1.902324984196797,13839.0,13110.0
MOTION-460,156.45624000408677,-43.35861343591549,156.46421909514223,-43.342656647173975,61.12411803551835,1.98202597397593,7.218779145764499,6.626817248305766,0.917996951353463,8612.0,8149.0
MOTION-461,154.38490157144486,-42.88435092915341,154.40676248586612,-42.878775286617376,61.061263184909755,1.9799878268336806,3.0433125315997844,4.068710191521469,1.3369347213848792,10184.0,9668.0
MOTION-462,156.92516247955766,-43.55918682651975,156.9022534204896,-43.55572211444826,61.054211176802994,1.9797591566510178,4.4522885812532005,3.4823494452617862,0.7821481877712423,8614.0,8245.0
MOTION-463,154.27076373049002,-43.71554653434456,154.25403162402955,-43.72737861294582,60.905467389954374,1.9749359533316637,1.8964122847585272,2.9033815494892297,1.5309864699905809,13626.0,13061.0
MOTION-464,155.14332168231215,-43.42871579567037,155.13839556942864,-43.44523236858646,60.838097457977796,1.972751399029138,4.448350788681185,3.0107037304758766,0.6768134694180601,10957.0,10507.0
MOTION-465,154.4471053823195,-42.61166497087408,154.46379380895107,-42.623272539289694,60.83415312441591,1.9726234990802973,2.7527157963776365,2.728639285811082,0.9912535429199639,9112.0,8694.0
MOTION-466,154.46676270262984,-41.18905676576375,154.44920259702798,-41.17855122736661,60.77739350111126,1.9707829973065534,2.801527310759605,1.5000555861192828,0.5354420713152207,3942.0,3761.0
MOTION-467,155.9814189950973,-44.07793785481621,156.004101483528,-44.08229886614424,60.72431103263471,1.9690617318770522,12.617459604355176,14.985197494569483,1.1876556743163287,12062.0,11472.0
MOTION-468,154.21818782449566,-42.214949372879055,154.20234556339386,-42.20286654387567,60.63516684287427,1.9661711200332697,1.778548427101082,2.7365346360546776,1.5386337500604639,8058.0,7646.0
MOTION-469,153.87076771882064,-43.08686546929033,153.85349487847077,-43.09802682031493,60.63376362992989,1.9661256190985787,72.90414757465108,93.89295747077152,1.2878959646929373,11809.0,11326.0
MOTION-470,154.75072580509297,-42.49589899528799,154.7383930994248,-42.48173385356672,60.59952091204275,1.965015256144427,5.256713321730244,4.284708884314359,0.8150927437115878,8204.0,7784.0
MOTION-471,154.07903580134334,-41.75494458575049,154.06361002745535,-41.76720543930695,60.532336365630286,1.9628367132006757,2.4910464569951696,1.3333756648193722,0.5352672813769036,6611.0,6369.0
MOTION-472,157.59674861912933,-42.45381290006508,157.5961058346432,-42.4370190480708,60.481976537613285,1.9612037327932257,1.1957237489467312,1.3061463198477208,1.0923478947359344,3554.0,3332.0
MOTION-473,153.30841981713772,-43.31758227098037,153.32353275767474,-43.33025429076319,60.39617812254823,1.9584216118784326,2.9160639082254094,1.4793981295273422,0.5073270600669517,13778.0,13132.0
MOTION-474,156.37747919080655,-41.59421146491036,156.36345997778707,-41.60729366884969,60.35194882307459,1.956987421526327,2.268210323106693,2.6288467633697854,1.158996031624237,2355.0,2325.0
MOTION-475,153.8184956885674,-43.26169687144861,153.80212638060374,-43.27347026488506,60.31337106607237,1.9557364895071245,3.002223809415941,4.295248587913656,1.4306890027460222,12590.0,12076.0
MOTION-476,157.95137570159372,-42.52100893116662,157.93407286849592,-42.53186957127521,60.299363610229925,1.9552822802325969,9.937712061075354,12.923103051035127,1.3004102927929597,3245.0,3164.0
MOTION-477,154.1082060630223,-43.595567790593925,154.12266397830453,-43.608637222519626,60.285072698841155,1.954818879557468,2.519164461029322,4.782555889070272,1.8984691007891308,13421.0,12811.0
MOTION-478,152.61995442522456,-42.79003709391178,152.6165718044321,-42.77347751034216,60.280752095577576,1.954678778592957,2.140137496054781,3.477689372131389,1.624984085621745,12887.0,12227.0
MOTION-479,156.70052871931728,-42.6419490819964,156.67804127067174,-42.639462526288575,60.22068710861387,1.952731096268618,2.650976640924793,2.374620478754349,0.8957530753367796,5671.0,5383.0
MOTION-480,155.49397478975217,-44.26113189600152,155.49734162612722,-44.24458834518831,60.18621504933677,1.951613296633064,3.959615044517867,7.373919148157317,1.8622818292315042,13664.0,12949.0
MOTION-481,155.62451425443965,-44.20369006132864,155.61870522486117,-44.21988134582198,60.18509589308711,1.951577006591963,2.979881234684676,2.18969872301115,0.7348275151116412,13180.0,12612.0
MOTION-482,156.25367563065157,-44.83321973835957,156.27721295518285,-44.832445186444026,60.15546384428878,1.9506161503494848,7.417836013193396,8.132115556811838,1.0962921723192616,14729.0,13979.0
MOTION-483,157.3827853021704,-43.15956056644089,157.40498248147395,-43.15544416631166,60.146483338279715,1.950324946210407,38.95050671060447,50.54952307697001,1.2977885872588057,6461.0,6085.0
MOTION-484,156.59979595224073,-42.97986619965,156.6175679021092,-42.99035869597534,60.14386553006679,1.9502400605050643,1.93692817785826,2.7100405028108066,1.3991435169307145,7001.0,6711.0
MOTION-485,155.31371280411815,-40.7014376028684,155.33503626226917,-40.705357324756406,59.881170673343355,1.9417218512287655,5.873434817367648,5.661410181472625,0.9639010830139684,960.0,920.0
MOTION-486,153.5695598330794,-42.27371957226988,153.5524333209592,-42.28449505652768,59.8811116044662,1.9417199358465476,27.94659686906819,34.56122992039251,1.2366883195944878,9317.0,8927.0
MOTION-487,154.3970136427427,-43.74006206205005,154.41516539125507,-43.75022301522627,59.72115171885325,1.9365330364970166,8.402863498995485,7.366524151804561,0.8766683110686241,13485.0,12862.0
MOTION-488,155.97038297628455,-42.82201829534236,155.95874543948423,-42.83623725578093,59.701572440159204,1.9358981538979618,8.017495254843098,13.017137538931811,1.6235915488778865,7435.0,7159.0
MOTION-489,155.0336412003163,-41.342505408648606,155.0208253622639,-41.3290065870878,59.67931882438767,1.9351765525744316,0.3435666812239659,0.3039353836922933,0.8846474361527579,3577.0,3382.0
MOTION-490,154.00197536510296,-42.57104843848339,153.98702612093226,-42.58341609540305,59.605557199326114,1.9327847396296667,5.108983656140159,6.321882913188794,1.2374051941996191,9670.0,9260.0
MOTION-491,156.76136246114172,-42.33635153956674,156.74985488216984,-42.32215786602372,59.572805387808685,1.9317227211791987,2.3317904768742155,1.9912058857569317,0.853938595900846,4426.0,4164.0
MOTION-492,156.20872230928805,-44.2969698105679,156.23177068168062,-44.29571064350481,59.56043921209917,1.9313217324656966,12.843583821214333,21.194761955329497,1.6502217955958012,12532.0,11907.0
MOTION-493,155.89586579051164,-43.236690843872026,155.87698271617288,-43.24587481917753,59.543700780587784,1.9307789678895289,3.668020200877256,4.550247726096171,1.2405187204279624,9065.0,8698.0
MOTION-494,155.53071693511137,-43.06451350963154,155.55297069506724,-43.06747136783343,59.48911807925344,1.9290090555333033,11.278702326140149,6.08894742696859,0.5398624106654989,9004.0,8566.0
MOTION-495,154.24827283601405,-43.11367757548196,154.26599635780244,-43.12394538860114,59.45950904054974,1.9280489454219216,3.026217582463003,3.2798823191537103,1.0838223722447122,11263.0,10748.0
MOTION-496,154.05444824776592,-41.04010498875291,154.03354729531696,-41.04502556556361,59.45064459713923,1.9277615047577594,1.4549619342555942,1.3780881830994258,0.9471644244799439,4080.0,3941.0
MOTION-497,154.5071822592349,-42.267010754460216,154.48635572903595,-42.27293370862883,59.4370071008576,1.927319291884692,0.6154245536248012,0.7704321608648804,1.251871015426825,7775.0,7452.0
MOTION-498,158.0541971757003,-42.584930617399856,158.0573571123079,-42.60124909634771,59.34044192985495,1.9241880454428624,138.72480190278924,137.90489973636224,0.994089721843672,3335.0,3227.0
MOTION-499,155.19881885036645,-42.25330607016937,155.17681751941777,-42.2558479028488,59.33441997136994,1.9239927759074469,1.1932528809301424,2.0347104714593605,1.705179601052629,6601.0,6327.0
MOTION-500,154.55243598456298,-42.95310159210327,154.54842646594085,-42.93688844338581,59.31598603911945,1.9233950325992857,4.705511787862122,7.706830670387547,1.637830488549053,10165.0,9647.0
MOTION-501,154.04724649473044,-42.1939280686363,154.05688631291642,-42.179081439113325,59.31170556586022,1.9232562329003555,1.1137028231322432,1.7606736232024676,1.5809187034748153,8251.0,7792.0
MOTION-502,153.18412960209727,-42.8684621752942,153.19243547109673,-42.88377174848458,59.31066344773245,1.923222440916707,7.397316727776766,10.354701584089833,1.3997915683680475,12179.0,11650.0
MOTION-503,154.2578068626237,-43.67180503695661,154.26540333782646,-43.65631389729971,59.17305587670986,1.9187603433233473,3.27376104005239,5.479633442665103,1.6738037308237417,13461.0,12742.0
MOTION-504,154.91101095921763,-42.00467495568693,154.92955832518982,-41.99575857114454,59.097281898329946,1.916303277305426,7.091402034634146,3.72184470776904,0.5248390501048577,6170.0,5793.0
MOTION-505,155.35190705815833,-41.874541862435805,155.36646493569296,-41.88686808237869,59.09011473656247,1.916070873121294,1.3342923696155726,2.013967442040268,1.5093899117631309,4977.0,4726.0
MOTION-506,155.42534455624835,-43.11896446047169,155.42910229401244,-43.10278546748566,59.07569830084658,1.9156034021628676,2.2912585641672982,2.078361684317449,0.9070829965769397,9387.0,8861.0
MOTION-507,156.71653798746843,-43.93180549314718,156.73754569140425,-43.93809509161819,58.98098411768153,1.9125321763166645,3.3125640869087505,5.055864452389267,1.52626917389162,10282.0,9807.0
MOTION-508,154.59131822299304,-40.39076937899446,154.61237248607767,-40.3874342918529,58.965676507300344,1.9120358079051418,2.467534023858055,1.9748326351182948,0.8003264052386161,1005.0,935.0
MOTION-509,156.03989829554604,-41.65067430368875,156.0599978849975,-41.65719927081955,58.94679649078548,1.9114235997568,2.776758343627201,2.9894493055955795,1.0765968570713094,3073.0,2933.0
MOTION-510,155.23843572467587,-41.95305788402326,155.25811039043066,-41.96039192597674,58.91873103737679,1.9105135423291393,1.163682574425328,1.480156496184423,1.2719589763689485,5480.0,5179.0
MOTION-511,153.05848310452436,-43.364711727314464,153.03732427830988,-43.35913814172513,58.90213713854221,1.909975464405781,18.735921360879736,13.344042646462444,0.7122170503087488,14482.0,13795.0
MOTION-512,153.11536493925271,-43.04307294686493,153.12995447162083,-43.0306644043683,58.90005981141619,1.9099081044756496,37.567689242461135,32.875334846882666,0.8750960069624164,12991.0,12322.0
MOTION-513,156.26503736128768,-44.7703286945826,156.2419923545228,-44.77046471349152,58.89965588081413,1.90989500652069,4.260289136359637,2.3206912361819434,0.5447262291133941,14438.0,13787.0
MOTION-514,156.5816869139517,-43.92563972405335,156.59200858258666,-43.91106871101911,58.889837859071775,1.9095766448864968,1.9781506482966464,1.2383811163316645,0.6260297300400323,10483.0,9932.0
MOTION-515,155.04810669425413,-41.59395271024752,155.04165390353046,-41.578329192853246,58.867280166385484,1.9088451834887026,4.969845765432957,3.626291035724961,0.72965866686389,4444.0,4178.0
MOTION-516,152.77497040710634,-43.270688281517344,152.75253490736762,-43.27007234550362,58.85101884863435,1.9083178899229272,11.112362676808424,6.768906165007348,0.6091329415601329,14627.0,13965.0
MOTION-517,156.74444809590935,-42.61449090041995,156.7247865767333,-42.62208755369904,58.8297427802139,1.907627986794854,9.581049635237465,17.27855090551851,1.8034089753559934,5492.0,5255.0
MOTION-518,153.64870803148744,-42.43290753139195,153.62663334372783,-42.433771671064704,58.73546656486375,1.9045709626028064,4.426192561736461,3.404881373541452,0.7692573981023696,9740.0,9314.0
MOTION-519,154.6274937306515,-41.86438336807964,154.64903348067716,-41.86143898601533,58.71445376272136,1.903889596213061,15.189733551824803,9.584318572579964,0.6309734492629439,6129.0,5763.0
MOTION-520,154.53450177877667,-43.33405047034458,154.5290312911478,-43.34985433464031,58.669041879492724,1.9024170591036664,4.968145673891088,8.544026066972991,1.7197615826512689,11627.0,11157.0
MOTION-521,157.16656177096098,-42.769544736435,157.16589502834697,-42.78582815428032,58.64677283437018,1.9016949574641324,0.6451147377461226,0.9714761947661136,1.5058967621174184,5391.0,5152.0
MOTION-522,154.90390936248696,-44.21832210620393,154.90746110696068,-44.202251540964646,58.57548058334035,1.8993832170607416,3.4654875176030258,5.322019964494022,1.5357204253256418,14604.0,13831.0
MOTION-523,155.4962093761568,-43.63362653056045,155.49075987835886,-43.64939884225494,58.52831505040736,1.8978538156664297,4.331700727103899,4.530777741138132,1.0459581643737728,11141.0,10680.0
MOTION-524,157.38697025665314,-42.20162850955537,157.38757077529507,-42.217878171890185,58.52069595319017,1.8976067569101145,2.845445129799587,2.9765948931694823,1.0460911236686306,2954.0,2879.0
MOTION-525,155.16901828952683,-43.53696646663558,155.1912844238649,-43.53510868307376,58.49350752491168,1.8967251381191776,2.425130813105519,2.825623142745958,1.1651425677642457,11320.0,10761.0
MOTION-526,156.0099426042494,-41.90129885358336,156.02925748072235,-41.89381504162417,58.34897508340362,1.8920384929395342,15.085156036354634,25.857981054613845,1.7141341456659198,4036.0,3804.0
MOTION-527,155.46141732618287,-44.14258246220137,155.44415323453634,-44.153029711843175,58.337981200534166,1.8916820025376695,17.279087580094256,9.969430036776604,0.5769650735645048,13223.0,12646.0
MOTION-528,153.43929736541054,-42.89448320390816,153.43594661699623,-42.9104857328347,58.28280428344861,1.8898928219925377,6.010960449432793,3.7940176235201823,0.6311832618825821,11835.0,11336.0
MOTION-529,156.82419186095072,-43.28397734283085,156.81795674626483,-43.26847339690772,58.15750539176739,1.8858298487210334,1.6215275147073718,0.9191616253247268,0.566849231349986,7788.0,7364.0
MOTION-530,153.2569805586739,-43.21294473250644,153.23972699386016,-43.20280700376392,58.15101802550724,1.885619487756433,5.433992754152059,5.053827784941466,0.9300394780762059,13417.0,12777.0
MOTION-531,155.88484263370017,-42.54438357049799,155.89531695134494,-42.55856109631044,58.10858293166713,1.8842434767659704,5.754605065119547,3.2401249128317566,0.5630490496161349,6552.0,6268.0
MOTION-532,156.56156701717578,-41.12695386780191,156.564823952783,-41.111004476869205,58.09324970590927,1.8837462777438225,0.3181140933115599,0.2464121020073376,0.7746029087934888,536.0,466.0
MOTION-533,154.05963478593543,-40.99245397450424,154.0807114643842,-40.98975088183749,58.09293449469226,1.8837360566258827,2.1655977083406137,2.4650473332871097,1.1382757396690952,3900.0,3661.0
MOTION-534,152.81818200930016,-42.98717481071282,152.8158052270243,-42.97114980121631,58.02866746615303,1.8816521178480505,3.9982929718055775,6.055972614629405,1.5146395367557586,13310.0,12616.0
MOTION-535,155.83854256889995,-43.95637638537517,155.8566931893852,-43.94695014665954,58.00391819947361,1.8808495919225727,2.834818372431605,2.9368500914566718,1.0359923302379148,11828.0,11203.0
MOTION-536,157.37788412991824,-42.5611989324419,157.3987679037467,-42.556510151556736,57.89288504124757,1.8772492029002115,2.196794309668076,1.4766319915713626,0.6721758086647965,4303.0,4049.0
MOTION-537,156.9187479753861,-43.43488606813752,156.91050675095343,-43.44978051858492,57.78522307923148,1.8737581291312435,0.7447893435423792,1.414504119546822,1.8992002662378793,8194.0,7858.0
MOTION-538,155.26190482684237,-43.024862603172,155.28251605946775,-43.019348059208845,57.765723417695504,1.873125828218115,6.012163958461508,4.047101489602654,0.6731522156688311,9289.0,8806.0
MOTION-539,155.13206155981717,-41.8712759169781,155.15347232245182,-41.86949933439541,57.752429744400025,1.872694764235386,1.5010315152039606,2.5892986279035752,1.7250128339588797,5341.0,5006.0
MOTION-540,153.7887943596302,-41.443912349432686,153.76801954823378,-41.44008365647298,57.733478368919826,1.8720802421833458,2.708221421001028,3.9371741654288974,1.4537859182775452,5984.0,5698.0
MOTION-541,155.4031747030182,-43.31935870647255,155.41253823611717,-43.33386715191926,57.7002713257802,1.8710034622781793,6.902987104027015,12.80689590867443,1.8552686997203336,10128.0,9696.0
MOTION-542,154.7590811923518,-43.30142796987089,154.77266395040624,-43.28881595419071,57.68937164959969,1.870650026646026,12.01089737085552,9.241567984329706,0.7694319332670678,11111.0,10519.0
MOTION-543,156.02371191372404,-44.06090112044836,156.01592325620695,-44.07590648538841,57.65383350764208,1.8694976579462288,2.3265395206416883,1.5510907145548103,0.6666943332761441,11924.0,11426.0
MOTION-544,156.3161795319731,-43.64437464026586,156.3098087856632,-43.6290490260099,57.61496047591598,1.8682371512748108,5.12970992670458,4.389576605120011,0.8557163402687675,9857.0,9351.0
MOTION-545,158.04398096340884,-42.38908432420697,158.06558434182756,-42.39018109335585,57.57629832170496,1.8669834825705593,0.6629149691077669,0.598795321939701,0.9032762116469234,2629.0,2514.0
MOTION-546,155.58412231419558,-40.69509172322723,155.60197287313275,-40.686643826681205,57.43805937651704,1.8625009118802422,1.673658024139152,0.9308378539654112,0.5561696837346379,535.0,462.0
MOTION-547,156.1166105484078,-44.51240997325169,156.13790306978197,-44.50751722440955,57.431239671359236,1.8622797744112358,6.256242540027195,5.03252647327325,0.8044007950579509,13590.0,12888.0
MOTION-548,154.37395649136903,-40.92876092608955,154.38161635101534,-40.913914425280936,57.36529093244256,1.8601413040711345,2.881337351545209,1.5300278675523145,0.5310130959610779,3154.0,2940.0
MOTION-549,154.00875689430407,-42.51294627178064,153.99167671196622,-42.5226995312306,57.33106681364981,1.8590315442158798,2.6909100804735844,3.522842852247951,1.3091640920338563,9472.0,9055.0
MOTION-550,157.40040786571683,-42.79701159316479,157.38948151590745,-42.78327310948897,57.26586513828195,1.8569172983456859,0.9445899715412716,1.0841003263725917,1.1476940884770177,5097.0,4796.0
MOTION-551,156.33573492082144,-41.307253256813496,156.31467656928692,-41.30562928753206,57.24706286937142,1.8563076112606518,1.2747137400112654,2.2759706697361985,1.7854759059207164,1475.0,1426.0
MOTION-552,157.43291550894625,-43.21353649304696,157.44572487196345,-43.226394116883725,57.19953021863726,1.8547663056124903,1.246626968460466,1.5055757570089192,1.2077195465041515,6567.0,6275.0
MOTION-553,157.6337792758151,-41.52298853152841,157.62735558784988,-41.50784974369736,57.18429197344792,1.854272186454067,2.5333006379043934,1.9669919435735452,0.7764542092409087,317.0,270.0
MOTION-554,152.70998750235506,-43.0562415949673,152.69948297275278,-43.04235610555448,57.117980721640855,1.8521219611801074,2.727386976151683,1.9153339831494527,0.7022597086138361,13817.0,13116.0
MOTION-555,157.2636838485007,-42.64186242799627,157.27611890908346,-42.654826096338695,57.115519807293616,1.8520421629545833,0.7146527313134434,1.2268218183524655,1.716668480504816,4749.0,4525.0
MOTION-556,154.43270899872658,-42.8438973642749,154.41521466734287,-42.85322529407537,57.09348399893959,1.8513276243089727,1.0778465617246265,1.7930872855113238,1.663583063847478,9961.0,9556.0
MOTION-557,155.74489591191022,-43.02042367752853,155.76067947352817,-43.009548401144215,57.08650400734636,1.8511012893518308,4.834671071936985,3.7041520517383546,0.7661642326071018,8497.0,8050.0
MOTION-558,155.63218988008202,-42.500179983465216,155.61068286259726,-42.500100582535815,57.084479109349836,1.8510356295017951,1.8780576555002115,2.2602279511129137,1.2034923126526236,6796.0,6539.0
MOTION-559,154.23700799130148,-42.721538462560666,154.2154590270059,-42.72072161445449,57.068342725306074,1.8505123870677334,4.856041826214988,2.6635348680958137,0.5484991611309677,9827.0,9391.0
MOTION-560,156.94675173606578,-43.61396117733582,156.93387069203996,-43.626769331414536,57.03508525399472,1.849433971966029,3.254432085032243,4.2137991661284255,1.2947878634519663,8770.0,8442.0
MOTION-561,153.66566111262955,-43.05406496625896,153.66017209236395,-43.03874878468207,56.99797162705,1.8482305161950985,3.0331818582928363,4.940358425451333,1.6287709264593555,12056.0,11447.0
MOTION-562,156.431798563911,-43.03949152395124,156.45329494398197,-43.04144290471329,56.994550139668924,1.8481195701875832,9.927398221658228,8.928122174818226,0.8993415974127119,7510.0,7121.0
MOTION-563,155.80332814736667,-44.07313010477496,155.7813560271623,-44.0742340720048,56.967604750638415,1.8472458322482266,6.830428337209139,4.0321081644636525,0.5903155652037982,12360.0,11818.0
MOTION-564,154.2521526375867,-42.546400366703566,154.27256449339603,-42.54156034565018,56.8737979230551,1.8442040285415722,1.860579292330755,3.7082071417300178,1.9930390266166684,9195.0,8711.0
MOTION-565,153.4965136934498,-42.26890285329655,153.51491144793854,-42.26090074486064,56.8532901534695,1.8435390384641146,2.369130176464698,3.9055258797536183,1.6485062402022945,9427.0,8902.0
MOTION-566,155.08211245684353,-43.7382740939315,155.10336052693552,-43.73460033753858,56.82872773252127,1.8427425712451548,3.627820044747488,2.1222905961224208,0.5850043745127775,12275.0,11632.0
MOTION-567,157.13042405134036,-43.33535011575435,157.13554318156997,-43.35069007116736,56.826933678369805,1.8426843967955069,1.7401838558350915,2.824864730575849,1.6233139510538863,7493.0,7189.0
MOTION-568,155.16714608770295,-43.39675976244269,155.146310332132,-43.3923183079604,56.8012288644843,1.8418508860567886,2.478091843103526,4.188989211682384,1.6904091845264924,10792.0,10303.0
MOTION-569,153.81234356950367,-42.21654478009121,153.8322479263304,-42.21092811607744,56.79271899281059,1.8415749428246475,1.9274056181066752,1.408592417587699,0.730823031932108,8695.0,8255.0
MOTION-570,154.23778807972536,-41.924009941795205,154.22814841843189,-41.93804943123794,56.75415478863912,1.8403244502729326,6.331700879093142,8.109446559406445,1.280769056255216,6949.0,6714.0
MOTION-571,155.91761834911955,-41.81339205192623,155.8967500106806,-41.810831141857314,56.74794712509277,1.8401231590186453,3.780916363555687,4.554508254889607,1.2046043384589475,3864.0,3703.0
MOTION-572,157.29094730816828,-42.49603981043442,157.28066929978002,-42.482218584451694,56.746373773037384,1.8400721411104906,1.2366887702638851,0.995556316001607,0.8050176729503049,4193.0,3964.0
MOTION-573,153.55129328655354,-41.92085113199117,153.57111084280885,-41.926310925651926,56.604091124607315,1.8354584482851706,1.7549206237514108,1.1471622050513417,0.6536832432905754,8089.0,7675.0
MOTION-574,156.70492971179686,-44.53826953206028,156.68312677371867,-44.54064984878598,56.597997229514725,1.8352608461152844,4.58114404715848,4.859235031252248,1.0607033922599003,12648.0,12104.0
MOTION-575,152.57762222169168,-42.73005192029525,152.577665549955,-42.74577122367202,56.58960812069552,1.8349888187697363,6.282749178171716,7.446060608580728,1.1851596168204086,12717.0,12188.0
MOTION-576,154.94034920642684,-43.724971223078896,154.93661292128286,-43.740454896746975,56.582189697618375,1.834748267123391,2.8906960263740213,2.0307181555750957,0.7025014519158388,12457.0,11940.0
MOTION-577,156.19753924475694,-44.49897264814124,156.20090379442345,-44.51450161609225,56.56771931164617,1.8342790467604289,8.877715304618667,16.266272180367753,1.8322588213552151,13378.0,12799.0
MOTION-578,153.22828002102574,-42.40246646939157,153.23590716311256,-42.417124587012935,56.5295555851629,1.8330415401986229,1.0355480681051767,0.558096699803293,0.5389384780800047,10324.0,9896.0
MOTION-579,154.57513200013145,-43.730029735956,154.5677519206558,-43.71526173736878,56.525780734366485,1.832919135940421,2.052236573585364,2.288075840572489,1.1149181678285276,13114.0,12462.0
MOTION-580,153.8078500698789,-43.312571100393136,153.812119162407,-43.32795559173587,56.501555433144574,1.8321336002502158,4.641604368595381,2.5598042911247685,0.5514912706572197,12824.0,12268.0
MOTION-581,156.15672566966566,-44.55776949798399,156.17229712426513,-44.54669186663737,56.445870822763666,1.8303279571150206,1.8654856369214916,2.687962684496962,1.4408916537855305,13700.0,12988.0
MOTION-582,156.87002544585633,-42.66941928941942,156.8668605483,-42.68491196410909,56.39913266723192,1.8288124139674562,19.95173942378184,10.236213051522194,0.5130486537590278,5496.0,5260.0
MOTION-583,155.63008052429646,-40.96146488288252,155.6476317034074,-40.95312499755623,56.37635420755957,1.8280737939240306,6.075886174563532,5.346110830192104,0.8798898920413281,1362.0,1239.0
MOTION-584,157.51409465705544,-43.399163897712725,157.51471485731528,-43.414803095893866,56.32447449301228,1.826391529294945,33.55718206562631,27.290580409410904,0.8132560223930577,7112.0,6844.0
MOTION-585,153.92308994000135,-43.31421613873282,153.9423402993393,-43.32117794332908,56.30627837366511,1.8258014973676018,8.850636771469535,8.372967859845513,0.9460299949079584,12611.0,12027.0
MOTION-586,155.30313158602857,-40.43837164971433,155.3026810557444,-40.422736718434415,56.2992908212034,1.825574917239843,3.19432013063438,3.299297327309348,1.0328637056969365,88.0,39.0
MOTION-587,156.46405901238722,-44.371212834945375,156.46618174820108,-44.3867601636094,56.236248366535584,1.8235306868013408,3.5078335940401644,6.623785946020522,1.8882839702756664,12414.0,11877.0
MOTION-588,156.68833994284967,-43.02177982530549,156.6870917506529,-43.03736601651858,56.20635232175002,1.8225612701588019,6.890241024958266,3.7746974833540263,0.5478324299079058,7019.0,6766.0
MOTION-589,155.1862011237795,-43.44363090873762,155.16482264689657,-43.44200551663055,56.185010910884415,1.8218692482202221,1.8517502689790943,2.025920243293875,1.0940569456003395,10937.0,10445.0
MOTION-590,154.56345275769283,-42.181158865222365,154.58406303144477,-42.18435067117347,56.16834781110274,1.8213289263696062,1.3675383334443496,1.8036379560861684,1.318893892753585,7357.0,6993.0
MOTION-591,155.79623571491337,-42.436178176754815,155.80963961786867,-42.448224460040734,56.113271027651386,1.8195429927827984,0.4292014462383505,0.2642120852647194,0.6155899230544373,6329.0,6008.0
MOTION-592,155.66765707873984,-41.71726270751876,155.6804534787087,-41.7049475663881,56.108682712966896,1.8193942109406431,3.460063288107957,4.338615916980485,1.253912300359379,3913.0,3662.0
MOTION-593,154.18378076010097,-43.070076112698345,154.17038439059277,-43.08219005226811,56.06071901949493,1.8178389281926122,3.5938199267857427,4.943071511763847,1.3754366140945893,11209.0,10747.0
MOTION-594,155.01798871705608,-44.10924101920793,154.99870437169034,-44.11635389544065,56.036816644690646,1.8170638637953758,1.6461539520428103,2.0080948631478344,1.2198706327897644,13894.0,13287.0
MOTION-595,154.7453543938488,-43.713238679660215,154.76525809320307,-43.71916304469239,56.00867212211606,1.8161512424511208,2.158245131741627,4.068159671719075,1.8849386531159298,12752.0,12147.0
MOTION-596,156.43045431050814,-42.68270525050044,156.4270283641133,-42.66735785227296,55.98977314406248,1.8155384194511712,9.415732343637783,5.734141596978681,0.608995815482504,6213.0,5834.0
MOTION-597,153.34815729295414,-42.70613029658563,153.36888985857263,-42.70924048432012,55.976441236925886,1.8151061156883257,5.517169408854327,5.890794751026343,1.0677204766582655,11254.0,10700.0
MOTION-598,156.35822378795004,-42.4363757799214,156.3528981287646,-42.45139560225311,55.89167114834749,1.8123573395459691,13.17243653661842,16.211482226617065,1.230712494347596,5448.0,5218.0
MOTION-599,156.01933162629885,-43.96168117751741,156.02345618218445,-43.97691586718157,55.876327490514065,1.8118598022507237,3.5830904058818893,3.1715495046252897,0.8851435898516468,11556.0,11050.0
MOTION-600,153.38136634373353,-42.21657173286238,153.4022352384611,-42.21798730493812,55.87284758306043,1.811746961899291,7.876862082811449,13.268989610193058,1.6845527407605725,9425.0,8933.0
MOTION-601,155.5692037778251,-42.89876841987831,155.58578916128053,-42.88911523470529,55.86655539200053,1.8115429297346601,1.3865280076042288,1.5729385721994469,1.134444139298214,8353.0,7906.0
MOTION-602,153.6544802590365,-41.422266495214345,153.6365995410436,-41.43007871133682,55.861703374455935,1.8113855969974584,4.247330052725777,2.8549919888933197,0.6721851029827769,6120.0,5836.0
MOTION-603,153.80519970401988,-41.7070329774188,153.7924308437992,-41.69486939095211,55.636242560226535,1.8040747481168782,2.878546539092929,2.2003627538940247,0.7644006181631479,6870.0,6557.0
MOTION-604,155.72533147774766,-43.52561065217986,155.74285259588962,-43.5343558196865,55.520077970792755,1.8003079660198307,2.0083964417055067,2.367580397261607,1.178841163077886,10371.0,9899.0
MOTION-605,153.85304860321963,-41.65633296347548,153.87308572450246,-41.65267868454981,55.478132495064486,1.798947831509,11.317570445162485,5.741808154523123,0.5073357557034132,6632.0,6248.0
MOTION-606,152.94674099782182,-43.33287015926007,152.92649870576895,-43.33736923367181,55.423229690344456,1.797167539400147,11.462870998518891,8.578117116375358,0.7483393224510447,14563.0,13911.0
MOTION-607,156.82234417337273,-44.04629443676489,156.806410320792,-44.05657849844884,55.41056517280888,1.796756876579805,1.2569371755818926,2.0501983103844053,1.6311064309441532,10541.0,10127.0
MOTION-608,156.1418903392021,-40.88719350268004,156.12595709966277,-40.89670170070576,55.243248955542484,1.7913314389759987,12.795150114367727,13.328310762856892,1.0416689639217658,361.0,401.0
MOTION-609,154.88587384688256,-41.33364193386626,154.88537982088422,-41.31834225326344,55.095040843110816,1.786525605569571,0.8327230486576449,0.9206748075232404,1.105619460164306,3788.0,3555.0
MOTION-610,153.5448221333082,-43.19714067137844,153.54224938146277,-43.21230629288621,55.01205973689304,1.783834839417701,4.88358890828648,9.30368206912115,1.9050911622259297,12842.0,12288.0
MOTION-611,157.61105752340697,-41.78837549915358,157.60766704432712,-41.77331234895004,54.98588128661865,1.782985970426706,8.212125924490353,6.970744829748592,0.8488355991912288,1237.0,1129.0
MOTION-612,154.05137665269592,-43.48242641006852,154.0381577647654,-43.470545052729946,54.97287576154383,1.7825642500104129,1.7709768229101523,1.5018085683401494,0.8480114188464121,13064.0,12431.0
MOTION-613,154.75816979801877,-44.16619889453064,154.77842345189677,-44.170833556399614,54.897052513349315,1.7801055863571322,3.957053200807224,3.021868661967621,0.7636664226175103,14661.0,13930.0
MOTION-614,153.48092148937965,-41.86360917866029,153.4605294695019,-41.86261919307203,54.78844675803062,1.7765839089099444,2.894754322360017,4.075607822060303,1.4079287456551985,7985.0,7628.0
MOTION-615,157.12178859836268,-43.035714266036535,157.13472101000144,-43.02380194812565,54.74765452173228,1.7752611696299618,4.843160916174568,3.708541364680457,0.7657274719688015,6423.0,6020.0
MOTION-616,154.5480274889955,-43.97530044266208,154.5390175023215,-43.96155464125533,54.71505677158056,1.7742041468119583,8.80700114092144,5.87623797452285,0.6672234828288036,14229.0,13478.0
MOTION-617,157.2881756641363,-41.67572305537804,157.2941290029859,-41.69020993432567,54.55372873215352,1.7689728833638838,2.1160777951059533,2.4075497726421458,1.1377416171609127,1329.0,1292.0
MOTION-618,156.66728111803445,-43.06295176466233,156.6845529838897,-43.05456501626215,54.54870778244194,1.7688100727898874,0.6207730605184466,0.7846913871720018,1.2640551549009822,7206.0,6818.0
MOTION-619,153.89048138574972,-43.69192435200582,153.8700813384699,-43.69537833700951,54.536876939232215,1.7684264429022205,5.365107313666808,3.471248586001014,0.6470045020643908,14275.0,13603.0
MOTION-620,154.51802830137413,-42.853690240281416,154.52280542217449,-42.83896193242083,54.500539388391246,1.7672481523695762,5.2879045392774415,3.5894903415570387,0.6788114866475105,9845.0,9323.0
MOTION-621,153.44386521357882,-43.49140779846478,153.46462217553082,-43.490244891023565,54.37328831209924,1.7631218770705104,59.49039747704988,93.9234488770712,1.578800157005252,14274.0,13518.0
MOTION-622,155.06958324068637,-41.1282868601583,155.06616238367369,-41.11342601202112,54.29747753884084,1.7606636179326356,4.73573555343517,7.968293518487235,1.6825883600504803,2739.0,2602.0
MOTION-623,153.30251743826392,-42.87188173979691,153.31006717234638,-42.885902909954616,54.263432880685954,1.7595596773130113,3.76913727334189,4.464999854851763,1.184621182792021,11975.0,11463.0
MOTION-624,154.77250092780892,-42.392053574713685,154.7636215819206,-42.40562493731151,54.26069793112159,1.7594709931528418,1.3390878832303663,2.3580794509646648,1.7609594414939524,7799.0,7474.0
MOTION-625,155.68683254192308,-44.213623883807095,155.6825129057046,-44.1988831859788,54.22468418907256,1.7583032025252574,3.5971748624153586,1.998023235210292,0.5554423434029836,13104.0,12447.0
MOTION-626,156.09356142004785,-42.64146501218684,156.11245507263274,-42.63566945557099,54.21190229437004,1.757888733603476,4.20404194561599,5.126741193965893,1.219479077584395,6581.0,6203.0
MOTION-627,156.8715014869268,-41.859785857438965,156.8692999741245,-41.84481722344369,54.20948109826511,1.7578102232916335,2.2708989463005307,2.972689169313652,1.3090363065940875,2526.0,2397.0
MOTION-628,155.17910975078428,-40.86411921977219,155.16649825291756,-40.87577103829785,54.20540235380831,1.7576779649014203,1.7644982000629943,1.9790953695778648,1.12161937569968,1691.0,1687.0
MOTION-629,156.39809844890104,-41.67831742446725,156.3837415256665,-41.68886369219428,54.14243430724154,1.755636147238655,3.2406473059768817,2.6411303293454758,0.8150008563024776,2609.0,2579.0
MOTION-630,154.02000478067387,-41.50318610010855,154.033686550108,-41.49219270804334,54.10357810766313,1.7543761863706775,0.7025009653663372,1.3645931019808113,1.942478614629674,5823.0,5454.0
MOTION-631,156.2357915650587,-44.51336690151848,156.24867845516107,-44.50148271807559,54.08362838826746,1.75372929176857,3.19312125409308,3.62516405214128,1.1353042254484977,13369.0,12647.0
MOTION-632,153.00919417016874,-42.62419133891837,152.98965347414114,-42.61991521672672,54.00406594451694,1.7511493800228513,44.12751120575694,31.59212128682788,0.7159280100688372,11548.0,11020.0
MOTION-633,155.77944268587478,-44.106361794970006,155.76269435673225,-44.09740799310962,53.978403927749476,1.750317257034211,6.079787039609163,6.359216210913133,1.0459603551051244,12509.0,11931.0
MOTION-634,154.76434743876942,-42.82056686916963,154.7439714923304,-42.8216086649188,53.933796815082374,1.748870815616784,2.9011182777079134,4.322328430048943,1.4898835608536047,9354.0,8935.0
MOTION-635,156.07721631032027,-41.68683867694413,156.07566758927473,-41.67190621603452,53.91790024754621,1.7483553495329145,6.392566854707666,5.112252046659373,0.7997181981592523,3158.0,2952.0
MOTION-636,153.0507005560211,-42.47795665384511,153.03043613692148,-42.47876723257573,53.883471081848086,1.7472389407753053,3.757546774976489,2.234880727836933,0.5947712328480373,10900.0,10423.0
MOTION-637,156.6193771166833,-41.93455122833352,156.62163835250166,-41.94941616280557,53.855236667433154,1.746323404575701,1.2515549920123223,2.2208234583594963,1.774451360534089,3197.0,3083.0
MOTION-638,152.9584023563724,-42.9665827476665,152.9725340050493,-42.97738512414546,53.83243571527848,1.745584055185405,1.7564726320983028,2.2795609656097904,1.2978061393911957,12974.0,12384.0
MOTION-639,153.97286620376178,-43.7779073890622,153.99275491426724,-43.78200460058919,53.75801596114562,1.7431709015823948,15.682528495845174,20.6621410283302,1.317526126849015,14483.0,13758.0
MOTION-640,156.79436692227304,-42.55348611945028,156.8129807373849,-42.54758483346225,53.742150171582985,1.7426564335128105,0.6100780582489967,0.7359877119343289,1.2063828586897702,5159.0,4837.0
MOTION-641,155.68537050591002,-44.56195638594014,155.67144698810267,-44.550808607462415,53.724025478362826,1.7420687176669667,9.050261571476211,5.460370021811269,0.6033383652712055,14623.0,13896.0
MOTION-642,157.92204096919346,-42.32922035671262,157.94185556979633,-42.3320624615904,53.7175054821593,1.7418572986356424,2.0800243068476822,3.660907471175277,1.7600311011381662,2593.0,2489.0
MOTION-643,154.73198671956152,-41.742229479111394,154.734867366219,-41.7274928120528,53.61345056974924,1.7384831879614127,1.4781347969519982,2.4355702349857533,1.6477321554218491,5538.0,5177.0
MOTION-644,155.3012786651092,-42.335631044750365,155.31333436458735,-42.34755863419071,53.599046902544195,1.7380161310379194,5.785856320965443,7.015783915078892,1.2125748594303531,6735.0,6452.0
MOTION-645,156.88902566568484,-43.252287346128114,156.87601428602335,-43.24081371838268,53.57471847192412,1.737227251247997,6.0669665111664415,3.234524245049497,0.5331369868444558,7566.0,7185.0
MOTION-646,152.52439233911406,-43.181000126624326,152.50426454069793,-43.17854739170942,53.571324084643415,1.7371171839951298,2.3367438948404056,3.496736816575953,1.4964142302016252,14718.0,14045.0
MOTION-647,155.868177602554,-40.92838724841312,155.88310894796126,-40.93804590926133,53.46133768219822,1.7335507373381185,0.925805373587546,1.6121477557562016,1.7413462934537112,901.0,887.0
MOTION-648,154.46717076591645,-40.546637144442656,154.46380031619455,-40.56125925556343,53.440793576981704,1.7328845690323842,1.4190724290519463,0.7507287233014001,0.5290277704873364,1696.0,1684.0
MOTION-649,154.26888882472187,-43.06719298903566,154.28614677041972,-43.05942556911288,53.312931598059464,1.7287384844514895,10.702158453910222,14.04537375087886,1.312387011588969,11043.0,10470.0
MOTION-650,154.8475529909313,-44.09311899938581,154.8469709048273,-44.078316408148574,53.310582129400714,1.7286622999917975,14.324567979487826,18.585180264279867,1.2974339115073528,14156.0,13402.0
MOTION-651,154.7963575303271,-43.68621629591966,154.78624745895672,-43.67338257808905,53.17352812083128,1.7242181523533107,4.021789350002904,5.907348153219774,1.4688357940018684,12553.0,11939.0
MOTION-652,154.4943366788739,-41.623440835865125,154.48978344929748,-41.63780020159768,53.125767420551945,1.72266945191343,5.972616503865459,10.933828328317029,1.8306596985158328,5487.0,5251.0
MOTION-653,156.2734874235044,-44.74205459327992,156.25496019914985,-44.74869058160305,53.054621717793104,1.720362463521011,4.883127716480835,7.357251902937374,1.5066679247618753,14304.0,13646.0
MOTION-654,152.80028475078393,-42.67012507547375,152.8148529575784,-42.68024633072538,53.05063423600353,1.7202331644369229,3.152320486563509,5.46834660454584,1.7347051569959941,12084.0,11528.0
MOTION-655,154.80382629679386,-41.18630764404067,154.80373618959658,-41.171611147875495,52.9079495328837,1.7156064344854458,4.107670050399944,3.288461094841506,0.8005660275759793,3393.0,3182.0
MOTION-656,157.06071862612566,-41.39930604296716,157.07987204184732,-41.39629135025055,52.849971460987234,1.7137264229922238,3.8205862850642456,7.146523332364811,1.8705305414256959,718.0,681.0
MOTION-657,153.54071067991512,-41.724955630562114,153.5548147429969,-41.71473731465396,52.81578375420777,1.7126178438420396,1.6525126709829607,1.12626122570674,0.6815446837311137,7374.0,6976.0
MOTION-658,155.359214055622,-43.58176985415533,155.365614860749,-43.56785257008013,52.81024948634485,1.7124383882849898,1.6043461704269713,2.99680709651025,1.867930470213107,11181.0,10591.0
MOTION-659,156.42018772910515,-44.42413269564632,156.43827758473873,-44.431028385328005,52.71770842453567,1.709437628616629,4.034523774424117,3.299952283616641,0.8179285754953005,12678.0,12081.0
MOTION-660,155.60252082733714,-42.47874300314431,155.5865116355793,-42.47008799029635,52.70517012001539,1.7090310584111599,1.3370147805684356,1.9607189785013377,1.4664901293519976,6772.0,6453.0
MOTION-661,155.8659620867494,-42.11693015994516,155.88527473341222,-42.11398716367524,52.650682676525975,1.7072642349096934,2.665373800544664,1.680268458954622,0.6304063087178475,5034.0,4719.0
MOTION-662,154.83310560157665,-43.80839815260843,154.8245271760134,-43.79516417559333,52.59837230660344,1.705568005741454,12.75219196792854,17.372816345756668,1.3623396189022945,12978.0,12342.0
MOTION-663,154.90396582371667,-42.62993423822492,154.88445921738173,-42.63267223581234,52.59738452577078,1.7055359757125579,3.4231068182342583,4.832169723557215,1.4116327594035742,8427.0,8072.0
MOTION-664,153.28186819159146,-43.15173086719162,153.27382007987472,-43.16510675425306,52.58722155277929,1.705206428602688,2.202094219374332,4.100115977847512,1.8619166890199885,13120.0,12553.0
MOTION-665,156.4209734146026,-43.43260550362917,156.41863617577764,-43.44710139282881,52.541604729737756,1.7037272460635462,2.820187071503366,1.4116661874617895,0.5005576409189296,8923.0,8582.0
MOTION-666,157.39065479001368,-42.65630271496951,157.38576299093052,-42.67042785796201,52.473545167192576,1.701520329627327,3.702402263509253,2.602349299259262,0.7028812954518545,4606.0,4414.0
MOTION-667,156.55215334700276,-42.68849149842352,156.56138558548312,-42.6756058917136,52.4292063175404,1.70008258697367,6.994497480171038,11.0110739454232,1.574248039496605,6043.0,5688.0
MOTION-668,155.34861526463726,-42.44452958507195,155.34547389375098,-42.43015746413159,52.40847689116682,1.6994104093976405,6.77939289936501,5.371636285298834,0.7923476873278679,7050.0,6689.0
MOTION-669,157.23591146387986,-41.59169466136196,157.2539316401936,-41.586250444315375,52.32887001847648,1.6968290569879818,3.772977436667591,4.80615130864232,1.2738351578607001,1118.0,1025.0
MOTION-670,155.96211440227404,-42.69853195552227,155.95004748658525,-42.71003797431416,52.29571453802659,1.6957539490675182,0.957857967617191,1.880355332133044,1.9630836676242276,6975.0,6745.0
MOTION-671,153.6189778714405,-42.99537331628026,153.61989504699875,-43.00985767787356,52.19958263529646,1.692636751891305,2.1502089616953435,2.032517524138665,0.9452651162499648,11910.0,11392.0
MOTION-672,156.0620879793639,-44.76379215372706,156.08143699012027,-44.76842675508934,52.193782362087006,1.6924486707782063,14.934643721911232,18.384952357703884,1.231027180831275,14778.0,14051.0
MOTION-673,153.6322831656347,-43.138105085528025,153.6246399233087,-43.15148193769546,52.17392562432367,1.6918047912218177,2.5969779079662176,3.789507449106869,1.4591989548631017,12438.0,11926.0
MOTION-674,156.61032507108064,-44.46198072007036,156.62985602902612,-44.458038225701394,52.15247124321372,1.6911091060817753,1.20767684122451,1.9216305871401016,1.591179462538742,12505.0,11878.0
MOTION-675,157.22953703925063,-41.96534276751741,157.23354655434994,-41.95117553982679,52.11928561702409,1.690033020647998,4.031151387271821,2.8683057394954994,0.7115351084437179,2362.0,2214.0
MOTION-676,155.6501293499566,-42.6245662653109,155.63858951078157,-42.61286551134445,52.04706631474378,1.6876912194483666,15.730405985577915,7.958010035517651,0.5058998504433885,7219.0,6864.0
MOTION-677,154.29821729210565,-42.67265611422065,154.30472547660247,-42.65901647932103,52.03731415146979,1.687374993357378,2.4690538608186707,3.9900454688009006,1.6160220447673468,9560.0,9033.0
MOTION-678,157.41659236396814,-42.71007122391117,157.42781453219436,-42.69820036395064,52.035480453697666,1.6873155334137488,15.40705980011313,17.441125402158637,1.1320216594492982,4760.0,4451.0
MOTION-679,154.9408008838373,-43.28862805444232,154.92097049104078,-43.288248841582416,51.9830780123606,1.6856163187147415,18.956217542321,18.01626971652908,0.9504148006482083,10766.0,10282.0
MOTION-680,155.42537213513765,-41.188645967259006,155.41055032811414,-41.19779208090944,51.92587672232037,1.6837614953447129,0.8863671085341457,0.8253322491341712,0.9311404283706866,2399.0,2365.0
MOTION-681,156.97792599869726,-43.63118736510989,156.9789265017717,-43.61678297033004,51.92132659252564,1.6836139516953652,22.91897919699417,30.249992626777896,1.3198664899850858,8785.0,8338.0
MOTION-682,155.3013350503108,-43.04077699423471,155.29742413746652,-43.05490887723136,51.90476780128562,1.6830770121796688,2.8557031286374386,3.913495699324868,1.3704140532255331,9283.0,8894.0
MOTION-683,155.19766679791758,-42.26363366304252,155.21650768523483,-42.26726465587672,51.86873751744866,1.681908685163922,4.346993736492442,3.428233903733889,0.7886447764933074,6644.0,6302.0
MOTION-684,153.56328493587213,-42.94217536235089,153.54361554031223,-42.94225687893213,51.83653470571074,1.6808644687179273,3.2518431991152923,1.7665497043850245,0.5432456598355166,11803.0,11272.0
MOTION-685,154.6619713277319,-42.2901574209593,154.6518407095815,-42.27787233394975,51.80695448465286,1.6799052930547531,2.085088979897028,2.0466775872760614,0.9815780559049028,7607.0,7216.0
MOTION-686,156.63146263033934,-43.50457922613904,156.6405368425455,-43.491787197798665,51.79047200966567,1.6793708281890016,10.292619223742074,18.970937879413466,1.843159400636627,8863.0,8406.0
MOTION-687,155.09667197353235,-41.28500603220635,155.08613065670184,-41.29699449567492,51.726887381354445,1.6773090170920264,287.193539119679,454.3390079247586,1.5819959227405425,3270.0,3173.0
MOTION-688,155.91720934106985,-43.24234096307651,155.92458233992753,-43.255658543054594,51.69464278129066,1.6762634456073018,2.2706505852385392,2.6187568272303863,1.1533068294412534,9046.0,8656.0
MOTION-689,155.57586960771755,-44.27684472968934,155.58965125565305,-44.26643206219071,51.645232898344474,1.6746612683568498,8.600089377303645,15.920211582495792,1.8511681546601786,13583.0,12866.0
MOTION-690,157.47349933050356,-42.8122460167167,157.4767823978609,-42.79812090398146,51.58444035969542,1.6726899942591795,8.152158264359601,14.504780930647296,1.779256542903578,5038.0,4707.0
MOTION-691,157.55847394239902,-42.88018546174377,157.54494373963962,-42.86985366239933,51.55202442484842,1.671638867029824,6.5000785506787295,7.405134615329331,1.1392377119128962,5160.0,4874.0
MOTION-692,156.40222553791946,-44.09850816122838,156.4209294885948,-44.10346479517584,51.541065473724714,1.6712835093335037,1.5905885020072628,1.2539009481292822,0.7883251680412039,11434.0,10880.0
MOTION-693,154.12660770567518,-43.58666450076893,154.1430254747981,-43.59461033478141,51.485714508926606,1.6694886850736144,7.59625894623211,3.909916224062248,0.5147160268939543,13347.0,12712.0
MOTION-694,153.58596396609565,-43.41618332805951,153.5669531942836,-43.41987730739952,51.45908280746391,1.6686251188459664,2.093866451485888,1.713084450598351,0.8181440843004483,13659.0,13058.0
MOTION-695,154.4545985276799,-42.10279773538159,154.47379057110217,-42.10403396889692,51.45418337078546,1.6684662484840433,2.371882294144952,3.259691751985017,1.3743058667083285,7239.0,6892.0
MOTION-696,155.65611756232855,-40.77186835708159,155.64021514189355,-40.76418430885455,51.430750672348395,1.6677064139304287,0.2915700024575504,0.2160876555516593,0.741117583188687,691.0,677.0
MOTION-697,156.18347158190528,-40.994248288102405,156.19237913632043,-41.006829382833175,51.35230340801378,1.6651626632720027,5.576792708009334,9.025858598022364,1.6184676516771934,656.0,680.0
MOTION-698,153.2392888539792,-43.42838321562652,153.2501871895939,-43.41652694940548,51.320710801083514,1.6641382334800667,4.725616752231866,5.763597441407376,1.2196497819433372,14401.0,13613.0
MOTION-699,156.50677305360546,-44.50329467890477,156.4953944427141,-44.51499323096052,51.25439971691139,1.6619880136418796,9.695120771217365,9.918525452784102,1.023043001406437,12860.0,12326.0
MOTION-700,153.1467979358467,-42.12387276731924,153.15560060347354,-42.111226307602685,51.23750896471452,1.6614403098769805,5.8059445233238645,3.868887764988497,0.6663666436091925,9476.0,8945.0
MOTION-701,155.89517441752037,-42.22477730048005,155.9132201611068,-42.21989373411215,51.220825331824216,1.6608993222146369,2.071027063882306,2.2358952023664616,1.0796069454423725,5410.0,5073.0
MOTION-702,154.86196146372444,-40.78428279288968,154.86817374455472,-40.77085548460717,51.21910920003447,1.6608436744950235,26.99748011106208,40.80306035998693,1.511365512341579,1884.0,1775.0
MOTION-703,155.93244448476062,-41.22044645374621,155.9501822456505,-41.21560571023704,51.09648668769472,1.6568674861709591,5.945016830814874,3.201683450180848,0.5385490977225709,1761.0,1649.0
MOTION-704,153.5889406446109,-42.38680937172064,153.60813023715176,-42.38733573256344,51.06004748249836,1.6556858993687045,12.768981037961552,11.150129323823954,0.8732199766508516,9676.0,9176.0
MOTION-705,153.30339805739405,-43.45832771434838,153.28897985324963,-43.44876038891162,51.049505054810645,1.6553440479657333,3.376358112119855,2.9899956324079757,0.8855682759701989,14402.0,13674.0
MOTION-706,157.05869058683183,-42.464237366949845,157.07458949933937,-42.47216797610869,50.96733311075389,1.6526795199089368,3.652232791865392,4.50629606744522,1.2338468888078769,4420.0,4197.0
MOTION-707,156.92038189149872,-43.04806881131591,156.93606325037334,-43.03977155298746,50.93531676660305,1.6516413499076643,7.636496140059652,11.30791688284645,1.4807729455302414,6755.0,6397.0
MOTION-708,153.44475038019706,-42.86232373629353,153.46400237422856,-42.86144726465644,50.89974787540451,1.6504879841252726,1.3932879749608011,2.300386072637409,1.6510485369703476,11702.0,11116.0
MOTION-709,157.84734561974514,-42.38796043796317,157.84516297214432,-42.37392154103691,50.872224642779216,1.649595508884658,0.6873078865655776,0.6012711089439112,0.8748206163447574,2914.0,2749.0
MOTION-710,154.3141366618859,-43.37437279527477,154.29643622467395,-43.36855591386575,50.833890457613386,1.6483524749868808,5.699034444671235,8.908941866796383,1.5632370629250198,12170.0,11602.0
MOTION-711,152.7821461061655,-42.63446076895255,152.78050718939895,-42.64852732082413,50.825236600893774,1.6480718628595472,11.306277526061283,21.383319679835548,1.8912785070547227,11979.0,11477.0
MOTION-712,153.11336408216584,-42.57510537742558,153.1096784453151,-42.56125456408238,50.81140078885991,1.6476232193501843,4.568745037796568,3.105244173820389,0.6796711456058835,11164.0,10600.0
MOTION-713,157.18826140856936,-43.863738207489135,157.17039567366012,-43.85797018589072,50.810606874394665,1.6475974756807164,26.77090779924264,13.5443833528535,0.5059366478874756,9331.0,8876.0
MOTION-714,153.9805056865262,-42.37437179846305,153.9995283018335,-42.37513307260559,50.66498647971305,1.6428755522587395,1.368565994042471,2.508003837386659,1.8325779306984795,8993.0,8555.0
MOTION-715,156.3604533343283,-43.93197795301733,156.3473591436607,-43.942423035800914,50.657560858146304,1.642634767192366,2.2212871277987274,1.7289928985744687,0.7783743384349788,10856.0,10401.0
MOTION-716,156.07960825235506,-44.70669255234717,156.0975941304418,-44.71256730287781,50.643440435223205,1.6421768948189626,7.415967939324643,7.277569091927335,0.9813377230687014,14510.0,13806.0
MOTION-717,155.76861351434482,-43.98340819999295,155.78404556486126,-43.97477290210603,50.6417696993771,1.6421227191195977,4.5617141918683455,3.4021695683979094,0.7458094534862737,12053.0,11424.0
MOTION-718,156.23171635520055,-44.03986662117595,156.23360109698825,-44.05386625405486,50.634090025434,1.641873696087183,4.005369853197396,7.665279930084796,1.913750842251378,11497.0,11003.0
MOTION-719,155.58191824097742,-42.42223438085252,155.5984909755427,-42.415297524624734,50.63147797835695,1.6417889971938762,4.149035655833687,5.147609591945439,1.240676151989131,6604.0,6210.0
MOTION-720,154.61758471395785,-41.3025796387001,154.61209188652532,-41.31601845215023,50.60854635764249,1.6410454107121044,1.6219075125772695,1.918179652782676,1.182668948696476,4123.0,3976.0
MOTION-721,157.4245961573914,-43.189414574008815,157.43701300107065,-43.1786680962814,50.58725104304888,1.640354883502796,2.6254731081393308,3.698614425934921,1.4087420718455288,6505.0,6113.0
MOTION-722,153.613562328491,-43.10028759866557,153.59723857279357,-43.0928590709879,50.561902088971344,1.6395329119634174,6.063587460798302,11.901655759604358,1.9628076343500858,12341.0,11742.0
MOTION-723,157.39156267412193,-42.44421489463924,157.39182284479386,-42.45825825533687,50.56082171235196,1.6394978794003292,11.323108751779516,16.148647994173267,1.4261673492834182,3837.0,3708.0
MOTION-724,155.7017063633798,-41.50472581345327,155.69699278829398,-41.51831046832719,50.528554484502315,1.6384515741813477,802.1716614816709,1293.430265014885,1.6124108181855026,3080.0,3003.0
MOTION-725,153.52980016361053,-41.6247803552712,153.51116053312978,-41.623167188009326,50.49566293011791,1.6373850243936445,16.1040052570071,26.457452335852533,1.6429113076910162,7027.0,6748.0
MOTION-726,154.5783391123788,-42.61946286241399,154.56747323614718,-42.60795094750346,50.460325289531355,1.6362391572015669,2.9034089601727584,1.7711580010378882,0.610027049352531,8907.0,8494.0
MOTION-727,157.52948339384366,-42.94213546520065,157.5150724860332,-42.9329214201972,50.42634173772094,1.6351371980315865,3.652758219510727,2.3531666617269047,0.64421637576716,5467.0,5148.0
MOTION-728,157.89625441360434,-42.20104985711614,157.9144696988851,-42.197324426848375,50.396227764528206,1.6341607147878867,1.6026938371944306,2.443444021732332,1.5245856476304063,2202.0,2067.0
MOTION-729,155.19422752756392,-43.1754138602385,155.17782477949606,-43.16815041064406,50.3822424787847,1.633707224406545,2.602065407205261,2.08083059647238,0.7996842011390054,9939.0,9467.0
MOTION-730,152.89577938269386,-42.38898240149032,152.8899723954764,-42.37567473320294,50.33477950747752,1.63216817820095,5.58730956625989,5.177208567205645,0.9266013464636499,10838.0,10287.0
MOTION-731,154.92514679704558,-41.70545816770502,154.91136956255323,-41.714925023488384,50.32307467491389,1.6317886343660817,1.4357708411795662,0.7489485771937378,0.5216351772253812,5050.0,4841.0
MOTION-732,153.72298564861805,-43.32575928637488,153.70626919600306,-43.31887484598123,50.30902279450084,1.6313329845692912,10.244219597827144,6.200522267129335,0.6052703388401104,13029.0,12421.0
MOTION-733,157.49732526285243,-42.9618741336676,157.5163362355556,-42.96307324663876,50.26973390889852,1.630058993315837,3.505122616241371,1.875216139023619,0.5349930214522594,5601.0,5262.0
MOTION-734,157.97188107908252,-41.6043423175821,157.9634681772284,-41.61680369025992,50.25211000291675,1.6294875161225222,1.1542677709996023,1.4160846629981636,1.2268250908295104,91.0,141.0
MOTION-735,156.63253759860626,-43.576453169485305,156.61529389479912,-43.58266965310957,50.230759362046854,1.6287951948895094,2.80565384183362,3.6366109981806183,1.2961723730693486,9148.0,8755.0
MOTION-736,156.81344412368605,-41.676328471677536,156.80757844472168,-41.689569250190594,50.207902532223635,1.6280540335959257,3.8209159554224494,5.097478503225821,1.3340985676462573,2003.0,1970.0
MOTION-737,155.3761419497549,-44.277774594797854,155.35996057945306,-44.2700339060596,50.16215671558887,1.6265706682781937,2.0372270037130265,2.6776958188332096,1.3143826456025136,13953.0,13277.0
MOTION-738,157.83793946884393,-41.90901423484351,157.84912193720817,-41.89784718488869,50.1385648769894,1.6258056734057797,1.9456967750965424,2.644941681051071,1.3593802050269796,1324.0,1197.0
MOTION-739,156.56944776276393,-43.43114953847383,156.5549796535221,-43.44028816620145,50.127949452511295,1.6254614549905846,1.3462243837248902,2.334555407881572,1.7341502918124634,8692.0,8348.0
MOTION-740,154.5876185354076,-43.63558856759039,154.57176658494913,-43.64347747272041,50.12169737120506,1.6252587234348808,3.025287693335623,4.457240025036678,1.4733276556988246,12724.0,12185.0
MOTION-741,156.33366213622472,-42.89778101725149,156.33690432666333,-42.88406594833831,50.10931130072157,1.6248570896084507,1.8370901124561247,1.4822874253179712,0.8068670204403883,7127.0,6762.0
MOTION-742,155.95405104916097,-42.13058224306887,155.9359109146773,-42.13415368863428,50.10723138613029,1.6247896457765219,1.3861639501490883,1.6347205183012397,1.1793125323490183,4937.0,4715.0
MOTION-743,155.19197438413315,-41.08833377344632,155.173540825586,-41.08910308409223,50.092285801965,1.6243050165178285,3.852227072328892,3.650674235650994,0.9476788795432955,2412.0,2351.0
MOTION-744,156.06558870160106,-43.27715649791202,156.07731078447725,-43.28814585242138,50.08861773762421,1.624186074944006,4.491062587846594,3.406471530875667,0.7585001242454351,8920.0,8534.0
MOTION-745,156.2528879529307,-44.600692784274834,156.24472539201213,-44.588052481421705,50.0856436495658,1.6240896364190816,7.9565408674361615,11.287271636998604,1.4186154291237498,13708.0,13033.0
MOTION-746,157.74503237734243,-41.705982181997314,157.7444207390137,-41.71987843280392,50.053498491141205,1.623047289453877,5.393242883940513,4.824613674677236,0.8945663635961053,777.0,797.0
MOTION-747,153.09223484525214,-43.21318686451127,153.07498485765808,-43.207358843803405,49.887694387407066,1.6176708840225233,6.638002364154241,6.841588094342747,1.030669728484564,13744.0,13093.0
MOTION-748,157.11555846129804,-42.81031350152735,157.13082085867768,-42.81847912815614,49.88630826263832,1.6176259371932993,4.546823882946553,3.798680527428584,0.8354580307532964,5643.0,5329.0
MOTION-749,156.2373189211388,-44.330379292582016,156.22521120244403,-44.34117824967181,49.83305404900048,1.615899102712145,11.956108826952418,23.044543054698707,1.9274283454789114,12614.0,12091.0
MOTION-750,155.90270747622338,-42.30190396269448,155.90277660122567,-42.31572000618364,49.738097021195244,1.6128200023247634,2.510713761922575,3.728236641099028,1.4849309776531983,5694.0,5427.0
MOTION-751,152.79335757431295,-42.773697053641285,152.81051562863067,-42.77937101638536,49.72777830988447,1.612485405205112,1.4268219942485922,1.2357539354929945,0.866088370150041,12493.0,11911.0
MOTION-752,156.08716560388848,-44.38540930762476,156.1056160206913,-44.3895150194495,49.71453645670694,1.6120560215545177,3.424815182844397,2.7126471810151904,0.7920565158094947,13105.0,12469.0
MOTION-753,154.07685630263182,-41.41858817183752,154.0722302585939,-41.40523161318064,49.67927876920332,1.6109127469411502,4.754055003253402,4.8623926149571135,1.0227884640858322,5425.0,5089.0
MOTION-754,153.03627037378456,-43.187021317044696,153.05513956968093,-43.18804130763491,49.66423571909414,1.610424957227327,2.2790437903443004,2.44469689053339,1.0726853520283013,13743.0,13056.0
MOTION-755,154.6259100327405,-43.81158811992911,154.60699729725945,-43.8096146927724,49.643902578926706,1.609765629727159,2.792789471728282,4.309685036936003,1.5431471224606876,13364.0,12750.0
MOTION-756,155.37647630339885,-43.76130178443656,155.37754069113197,-43.77505918679444,49.60388905878894,1.6084681412926072,17.978986681086226,10.670416285771744,0.5934937532935018,11852.0,11341.0
MOTION-757,156.22142969280046,-41.30009726344698,156.23917716217323,-41.30355780649491,49.5879942143723,1.6079527310830435,4.117894211640362,2.3045940625903865,0.5596535374988063,1611.0,1517.0
MOTION-758,155.17146716270372,-42.87914185089487,155.15536718473535,-42.88624617877521,49.57635414377084,1.607575287235795,1.8017819651714493,2.4722453527911408,1.3721112768247146,8893.0,8542.0
MOTION-759,156.0975009077468,-42.31771237815589,156.09526320756635,-42.33137967956227,49.56145735922943,1.6070922403659382,2.9093342931230928,3.0156532248249825,1.036544075376006,5428.0,5187.0
MOTION-760,156.6266427426891,-44.47687497347147,156.64510467463933,-44.48087508383294,49.56015037154739,1.6070498596557254,7.152580150621116,5.592708690912569,0.7819148577352061,12533.0,11947.0
MOTION-761,158.0347068147399,-42.1025569331531,158.02396145742773,-42.11377668835622,49.548347401954274,1.606667133604938,0.5171459685654052,0.3256493156892818,0.6297048328398519,1675.0,1660.0
MOTION-762,155.113399268225,-44.00995165567228,155.09430244505364,-44.009181134064825,49.523348941949074,1.605856527274211,4.055347060325054,4.588978938368372,1.131587227949991,13292.0,12684.0
MOTION-763,157.2650708165344,-41.40336784602586,157.2692159326618,-41.41676186391039,49.50025544210212,1.6051076916591094,2.05605663301308,3.9823547679950897,1.9368896284530286,435.0,467.0
MOTION-764,156.07844779750974,-42.31096109837676,156.07050676913644,-42.29854286634704,49.45310933623592,1.6035789202117352,5.80634024609588,5.135519223726074,0.8844674969192755,5437.0,5111.0
MOTION-765,153.77433206931676,-43.42354112257773,153.77926762858405,-43.436798832156434,49.44122975619694,1.6031937099714253,4.962402665159451,7.471234239722952,1.5055679161583893,13325.0,12731.0
MOTION-766,153.82545927102746,-43.10258988137712,153.8313334770293,-43.11563239233262,49.42607254123601,1.602702218319501,35.20765258698876,28.08384369899795,0.7976630543490575,11955.0,11440.0
MOTION-767,156.64526567566392,-43.80767907586753,156.63827726712813,-43.7949120081427,49.418232102632466,1.6024479822919062,3.3219109029033054,1.9437502929773671,0.5851301704926991,9947.0,9435.0
MOTION-768,154.21260563254503,-40.828107407834246,154.20765881963104,-40.81493377040169,49.302720193744904,1.598702364177864,2.4273244625497745,2.326491357202876,0.958459156613542,3047.0,2872.0
MOTION-769,153.81192853944032,-41.25123744962936,153.8165381254846,-41.264485709283534,49.298232750682885,1.5985568532242256,1.773169188779555,1.5761750358309736,0.8889027881856161,5241.0,4993.0
MOTION-770,156.07984666712895,-43.59216739843668,156.09694146226377,-43.586344011934,49.25824992539041,1.5972603601084217,3.4177769556591837,2.4503378681287846,0.7169390805539533,10058.0,9531.0
MOTION-771,156.9349333472599,-42.317072070288965,156.91664229289844,-42.31512234452859,49.19393722166945,1.595174940255697,6.907829409468878,8.154967934385521,1.1805398557189517,4098.0,3932.0
MOTION-772,153.39680677091283,-42.92379240014543,153.3866643650351,-42.93526028993635,49.184586935935435,1.594871745546562,2.6217761044898653,3.3470951628305645,1.2766517923092555,12017.0,11506.0
MOTION-773,155.69055593393574,-41.817744481122496,155.68318169014427,-41.83024168863634,49.14733274208161,1.5936637317177995,2.1264418338511857,1.216170497448993,0.5719274696766072,4263.0,4094.0
MOTION-774,156.51469407088393,-42.5030815457876,156.52130416429495,-42.51583227380458,49.14027826152389,1.593434981362822,4.418686653921526,5.458238710197918,1.235262678188281,5449.0,5189.0
MOTION-775,155.05369501159487,-41.391320215327774,155.07118819486595,-41.38759840582167,49.109350917977444,1.5924321235681376,2.0980518939287145,1.189876339125428,0.5671338933839815,3727.0,3508.0
MOTION-776,156.4663574535126,-41.15166567203314,156.48440476141124,-41.15054247498553,49.0879530048497,1.5917382694730418,3.07084569492996,1.8403232654539168,0.5992887459283072,765.0,725.0
MOTION-777,154.7819252030214,-41.82655057155932,154.76613696346396,-41.83344160774347,49.08211352823695,1.5915489171405603,0.7757874882016274,1.2005384130119556,1.5475093775937971,5760.0,5497.0
MOTION-778,154.023435994923,-41.95173683703039,154.01982948592368,-41.96510116900861,49.070787175709,1.5911816459942059,2.118016506501044,1.71847396059221,0.8113600414904806,7406.0,7106.0
MOTION-779,153.35336674113697,-43.5094266291726,153.36314082229734,-43.52106469427877,49.05591501684085,1.5906993976426036,3.874330910359756,5.455384992616014,1.4080844199519982,14526.0,13853.0
MOTION-780,157.30180568756174,-43.31615555744569,157.3058835156661,-43.30285908098187,49.04476039390583,1.5903376950430788,7.261529127644074,5.472487860070677,0.7536274748575121,7136.0,6774.0
MOTION-781,157.29579302749536,-41.72006885216384,157.3138406794849,-41.71803822850999,49.043738862371974,1.590304570605485,1.7999460474526603,1.8225159606817216,1.0125392165287415,1463.0,1358.0
MOTION-782,156.36190100832337,-44.51881693205242,156.37905435500363,-44.524808409051005,49.02772058840941,1.5897851580385238,3.806693978532926,2.166008304680696,0.5689998504990046,13164.0,12533.0
MOTION-783,153.88743037527593,-42.131983963714845,153.87153299534637,-42.13880192310069,49.02644896052561,1.5897439239139928,1.242422498497067,2.3137718622263743,1.8623067958164767,8285.0,7947.0
MOTION-784,153.25238447765463,-42.33426256090909,153.2668748456898,-42.34263922048225,48.95119920363823,1.5873038564336,2.370570298737587,1.9546494781931496,0.8245482022760809,10052.0,9590.0
MOTION-785,154.20045310708625,-42.35144758449477,154.21884354471462,-42.35115895878416,48.93881721341625,1.5869023549147523,0.8697769350958272,1.1019556247945244,1.2669404997191802,8556.0,8135.0
MOTION-786,155.98651997053648,-43.269996553618846,155.9916848403393,-43.256946430396944,48.89267304377179,1.585406072502469,8.733244384240528,6.017170144251592,0.6889959652462955,9031.0,8561.0
MOTION-787,153.78363546027126,-41.94937708841616,153.7845495616206,-41.93581505311019,48.88464586317308,1.5851457811321266,2.196269389193895,2.5480242955886245,1.160160182592098,7811.0,7380.0
MOTION-788,155.1922583457776,-43.92921801206571,155.2023030334098,-43.91775595414476,48.79585859577966,1.5822667429424904,4.258845361830076,5.1773982648019805,1.215681205803911,12837.0,12168.0
MOTION-789,154.28240643690748,-43.889693429415175,154.28555686869424,-43.90305184203364,48.77979136524196,1.5817457428973514,5.348652334018894,3.861996294890044,0.7220503509504048,14364.0,13710.0
MOTION-790,154.80439361248858,-42.93542594041514,154.82238943195193,-42.9385730720249,48.763683657597255,1.581223430331394,2.95264225040925,2.8895735584410858,0.9786399141448908,9686.0,9202.0
MOTION-791,155.3845547707338,-43.79309390271068,155.36580964759997,-43.79268610267332,48.734056719191194,1.5802627397997764,2.0652957435758226,2.6857314246490933,1.3004100904207827,11953.0,11423.0
MOTION-792,156.6135204332371,-42.63316855632858,156.59528116054756,-42.63139901547761,48.72631707954472,1.5800117723044316,3.883605486206057,1.9734883911344356,0.5081588225539256,5766.0,5478.0
MOTION-793,155.03339373586584,-42.30201033981145,155.02205865180846,-42.31263220021943,48.71258297989375,1.5795664269462937,11.219043704641509,13.6176434025459,1.213797161420456,7032.0,6776.0
MOTION-794,157.48957628807042,-43.040039712554,157.50578526204856,-43.046564471677726,48.687041854327504,1.578738224006049,2.887373825892071,3.069828372145928,1.0631904828594498,5877.0,5581.0
MOTION-795,157.32325814515292,-42.01506117408014,157.3055949355966,-42.01179754423965,48.68378132627238,1.5786324973059864,11.883549874756447,13.064967017188714,1.0994161807610943,2392.0,2310.0
MOTION-796,154.10567377861594,-43.230881954444,154.12412090795377,-43.23213814441468,48.596428909248594,1.575799985934123,8.754756687255702,7.575641870879717,0.8653172374176404,11967.0,11380.0
MOTION-797,155.4903924519514,-41.59828630448141,155.47536504860662,-41.590899416648014,48.4153637743691,1.5699287224812242,8.894098793601835,6.100688018347423,0.6859253714087465,3775.0,3591.0
MOTION-798,154.39094954635308,-43.6923124044269,154.37259299376242,-43.69016614264708,48.40390366241933,1.5695571140183273,2.392530523913861,1.7302143890668966,0.7231733813938961,13290.0,12681.0
MOTION-799,155.4224618435138,-43.46569265905276,155.41262060518025,-43.47706120541184,48.332800813206866,1.5672515152057453,39.55472131215139,24.348947837502998,0.6155762707907865,10633.0,10201.0
MOTION-800,154.27010438274633,-41.59753792683499,154.2770433649976,-41.5851609732322,48.315363852898685,1.5666860999597059,1.9458236455837508,1.2034978381188568,0.618503038983168,5758.0,5398.0
MOTION-801,154.42770886054095,-41.79464533885388,154.4166182820895,-41.80520437277158,48.278833905257784,1.5655015707201974,1.3814756086361544,2.2406258453593,1.621907640896629,6192.0,5915.0
MOTION-802,156.0612868258704,-43.31199880522637,156.07441524002502,-43.30269892863444,47.996809820314525,1.5563565870442035,5.429253808158024,10.568973957212217,1.9466715557359324,9082.0,8591.0
MOTION-803,156.03520061520788,-40.796625044311,156.04175976646857,-40.80898854552283,47.963530445137366,1.5552774616822558,0.7173139212369416,1.0556149030065722,1.4716219381135973,211.0,229.0
MOTION-804,155.32989037245886,-43.95517468476459,155.34316522655,-43.94590222155767,47.937687434185186,1.5544394697308102,1.440396291442979,2.291073674183627,1.5905856518753219,12688.0,12041.0
MOTION-805,155.9148865279636,-44.22903572578437,155.9059152055287,-44.217389600400175,47.89022850180398,1.5529005544924415,4.334203453385625,3.522252350008229,0.8126642848888076,12776.0,12149.0
MOTION-806,155.4021839140587,-42.90472838136304,155.4203081764897,-42.905573900872206,47.889318546042546,1.552871048038814,2.0001461327022607,2.0702310057742674,1.035039876300098,8630.0,8212.0
MOTION-807,156.47140832054168,-42.10965826187408,156.48491026960338,-42.10090740951705,47.88452302271235,1.5527155471971703,5.982113961562806,5.955824343808213,0.9956052964013201,4063.0,3832.0
MOTION-808,154.23424716133,-42.938667225253845,154.25001128758697,-42.932074820678935,47.84896413401348,1.5515625057583402,1.795310053200197,2.440455338025221,1.3593503437888248,10631.0,10100.0
MOTION-809,157.2093794302919,-43.267883087412585,157.2116115030437,-43.254695658951306,47.83402248591584,1.551078004131563,2.59059607860103,4.706667061609583,1.8168278337514008,7110.0,6747.0
MOTION-810,156.90290350446062,-43.99077868502189,156.91923210875203,-43.98457850733649,47.82226679681733,1.550696811209946,2.844738937670398,2.5849137705974887,0.9086646709009846,10211.0,9698.0
MOTION-811,155.80071348720583,-42.08028994542192,155.80756007816495,-42.09255624221487,47.7973098085949,1.549887549653643,9.58520443259512,4.874202744167782,0.5085131755346536,5004.0,4762.0
MOTION-812,156.09839501798612,-40.88740564763154,156.10322571844196,-40.90014879667342,47.72171187527198,1.5474361921168707,3.8876588409740527,2.499730606496936,0.6429912471102089,413.0,442.0
MOTION-813,153.96114046503772,-41.11852298895024,153.94389977960762,-41.12115951449095,47.71053118329203,1.5470736441959598,1.9221071933305671,1.3260937619165052,0.6899166532011628,4502.0,4310.0
MOTION-814,154.95818870655555,-43.52341017775044,154.96989349163246,-43.51330618527161,47.50539153775343,1.5404217346254454,4.956610499791631,3.654685127126893,0.7373355496221725,11633.0,11038.0
MOTION-815,155.76644835142244,-40.71881085352102,155.7585202353916,-40.70706582413491,47.495273012342814,1.540093628783975,0.8580007421888234,1.6473655901260682,1.9200048544521264,348.0,310.0
MOTION-816,157.51894609852897,-42.56814862124427,157.53403806484704,-42.57521987487775,47.42281777166016,1.5377441769865643,1.9366501325950016,2.7944030231181585,1.4429054458968367,4105.0,3918.0
MOTION-817,156.70667016281496,-42.24636219168861,156.71739472022188,-42.25685592855623,47.36911507391333,1.5360027998472663,1.3784993923076287,1.9716517970559984,1.4302884774982916,4199.0,4022.0
MOTION-818,154.16180338532195,-41.0638735443466,154.17312176283895,-41.05386079926024,47.36319214367871,1.5358107414267221,0.6005161842567703,0.5131604034472538,0.8545321789825988,3981.0,3759.0
MOTION-819,155.38092624458542,-42.52723490342039,155.38594223334658,-42.53985552637103,47.34266163392232,1.5351450139707858,3.192729803378664,3.752989685136764,1.1754798922117407,7302.0,6994.0
MOTION-820,154.97780713065677,-41.90784508429475,154.9635864856734,-41.91562963761643,47.29468875129964,1.5335894332530502,3.3555168404264024,6.315007124346038,1.8819774790769812,5739.0,5474.0
MOTION-821,156.1574875081305,-41.66685916544832,156.1730977001656,-41.66084060057639,47.24356670880424,1.5319317370878522,2.108309923924909,1.9680640430844187,0.933479476025326,2938.0,2768.0
MOTION-822,158.15457748976175,-42.21556393287315,158.15254029105046,-42.228589125310535,47.20417260996499,1.5306543341636025,2.1150357535016164,1.303318148450706,0.6162156579589518,1873.0,1864.0
MOTION-823,155.38003267123338,-43.38595386624304,155.36275141149673,-43.38964222369523,47.1206543199887,1.5279461491565178,1.7572405067756889,2.135678166178781,1.2153590575358844,10421.0,9967.0
MOTION-824,156.76687062503947,-43.78733538166013,156.7537785970151,-43.77828339832664,47.11451763854263,1.527747159585608,34.64611587596242,43.32931395613559,1.2506254412835234,9680.0,9197.0
MOTION-825,156.09893274301427,-43.30744497512822,156.11554058134638,-43.3124175660938,47.044167575113754,1.5254659707935527,14.653840019883187,7.356516018523921,0.5020196759717706,8984.0,8568.0
MOTION-826,156.15412765364798,-40.820195903564816,156.1672229775827,-40.82871310942418,47.04028469525207,1.5253400635577998,5.545623859396118,4.165847280493645,0.7511954265407532,98.0,95.0
MOTION-827,155.16428436442175,-43.51550480971352,155.14664809840454,-43.51296035163692,46.94588823914892,1.5222791404089537,5.157728708419759,3.0457786387832564,0.5905271120233914,11247.0,10741.0
MOTION-828,155.40059626427117,-42.01360569452203,155.39445148850825,-42.00139560458843,46.929134043726066,1.5217358646682408,7.967663972522374,14.65489376455968,1.839296161974096,5435.0,5109.0
MOTION-829,154.98927702967478,-41.00470338432844,154.9782292041708,-40.99469404379617,46.8979428212161,1.5207244502681363,9.520880669602557,6.658739501083921,0.6993827285687308,2432.0,2321.0
MOTION-830,156.2758518548187,-42.79800582963654,156.2613887672148,-42.80554845368127,46.869074132026824,1.5197883469156996,4.382180853611467,7.877143141782136,1.797539491162347,6848.0,6609.0
MOTION-831,156.94692584211526,-42.81435785561809,156.95322901446866,-42.80219953567727,46.82879576403959,1.5184822704583891,2.032940071144063,2.667851014229609,1.3123116869491591,5897.0,5544.0
MOTION-832,153.78037098881157,-42.496618447642746,153.76354379908076,-42.49274796923738,46.78936453431171,1.5172036635186366,11.00086043471891,17.956337478461474,1.6322666381432271,9753.0,9297.0
MOTION-833,156.95265288085292,-41.81581249609452,156.93556371476453,-41.8133039812076,46.73284954285742,1.5153710942385967,1.4945195364394572,2.2244412205751045,1.4883988909737589,2260.0,2175.0
MOTION-834,153.968399382329,-41.23053553102914,153.9849440338058,-41.23421697168494,46.71177169717191,1.5146876187306169,0.5974048124082814,0.7521421214019491,1.2590158394772295,4893.0,4614.0
MOTION-835,155.29257962329072,-44.18750180824795,155.27449302163888,-44.18762841438793,46.69139090055139,1.5140267459103545,4.823142444890847,2.845388280808874,0.5899448986465231,13721.0,13101.0
MOTION-836,154.6536985537036,-41.75978337612546,154.64438131818298,-41.77071698774199,46.63910502790396,1.5123313110968983,2.4984124436662505,1.9157384430201436,0.7667823012476386,5734.0,5467.0
MOTION-837,154.78232843514238,-43.91576691520876,154.79819323338205,-43.92184680997347,46.6001087478151,1.5110668079431737,3.846220604606697,3.454437140914631,0.8981380674777679,13505.0,12876.0
MOTION-838,156.63980607806732,-44.56874668219285,156.6459853075063,-44.55658105888848,46.57588471401486,1.5102813133507014,2.8762901517139694,2.733118428894663,0.950223477025087,12886.0,12237.0
MOTION-839,155.555845992765,-43.91460822311469,155.57097077193706,-43.90763412410783,46.57291713101861,1.510185085760553,0.5953614954268178,0.8713625771425585,1.4635857102546983,12144.0,11516.0
MOTION-840,154.3451540728471,-42.89704556028465,154.35989069494124,-42.90416601864303,46.55499474154301,1.5096039298666437,3.5732597242782345,3.04661608813552,0.8526153493504893,10294.0,9827.0
MOTION-841,155.6483561426346,-44.524397231895975,155.6459077869874,-44.5372100494353,46.55213471845323,1.5095111900409857,5.973301452084062,3.8046230172327897,0.6369380564085496,14532.0,13877.0
MOTION-842,155.3891964831636,-44.16464412889084,155.3945280611803,-44.17699614846617,46.54962411651804,1.509429780633279,15.04450108915561,8.683152612161123,0.5771645440884791,13438.0,12849.0
MOTION-843,153.87709007106255,-42.70628160300903,153.89291390566436,-42.71192850820813,46.534146354275876,1.5089278948348586,5.00830104652629,7.689423728475583,1.5353357669681007,10366.0,9883.0
MOTION-844,153.33576313928404,-42.67358558880029,153.3305084073202,-42.68591194952773,46.50305975966276,1.5079198731251655,3.3955553165182906,5.801459049323992,1.7085449973681035,11150.0,10676.0
MOTION-845,152.8947835821597,-43.14900848029736,152.88940574977948,-43.13671169972819,46.467636597956385,1.506771232803818,3.843398758003887,2.4243735410718497,0.6307889692744179,13848.0,13153.0
MOTION-846,157.15904666139056,-43.63238882197405,157.17465351632512,-43.63858256556116,46.375490666593436,1.5037832857343578,5.177186466643977,5.877062151869889,1.1351845620657341,8511.0,8113.0
MOTION-847,154.2662030408463,-41.997133982200886,154.27447669895724,-42.008446822827615,46.35220840870168,1.5030283294035778,2.2745012592383467,3.867575913927588,1.7004061432011288,7172.0,6870.0
MOTION-848,152.53983172185542,-43.11008623772403,152.54746948001127,-43.09848348380588,46.34365943403082,1.5027511182078488,5.472350777574253,2.808880653276573,0.5132859291088199,14399.0,13621.0
MOTION-849,153.7418623673999,-43.33036359664131,153.75954575828982,-43.330830812348594,46.33737947188148,1.5025474825809373,9.830873198604824,7.805354690921102,0.7939635201508672,13011.0,12376.0
MOTION-850,157.9366206387544,-42.77415605696477,157.91914927020136,-42.77315098862402,46.310562672272425,1.5016779143143952,1.0951962232564432,1.2191542145284904,1.1131833626155796,4210.0,4035.0
MOTION-851,156.14054371500333,-42.436944187853214,156.15794734024124,-42.43725916755309,46.253014890245026,1.4998118555083324,3.17759620962394,1.847728295629876,0.5814861844414617,5796.0,5461.0
MOTION-852,154.4926922725217,-43.07377826715378,154.51020154284586,-43.07285802806312,46.16366731981369,1.496914648791932,1.8331860782641876,3.049463378576049,1.6634772731110492,10700.0,10178.0
MOTION-853,155.2042595680903,-44.06068944658926,155.2220936737038,-44.06111716480698,46.161869691254836,1.4968563584376542,1.9241517657509124,3.2681554268273443,1.698491504152182,13340.0,12672.0
MOTION-854,158.06454899868146,-42.18096783587243,158.04798032185553,-42.18464035927784,46.13400049955482,1.4959526650413577,37.05611498982904,46.9691428078164,1.2675139533841642,1880.0,1863.0
MOTION-855,155.14856114398822,-43.28582670888238,155.13544841717655,-43.29436929159271,46.11315584333588,1.4952767509934768,1.043779469533347,1.0035666171089963,0.961473803999681,10419.0,9984.0
MOTION-856,153.6473667599466,-42.71895863646617,153.66326620395017,-42.72418666223928,46.07020759877653,1.4938841004491556,18.12298171522364,9.066658227214225,0.5002851280039676,10787.0,10274.0
MOTION-857,157.845947861772,-41.66325619037642,157.83527115191373,-41.65325376951511,46.05720616027656,1.493462512545163,0.5637020282076997,0.6701537696810775,1.1888439922982768,470.0,453.0
MOTION-858,153.3334624961722,-43.36266998102078,153.35092708347764,-43.361107224241614,46.05521277622456,1.4933978745741927,5.094705623763027,4.202586484497704,0.824892897618216,13909.0,13205.0
MOTION-859,154.87811756728567,-44.16414976030581,154.86110727734712,-44.16035564457951,46.00405729337644,1.4917390940637347,6.39870602160398,4.3425893092744765,0.6786667952258743,14423.0,13725.0
MOTION-860,156.463627416789,-44.191671131275314,156.463600034197,-44.17890208073068,45.968636311915205,1.490590524439563,7.928802094520986,6.245503930987693,0.7876983000122432,11701.0,11104.0
MOTION-861,155.951615856119,-44.08069672434732,155.93591546012672,-44.086654711516594,45.91805829176367,1.4889504688792623,2.8384844723502067,1.9358894745127728,0.6820151716066624,12122.0,11594.0
MOTION-862,156.32355014550865,-42.63011011246101,156.3093271103562,-42.63740190476639,45.91413262867248,1.4888231743437847,1.0804845440248905,1.4922309983973483,1.3810757466633161,6184.0,5903.0
MOTION-863,152.66243598826608,-43.23176054933565,152.67944372433277,-43.2347643986579,45.90085262209392,1.4883925535214444,2.858264537555551,4.639995576486023,1.6233611394326177,14676.0,13953.0
MOTION-864,157.00971707042865,-43.73201259995668,157.0248891379741,-43.72552779286837,45.85644874694467,1.4869527023347189,2.8102879840167367,5.484147663530794,1.9514539772156436,9133.0,8644.0
MOTION-865,156.2280414793619,-43.428197816325145,156.23711330737424,-43.43907792818655,45.78863527407252,1.4847537656639267,2.7252419036652453,3.9341803355194185,1.4436077510140446,9227.0,8819.0
MOTION-866,157.36030462971718,-43.40162482104923,157.35411739226166,-43.389748976194696,45.71404664565612,1.4823351361010653,4.637114721111611,3.0277841426115715,0.6529457054031542,7360.0,6990.0
MOTION-867,155.69613011762263,-44.62600006845009,155.6905129548371,-44.63805239791966,45.71256414028421,1.4822870640102421,2.8300142890168374,1.7747600124128609,0.6271205128895029,14861.0,14237.0
MOTION-868,154.49981404415016,-42.73778738928741,154.5166300362722,-42.73491852737219,45.64759476508687,1.4801803507636104,12.005812000927532,6.717327023362972,0.5595062643696246,9484.0,8969.0
MOTION-869,156.66502824813696,-42.14870963481903,156.6488109576545,-42.15269634795068,45.60100230284437,1.4786695319031653,4.941088029306374,4.301362328415974,0.8705293860186084,3904.0,3773.0
MOTION-870,157.41482441387618,-42.81498452247735,157.40010558603345,-42.82160915109165,45.60065072464167,1.4786581315402312,2.829941636788632,5.237903630238078,1.8508875102392426,5144.0,4925.0
MOTION-871,156.59619172135552,-42.89910522935461,156.58853592402122,-42.91045702726645,45.580939718639264,1.4780189775184542,4.586658750126883,2.845049902476438,0.620288113302027,6728.0,6481.0
MOTION-872,155.78830680683404,-44.6415069090715,155.80568070163375,-44.63881933437043,45.54318034713905,1.4767945826726925,10.51833407524447,6.102987995119401,0.5802238217060579,14765.0,14012.0
MOTION-873,156.14013014137137,-43.26573973078965,156.12532094545747,-43.25913033415702,45.53496292274547,1.4765281224093674,0.9155816768563882,1.278703465433022,1.396602288747627,8767.0,8377.0
MOTION-874,155.15187032304846,-42.585804382290135,155.16827324145083,-42.58211952500961,45.45676644069069,1.4739925036800132,2.3895661280810674,2.4552400001105847,1.0274835968160698,7891.0,7468.0
MOTION-875,156.49108589849249,-43.916716449676365,156.50641712956804,-43.92283783913657,45.454917886721645,1.4739325620056185,3.5840050020155068,3.157441075309611,0.8809812133448439,10590.0,10114.0
MOTION-876,157.9164610867641,-42.38597093447848,157.918907433156,-42.37347837780767,45.44129669274499,1.473490877755179,2.8091545243001126,4.194436535363843,1.493131295939965,2799.0,2654.0
MOTION-877,154.0366877425712,-42.438295422077054,154.0421676182191,-42.45024290560483,45.40777165948512,1.4724037866226598,7.076868092680212,11.287663892746636,1.5950083772822838,9153.0,8747.0
MOTION-878,153.6519355359938,-43.46650090439514,153.6693022589883,-43.466184794568505,45.39009329250072,1.4718305434632215,2.232430134001961,1.8956276802925849,0.8491319174653821,13748.0,13059.0
MOTION-879,155.69941713072328,-44.18934069859064,155.71098085210463,-44.19877892184145,45.225597664876645,1.4664965670062207,2.178726124142238,2.414476817090525,1.1082057493761874,12988.0,12398.0
MOTION-880,156.7272912367087,-43.66171636738627,156.7316584320478,-43.649565731407385,45.19706347991738,1.4655713103717998,8.738207954958247,4.994056982797575,0.5715195848553639,9297.0,8816.0
MOTION-881,157.84638079196463,-42.8906606974191,157.8294677043585,-42.89266870682962,45.19037649619547,1.4653544765613442,13.564823448042056,16.788961973812082,1.2376837810030914,4762.0,4535.0
MOTION-882,155.09978602068318,-40.47922242417568,155.10445672970326,-40.49125730229294,45.17361031995009,1.4648108123274768,2.7551929991309363,5.279416394839904,1.9161693560143256,533.0,554.0
MOTION-883,155.4599466897192,-44.30267516158838,155.44633496175987,-44.29477668349519,45.14994644900226,1.4640434817160777,5.242486541251404,4.997927899711235,0.9533506400796993,13895.0,13223.0
MOTION-884,156.8996064542841,-43.77306883436999,156.899830582409,-43.78560355217953,45.12874438192675,1.4633559781741663,1.2886122038405476,1.5863646814335584,1.2310644557808754,9446.0,9017.0
MOTION-885,154.84422296748252,-42.8943023953892,154.82735278096982,-42.89631245383676,45.0772745790783,1.4616870054445839,5.946378637111221,3.5429742769734376,0.59582049734637,9492.0,9047.0
MOTION-886,154.36678372009527,-43.51969829969139,154.38269474749484,-43.514842010750485,45.06654209005463,1.4613389910650887,7.49842481672717,4.298013879344704,0.5731889009218143,12642.0,12019.0
MOTION-887,157.59250165117078,-41.46526291115145,157.60795196531987,-41.47001980509752,45.05954709479573,1.4611121695953226,10.962105802328216,9.943063121953958,0.9070395142365963,165.0,156.0
MOTION-888,154.4788827708573,-41.60621828151944,154.48964318764925,-41.59664154672773,45.030094399796425,1.4601571291240916,5.793508184058982,6.376871105787744,1.1006925170717636,5453.0,5107.0
MOTION-889,156.69908483652077,-41.76104882787282,156.7134939885997,-41.7546657824609,45.00412437406978,1.4593150185597294,3.427073746162854,4.912162327852514,1.4333401297105,2444.0,2305.0
MOTION-890,156.272592883062,-44.515698716211794,156.2568440419096,-44.51024292559175,44.94767366451725,1.4574845337007498,3.6574047589150407,4.639213102040917,1.268443994538118,13306.0,12675.0
MOTION-891,154.991422575125,-44.23289869388201,155.00328280876846,-44.223766338981314,44.910161582734084,1.4562681575333436,2.3793588030155566,4.746892584907749,1.9950301648039053,14501.0,13732.0
MOTION-892,155.14613014257128,-43.86216091563486,155.12940075635532,-43.85899012383863,44.899718178427946,1.4559295170873665,3.79258005391543,3.540539091529412,0.9335436671598236,12633.0,12064.0
MOTION-893,155.715319570705,-44.5957250161602,155.71600620790915,-44.58326833951772,44.878574654310626,1.4552439118740927,1.896647679316902,2.765144441827741,1.4579114887714082,14702.0,13941.0
MOTION-894,156.097752210216,-44.61834487533421,156.10956830558982,-44.62754242195875,44.86641655303975,1.454849670234498,9.34093629482247,6.702299262578336,0.7175189992777611,14076.0,13407.0
MOTION-895,157.82886755362486,-41.62606409498859,157.84482024106833,-41.62963519476273,44.81099828560594,1.453052663602472,1.6088951185097784,1.699028844877518,1.0560221268190713,382.0,367.0
MOTION-896,154.00896629260976,-41.4661562970994,154.00198160872992,-41.47744492896561,44.79399603193671,1.4525013442628791,1.5209622618662222,2.84980617664197,1.873686315625777,5713.0,5447.0
MOTION-897,155.16846385843215,-42.48742904117452,155.16381424515183,-42.4754725323009,44.77865091696186,1.4520037597180007,43.56418323947585,39.60474656783181,0.9091125696107122,7508.0,7111.0
MOTION-898,156.20032299474047,-43.586015959345566,156.18344537910056,-43.58385864939432,44.69125030959573,1.4491696857140164,2.215430513977944,1.5192189335505613,0.6857443390642429,9830.0,9376.0
MOTION-899,153.01408189374678,-43.29444356783956,153.0250461497978,-43.30394145200037,44.6579535285621,1.4480899959454034,2.094893679438912,3.611096059311347,1.7237610169689033,14268.0,13563.0
MOTION-900,154.9821739408631,-43.183964156040034,154.99321568664325,-43.19339893158053,44.64969795531907,1.4478222986579228,1.4369558967672793,2.693764643438927,1.8746327910961575,10304.0,9855.0
MOTION-901,153.5584253504769,-43.13712025340173,153.57080104242866,-43.14561716716976,44.63727875047121,1.4474195904082876,3.4642894350833027,4.18786207594875,1.2088661049904592,12563.0,11999.0
MOTION-902,156.16278954624562,-43.61287080237354,156.17252679399948,-43.60267858179613,44.61550851096987,1.4467136631648667,2.8194220742242484,2.292206662097277,0.8130058578504844,9991.0,9469.0
MOTION-903,155.9033514970894,-43.46982981699574,155.8907211771842,-43.461514949410045,44.55418541999532,1.4447251852444916,6.072010170773957,5.735272326133812,0.9445426085975702,9874.0,9401.0
MOTION-904,157.6542470920882,-43.19823136706311,157.65840029768825,-43.21022011518925,44.51424539271501,1.4434300799077588,1.1315703555472516,1.1134387598483275,0.9839766077203788,6179.0,5884.0
MOTION-905,155.2463620590647,-41.89287279523595,155.22984960199432,-41.894177455364805,44.49853509133108,1.4429206537368346,6.011754099125565,6.446965110511809,1.0723933487980732,5233.0,4980.0
MOTION-906,155.10899917862076,-44.28425892216591,155.12600578442576,-44.28635821071276,44.47517933724562,1.4421633142000536,2.8299596568623784,4.183549370624901,1.4783070707316261,14502.0,13775.0
MOTION-907,155.95128612331868,-42.59526402514908,155.94978285140473,-42.58297272691235,44.42769056544192,1.4406234313810908,0.6110016114951896,0.653170488332718,1.0690159830091714,6646.0,6270.0
MOTION-908,154.72534318776388,-43.58639347626867,154.71560726416286,-43.59650275855172,44.372247417381814,1.4388256179636396,2.3313583150502466,2.9837128478870207,1.279817361675146,12301.0,11767.0
MOTION-909,152.63235685121586,-43.204124154349536,152.61765274685484,-43.21020905947781,44.368070301151896,1.4386901697456513,3.5342880902728706,4.257114622349797,1.2045182830642194,14618.0,13970.0
MOTION-910,154.04876868277896,-43.78276290682868,154.03439224235484,-43.77614689084199,44.31279834845506,1.4368979075519648,1.408076221257909,2.276971218750097,1.6170795191157747,14358.0,13632.0
MOTION-911,157.60699904643715,-42.89932485860184,157.62378439168734,-42.89927936287647,44.266351636768746,1.4353918148355913,3.5643851143732084,7.033709325274485,1.9733303499982076,5151.0,4859.0
MOTION-912,157.1585160029334,-43.78400966066032,157.155300426531,-43.77193522711844,44.26424770291641,1.4353235921490826,0.6430021163307491,0.9334507295506836,1.4517070874935236,9086.0,8606.0
MOTION-913,154.1628165778669,-41.35279072024647,154.16886267918812,-41.36421811222373,44.26390255489887,1.4353124002929443,1.7336670271601466,1.4496812400108072,0.8361935811777388,5010.0,4769.0
MOTION-914,155.9463288988837,-41.55837951775699,155.93251180100808,-41.565029349213845,44.25298153360177,1.4349582725186896,4.402841283607277,4.296645045056921,0.9758800665956896,2884.0,2804.0
MOTION-915,154.07581644153,-41.45406514976891,154.08859071480217,-41.46177407442765,44.249394726736085,1.4348419658201246,1.3842389325315836,2.188710744886328,1.5811654284881842,5568.0,5275.0
MOTION-916,156.03870384736618,-44.71277691456473,156.0352030622184,-44.72481048910411,44.236780831699456,1.4344329444976234,2.4763692042342877,2.2518522554189566,0.9093362377340848,14615.0,13969.0
MOTION-917,156.90997208628266,-43.29721767752951,156.91995699124035,-43.30711940390896,44.214969994971995,1.4337257008383715,4.663515522093788,3.179609040712596,0.6818051801583884,7695.0,7347.0
MOTION-918,156.00797726859955,-42.39574586576799,156.01512234077913,-42.40683003600036,44.19316430401626,1.4330186240372036,1.9164711453885808,1.7067773352834217,0.8905833721474362,5856.0,5584.0
MOTION-919,154.69675058665763,-44.20112426995388,154.71280641368827,-44.20538593104722,44.18490168186715,1.4327506981801277,3.4057880501322053,4.221811330193408,1.2395989615471013,14921.0,14205.0
MOTION-920,156.30209093426024,-42.87643099593114,156.31879200402463,-42.8755780043215,44.167314997636865,1.4321804279486572,0.8320120568047196,1.012214254895817,1.2165860417734218,7094.0,6761.0
MOTION-921,156.29856319899326,-42.530173882685325,156.3151909676453,-42.5296650223729,44.15029434866125,1.4316285121182482,2.154261038259993,2.650597409726048,1.2303975064539756,5884.0,5554.0
MOTION-922,156.31503147121612,-43.678329953970746,156.3128318368689,-43.69046986833381,44.077258927355885,1.429260247238526,3.543602175601104,2.4124575998983557,0.6807924480092432,10000.0,9578.0
MOTION-923,153.50427330363718,-42.654886436921885,153.51286705959643,-42.6653715847809,44.07278166827209,1.4291150665131185,15.37306570450922,7.870134671249016,0.5119430842568085,10786.0,10309.0
MOTION-924,155.32382618817482,-43.69416819109995,155.31997158096047,-43.70608585618899,44.06092755710926,1.4287306821329713,8.833235268517598,4.685666961480336,0.5304587525456784,11688.0,11186.0
MOTION-925,155.08485676804403,-41.57072502621803,155.06997371728914,-41.56565588443033,44.044414391552465,1.4281952220871164,6.365620883834638,6.934369319815051,1.0893468911139113,4330.0,4112.0
MOTION-926,154.4033533042882,-43.55679473979821,154.3878378974796,-43.56157569286117,43.9837590073608,1.4262283953942632,4.69093487199123,3.763652748333445,0.8023246647071508,12730.0,12184.0
MOTION-927,155.6339318084114,-43.2643029791467,155.61717538760155,-43.26490031099524,43.97967423408275,1.4260959415119807,9.48737482375968,5.31452740700306,0.5601683822687851,9568.0,9129.0
MOTION-928,153.8126673839008,-42.66127077817983,153.81253997278634,-42.67348123654821,43.95894396037557,1.4254237364600995,5.3112243972336906,8.180909524325948,1.540305758609429,10302.0,9876.0
MOTION-929,153.78239060613822,-43.2442710597918,153.7656448221722,-43.24375975889063,43.95258836770975,1.4252176484191015,3.800607667999144,4.267028460582244,1.1227226889295445,12589.0,12033.0
MOTION-930,155.54414688661896,-43.66653504161573,155.53213260559562,-43.65796332886117,43.94576050848903,1.4249962465444068,1.027485255461636,1.2185227362610684,1.185927223562543,11195.0,10660.0
MOTION-931,155.77031856036686,-42.04677800767305,155.7867158472228,-42.04756015181405,43.92581836606946,1.4243495976352258,1.832698129845351,2.771918028569616,1.512479324024584,4925.0,4643.0
MOTION-932,156.49631103452154,-44.73515943576734,156.49657596410125,-44.74735771516955,43.919030817722486,1.4241295028910286,30.28476831240195,16.868874099879136,0.5570085240827529,13836.0,13226.0
MOTION-933,156.11194955209362,-43.61264378715388,156.12561982291618,-43.60552042066912,43.90160467343409,1.423564438367958,1.2710805365675348,0.8509234290705621,0.6694488701466722,10081.0,9561.0
MOTION-934,156.1469863576742,-42.6800790778298,156.1467102888439,-42.66789195317681,43.87973308940143,1.4228552249013595,1.80484607809148,1.6302049076784155,0.9032376375287707,6647.0,6278.0
MOTION-935,157.96033976315763,-42.5943664869073,157.9765233572178,-42.59181171578993,43.865475043349,1.4223928899258653,0.3458998890473385,0.6369068780315192,1.8413040830561085,3517.0,3312.0
MOTION-936,154.51172210145134,-42.49580005465101,154.51781207420308,-42.507125757622354,43.85956905396754,1.4222013808336724,1.0240360485867528,1.3152944438412573,1.2844220139090445,8574.0,8218.0
MOTION-937,155.1493561638685,-44.02877782242773,155.15352777090115,-44.04057545941456,43.82229750547919,1.4209928042591804,4.14480065067788,5.885667148247581,1.4200121174187192,13303.0,12704.0
MOTION-938,156.4740416956231,-41.68859971595187,156.4900573604891,-41.686422217857405,43.76459662712963,1.419121781113397,0.797613982103383,0.7955856302423674,0.9974569755464082,2540.0,2420.0
MOTION-939,156.26273357276074,-42.68131691053137,156.2627115681562,-42.66918489757266,43.675285483072095,1.416225755567725,2.432254913062894,2.677462233864506,1.1008148115909557,6466.0,6099.0
MOTION-940,156.79492815401628,-44.13540655829864,156.809655585978,-44.12947773835455,43.630341264057996,1.4147683830553845,2.042804206738996,2.0635190357569537,1.010140388858424,10921.0,10362.0
MOTION-941,155.67070150823483,-44.09877892700556,155.65830284545996,-44.106991015420704,43.60436992987827,1.4139262300627946,7.665641045110331,5.040579601784081,0.6575548701173931,12667.0,12137.0
MOTION-942,154.5787450901943,-41.82512733167329,154.57655189426023,-41.83712470076108,43.58935704063568,1.4134394183527927,22.244175480895617,12.41263617013008,0.558017364176553,6060.0,5792.0
MOTION-943,154.88186991754722,-43.86930462919193,154.89866442428095,-43.86941794812767,43.589002809939394,1.4134279319794365,6.076047866484804,3.3212858481474794,0.5466194343970753,13130.0,12488.0
MOTION-944,153.61859870326154,-42.46093146215495,153.62340560751568,-42.4493622720094,43.5621224163624,1.4125563015989484,79.00072179483422,81.26921207396161,1.0287148044674665,9890.0,9372.0
MOTION-945,154.62318445017766,-40.49558068912092,154.6369898908252,-40.50158917432099,43.54498393329716,1.4120005648508107,1.754531493485428,1.7353642344009974,0.9890755685175224,1309.0,1236.0
MOTION-946,156.51330360482203,-41.28187907389914,156.51598120563145,-41.29379866719287,43.51753638891049,1.411110543895995,4.681789012786726,3.4537178065638185,0.7376918945153561,1131.0,1101.0
MOTION-947,156.7226195650651,-44.23580364218232,156.73061855756276,-44.246442350689335,43.502156296742946,1.4106118251718982,1.2998098364199306,1.5289567124635164,1.176292615752721,11445.0,10923.0
MOTION-948,155.246480399594,-43.14249564138519,155.25626070327604,-43.15224387122896,43.49091064297415,1.4102471707837376,8.114985432554006,9.270058258775888,1.1423382501203516,9725.0,9279.0
MOTION-949,154.39556054502077,-43.58536123192589,154.38545801371936,-43.57575710188716,43.46875932753774,1.4095288866765185,3.322866393957527,2.54663253236955,0.7663963068152482,12861.0,12242.0
MOTION-950,155.98319594754386,-43.97671835595688,155.99965090351412,-43.979076674270864,43.46523024895136,1.4094144518896092,6.325794240702423,3.2703977266520057,0.5169940093228289,11668.0,11102.0
MOTION-951,156.87421317639755,-44.04538336091225,156.8616635636679,-44.05339880603584,43.44027278956272,1.4086051750551527,6.819023707459803,5.118202837464286,0.7505770704192051,10469.0,10034.0
MOTION-952,156.52706346418202,-43.30959387395195,156.51081629796977,-43.30719259035401,43.43043492334542,1.4082861699390405,7.745615896066971,4.348420817479164,0.5614041382670658,8334.0,7966.0
MOTION-953,156.46060556384214,-44.81250258368013,156.47656361976786,-44.80836926623192,43.388084506533126,1.4069129047071085,2.775805519964842,2.265652763116859,0.8162145174873617,14266.0,13508.0
MOTION-954,155.6251954092061,-43.50029129572793,155.60870843702088,-43.49882952440982,43.37394527919139,1.4064544225769127,1.9152462969271025,1.1938278016126351,0.6233286045393013,10442.0,9978.0
MOTION-955,157.07597400513478,-42.51909246557083,157.09148471924286,-42.52284741755641,43.31790902156258,1.4046373768399063,2.7710018938212264,4.577606313086089,1.6519679482331733,4595.0,4344.0
MOTION-956,156.45386135189693,-43.22814127522752,156.46331858008193,-43.23799878064225,43.2968571563438,1.4039547437810536,2.241983984770085,1.998963293492344,0.8916046265590686,8166.0,7788.0
MOTION-957,157.1204869153375,-42.65764180113317,157.10456325893907,-42.65490391448442,43.29560202677355,1.4039140446349736,1.0440344783849664,0.7653098353702942,0.733031189309154,5026.0,4766.0
MOTION-958,152.51429649555914,-43.14608899182133,152.51630582341863,-43.15801867666454,43.26987447276269,1.4030797965192499,3.1685309171370624,1.9592294499394631,0.6183400134563724,14608.0,13944.0
MOTION-959,156.41152202317804,-44.90379707927666,156.4284614836121,-44.90415425818133,43.21216907543332,1.4012086268398944,3.7197970165033936,6.158116070071532,1.6554978787149404,14740.0,14006.0
MOTION-960,155.18774659601107,-44.03502900435154,155.17232667783847,-44.03043531801751,43.2003344569705,1.4008248745349243,2.943047045190661,1.531378818794061,0.5203378659191134,13271.0,12640.0
MOTION-961,154.42231617130878,-43.43438706166263,154.4083992300423,-43.44084066326776,43.1652511767992,1.3996872552974347,4.012062414889398,2.976072946542877,0.7417813181315923,12225.0,11688.0
MOTION-962,155.8490530120257,-42.09788297344679,155.86175716688408,-42.09049532941962,43.11687431025217,1.3981185748956975,6.866831674783339,5.886716083817005,0.8572681496525457,4991.0,4681.0
MOTION-963,152.6313952756298,-42.89885849807922,152.64169988196616,-42.90814529515291,43.08268747635975,1.3970100240499674,3.4884832661910896,5.562934731763512,1.594657135287743,13296.0,12677.0
MOTION-964,153.07848492783998,-42.33799345175627,153.08059387863344,-42.34984339680609,43.027293004621185,1.3952137890231207,1.561012739987832,1.93871805373641,1.2419617111847032,10344.0,9908.0
MOTION-965,157.3417401511336,-42.06072174837093,157.35759184999395,-42.06277860490547,43.009416223069955,1.3946341120232,1.850984288093219,1.9131242052550927,1.03357128289073,2523.0,2430.0
MOTION-966,155.3431584912938,-41.89146407294196,155.3588656221555,-41.89380544286651,42.92809362788781,1.3919971251659258,2.096389740348195,2.5719295846888963,1.2268375174654869,5051.0,4761.0
MOTION-967,156.22403690366997,-43.8855654191022,156.2075421811973,-43.88638570521291,42.898882884698004,1.391049930284722,1.45870405296798,1.0460713875957652,0.717123795925127,10898.0,10412.0
MOTION-968,154.8670216087882,-43.59116094122257,154.87499153320698,-43.58074316860104,42.87732240602995,1.3903508047986641,1.8919961490743236,3.72828634951894,1.9705570496763631,12059.0,11443.0
MOTION-969,154.02568529633746,-43.25882884995231,154.03093448861893,-43.24755636960376,42.851396971684615,1.3895101401656105,12.111777002023183,19.747348431300257,1.6304253643376696,12231.0,11591.0
MOTION-970,154.25430935220373,-41.865081337843925,154.24279067838705,-41.87332530385919,42.82917774790787,1.3887896540455245,1.60008988264397,1.236298766259093,0.7726433243964065,6716.0,6461.0
MOTION-971,155.3059128052211,-41.8477503544903,155.3052676860694,-41.859627151401774,42.79144844222593,1.3875662341215227,2.049449162764424,2.553916747588946,1.246147888901067,4959.0,4725.0
MOTION-972,156.34704173758487,-44.873602122388384,156.34713669282186,-44.861716598602015,42.78857152989016,1.3874729466409406,2.6654937517854007,2.5321876551292792,0.9499882164170033,14730.0,13980.0
MOTION-973,153.8078116824778,-43.09743752283016,153.79181394645207,-43.09961441238449,42.776401457341706,1.3870783168176979,9.815080891131233,9.932108076299189,1.0119232012925843,11965.0,11448.0
MOTION-974,157.2975291996497,-43.54304356913892,157.3087803686082,-43.53440419410472,42.77192905366442,1.386933293534919,12.167087936959533,12.641109271945222,1.0389593087057234,7996.0,7558.0
MOTION-975,156.29555018522848,-44.56011465647216,156.28426840700345,-44.56886031302077,42.76175572651566,1.3866034106785499,2.5588044288294274,5.026826363143673,1.964521518920181,13458.0,12880.0
MOTION-976,153.99768956879325,-43.64174829045962,153.9996230327914,-43.653533518582286,42.72472746681925,1.3854027230474129,7.661903088429547,4.9448247472584255,0.645378137805703,13825.0,13207.0
MOTION-977,155.25128859040342,-40.42230234061655,155.26265909651218,-40.43042011219174,42.72019876089672,1.3852558740939156,2.0721816620311886,1.2480580167580817,0.6022917969145203,110.0,110.0
MOTION-978,158.1003116029423,-41.70820523178044,158.09597839975788,-41.69679178377756,42.70719526884333,1.384834219600885,10.949754212470676,6.08821884266331,0.5560142012803755,272.0,225.0
MOTION-979,155.38396868873429,-42.91240663565782,155.377111371788,-42.90166761830079,42.67997969994909,1.3839517207415382,6.8528031293185006,6.715209400754633,0.9799215407232119,8687.0,8260.0
MOTION-980,155.40007108333532,-42.23402885133438,155.41094078931457,-42.225357649854985,42.59102496469466,1.3810672521970602,8.40304439141051,11.26191258545496,1.3402181472427719,6218.0,5839.0
MOTION-981,155.49671962584415,-42.057680676118295,155.4992140049178,-42.04600375837759,42.562438749886674,1.3801403084297217,15.215843252639294,16.713228099366006,1.0984095867619417,5446.0,5100.0
MOTION-982,155.43087267716197,-42.043755474834384,155.4315158670978,-42.03194980905384,42.5351754604832,1.37925626217318,2.676730209267832,1.6816450622603345,0.6282460056818039,5494.0,5149.0
MOTION-983,157.22528244680893,-42.17677149451871,157.21070664728583,-42.18155712096485,42.53061527043715,1.3791083923076013,1.7593675689757196,3.434211537015408,1.9519579635168338,3109.0,3016.0
MOTION-984,154.48799053186673,-41.11329886833415,154.4730076311609,-41.11677157480191,42.51631899622785,1.3786448177363093,4.018633322955705,7.42075061388887,1.8465856467917077,3631.0,3500.0
MOTION-985,156.1928175342955,-43.94163023531989,156.18756057493164,-43.952807838768905,42.483707509565356,1.3775873494947637,5.114804652580832,3.341687621601201,0.6533363145970882,11173.0,10690.0
MOTION-986,155.50591546112574,-44.0634174373001,155.51709170958745,-44.054772479779615,42.48006411227586,1.37746920778093,3.576740790975842,2.647439842563562,0.7401821930297781,12822.0,12169.0
MOTION-987,156.9652380817387,-43.94762359750893,156.95853786349036,-43.93686058470755,42.46130985051388,1.3768610773877292,2.053156070242279,3.667150304481873,1.7861040169484717,9969.0,9461.0
MOTION-988,155.97627404068214,-40.798096017375,155.9623730473191,-40.79278458521702,42.43722090622577,1.3760799632416412,1.5591956536499827,3.014350450750336,1.9332727382185322,305.0,299.0
MOTION-989,154.30449192516403,-40.708700618847466,154.31967433627167,-40.706238454607984,42.36998281407452,1.3738996840103412,1.48187791266893,2.1607312935525287,1.458103447713147,2477.0,2360.0
MOTION-990,156.32698363271612,-44.61486081507365,156.32194696179772,-44.6260659653984,42.35281163547721,1.3733428870686846,5.438083834161928,9.600848949904996,1.7654838069234362,13640.0,13043.0
MOTION-991,153.8272454285789,-43.650961093047314,153.83467650965352,-43.661422757131824,42.344259727265886,1.3730655807492371,3.268803156590585,5.60140175329471,1.7135940847343845,14215.0,13535.0
MOTION-992,157.16283701186583,-42.20352346341523,157.17843861458144,-42.20570443032598,42.33918952177645,1.3729011729950407,3.913017081751998,4.222480437272481,1.0790856132378357,3319.0,3149.0
MOTION-993,154.37221635621307,-43.5958356933466,154.37504459611733,-43.584258076598445,42.32679099833336,1.3724991353658207,16.19776075107147,10.18190535258667,0.6285995644128244,12931.0,12292.0
MOTION-994,153.24563112594998,-43.26482069969013,153.2332369002793,-43.257297594223175,42.300379284878424,1.371642702524459,2.063685905541289,3.239467190431957,1.5697481781183507,13669.0,13011.0
MOTION-995,155.5975473635626,-44.11615851894598,155.5812960759348,-44.11481230771101,42.28137896945821,1.3710265935336559,2.240317783117135,3.589616699194661,1.6022801435786211,12872.0,12293.0
MOTION-996,156.73103773534643,-43.23569943381391,156.74696088181813,-43.23749499282157,42.25913204533854,1.370305209195306,1.4462967154852742,1.838560826019581,1.2712196649099703,7759.0,7363.0
MOTION-997,154.2643237069111,-43.97706417444771,154.27083759810336,-43.96631725480128,42.20960142934291,1.3686991170247276,2.483191172873324,1.7126326892967965,0.6896902292525038,14772.0,14010.0
MOTION-998,155.04644728525767,-42.99188118085416,155.03522962483058,-42.9835114256002,42.19633782315354,1.3682690280055185,2.03040108560571,3.2502332522274395,1.6007838427932226,9516.0,9035.0
MOTION-999,156.1135739371419,-44.3738413023998,156.1256967838915,-44.36594948484758,42.19509850816525,1.3682288416670376,7.759057567569944,9.983808485235077,1.2867295284628106,13005.0,12357.0
MOTION-1000,154.2896315011565,-40.91080688227618,154.29516523274782,-40.89985800243036,42.193788645332205,1.3681863677264576,1.1461759612029707,2.227287978706639,1.943233896101769,3218.0,3033.0
MOTION-1001,156.52620603466346,-43.89381032640573,156.53609534819591,-43.884507141811774,42.18980844720469,1.368057304824221,3.8456016750225257,3.071300069599693,0.7986526762633841,10457.0,9929.0
MOTION-1002,154.15281538544903,-43.15765272453099,154.14221746619782,-43.148855503511626,42.16254460133135,1.367173240523448,2.630402234600265,5.008363707223679,1.904029597201428,11608.0,11046.0
MOTION-1003,157.7586270279579,-42.98791302029104,157.77267028063395,-42.98236655785747,42.029006516049726,1.3628431010948614,10.216798672556788,11.709902975510094,1.1461420892009857,5262.0,4937.0
MOTION-1004,154.99633159615584,-43.76143602871106,155.01180615722987,-43.76468201798654,41.89563819136541,1.3585184663659582,1.5574655413241123,1.1433487780477671,0.7341085550282704,12498.0,11904.0
MOTION-1005,154.8124133120656,-40.819469235982446,154.80988845861685,-40.80801799658904,41.79450299987005,1.3552390312940223,1.839276309925305,1.2498961337823018,0.679558654149719,2075.0,1971.0
MOTION-1006,156.75037578321042,-43.54197493919998,156.76489951623023,-43.5370840605415,41.79173772462085,1.3551493637855943,3.0813953600262103,1.588869574617428,0.5156331430978441,8818.0,8384.0
MOTION-1007,155.601382104161,-41.76382180942151,155.58621812329105,-41.76634226739058,41.71669299006474,1.3527159444107102,2.46765135502318,1.5445429550910583,0.6259161983912228,4196.0,4031.0
MOTION-1008,153.74720242942914,-43.507658393690924,153.7363145405212,-43.4991923732698,41.67948077763086,1.3515092918819946,2.122670096177884,2.4888471641881798,1.1725077621198132,13731.0,13073.0
MOTION-1009,155.19795737395955,-42.76163782570729,155.21095843022462,-42.76816680205887,41.63074402605229,1.3499289417580091,4.997309643782433,4.821629815184704,0.9648451184496228,8435.0,8041.0
MOTION-1010,152.85233794465063,-42.4919730772372,152.85316081473866,-42.503517160667485,41.616055061393084,1.349452633707749,1.395692417641347,1.4917155096879546,1.0687996085906106,11295.0,10817.0
MOTION-1011,155.12950691540908,-41.4089619481357,155.11485357177034,-41.41253303813111,41.59967360410655,1.3489214444672823,9.725161246337038,8.035537117912327,0.8262626103951639,3670.0,3526.0
MOTION-1012,157.7630140421313,-41.61618211907248,157.76416953353095,-41.60466004467025,41.59590579626803,1.3487992685857986,3.807525416009757,4.395265839623029,1.1543628365924914,437.0,395.0
MOTION-1013,155.6067946621374,-42.222562102125565,155.5912395817757,-42.22345246793748,41.59237502489106,1.3486847789080376,2.308109479563948,3.258617897767993,1.411812536025638,5866.0,5594.0
MOTION-1014,156.49953188891527,-44.21313088206736,156.49268286039404,-44.20267915186555,41.57052063982448,1.3479761231394247,22.222278470917747,11.422511806968782,0.5140117302515762,11725.0,11141.0
MOTION-1015,156.96809567349592,-41.51394793132614,156.9830233181359,-41.51678345188164,41.51355708598668,1.346129008663092,13.879351919113734,10.478711194700578,0.754985625825222,1243.0,1164.0
MOTION-1016,154.6090561351173,-41.809562782273,154.60129234705977,-41.81952685102281,41.48055145555191,1.345058759816783,1.0260770457509656,1.3159150543324023,1.2824719739922745,5967.0,5702.0
MOTION-1017,155.0523707014781,-41.15632847563681,155.06309331336885,-41.1481345147642,41.41193317074215,1.3428337261123524,0.6507284295922028,0.9240686197458906,1.4200526329009233,2862.0,2713.0
MOTION-1018,153.59468763130974,-42.20006925812893,153.60894372806465,-42.20460477142223,41.37604070289781,1.34166986795253,3.772193814319878,2.7540270351136527,0.7300863027395109,8992.0,8583.0
MOTION-1019,156.30948201035093,-43.57152135005662,156.32332084436464,-43.565905674007375,41.372540106163115,1.3415563567252833,28.2413449272582,15.602535419384893,0.5524714017541535,9617.0,9107.0
MOTION-1020,153.74191191262614,-42.049691717473245,153.7307668193652,-42.05766132512561,41.36043733641789,1.3411639092796097,1.608734348323082,2.5439960955855327,1.5813649396106648,8227.0,7888.0
MOTION-1021,152.6548737777353,-42.72626841737538,152.65452016959088,-42.73774906607448,41.34091129992804,1.340530753125615,6.4806891322722535,7.072384630369425,1.0913013239827647,12562.0,12030.0
MOTION-1022,152.96662441426705,-43.04308973458174,152.9681447190874,-43.03166334831432,41.32904695298828,1.3401460368375993,3.6838928750084334,2.0434761198180977,0.5547056304707068,13266.0,12573.0
MOTION-1023,153.95507835122413,-42.50830992522765,153.96898214632444,-42.51343427578479,41.2517373658045,1.3376391767836584,2.4419752752617967,4.10042795456308,1.679143927500857,9527.0,9054.0
MOTION-1024,154.1613907332394,-41.11485199171485,154.16461075802664,-41.12605076398941,41.25051808332094,1.3375996400241976,3.253123280384351,2.702932865314226,0.830873173977864,4178.0,4015.0
MOTION-1025,156.47499842432626,-44.75184641049545,156.46101187751185,-44.75754290767262,41.219505561500384,1.3365940202174442,9.218525777833488,13.734183257139188,1.4898459458847397,13957.0,13328.0
MOTION-1026,156.18251764815162,-44.645803717025,156.19015802889865,-44.635732702248845,41.20058664508125,1.3359805506910551,2.36120738954395,1.8528025646754016,0.7846843834557273,14037.0,13300.0
MOTION-1027,155.06594109386162,-44.35335200365581,155.0682941171559,-44.3420451001253,41.153126571346256,1.3344415984428621,2.54202461835747,3.997925212304368,1.5727326885164583,14870.0,14115.0
MOTION-1028,155.59410437937623,-42.16664770058068,155.5788202069813,-42.1679654045793,41.05735402115278,1.3313360537220849,3.1734079355868063,2.895140446871729,0.9123127267709369,5692.0,5408.0
MOTION-1029,155.03749630365832,-40.53963960819699,155.02661488553824,-40.54749013613171,41.047233877976026,1.3310078954225242,1.9287046915942967,2.352310483495047,1.2196322712061176,822.0,849.0
MOTION-1030,154.656649400792,-42.69298432173902,154.65533333653303,-42.68164112868453,40.98373144581369,1.3289487496384775,6.539106443060432,10.349467987387214,1.5827037038631622,9070.0,8602.0
MOTION-1031,154.6709056214158,-43.64910498012861,154.6781536987158,-43.63901605015133,40.93512174624492,1.3273725193348112,1.81497320328443,1.7377032509762598,0.9574263949636611,12619.0,11983.0
MOTION-1032,156.3740805767124,-44.41091500186948,156.38931310572335,-44.4076510761398,40.89768424465459,1.3261585615234335,3.781940466299495,2.4516654013545853,0.6482559477604521,12711.0,12080.0
MOTION-1033,153.55366856144676,-43.05525362030672,153.56808255057305,-43.059502653930814,40.884125289508006,1.3257188954448997,2.904617546889183,3.151041827336432,1.084838804582437,12263.0,11670.0
MOTION-1034,157.18051530385674,-43.71421844509568,157.19537945233864,-43.71059570063496,40.818230098032416,1.3235821614475463,1.6166298668329042,3.0262601405181817,1.8719560999122489,8772.0,8342.0
MOTION-1035,157.2586054904069,-42.45970397140959,157.2692404779628,-42.46788945189048,40.817324334343475,1.3235527909271123,1.3155358960848311,0.718560536742177,0.5462112732010479,4118.0,3934.0
MOTION-1036,154.2892979917645,-42.24289700254968,154.2909491054768,-42.25416682664522,40.809257516235675,1.3232912142609639,2.0413267323784647,1.029735529374107,0.5044442484590912,8041.0,7685.0
MOTION-1037,154.7419199286445,-43.69207975087048,154.73124032673724,-43.70037260488599,40.791795704138295,1.322724993164578,3.136680368127127,5.171518519354877,1.6487234631569192,12665.0,12126.0
MOTION-1038,156.53357100414584,-44.60319250104172,156.5184959829202,-44.599681038608914,40.65598739525256,1.318321238896306,2.610232208532606,1.96039172622596,0.751041121865565,13216.0,12593.0
MOTION-1039,156.02685275919634,-43.15591680801589,156.0383363924383,-43.1634804916991,40.63043181874391,1.3174925673661804,7.132863633172407,8.076268844160161,1.1322617758455822,8545.0,8164.0
MOTION-1040,157.11403228909631,-43.32435855235106,157.104563531455,-43.33329806090057,40.62693582568247,1.3173792054187967,1.7712030428870589,1.6997329754810582,0.959648856920715,7470.0,7180.0
MOTION-1041,154.6497557814198,-41.656550491117954,154.66469216490907,-41.65815698555719,40.58822752146054,1.3161240402427226,15.802852014824508,9.114821597486811,0.576783329296274,5353.0,5028.0
MOTION-1042,155.7760419513905,-43.70934823841235,155.78314462116674,-43.699311066127486,40.58737966838927,1.3160965475464943,7.45614566318374,4.363149541888473,0.5851749334019083,10975.0,10403.0
MOTION-1043,153.468299034327,-43.02794527481926,153.45683734795924,-43.02041721580656,40.55131975600797,1.3149272597881416,3.950015472958791,4.633368304168362,1.1730000390853408,12313.0,11710.0
MOTION-1044,155.4310247151946,-41.81223441557699,155.41633419445463,-41.814853306654,40.52866586571781,1.3141926790627299,1.858266311575379,2.586741533396564,1.3920187420303645,4631.0,4413.0
MOTION-1045,154.02679234649833,-41.33161526130434,154.03216377022326,-41.32110764106012,40.51896071441724,1.313877977393776,18.49453418890715,12.92520033581925,0.698865957033493,5163.0,4846.0
MOTION-1046,155.865105738363,-44.411615772828696,155.8609523457113,-44.40076484320032,40.49748487689263,1.3131815965026532,5.541277462433369,7.498052337537682,1.3531270340404546,13621.0,12944.0
MOTION-1047,154.03773113719788,-42.9601426359472,154.05287637897055,-42.96196698229169,40.43767235814585,1.3112421007760051,3.365309291290233,2.5135880713125616,0.7469114585746951,11025.0,10498.0
MOTION-1048,156.4428923216812,-43.42570172028928,156.45203559135487,-43.41664295765264,40.43608511906649,1.3111906325637295,1.121463223440082,1.773893817551817,1.5817672666165616,8870.0,8424.0
MOTION-1049,155.19772582453092,-44.2959947522245,155.193401425176,-44.28520392717062,40.413689396357874,1.310464423245034,1.803453549434195,1.9001770931088,1.0536324008483338,14387.0,13627.0
MOTION-1050,156.6093956846758,-43.84974634376866,156.61657168957487,-43.83979660613,40.375053920717775,1.3092116196268109,13.621530200837991,8.063663913909961,0.5919793000505837,10158.0,9651.0
MOTION-1051,157.3949610290958,-42.74479368940014,157.38611721565098,-42.73565352014502,40.366705131298914,1.3089408996882457,3.0872507665643147,2.856944464960803,0.9254008439813878,4911.0,4631.0
MOTION-1052,154.85283570068566,-43.17851717541201,154.85112011318515,-43.16737787930808,40.35362807134941,1.3085168596641736,2.295477710162265,1.9315639560428788,0.8414649149027627,10497.0,9983.0
MOTION-1053,154.67286737837946,-42.24500930947666,154.68731110724568,-42.24167184881434,40.32500817098644,1.307588823600585,0.4375527604239812,0.6702248599462689,1.5317578142961146,7414.0,7035.0
MOTION-1054,153.99762828557726,-41.50562286773141,154.00031233813408,-41.51663711271895,40.306056334676555,1.306974286605566,251.1791584928618,160.5689615247814,0.6392606874242098,5871.0,5607.0
MOTION-1055,154.63895129366895,-44.06557882903557,154.62342356326914,-44.06644697621864,40.28761360572494,1.306376258053369,5.451536575550184,3.2820202257958178,0.6020358077602345,14446.0,13784.0
MOTION-1056,156.9675287862612,-42.22227109836974,156.98208705581374,-42.22527018644313,40.284569056847694,1.3062775347482698,7.452958005198228,9.689723678712134,1.3001178420640267,3699.0,3513.0
MOTION-1057,154.26022683329867,-41.53120307470288,154.24537444583953,-41.53240687273243,40.25986021243684,1.3054763195654056,4.460492118149905,3.7670415741894905,0.8445349693279943,5551.0,5276.0
MOTION-1058,154.22760967975893,-41.06053153815514,154.21660180484423,-41.05304898308122,40.2312468383075,1.3045484951231046,2.180182675957578,3.306224763775345,1.5164897878675179,3869.0,3677.0
MOTION-1059,154.78641837615731,-42.16128391527456,154.7991307144971,-42.16728069524458,40.20867529557333,1.303816584620186,9.633784904483251,6.3986587566109705,0.6641894976950588,6909.0,6626.0
MOTION-1060,153.01242633320825,-42.59764288186793,153.01508068407873,-42.60860243366243,40.0764187702843,1.2995280013771797,8.052415418623417,11.88144285074544,1.4755129030311016,11437.0,10926.0
MOTION-1061,156.2352810284681,-41.89336279703068,156.2484224776566,-41.88807668109883,40.030525656501055,1.2980398597651868,0.3335029589365166,0.4364054902171346,1.3085505796073187,3658.0,3442.0
MOTION-1062,155.48658954701222,-44.07939947370572,155.50106060472035,-44.07560403618147,39.84179969087878,1.2919201842942103,10.20338239742163,5.358123349174547,0.5251320729220668,12914.0,12272.0
MOTION-1063,153.34146694872211,-42.560140405081285,153.32674651726308,-42.55792992710124,39.83693390138466,1.2917624049843208,5.871422397634984,3.5108290394528603,0.5979520466568758,10722.0,10234.0
MOTION-1064,155.52184109150468,-44.24964977069219,155.5258585445638,-44.23896599684082,39.832635634472766,1.2916230283039487,15.261272131970149,16.520206093706683,1.0824920721451032,13553.0,12864.0
MOTION-1065,153.84937851064723,-42.995895583535656,153.86422801508684,-42.99378855064326,39.829115906793824,1.2915088967319082,5.863359337925786,9.777766824025772,1.6676049105127404,11507.0,10928.0
MOTION-1066,154.33643812649547,-43.95931165629276,154.3394468307047,-43.94846251837833,39.82764868426417,1.2914613202063592,7.737299270529025,6.085317111845434,0.7864911126061899,14573.0,13821.0
MOTION-1067,156.69614937542343,-44.27929458194974,156.7113125850499,-44.27722861645349,39.783769643055585,1.2900384874165587,3.19619453680784,4.596784234975623,1.4382053977123073,11650.0,11074.0
MOTION-1068,154.50886022909236,-43.87195966540858,154.50155183875145,-43.8816637601062,39.75067354488507,1.2889653050407721,2.979668585917432,3.6105026459641225,1.211712827066792,13842.0,13231.0
MOTION-1069,154.22511716589457,-43.13486984679516,154.23842690662983,-43.14011455002556,39.73656860276931,1.2885079346519082,43.130102466355694,24.002967805040587,0.5565247108736752,11390.0,10854.0
MOTION-1070,157.1448930776846,-42.247859558713614,157.13689254425805,-42.2385576658101,39.698795597873016,1.2872830977262275,0.8697797746163405,1.3511688073663604,1.5534608262906096,3524.0,3325.0
MOTION-1071,157.27743261715642,-43.01290419895704,157.2737591907715,-43.00221449805514,39.67938372998677,1.2866536436319929,11.730533834504252,14.862445630521414,1.2669880024389804,6092.0,5744.0
MOTION-1072,155.17532166023204,-43.57365150828082,155.19047661528046,-43.57454719530247,39.65756015317788,1.2859459868596672,2.9231446406490247,3.539962722170556,1.2110118236860765,11463.0,10903.0
MOTION-1073,153.83900374665242,-41.75465778582559,153.8247256653009,-41.75185227568217,39.65399440998706,1.2858303631771033,3.431071377027521,5.521556950499086,1.6092807009111654,6988.0,6694.0
MOTION-1074,156.93143915078707,-42.21453246580891,156.9166066831718,-42.2151816651655,39.61635236273981,1.2846097727169787,12.079377841330166,21.73397171408048,1.7992625116598855,3730.0,3573.0
MOTION-1075,153.03979509365,-42.79271449320351,153.02507545528974,-42.7947859999526,39.59342950967857,1.2838664705373284,5.006431965300238,6.149599401764166,1.2283397526196826,12141.0,11598.0
MOTION-1076,157.53627327235014,-41.98393345136992,157.54286310321783,-41.97409542086004,39.56483808597523,1.2829393578650434,1.6273208298487103,2.0122700909627134,1.2365540058562339,1992.0,1875.0
MOTION-1077,155.29206533868316,-42.97661665988327,155.29156369933588,-42.98759376116567,39.53964235281686,1.2821223547055993,7.01932313022933,4.408677089521836,0.6280772387490585,9081.0,8686.0
MOTION-1078,155.00425696469142,-44.1730842005618,155.0137978901928,-44.16452096321899,39.462971311743715,1.279636200307912,3.085897298519277,2.51586830642972,0.8152793379212337,14217.0,13449.0
MOTION-1079,154.37541645798515,-41.669145529336326,154.37558458189324,-41.6581933881869,39.430300698596035,1.2785768148161363,1.1748057356338997,1.491543863635668,1.2696089390735423,5848.0,5495.0
MOTION-1080,156.51235659405066,-42.91640798632705,156.52201363183192,-42.9247694620324,39.42371165031262,1.2783631566847597,4.942627610721158,3.233963036155979,0.6543003622488414,6902.0,6629.0
MOTION-1081,153.35549134699593,-43.455454412881565,153.3705190949538,-43.45453881430327,39.40999683028708,1.2779184364925888,4.354614095027361,2.3186583072562765,0.5324601116558201,14289.0,13544.0
MOTION-1082,154.92396532197398,-42.08938846331649,154.91600508869914,-42.09859805929607,39.387957774590454,1.2772037925478332,6.643935258519774,4.738996486412774,0.7132815570916011,6459.0,6167.0
MOTION-1083,155.99473600715342,-43.32902711060476,156.00666411954495,-43.32236362948681,39.38624857757634,1.2771483696969932,3.8855289130049697,7.358124113844509,1.893725224696352,9235.0,8764.0
MOTION-1084,157.15507409441798,-43.60767725488406,157.15596796432257,-43.61859674610429,39.379149703559605,1.2769181798285851,6.598523476972444,9.64840107496487,1.4622060690752865,8434.0,8070.0
MOTION-1085,155.33152935921123,-43.01057997779864,155.32860614409407,-42.99986745195608,39.32545929796484,1.2751772012776916,2.7803645919120155,1.4638179106297544,0.5264841578287791,9139.0,8673.0
MOTION-1086,153.14007284078096,-42.94011059347978,153.15241631863924,-42.94623221435379,39.291126910840504,1.2740639306863761,2.1872671042054748,2.640007528316481,1.2069890884567864,12529.0,11954.0
MOTION-1087,152.5854430171642,-43.214587069043525,152.57192816172906,-43.21928264213444,39.28036694032392,1.2737150251851028,2.323163413398732,2.8920566088766275,1.2448786823160316,14747.0,14088.0
MOTION-1088,154.41568406036518,-42.72562495661725,154.4229595454696,-42.73512312044505,39.23439448180197,1.2722243107207223,5.6895932283301605,7.524372783172914,1.3224799174933712,9566.0,9119.0
MOTION-1089,156.25008831507668,-41.802493368656826,156.24397008217912,-41.81237879166841,39.191988658862265,1.2708492488758139,0.971566111021116,0.5308770478748254,0.5464137147773439,3305.0,3187.0
MOTION-1090,155.55873444647108,-41.56971715847499,155.54857811932874,-41.561928788946695,39.17257010170836,1.2702195778737095,6.24225133016413,3.709020850772615,0.5941799928576557,3558.0,3374.0
MOTION-1091,156.1629513105232,-43.38181238211806,156.17630458207788,-43.386699431594494,39.11659100841645,1.2684043857618215,5.112157464364683,3.830148728002633,0.7492235430347072,9173.0,8731.0
MOTION-1092,155.56882675001728,-42.68018177357481,155.57641635892213,-42.689502909158094,39.10760960777523,1.2681131526131773,38.66347800913768,43.08933160688001,1.1144711708733583,7563.0,7231.0
MOTION-1093,156.58861688523754,-44.55661678776184,156.5864545661756,-44.545865336815496,39.10072824038719,1.2678900156692359,3.7483120996299104,3.6065087290597497,0.962168739741773,12923.0,12284.0
MOTION-1094,156.43539147676935,-44.23024037594905,156.43240812735883,-44.24087149820894,39.037959556339075,1.2658546625854765,1.387804889022502,2.261615413080023,1.6296349947815703,11890.0,11375.0
MOTION-1095,156.16415367752458,-44.05686894817565,156.16830475176906,-44.04645272817326,39.006212457297316,1.2648252231936052,2.79896186873471,3.8121303545044913,1.3619800959374238,11678.0,11079.0
MOTION-1096,156.57691505314702,-43.7047983796315,156.5641892912788,-43.69909191112356,38.97387876387005,1.2637767627451424,0.9965365910461768,1.6721277614376118,1.6779391509168677,9674.0,9207.0
MOTION-1097,155.197904826693,-41.39393564389746,155.18481828089548,-41.39847550029653,38.93704610783522,1.2625824178073697,25.96587507722441,47.341363368372406,1.8232146318033084,3505.0,3365.0
MOTION-1098,153.27639413265956,-42.03850413934009,153.26235563960395,-42.035639920394495,38.926100161049206,1.262227481792963,3.480041249815742,2.3627913114994907,0.6789549726241302,8925.0,8537.0
MOTION-1099,157.00884690375057,-43.98172744973472,157.02228221819496,-43.9865269244648,38.854755717508034,1.259914048982116,4.033209914030199,3.742754220723756,0.9279839880646815,10029.0,9546.0
MOTION-1100,156.68122831346085,-43.09095092002563,156.66645083292423,-43.09102368051307,38.85045210376979,1.2597744989242123,3.884846343107027,2.4252206106449195,0.6242771004181529,7297.0,6973.0
MOTION-1101,157.33721628854877,-41.49017472066296,157.34945031545743,-41.49586184464283,38.82619048600138,1.2589877856245666,0.9907025556515509,0.4961459108050736,0.5008020903698744,636.0,621.0
MOTION-1102,155.78217992213823,-43.81423277869582,155.78495985973805,-43.80364334075364,38.80005556621603,1.2581403281641212,2.6772808697080737,3.320461477189097,1.240236508152077,11360.0,10797.0
MOTION-1103,155.89641891616168,-42.77866118154792,155.882400723225,-42.78180452771884,38.72989422078602,1.255865258789205,8.929900126074202,4.994963995100399,0.5593527278671038,7398.0,7080.0
MOTION-1104,155.209981617082,-42.175263559939786,155.20407985215255,-42.185085524588494,38.705917765339755,1.2550877922345012,10.027088456545126,7.496467224919254,0.7476215311560332,6317.0,6028.0
MOTION-1105,156.36847914335257,-44.16176862370485,156.38249722718172,-44.15796882173652,38.70172583398218,1.2549518636174697,2.278571639299977,1.9206063293463056,0.842899251540037,11746.0,11150.0
MOTION-1106,155.07187868010595,-43.98875999262192,155.0701581389847,-43.97808915093354,38.67269816349717,1.2540106050976842,2.0086141199496623,2.3326199430505903,1.1613081476839602,13279.0,12603.0
MOTION-1107,154.48298700339396,-43.778723613335934,154.4731764163414,-43.77064927956661,38.66882234967658,1.2538849269871513,2.574856574731055,4.250728104618284,1.6508601474481255,13486.0,12840.0
MOTION-1108,156.32720870478846,-44.01035454111375,156.34200633178176,-44.00890997977466,38.66537711353356,1.253773210896328,3.9644257365152966,2.7329723291384296,0.6893740760397479,11212.0,10653.0
MOTION-1109,157.91227958810302,-42.669164273865086,157.8976765109807,-42.66897640363326,38.66040856137542,1.2536120993785345,6.835690377970403,7.236293990255816,1.0586047041534314,3856.0,3690.0
MOTION-1110,157.00876204532344,-41.536918323852746,157.01692522244315,-41.52809577572201,38.63574769133672,1.2528124398246878,2.543873295673764,1.547695773240692,0.6084012815704223,1262.0,1157.0
MOTION-1111,156.27832695889563,-42.273929474451634,156.26825582630727,-42.281638954784704,38.599268049929854,1.251629541827735,1.8289475827204171,1.7247737202438411,0.9430416358233594,4950.0,4720.0
MOTION-1112,155.3037763925444,-44.31190972940875,155.31742121138794,-44.30748331136892,38.5933805797139,1.251438633242645,2.0390959694456776,2.605858166055969,1.2779477793604603,14253.0,13496.0
MOTION-1113,154.5610624475441,-40.5729411571626,154.55086729453467,-40.5655419989452,38.559346712218826,1.2503350425236608,3.01452912147519,4.3740185373049885,1.450979028911991,1641.0,1562.0
MOTION-1114,153.86839748492758,-42.67087944666528,153.87260309439344,-42.68112184398722,38.516115169084124,1.2489332056687183,2.17497427393548,2.218788571549424,1.0201447429236326,10246.0,9810.0
MOTION-1115,155.26238789249717,-42.66523541837654,155.27692334804237,-42.66502985688429,38.48505000471904,1.2479258788616199,2.994644206946207,2.085674698956754,0.6964682796436855,8000.0,7601.0
MOTION-1116,156.35294676340416,-44.46680955152471,156.3499897272501,-44.45633108086225,38.48003359011474,1.2477632153441494,1.729554546110161,2.326222511216337,1.3449836065870873,12972.0,12338.0
MOTION-1117,155.75113090036186,-43.77617508057086,155.7404614670442,-43.76876993653647,38.469954419923646,1.2474363856448925,7.624548234883572,9.450824713834312,1.239525860771032,11266.0,10733.0
MOTION-1118,155.009830343012,-42.69149662286733,155.01184486445348,-42.7020510193984,38.367859914892996,1.2441258436317812,1.4099076346438733,1.1765902112919489,0.8345158096751084,8484.0,8121.0
MOTION-1119,155.5204937801152,-42.9717208705264,155.509196136213,-42.97844332704641,38.35595456127223,1.2437397976508473,6.1097284850981,3.381280109799789,0.5534255929779666,8677.0,8327.0
MOTION-1120,154.70940074421785,-44.04191040388903,154.69657945417964,-44.03656661539598,38.35390520471597,1.2436733447014228,3.671845228250056,2.370901699876894,0.6456976131880234,14205.0,13502.0
MOTION-1121,157.82147960069668,-42.18672889633245,157.81908278812895,-42.19723225868528,38.34871487859619,1.243505041885555,0.8557940305255296,0.7131086039513435,0.8332712995362151,2261.0,2200.0
MOTION-1122,154.55945310816065,-43.36758029334975,154.54549882840357,-43.37080443177569,38.31851228246845,1.2425256849323487,4.332121590960359,3.2879564691735177,0.7589714185387472,11720.0,11201.0
MOTION-1123,156.2401738547882,-43.75486839908993,156.25222527338022,-43.76098721294397,38.30334334603048,1.2420338131968716,1.2934948744727297,1.2436663746717298,0.9614776209907198,10396.0,9916.0
MOTION-1124,155.06395139244162,-40.39830251114109,155.06618847920802,-40.40879626976833,38.27208236778633,1.2410201368798441,0.5904862663907509,0.5542628158105144,0.938654880490877,326.0,343.0
MOTION-1125,154.45392002924865,-42.57075855425161,154.45860535872208,-42.58080244765732,38.23187431058755,1.2397163403377853,2.001139892746607,1.6216423001092188,0.8103592887169324,8927.0,8556.0
MOTION-1126,155.31730702888683,-41.16035468152666,155.32310435127917,-41.15067827915776,38.21524999983752,1.2391772762700328,7.570437361551571,14.472625672314626,1.9117291354681314,2463.0,2329.0
MOTION-1127,154.00042403203443,-42.67112142593669,153.9873454982777,-42.67561607401706,38.21159842480427,1.2390588693826303,4.448356555922705,6.919690135117073,1.5555610365594332,10043.0,9614.0
MOTION-1128,156.04442460623994,-42.45526314292917,156.0434521073985,-42.44467670260136,38.19863499546696,1.238638513973274,1.8823622748854163,1.8309476290219624,0.9726861048218873,6006.0,5674.0
MOTION-1129,153.53029520601757,-42.24459087484041,153.51907488181672,-42.25119125802133,38.19238469876809,1.2384358402856959,1.878409482295193,2.9031930643489283,1.545559204056813,9268.0,8863.0
MOTION-1130,156.7109658228046,-41.18994564290588,156.71836089526175,-41.19897281968054,38.17614047832215,1.2379091011214247,3.091889246097868,2.333569527688913,0.7547390420384573,525.0,541.0
MOTION-1131,155.97904213242242,-44.11798468684063,155.96569928127744,-44.1225248576273,38.160363007906106,1.2373974969106276,4.544958057542626,8.1414270830085,1.7913096182477022,12229.0,11691.0
MOTION-1132,155.2875276636849,-42.91251700812573,155.29195814690337,-42.92259067430736,38.09986422263008,1.235435748133469,3.4697487213023064,5.365260329511211,1.5462965074593238,8834.0,8466.0
MOTION-1133,156.5949115063337,-42.18371255470085,156.60677692239645,-42.18960326609929,38.09820864970002,1.2353820641106208,2.848756523464248,2.914156704062759,1.022957448297119,4151.0,3954.0
MOTION-1134,157.40032181871797,-43.50024901233388,157.41489376132512,-43.49994699984417,38.067876917013805,1.2343985197429976,3.069681932028201,2.7047997563098893,0.8811335559195129,7679.0,7291.0
MOTION-1135,156.05751288682072,-41.59285906496515,156.05146029583028,-41.583305710817136,38.05795423571637,1.2340767643918356,1.309660369240782,1.109381400486821,0.8470756438403463,2833.0,2708.0
MOTION-1136,154.8905870473625,-42.59739176350034,154.90254024750385,-42.59155371949324,38.01604980964859,1.232717960967586,4.040397249230646,3.1210496528471183,0.7724610874441651,8346.0,7913.0
MOTION-1137,153.53042534284037,-43.68115948262278,153.54494332211524,-43.68008161298892,37.996545693506796,1.2320855156082922,3.6508866272556846,3.4917996977457912,0.956425124701975,14916.0,14182.0
MOTION-1138,155.88601967390096,-42.985101565870885,155.8995413126821,-42.981431329002746,37.982681179305025,1.2316359413952378,1.4944110784769324,0.8826381956868875,0.5906261057609737,8184.0,7745.0
MOTION-1139,155.0010075695224,-43.45413815278533,155.00727550208873,-43.44463282434877,37.9381717811047,1.2301926684916056,14.499648105437672,19.297195086202887,1.3308733388478604,11284.0,10719.0
MOTION-1140,155.25830689166975,-40.75183425068305,155.2444036981607,-40.752083052368846,37.926722164597116,1.2298214003565477,2.90984353979502,3.843801074051578,1.3209648633968647,1203.0,1160.0
MOTION-1141,156.1627505167181,-41.22419679589996,156.17200306873846,-41.232094698598814,37.89438294074109,1.2287727605770156,0.7120329023467126,0.9791481318201573,1.3751445032850145,1451.0,1385.0
MOTION-1142,156.50898120186133,-41.44132965083418,156.50545441211057,-41.431142197151686,37.889891956460474,1.2286271347949351,4.048392730145351,2.2113750180709504,0.5462353001487468,1658.0,1554.0
MOTION-1143,156.23030865452048,-44.3814543973748,156.23177550074894,-44.39192220234519,37.87258000814079,1.2280657732189724,9.359635914182812,10.898030602754051,1.1643648003700746,12849.0,12274.0
MOTION-1144,155.752537751912,-43.16355410825635,155.76673205083767,-43.16179577919616,37.80638128560987,1.22591919684753,3.736152168410544,3.2309677111468686,0.8647848282157646,9011.0,8576.0
MOTION-1145,156.34087698851047,-44.4089156495272,156.34265207437522,-44.39850004351057,37.77309392799024,1.2248398126449016,3.3317026900336404,2.057030648447595,0.6174112277787983,12757.0,12120.0
MOTION-1146,154.9526288450185,-43.19068027730477,154.9651728770067,-43.185541699862426,37.766395922249785,1.2246226214317097,2.117250548284848,1.6553861905293776,0.781856541196969,10385.0,9863.0
MOTION-1147,154.8242546059234,-44.2516530639059,154.83217734083632,-44.24283750838117,37.74398020632834,1.223895763808083,5.044510101943067,8.69366009680182,1.7233903632095326,14896.0,14136.0
MOTION-1148,157.34540998291922,-41.34581790816185,157.3353832585433,-41.338531314342994,37.71640513432796,1.2230016076108965,0.268525229848229,0.164379609420469,0.6121570383288627,116.0,108.0
MOTION-1149,155.19869476054257,-44.04772853196117,155.2042507301922,-44.03805451123344,37.67751025559159,1.221740392522847,1.424384556058819,2.826521373831042,1.984380806298438,13293.0,12609.0
MOTION-1150,156.67912753140664,-42.82945860627224,156.6785941599936,-42.8190045669068,37.66088245528838,1.2212012153019682,1.7892085494114705,2.038439238777338,1.1392966121516954,6362.0,5988.0
MOTION-1151,153.08320228042095,-43.1341913275736,153.08286189992577,-43.1237337963392,37.657732800809306,1.2210990838162765,2.124867691589408,2.768837141206954,1.303063316443884,13416.0,12740.0
MOTION-1152,155.4237651548501,-41.42622390240029,155.40995827928916,-41.427668082995424,37.629513531149605,1.220184038704302,0.9455137630291784,0.8956040592211691,0.9472141963876742,3250.0,3120.0
MOTION-1153,157.609257558428,-42.26727574549551,157.6062235395283,-42.25707768053879,37.592405927692226,1.2189807782524817,1.975967925484376,3.932706880215979,1.990268581536788,2843.0,2710.0
MOTION-1154,155.85027584320125,-42.64252137176995,155.84296350248488,-42.65146938477084,37.58433341244692,1.218719016849524,12.151382656618404,13.930594084738722,1.146420492087067,6958.0,6698.0
MOTION-1155,155.4002642915955,-44.2516650141905,155.4147492146195,-44.25061138083242,37.5434619066795,1.217393707157866,2.722548685918908,5.301802449536915,1.9473673609430655,13798.0,13108.0
MOTION-1156,154.63019954887915,-41.72060054951667,154.64397260039811,-41.71885336114222,37.53988305832252,1.2172776585238991,2.4437807190614174,1.906972163493473,0.7803368561750024,5626.0,5293.0
MOTION-1157,153.09881433079588,-43.36132330048684,153.08585480205727,-43.35687073223747,37.51734708159883,1.2165469012933519,4.278063314198249,2.559177263187117,0.5982093006182476,14383.0,13672.0
MOTION-1158,156.31832347150342,-43.27210490328005,156.31952004688767,-43.28247707876638,37.4713042002021,1.2150539032791805,2.224366237626817,1.5808707068358805,0.7107061238811627,8503.0,8156.0
MOTION-1159,156.22762697620655,-42.03252911324774,156.23394777000337,-42.04181809697222,37.46832853161029,1.2149574135034837,1.8685589939849176,1.7699694153972647,0.9472376419984475,4176.0,4003.0
MOTION-1160,156.5406375300612,-41.47786525843632,156.53074036821988,-41.47056390786054,37.46407794477596,1.2148195829092592,0.7496924315245357,0.5762943073836323,0.7687076501648951,1729.0,1650.0
MOTION-1161,154.84879905812056,-43.03812914449516,154.86279819907193,-43.03625271849103,37.44992271037744,1.2143605817302274,2.0756935218083585,1.1627098799954267,0.5601548917406968,9998.0,9497.0
MOTION-1162,156.07991477104838,-42.25717687643,156.0669297459984,-42.2611345773091,37.41616523555646,1.2132659533893795,0.5888819458733964,0.9812592513879678,1.666308940636004,5220.0,4972.0
MOTION-1163,156.29814933584083,-43.8027937529404,156.31245183207955,-43.80397707424316,37.403972841592875,1.2128705997663343,1.9931684694973064,3.617706513987601,1.8150530521386465,10482.0,9986.0
MOTION-1164,154.43555535845127,-42.205222916183246,154.448236568983,-42.20080438858439,37.37206144823552,1.2118358329258003,4.350072442030453,2.7255718014010104,0.6265577959269143,7660.0,7259.0
MOTION-1165,152.92024075123172,-42.92486246788132,152.93215306584565,-42.93048753605365,37.363945376741384,1.2115726591569997,21.45487644854316,12.723055675317005,0.5930146326328964,12874.0,12267.0
MOTION-1166,155.4446796328853,-43.08935328155248,155.45770160031168,-43.0934383601552,37.259248703558086,1.2081777385870607,2.1861696241281763,2.3633902730856087,1.0810644549267792,9234.0,8799.0
MOTION-1167,155.76850675571418,-44.35653691906863,155.7581491346743,-44.3637548679581,37.22770817166367,1.2071549973932914,2.9576765798379445,3.5486161839520967,1.1997985878991984,13556.0,12974.0
MOTION-1168,154.60445981021496,-41.787049876032114,154.6009881890689,-41.79704180158407,37.158215044982114,1.2049015958470208,6.942102751307707,4.313802362022783,0.6213970775944188,5903.0,5641.0
MOTION-1169,153.898219006234,-41.63713976277176,153.909382397768,-41.64321163248933,37.14622785006809,1.204512896059796,2.901427685428513,1.573959117502386,0.5424774587376722,6484.0,6155.0
MOTION-1170,154.87084863326967,-42.50395267894235,154.8697559264598,-42.51422749670175,37.102838582268014,1.203105944785316,3.2517507445328317,2.1759120150217592,0.6691509239077196,8042.0,7692.0
MOTION-1171,156.6911252048175,-43.424680398296665,156.68158495394115,-43.43228222124508,37.027722392043216,1.2006702083710066,2.347788742990037,2.3286931043987087,0.9918665430829995,8487.0,8128.0
MOTION-1172,153.13597201073063,-43.00001563793851,153.14773321412895,-42.99439883868023,36.984227446511035,1.199259830363894,4.220255185693081,5.909994981308895,1.4003880621589266,12787.0,12142.0
MOTION-1173,157.45973656348363,-42.98363450492717,157.47288500223425,-42.98004001233434,36.96720892068769,1.1987079833793524,4.688902205580036,2.9194808553428766,0.6226363287911066,5730.0,5384.0
MOTION-1174,154.3909723021307,-41.83241884971264,154.37721247424597,-41.83187188902513,36.961393922997196,1.1985194248065405,6.163347627820477,8.275733898556,1.3427335919201622,6392.0,6076.0
MOTION-1175,155.4124690805386,-42.88320570479622,155.41220149848476,-42.8729505035132,36.925472655246786,1.1973546327737445,1.8184706622753175,1.9059143677951211,1.0480863988261389,8539.0,8095.0
MOTION-1176,156.31497663263278,-43.16518358448329,156.32894838571534,-43.16634727703424,36.924874065652865,1.197335222757518,6.269336289138752,3.7958553550828578,0.6054636695209585,8154.0,7736.0
MOTION-1177,154.60188911051017,-41.495287414064826,154.6154603548826,-41.49392891077132,36.919739877839476,1.197168740296446,128.40270422518762,122.38807254658634,0.9531580606896484,4814.0,4546.0
MOTION-1178,155.3950531533566,-43.526991376142746,155.39997497897963,-43.5366008638136,36.902180030228045,1.1965993402759059,2.7373195220244546,1.706585296126143,0.6234512567476939,10902.0,10418.0
MOTION-1179,156.40037966602355,-43.95736471417442,156.38643416065375,-43.95529458543109,36.90056265589488,1.1965468948903364,2.817506015032868,2.3583498632128617,0.8370345442493581,10887.0,10392.0
MOTION-1180,155.5320349522185,-42.19464303848028,155.5182810667458,-42.19553662892856,36.82382406456327,1.1940585500910348,2.952319729436928,3.3139073093071483,1.1224757522923112,5883.0,5619.0
MOTION-1181,155.94562537759737,-44.44723245028705,155.93145669636243,-44.4457345833604,36.81141192083276,1.1936560708069608,2.9157270264480637,5.142687560252842,1.763775385557152,13622.0,12992.0
MOTION-1182,155.9652087612831,-44.4326098713834,155.97884026601733,-44.43562459771248,36.68339053710877,1.1895048173260052,5.532336645938905,9.085690010429891,1.6422879864151758,13516.0,12868.0
MOTION-1183,157.21050566568076,-42.95473191599806,157.20115925489628,-42.94718893843102,36.659171511151165,1.1887194851190932,5.351250078727553,4.728825267494946,0.8836860916467185,5999.0,5681.0
MOTION-1184,153.2636050536726,-42.64979702614817,153.27722243920198,-42.65163577882879,36.65859940288855,1.188700933793154,1.6953860790972413,2.138115513886691,1.2611378259193884,11189.0,10647.0
MOTION-1185,155.80855744375535,-41.69698814203009,155.81107825441498,-41.7069950619204,36.656530920629635,1.1886338606689006,3.1705140247724555,4.6956732009971125,1.4810447657092816,3620.0,3482.0
MOTION-1186,154.50223042403272,-43.970131930827314,154.49063016657777,-43.97596110431348,36.6552940345512,1.1885937530908592,8.06567807205321,6.564433317890812,0.8138724679126402,14300.0,13624.0
MOTION-1187,156.15649564609097,-44.39689064580304,156.16330367421105,-44.38794835554584,36.64768912574463,1.1883471544115036,4.097530759861562,3.502769538711661,0.8548488697202615,13032.0,12382.0
MOTION-1188,156.37726638342062,-44.795215903450575,156.38080675901475,-44.78535225168264,36.64309011176605,1.1881980256313562,6.613896283389073,6.30568703998667,0.9533997465039667,14339.0,13574.0
MOTION-1189,156.7374677850806,-42.98712153191673,156.72356673669003,-42.9867768710309,36.6284941188974,1.187724732307683,0.9505641834029328,1.1885226676886846,1.250333947397305,6817.0,6552.0
MOTION-1190,152.52702931160485,-43.09829766629764,152.52119169489427,-43.08905976429697,36.62647543854374,1.1876592740724936,3.353386838320465,2.788141647715268,0.8314405054180094,14370.0,13630.0
MOTION-1191,154.2628750183808,-42.44265938673096,154.25532215995645,-42.43415730298781,36.59896679167784,1.1867672717933693,3.820646299773922,2.35287807443351,0.6158324769745727,8774.0,8371.0
MOTION-1192,156.99052862453036,-42.34478998867787,156.9771917497458,-42.34230938967887,36.593518464527875,1.1865906029714213,1.6826283713404648,1.6838983827671905,1.0007547783267876,4116.0,3933.0
MOTION-1193,155.55037300354834,-41.63001374525387,155.56397136565465,-41.63000015580373,36.59079092369777,1.186502159048726,78.73225888384532,143.4495812034365,1.821992449309367,3790.0,3593.0
MOTION-1194,154.00164945600542,-43.078299387684936,154.00460697692583,-43.08821857611961,36.54596891573032,1.1850487493824202,8.945390574295068,5.743504854118034,0.642063061016276,11569.0,11057.0
MOTION-1195,157.40164852222904,-41.8382432238569,157.39076303846218,-41.84434315039614,36.53162768629794,1.1845837170817952,3.2731434941654767,3.8046571479549143,1.162386297678939,1695.0,1659.0
MOTION-1196,156.32514052365073,-44.29193497275806,156.33793286747826,-44.287565343981775,36.52608362070128,1.184403943820975,12.324368564798956,12.23893865024454,0.9930682116406011,12335.0,11705.0
MOTION-1197,156.01826192452535,-44.1292006567557,156.03075184412165,-44.133951016046986,36.523421715760364,1.1843176282240762,6.13922694424202,10.089638107772323,1.6434704563634666,12199.0,11617.0
MOTION-1198,154.24479956787627,-40.83250488502837,154.25793562287964,-40.8304987095153,36.50275646969925,1.1836475317749473,0.1585763548937535,0.1520286990806623,0.9587097596140476,3009.0,2844.0
MOTION-1199,155.4932284919978,-43.885941369141015,155.47917884267733,-43.88633164502574,36.4801164155857,1.1829133997048666,4.261049983096662,2.850486315528756,0.6689633604009505,12139.0,11587.0
MOTION-1200,155.28884291193964,-42.58678629691342,155.29025547212598,-42.59686365937053,36.47115620967689,1.1826228538219288,3.669044395329845,2.7014594944631845,0.7362842210090851,7673.0,7338.0
MOTION-1201,154.94340567814203,-42.75352097423304,154.93279600991758,-42.75999036637359,36.454014724748276,1.1820670197346166,5.49854520783369,4.5477732850620605,0.827086640768711,8809.0,8449.0
MOTION-1202,154.37579412433783,-43.98929872494582,154.36316303979717,-43.99374349837907,36.4180103713235,1.1808995335449155,30.05153882693426,19.747215590416808,0.65711162759885,14620.0,13959.0
MOTION-1203,156.384133889009,-43.64040224460975,156.38442096047842,-43.65050919829391,36.39271771640483,1.1800793875761757,6.570966197054205,3.861227990229541,0.5876195181099162,9744.0,9312.0
MOTION-1204,154.40759342337446,-40.63403503398859,154.40834175419144,-40.644127590780855,36.39066914366828,1.1800129600430855,0.8976569017754495,0.9036024837357446,1.0066234459385712,2070.0,2023.0
MOTION-1205,152.36019884835645,-43.15414028351108,152.36657730708194,-43.145178789876894,36.35175061715643,1.1787509781463401,4.623846211627381,3.051225167053768,0.6598889814676334,14942.0,14177.0
MOTION-1206,157.07479715917108,-43.34478620166334,157.07298165717756,-43.334777885479895,36.342150715652124,1.178439689333664,5.231640561083458,5.306118884636977,1.014236131608035,7621.0,7223.0
MOTION-1207,157.27130622908524,-42.19866108573888,157.2659373155599,-42.2079355380327,36.32841586406797,1.177994319593152,0.6271588960584439,1.1951286032785489,1.9056232970458842,3128.0,3024.0
MOTION-1208,153.20427615128685,-43.12570804158105,153.19922558441786,-43.11632815105183,36.28192572655682,1.1764868187400965,6.8624157392039065,4.645534748447124,0.6769532661665938,13169.0,12505.0
MOTION-1209,156.74923041798718,-44.4012425262567,156.73539562221666,-44.40313866133222,36.23199334356177,1.1748676987720799,49.73329094363637,31.78007547034957,0.6390101050494829,12043.0,11502.0
MOTION-1210,156.6037088648797,-44.573492346277966,156.5904039486957,-44.576868297969234,36.21891992687923,1.1744437768854958,1.6744087590074404,2.057013148367479,1.2285011872410652,12966.0,12404.0
MOTION-1211,155.15603881941277,-44.085745069291846,155.1676257083779,-44.09139370429926,36.21005689417655,1.1741563819652994,5.312946459865025,8.30419533631143,1.5630112968468342,13533.0,12909.0
MOTION-1212,153.77670658990644,-41.51204149552844,153.77511314888753,-41.502088796884834,36.08632226377234,1.1701441318220913,2.964187973409615,5.006158624830711,1.6888802834836008,6239.0,5863.0
MOTION-1213,155.12483098335088,-43.75710071269722,155.13848886893064,-43.758850343687065,36.066991153773664,1.1695172964033638,271.488169620307,270.53885021392045,0.9965032752340028,12276.0,11672.0
MOTION-1214,154.9169265990512,-44.01366183708653,154.93064100367383,-44.01541345184539,36.06203594251657,1.169356617480972,126.96251286883758,136.5004051517388,1.0751236886178728,13679.0,13015.0
MOTION-1215,152.88732194996734,-43.22778454692061,152.89194352030577,-43.21835115530381,36.05940849828708,1.1692714193157403,2.189143454902952,3.140273008449488,1.4344756628060729,14213.0,13464.0
MOTION-1216,153.41379571413054,-41.72703557647071,153.40613864057278,-41.71881732292756,36.0361977512355,1.16851878181339,3.087627338797693,4.219341043601142,1.3665318319289572,7603.0,7233.0
MOTION-1217,156.22373043773007,-44.81395042909155,156.236825208563,-44.81022516283304,36.031754865901085,1.1683747156997966,8.13121668801953,4.422382728966078,0.543877121794329,14703.0,13962.0
MOTION-1218,155.44780528664992,-43.612340382211805,155.46118584290048,-43.6098499694173,36.010831299839175,1.1676962429015665,8.33311980953799,14.691737756794414,1.7630537052855553,11140.0,10592.0
MOTION-1219,157.22367202086662,-43.44899443140338,157.2189240734796,-43.45837799213636,35.987544610303,1.1669411428691734,1.405490632559772,1.3975610327247248,0.9943581268694723,7768.0,7420.0
MOTION-1220,154.82069174013836,-41.056432548648914,154.82394588625488,-41.046751299275776,35.954749019176596,1.16587770481013,5.595045726664547,5.752808503739653,1.0281968700136352,2877.0,2719.0
MOTION-1221,153.33796551365995,-43.48374699309873,153.3465869156064,-43.49153309202142,35.95473079094851,1.1658771137370367,12.31861384154226,7.759955389596259,0.6299373849537547,14442.0,13756.0
MOTION-1222,155.02214267252145,-42.29875371327565,155.02408041569595,-42.288886836473694,35.893600742180745,1.1638948954516501,5.42555155599177,4.097925187471327,0.7553011237992452,7039.0,6688.0
MOTION-1223,155.9214958536237,-43.71431256636676,155.93524899172175,-43.71355368673339,35.8908497930344,1.1638056924850246,3.3403565888189286,2.2066283072460804,0.6605966305011443,10751.0,10231.0
MOTION-1224,157.7664253306229,-42.81217858583593,157.77986896345644,-42.81362362736044,35.88208051666912,1.1635213377313272,1691.105813368566,1676.424804828475,0.9913186931154548,4588.0,4340.0
MOTION-1225,155.6929139654157,-44.59997573247703,155.69294161347224,-44.60994248406285,35.880375687562164,1.1634660565153396,6.50659344400628,4.034695781279428,0.6200934200055321,14764.0,14094.0
MOTION-1226,157.11101272211974,-42.19898885985571,157.12081769735707,-42.192166484491175,35.87588300623687,1.163320375704463,5.03898004114039,3.4144625767978547,0.6776098632899358,3396.0,3188.0
MOTION-1227,157.3305536846308,-41.30849461420111,157.3436705510753,-41.309982463680434,35.872344240816446,1.1632056268098447,742.7173082563384,734.7975431625366,0.9893367705239093,8.0,5.0
MOTION-1228,155.64143859841607,-44.27494363920623,155.6528586639595,-44.26927834749807,35.81251643255352,1.1612656353015132,2.421305244313872,2.3248115428935385,0.9601480640877739,13440.0,12760.0
MOTION-1229,153.29692856246868,-42.07412388688872,153.2848957785757,-42.07849872486444,35.803003254453785,1.1609571586036935,0.815801299550196,0.93479032638766,1.1458554024160912,9038.0,8651.0
MOTION-1230,156.31401033442148,-44.72101706944962,156.30009922125654,-44.71992202058,35.8019553321855,1.1609231784135297,3.867179392317357,2.9741835217583388,0.769083411973836,14122.0,13453.0
MOTION-1231,156.85362383712496,-44.15659049926614,156.860804272843,-44.148085008250106,35.79880598906907,1.1608210570241608,8.921125299430027,9.120530266956669,1.022351997179031,10906.0,10353.0
MOTION-1232,155.9711856526443,-44.55138758584034,155.9659697146409,-44.54217942070175,35.7486532055032,1.1591947902919852,2.53544547144735,1.476722951053909,0.5824313587824577,14021.0,13311.0
MOTION-1233,156.7292776021972,-44.440974195927005,156.7382344405515,-44.448558526766,35.713004200455,1.1580388267178217,3.389717079763764,4.499263327548617,1.327327095942231,12238.0,11665.0
MOTION-1234,155.90765122955327,-40.689524043511774,155.89460170220653,-40.68912025281177,35.6512175075702,1.156035315925689,1.5787809790810736,0.8736057915434589,0.5533419791084254,30.0,54.0
MOTION-1235,157.5154051026129,-42.29313974322536,157.52818691092196,-42.29604092305606,35.603065917075206,1.1544739403816873,3.29965602958684,4.272706835146608,1.2948946183586314,3086.0,2938.0
MOTION-1236,158.21405535311973,-42.21891711606791,158.21694412769972,-42.22857147499809,35.598681360371685,1.154331765646901,6.17861786124251,4.18626770499973,0.6775411263511736,1810.0,1774.0
MOTION-1237,155.5169206823613,-41.87254745162668,155.5063352477886,-41.86658909344786,35.572235231567234,1.1534742168447885,1.8179201832366172,2.0905155103459254,1.1499490074553111,4712.0,4458.0
MOTION-1238,155.69353097126807,-43.76350416808682,155.70719754426355,-43.76395879878933,35.56958271086254,1.1533882055434859,2.70532309769322,4.218171197582825,1.55921161549228,11311.0,10765.0
MOTION-1239,156.87137361350855,-41.51669220427912,156.8640927169866,-41.50845546495624,35.5595983835443,1.1530644512429995,0.2944891765252143,0.4144823642699973,1.4074621320913272,1399.0,1306.0
MOTION-1240,155.28640683152483,-43.54007247269811,155.27984229428688,-43.5314194467616,35.55120641938369,1.1527923313094353,8.2223149235837,15.180408524133632,1.8462450861122266,11131.0,10590.0
MOTION-1241,154.9761745449467,-42.253632835841856,154.983414395349,-42.26191973785274,35.526232740862866,1.1519825285493328,0.8893455476362162,1.669384185236476,1.877092868653267,6942.0,6661.0
MOTION-1242,156.42327864473918,-42.527798969990414,156.43665490487703,-42.52742896435761,35.512554750655994,1.1515390026100945,2.222217007014317,3.460088292400905,1.5570433857176458,5688.0,5352.0
MOTION-1243,155.96531319181318,-41.9879359687911,155.97734426517255,-41.99209879077002,35.509325283064676,1.1514342830844175,1.7848504979326825,2.483620935015269,1.3915008219971046,4417.0,4179.0
MOTION-1244,154.48936762123543,-44.10484716403832,154.49391558204022,-44.114151663806815,35.49919662572614,1.1511058487025125,2.8842051790902663,4.010465341618619,1.3904923861497247,14895.0,14232.0
MOTION-1245,155.25212642882906,-43.23083662870952,155.263175889464,-43.23652117236477,35.477952533918454,1.1504169824561008,7.888502361874955,9.534071946038315,1.2086035483891568,10056.0,9595.0
MOTION-1246,154.9545038585956,-41.85869315998801,154.9640487711105,-41.86551502955691,35.46870517551358,1.150117125294342,1.0813490096133125,1.6149740674094262,1.4934808771748325,5612.0,5307.0
MOTION-1247,155.78123701585713,-44.35829549011548,155.79238241277625,-44.352517511584615,35.436210480642075,1.1490634441726886,5.112095843105911,9.349233012927517,1.8288454089795165,13535.0,12855.0
MOTION-1248,155.74298301751995,-43.738363820451845,155.74205153357067,-43.72854802553548,35.41983538099721,1.1485324610867045,47.5869796681026,78.78901840821679,1.6556843690802427,11132.0,10572.0
MOTION-1249,154.69701373826624,-43.09306384286132,154.7104711445388,-43.093284647130574,35.386797713095085,1.1474611733854478,2.785127392962154,4.2411757732725945,1.5227941759467756,10440.0,9938.0
MOTION-1250,155.923950685251,-41.839430582131534,155.91196822560778,-41.84352513232734,35.35596401879517,1.1464613522847074,3.051619901956083,2.2669952943575584,0.7428825893108177,3950.0,3803.0
MOTION-1251,154.96761313222254,-43.0725510987336,154.9810056528095,-43.07174282990996,35.33937383743421,1.1459233949050804,2.861027904958984,3.6371084950070993,1.271259357066369,9927.0,9430.0
MOTION-1252,156.242391421738,-42.466937959134114,156.2306858585471,-42.4622927470146,35.29899469785394,1.1446140508028328,1.4842269038836484,2.3407461977677664,1.5770810996909825,5751.0,5438.0
MOTION-1253,154.72334501963144,-42.43591015879815,154.7235486909652,-42.44570844892884,35.27799438958495,1.1439330895425581,2.600469511130155,4.657037359259701,1.7908448221858861,8035.0,7678.0
MOTION-1254,153.8520438816763,-41.92901957644198,153.8395134395489,-41.932031464041415,35.26767079469134,1.1435983340666256,2.34614437593979,1.698119910410557,0.7237917358476051,7625.0,7283.0
MOTION-1255,156.62359142858404,-43.25331332621842,156.62546085496953,-43.24361239212899,35.26571982663255,1.1435350714872836,4.692478057645422,5.889735596668258,1.255143982415038,7983.0,7556.0
MOTION-1256,156.17325175540006,-43.19763847767503,156.1643613552024,-43.20498098054613,35.25641018603099,1.1432331947474026,1.2615536967643746,1.164236121534939,0.9228589512447746,8471.0,8112.0
MOTION-1257,156.35980227617512,-43.57537980316644,156.35805465192644,-43.58508518380528,35.23536837215702,1.1425508876159762,1.918117417942797,2.7899805973472454,1.4545410886991117,9555.0,9130.0
MOTION-1258,157.97892362167326,-42.06596032674067,157.966519979513,-42.0692719631004,35.22713299249855,1.142283845130731,1.2375768913890737,1.666955812755176,1.3469513081196607,1636.0,1598.0
MOTION-1259,156.76652226279944,-43.96344131729917,156.77731167364263,-43.957510727220914,35.178685967045894,1.1407128897387326,3.0815221615667285,2.769914723478011,0.8988787288389034,10323.0,9815.0
MOTION-1260,155.21893909015674,-44.085195170713874,155.22209437490577,-44.07576286556031,34.92297667258719,1.1324211960555666,3.4809498971980304,3.7649433263766,1.0815850378677292,13411.0,12735.0
MOTION-1261,158.11250226830066,-41.89588458199569,158.0995081739777,-41.89644005160149,34.87742148494351,1.1309440121212861,5.742299342122979,6.49175272847676,1.1305145102513414,891.0,883.0
MOTION-1262,155.18027711245531,-41.64767563913801,155.18675768467278,-41.65606221801171,34.86283767405401,1.1304711138135226,1.9805470095594564,2.795481829784297,1.4114695668880441,4435.0,4225.0
MOTION-1263,153.67217366658906,-43.69420855678717,153.66466439473487,-43.702223971842855,34.85168243992795,1.1301093913953637,2.9470162650947263,3.4522852917098907,1.171451047827496,14697.0,14031.0
MOTION-1264,155.3741114330653,-43.53420508806465,155.36321647337545,-43.52861737266583,34.83151935060773,1.1294555780065954,6.486463986749043,3.875025492711314,0.5974018356730971,10974.0,10446.0
MOTION-1265,156.1584478650747,-44.02091175612862,156.16129077119444,-44.03036322462031,34.811968509711214,1.1288216175386923,3.921406286205674,2.3937003161194674,0.6104188501303178,11544.0,11040.0
MOTION-1266,156.9975365171535,-43.17970314448469,156.9876243156066,-43.18610328922525,34.75475509797904,1.1269664011076421,0.9121274816985946,0.9257533676955554,1.0149385763178478,7107.0,6826.0
MOTION-1267,156.01253989927162,-41.42465825797358,156.01798936361757,-41.41591524295418,34.74311477288454,1.1265889490081382,0.7589216419155207,0.5597528844377342,0.737563476283159,2322.0,2181.0
MOTION-1268,156.12012625643345,-44.10350626065553,156.12917672310047,-44.09637545513179,34.73400961142265,1.1262937027600988,1.5990240578513772,2.618569965004982,1.6376051080329446,11929.0,11315.0
MOTION-1269,155.60768317376497,-41.717179001046894,155.5957545512188,-41.720849139427216,34.66976526018022,1.1242104993219775,10.319868590883791,8.089051757666445,0.783832825624546,4005.0,3865.0
MOTION-1270,154.18459158602784,-42.0458544137993,154.19745669011618,-42.04480253227856,34.60159472842805,1.1219999845704345,0.5852397370872764,1.1362916893793014,1.9415832818095997,7497.0,7107.0
MOTION-1271,155.9675727445218,-44.14792152281223,155.97343328048004,-44.13928043754428,34.59646566858884,1.121833668390339,9.146997170253606,8.344392218707373,0.9122548158037771,12380.0,11731.0
MOTION-1272,154.5555847742081,-41.26567703831121,154.55638481175166,-41.27525002935882,34.530687558442864,1.1197007309015294,2.6901942646286736,3.986569679035784,1.4818891451268663,4072.0,3930.0
MOTION-1273,157.22327392660705,-43.82244151935208,157.21094366530787,-43.81886399733184,34.51963954192875,1.1193424851485327,3.314857373797529,5.190620728339596,1.565865478668597,9120.0,8690.0
MOTION-1274,152.7774340555044,-43.03826002383992,152.76855714933137,-43.03122632937978,34.44981947065283,1.1170784820148871,6.373807795227066,7.799143960963676,1.223623964124546,13606.0,12959.0
MOTION-1275,157.56250297132593,-42.5552652922721,157.57472057433807,-42.558502982086345,34.431278115102124,1.1164772553718645,2.7516120810486746,1.6885601473564045,0.6136621360932798,3980.0,3793.0
MOTION-1276,156.36111073453006,-44.60326261343624,156.34998427034498,-44.59796091987032,34.31726917316671,1.1127803728409755,6.991534050739613,9.67888243109225,1.3843717789042806,13518.0,12889.0
MOTION-1277,156.09451917443192,-41.0180582267209,156.0819449378567,-41.01897602611761,34.31347563715492,1.1126573626912961,2.0838652149057597,1.981199490277809,0.9507330301914014,862.0,858.0
MOTION-1278,154.9843846506095,-40.73002040813194,154.97771027295389,-40.721945962457525,34.30047325582817,1.112235744214966,2.1312273145479765,2.966122420823363,1.3917438091076944,1545.0,1453.0
MOTION-1279,154.58867674234364,-41.01732097121798,154.57766933314568,-41.02198704468848,34.2934589479906,1.1120082965106826,4.2914894354634034,5.137946615230127,1.197240886292738,3112.0,3014.0
MOTION-1280,154.68982680489856,-43.2096603097089,154.6771262943843,-43.21190164884423,34.28684703467631,1.111793896952083,4.55543801911331,3.17413994672034,0.6967804047388112,10884.0,10396.0
MOTION-1281,156.22034164040528,-43.04184475907604,156.2233073512078,-43.03257325311213,34.27752326096382,1.1114915619284038,1.0492066125909216,1.445152204396045,1.3773761879248656,7848.0,7427.0
MOTION-1282,157.80737355431907,-41.58751651646559,157.80576446229597,-41.57807332562583,34.270505932122795,1.1112640162643053,13.095656572192995,8.46001924794065,0.6460171890811839,294.0,235.0
MOTION-1283,157.2645337566801,-43.33558132403147,157.26449292518524,-43.34509319594851,34.24290578387829,1.1103690469385408,4.196366825072369,2.2825128857480728,0.5439259676038234,7273.0,6966.0
MOTION-1284,157.1544137856494,-41.89753679281667,157.1437324764767,-41.9027500151872,34.225271981533574,1.1097972488432803,0.4264189239873174,0.7762877068733793,1.8204813698569995,2242.0,2176.0
MOTION-1285,154.955123340873,-44.182926869823135,154.94923368812394,-44.174410851875365,34.22154555450754,1.1096764147863958,2.803594358432068,2.457466952438805,0.8765415528276218,14350.0,13606.0
MOTION-1286,156.5014873743713,-43.29240294341426,156.4904485095239,-43.2974635648748,34.18338849409696,1.1084391243803338,1.4485248330370812,1.5862674086273725,1.0950916217994622,8307.0,7961.0
MOTION-1287,155.15917079336435,-43.33410708383225,155.15374735730197,-43.32547437869579,34.16917178492292,1.1079781298048206,2.23133978304604,3.704077486002656,1.660023952491071,10568.0,10069.0
MOTION-1288,155.77014281711936,-43.35047175504818,155.78316862511997,-43.35078462898915,34.117548177630596,1.1063041697737857,6.627252274569724,5.390124091684503,0.8133271329307376,9651.0,9172.0
MOTION-1289,154.91378278748715,-43.71977277863527,154.91031832239872,-43.71063390505023,34.11260215314413,1.1061437887439212,2.0741258642899263,2.108568432693917,1.0166058236855275,12471.0,11868.0
MOTION-1290,158.14495615610087,-42.488319066523886,158.146717720966,-42.49770037053571,34.094874641055064,1.1055689519929992,4.472344583112339,4.197287732537268,0.9384982875394505,2821.0,2740.0
MOTION-1291,152.83386025462454,-43.15764725204904,152.84317889860324,-43.16418812914889,33.95985605246195,1.1011908053929025,7.647199454115747,3.939247017552171,0.515122829107335,14007.0,13336.0
MOTION-1292,156.48150914659547,-41.3625210120713,156.49204307516297,-41.36761474914751,33.85700248237525,1.0978556497460015,0.7390027477895821,0.7313196068271671,0.9896033661777364,1452.0,1373.0
MOTION-1293,154.200150035001,-43.49015351803719,154.19499343170438,-43.4987682746613,33.81082332806508,1.096358232912178,1.5629458055728718,1.6530872080878831,1.057674042307546,12834.0,12261.0
MOTION-1294,154.429408949973,-43.34666112007421,154.42596032648763,-43.337615231659534,33.79372998818337,1.0958039599882259,3.33141903471598,4.386070487704362,1.316577242910031,11868.0,11274.0
MOTION-1295,155.8668307269932,-43.16988101277677,155.8792872199436,-43.17213162576056,33.693605476098604,1.0925572974602142,2.0056640421022456,1.896219353854976,0.9454321930543489,8842.0,8439.0
MOTION-1296,153.09953330213173,-42.97180546293713,153.0965602964249,-42.98089789894956,33.65637933444725,1.0913501932592014,22.283753197080365,15.98067728820786,0.7171447801845903,12735.0,12183.0
MOTION-1297,153.37400394607587,-41.90838262271184,153.38646336344178,-41.90735476383448,33.58562530330453,1.0890559053087905,5.274652754667317,4.9512446367864085,0.9386863680088252,8316.0,7910.0
MOTION-1298,153.43980395497164,-42.51464968041771,153.43334543456635,-42.50664959582511,33.51435923927536,1.0867450140516475,0.8334632247729064,1.4836968733137814,1.780158775113376,10388.0,9890.0
MOTION-1299,156.89139883774115,-43.6876889124874,156.8862975346261,-43.696235041408514,33.50937944017641,1.0865835378377322,3.7406190390079934,3.4265876495623844,0.916048283406885,9149.0,8742.0
MOTION-1300,156.46610707170848,-44.74481924963425,156.47347117314186,-44.73712284398194,33.50028163826453,1.0862885302323062,10.929737157712228,21.26117786368566,1.9452597584822406,13947.0,13225.0
MOTION-1301,155.60926572018334,-42.7654515181131,155.60096237048674,-42.7724478369442,33.40506274012951,1.0832009383719652,6.280454786897519,4.217140079585901,0.6714704942043099,7816.0,7469.0
MOTION-1302,155.33520140409573,-43.398665970532086,155.34594842119864,-43.39365589235749,33.40083119610762,1.0830637252647506,8.2397070252448,8.283478532039068,1.0053122649458484,10530.0,10014.0
MOTION-1303,156.20921383335727,-44.86281435470519,156.22228410629086,-44.86234004401791,33.39487049811643,1.0828704421774642,3.06456011296888,5.4403880744414606,1.7752590498774485,14941.0,14215.0
MOTION-1304,155.85907755533543,-43.14987409855951,155.8628856881111,-43.14103159693226,33.36752219187966,1.081983639143774,4.183851002907688,2.9064789066215773,0.6946898693575932,8784.0,8356.0
MOTION-1305,157.43402487445604,-42.94267197637889,157.4460495505751,-42.945564382907286,33.35517007091043,1.0815831061728038,3.121086104663603,1.7287846261253796,0.5539048165131322,5622.0,5303.0
MOTION-1306,154.7339725525699,-43.94212668102464,154.72150054426305,-43.93985050764519,33.352186652971184,1.0814863651148245,2.5735718559019887,2.9036980881353127,1.1282755060738807,13719.0,13081.0
MOTION-1307,157.60076196282196,-43.150068900816,157.60989709176144,-43.15650176858968,33.34519936614431,1.0812597936006074,28.94721861653113,33.302413093323985,1.1504529514385087,6094.0,5780.0
MOTION-1308,155.56220499302043,-43.996589713404106,155.54957964135374,-43.99825233748624,33.23966435098181,1.077837688743496,6.267814688015302,4.03082104402491,0.6430983117181575,12451.0,11900.0
MOTION-1309,157.9080936278786,-42.12029319836,157.92038563456117,-42.12174576289581,33.23640035843123,1.0777318497028352,657.3461291655572,531.2530893363465,0.8081786227458666,1907.0,1837.0
MOTION-1310,155.7514672546215,-41.42735986123022,155.7502316979468,-41.41820392960687,33.12967332525004,1.0742710921706349,26.53294626686488,17.35859110129471,0.6542278014173128,2727.0,2604.0
MOTION-1311,153.9109623789474,-43.74216980948348,153.92366187814278,-43.74180806884408,33.05526041663792,1.0718581605421964,4.90563579403962,3.2711000195927906,0.6668044993407783,14445.0,13708.0
MOTION-1312,153.6195036017561,-43.5336241214175,153.62626875902015,-43.54137476815922,33.01887463076607,1.0706783059283493,7.465845490224631,9.99476637426416,1.3387320146593924,14098.0,13426.0
MOTION-1313,156.283449594031,-41.4653998587304,156.276041449645,-41.47269959468967,33.01417892568706,1.0705260418183409,4.432611082136228,6.443418112426071,1.453639399674281,2061.0,2014.0
MOTION-1314,155.23859324181083,-40.99148723725705,155.22656644049232,-40.992639641036085,32.94248320030959,1.0682012182546108,0.280204481099766,0.5552008483039774,1.981413167001779,2023.0,1966.0
MOTION-1315,153.631023988608,-42.09592960687736,153.61872947564515,-42.09656903363215,32.92255010235775,1.0675548626236075,4.536283331221107,6.71761698107551,1.480863625700209,8563.0,8188.0
MOTION-1316,155.5439835094887,-43.90226529847149,155.5315728972381,-43.90035674143208,32.91727571974642,1.067383834170874,5.76641412016205,4.68064179646445,0.8117075359015168,12112.0,11552.0
MOTION-1317,152.4548073064083,-43.03094111060805,152.4638524360913,-43.03725386009175,32.90860013774151,1.067102517573993,3.0451957180647664,4.88871840209254,1.6053872574073298,14223.0,13525.0
MOTION-1318,154.30442043244344,-43.27185596470956,154.2988055040359,-43.26369862977667,32.84857695059062,1.0651561906608626,12.651229173729195,9.302226185977467,0.7352824028588406,11792.0,11218.0
MOTION-1319,157.4558889258028,-43.25715553575427,157.44898700019783,-43.26476628879774,32.834452372677724,1.0646981835567186,3.729454237640438,2.168883081464934,0.5815550864185289,6698.0,6424.0
MOTION-1320,153.70037433516225,-43.16311310569026,153.68950340892806,-43.16754221898013,32.69607368206503,1.0602110814462264,10.57467338171204,5.428720137087155,0.5133700059687559,12430.0,11873.0
MOTION-1321,152.79576228948858,-43.037361233368046,152.7871703686834,-43.03080781635199,32.67657272335509,1.05957873847061,2.4588694448078563,2.0980264207124217,0.8532484004559941,13572.0,12929.0
MOTION-1322,156.56965886463155,-43.87446935097786,156.5818703301044,-43.876634999513904,32.634303126378875,1.0582080939229426,2.7799640516707087,2.02389425788108,0.7280289314046186,10307.0,9822.0
MOTION-1323,157.0226793443276,-44.03882080732336,157.01879476824126,-44.03020179301468,32.61659700009443,1.0576339506334824,3.554883891869633,5.789847854945971,1.6287023798971096,10213.0,9708.0
MOTION-1324,153.67695809671264,-42.34272606495414,153.66929003609917,-42.33566074976064,32.608321107006645,1.057365594449622,1.459539537101871,2.1309669181877577,1.460026853687776,9388.0,8921.0
MOTION-1325,156.25641482028595,-43.69582704071691,156.244801023219,-43.69247799816658,32.54552610962255,1.0553293881230341,2.222544506436347,2.0332357955755835,0.914823433090974,10149.0,9690.0
MOTION-1326,154.94883782901186,-44.21688901572004,154.94837258003096,-44.207860633064186,32.52434078320774,1.054642427417983,3.5347132739446327,3.428406086739264,0.969924806068716,14523.0,13774.0
MOTION-1327,156.43606446360187,-44.38501126332865,156.4346770976705,-44.39397660875258,32.47198370746038,1.0529446837549596,3.992589350394296,3.579743375382249,0.8965969352767833,12492.0,11958.0
MOTION-1328,155.71671223807837,-43.11712438907375,155.72643353030782,-43.11157612021928,32.4285852461247,1.0515374343685893,2.6619781951184227,4.009004274986559,1.5060244604325963,8888.0,8460.0
MOTION-1329,153.17129808086838,-42.95576100604972,153.1744510173105,-42.94707814315842,32.34349968137441,1.0487784285167996,5.663517700232321,5.9900298919923785,1.05765183566861,12536.0,11924.0
MOTION-1330,154.19774195331334,-41.34572639377598,154.18952527745947,-41.339212361031656,32.29735939968068,1.0472822721761812,1.656092736783217,2.1191670890847183,1.2796186119389508,4932.0,4662.0
MOTION-1331,153.41320519783162,-42.74932672311496,153.40414400914892,-42.74331152498303,32.2920972260729,1.047111639615657,1.345821694979768,1.170335004874245,0.8696062853198684,11304.0,10775.0
MOTION-1332,156.7067038062751,-41.67744170802484,156.71813991611725,-41.680160854067765,32.269764297429205,1.0463874664730517,0.5605078865506314,1.0135828112422112,1.808329259164943,2152.0,2063.0
MOTION-1333,152.6902422045861,-42.8334432931861,152.69719948867046,-42.826121905880925,32.12609659819403,1.0417288616431217,60.002322930889655,36.35633497518971,0.6059154579242663,12925.0,12286.0
MOTION-1334,155.46663816844642,-41.44066993845804,155.4766602373044,-41.44547715322764,32.108625065770354,1.0411623253529987,1.8071998327969891,2.558749466977896,1.415864156548609,3227.0,3087.0
MOTION-1335,157.34611936523163,-41.40997716318378,157.341903319282,-41.41831076957061,32.08770805505341,1.0404840651200278,3.6843750355959584,6.483047444255109,1.7596057354694505,351.0,372.0
MOTION-1336,155.90564081955355,-41.29708086433436,155.90815777659927,-41.28837874329283,32.05884568839966,1.0395481667837128,1.8149574438803469,1.9848018714359303,1.093580391170197,2050.0,1951.0
MOTION-1337,155.86178606723362,-42.36749078198264,155.8573530109862,-42.37576793590091,32.04556462204432,1.039117511596785,25.91359653352032,22.199174321263108,0.8566612624591707,5982.0,5706.0
MOTION-1338,155.98862377492014,-43.76510009020154,155.97957454834534,-43.7590755020046,31.999244894396554,1.037615536496678,1.5173694373922726,1.4407466647619511,0.9495028891830033,10836.0,10316.0
MOTION-1339,155.18139501183623,-43.29857707831045,155.16920635222004,-43.29866627144977,31.936406028548376,1.0355779076802767,4.404955633581771,6.850180882895887,1.5551078041904922,10420.0,9953.0
MOTION-1340,154.0528184418795,-43.17902283937321,154.05972366389415,-43.17175041669631,31.84456123519465,1.0325997253873926,19.55307734855737,34.99906925198812,1.7899519665414896,11866.0,11262.0
MOTION-1341,154.89486904738422,-42.8371745222282,154.88284647552447,-42.83649714386729,31.831384519261768,1.032172453893422,3.0837461601016827,3.173796218296121,1.0292015144954307,9203.0,8782.0
MOTION-1342,157.37043706714027,-42.5887666385759,157.36340014066215,-42.59592855279672,31.820938709885112,1.0318337354600255,2.9463036749243647,4.467829358671078,1.5164184862192702,4393.0,4198.0
MOTION-1343,154.21366292677786,-40.671590032710704,154.2215984143226,-40.67805623517581,31.80114169244952,1.031191792409955,1.3297822853267551,0.697545606481406,0.5245562481756211,2490.0,2422.0
MOTION-1344,153.07491677089362,-42.204223152343765,153.08681189232158,-42.2047992114536,31.788510973522303,1.03078222555176,12.035669203924698,13.368502065729444,1.110740237141955,9849.0,9371.0
MOTION-1345,156.0333615842668,-44.25142312307644,156.0429466100875,-44.25695676764545,31.744027473420946,1.0293397924263772,14.68259701680301,16.117283350243582,1.0977133903354217,12645.0,12065.0
MOTION-1346,154.79682031743468,-41.85829231977271,154.7896944818563,-41.865329085569485,31.72914560886974,1.028857229355863,0.6861680067599963,0.7309720511281819,1.0652960265223452,5849.0,5591.0
MOTION-1347,156.8853360833508,-43.413562376113546,156.8738977269339,-43.41064058719218,31.708416831976248,1.0281850728400377,11.975105512546484,7.490024746442212,0.6254662840836608,8167.0,7772.0
MOTION-1348,155.94152618794334,-42.44753111333657,155.95255276522064,-42.45089757520534,31.698721381648213,1.0278706857372513,3.901021246748672,3.365849418832181,0.862812378075989,6137.0,5806.0
MOTION-1349,156.51503511707924,-44.2190757305229,156.5263226076889,-44.222522839999925,31.65519214497768,1.0264591957970903,3.225234193918168,3.769944387010858,1.1688901209468296,11726.0,11168.0
MOTION-1350,154.64568520880283,-42.5285955429296,154.63378398539527,-42.52907914407774,31.621597692159856,1.025369853648583,2.986202445444045,4.578335957985919,1.5331632873621621,8476.0,8101.0
MOTION-1351,156.99790816236109,-42.08966292554555,157.00926549254018,-42.08725070464952,31.56046518381547,1.0233875556083485,0.7598641599815844,0.9435209294673762,1.2416968441967875,3166.0,2986.0
MOTION-1352,156.84942666626307,-44.33477844272294,156.84276939517784,-44.32743024413291,31.522724604608975,1.0221637701262134,3.0186201072673207,5.054609164699372,1.674476742711152,11614.0,11053.0
MOTION-1353,157.19817441957252,-43.84606324381989,157.2007848802257,-43.83752413834535,31.479172579997915,1.0207515412585806,5.2603885903545935,7.004595804143959,1.3315738341056267,9243.0,8774.0
MOTION-1354,154.92653091030286,-44.23600975421385,154.92709478800222,-44.2447359077017,31.447797623073665,1.0197341690403001,6.178696199820169,4.011169106378884,0.6491934506337484,14642.0,13975.0
MOTION-1355,155.02628771574487,-42.66424069754181,155.02323803464373,-42.65580878058501,31.410266320112406,1.0185171696021544,1.5515556319564106,1.4705686169608525,0.9478026998661733,8362.0,7950.0
MOTION-1356,155.95063322238963,-43.36442730852787,155.94117322841447,-43.35906250418756,31.401473171967798,1.0182320407761563,82.64967756185682,45.19989670520312,0.5468853362600784,9443.0,8962.0
MOTION-1357,154.6769446263607,-44.17258154717389,154.68382585999996,-44.16542206691049,31.30562098990185,1.01512391389232,7.305498681351242,11.74587345615935,1.6078126858256863,14823.0,14070.0
MOTION-1358,155.29031127897997,-44.4691848482705,155.29729833175554,-44.462061937471645,31.30149816712397,1.0149902262074177,6.322098949460958,5.383263328618231,0.8514993788696117,14965.0,14211.0
MOTION-1359,154.54131041861845,-40.34901812874587,154.53652357130838,-40.34113207821205,31.28070176188761,1.0143158767579936,0.8599497735879786,0.8608421616440489,1.0010377211361392,952.0,903.0
MOTION-1360,154.43586406139525,-42.21840254216952,154.42454481347738,-42.22064117218474,31.235498198436982,1.0128500946779422,58.80299005997183,36.80868026663447,0.6259661324890815,7710.0,7375.0
MOTION-1361,154.62659419645905,-43.5731536428515,154.6332950753878,-43.565966244918926,31.22470852057783,1.0125002258789315,2.7679538919031432,3.571708473643456,1.290378602075514,12420.0,11791.0
MOTION-1362,154.77409794493246,-43.79266345451826,154.76325346235004,-43.78896181067833,31.173746016359896,1.0108477029419116,2.0861190988462446,3.0469424985399742,1.460579360126239,13014.0,12413.0
MOTION-1363,153.47817193917206,-42.261039552998334,153.46861231977442,-42.26603265127502,31.173213852187555,1.0108304468530567,3.761263389397769,2.4666179707215825,0.6557950654757316,9426.0,8987.0
MOTION-1364,155.2303383206578,-44.2243737890317,155.23546381204355,-44.2165526933439,31.106635218671865,1.0086715513927862,267.2049181700268,298.4347085739749,1.1168758068445284,13992.0,13276.0
MOTION-1365,155.55191786696764,-42.46778142815506,155.54067455618363,-42.46540720253401,31.057204863429995,1.0070687103025422,1.1046692650531384,1.2732429460236752,1.152601042052553,6800.0,6517.0
MOTION-1366,153.7815566519207,-42.248109231241,153.79319433664125,-42.24830022055367,31.020434057847613,1.0058763709430452,5.151903540587919,6.823586837470082,1.3244787647346743,8857.0,8448.0
MOTION-1367,154.79475081103584,-42.724097959598296,154.80621886269452,-42.72230418015942,31.009438028709656,1.00551981094574,2.2707090159717165,2.297696818874004,1.0118851877155817,8932.0,8512.0
MOTION-1368,155.09092785887825,-40.83319906382416,155.09102984396992,-40.82459571898464,30.973287306186382,1.0043475785549594,1.4766055813228762,1.2022272239235066,0.8141830419240615,1721.0,1616.0
MOTION-1369,156.33078637972835,-42.33107546670502,156.338093599748,-42.33772828432729,30.850608149118063,1.0003695534547266,0.5907311544281133,0.8429105628889731,1.4268937004092745,5076.0,4820.0
MOTION-1370,156.52029409697914,-41.86773150015966,156.51006481434277,-41.86382450416329,30.820770669822828,0.9994020358714585,0.5352758852300936,0.7228573505847642,1.3504388494430994,3101.0,2967.0
MOTION-1371,156.40403569347728,-42.929283846954434,156.39506451887164,-42.93472129125777,30.69707361749285,0.9953910042443058,0.8982266164411223,0.5815740234822203,0.6474691495855287,7128.0,6840.0
MOTION-1372,156.18094518951628,-43.70973976395924,156.17457787856958,-43.70256491896299,30.68774465856135,0.9950885010834153,2.482632616999129,2.804345820718164,1.1295855059327726,10315.0,9831.0
MOTION-1373,156.1908392588186,-42.98256642752359,156.18110146716992,-42.98723779305551,30.66688456256701,0.9944120863815068,1.24023972077451,2.40480059272212,1.9389804667926298,7676.0,7340.0
MOTION-1374,154.50149084155288,-43.54125419561344,154.49782072713222,-43.53316781231907,30.64617312024821,0.9937404919609458,6.097963612931902,4.967688722083979,0.814647157216393,12487.0,11894.0
MOTION-1375,156.45727976472676,-44.4104585868776,156.46746988314445,-44.406086523452366,30.569601043547582,0.9912575466068103,2.2024176676217566,3.776924193150125,1.7148991531785942,12560.0,11952.0
MOTION-1376,157.09187830915843,-43.27674835471396,157.08440416477754,-43.28326302078998,30.557249076469834,0.9908570186259638,6.28829990866898,5.569779881524919,0.8857369976655348,7322.0,7027.0
MOTION-1377,156.36273809658425,-42.55553031568147,156.37334803345783,-42.55881851376902,30.5239468284439,0.9897771515832878,3.841577435952861,4.045248509943408,1.0530175630678207,5875.0,5566.0
MOTION-1378,156.31703807441565,-42.09300318707178,156.3125836998883,-42.10079576627544,30.472386413229952,0.9881052406344273,3.6835261163111697,3.157141016384368,0.8570974975320808,4265.0,4078.0
MOTION-1379,155.85004182572578,-42.574100194384016,155.85045088438625,-42.58255699982999,30.463804696785786,0.9878269677457494,0.6541011711409044,0.7623735690989648,1.1655285187293094,6725.0,6446.0
MOTION-1380,155.11076764891357,-41.0745700813424,155.1020513809305,-41.06925216421136,30.43207281541137,0.9867980218057741,14.41922044305774,12.403942211290463,0.8602366723134779,2485.0,2407.0
MOTION-1381,154.556002358639,-42.34707178423617,154.54799304090884,-42.3410598516556,30.374120205787527,0.9849188359585869,1.3411513654905196,1.57043854560385,1.170962939764424,7981.0,7599.0
MOTION-1382,153.44105422138216,-41.646509531152354,153.45098181385265,-41.65039022291878,30.139187767110272,0.9773008578093194,2.075946586934763,1.6710530820175582,0.8049595748438547,7259.0,6917.0
MOTION-1383,157.14644177594826,-41.62313634166113,157.1537006698036,-41.629476368649264,30.04159174125041,0.9741361846094759,3.8089202687954207,2.912837654298021,0.7647410417491391,1358.0,1289.0
MOTION-1384,156.59065170650098,-44.67483134698554,156.57985116035843,-44.67803238792053,29.953929423236435,0.971293624310419,2.481587686822235,2.5375788208143883,1.022562625648684,13407.0,12805.0
MOTION-1385,156.611028780661,-43.25051758541245,156.60071019683835,-43.25400953855339,29.833584656107508,0.9673912947235443,0.6081543326097875,0.4091037733625757,0.6726972931475778,7994.0,7640.0
MOTION-1386,155.87890517667543,-44.38302548756568,155.88472806370325,-44.37588371332051,29.75724773985116,0.9649159747409249,6.708418704678443,5.759095879799691,0.8584878394342478,13464.0,12786.0
MOTION-1387,155.6767682069783,-44.49879034584291,155.6868865999152,-44.50276102268618,29.653432172475256,0.9615496251287715,1.8224492727804729,2.09651770056975,1.1503846674267848,14360.0,13645.0
MOTION-1388,154.93475718535328,-43.6242420079795,154.9447069696358,-43.62026424172468,29.621097284084772,0.9605011259321318,2.7849584175388715,3.515297158019679,1.2622440377857505,12074.0,11470.0
MOTION-1389,156.59560519757505,-41.89547729283608,156.6006798104408,-41.88818750797216,29.557522363933984,0.9584396296344005,1.6776799264180418,1.2498300128328876,0.7449752441762583,3082.0,2915.0
MOTION-1390,157.82631463386895,-42.83910314608855,157.8158442335927,-42.83620444304256,29.544269925393326,0.9580099027401681,10.09429576343644,6.162195962788712,0.6104631870515841,4598.0,4373.0
MOTION-1391,156.11243072859486,-40.81226828661743,156.10648074007378,-40.80542184323118,29.501424331820882,0.956620580782481,0.9450513419150048,0.8130967050274569,0.8603730495528829,130.0,118.0
MOTION-1392,156.5085626011173,-42.4803857729038,156.51746980724062,-42.48524167280289,29.40784146749773,0.9535860393646437,0.6399775463626545,0.905379760579197,1.4147055091619538,5370.0,5087.0
MOTION-1393,153.2429411957325,-42.97849923439991,153.25136243974237,-42.97322641116138,29.194338490983665,0.9466629383274042,41.73221709891366,43.36828592865269,1.0392039758122897,12495.0,11884.0
MOTION-1394,156.39132861380764,-43.472589380272574,156.38102529657337,-43.469552681008444,29.05362590342305,0.942100156689419,6.007071075286607,5.057169616625065,0.8418694490615427,9141.0,8715.0
MOTION-1395,153.83467751457945,-43.78124486437253,153.82689040066103,-43.77546652830817,29.02441319257412,0.9411528980044073,1.8578355774781792,2.7816281941592766,1.49724132096504,14759.0,14046.0
MOTION-1396,156.59257738645414,-43.0942663559419,156.58946675062887,-43.1019461276949,28.831005374446967,0.9348814076104637,0.7372008825302183,1.4118600433559532,1.9151632571439308,7446.0,7125.0
MOTION-1397,157.14614517577027,-42.14549609707616,157.13874546742016,-42.15129900759668,28.748721052868966,0.9322132355719924,4.329473373022941,2.819445288201534,0.6512213022880727,3127.0,3023.0
MOTION-1398,155.60851510895122,-42.38615084031047,155.61694340651565,-42.39112184581739,28.67872236608779,0.9299434406071984,2.0647117553932075,2.2518853154056777,1.0906536031112122,6439.0,6106.0
MOTION-1399,156.4750947576209,-41.84240069674556,156.48399968841218,-41.84675413944744,28.564965179681764,0.9262547215642153,1.5309826992972873,1.049082703638039,0.6852348521766851,3076.0,2944.0
MOTION-1400,154.95691160714964,-42.300516511703336,154.95724662031512,-42.29261222663494,28.46940616664097,0.92315610105268,2.8559514044536254,2.3881376381700394,0.8361968745147175,7160.0,6802.0
MOTION-1401,155.52001939900234,-42.41838541160311,155.51895552582425,-42.42620710524636,28.29967671488086,0.9176524113022324,1.8058923145306691,1.9497694934575205,1.0796709625314749,6687.0,6407.0
MOTION-1402,157.12898776516917,-43.26274159872492,157.12171105613496,-43.25694074607533,28.285174057609755,0.9171821445020424,0.6757113361464357,0.6891678257313933,1.0199145535454528,7218.0,6879.0
MOTION-1403,155.91696916210265,-40.87334753008528,155.92464033341955,-40.878567055569015,28.091064040333183,0.9108878844224528,0.8228060137768435,1.5433882119161326,1.8757619488361215,642.0,634.0
MOTION-1404,152.81305873057488,-43.17929633138472,152.8053612322837,-43.173878090393714,28.08633492803987,0.910734537041739,18.21289791584217,11.358293310257269,0.6236400908159407,14144.0,13437.0
MOTION-1405,153.17510366615076,-43.0503241811353,153.16775518993884,-43.055897302819126,27.860657433609145,0.9034166620346331,6.021106310193747,3.337826203528638,0.5543543049352393,12913.0,12353.0
MOTION-1406,155.51671407417248,-43.88090182655736,155.52730180649792,-43.881933618058994,27.7229450476663,0.8989511656863944,3.0379610835329087,2.2194885803624227,0.7305849282905668,12082.0,11499.0
MOTION-1407,154.48550035045258,-41.83862032292108,154.49416569073492,-41.84278455333556,27.65607505762615,0.8967828226264247,5.776000268553479,3.357894231791514,0.5813528524354541,6261.0,5923.0
MOTION-1408,156.15526870165462,-43.56284135791156,156.15070875650346,-43.569631852584976,27.18595361513215,0.8815385468823609,158.2288265181292,203.20044161756724,1.2842188499343092,9821.0,9375.0
MOTION-1409,153.73260459021537,-43.41688282765848,153.7278370664949,-43.42354083741931,27.016823751850033,0.8760542995382052,2.5810528415649485,2.138516861804329,0.8285443937318616,13373.0,12778.0
MOTION-1410,153.787351621054,-41.98537742410509,153.7833443341127,-41.99225986927026,26.99750857925514,0.8754279809097276,5.343773513948591,5.247525229645896,0.9819887044143126,7931.0,7575.0
MOTION-1411,155.38487261311803,-43.96451779701053,155.3903965004178,-43.95829824492299,26.574848620211558,0.8617227031256426,1.8789040930118857,2.7496653943392184,1.463441058309422,12622.0,12021.0
MOTION-1412,154.08598368549744,-43.93760999368968,154.08877920635376,-43.93051263272792,26.558475771456255,0.8611917930275675,4.42699211773143,2.3394543363041325,0.5284523383120373,14951.0,14218.0
MOTION-1413,153.2177717288671,-41.92451827827888,153.22631210808825,-41.928214235513884,26.46291443256035,0.8580930970972714,2.919548057189956,2.603755465425359,0.8918351109217414,8619.0,8226.0
MOTION-1414,155.93156422364984,-43.1427846912226,155.9246706328419,-43.13742823549187,26.453005450326323,0.8577717859553733,1.532512423701498,1.3715181365541829,0.8949474831933412,8647.0,8252.0
MOTION-1415,156.69058398303403,-44.06324966345239,156.68464524875952,-44.069204389050746,26.37297293159855,0.8551766314406041,1.590539904296591,2.229036751304951,1.401434032106684,10820.0,10340.0
MOTION-1416,152.98224193709328,-42.7378388665799,152.97589369172934,-42.743325675494006,25.920686147298994,0.8405106667939345,1.6040181772005495,1.5099683524548255,0.9413661103829467,12027.0,11491.0
MOTION-1417,155.29019553683196,-41.59099188348093,155.28252629456892,-41.59534019769878,25.91138366495446,0.8402090221694901,1.2992681719819736,0.8644207195771758,0.6653135497489652,4060.0,3909.0
MOTION-1418,155.87778889909146,-41.57930573531331,155.87624440882837,-41.57220987700052,25.881510374406115,0.8392403433615515,0.2149228307404114,0.3016645546695424,1.4035947397040363,3069.0,2912.0
MOTION-1419,155.5629265762645,-40.536698946678776,155.5698294582522,-40.53186633676801,25.67834339764388,0.8326524000432868,0.4965678684348641,0.2897873907104443,0.583580632439685,28.0,9.0
MOTION-1420,155.88718382723022,-40.99564688825448,155.88088729023528,-40.99040681357183,25.46734870375683,0.8258106332072855,1.298620792794717,1.489976115107506,1.1473527325101422,1087.0,1040.0
MOTION-1421,154.18832887621002,-42.91345640939663,154.1791195066119,-42.91536311231837,25.232441803795513,0.8181934831828231,3.8834345870674927,2.8837261034871995,0.7425710511747784,10610.0,10148.0
MOTION-1422,156.21386135448563,-42.96253514205706,156.2046715643332,-42.960719597838576,25.07737552043023,0.8131652650065001,9.347976345285725,7.205572369379797,0.7708162818590825,7565.0,7221.0
MOTION-1423,155.35758370571057,-42.04522505748785,155.3640758391689,-42.040241090818384,24.96370386090309,0.8094793192795317,1.246540062945765,2.209921360070076,1.7728442316147413,5639.0,5295.0
MOTION-1424,156.33307226153303,-44.78773754310105,156.32733777480254,-44.793194050840334,24.505373379496124,0.7946173801954269,4.867827873888795,5.843603059686974,1.2004539213541778,14390.0,13716.0
MOTION-1425,157.73734503164158,-42.43601987422032,157.7465021666527,-42.43679388560518,24.488601709645494,0.7940735378245385,1.4439502353302751,1.7907558845536142,1.2401783944749414,3272.0,3109.0
MOTION-1426,156.3613706809669,-44.29255094771001,156.36352860891597,-44.285944917310026,24.42321397645039,0.7919532587965975,10.40727011671319,11.633370909828889,1.1178119506235054,12268.0,11658.0
MOTION-1427,155.0483540831415,-42.24169800068477,155.04707952298463,-42.24841580661468,24.42147204170068,0.7918967743837363,1.3307955570402266,0.8769995713069223,0.6590039819921136,6791.0,6526.0
MOTION-1428,153.65282575458133,-43.28048634324116,153.6435749199319,-43.27998222738846,24.312725234821492,0.7883705231632891,2.889407452444035,2.86079805897762,0.9900985257575163,12968.0,12386.0
MOTION-1429,153.54095677917948,-43.0709286961277,153.54009014739782,-43.06426081229306,24.112345160888285,0.7818729486547776,2.339642352050697,2.367329891984947,1.0118340907574963,12355.0,11734.0
MOTION-1430,156.610617251327,-44.29187192936008,156.6189091103281,-44.29483754790444,23.88519136815127,0.7745072028287144,1.5968180105253515,1.59285027664042,0.997515224741468,11840.0,11281.0
MOTION-1431,155.6496374329188,-43.650718605662846,155.64075149383217,-43.65230773695587,23.84248570414696,0.7731224182622812,1.7801530761684998,3.1515912281746425,1.7704046187746663,10959.0,10451.0
MOTION-1432,155.9823124184609,-44.34980383964759,155.98869904992193,-44.35412399218245,22.63124712812409,0.7338464925636244,3.091043693494165,2.1878444226729337,0.707801195847788,13146.0,12525.0
MOTION-1433,153.74817012518227,-42.73176966773967,153.75337628193395,-42.72680268792118,22.56713952721871,0.7317677234262128,2.802639561335712,3.829149915437377,1.3662655620305453,10675.0,10154.0
MOTION-1434,153.77112505347472,-43.05884451144846,153.76582818370278,-43.06373512801858,22.45175899411917,0.7280263653364062,5.532004100768827,6.629339382002215,1.1983612559290913,11882.0,11353.0
MOTION-1435,156.90303986308086,-42.85960615692304,156.91075378114903,-42.85706932678589,22.311266905661416,0.723470733657605,7.602984067008049,8.398254971753047,1.1045998383971303,6125.0,5779.0
MOTION-1436,155.20854647090894,-43.687775631593055,155.21473915270957,-43.692054403334765,22.296501755941396,0.722991955211465,3.3052628952187217,3.093669711575912,0.9359829489058517,11851.0,11297.0
MOTION-1437,155.76945965539767,-41.57525593765572,155.77752482613568,-41.576516832250014,22.18938981111739,0.7195187164378455,3.877158344210335,3.2253246628053804,0.8318784987519734,3228.0,3074.0
MOTION-1438,156.5288265916666,-44.785430555155386,156.52113285582732,-44.782714359626674,21.956335137482675,0.7119616271685644,6.758260928679203,7.187822997907268,1.063561036450248,13996.0,13329.0
MOTION-1439,154.68355530804723,-44.01019140733258,154.6919334666552,-44.01107176715062,21.92268375751227,0.7108704390859368,4.619292166863132,4.56336951453477,0.987893674981304,14112.0,13410.0
MOTION-1440,153.53985118064807,-43.001817598386886,153.54589565812296,-42.99763735955899,21.902893787735334,0.7102287245650125,2.318176875031742,2.931146519713168,1.2644188419285447,12071.0,11481.0
MOTION-1441,154.4329268316289,-42.31480987083698,154.44015786926238,-42.31750161130746,21.550474427060692,0.6988010860315086,14.402384856305924,14.102596033314525,0.9791847790499683,8066.0,7677.0
MOTION-1442,154.6070233907607,-40.671867836651856,154.61409742812103,-40.674123274019,20.95213698365721,0.6793992461008459,1.1465658941405568,2.0351487600549394,1.7749950268496753,1896.0,1840.0
MOTION-1443,154.79551086523983,-40.19555221360665,154.78925662094352,-40.19228559609076,20.834732629918314,0.6755922630956576,5.041829804069536,3.4511200520502125,0.6844975308894055,45.0,38.0
MOTION-1444,156.08718881852965,-44.42409954359103,156.08965321402587,-44.41859130838085,20.817405779976077,0.6750304183159465,2.699774613184397,1.8592709127242963,0.6886763449232073,13263.0,12596.0
MOTION-1445,155.5101261925188,-40.55970737652998,155.5126440206762,-40.554285073881765,20.699442954790367,0.6712053261756263,0.4022488062108199,0.4296194358479839,1.0680440295025238,188.0,159.0
MOTION-1446,155.56155162525866,-41.603473306054944,155.5546304653306,-41.60100454820496,20.64280756283904,0.6693688527588875,21.29710998159241,17.17951779244917,0.8066595799757728,3677.0,3509.0
MOTION-1447,156.25446506724725,-41.82775005052085,156.25987268544628,-41.83179913482774,20.564463778328722,0.6668284575631844,2.8887812602912577,1.9656247297799965,0.6804339105903141,3385.0,3234.0
MOTION-1448,156.61604027989478,-41.97867257805933,156.6177833002771,-41.98416793786713,20.3257556466486,0.6590880478461175,1.1719754042646084,1.264718097711209,1.0791336517038894,3361.0,3220.0
MOTION-1449,154.23261449457365,-41.51421331185672,154.2357791251397,-41.5091204666171,20.221859045690106,0.6557190706187015,4.269636861014098,4.662427108830928,1.0919961721811484,5521.0,5199.0
MOTION-1450,152.33203261110245,-43.12407563956392,152.33817987187663,-43.12736012535563,20.017273983208373,0.6490851440974116,10.462372033983105,7.1353103957969815,0.6819973876498172,14853.0,14160.0
MOTION-1451,154.2928434427247,-41.375262616057725,154.2869205233308,-41.371942751375634,19.971542635551277,0.6476022479543765,4.796702463356263,5.047204158812059,1.0522237302333153,4884.0,4615.0
MOTION-1452,154.1159430959982,-43.47429592310338,154.11617037031115,-43.47981053844992,19.86149120695797,0.6440336927431858,3.77860811381425,1.9601577437299127,0.518751266256946,12908.0,12340.0
MOTION-1453,154.62713282088848,-44.09392921810825,154.63465019214567,-44.09295173851245,19.752453270681,0.640498001287906,3.509300844665561,3.8455365635884857,1.0958127370111432,14596.0,13872.0
MOTION-1454,155.4448967894397,-43.69757728820712,155.44084373734844,-43.69294268085676,19.740068347162314,0.6400964046532441,6.38671191838438,6.758256235199239,1.0581745852267668,11488.0,10933.0
MOTION-1455,156.73380573613363,-44.500122327818346,156.73845186982066,-44.50446495825431,19.665104335111092,0.637665602806539,8.269921967124162,10.679954921076003,1.291421486627391,12455.0,11880.0
MOTION-1456,156.01183607847673,-43.86250456636996,156.00697762118529,-43.86659897072416,19.397990602014985,0.6290041059372588,119.82847775220444,61.878579387815975,0.516392935540547,11172.0,10664.0
MOTION-1457,154.67775404880862,-41.91133992641249,154.67790479550467,-41.90597159214654,19.33022297318117,0.626806655816746,1.4294057262118338,1.7303192639134723,1.2105165329784358,6211.0,5854.0
MOTION-1458,154.62201061581288,-41.54327066677492,154.62812027717004,-41.5405262716143,19.199565547637487,0.6225699253829436,0.4218797061891366,0.4098228015188382,0.9714209892217639,4956.0,4670.0
MOTION-1459,156.56511252400784,-44.54883200281648,156.57150750991755,-44.54672973087919,18.068354963949226,0.5858890074250966,3.6345073726913912,3.202510445131612,0.8811401702454436,12930.0,12327.0
MOTION-1460,154.19031306061183,-42.626973645552034,154.19710824095844,-42.62737708396043,18.057531888508887,0.5855380556677464,2.7561831351151,2.567715463984802,0.931620047764922,9576.0,9094.0
MOTION-1461,153.71626438322568,-43.655501969686846,153.71877418840631,-43.66007541692205,17.714593684265864,0.5744178554894246,8.282079135845251,9.440943746677284,1.13992435858484,14443.0,13769.0
MOTION-1462,155.70855189791644,-43.13201531627034,155.7094757711313,-43.13676194833977,17.259384994721607,0.5596571444108289,1.2316677069526722,1.0733151068132742,0.8714323682877213,8953.0,8567.0
MOTION-1463,156.51835489253853,-41.80586607970733,156.52452523221731,-41.80685394079739,16.93538832341338,0.5491511471277026,1.3830114897498988,1.3117958788120447,0.9485068551738983,2880.0,2744.0
MOTION-1464,153.0474679282619,-43.27352752473835,153.05380821365551,-43.273410116160655,16.624054091995916,0.5390557452946868,14.29597784810752,15.168841136103326,1.0610565641098384,14087.0,13381.0
MOTION-1465,156.16086917595868,-44.79755720409883,156.15760080900512,-44.80123323974868,15.647270606767929,0.5073823191432024,6.481788413270116,6.309286729921125,0.9733867148461943,14738.0,14061.0
MOTION-1466,155.43514486889487,-43.34512107777254,155.43371851816397,-43.349103371440286,14.814583842617985,0.48038140939147184,20.139018448003444,22.19438184200301,1.1020587671294046,10171.0,9722.0
MOTION-1467,156.7983082276065,-44.21708818287586,156.80242890057363,-44.21848680168415,11.763735789281402,0.3814538456292713,4.231874840049494,4.8556081049907815,1.1473893459793325,11239.0,10698.0
MOTION-1468,154.44960371476003,-40.43443067951257,154.44547587786474,-40.433667063610365,11.640165828931089,0.37744693511851063,3.7225714895759623,7.032943890823624,1.8892703365180359,1369.0,1297.0
MOTION-1469,152.76978637132058,-43.20905345301362,152.7740005879289,-43.208822134128525,11.089006444287214,0.3595749027477538,3.3792210159233385,3.060493282884604,0.9056801163531929,14372.0,13647.0
