candidate_id,epoch,mjd,candidate_ra,candidate_dec,catalogue,matched_object,object_type,matched_ra,matched_dec,separation_arcsec,match_status,notes
3EPOCH-001,A,60804.58166331,155.53526111642586,-42.9632336981278,Gaia DR3,Gaia DR3 5416036124850176512,star (Gaia point source),155.5359267922453,-42.963345061702825,1.7989290524494095,MATCH,"Static catalogue; search radius 8.0""; 'known' radius 4.0"""
3EPOCH-001,A,60804.58166331,155.53526111642586,-42.9632336981278,SIMBAD,,,,,,NO_MATCH,"No SIMBAD object within 8.0"""
3EPOCH-001,A,60804.58166331,155.53526111642586,-42.9632336981278,SkyBoT (IMCCE),,,,,,SERVICE_UNAVAILABLE,"Connectivity pre-test failed for this run: ConnectTimeout: HTTPSConnectionPool(host='ssp.imcce.fr', port=443): Max retries exceeded with url: /webservices/skybot/api/conesearch.php?-ra=155.53526111642586&-dec=-42.9632336981278&-rd=0.005555555555555556&-ep=2460805.08166331&-loc=500&-filter=120.0&-objFilter=111&-refsys=EQJ2000&-output=all&-mime=votable (Caused by ConnectTimeoutError(<HTTPSConnection(host='ssp.imcce.fr', port=443) at 0x22378784e10>, 'Connection to ssp.imcce.fr timed out. (connect timeout=300)')). Not re-attempted per candidate/epoch to avoid repeated long timeouts against an already-confirmed-down host."
3EPOCH-001,A,60804.58166331,155.53526111642586,-42.9632336981278,MPC Checker,,,,,,SERVICE_UNAVAILABLE,"Connectivity pre-test failed for this run: ConnectTimeout: HTTPSConnectionPool(host='minorplanetcenter.net', port=443): Max retries exceeded with url: /cgi-bin/checkmp.cgi (Caused by ConnectTimeoutError(<HTTPSConnection(host='minorplanetcenter.net', port=443) at 0x22378784690>, 'Connection to minorplanetcenter.net timed out. (connect timeout=15)')). Not re-attempted per candidate/epoch (no working reverse position-search endpoint available via astroquery for MPC; would require the raw web form, also unreachable)."
3EPOCH-001,A,60804.58166331,155.53526111642586,-42.9632336981278,JPL Horizons,,,158.27436,-12.82092,108846.72919622701,NO_MATCH,"Checked against 19 named major planets/dwarf planets/TNOs only, NOT the full minor-planet catalogue (nearest body: Orcus, 108846.7"")"
3EPOCH-001,C,60822.30895912,155.520540286242,-42.971889572220135,Gaia DR3,Gaia DR3 5416036090490435712,star (Gaia point source),155.52064985106765,-42.97178308466573,0.47984644338675453,MATCH,"Static catalogue; search radius 8.0""; 'known' radius 4.0"""
3EPOCH-001,C,60822.30895912,155.520540286242,-42.971889572220135,SIMBAD,,,,,,NO_MATCH,"No SIMBAD object within 8.0"""
3EPOCH-001,C,60822.30895912,155.520540286242,-42.971889572220135,SkyBoT (IMCCE),,,,,,SERVICE_UNAVAILABLE,"Connectivity pre-test failed for this run: ConnectTimeout: HTTPSConnectionPool(host='ssp.imcce.fr', port=443): Max retries exceeded with url: /webservices/skybot/api/conesearch.php?-ra=155.53526111642586&-dec=-42.9632336981278&-rd=0.005555555555555556&-ep=2460805.08166331&-loc=500&-filter=120.0&-objFilter=111&-refsys=EQJ2000&-output=all&-mime=votable (Caused by ConnectTimeoutError(<HTTPSConnection(host='ssp.imcce.fr', port=443) at 0x22378784e10>, 'Connection to ssp.imcce.fr timed out. (connect timeout=300)')). Not re-attempted per candidate/epoch to avoid repeated long timeouts against an already-confirmed-down host."
3EPOCH-001,C,60822.30895912,155.520540286242,-42.971889572220135,MPC Checker,,,,,,SERVICE_UNAVAILABLE,"Connectivity pre-test failed for this run: ConnectTimeout: HTTPSConnectionPool(host='minorplanetcenter.net', port=443): Max retries exceeded with url: /cgi-bin/checkmp.cgi (Caused by ConnectTimeoutError(<HTTPSConnection(host='minorplanetcenter.net', port=443) at 0x22378784690>, 'Connection to minorplanetcenter.net timed out. (connect timeout=15)')). Not re-attempted per candidate/epoch (no working reverse position-search endpoint available via astroquery for MPC; would require the raw web form, also unreachable)."
3EPOCH-001,C,60822.30895912,155.520540286242,-42.971889572220135,JPL Horizons,,,158.25793,-12.68922,109350.32237071652,NO_MATCH,"Checked against 19 named major planets/dwarf planets/TNOs only, NOT the full minor-planet catalogue (nearest body: Orcus, 109350.3"")"
3EPOCH-001,B,60835.420874722,155.509196136213,-42.97844332704641,Gaia DR3,Gaia DR3 5416036056130695808,star (Gaia point source),155.50900130332798,-42.97835521606767,0.6032736414921611,MATCH,"Static catalogue; search radius 8.0""; 'known' radius 4.0"""
3EPOCH-001,B,60835.420874722,155.509196136213,-42.97844332704641,SIMBAD,,,,,,NO_MATCH,"No SIMBAD object within 8.0"""
3EPOCH-001,B,60835.420874722,155.509196136213,-42.97844332704641,SkyBoT (IMCCE),,,,,,SERVICE_UNAVAILABLE,"Connectivity pre-test failed for this run: ConnectTimeout: HTTPSConnectionPool(host='ssp.imcce.fr', port=443): Max retries exceeded with url: /webservices/skybot/api/conesearch.php?-ra=155.53526111642586&-dec=-42.9632336981278&-rd=0.005555555555555556&-ep=2460805.08166331&-loc=500&-filter=120.0&-objFilter=111&-refsys=EQJ2000&-output=all&-mime=votable (Caused by ConnectTimeoutError(<HTTPSConnection(host='ssp.imcce.fr', port=443) at 0x22378784e10>, 'Connection to ssp.imcce.fr timed out. (connect timeout=300)')). Not re-attempted per candidate/epoch to avoid repeated long timeouts against an already-confirmed-down host."
3EPOCH-001,B,60835.420874722,155.509196136213,-42.97844332704641,MPC Checker,,,,,,SERVICE_UNAVAILABLE,"Connectivity pre-test failed for this run: ConnectTimeout: HTTPSConnectionPool(host='minorplanetcenter.net', port=443): Max retries exceeded with url: /cgi-bin/checkmp.cgi (Caused by ConnectTimeoutError(<HTTPSConnection(host='minorplanetcenter.net', port=443) at 0x22378784690>, 'Connection to minorplanetcenter.net timed out. (connect timeout=15)')). Not re-attempted per candidate/epoch (no working reverse position-search endpoint available via astroquery for MPC; would require the raw web form, also unreachable)."
3EPOCH-001,B,60835.420874722,155.509196136213,-42.97844332704641,JPL Horizons,,,158.31182,-12.61556,109654.34438220275,NO_MATCH,"Checked against 19 named major planets/dwarf planets/TNOs only, NOT the full minor-planet catalogue (nearest body: Orcus, 109654.3"")"
3EPOCH-004,A,60804.58166331,155.87025563989727,-44.22316218656735,Gaia DR3,Gaia DR3 5415634906185248512,star (Gaia point source),155.8704001257493,-44.22300938896036,0.6644729141054653,MATCH,"Static catalogue; search radius 8.0""; 'known' radius 4.0"""
3EPOCH-004,A,60804.58166331,155.87025563989727,-44.22316218656735,SIMBAD,,,,,,NO_MATCH,"No SIMBAD object within 8.0"""
3EPOCH-004,A,60804.58166331,155.87025563989727,-44.22316218656735,SkyBoT (IMCCE),,,,,,SERVICE_UNAVAILABLE,"Connectivity pre-test failed for this run: ConnectTimeout: HTTPSConnectionPool(host='ssp.imcce.fr', port=443): Max retries exceeded with url: /webservices/skybot/api/conesearch.php?-ra=155.53526111642586&-dec=-42.9632336981278&-rd=0.005555555555555556&-ep=2460805.08166331&-loc=500&-filter=120.0&-objFilter=111&-refsys=EQJ2000&-output=all&-mime=votable (Caused by ConnectTimeoutError(<HTTPSConnection(host='ssp.imcce.fr', port=443) at 0x22378784e10>, 'Connection to ssp.imcce.fr timed out. (connect timeout=300)')). Not re-attempted per candidate/epoch to avoid repeated long timeouts against an already-confirmed-down host."
3EPOCH-004,A,60804.58166331,155.87025563989727,-44.22316218656735,MPC Checker,,,,,,SERVICE_UNAVAILABLE,"Connectivity pre-test failed for this run: ConnectTimeout: HTTPSConnectionPool(host='minorplanetcenter.net', port=443): Max retries exceeded with url: /cgi-bin/checkmp.cgi (Caused by ConnectTimeoutError(<HTTPSConnection(host='minorplanetcenter.net', port=443) at 0x22378784690>, 'Connection to minorplanetcenter.net timed out. (connect timeout=15)')). Not re-attempted per candidate/epoch (no working reverse position-search endpoint available via astroquery for MPC; would require the raw web form, also unreachable)."
3EPOCH-004,A,60804.58166331,155.87025563989727,-44.22316218656735,JPL Horizons,,,158.27436,-12.82092,113291.30868719873,NO_MATCH,"Checked against 19 named major planets/dwarf planets/TNOs only, NOT the full minor-planet catalogue (nearest body: Orcus, 113291.3"")"
3EPOCH-004,C,60822.30895912,155.87091209247012,-44.23429985352987,Gaia DR3,Gaia DR3 5415633222559688064,star (Gaia point source),155.87158307406074,-44.23486137396705,2.6611455013013146,MATCH,"Static catalogue; search radius 8.0""; 'known' radius 4.0"""
3EPOCH-004,C,60822.30895912,155.87091209247012,-44.23429985352987,SIMBAD,,,,,,NO_MATCH,"No SIMBAD object within 8.0"""
3EPOCH-004,C,60822.30895912,155.87091209247012,-44.23429985352987,SkyBoT (IMCCE),,,,,,SERVICE_UNAVAILABLE,"Connectivity pre-test failed for this run: ConnectTimeout: HTTPSConnectionPool(host='ssp.imcce.fr', port=443): Max retries exceeded with url: /webservices/skybot/api/conesearch.php?-ra=155.53526111642586&-dec=-42.9632336981278&-rd=0.005555555555555556&-ep=2460805.08166331&-loc=500&-filter=120.0&-objFilter=111&-refsys=EQJ2000&-output=all&-mime=votable (Caused by ConnectTimeoutError(<HTTPSConnection(host='ssp.imcce.fr', port=443) at 0x22378784e10>, 'Connection to ssp.imcce.fr timed out. (connect timeout=300)')). Not re-attempted per candidate/epoch to avoid repeated long timeouts against an already-confirmed-down host."
3EPOCH-004,C,60822.30895912,155.87091209247012,-44.23429985352987,MPC Checker,,,,,,SERVICE_UNAVAILABLE,"Connectivity pre-test failed for this run: ConnectTimeout: HTTPSConnectionPool(host='minorplanetcenter.net', port=443): Max retries exceeded with url: /cgi-bin/checkmp.cgi (Caused by ConnectTimeoutError(<HTTPSConnection(host='minorplanetcenter.net', port=443) at 0x22378784690>, 'Connection to minorplanetcenter.net timed out. (connect timeout=15)')). Not re-attempted per candidate/epoch (no working reverse position-search endpoint available via astroquery for MPC; would require the raw web form, also unreachable)."
3EPOCH-004,C,60822.30895912,155.87091209247012,-44.23429985352987,JPL Horizons,,,158.25793,-12.68922,113801.18952283208,NO_MATCH,"Checked against 19 named major planets/dwarf planets/TNOs only, NOT the full minor-planet catalogue (nearest body: Orcus, 113801.2"")"
3EPOCH-004,B,60835.420874722,155.87088997672618,-44.24294988350937,Gaia DR3,Gaia DR3 5415633188198500992,star (Gaia point source),155.8708471741035,-44.24318440208833,0.8514528694121212,MATCH,"Static catalogue; search radius 8.0""; 'known' radius 4.0"""
3EPOCH-004,B,60835.420874722,155.87088997672618,-44.24294988350937,SIMBAD,,,,,,NO_MATCH,"No SIMBAD object within 8.0"""
3EPOCH-004,B,60835.420874722,155.87088997672618,-44.24294988350937,SkyBoT (IMCCE),,,,,,SERVICE_UNAVAILABLE,"Connectivity pre-test failed for this run: ConnectTimeout: HTTPSConnectionPool(host='ssp.imcce.fr', port=443): Max retries exceeded with url: /webservices/skybot/api/conesearch.php?-ra=155.53526111642586&-dec=-42.9632336981278&-rd=0.005555555555555556&-ep=2460805.08166331&-loc=500&-filter=120.0&-objFilter=111&-refsys=EQJ2000&-output=all&-mime=votable (Caused by ConnectTimeoutError(<HTTPSConnection(host='ssp.imcce.fr', port=443) at 0x22378784e10>, 'Connection to ssp.imcce.fr timed out. (connect timeout=300)')). Not re-attempted per candidate/epoch to avoid repeated long timeouts against an already-confirmed-down host."
3EPOCH-004,B,60835.420874722,155.87088997672618,-44.24294988350937,MPC Checker,,,,,,SERVICE_UNAVAILABLE,"Connectivity pre-test failed for this run: ConnectTimeout: HTTPSConnectionPool(host='minorplanetcenter.net', port=443): Max retries exceeded with url: /cgi-bin/checkmp.cgi (Caused by ConnectTimeoutError(<HTTPSConnection(host='minorplanetcenter.net', port=443) at 0x22378784690>, 'Connection to minorplanetcenter.net timed out. (connect timeout=15)')). Not re-attempted per candidate/epoch (no working reverse position-search endpoint available via astroquery for MPC; would require the raw web form, also unreachable)."
3EPOCH-004,B,60835.420874722,155.87088997672618,-44.24294988350937,JPL Horizons,,,158.31182,-12.61556,114107.86023647245,NO_MATCH,"Checked against 19 named major planets/dwarf planets/TNOs only, NOT the full minor-planet catalogue (nearest body: Orcus, 114107.9"")"
3EPOCH-003,A,60804.58166331,155.87275501351874,-43.336724313859605,Gaia DR3,Gaia DR3 5415805674084266752,star (Gaia point source),155.87217802879988,-43.33673256532474,1.5110680549176332,MATCH,"Static catalogue; search radius 8.0""; 'known' radius 4.0"""
3EPOCH-003,A,60804.58166331,155.87275501351874,-43.336724313859605,SIMBAD,,,,,,NO_MATCH,"No SIMBAD object within 8.0"""
3EPOCH-003,A,60804.58166331,155.87275501351874,-43.336724313859605,SkyBoT (IMCCE),,,,,,SERVICE_UNAVAILABLE,"Connectivity pre-test failed for this run: ConnectTimeout: HTTPSConnectionPool(host='ssp.imcce.fr', port=443): Max retries exceeded with url: /webservices/skybot/api/conesearch.php?-ra=155.53526111642586&-dec=-42.9632336981278&-rd=0.005555555555555556&-ep=2460805.08166331&-loc=500&-filter=120.0&-objFilter=111&-refsys=EQJ2000&-output=all&-mime=votable (Caused by ConnectTimeoutError(<HTTPSConnection(host='ssp.imcce.fr', port=443) at 0x22378784e10>, 'Connection to ssp.imcce.fr timed out. (connect timeout=300)')). Not re-attempted per candidate/epoch to avoid repeated long timeouts against an already-confirmed-down host."
3EPOCH-003,A,60804.58166331,155.87275501351874,-43.336724313859605,MPC Checker,,,,,,SERVICE_UNAVAILABLE,"Connectivity pre-test failed for this run: ConnectTimeout: HTTPSConnectionPool(host='minorplanetcenter.net', port=443): Max retries exceeded with url: /cgi-bin/checkmp.cgi (Caused by ConnectTimeoutError(<HTTPSConnection(host='minorplanetcenter.net', port=443) at 0x22378784690>, 'Connection to minorplanetcenter.net timed out. (connect timeout=15)')). Not re-attempted per candidate/epoch (no working reverse position-search endpoint available via astroquery for MPC; would require the raw web form, also unreachable)."
3EPOCH-003,A,60804.58166331,155.87275501351874,-43.336724313859605,JPL Horizons,,,158.27436,-12.82092,110109.67075549615,NO_MATCH,"Checked against 19 named major planets/dwarf planets/TNOs only, NOT the full minor-planet catalogue (nearest body: Orcus, 110109.7"")"
3EPOCH-003,C,60822.30895912,155.8804275832888,-43.32045052731959,Gaia DR3,Gaia DR3 5415805708444008448,star (Gaia point source),155.8808680723592,-43.320322841908244,1.2418882499378594,MATCH,"Static catalogue; search radius 8.0""; 'known' radius 4.0"""
3EPOCH-003,C,60822.30895912,155.8804275832888,-43.32045052731959,SIMBAD,,,,,,NO_MATCH,"No SIMBAD object within 8.0"""
3EPOCH-003,C,60822.30895912,155.8804275832888,-43.32045052731959,SkyBoT (IMCCE),,,,,,SERVICE_UNAVAILABLE,"Connectivity pre-test failed for this run: ConnectTimeout: HTTPSConnectionPool(host='ssp.imcce.fr', port=443): Max retries exceeded with url: /webservices/skybot/api/conesearch.php?-ra=155.53526111642586&-dec=-42.9632336981278&-rd=0.005555555555555556&-ep=2460805.08166331&-loc=500&-filter=120.0&-objFilter=111&-refsys=EQJ2000&-output=all&-mime=votable (Caused by ConnectTimeoutError(<HTTPSConnection(host='ssp.imcce.fr', port=443) at 0x22378784e10>, 'Connection to ssp.imcce.fr timed out. (connect timeout=300)')). Not re-attempted per candidate/epoch to avoid repeated long timeouts against an already-confirmed-down host."
3EPOCH-003,C,60822.30895912,155.8804275832888,-43.32045052731959,MPC Checker,,,,,,SERVICE_UNAVAILABLE,"Connectivity pre-test failed for this run: ConnectTimeout: HTTPSConnectionPool(host='minorplanetcenter.net', port=443): Max retries exceeded with url: /cgi-bin/checkmp.cgi (Caused by ConnectTimeoutError(<HTTPSConnection(host='minorplanetcenter.net', port=443) at 0x22378784690>, 'Connection to minorplanetcenter.net timed out. (connect timeout=15)')). Not re-attempted per candidate/epoch (no working reverse position-search endpoint available via astroquery for MPC; would require the raw web form, also unreachable)."
3EPOCH-003,C,60822.30895912,155.8804275832888,-43.32045052731959,JPL Horizons,,,158.25793,-12.68922,110519.51587548874,NO_MATCH,"Checked against 19 named major planets/dwarf planets/TNOs only, NOT the full minor-planet catalogue (nearest body: Orcus, 110519.5"")"
3EPOCH-003,B,60835.420874722,155.8860996996873,-43.30885217761553,Gaia DR3,Gaia DR3 5415805811523226368,star (Gaia point source),155.8859680013184,-43.308889739244755,0.3705507823133843,MATCH,"Static catalogue; search radius 8.0""; 'known' radius 4.0"""
3EPOCH-003,B,60835.420874722,155.8860996996873,-43.30885217761553,SIMBAD,,,,,,NO_MATCH,"No SIMBAD object within 8.0"""
3EPOCH-003,B,60835.420874722,155.8860996996873,-43.30885217761553,SkyBoT (IMCCE),,,,,,SERVICE_UNAVAILABLE,"Connectivity pre-test failed for this run: ConnectTimeout: HTTPSConnectionPool(host='ssp.imcce.fr', port=443): Max retries exceeded with url: /webservices/skybot/api/conesearch.php?-ra=155.53526111642586&-dec=-42.9632336981278&-rd=0.005555555555555556&-ep=2460805.08166331&-loc=500&-filter=120.0&-objFilter=111&-refsys=EQJ2000&-output=all&-mime=votable (Caused by ConnectTimeoutError(<HTTPSConnection(host='ssp.imcce.fr', port=443) at 0x22378784e10>, 'Connection to ssp.imcce.fr timed out. (connect timeout=300)')). Not re-attempted per candidate/epoch to avoid repeated long timeouts against an already-confirmed-down host."
3EPOCH-003,B,60835.420874722,155.8860996996873,-43.30885217761553,MPC Checker,,,,,,SERVICE_UNAVAILABLE,"Connectivity pre-test failed for this run: ConnectTimeout: HTTPSConnectionPool(host='minorplanetcenter.net', port=443): Max retries exceeded with url: /cgi-bin/checkmp.cgi (Caused by ConnectTimeoutError(<HTTPSConnection(host='minorplanetcenter.net', port=443) at 0x22378784690>, 'Connection to minorplanetcenter.net timed out. (connect timeout=15)')). Not re-attempted per candidate/epoch (no working reverse position-search endpoint available via astroquery for MPC; would require the raw web form, also unreachable)."
3EPOCH-003,B,60835.420874722,155.8860996996873,-43.30885217761553,JPL Horizons,,,158.31182,-12.61556,110752.70422539485,NO_MATCH,"Checked against 19 named major planets/dwarf planets/TNOs only, NOT the full minor-planet catalogue (nearest body: Orcus, 110752.7"")"
3EPOCH-002,A,60804.58166331,154.58258160930131,-42.33310069876902,Gaia DR3,Gaia DR3 5416104706886845952,star (Gaia point source),154.5828013443161,-42.333474557475974,1.4674409036950158,MATCH,"Static catalogue; search radius 8.0""; 'known' radius 4.0"""
3EPOCH-002,A,60804.58166331,154.58258160930131,-42.33310069876902,SIMBAD,,,,,,NO_MATCH,"No SIMBAD object within 8.0"""
3EPOCH-002,A,60804.58166331,154.58258160930131,-42.33310069876902,SkyBoT (IMCCE),,,,,,SERVICE_UNAVAILABLE,"Connectivity pre-test failed for this run: ConnectTimeout: HTTPSConnectionPool(host='ssp.imcce.fr', port=443): Max retries exceeded with url: /webservices/skybot/api/conesearch.php?-ra=155.53526111642586&-dec=-42.9632336981278&-rd=0.005555555555555556&-ep=2460805.08166331&-loc=500&-filter=120.0&-objFilter=111&-refsys=EQJ2000&-output=all&-mime=votable (Caused by ConnectTimeoutError(<HTTPSConnection(host='ssp.imcce.fr', port=443) at 0x22378784e10>, 'Connection to ssp.imcce.fr timed out. (connect timeout=300)')). Not re-attempted per candidate/epoch to avoid repeated long timeouts against an already-confirmed-down host."
3EPOCH-002,A,60804.58166331,154.58258160930131,-42.33310069876902,MPC Checker,,,,,,SERVICE_UNAVAILABLE,"Connectivity pre-test failed for this run: ConnectTimeout: HTTPSConnectionPool(host='minorplanetcenter.net', port=443): Max retries exceeded with url: /cgi-bin/checkmp.cgi (Caused by ConnectTimeoutError(<HTTPSConnection(host='minorplanetcenter.net', port=443) at 0x22378784690>, 'Connection to minorplanetcenter.net timed out. (connect timeout=15)')). Not re-attempted per candidate/epoch (no working reverse position-search endpoint available via astroquery for MPC; would require the raw web form, also unreachable)."
3EPOCH-002,A,60804.58166331,154.58258160930131,-42.33310069876902,JPL Horizons,,,158.27436,-12.82092,106868.49252039433,NO_MATCH,"Checked against 19 named major planets/dwarf planets/TNOs only, NOT the full minor-planet catalogue (nearest body: Orcus, 106868.5"")"
3EPOCH-002,C,60822.30895912,154.56274671125126,-42.337466113123774,Gaia DR3,Gaia DR3 5416104736947534592,star (Gaia point source),154.56329394960724,-42.33719741275189,1.7482507003146806,MATCH,"Static catalogue; search radius 8.0""; 'known' radius 4.0"""
3EPOCH-002,C,60822.30895912,154.56274671125126,-42.337466113123774,SIMBAD,,,,,,NO_MATCH,"No SIMBAD object within 8.0"""
3EPOCH-002,C,60822.30895912,154.56274671125126,-42.337466113123774,SkyBoT (IMCCE),,,,,,SERVICE_UNAVAILABLE,"Connectivity pre-test failed for this run: ConnectTimeout: HTTPSConnectionPool(host='ssp.imcce.fr', port=443): Max retries exceeded with url: /webservices/skybot/api/conesearch.php?-ra=155.53526111642586&-dec=-42.9632336981278&-rd=0.005555555555555556&-ep=2460805.08166331&-loc=500&-filter=120.0&-objFilter=111&-refsys=EQJ2000&-output=all&-mime=votable (Caused by ConnectTimeoutError(<HTTPSConnection(host='ssp.imcce.fr', port=443) at 0x22378784e10>, 'Connection to ssp.imcce.fr timed out. (connect timeout=300)')). Not re-attempted per candidate/epoch to avoid repeated long timeouts against an already-confirmed-down host."
3EPOCH-002,C,60822.30895912,154.56274671125126,-42.337466113123774,MPC Checker,,,,,,SERVICE_UNAVAILABLE,"Connectivity pre-test failed for this run: ConnectTimeout: HTTPSConnectionPool(host='minorplanetcenter.net', port=443): Max retries exceeded with url: /cgi-bin/checkmp.cgi (Caused by ConnectTimeoutError(<HTTPSConnection(host='minorplanetcenter.net', port=443) at 0x22378784690>, 'Connection to minorplanetcenter.net timed out. (connect timeout=15)')). Not re-attempted per candidate/epoch (no working reverse position-search endpoint available via astroquery for MPC; would require the raw web form, also unreachable)."
3EPOCH-002,C,60822.30895912,154.56274671125126,-42.337466113123774,JPL Horizons,,,158.25793,-12.68922,107357.16097726187,NO_MATCH,"Checked against 19 named major planets/dwarf planets/TNOs only, NOT the full minor-planet catalogue (nearest body: Orcus, 107357.2"")"
3EPOCH-002,B,60835.420874722,154.54799304090884,-42.3410598516556,Gaia DR3,Gaia DR3 5416104569447889408,star (Gaia point source),154.5484090973432,-42.34095460489401,1.1701396859011455,MATCH,"Static catalogue; search radius 8.0""; 'known' radius 4.0"""
3EPOCH-002,B,60835.420874722,154.54799304090884,-42.3410598516556,SIMBAD,,,,,,NO_MATCH,"No SIMBAD object within 8.0"""
3EPOCH-002,B,60835.420874722,154.54799304090884,-42.3410598516556,SkyBoT (IMCCE),,,,,,SERVICE_UNAVAILABLE,"Connectivity pre-test failed for this run: ConnectTimeout: HTTPSConnectionPool(host='ssp.imcce.fr', port=443): Max retries exceeded with url: /webservices/skybot/api/conesearch.php?-ra=155.53526111642586&-dec=-42.9632336981278&-rd=0.005555555555555556&-ep=2460805.08166331&-loc=500&-filter=120.0&-objFilter=111&-refsys=EQJ2000&-output=all&-mime=votable (Caused by ConnectTimeoutError(<HTTPSConnection(host='ssp.imcce.fr', port=443) at 0x22378784e10>, 'Connection to ssp.imcce.fr timed out. (connect timeout=300)')). Not re-attempted per candidate/epoch to avoid repeated long timeouts against an already-confirmed-down host."
3EPOCH-002,B,60835.420874722,154.54799304090884,-42.3410598516556,MPC Checker,,,,,,SERVICE_UNAVAILABLE,"Connectivity pre-test failed for this run: ConnectTimeout: HTTPSConnectionPool(host='minorplanetcenter.net', port=443): Max retries exceeded with url: /cgi-bin/checkmp.cgi (Caused by ConnectTimeoutError(<HTTPSConnection(host='minorplanetcenter.net', port=443) at 0x22378784690>, 'Connection to minorplanetcenter.net timed out. (connect timeout=15)')). Not re-attempted per candidate/epoch (no working reverse position-search endpoint available via astroquery for MPC; would require the raw web form, also unreachable)."
3EPOCH-002,B,60835.420874722,154.54799304090884,-42.3410598516556,JPL Horizons,,,158.31182,-12.61556,107657.21195168092,NO_MATCH,"Checked against 19 named major planets/dwarf planets/TNOs only, NOT the full minor-planet catalogue (nearest body: Orcus, 107657.2"")"
3EPOCH-005,A,60804.58166331,153.78713081959637,-41.282016748846885,Gaia DR3,Gaia DR3 5416976860125656576,star (Gaia point source),153.786960607748,-41.282043722699335,0.4706010222404106,MATCH,"Static catalogue; search radius 8.0""; 'known' radius 4.0"""
3EPOCH-005,A,60804.58166331,153.78713081959637,-41.282016748846885,SIMBAD,,,,,,NO_MATCH,"No SIMBAD object within 8.0"""
3EPOCH-005,A,60804.58166331,153.78713081959637,-41.282016748846885,SkyBoT (IMCCE),,,,,,SERVICE_UNAVAILABLE,"Connectivity pre-test failed for this run: ConnectTimeout: HTTPSConnectionPool(host='ssp.imcce.fr', port=443): Max retries exceeded with url: /webservices/skybot/api/conesearch.php?-ra=155.53526111642586&-dec=-42.9632336981278&-rd=0.005555555555555556&-ep=2460805.08166331&-loc=500&-filter=120.0&-objFilter=111&-refsys=EQJ2000&-output=all&-mime=votable (Caused by ConnectTimeoutError(<HTTPSConnection(host='ssp.imcce.fr', port=443) at 0x22378784e10>, 'Connection to ssp.imcce.fr timed out. (connect timeout=300)')). Not re-attempted per candidate/epoch to avoid repeated long timeouts against an already-confirmed-down host."
3EPOCH-005,A,60804.58166331,153.78713081959637,-41.282016748846885,MPC Checker,,,,,,SERVICE_UNAVAILABLE,"Connectivity pre-test failed for this run: ConnectTimeout: HTTPSConnectionPool(host='minorplanetcenter.net', port=443): Max retries exceeded with url: /cgi-bin/checkmp.cgi (Caused by ConnectTimeoutError(<HTTPSConnection(host='minorplanetcenter.net', port=443) at 0x22378784690>, 'Connection to minorplanetcenter.net timed out. (connect timeout=15)')). Not re-attempted per candidate/epoch (no working reverse position-search endpoint available via astroquery for MPC; would require the raw web form, also unreachable)."
3EPOCH-005,A,60804.58166331,153.78713081959637,-41.282016748846885,JPL Horizons,,,158.27436,-12.82092,103427.86580238584,NO_MATCH,"Checked against 19 named major planets/dwarf planets/TNOs only, NOT the full minor-planet catalogue (nearest body: Orcus, 103427.9"")"
3EPOCH-005,C,60822.30895912,153.8095774655685,-41.28113459731972,Gaia DR3,Gaia DR3 5416976688327112192,star (Gaia point source),153.81007191814095,-41.28156183543883,2.0383669053756512,MATCH,"Static catalogue; search radius 8.0""; 'known' radius 4.0"""
3EPOCH-005,C,60822.30895912,153.8095774655685,-41.28113459731972,SIMBAD,,,,,,NO_MATCH,"No SIMBAD object within 8.0"""
3EPOCH-005,C,60822.30895912,153.8095774655685,-41.28113459731972,SkyBoT (IMCCE),,,,,,SERVICE_UNAVAILABLE,"Connectivity pre-test failed for this run: ConnectTimeout: HTTPSConnectionPool(host='ssp.imcce.fr', port=443): Max retries exceeded with url: /webservices/skybot/api/conesearch.php?-ra=155.53526111642586&-dec=-42.9632336981278&-rd=0.005555555555555556&-ep=2460805.08166331&-loc=500&-filter=120.0&-objFilter=111&-refsys=EQJ2000&-output=all&-mime=votable (Caused by ConnectTimeoutError(<HTTPSConnection(host='ssp.imcce.fr', port=443) at 0x22378784e10>, 'Connection to ssp.imcce.fr timed out. (connect timeout=300)')). Not re-attempted per candidate/epoch to avoid repeated long timeouts against an already-confirmed-down host."
3EPOCH-005,C,60822.30895912,153.8095774655685,-41.28113459731972,MPC Checker,,,,,,SERVICE_UNAVAILABLE,"Connectivity pre-test failed for this run: ConnectTimeout: HTTPSConnectionPool(host='minorplanetcenter.net', port=443): Max retries exceeded with url: /cgi-bin/checkmp.cgi (Caused by ConnectTimeoutError(<HTTPSConnection(host='minorplanetcenter.net', port=443) at 0x22378784690>, 'Connection to minorplanetcenter.net timed out. (connect timeout=15)')). Not re-attempted per candidate/epoch (no working reverse position-search endpoint available via astroquery for MPC; would require the raw web form, also unreachable)."
3EPOCH-005,C,60822.30895912,153.8095774655685,-41.28113459731972,JPL Horizons,,,158.25793,-12.68922,103878.74414635658,NO_MATCH,"Checked against 19 named major planets/dwarf planets/TNOs only, NOT the full minor-planet catalogue (nearest body: Orcus, 103878.7"")"
3EPOCH-005,B,60835.420874722,153.82526469187323,-41.28053594687157,Gaia DR3,Gaia DR3 5416976722686852096,star (Gaia point source),153.82537126971897,-41.280450452285095,0.42173906812866063,MATCH,"Static catalogue; search radius 8.0""; 'known' radius 4.0"""
3EPOCH-005,B,60835.420874722,153.82526469187323,-41.28053594687157,SIMBAD,,,,,,NO_MATCH,"No SIMBAD object within 8.0"""
3EPOCH-005,B,60835.420874722,153.82526469187323,-41.28053594687157,SkyBoT (IMCCE),,,,,,SERVICE_UNAVAILABLE,"Connectivity pre-test failed for this run: ConnectTimeout: HTTPSConnectionPool(host='ssp.imcce.fr', port=443): Max retries exceeded with url: /webservices/skybot/api/conesearch.php?-ra=155.53526111642586&-dec=-42.9632336981278&-rd=0.005555555555555556&-ep=2460805.08166331&-loc=500&-filter=120.0&-objFilter=111&-refsys=EQJ2000&-output=all&-mime=votable (Caused by ConnectTimeoutError(<HTTPSConnection(host='ssp.imcce.fr', port=443) at 0x22378784e10>, 'Connection to ssp.imcce.fr timed out. (connect timeout=300)')). Not re-attempted per candidate/epoch to avoid repeated long timeouts against an already-confirmed-down host."
3EPOCH-005,B,60835.420874722,153.82526469187323,-41.28053594687157,MPC Checker,,,,,,SERVICE_UNAVAILABLE,"Connectivity pre-test failed for this run: ConnectTimeout: HTTPSConnectionPool(host='minorplanetcenter.net', port=443): Max retries exceeded with url: /cgi-bin/checkmp.cgi (Caused by ConnectTimeoutError(<HTTPSConnection(host='minorplanetcenter.net', port=443) at 0x22378784690>, 'Connection to minorplanetcenter.net timed out. (connect timeout=15)')). Not re-attempted per candidate/epoch (no working reverse position-search endpoint available via astroquery for MPC; would require the raw web form, also unreachable)."
3EPOCH-005,B,60835.420874722,153.82526469187323,-41.28053594687157,JPL Horizons,,,158.31182,-12.61556,104156.09515267007,NO_MATCH,"Checked against 19 named major planets/dwarf planets/TNOs only, NOT the full minor-planet catalogue (nearest body: Orcus, 104156.1"")"
3EPOCH-006,A,60804.58166331,155.31832452955058,-42.97462771182811,Gaia DR3,Gaia DR3 5416016264921191808,star (Gaia point source),155.31702762038836,-42.973335355034415,5.771911500089499,MATCH,"Static catalogue; search radius 8.0""; 'known' radius 4.0"""
3EPOCH-006,A,60804.58166331,155.31832452955058,-42.97462771182811,SIMBAD,,,,,,NO_MATCH,"No SIMBAD object within 8.0"""
3EPOCH-006,A,60804.58166331,155.31832452955058,-42.97462771182811,SkyBoT (IMCCE),,,,,,SERVICE_UNAVAILABLE,"Connectivity pre-test failed for this run: ConnectTimeout: HTTPSConnectionPool(host='ssp.imcce.fr', port=443): Max retries exceeded with url: /webservices/skybot/api/conesearch.php?-ra=155.53526111642586&-dec=-42.9632336981278&-rd=0.005555555555555556&-ep=2460805.08166331&-loc=500&-filter=120.0&-objFilter=111&-refsys=EQJ2000&-output=all&-mime=votable (Caused by ConnectTimeoutError(<HTTPSConnection(host='ssp.imcce.fr', port=443) at 0x22378784e10>, 'Connection to ssp.imcce.fr timed out. (connect timeout=300)')). Not re-attempted per candidate/epoch to avoid repeated long timeouts against an already-confirmed-down host."
3EPOCH-006,A,60804.58166331,155.31832452955058,-42.97462771182811,MPC Checker,,,,,,SERVICE_UNAVAILABLE,"Connectivity pre-test failed for this run: ConnectTimeout: HTTPSConnectionPool(host='minorplanetcenter.net', port=443): Max retries exceeded with url: /cgi-bin/checkmp.cgi (Caused by ConnectTimeoutError(<HTTPSConnection(host='minorplanetcenter.net', port=443) at 0x22378784690>, 'Connection to minorplanetcenter.net timed out. (connect timeout=15)')). Not re-attempted per candidate/epoch (no working reverse position-search endpoint available via astroquery for MPC; would require the raw web form, also unreachable)."
3EPOCH-006,A,60804.58166331,155.31832452955058,-42.97462771182811,JPL Horizons,,,158.27436,-12.82092,108942.50800408688,NO_MATCH,"Checked against 19 named major planets/dwarf planets/TNOs only, NOT the full minor-planet catalogue (nearest body: Orcus, 108942.5"")"
3EPOCH-006,C,60822.30895912,155.3024299953377,-42.98253708341632,Gaia DR3,Gaia DR3 5416014959251130240,star (Gaia point source),155.3022053411111,-42.98211134204893,1.6429032677108837,MATCH,"Static catalogue; search radius 8.0""; 'known' radius 4.0"""
3EPOCH-006,C,60822.30895912,155.3024299953377,-42.98253708341632,SIMBAD,,,,,,NO_MATCH,"No SIMBAD object within 8.0"""
3EPOCH-006,C,60822.30895912,155.3024299953377,-42.98253708341632,SkyBoT (IMCCE),,,,,,SERVICE_UNAVAILABLE,"Connectivity pre-test failed for this run: ConnectTimeout: HTTPSConnectionPool(host='ssp.imcce.fr', port=443): Max retries exceeded with url: /webservices/skybot/api/conesearch.php?-ra=155.53526111642586&-dec=-42.9632336981278&-rd=0.005555555555555556&-ep=2460805.08166331&-loc=500&-filter=120.0&-objFilter=111&-refsys=EQJ2000&-output=all&-mime=votable (Caused by ConnectTimeoutError(<HTTPSConnection(host='ssp.imcce.fr', port=443) at 0x22378784e10>, 'Connection to ssp.imcce.fr timed out. (connect timeout=300)')). Not re-attempted per candidate/epoch to avoid repeated long timeouts against an already-confirmed-down host."
3EPOCH-006,C,60822.30895912,155.3024299953377,-42.98253708341632,MPC Checker,,,,,,SERVICE_UNAVAILABLE,"Connectivity pre-test failed for this run: ConnectTimeout: HTTPSConnectionPool(host='minorplanetcenter.net', port=443): Max retries exceeded with url: /cgi-bin/checkmp.cgi (Caused by ConnectTimeoutError(<HTTPSConnection(host='minorplanetcenter.net', port=443) at 0x22378784690>, 'Connection to minorplanetcenter.net timed out. (connect timeout=15)')). Not re-attempted per candidate/epoch (no working reverse position-search endpoint available via astroquery for MPC; would require the raw web form, also unreachable)."
3EPOCH-006,C,60822.30895912,155.3024299953377,-42.98253708341632,JPL Horizons,,,158.25793,-12.68922,109443.49493322821,NO_MATCH,"Checked against 19 named major planets/dwarf planets/TNOs only, NOT the full minor-planet catalogue (nearest body: Orcus, 109443.5"")"
3EPOCH-006,B,60835.420874722,155.29156369933588,-42.98759376116567,Gaia DR3,Gaia DR3 5416014959251127168,star (Gaia point source),155.29159121173294,-42.98758429937929,0.08005896643702566,MATCH,"Static catalogue; search radius 8.0""; 'known' radius 4.0"""
3EPOCH-006,B,60835.420874722,155.29156369933588,-42.98759376116567,SIMBAD,,,,,,NO_MATCH,"No SIMBAD object within 8.0"""
3EPOCH-006,B,60835.420874722,155.29156369933588,-42.98759376116567,SkyBoT (IMCCE),,,,,,SERVICE_UNAVAILABLE,"Connectivity pre-test failed for this run: ConnectTimeout: HTTPSConnectionPool(host='ssp.imcce.fr', port=443): Max retries exceeded with url: /webservices/skybot/api/conesearch.php?-ra=155.53526111642586&-dec=-42.9632336981278&-rd=0.005555555555555556&-ep=2460805.08166331&-loc=500&-filter=120.0&-objFilter=111&-refsys=EQJ2000&-output=all&-mime=votable (Caused by ConnectTimeoutError(<HTTPSConnection(host='ssp.imcce.fr', port=443) at 0x22378784e10>, 'Connection to ssp.imcce.fr timed out. (connect timeout=300)')). Not re-attempted per candidate/epoch to avoid repeated long timeouts against an already-confirmed-down host."
3EPOCH-006,B,60835.420874722,155.29156369933588,-42.98759376116567,MPC Checker,,,,,,SERVICE_UNAVAILABLE,"Connectivity pre-test failed for this run: ConnectTimeout: HTTPSConnectionPool(host='minorplanetcenter.net', port=443): Max retries exceeded with url: /cgi-bin/checkmp.cgi (Caused by ConnectTimeoutError(<HTTPSConnection(host='minorplanetcenter.net', port=443) at 0x22378784690>, 'Connection to minorplanetcenter.net timed out. (connect timeout=15)')). Not re-attempted per candidate/epoch (no working reverse position-search endpoint available via astroquery for MPC; would require the raw web form, also unreachable)."
3EPOCH-006,B,60835.420874722,155.29156369933588,-42.98759376116567,JPL Horizons,,,158.31182,-12.61556,109743.14905403151,NO_MATCH,"Checked against 19 named major planets/dwarf planets/TNOs only, NOT the full minor-planet catalogue (nearest body: Orcus, 109743.1"")"
3EPOCH-008,A,60804.58166331,156.20032299474047,-43.586015959345566,Gaia DR3,Gaia DR3 5415749598991774208,star (Gaia point source),156.20027876947762,-43.58594726870605,0.2728550850043874,MATCH,"Static catalogue; search radius 8.0""; 'known' radius 4.0"""
3EPOCH-008,A,60804.58166331,156.20032299474047,-43.586015959345566,SIMBAD,,,,,,NO_MATCH,"No SIMBAD object within 8.0"""
3EPOCH-008,A,60804.58166331,156.20032299474047,-43.586015959345566,SkyBoT (IMCCE),,,,,,SERVICE_UNAVAILABLE,"Connectivity pre-test failed for this run: ConnectTimeout: HTTPSConnectionPool(host='ssp.imcce.fr', port=443): Max retries exceeded with url: /webservices/skybot/api/conesearch.php?-ra=155.53526111642586&-dec=-42.9632336981278&-rd=0.005555555555555556&-ep=2460805.08166331&-loc=500&-filter=120.0&-objFilter=111&-refsys=EQJ2000&-output=all&-mime=votable (Caused by ConnectTimeoutError(<HTTPSConnection(host='ssp.imcce.fr', port=443) at 0x22378784e10>, 'Connection to ssp.imcce.fr timed out. (connect timeout=300)')). Not re-attempted per candidate/epoch to avoid repeated long timeouts against an already-confirmed-down host."
3EPOCH-008,A,60804.58166331,156.20032299474047,-43.586015959345566,MPC Checker,,,,,,SERVICE_UNAVAILABLE,"Connectivity pre-test failed for this run: ConnectTimeout: HTTPSConnectionPool(host='minorplanetcenter.net', port=443): Max retries exceeded with url: /cgi-bin/checkmp.cgi (Caused by ConnectTimeoutError(<HTTPSConnection(host='minorplanetcenter.net', port=443) at 0x22378784690>, 'Connection to minorplanetcenter.net timed out. (connect timeout=15)')). Not re-attempted per candidate/epoch (no working reverse position-search endpoint available via astroquery for MPC; would require the raw web form, also unreachable)."
3EPOCH-008,A,60804.58166331,156.20032299474047,-43.586015959345566,JPL Horizons,,,158.27436,-12.82092,110940.77785017174,NO_MATCH,"Checked against 19 named major planets/dwarf planets/TNOs only, NOT the full minor-planet catalogue (nearest body: Orcus, 110940.8"")"
3EPOCH-008,C,60822.30895912,156.20732170147673,-43.60227009314847,Gaia DR3,Gaia DR3 5415749152315172224,star (Gaia point source),156.20754178916596,-43.60245574929561,0.8808502789952702,MATCH,"Static catalogue; search radius 8.0""; 'known' radius 4.0"""
3EPOCH-008,C,60822.30895912,156.20732170147673,-43.60227009314847,SIMBAD,,,,,,NO_MATCH,"No SIMBAD object within 8.0"""
3EPOCH-008,C,60822.30895912,156.20732170147673,-43.60227009314847,SkyBoT (IMCCE),,,,,,SERVICE_UNAVAILABLE,"Connectivity pre-test failed for this run: ConnectTimeout: HTTPSConnectionPool(host='ssp.imcce.fr', port=443): Max retries exceeded with url: /webservices/skybot/api/conesearch.php?-ra=155.53526111642586&-dec=-42.9632336981278&-rd=0.005555555555555556&-ep=2460805.08166331&-loc=500&-filter=120.0&-objFilter=111&-refsys=EQJ2000&-output=all&-mime=votable (Caused by ConnectTimeoutError(<HTTPSConnection(host='ssp.imcce.fr', port=443) at 0x22378784e10>, 'Connection to ssp.imcce.fr timed out. (connect timeout=300)')). Not re-attempted per candidate/epoch to avoid repeated long timeouts against an already-confirmed-down host."
3EPOCH-008,C,60822.30895912,156.20732170147673,-43.60227009314847,MPC Checker,,,,,,SERVICE_UNAVAILABLE,"Connectivity pre-test failed for this run: ConnectTimeout: HTTPSConnectionPool(host='minorplanetcenter.net', port=443): Max retries exceeded with url: /cgi-bin/checkmp.cgi (Caused by ConnectTimeoutError(<HTTPSConnection(host='minorplanetcenter.net', port=443) at 0x22378784690>, 'Connection to minorplanetcenter.net timed out. (connect timeout=15)')). Not re-attempted per candidate/epoch (no working reverse position-search endpoint available via astroquery for MPC; would require the raw web form, also unreachable)."
3EPOCH-008,C,60822.30895912,156.20732170147673,-43.60227009314847,JPL Horizons,,,158.25793,-12.68922,111468.48832229488,NO_MATCH,"Checked against 19 named major planets/dwarf planets/TNOs only, NOT the full minor-planet catalogue (nearest body: Orcus, 111468.5"")"
3EPOCH-008,B,60835.420874722,156.21330566376477,-43.61319739160443,Gaia DR3,Gaia DR3 5415749152315170304,star (Gaia point source),156.21290131010042,-43.61321851714944,1.0566665401138495,MATCH,"Static catalogue; search radius 8.0""; 'known' radius 4.0"""
3EPOCH-008,B,60835.420874722,156.21330566376477,-43.61319739160443,SIMBAD,,,,,,NO_MATCH,"No SIMBAD object within 8.0"""
3EPOCH-008,B,60835.420874722,156.21330566376477,-43.61319739160443,SkyBoT (IMCCE),,,,,,SERVICE_UNAVAILABLE,"Connectivity pre-test failed for this run: ConnectTimeout: HTTPSConnectionPool(host='ssp.imcce.fr', port=443): Max retries exceeded with url: /webservices/skybot/api/conesearch.php?-ra=155.53526111642586&-dec=-42.9632336981278&-rd=0.005555555555555556&-ep=2460805.08166331&-loc=500&-filter=120.0&-objFilter=111&-refsys=EQJ2000&-output=all&-mime=votable (Caused by ConnectTimeoutError(<HTTPSConnection(host='ssp.imcce.fr', port=443) at 0x22378784e10>, 'Connection to ssp.imcce.fr timed out. (connect timeout=300)')). Not re-attempted per candidate/epoch to avoid repeated long timeouts against an already-confirmed-down host."
3EPOCH-008,B,60835.420874722,156.21330566376477,-43.61319739160443,MPC Checker,,,,,,SERVICE_UNAVAILABLE,"Connectivity pre-test failed for this run: ConnectTimeout: HTTPSConnectionPool(host='minorplanetcenter.net', port=443): Max retries exceeded with url: /cgi-bin/checkmp.cgi (Caused by ConnectTimeoutError(<HTTPSConnection(host='minorplanetcenter.net', port=443) at 0x22378784690>, 'Connection to minorplanetcenter.net timed out. (connect timeout=15)')). Not re-attempted per candidate/epoch (no working reverse position-search endpoint available via astroquery for MPC; would require the raw web form, also unreachable)."
3EPOCH-008,B,60835.420874722,156.21330566376477,-43.61319739160443,JPL Horizons,,,158.31182,-12.61556,111781.12866620792,NO_MATCH,"Checked against 19 named major planets/dwarf planets/TNOs only, NOT the full minor-planet catalogue (nearest body: Orcus, 111781.1"")"
3EPOCH-007,A,60804.58166331,153.02083978678817,-42.949156703104535,Gaia DR3,Gaia DR3 5415288834901987712,star (Gaia point source),153.02078519425731,-42.94921069284021,0.2418077318692799,MATCH,"Static catalogue; search radius 8.0""; 'known' radius 4.0"""
3EPOCH-007,A,60804.58166331,153.02083978678817,-42.949156703104535,SIMBAD,,,,,,NO_MATCH,"No SIMBAD object within 8.0"""
3EPOCH-007,A,60804.58166331,153.02083978678817,-42.949156703104535,SkyBoT (IMCCE),,,,,,SERVICE_UNAVAILABLE,"Connectivity pre-test failed for this run: ConnectTimeout: HTTPSConnectionPool(host='ssp.imcce.fr', port=443): Max retries exceeded with url: /webservices/skybot/api/conesearch.php?-ra=155.53526111642586&-dec=-42.9632336981278&-rd=0.005555555555555556&-ep=2460805.08166331&-loc=500&-filter=120.0&-objFilter=111&-refsys=EQJ2000&-output=all&-mime=votable (Caused by ConnectTimeoutError(<HTTPSConnection(host='ssp.imcce.fr', port=443) at 0x22378784e10>, 'Connection to ssp.imcce.fr timed out. (connect timeout=300)')). Not re-attempted per candidate/epoch to avoid repeated long timeouts against an already-confirmed-down host."
3EPOCH-007,A,60804.58166331,153.02083978678817,-42.949156703104535,MPC Checker,,,,,,SERVICE_UNAVAILABLE,"Connectivity pre-test failed for this run: ConnectTimeout: HTTPSConnectionPool(host='minorplanetcenter.net', port=443): Max retries exceeded with url: /cgi-bin/checkmp.cgi (Caused by ConnectTimeoutError(<HTTPSConnection(host='minorplanetcenter.net', port=443) at 0x22378784690>, 'Connection to minorplanetcenter.net timed out. (connect timeout=15)')). Not re-attempted per candidate/epoch (no working reverse position-search endpoint available via astroquery for MPC; would require the raw web form, also unreachable)."
3EPOCH-007,A,60804.58166331,153.02083978678817,-42.949156703104535,JPL Horizons,,,158.27436,-12.82092,109687.40636414228,NO_MATCH,"Checked against 19 named major planets/dwarf planets/TNOs only, NOT the full minor-planet catalogue (nearest body: Orcus, 109687.4"")"
3EPOCH-007,C,60822.30895912,153.03544118320826,-42.93626993330314,Gaia DR3,Gaia DR3 5415288869262300800,star (Gaia point source),153.03535687639967,-42.9364620813345,0.7265444054000851,MATCH,"Static catalogue; search radius 8.0""; 'known' radius 4.0"""
3EPOCH-007,C,60822.30895912,153.03544118320826,-42.93626993330314,SIMBAD,,,,,,NO_MATCH,"No SIMBAD object within 8.0"""
3EPOCH-007,C,60822.30895912,153.03544118320826,-42.93626993330314,SkyBoT (IMCCE),,,,,,SERVICE_UNAVAILABLE,"Connectivity pre-test failed for this run: ConnectTimeout: HTTPSConnectionPool(host='ssp.imcce.fr', port=443): Max retries exceeded with url: /webservices/skybot/api/conesearch.php?-ra=155.53526111642586&-dec=-42.9632336981278&-rd=0.005555555555555556&-ep=2460805.08166331&-loc=500&-filter=120.0&-objFilter=111&-refsys=EQJ2000&-output=all&-mime=votable (Caused by ConnectTimeoutError(<HTTPSConnection(host='ssp.imcce.fr', port=443) at 0x22378784e10>, 'Connection to ssp.imcce.fr timed out. (connect timeout=300)')). Not re-attempted per candidate/epoch to avoid repeated long timeouts against an already-confirmed-down host."
3EPOCH-007,C,60822.30895912,153.03544118320826,-42.93626993330314,MPC Checker,,,,,,SERVICE_UNAVAILABLE,"Connectivity pre-test failed for this run: ConnectTimeout: HTTPSConnectionPool(host='minorplanetcenter.net', port=443): Max retries exceeded with url: /cgi-bin/checkmp.cgi (Caused by ConnectTimeoutError(<HTTPSConnection(host='minorplanetcenter.net', port=443) at 0x22378784690>, 'Connection to minorplanetcenter.net timed out. (connect timeout=15)')). Not re-attempted per candidate/epoch (no working reverse position-search endpoint available via astroquery for MPC; would require the raw web form, also unreachable)."
3EPOCH-007,C,60822.30895912,153.03544118320826,-42.93626993330314,JPL Horizons,,,158.25793,-12.68922,110097.39462337291,NO_MATCH,"Checked against 19 named major planets/dwarf planets/TNOs only, NOT the full minor-planet catalogue (nearest body: Orcus, 110097.4"")"
3EPOCH-007,B,60835.420874722,153.0477975161164,-42.92635696375952,Gaia DR3,Gaia DR3 5415277217009577216,star (Gaia point source),153.04771669835253,-42.92658224818907,0.8385372846588336,MATCH,"Static catalogue; search radius 8.0""; 'known' radius 4.0"""
3EPOCH-007,B,60835.420874722,153.0477975161164,-42.92635696375952,SIMBAD,,,,,,NO_MATCH,"No SIMBAD object within 8.0"""
3EPOCH-007,B,60835.420874722,153.0477975161164,-42.92635696375952,SkyBoT (IMCCE),,,,,,SERVICE_UNAVAILABLE,"Connectivity pre-test failed for this run: ConnectTimeout: HTTPSConnectionPool(host='ssp.imcce.fr', port=443): Max retries exceeded with url: /webservices/skybot/api/conesearch.php?-ra=155.53526111642586&-dec=-42.9632336981278&-rd=0.005555555555555556&-ep=2460805.08166331&-loc=500&-filter=120.0&-objFilter=111&-refsys=EQJ2000&-output=all&-mime=votable (Caused by ConnectTimeoutError(<HTTPSConnection(host='ssp.imcce.fr', port=443) at 0x22378784e10>, 'Connection to ssp.imcce.fr timed out. (connect timeout=300)')). Not re-attempted per candidate/epoch to avoid repeated long timeouts against an already-confirmed-down host."
3EPOCH-007,B,60835.420874722,153.0477975161164,-42.92635696375952,MPC Checker,,,,,,SERVICE_UNAVAILABLE,"Connectivity pre-test failed for this run: ConnectTimeout: HTTPSConnectionPool(host='minorplanetcenter.net', port=443): Max retries exceeded with url: /cgi-bin/checkmp.cgi (Caused by ConnectTimeoutError(<HTTPSConnection(host='minorplanetcenter.net', port=443) at 0x22378784690>, 'Connection to minorplanetcenter.net timed out. (connect timeout=15)')). Not re-attempted per candidate/epoch (no working reverse position-search endpoint available via astroquery for MPC; would require the raw web form, also unreachable)."
3EPOCH-007,B,60835.420874722,153.0477975161164,-42.92635696375952,JPL Horizons,,,158.31182,-12.61556,110344.30316546037,NO_MATCH,"Checked against 19 named major planets/dwarf planets/TNOs only, NOT the full minor-planet catalogue (nearest body: Orcus, 110344.3"")"
3EPOCH-012,A,60804.58166331,155.59239947543267,-44.19580680556235,Gaia DR3,Gaia DR3 5415660779070075648,star (Gaia point source),155.59246832264486,-44.19569712648042,0.43298879407055435,MATCH,"Static catalogue; search radius 8.0""; 'known' radius 4.0"""
3EPOCH-012,A,60804.58166331,155.59239947543267,-44.19580680556235,SIMBAD,,,,,,NO_MATCH,"No SIMBAD object within 8.0"""
3EPOCH-012,A,60804.58166331,155.59239947543267,-44.19580680556235,SkyBoT (IMCCE),,,,,,SERVICE_UNAVAILABLE,"Connectivity pre-test failed for this run: ConnectTimeout: HTTPSConnectionPool(host='ssp.imcce.fr', port=443): Max retries exceeded with url: /webservices/skybot/api/conesearch.php?-ra=155.53526111642586&-dec=-42.9632336981278&-rd=0.005555555555555556&-ep=2460805.08166331&-loc=500&-filter=120.0&-objFilter=111&-refsys=EQJ2000&-output=all&-mime=votable (Caused by ConnectTimeoutError(<HTTPSConnection(host='ssp.imcce.fr', port=443) at 0x22378784e10>, 'Connection to ssp.imcce.fr timed out. (connect timeout=300)')). Not re-attempted per candidate/epoch to avoid repeated long timeouts against an already-confirmed-down host."
3EPOCH-012,A,60804.58166331,155.59239947543267,-44.19580680556235,MPC Checker,,,,,,SERVICE_UNAVAILABLE,"Connectivity pre-test failed for this run: ConnectTimeout: HTTPSConnectionPool(host='minorplanetcenter.net', port=443): Max retries exceeded with url: /cgi-bin/checkmp.cgi (Caused by ConnectTimeoutError(<HTTPSConnection(host='minorplanetcenter.net', port=443) at 0x22378784690>, 'Connection to minorplanetcenter.net timed out. (connect timeout=15)')). Not re-attempted per candidate/epoch (no working reverse position-search endpoint available via astroquery for MPC; would require the raw web form, also unreachable)."
3EPOCH-012,A,60804.58166331,155.59239947543267,-44.19580680556235,JPL Horizons,,,158.27436,-12.82092,113252.59760474072,NO_MATCH,"Checked against 19 named major planets/dwarf planets/TNOs only, NOT the full minor-planet catalogue (nearest body: Orcus, 113252.6"")"
3EPOCH-012,C,60822.30895912,155.61795832570888,-44.19367676043392,Gaia DR3,Gaia DR3 5415660675988834304,star (Gaia point source),155.6183384264789,-44.193705479182356,0.9865312337537745,MATCH,"Static catalogue; search radius 8.0""; 'known' radius 4.0"""
3EPOCH-012,C,60822.30895912,155.61795832570888,-44.19367676043392,SIMBAD,,,,,,NO_MATCH,"No SIMBAD object within 8.0"""
3EPOCH-012,C,60822.30895912,155.61795832570888,-44.19367676043392,SkyBoT (IMCCE),,,,,,SERVICE_UNAVAILABLE,"Connectivity pre-test failed for this run: ConnectTimeout: HTTPSConnectionPool(host='ssp.imcce.fr', port=443): Max retries exceeded with url: /webservices/skybot/api/conesearch.php?-ra=155.53526111642586&-dec=-42.9632336981278&-rd=0.005555555555555556&-ep=2460805.08166331&-loc=500&-filter=120.0&-objFilter=111&-refsys=EQJ2000&-output=all&-mime=votable (Caused by ConnectTimeoutError(<HTTPSConnection(host='ssp.imcce.fr', port=443) at 0x22378784e10>, 'Connection to ssp.imcce.fr timed out. (connect timeout=300)')). Not re-attempted per candidate/epoch to avoid repeated long timeouts against an already-confirmed-down host."
3EPOCH-012,C,60822.30895912,155.61795832570888,-44.19367676043392,MPC Checker,,,,,,SERVICE_UNAVAILABLE,"Connectivity pre-test failed for this run: ConnectTimeout: HTTPSConnectionPool(host='minorplanetcenter.net', port=443): Max retries exceeded with url: /cgi-bin/checkmp.cgi (Caused by ConnectTimeoutError(<HTTPSConnection(host='minorplanetcenter.net', port=443) at 0x22378784690>, 'Connection to minorplanetcenter.net timed out. (connect timeout=15)')). Not re-attempted per candidate/epoch (no working reverse position-search endpoint available via astroquery for MPC; would require the raw web form, also unreachable)."
3EPOCH-012,C,60822.30895912,155.61795832570888,-44.19367676043392,JPL Horizons,,,158.25793,-12.68922,113708.73018429018,NO_MATCH,"Checked against 19 named major planets/dwarf planets/TNOs only, NOT the full minor-planet catalogue (nearest body: Orcus, 113708.7"")"
3EPOCH-012,B,60835.420874722,155.6350143596353,-44.19152817971182,Gaia DR3,Gaia DR3 5415660710348574208,star (Gaia point source),155.63518784837262,-44.191433732228184,0.5622707811926128,MATCH,"Static catalogue; search radius 8.0""; 'known' radius 4.0"""
3EPOCH-012,B,60835.420874722,155.6350143596353,-44.19152817971182,SIMBAD,,,,,,NO_MATCH,"No SIMBAD object within 8.0"""
3EPOCH-012,B,60835.420874722,155.6350143596353,-44.19152817971182,SkyBoT (IMCCE),,,,,,SERVICE_UNAVAILABLE,"Connectivity pre-test failed for this run: ConnectTimeout: HTTPSConnectionPool(host='ssp.imcce.fr', port=443): Max retries exceeded with url: /webservices/skybot/api/conesearch.php?-ra=155.53526111642586&-dec=-42.9632336981278&-rd=0.005555555555555556&-ep=2460805.08166331&-loc=500&-filter=120.0&-objFilter=111&-refsys=EQJ2000&-output=all&-mime=votable (Caused by ConnectTimeoutError(<HTTPSConnection(host='ssp.imcce.fr', port=443) at 0x22378784e10>, 'Connection to ssp.imcce.fr timed out. (connect timeout=300)')). Not re-attempted per candidate/epoch to avoid repeated long timeouts against an already-confirmed-down host."
3EPOCH-012,B,60835.420874722,155.6350143596353,-44.19152817971182,MPC Checker,,,,,,SERVICE_UNAVAILABLE,"Connectivity pre-test failed for this run: ConnectTimeout: HTTPSConnectionPool(host='minorplanetcenter.net', port=443): Max retries exceeded with url: /cgi-bin/checkmp.cgi (Caused by ConnectTimeoutError(<HTTPSConnection(host='minorplanetcenter.net', port=443) at 0x22378784690>, 'Connection to minorplanetcenter.net timed out. (connect timeout=15)')). Not re-attempted per candidate/epoch (no working reverse position-search endpoint available via astroquery for MPC; would require the raw web form, also unreachable)."
3EPOCH-012,B,60835.420874722,155.6350143596353,-44.19152817971182,JPL Horizons,,,158.31182,-12.61556,113973.87233042499,NO_MATCH,"Checked against 19 named major planets/dwarf planets/TNOs only, NOT the full minor-planet catalogue (nearest body: Orcus, 113973.9"")"
3EPOCH-009,A,60804.58166331,152.8276332817303,-43.27938326175982,Gaia DR3,Gaia DR3 5415255402876092416,star (Gaia point source),152.82779998827243,-43.279385126461854,0.436967761631883,MATCH,"Static catalogue; search radius 8.0""; 'known' radius 4.0"""
3EPOCH-009,A,60804.58166331,152.8276332817303,-43.27938326175982,SIMBAD,,,,,,NO_MATCH,"No SIMBAD object within 8.0"""
3EPOCH-009,A,60804.58166331,152.8276332817303,-43.27938326175982,SkyBoT (IMCCE),,,,,,SERVICE_UNAVAILABLE,"Connectivity pre-test failed for this run: ConnectTimeout: HTTPSConnectionPool(host='ssp.imcce.fr', port=443): Max retries exceeded with url: /webservices/skybot/api/conesearch.php?-ra=155.53526111642586&-dec=-42.9632336981278&-rd=0.005555555555555556&-ep=2460805.08166331&-loc=500&-filter=120.0&-objFilter=111&-refsys=EQJ2000&-output=all&-mime=votable (Caused by ConnectTimeoutError(<HTTPSConnection(host='ssp.imcce.fr', port=443) at 0x22378784e10>, 'Connection to ssp.imcce.fr timed out. (connect timeout=300)')). Not re-attempted per candidate/epoch to avoid repeated long timeouts against an already-confirmed-down host."
3EPOCH-009,A,60804.58166331,152.8276332817303,-43.27938326175982,MPC Checker,,,,,,SERVICE_UNAVAILABLE,"Connectivity pre-test failed for this run: ConnectTimeout: HTTPSConnectionPool(host='minorplanetcenter.net', port=443): Max retries exceeded with url: /cgi-bin/checkmp.cgi (Caused by ConnectTimeoutError(<HTTPSConnection(host='minorplanetcenter.net', port=443) at 0x22378784690>, 'Connection to minorplanetcenter.net timed out. (connect timeout=15)')). Not re-attempted per candidate/epoch (no working reverse position-search endpoint available via astroquery for MPC; would require the raw web form, also unreachable)."
3EPOCH-009,A,60804.58166331,152.8276332817303,-43.27938326175982,JPL Horizons,,,158.27436,-12.82092,110947.72112951796,NO_MATCH,"Checked against 19 named major planets/dwarf planets/TNOs only, NOT the full minor-planet catalogue (nearest body: Orcus, 110947.7"")"
3EPOCH-009,C,60822.30895912,152.83447775777682,-43.26315234662986,Gaia DR3,Gaia DR3 5415255505948412160,star (Gaia point source),152.83498761408316,-43.26303583477591,1.4008919267789064,MATCH,"Static catalogue; search radius 8.0""; 'known' radius 4.0"""
3EPOCH-009,C,60822.30895912,152.83447775777682,-43.26315234662986,SIMBAD,,,,,,NO_MATCH,"No SIMBAD object within 8.0"""
3EPOCH-009,C,60822.30895912,152.83447775777682,-43.26315234662986,SkyBoT (IMCCE),,,,,,SERVICE_UNAVAILABLE,"Connectivity pre-test failed for this run: ConnectTimeout: HTTPSConnectionPool(host='ssp.imcce.fr', port=443): Max retries exceeded with url: /webservices/skybot/api/conesearch.php?-ra=155.53526111642586&-dec=-42.9632336981278&-rd=0.005555555555555556&-ep=2460805.08166331&-loc=500&-filter=120.0&-objFilter=111&-refsys=EQJ2000&-output=all&-mime=votable (Caused by ConnectTimeoutError(<HTTPSConnection(host='ssp.imcce.fr', port=443) at 0x22378784e10>, 'Connection to ssp.imcce.fr timed out. (connect timeout=300)')). Not re-attempted per candidate/epoch to avoid repeated long timeouts against an already-confirmed-down host."
3EPOCH-009,C,60822.30895912,152.83447775777682,-43.26315234662986,MPC Checker,,,,,,SERVICE_UNAVAILABLE,"Connectivity pre-test failed for this run: ConnectTimeout: HTTPSConnectionPool(host='minorplanetcenter.net', port=443): Max retries exceeded with url: /cgi-bin/checkmp.cgi (Caused by ConnectTimeoutError(<HTTPSConnection(host='minorplanetcenter.net', port=443) at 0x22378784690>, 'Connection to minorplanetcenter.net timed out. (connect timeout=15)')). Not re-attempted per candidate/epoch (no working reverse position-search endpoint available via astroquery for MPC; would require the raw web form, also unreachable)."
3EPOCH-009,C,60822.30895912,152.83447775777682,-43.26315234662986,JPL Horizons,,,158.25793,-12.68922,111349.08041752833,NO_MATCH,"Checked against 19 named major planets/dwarf planets/TNOs only, NOT the full minor-planet catalogue (nearest body: Orcus, 111349.1"")"
3EPOCH-009,B,60835.420874722,152.83827856091713,-43.25200468491431,Gaia DR3,Gaia DR3 5415255540314948736,star (Gaia point source),152.83790944437368,-43.25196661839255,0.9774957916206977,MATCH,"Static catalogue; search radius 8.0""; 'known' radius 4.0"""
3EPOCH-009,B,60835.420874722,152.83827856091713,-43.25200468491431,SIMBAD,,,,,,NO_MATCH,"No SIMBAD object within 8.0"""
3EPOCH-009,B,60835.420874722,152.83827856091713,-43.25200468491431,SkyBoT (IMCCE),,,,,,SERVICE_UNAVAILABLE,"Connectivity pre-test failed for this run: ConnectTimeout: HTTPSConnectionPool(host='ssp.imcce.fr', port=443): Max retries exceeded with url: /webservices/skybot/api/conesearch.php?-ra=155.53526111642586&-dec=-42.9632336981278&-rd=0.005555555555555556&-ep=2460805.08166331&-loc=500&-filter=120.0&-objFilter=111&-refsys=EQJ2000&-output=all&-mime=votable (Caused by ConnectTimeoutError(<HTTPSConnection(host='ssp.imcce.fr', port=443) at 0x22378784e10>, 'Connection to ssp.imcce.fr timed out. (connect timeout=300)')). Not re-attempted per candidate/epoch to avoid repeated long timeouts against an already-confirmed-down host."
3EPOCH-009,B,60835.420874722,152.83827856091713,-43.25200468491431,MPC Checker,,,,,,SERVICE_UNAVAILABLE,"Connectivity pre-test failed for this run: ConnectTimeout: HTTPSConnectionPool(host='minorplanetcenter.net', port=443): Max retries exceeded with url: /cgi-bin/checkmp.cgi (Caused by ConnectTimeoutError(<HTTPSConnection(host='minorplanetcenter.net', port=443) at 0x22378784690>, 'Connection to minorplanetcenter.net timed out. (connect timeout=15)')). Not re-attempted per candidate/epoch (no working reverse position-search endpoint available via astroquery for MPC; would require the raw web form, also unreachable)."
3EPOCH-009,B,60835.420874722,152.83827856091713,-43.25200468491431,JPL Horizons,,,158.31182,-12.61556,111596.02179981946,NO_MATCH,"Checked against 19 named major planets/dwarf planets/TNOs only, NOT the full minor-planet catalogue (nearest body: Orcus, 111596.0"")"
3EPOCH-020,A,60804.58166331,154.1558958945717,-43.46500210904643,Gaia DR3,Gaia DR3 5415950500381452160,star (Gaia point source),154.1563053202138,-43.465497145057896,2.0785546376353157,MATCH,"Static catalogue; search radius 8.0""; 'known' radius 4.0"""
3EPOCH-020,A,60804.58166331,154.1558958945717,-43.46500210904643,SIMBAD,,,,,,NO_MATCH,"No SIMBAD object within 8.0"""
3EPOCH-020,A,60804.58166331,154.1558958945717,-43.46500210904643,SkyBoT (IMCCE),,,,,,SERVICE_UNAVAILABLE,"Connectivity pre-test failed for this run: ConnectTimeout: HTTPSConnectionPool(host='ssp.imcce.fr', port=443): Max retries exceeded with url: /webservices/skybot/api/conesearch.php?-ra=155.53526111642586&-dec=-42.9632336981278&-rd=0.005555555555555556&-ep=2460805.08166331&-loc=500&-filter=120.0&-objFilter=111&-refsys=EQJ2000&-output=all&-mime=votable (Caused by ConnectTimeoutError(<HTTPSConnection(host='ssp.imcce.fr', port=443) at 0x22378784e10>, 'Connection to ssp.imcce.fr timed out. (connect timeout=300)')). Not re-attempted per candidate/epoch to avoid repeated long timeouts against an already-confirmed-down host."
3EPOCH-020,A,60804.58166331,154.1558958945717,-43.46500210904643,MPC Checker,,,,,,SERVICE_UNAVAILABLE,"Connectivity pre-test failed for this run: ConnectTimeout: HTTPSConnectionPool(host='minorplanetcenter.net', port=443): Max retries exceeded with url: /cgi-bin/checkmp.cgi (Caused by ConnectTimeoutError(<HTTPSConnection(host='minorplanetcenter.net', port=443) at 0x22378784690>, 'Connection to minorplanetcenter.net timed out. (connect timeout=15)')). Not re-attempted per candidate/epoch (no working reverse position-search endpoint available via astroquery for MPC; would require the raw web form, also unreachable)."
3EPOCH-020,A,60804.58166331,154.1558958945717,-43.46500210904643,JPL Horizons,,,158.27436,-12.82092,111056.01790219208,NO_MATCH,"Checked against 19 named major planets/dwarf planets/TNOs only, NOT the full minor-planet catalogue (nearest body: Orcus, 111056.0"")"
3EPOCH-020,C,60822.30895912,154.1541733465575,-43.47957976518533,Gaia DR3,Gaia DR3 5415950259863468160,star (Gaia point source),154.154635183249,-43.4796623787635,1.2425413253638526,MATCH,"Static catalogue; search radius 8.0""; 'known' radius 4.0"""
3EPOCH-020,C,60822.30895912,154.1541733465575,-43.47957976518533,SIMBAD,,,,,,NO_MATCH,"No SIMBAD object within 8.0"""
3EPOCH-020,C,60822.30895912,154.1541733465575,-43.47957976518533,SkyBoT (IMCCE),,,,,,SERVICE_UNAVAILABLE,"Connectivity pre-test failed for this run: ConnectTimeout: HTTPSConnectionPool(host='ssp.imcce.fr', port=443): Max retries exceeded with url: /webservices/skybot/api/conesearch.php?-ra=155.53526111642586&-dec=-42.9632336981278&-rd=0.005555555555555556&-ep=2460805.08166331&-loc=500&-filter=120.0&-objFilter=111&-refsys=EQJ2000&-output=all&-mime=votable (Caused by ConnectTimeoutError(<HTTPSConnection(host='ssp.imcce.fr', port=443) at 0x22378784e10>, 'Connection to ssp.imcce.fr timed out. (connect timeout=300)')). Not re-attempted per candidate/epoch to avoid repeated long timeouts against an already-confirmed-down host."
3EPOCH-020,C,60822.30895912,154.1541733465575,-43.47957976518533,MPC Checker,,,,,,SERVICE_UNAVAILABLE,"Connectivity pre-test failed for this run: ConnectTimeout: HTTPSConnectionPool(host='minorplanetcenter.net', port=443): Max retries exceeded with url: /cgi-bin/checkmp.cgi (Caused by ConnectTimeoutError(<HTTPSConnection(host='minorplanetcenter.net', port=443) at 0x22378784690>, 'Connection to minorplanetcenter.net timed out. (connect timeout=15)')). Not re-attempted per candidate/epoch (no working reverse position-search endpoint available via astroquery for MPC; would require the raw web form, also unreachable)."
3EPOCH-020,C,60822.30895912,154.1541733465575,-43.47957976518533,JPL Horizons,,,158.25793,-12.68922,111574.46445053005,NO_MATCH,"Checked against 19 named major planets/dwarf planets/TNOs only, NOT the full minor-planet catalogue (nearest body: Orcus, 111574.5"")"
3EPOCH-020,B,60835.420874722,154.1553597642622,-43.49041441967437,Gaia DR3,Gaia DR3 5415948782394530432,star (Gaia point source),154.15528972730075,-43.49051255483867,0.3978329410952371,MATCH,"Static catalogue; search radius 8.0""; 'known' radius 4.0"""
3EPOCH-020,B,60835.420874722,154.1553597642622,-43.49041441967437,SIMBAD,,,,,,NO_MATCH,"No SIMBAD object within 8.0"""
3EPOCH-020,B,60835.420874722,154.1553597642622,-43.49041441967437,SkyBoT (IMCCE),,,,,,SERVICE_UNAVAILABLE,"Connectivity pre-test failed for this run: ConnectTimeout: HTTPSConnectionPool(host='ssp.imcce.fr', port=443): Max retries exceeded with url: /webservices/skybot/api/conesearch.php?-ra=155.53526111642586&-dec=-42.9632336981278&-rd=0.005555555555555556&-ep=2460805.08166331&-loc=500&-filter=120.0&-objFilter=111&-refsys=EQJ2000&-output=all&-mime=votable (Caused by ConnectTimeoutError(<HTTPSConnection(host='ssp.imcce.fr', port=443) at 0x22378784e10>, 'Connection to ssp.imcce.fr timed out. (connect timeout=300)')). Not re-attempted per candidate/epoch to avoid repeated long timeouts against an already-confirmed-down host."
3EPOCH-020,B,60835.420874722,154.1553597642622,-43.49041441967437,MPC Checker,,,,,,SERVICE_UNAVAILABLE,"Connectivity pre-test failed for this run: ConnectTimeout: HTTPSConnectionPool(host='minorplanetcenter.net', port=443): Max retries exceeded with url: /cgi-bin/checkmp.cgi (Caused by ConnectTimeoutError(<HTTPSConnection(host='minorplanetcenter.net', port=443) at 0x22378784690>, 'Connection to minorplanetcenter.net timed out. (connect timeout=15)')). Not re-attempted per candidate/epoch (no working reverse position-search endpoint available via astroquery for MPC; would require the raw web form, also unreachable)."
3EPOCH-020,B,60835.420874722,154.1553597642622,-43.49041441967437,JPL Horizons,,,158.31182,-12.61556,111895.67811134862,NO_MATCH,"Checked against 19 named major planets/dwarf planets/TNOs only, NOT the full minor-planet catalogue (nearest body: Orcus, 111895.7"")"
3EPOCH-013,A,60804.58166331,153.01408189374678,-43.29444356783956,Gaia DR3,Gaia DR3 5415266290611976704,star (Gaia point source),153.01406988239364,-43.29489735245459,1.6339277476885898,MATCH,"Static catalogue; search radius 8.0""; 'known' radius 4.0"""
3EPOCH-013,A,60804.58166331,153.01408189374678,-43.29444356783956,SIMBAD,,,,,,NO_MATCH,"No SIMBAD object within 8.0"""
3EPOCH-013,A,60804.58166331,153.01408189374678,-43.29444356783956,SkyBoT (IMCCE),,,,,,SERVICE_UNAVAILABLE,"Connectivity pre-test failed for this run: ConnectTimeout: HTTPSConnectionPool(host='ssp.imcce.fr', port=443): Max retries exceeded with url: /webservices/skybot/api/conesearch.php?-ra=155.53526111642586&-dec=-42.9632336981278&-rd=0.005555555555555556&-ep=2460805.08166331&-loc=500&-filter=120.0&-objFilter=111&-refsys=EQJ2000&-output=all&-mime=votable (Caused by ConnectTimeoutError(<HTTPSConnection(host='ssp.imcce.fr', port=443) at 0x22378784e10>, 'Connection to ssp.imcce.fr timed out. (connect timeout=300)')). Not re-attempted per candidate/epoch to avoid repeated long timeouts against an already-confirmed-down host."
3EPOCH-013,A,60804.58166331,153.01408189374678,-43.29444356783956,MPC Checker,,,,,,SERVICE_UNAVAILABLE,"Connectivity pre-test failed for this run: ConnectTimeout: HTTPSConnectionPool(host='minorplanetcenter.net', port=443): Max retries exceeded with url: /cgi-bin/checkmp.cgi (Caused by ConnectTimeoutError(<HTTPSConnection(host='minorplanetcenter.net', port=443) at 0x22378784690>, 'Connection to minorplanetcenter.net timed out. (connect timeout=15)')). Not re-attempted per candidate/epoch (no working reverse position-search endpoint available via astroquery for MPC; would require the raw web form, also unreachable)."
3EPOCH-013,A,60804.58166331,153.01408189374678,-43.29444356783956,JPL Horizons,,,158.27436,-12.82092,110914.3035083848,NO_MATCH,"Checked against 19 named major planets/dwarf planets/TNOs only, NOT the full minor-planet catalogue (nearest body: Orcus, 110914.3"")"
3EPOCH-013,C,60822.30895912,153.03739340125546,-43.29153233206265,Gaia DR3,Gaia DR3 5415263374335894272,star (Gaia point source),153.0372738654814,-43.292159589570375,2.279747063971963,MATCH,"Static catalogue; search radius 8.0""; 'known' radius 4.0"""
3EPOCH-013,C,60822.30895912,153.03739340125546,-43.29153233206265,SIMBAD,,,,,,NO_MATCH,"No SIMBAD object within 8.0"""
3EPOCH-013,C,60822.30895912,153.03739340125546,-43.29153233206265,SkyBoT (IMCCE),,,,,,SERVICE_UNAVAILABLE,"Connectivity pre-test failed for this run: ConnectTimeout: HTTPSConnectionPool(host='ssp.imcce.fr', port=443): Max retries exceeded with url: /webservices/skybot/api/conesearch.php?-ra=155.53526111642586&-dec=-42.9632336981278&-rd=0.005555555555555556&-ep=2460805.08166331&-loc=500&-filter=120.0&-objFilter=111&-refsys=EQJ2000&-output=all&-mime=votable (Caused by ConnectTimeoutError(<HTTPSConnection(host='ssp.imcce.fr', port=443) at 0x22378784e10>, 'Connection to ssp.imcce.fr timed out. (connect timeout=300)')). Not re-attempted per candidate/epoch to avoid repeated long timeouts against an already-confirmed-down host."
3EPOCH-013,C,60822.30895912,153.03739340125546,-43.29153233206265,MPC Checker,,,,,,SERVICE_UNAVAILABLE,"Connectivity pre-test failed for this run: ConnectTimeout: HTTPSConnectionPool(host='minorplanetcenter.net', port=443): Max retries exceeded with url: /cgi-bin/checkmp.cgi (Caused by ConnectTimeoutError(<HTTPSConnection(host='minorplanetcenter.net', port=443) at 0x22378784690>, 'Connection to minorplanetcenter.net timed out. (connect timeout=15)')). Not re-attempted per candidate/epoch (no working reverse position-search endpoint available via astroquery for MPC; would require the raw web form, also unreachable)."
3EPOCH-013,C,60822.30895912,153.03739340125546,-43.29153233206265,JPL Horizons,,,158.25793,-12.68922,111356.02703228802,NO_MATCH,"Checked against 19 named major planets/dwarf planets/TNOs only, NOT the full minor-planet catalogue (nearest body: Orcus, 111356.0"")"
3EPOCH-013,B,60835.420874722,153.0528645592934,-43.28851909418008,Gaia DR3,Gaia DR3 5415263408695634304,star (Gaia point source),153.05244736787535,-43.288877873066404,1.6921608317758803,MATCH,"Static catalogue; search radius 8.0""; 'known' radius 4.0"""
3EPOCH-013,B,60835.420874722,153.0528645592934,-43.28851909418008,SIMBAD,,,,,,NO_MATCH,"No SIMBAD object within 8.0"""
3EPOCH-013,B,60835.420874722,153.0528645592934,-43.28851909418008,SkyBoT (IMCCE),,,,,,SERVICE_UNAVAILABLE,"Connectivity pre-test failed for this run: ConnectTimeout: HTTPSConnectionPool(host='ssp.imcce.fr', port=443): Max retries exceeded with url: /webservices/skybot/api/conesearch.php?-ra=155.53526111642586&-dec=-42.9632336981278&-rd=0.005555555555555556&-ep=2460805.08166331&-loc=500&-filter=120.0&-objFilter=111&-refsys=EQJ2000&-output=all&-mime=votable (Caused by ConnectTimeoutError(<HTTPSConnection(host='ssp.imcce.fr', port=443) at 0x22378784e10>, 'Connection to ssp.imcce.fr timed out. (connect timeout=300)')). Not re-attempted per candidate/epoch to avoid repeated long timeouts against an already-confirmed-down host."
3EPOCH-013,B,60835.420874722,153.0528645592934,-43.28851909418008,MPC Checker,,,,,,SERVICE_UNAVAILABLE,"Connectivity pre-test failed for this run: ConnectTimeout: HTTPSConnectionPool(host='minorplanetcenter.net', port=443): Max retries exceeded with url: /cgi-bin/checkmp.cgi (Caused by ConnectTimeoutError(<HTTPSConnection(host='minorplanetcenter.net', port=443) at 0x22378784690>, 'Connection to minorplanetcenter.net timed out. (connect timeout=15)')). Not re-attempted per candidate/epoch (no working reverse position-search endpoint available via astroquery for MPC; would require the raw web form, also unreachable)."
3EPOCH-013,B,60835.420874722,153.0528645592934,-43.28851909418008,JPL Horizons,,,158.31182,-12.61556,111625.7300260004,NO_MATCH,"Checked against 19 named major planets/dwarf planets/TNOs only, NOT the full minor-planet catalogue (nearest body: Orcus, 111625.7"")"
3EPOCH-015,A,60804.58166331,156.56980005763,-44.68810846012959,Gaia DR3,Gaia DR3 5367559997212680192,star (Gaia point source),156.57013549626416,-44.687972743921485,0.9878117295758376,MATCH,"Static catalogue; search radius 8.0""; 'known' radius 4.0"""
3EPOCH-015,A,60804.58166331,156.56980005763,-44.68810846012959,SIMBAD,,,,,,NO_MATCH,"No SIMBAD object within 8.0"""
3EPOCH-015,A,60804.58166331,156.56980005763,-44.68810846012959,SkyBoT (IMCCE),,,,,,SERVICE_UNAVAILABLE,"Connectivity pre-test failed for this run: ConnectTimeout: HTTPSConnectionPool(host='ssp.imcce.fr', port=443): Max retries exceeded with url: /webservices/skybot/api/conesearch.php?-ra=155.53526111642586&-dec=-42.9632336981278&-rd=0.005555555555555556&-ep=2460805.08166331&-loc=500&-filter=120.0&-objFilter=111&-refsys=EQJ2000&-output=all&-mime=votable (Caused by ConnectTimeoutError(<HTTPSConnection(host='ssp.imcce.fr', port=443) at 0x22378784e10>, 'Connection to ssp.imcce.fr timed out. (connect timeout=300)')). Not re-attempted per candidate/epoch to avoid repeated long timeouts against an already-confirmed-down host."
3EPOCH-015,A,60804.58166331,156.56980005763,-44.68810846012959,MPC Checker,,,,,,SERVICE_UNAVAILABLE,"Connectivity pre-test failed for this run: ConnectTimeout: HTTPSConnectionPool(host='minorplanetcenter.net', port=443): Max retries exceeded with url: /cgi-bin/checkmp.cgi (Caused by ConnectTimeoutError(<HTTPSConnection(host='minorplanetcenter.net', port=443) at 0x22378784690>, 'Connection to minorplanetcenter.net timed out. (connect timeout=15)')). Not re-attempted per candidate/epoch (no working reverse position-search endpoint available via astroquery for MPC; would require the raw web form, also unreachable)."
3EPOCH-015,A,60804.58166331,156.56980005763,-44.68810846012959,JPL Horizons,,,158.27436,-12.82092,114841.66732678731,NO_MATCH,"Checked against 19 named major planets/dwarf planets/TNOs only, NOT the full minor-planet catalogue (nearest body: Orcus, 114841.7"")"
3EPOCH-015,C,60822.30895912,156.5615622736618,-44.69590112783155,Gaia DR3,Gaia DR3 5367559894133462912,star (Gaia point source),156.56185209557935,-44.69607349969159,0.9670280191100488,MATCH,"Static catalogue; search radius 8.0""; 'known' radius 4.0"""
3EPOCH-015,C,60822.30895912,156.5615622736618,-44.69590112783155,SIMBAD,,,,,,NO_MATCH,"No SIMBAD object within 8.0"""
3EPOCH-015,C,60822.30895912,156.5615622736618,-44.69590112783155,SkyBoT (IMCCE),,,,,,SERVICE_UNAVAILABLE,"Connectivity pre-test failed for this run: ConnectTimeout: HTTPSConnectionPool(host='ssp.imcce.fr', port=443): Max retries exceeded with url: /webservices/skybot/api/conesearch.php?-ra=155.53526111642586&-dec=-42.9632336981278&-rd=0.005555555555555556&-ep=2460805.08166331&-loc=500&-filter=120.0&-objFilter=111&-refsys=EQJ2000&-output=all&-mime=votable (Caused by ConnectTimeoutError(<HTTPSConnection(host='ssp.imcce.fr', port=443) at 0x22378784e10>, 'Connection to ssp.imcce.fr timed out. (connect timeout=300)')). Not re-attempted per candidate/epoch to avoid repeated long timeouts against an already-confirmed-down host."
3EPOCH-015,C,60822.30895912,156.5615622736618,-44.69590112783155,MPC Checker,,,,,,SERVICE_UNAVAILABLE,"Connectivity pre-test failed for this run: ConnectTimeout: HTTPSConnectionPool(host='minorplanetcenter.net', port=443): Max retries exceeded with url: /cgi-bin/checkmp.cgi (Caused by ConnectTimeoutError(<HTTPSConnection(host='minorplanetcenter.net', port=443) at 0x22378784690>, 'Connection to minorplanetcenter.net timed out. (connect timeout=15)')). Not re-attempted per candidate/epoch (no working reverse position-search endpoint available via astroquery for MPC; would require the raw web form, also unreachable)."
3EPOCH-015,C,60822.30895912,156.5615622736618,-44.69590112783155,JPL Horizons,,,158.25793,-12.68922,115342.27649564222,NO_MATCH,"Checked against 19 named major planets/dwarf planets/TNOs only, NOT the full minor-planet catalogue (nearest body: Orcus, 115342.3"")"
3EPOCH-015,B,60835.420874722,156.55696979411718,-44.70287439767328,Gaia DR3,Gaia DR3 5367559894133461632,star (Gaia point source),156.55697000261557,-44.7030917001283,0.782289019991631,MATCH,"Static catalogue; search radius 8.0""; 'known' radius 4.0"""
3EPOCH-015,B,60835.420874722,156.55696979411718,-44.70287439767328,SIMBAD,,,,,,NO_MATCH,"No SIMBAD object within 8.0"""
3EPOCH-015,B,60835.420874722,156.55696979411718,-44.70287439767328,SkyBoT (IMCCE),,,,,,SERVICE_UNAVAILABLE,"Connectivity pre-test failed for this run: ConnectTimeout: HTTPSConnectionPool(host='ssp.imcce.fr', port=443): Max retries exceeded with url: /webservices/skybot/api/conesearch.php?-ra=155.53526111642586&-dec=-42.9632336981278&-rd=0.005555555555555556&-ep=2460805.08166331&-loc=500&-filter=120.0&-objFilter=111&-refsys=EQJ2000&-output=all&-mime=votable (Caused by ConnectTimeoutError(<HTTPSConnection(host='ssp.imcce.fr', port=443) at 0x22378784e10>, 'Connection to ssp.imcce.fr timed out. (connect timeout=300)')). Not re-attempted per candidate/epoch to avoid repeated long timeouts against an already-confirmed-down host."
3EPOCH-015,B,60835.420874722,156.55696979411718,-44.70287439767328,MPC Checker,,,,,,SERVICE_UNAVAILABLE,"Connectivity pre-test failed for this run: ConnectTimeout: HTTPSConnectionPool(host='minorplanetcenter.net', port=443): Max retries exceeded with url: /cgi-bin/checkmp.cgi (Caused by ConnectTimeoutError(<HTTPSConnection(host='minorplanetcenter.net', port=443) at 0x22378784690>, 'Connection to minorplanetcenter.net timed out. (connect timeout=15)')). Not re-attempted per candidate/epoch (no working reverse position-search endpoint available via astroquery for MPC; would require the raw web form, also unreachable)."
3EPOCH-015,B,60835.420874722,156.55696979411718,-44.70287439767328,JPL Horizons,,,158.31182,-12.61556,115640.58113441784,NO_MATCH,"Checked against 19 named major planets/dwarf planets/TNOs only, NOT the full minor-planet catalogue (nearest body: Orcus, 115640.6"")"
3EPOCH-011,A,60804.58166331,156.67173495996485,-44.09391610353882,Gaia DR3,Gaia DR3 5367685341536496128,star (Gaia point source),156.6716017243686,-44.09410927340329,0.7760577227487823,MATCH,"Static catalogue; search radius 8.0""; 'known' radius 4.0"""
3EPOCH-011,A,60804.58166331,156.67173495996485,-44.09391610353882,SIMBAD,,,,,,NO_MATCH,"No SIMBAD object within 8.0"""
3EPOCH-011,A,60804.58166331,156.67173495996485,-44.09391610353882,SkyBoT (IMCCE),,,,,,SERVICE_UNAVAILABLE,"Connectivity pre-test failed for this run: ConnectTimeout: HTTPSConnectionPool(host='ssp.imcce.fr', port=443): Max retries exceeded with url: /webservices/skybot/api/conesearch.php?-ra=155.53526111642586&-dec=-42.9632336981278&-rd=0.005555555555555556&-ep=2460805.08166331&-loc=500&-filter=120.0&-objFilter=111&-refsys=EQJ2000&-output=all&-mime=votable (Caused by ConnectTimeoutError(<HTTPSConnection(host='ssp.imcce.fr', port=443) at 0x22378784e10>, 'Connection to ssp.imcce.fr timed out. (connect timeout=300)')). Not re-attempted per candidate/epoch to avoid repeated long timeouts against an already-confirmed-down host."
3EPOCH-011,A,60804.58166331,156.67173495996485,-44.09391610353882,MPC Checker,,,,,,SERVICE_UNAVAILABLE,"Connectivity pre-test failed for this run: ConnectTimeout: HTTPSConnectionPool(host='minorplanetcenter.net', port=443): Max retries exceeded with url: /cgi-bin/checkmp.cgi (Caused by ConnectTimeoutError(<HTTPSConnection(host='minorplanetcenter.net', port=443) at 0x22378784690>, 'Connection to minorplanetcenter.net timed out. (connect timeout=15)')). Not re-attempted per candidate/epoch (no working reverse position-search endpoint available via astroquery for MPC; would require the raw web form, also unreachable)."
3EPOCH-011,A,60804.58166331,156.67173495996485,-44.09391610353882,JPL Horizons,,,158.27436,-12.82092,112691.58193614731,NO_MATCH,"Checked against 19 named major planets/dwarf planets/TNOs only, NOT the full minor-planet catalogue (nearest body: Orcus, 112691.6"")"
3EPOCH-011,C,60822.30895912,156.67929283628675,-44.08046886670004,Gaia DR3,Gaia DR3 5367685371597409024,star (Gaia point source),156.67940651339947,-44.08052921720406,0.3655511490299071,MATCH,"Static catalogue; search radius 8.0""; 'known' radius 4.0"""
3EPOCH-011,C,60822.30895912,156.67929283628675,-44.08046886670004,SIMBAD,,,,,,NO_MATCH,"No SIMBAD object within 8.0"""
3EPOCH-011,C,60822.30895912,156.67929283628675,-44.08046886670004,SkyBoT (IMCCE),,,,,,SERVICE_UNAVAILABLE,"Connectivity pre-test failed for this run: ConnectTimeout: HTTPSConnectionPool(host='ssp.imcce.fr', port=443): Max retries exceeded with url: /webservices/skybot/api/conesearch.php?-ra=155.53526111642586&-dec=-42.9632336981278&-rd=0.005555555555555556&-ep=2460805.08166331&-loc=500&-filter=120.0&-objFilter=111&-refsys=EQJ2000&-output=all&-mime=votable (Caused by ConnectTimeoutError(<HTTPSConnection(host='ssp.imcce.fr', port=443) at 0x22378784e10>, 'Connection to ssp.imcce.fr timed out. (connect timeout=300)')). Not re-attempted per candidate/epoch to avoid repeated long timeouts against an already-confirmed-down host."
3EPOCH-011,C,60822.30895912,156.67929283628675,-44.08046886670004,MPC Checker,,,,,,SERVICE_UNAVAILABLE,"Connectivity pre-test failed for this run: ConnectTimeout: HTTPSConnectionPool(host='minorplanetcenter.net', port=443): Max retries exceeded with url: /cgi-bin/checkmp.cgi (Caused by ConnectTimeoutError(<HTTPSConnection(host='minorplanetcenter.net', port=443) at 0x22378784690>, 'Connection to minorplanetcenter.net timed out. (connect timeout=15)')). Not re-attempted per candidate/epoch (no working reverse position-search endpoint available via astroquery for MPC; would require the raw web form, also unreachable)."
3EPOCH-011,C,60822.30895912,156.67929283628675,-44.08046886670004,JPL Horizons,,,158.25793,-12.68922,113113.7826632492,NO_MATCH,"Checked against 19 named major planets/dwarf planets/TNOs only, NOT the full minor-planet catalogue (nearest body: Orcus, 113113.8"")"
3EPOCH-011,B,60835.420874722,156.68464524875952,-44.069204389050746,Gaia DR3,Gaia DR3 5367685753853361792,star (Gaia point source),156.68523632445562,-44.068575292760464,2.7325019272301843,MATCH,"Static catalogue; search radius 8.0""; 'known' radius 4.0"""
3EPOCH-011,B,60835.420874722,156.68464524875952,-44.069204389050746,SIMBAD,,,,,,NO_MATCH,"No SIMBAD object within 8.0"""
3EPOCH-011,B,60835.420874722,156.68464524875952,-44.069204389050746,SkyBoT (IMCCE),,,,,,SERVICE_UNAVAILABLE,"Connectivity pre-test failed for this run: ConnectTimeout: HTTPSConnectionPool(host='ssp.imcce.fr', port=443): Max retries exceeded with url: /webservices/skybot/api/conesearch.php?-ra=155.53526111642586&-dec=-42.9632336981278&-rd=0.005555555555555556&-ep=2460805.08166331&-loc=500&-filter=120.0&-objFilter=111&-refsys=EQJ2000&-output=all&-mime=votable (Caused by ConnectTimeoutError(<HTTPSConnection(host='ssp.imcce.fr', port=443) at 0x22378784e10>, 'Connection to ssp.imcce.fr timed out. (connect timeout=300)')). Not re-attempted per candidate/epoch to avoid repeated long timeouts against an already-confirmed-down host."
3EPOCH-011,B,60835.420874722,156.68464524875952,-44.069204389050746,MPC Checker,,,,,,SERVICE_UNAVAILABLE,"Connectivity pre-test failed for this run: ConnectTimeout: HTTPSConnectionPool(host='minorplanetcenter.net', port=443): Max retries exceeded with url: /cgi-bin/checkmp.cgi (Caused by ConnectTimeoutError(<HTTPSConnection(host='minorplanetcenter.net', port=443) at 0x22378784690>, 'Connection to minorplanetcenter.net timed out. (connect timeout=15)')). Not re-attempted per candidate/epoch (no working reverse position-search endpoint available via astroquery for MPC; would require the raw web form, also unreachable)."
3EPOCH-011,B,60835.420874722,156.68464524875952,-44.069204389050746,JPL Horizons,,,158.31182,-12.61556,113344.83158551708,NO_MATCH,"Checked against 19 named major planets/dwarf planets/TNOs only, NOT the full minor-planet catalogue (nearest body: Orcus, 113344.8"")"
3EPOCH-019,A,60804.58166331,156.3740805767124,-44.41091500186948,Gaia DR3,Gaia DR3 5367583911590445184,star (Gaia point source),156.37350441949027,-44.41039047744878,2.400200555061664,MATCH,"Static catalogue; search radius 8.0""; 'known' radius 4.0"""
3EPOCH-019,A,60804.58166331,156.3740805767124,-44.41091500186948,SIMBAD,,,,,,NO_MATCH,"No SIMBAD object within 8.0"""
3EPOCH-019,A,60804.58166331,156.3740805767124,-44.41091500186948,SkyBoT (IMCCE),,,,,,SERVICE_UNAVAILABLE,"Connectivity pre-test failed for this run: ConnectTimeout: HTTPSConnectionPool(host='ssp.imcce.fr', port=443): Max retries exceeded with url: /webservices/skybot/api/conesearch.php?-ra=155.53526111642586&-dec=-42.9632336981278&-rd=0.005555555555555556&-ep=2460805.08166331&-loc=500&-filter=120.0&-objFilter=111&-refsys=EQJ2000&-output=all&-mime=votable (Caused by ConnectTimeoutError(<HTTPSConnection(host='ssp.imcce.fr', port=443) at 0x22378784e10>, 'Connection to ssp.imcce.fr timed out. (connect timeout=300)')). Not re-attempted per candidate/epoch to avoid repeated long timeouts against an already-confirmed-down host."
3EPOCH-019,A,60804.58166331,156.3740805767124,-44.41091500186948,MPC Checker,,,,,,SERVICE_UNAVAILABLE,"Connectivity pre-test failed for this run: ConnectTimeout: HTTPSConnectionPool(host='minorplanetcenter.net', port=443): Max retries exceeded with url: /cgi-bin/checkmp.cgi (Caused by ConnectTimeoutError(<HTTPSConnection(host='minorplanetcenter.net', port=443) at 0x22378784690>, 'Connection to minorplanetcenter.net timed out. (connect timeout=15)')). Not re-attempted per candidate/epoch (no working reverse position-search endpoint available via astroquery for MPC; would require the raw web form, also unreachable)."
3EPOCH-019,A,60804.58166331,156.3740805767124,-44.41091500186948,JPL Horizons,,,158.27436,-12.82092,113874.72266823804,NO_MATCH,"Checked against 19 named major planets/dwarf planets/TNOs only, NOT the full minor-planet catalogue (nearest body: Orcus, 113874.7"")"
3EPOCH-019,C,60822.30895912,156.3871235297908,-44.397592983371325,Gaia DR3,Gaia DR3 5367584323907307520,star (Gaia point source),156.3867844934955,-44.397784969928736,1.1127430417456903,MATCH,"Static catalogue; search radius 8.0""; 'known' radius 4.0"""
3EPOCH-019,C,60822.30895912,156.3871235297908,-44.397592983371325,SIMBAD,,,,,,NO_MATCH,"No SIMBAD object within 8.0"""
3EPOCH-019,C,60822.30895912,156.3871235297908,-44.397592983371325,SkyBoT (IMCCE),,,,,,SERVICE_UNAVAILABLE,"Connectivity pre-test failed for this run: ConnectTimeout: HTTPSConnectionPool(host='ssp.imcce.fr', port=443): Max retries exceeded with url: /webservices/skybot/api/conesearch.php?-ra=155.53526111642586&-dec=-42.9632336981278&-rd=0.005555555555555556&-ep=2460805.08166331&-loc=500&-filter=120.0&-objFilter=111&-refsys=EQJ2000&-output=all&-mime=votable (Caused by ConnectTimeoutError(<HTTPSConnection(host='ssp.imcce.fr', port=443) at 0x22378784e10>, 'Connection to ssp.imcce.fr timed out. (connect timeout=300)')). Not re-attempted per candidate/epoch to avoid repeated long timeouts against an already-confirmed-down host."
3EPOCH-019,C,60822.30895912,156.3871235297908,-44.397592983371325,MPC Checker,,,,,,SERVICE_UNAVAILABLE,"Connectivity pre-test failed for this run: ConnectTimeout: HTTPSConnectionPool(host='minorplanetcenter.net', port=443): Max retries exceeded with url: /cgi-bin/checkmp.cgi (Caused by ConnectTimeoutError(<HTTPSConnection(host='minorplanetcenter.net', port=443) at 0x22378784690>, 'Connection to minorplanetcenter.net timed out. (connect timeout=15)')). Not re-attempted per candidate/epoch (no working reverse position-search endpoint available via astroquery for MPC; would require the raw web form, also unreachable)."
3EPOCH-019,C,60822.30895912,156.3871235297908,-44.397592983371325,JPL Horizons,,,158.25793,-12.68922,114295.86749120867,NO_MATCH,"Checked against 19 named major planets/dwarf planets/TNOs only, NOT the full minor-planet catalogue (nearest body: Orcus, 114295.9"")"
3EPOCH-019,B,60835.420874722,156.3979779275211,-44.38623974428349,Gaia DR3,Gaia DR3 5367583602346865024,star (Gaia point source),156.3969535626414,-44.38630102970715,2.6446078345669837,MATCH,"Static catalogue; search radius 8.0""; 'known' radius 4.0"""
3EPOCH-019,B,60835.420874722,156.3979779275211,-44.38623974428349,SIMBAD,,,,,,NO_MATCH,"No SIMBAD object within 8.0"""
3EPOCH-019,B,60835.420874722,156.3979779275211,-44.38623974428349,SkyBoT (IMCCE),,,,,,SERVICE_UNAVAILABLE,"Connectivity pre-test failed for this run: ConnectTimeout: HTTPSConnectionPool(host='ssp.imcce.fr', port=443): Max retries exceeded with url: /webservices/skybot/api/conesearch.php?-ra=155.53526111642586&-dec=-42.9632336981278&-rd=0.005555555555555556&-ep=2460805.08166331&-loc=500&-filter=120.0&-objFilter=111&-refsys=EQJ2000&-output=all&-mime=votable (Caused by ConnectTimeoutError(<HTTPSConnection(host='ssp.imcce.fr', port=443) at 0x22378784e10>, 'Connection to ssp.imcce.fr timed out. (connect timeout=300)')). Not re-attempted per candidate/epoch to avoid repeated long timeouts against an already-confirmed-down host."
3EPOCH-019,B,60835.420874722,156.3979779275211,-44.38623974428349,MPC Checker,,,,,,SERVICE_UNAVAILABLE,"Connectivity pre-test failed for this run: ConnectTimeout: HTTPSConnectionPool(host='minorplanetcenter.net', port=443): Max retries exceeded with url: /cgi-bin/checkmp.cgi (Caused by ConnectTimeoutError(<HTTPSConnection(host='minorplanetcenter.net', port=443) at 0x22378784690>, 'Connection to minorplanetcenter.net timed out. (connect timeout=15)')). Not re-attempted per candidate/epoch (no working reverse position-search endpoint available via astroquery for MPC; would require the raw web form, also unreachable)."
3EPOCH-019,B,60835.420874722,156.3979779275211,-44.38623974428349,JPL Horizons,,,158.31182,-12.61556,114526.75465359098,NO_MATCH,"Checked against 19 named major planets/dwarf planets/TNOs only, NOT the full minor-planet catalogue (nearest body: Orcus, 114526.8"")"
3EPOCH-021,A,60804.58166331,154.96753438608815,-41.514346203505056,Gaia DR3,Gaia DR3 5416527778345274368,star (Gaia point source),154.96734681182997,-41.514339094368104,0.5062805906092407,MATCH,"Static catalogue; search radius 8.0""; 'known' radius 4.0"""
3EPOCH-021,A,60804.58166331,154.96753438608815,-41.514346203505056,SIMBAD,,,,,,NO_MATCH,"No SIMBAD object within 8.0"""
3EPOCH-021,A,60804.58166331,154.96753438608815,-41.514346203505056,SkyBoT (IMCCE),,,,,,SERVICE_UNAVAILABLE,"Connectivity pre-test failed for this run: ConnectTimeout: HTTPSConnectionPool(host='ssp.imcce.fr', port=443): Max retries exceeded with url: /webservices/skybot/api/conesearch.php?-ra=155.53526111642586&-dec=-42.9632336981278&-rd=0.005555555555555556&-ep=2460805.08166331&-loc=500&-filter=120.0&-objFilter=111&-refsys=EQJ2000&-output=all&-mime=votable (Caused by ConnectTimeoutError(<HTTPSConnection(host='ssp.imcce.fr', port=443) at 0x22378784e10>, 'Connection to ssp.imcce.fr timed out. (connect timeout=300)')). Not re-attempted per candidate/epoch to avoid repeated long timeouts against an already-confirmed-down host."
3EPOCH-021,A,60804.58166331,154.96753438608815,-41.514346203505056,MPC Checker,,,,,,SERVICE_UNAVAILABLE,"Connectivity pre-test failed for this run: ConnectTimeout: HTTPSConnectionPool(host='minorplanetcenter.net', port=443): Max retries exceeded with url: /cgi-bin/checkmp.cgi (Caused by ConnectTimeoutError(<HTTPSConnection(host='minorplanetcenter.net', port=443) at 0x22378784690>, 'Connection to minorplanetcenter.net timed out. (connect timeout=15)')). Not re-attempted per candidate/epoch (no working reverse position-search endpoint available via astroquery for MPC; would require the raw web form, also unreachable)."
3EPOCH-021,A,60804.58166331,154.96753438608815,-41.514346203505056,JPL Horizons,,,158.27436,-12.82092,103817.40172091071,NO_MATCH,"Checked against 19 named major planets/dwarf planets/TNOs only, NOT the full minor-planet catalogue (nearest body: Orcus, 103817.4"")"
3EPOCH-021,C,60822.30895912,154.981408612914,-41.498953049991485,Gaia DR3,Gaia DR3 5416527812705014272,star (Gaia point source),154.98116801820828,-41.49880669833104,0.8357126171245826,MATCH,"Static catalogue; search radius 8.0""; 'known' radius 4.0"""
3EPOCH-021,C,60822.30895912,154.981408612914,-41.498953049991485,SIMBAD,,,,,,NO_MATCH,"No SIMBAD object within 8.0"""
3EPOCH-021,C,60822.30895912,154.981408612914,-41.498953049991485,SkyBoT (IMCCE),,,,,,SERVICE_UNAVAILABLE,"Connectivity pre-test failed for this run: ConnectTimeout: HTTPSConnectionPool(host='ssp.imcce.fr', port=443): Max retries exceeded with url: /webservices/skybot/api/conesearch.php?-ra=155.53526111642586&-dec=-42.9632336981278&-rd=0.005555555555555556&-ep=2460805.08166331&-loc=500&-filter=120.0&-objFilter=111&-refsys=EQJ2000&-output=all&-mime=votable (Caused by ConnectTimeoutError(<HTTPSConnection(host='ssp.imcce.fr', port=443) at 0x22378784e10>, 'Connection to ssp.imcce.fr timed out. (connect timeout=300)')). Not re-attempted per candidate/epoch to avoid repeated long timeouts against an already-confirmed-down host."
3EPOCH-021,C,60822.30895912,154.981408612914,-41.498953049991485,MPC Checker,,,,,,SERVICE_UNAVAILABLE,"Connectivity pre-test failed for this run: ConnectTimeout: HTTPSConnectionPool(host='minorplanetcenter.net', port=443): Max retries exceeded with url: /cgi-bin/checkmp.cgi (Caused by ConnectTimeoutError(<HTTPSConnection(host='minorplanetcenter.net', port=443) at 0x22378784690>, 'Connection to minorplanetcenter.net timed out. (connect timeout=15)')). Not re-attempted per candidate/epoch (no working reverse position-search endpoint available via astroquery for MPC; would require the raw web form, also unreachable)."
3EPOCH-021,C,60822.30895912,154.981408612914,-41.498953049991485,JPL Horizons,,,158.25793,-12.68922,104225.12999321961,NO_MATCH,"Checked against 19 named major planets/dwarf planets/TNOs only, NOT the full minor-planet catalogue (nearest body: Orcus, 104225.1"")"
3EPOCH-021,B,60835.420874722,154.98949755607802,-41.48835434550812,Gaia DR3,Gaia DR3 5416527915784230912,star (Gaia point source),154.98938632701646,-41.48848437111389,0.555952023031903,MATCH,"Static catalogue; search radius 8.0""; 'known' radius 4.0"""
3EPOCH-021,B,60835.420874722,154.98949755607802,-41.48835434550812,SIMBAD,,,,,,NO_MATCH,"No SIMBAD object within 8.0"""
3EPOCH-021,B,60835.420874722,154.98949755607802,-41.48835434550812,SkyBoT (IMCCE),,,,,,SERVICE_UNAVAILABLE,"Connectivity pre-test failed for this run: ConnectTimeout: HTTPSConnectionPool(host='ssp.imcce.fr', port=443): Max retries exceeded with url: /webservices/skybot/api/conesearch.php?-ra=155.53526111642586&-dec=-42.9632336981278&-rd=0.005555555555555556&-ep=2460805.08166331&-loc=500&-filter=120.0&-objFilter=111&-refsys=EQJ2000&-output=all&-mime=votable (Caused by ConnectTimeoutError(<HTTPSConnection(host='ssp.imcce.fr', port=443) at 0x22378784e10>, 'Connection to ssp.imcce.fr timed out. (connect timeout=300)')). Not re-attempted per candidate/epoch to avoid repeated long timeouts against an already-confirmed-down host."
3EPOCH-021,B,60835.420874722,154.98949755607802,-41.48835434550812,MPC Checker,,,,,,SERVICE_UNAVAILABLE,"Connectivity pre-test failed for this run: ConnectTimeout: HTTPSConnectionPool(host='minorplanetcenter.net', port=443): Max retries exceeded with url: /cgi-bin/checkmp.cgi (Caused by ConnectTimeoutError(<HTTPSConnection(host='minorplanetcenter.net', port=443) at 0x22378784690>, 'Connection to minorplanetcenter.net timed out. (connect timeout=15)')). Not re-attempted per candidate/epoch (no working reverse position-search endpoint available via astroquery for MPC; would require the raw web form, also unreachable)."
3EPOCH-021,B,60835.420874722,154.98949755607802,-41.48835434550812,JPL Horizons,,,158.31182,-12.61556,104465.66864195775,NO_MATCH,"Checked against 19 named major planets/dwarf planets/TNOs only, NOT the full minor-planet catalogue (nearest body: Orcus, 104465.7"")"
3EPOCH-014,A,60804.58166331,156.3426742158269,-42.90912773918416,Gaia DR3,Gaia DR3 5416167001092829440,star (Gaia point source),156.34282360095258,-42.90927305653282,0.654850831407858,MATCH,"Static catalogue; search radius 8.0""; 'known' radius 4.0"""
3EPOCH-014,A,60804.58166331,156.3426742158269,-42.90912773918416,SIMBAD,,,,,,NO_MATCH,"No SIMBAD object within 8.0"""
3EPOCH-014,A,60804.58166331,156.3426742158269,-42.90912773918416,SkyBoT (IMCCE),,,,,,SERVICE_UNAVAILABLE,"Connectivity pre-test failed for this run: ConnectTimeout: HTTPSConnectionPool(host='ssp.imcce.fr', port=443): Max retries exceeded with url: /webservices/skybot/api/conesearch.php?-ra=155.53526111642586&-dec=-42.9632336981278&-rd=0.005555555555555556&-ep=2460805.08166331&-loc=500&-filter=120.0&-objFilter=111&-refsys=EQJ2000&-output=all&-mime=votable (Caused by ConnectTimeoutError(<HTTPSConnection(host='ssp.imcce.fr', port=443) at 0x22378784e10>, 'Connection to ssp.imcce.fr timed out. (connect timeout=300)')). Not re-attempted per candidate/epoch to avoid repeated long timeouts against an already-confirmed-down host."
3EPOCH-014,A,60804.58166331,156.3426742158269,-42.90912773918416,MPC Checker,,,,,,SERVICE_UNAVAILABLE,"Connectivity pre-test failed for this run: ConnectTimeout: HTTPSConnectionPool(host='minorplanetcenter.net', port=443): Max retries exceeded with url: /cgi-bin/checkmp.cgi (Caused by ConnectTimeoutError(<HTTPSConnection(host='minorplanetcenter.net', port=443) at 0x22378784690>, 'Connection to minorplanetcenter.net timed out. (connect timeout=15)')). Not re-attempted per candidate/epoch (no working reverse position-search endpoint available via astroquery for MPC; would require the raw web form, also unreachable)."
3EPOCH-014,A,60804.58166331,156.3426742158269,-42.90912773918416,JPL Horizons,,,158.27436,-12.82092,108484.40950216063,NO_MATCH,"Checked against 19 named major planets/dwarf planets/TNOs only, NOT the full minor-planet catalogue (nearest body: Orcus, 108484.4"")"
3EPOCH-014,C,60822.30895912,156.3243791360726,-42.91423122496052,Gaia DR3,Gaia DR3 5416167104172041344,star (Gaia point source),156.32437049523136,-42.91410684381875,0.44835129323050943,MATCH,"Static catalogue; search radius 8.0""; 'known' radius 4.0"""
3EPOCH-014,C,60822.30895912,156.3243791360726,-42.91423122496052,SIMBAD,,,,,,NO_MATCH,"No SIMBAD object within 8.0"""
3EPOCH-014,C,60822.30895912,156.3243791360726,-42.91423122496052,SkyBoT (IMCCE),,,,,,SERVICE_UNAVAILABLE,"Connectivity pre-test failed for this run: ConnectTimeout: HTTPSConnectionPool(host='ssp.imcce.fr', port=443): Max retries exceeded with url: /webservices/skybot/api/conesearch.php?-ra=155.53526111642586&-dec=-42.9632336981278&-rd=0.005555555555555556&-ep=2460805.08166331&-loc=500&-filter=120.0&-objFilter=111&-refsys=EQJ2000&-output=all&-mime=votable (Caused by ConnectTimeoutError(<HTTPSConnection(host='ssp.imcce.fr', port=443) at 0x22378784e10>, 'Connection to ssp.imcce.fr timed out. (connect timeout=300)')). Not re-attempted per candidate/epoch to avoid repeated long timeouts against an already-confirmed-down host."
3EPOCH-014,C,60822.30895912,156.3243791360726,-42.91423122496052,MPC Checker,,,,,,SERVICE_UNAVAILABLE,"Connectivity pre-test failed for this run: ConnectTimeout: HTTPSConnectionPool(host='minorplanetcenter.net', port=443): Max retries exceeded with url: /cgi-bin/checkmp.cgi (Caused by ConnectTimeoutError(<HTTPSConnection(host='minorplanetcenter.net', port=443) at 0x22378784690>, 'Connection to minorplanetcenter.net timed out. (connect timeout=15)')). Not re-attempted per candidate/epoch (no working reverse position-search endpoint available via astroquery for MPC; would require the raw web form, also unreachable)."
3EPOCH-014,C,60822.30895912,156.3243791360726,-42.91423122496052,JPL Horizons,,,158.25793,-12.68922,108976.61244505974,NO_MATCH,"Checked against 19 named major planets/dwarf planets/TNOs only, NOT the full minor-planet catalogue (nearest body: Orcus, 108976.6"")"
3EPOCH-014,B,60835.420874722,156.30921401751473,-42.91697102338662,Gaia DR3,Gaia DR3 5416167069809958400,star (Gaia point source),156.3098493306149,-42.91661336576362,2.112659211397128,MATCH,"Static catalogue; search radius 8.0""; 'known' radius 4.0"""
3EPOCH-014,B,60835.420874722,156.30921401751473,-42.91697102338662,SIMBAD,,,,,,NO_MATCH,"No SIMBAD object within 8.0"""
3EPOCH-014,B,60835.420874722,156.30921401751473,-42.91697102338662,SkyBoT (IMCCE),,,,,,SERVICE_UNAVAILABLE,"Connectivity pre-test failed for this run: ConnectTimeout: HTTPSConnectionPool(host='ssp.imcce.fr', port=443): Max retries exceeded with url: /webservices/skybot/api/conesearch.php?-ra=155.53526111642586&-dec=-42.9632336981278&-rd=0.005555555555555556&-ep=2460805.08166331&-loc=500&-filter=120.0&-objFilter=111&-refsys=EQJ2000&-output=all&-mime=votable (Caused by ConnectTimeoutError(<HTTPSConnection(host='ssp.imcce.fr', port=443) at 0x22378784e10>, 'Connection to ssp.imcce.fr timed out. (connect timeout=300)')). Not re-attempted per candidate/epoch to avoid repeated long timeouts against an already-confirmed-down host."
3EPOCH-014,B,60835.420874722,156.30921401751473,-42.91697102338662,MPC Checker,,,,,,SERVICE_UNAVAILABLE,"Connectivity pre-test failed for this run: ConnectTimeout: HTTPSConnectionPool(host='minorplanetcenter.net', port=443): Max retries exceeded with url: /cgi-bin/checkmp.cgi (Caused by ConnectTimeoutError(<HTTPSConnection(host='minorplanetcenter.net', port=443) at 0x22378784690>, 'Connection to minorplanetcenter.net timed out. (connect timeout=15)')). Not re-attempted per candidate/epoch (no working reverse position-search endpoint available via astroquery for MPC; would require the raw web form, also unreachable)."
3EPOCH-014,B,60835.420874722,156.30921401751473,-42.91697102338662,JPL Horizons,,,158.31182,-12.61556,109263.38827411832,NO_MATCH,"Checked against 19 named major planets/dwarf planets/TNOs only, NOT the full minor-planet catalogue (nearest body: Orcus, 109263.4"")"
3EPOCH-017,A,60804.58166331,154.2771667851355,-43.312633529854416,Gaia DR3,Gaia DR3 5415957509768111488,star (Gaia point source),154.2773777555403,-43.3126123325981,0.557867714764134,MATCH,"Static catalogue; search radius 8.0""; 'known' radius 4.0"""
3EPOCH-017,A,60804.58166331,154.2771667851355,-43.312633529854416,SIMBAD,,,,,,NO_MATCH,"No SIMBAD object within 8.0"""
3EPOCH-017,A,60804.58166331,154.2771667851355,-43.312633529854416,SkyBoT (IMCCE),,,,,,SERVICE_UNAVAILABLE,"Connectivity pre-test failed for this run: ConnectTimeout: HTTPSConnectionPool(host='ssp.imcce.fr', port=443): Max retries exceeded with url: /webservices/skybot/api/conesearch.php?-ra=155.53526111642586&-dec=-42.9632336981278&-rd=0.005555555555555556&-ep=2460805.08166331&-loc=500&-filter=120.0&-objFilter=111&-refsys=EQJ2000&-output=all&-mime=votable (Caused by ConnectTimeoutError(<HTTPSConnection(host='ssp.imcce.fr', port=443) at 0x22378784e10>, 'Connection to ssp.imcce.fr timed out. (connect timeout=300)')). Not re-attempted per candidate/epoch to avoid repeated long timeouts against an already-confirmed-down host."
3EPOCH-017,A,60804.58166331,154.2771667851355,-43.312633529854416,MPC Checker,,,,,,SERVICE_UNAVAILABLE,"Connectivity pre-test failed for this run: ConnectTimeout: HTTPSConnectionPool(host='minorplanetcenter.net', port=443): Max retries exceeded with url: /cgi-bin/checkmp.cgi (Caused by ConnectTimeoutError(<HTTPSConnection(host='minorplanetcenter.net', port=443) at 0x22378784690>, 'Connection to minorplanetcenter.net timed out. (connect timeout=15)')). Not re-attempted per candidate/epoch (no working reverse position-search endpoint available via astroquery for MPC; would require the raw web form, also unreachable)."
3EPOCH-017,A,60804.58166331,154.2771667851355,-43.312633529854416,JPL Horizons,,,158.27436,-12.82092,110469.711625352,NO_MATCH,"Checked against 19 named major planets/dwarf planets/TNOs only, NOT the full minor-planet catalogue (nearest body: Orcus, 110469.7"")"
3EPOCH-017,C,60822.30895912,154.25950634495993,-43.30402794293923,Gaia DR3,Gaia DR3 5415957574188439296,star (Gaia point source),154.26022366302175,-43.30403907555361,1.8796629830754785,MATCH,"Static catalogue; search radius 8.0""; 'known' radius 4.0"""
3EPOCH-017,C,60822.30895912,154.25950634495993,-43.30402794293923,SIMBAD,,,,,,NO_MATCH,"No SIMBAD object within 8.0"""
3EPOCH-017,C,60822.30895912,154.25950634495993,-43.30402794293923,SkyBoT (IMCCE),,,,,,SERVICE_UNAVAILABLE,"Connectivity pre-test failed for this run: ConnectTimeout: HTTPSConnectionPool(host='ssp.imcce.fr', port=443): Max retries exceeded with url: /webservices/skybot/api/conesearch.php?-ra=155.53526111642586&-dec=-42.9632336981278&-rd=0.005555555555555556&-ep=2460805.08166331&-loc=500&-filter=120.0&-objFilter=111&-refsys=EQJ2000&-output=all&-mime=votable (Caused by ConnectTimeoutError(<HTTPSConnection(host='ssp.imcce.fr', port=443) at 0x22378784e10>, 'Connection to ssp.imcce.fr timed out. (connect timeout=300)')). Not re-attempted per candidate/epoch to avoid repeated long timeouts against an already-confirmed-down host."
3EPOCH-017,C,60822.30895912,154.25950634495993,-43.30402794293923,MPC Checker,,,,,,SERVICE_UNAVAILABLE,"Connectivity pre-test failed for this run: ConnectTimeout: HTTPSConnectionPool(host='minorplanetcenter.net', port=443): Max retries exceeded with url: /cgi-bin/checkmp.cgi (Caused by ConnectTimeoutError(<HTTPSConnection(host='minorplanetcenter.net', port=443) at 0x22378784690>, 'Connection to minorplanetcenter.net timed out. (connect timeout=15)')). Not re-attempted per candidate/epoch (no working reverse position-search endpoint available via astroquery for MPC; would require the raw web form, also unreachable)."
3EPOCH-017,C,60822.30895912,154.25950634495993,-43.30402794293923,JPL Horizons,,,158.25793,-12.68922,110911.21539537,NO_MATCH,"Checked against 19 named major planets/dwarf planets/TNOs only, NOT the full minor-planet catalogue (nearest body: Orcus, 110911.2"")"
3EPOCH-017,B,60835.420874722,154.24698638464247,-43.296015012727096,Gaia DR3,Gaia DR3 5415957544127850240,star (Gaia point source),154.24676153127305,-43.295995341774386,0.5933911869663927,MATCH,"Static catalogue; search radius 8.0""; 'known' radius 4.0"""
3EPOCH-017,B,60835.420874722,154.24698638464247,-43.296015012727096,SIMBAD,,,,,,NO_MATCH,"No SIMBAD object within 8.0"""
3EPOCH-017,B,60835.420874722,154.24698638464247,-43.296015012727096,SkyBoT (IMCCE),,,,,,SERVICE_UNAVAILABLE,"Connectivity pre-test failed for this run: ConnectTimeout: HTTPSConnectionPool(host='ssp.imcce.fr', port=443): Max retries exceeded with url: /webservices/skybot/api/conesearch.php?-ra=155.53526111642586&-dec=-42.9632336981278&-rd=0.005555555555555556&-ep=2460805.08166331&-loc=500&-filter=120.0&-objFilter=111&-refsys=EQJ2000&-output=all&-mime=votable (Caused by ConnectTimeoutError(<HTTPSConnection(host='ssp.imcce.fr', port=443) at 0x22378784e10>, 'Connection to ssp.imcce.fr timed out. (connect timeout=300)')). Not re-attempted per candidate/epoch to avoid repeated long timeouts against an already-confirmed-down host."
3EPOCH-017,B,60835.420874722,154.24698638464247,-43.296015012727096,MPC Checker,,,,,,SERVICE_UNAVAILABLE,"Connectivity pre-test failed for this run: ConnectTimeout: HTTPSConnectionPool(host='minorplanetcenter.net', port=443): Max retries exceeded with url: /cgi-bin/checkmp.cgi (Caused by ConnectTimeoutError(<HTTPSConnection(host='minorplanetcenter.net', port=443) at 0x22378784690>, 'Connection to minorplanetcenter.net timed out. (connect timeout=15)')). Not re-attempted per candidate/epoch (no working reverse position-search endpoint available via astroquery for MPC; would require the raw web form, also unreachable)."
3EPOCH-017,B,60835.420874722,154.24698638464247,-43.296015012727096,JPL Horizons,,,158.31182,-12.61556,111169.76026954794,NO_MATCH,"Checked against 19 named major planets/dwarf planets/TNOs only, NOT the full minor-planet catalogue (nearest body: Orcus, 111169.8"")"
3EPOCH-022,A,60804.58166331,156.83235440073588,-44.19391548608702,Gaia DR3,Gaia DR3 5367671971299122304,star (Gaia point source),156.832164839326,-44.194017530047404,0.6118430396873205,MATCH,"Static catalogue; search radius 8.0""; 'known' radius 4.0"""
3EPOCH-022,A,60804.58166331,156.83235440073588,-44.19391548608702,SIMBAD,,,,,,NO_MATCH,"No SIMBAD object within 8.0"""
3EPOCH-022,A,60804.58166331,156.83235440073588,-44.19391548608702,SkyBoT (IMCCE),,,,,,SERVICE_UNAVAILABLE,"Connectivity pre-test failed for this run: ConnectTimeout: HTTPSConnectionPool(host='ssp.imcce.fr', port=443): Max retries exceeded with url: /webservices/skybot/api/conesearch.php?-ra=155.53526111642586&-dec=-42.9632336981278&-rd=0.005555555555555556&-ep=2460805.08166331&-loc=500&-filter=120.0&-objFilter=111&-refsys=EQJ2000&-output=all&-mime=votable (Caused by ConnectTimeoutError(<HTTPSConnection(host='ssp.imcce.fr', port=443) at 0x22378784e10>, 'Connection to ssp.imcce.fr timed out. (connect timeout=300)')). Not re-attempted per candidate/epoch to avoid repeated long timeouts against an already-confirmed-down host."
3EPOCH-022,A,60804.58166331,156.83235440073588,-44.19391548608702,MPC Checker,,,,,,SERVICE_UNAVAILABLE,"Connectivity pre-test failed for this run: ConnectTimeout: HTTPSConnectionPool(host='minorplanetcenter.net', port=443): Max retries exceeded with url: /cgi-bin/checkmp.cgi (Caused by ConnectTimeoutError(<HTTPSConnection(host='minorplanetcenter.net', port=443) at 0x22378784690>, 'Connection to minorplanetcenter.net timed out. (connect timeout=15)')). Not re-attempted per candidate/epoch (no working reverse position-search endpoint available via astroquery for MPC; would require the raw web form, also unreachable)."
3EPOCH-022,A,60804.58166331,156.83235440073588,-44.19391548608702,JPL Horizons,,,158.27436,-12.82092,113030.47256045084,NO_MATCH,"Checked against 19 named major planets/dwarf planets/TNOs only, NOT the full minor-planet catalogue (nearest body: Orcus, 113030.5"")"
3EPOCH-022,C,60822.30895912,156.8146451074957,-44.19310706169341,Gaia DR3,Gaia DR3 5367671941238689664,star (Gaia point source),156.81439268519125,-44.19279693514488,1.2926675285007014,MATCH,"Static catalogue; search radius 8.0""; 'known' radius 4.0"""
3EPOCH-022,C,60822.30895912,156.8146451074957,-44.19310706169341,SIMBAD,,,,,,NO_MATCH,"No SIMBAD object within 8.0"""
3EPOCH-022,C,60822.30895912,156.8146451074957,-44.19310706169341,SkyBoT (IMCCE),,,,,,SERVICE_UNAVAILABLE,"Connectivity pre-test failed for this run: ConnectTimeout: HTTPSConnectionPool(host='ssp.imcce.fr', port=443): Max retries exceeded with url: /webservices/skybot/api/conesearch.php?-ra=155.53526111642586&-dec=-42.9632336981278&-rd=0.005555555555555556&-ep=2460805.08166331&-loc=500&-filter=120.0&-objFilter=111&-refsys=EQJ2000&-output=all&-mime=votable (Caused by ConnectTimeoutError(<HTTPSConnection(host='ssp.imcce.fr', port=443) at 0x22378784e10>, 'Connection to ssp.imcce.fr timed out. (connect timeout=300)')). Not re-attempted per candidate/epoch to avoid repeated long timeouts against an already-confirmed-down host."
3EPOCH-022,C,60822.30895912,156.8146451074957,-44.19310706169341,MPC Checker,,,,,,SERVICE_UNAVAILABLE,"Connectivity pre-test failed for this run: ConnectTimeout: HTTPSConnectionPool(host='minorplanetcenter.net', port=443): Max retries exceeded with url: /cgi-bin/checkmp.cgi (Caused by ConnectTimeoutError(<HTTPSConnection(host='minorplanetcenter.net', port=443) at 0x22378784690>, 'Connection to minorplanetcenter.net timed out. (connect timeout=15)')). Not re-attempted per candidate/epoch (no working reverse position-search endpoint available via astroquery for MPC; would require the raw web form, also unreachable)."
3EPOCH-022,C,60822.30895912,156.8146451074957,-44.19310706169341,JPL Horizons,,,158.25793,-12.68922,113501.55717379923,NO_MATCH,"Checked against 19 named major planets/dwarf planets/TNOs only, NOT the full minor-planet catalogue (nearest body: Orcus, 113501.6"")"
3EPOCH-022,B,60835.420874722,156.799430565338,-44.191523012333306,Gaia DR3,Gaia DR3 5367672147397119360,star (Gaia point source),156.79969268606317,-44.19135924052297,0.8974353957957603,MATCH,"Static catalogue; search radius 8.0""; 'known' radius 4.0"""
3EPOCH-022,B,60835.420874722,156.799430565338,-44.191523012333306,SIMBAD,,,,,,NO_MATCH,"No SIMBAD object within 8.0"""
3EPOCH-022,B,60835.420874722,156.799430565338,-44.191523012333306,SkyBoT (IMCCE),,,,,,SERVICE_UNAVAILABLE,"Connectivity pre-test failed for this run: ConnectTimeout: HTTPSConnectionPool(host='ssp.imcce.fr', port=443): Max retries exceeded with url: /webservices/skybot/api/conesearch.php?-ra=155.53526111642586&-dec=-42.9632336981278&-rd=0.005555555555555556&-ep=2460805.08166331&-loc=500&-filter=120.0&-objFilter=111&-refsys=EQJ2000&-output=all&-mime=votable (Caused by ConnectTimeoutError(<HTTPSConnection(host='ssp.imcce.fr', port=443) at 0x22378784e10>, 'Connection to ssp.imcce.fr timed out. (connect timeout=300)')). Not re-attempted per candidate/epoch to avoid repeated long timeouts against an already-confirmed-down host."
3EPOCH-022,B,60835.420874722,156.799430565338,-44.191523012333306,MPC Checker,,,,,,SERVICE_UNAVAILABLE,"Connectivity pre-test failed for this run: ConnectTimeout: HTTPSConnectionPool(host='minorplanetcenter.net', port=443): Max retries exceeded with url: /cgi-bin/checkmp.cgi (Caused by ConnectTimeoutError(<HTTPSConnection(host='minorplanetcenter.net', port=443) at 0x22378784690>, 'Connection to minorplanetcenter.net timed out. (connect timeout=15)')). Not re-attempted per candidate/epoch (no working reverse position-search endpoint available via astroquery for MPC; would require the raw web form, also unreachable)."
3EPOCH-022,B,60835.420874722,156.799430565338,-44.191523012333306,JPL Horizons,,,158.31182,-12.61556,113769.44626954455,NO_MATCH,"Checked against 19 named major planets/dwarf planets/TNOs only, NOT the full minor-planet catalogue (nearest body: Orcus, 113769.4"")"
3EPOCH-016,A,60804.58166331,155.48228330141362,-44.18101768305768,Gaia DR3,Gaia DR3 5415661397543331968,star (Gaia point source),155.48234557696523,-44.180983614696764,0.20221634102062505,MATCH,"Static catalogue; search radius 8.0""; 'known' radius 4.0"""
3EPOCH-016,A,60804.58166331,155.48228330141362,-44.18101768305768,SIMBAD,,,,,,NO_MATCH,"No SIMBAD object within 8.0"""
3EPOCH-016,A,60804.58166331,155.48228330141362,-44.18101768305768,SkyBoT (IMCCE),,,,,,SERVICE_UNAVAILABLE,"Connectivity pre-test failed for this run: ConnectTimeout: HTTPSConnectionPool(host='ssp.imcce.fr', port=443): Max retries exceeded with url: /webservices/skybot/api/conesearch.php?-ra=155.53526111642586&-dec=-42.9632336981278&-rd=0.005555555555555556&-ep=2460805.08166331&-loc=500&-filter=120.0&-objFilter=111&-refsys=EQJ2000&-output=all&-mime=votable (Caused by ConnectTimeoutError(<HTTPSConnection(host='ssp.imcce.fr', port=443) at 0x22378784e10>, 'Connection to ssp.imcce.fr timed out. (connect timeout=300)')). Not re-attempted per candidate/epoch to avoid repeated long timeouts against an already-confirmed-down host."
3EPOCH-016,A,60804.58166331,155.48228330141362,-44.18101768305768,MPC Checker,,,,,,SERVICE_UNAVAILABLE,"Connectivity pre-test failed for this run: ConnectTimeout: HTTPSConnectionPool(host='minorplanetcenter.net', port=443): Max retries exceeded with url: /cgi-bin/checkmp.cgi (Caused by ConnectTimeoutError(<HTTPSConnection(host='minorplanetcenter.net', port=443) at 0x22378784690>, 'Connection to minorplanetcenter.net timed out. (connect timeout=15)')). Not re-attempted per candidate/epoch (no working reverse position-search endpoint available via astroquery for MPC; would require the raw web form, also unreachable)."
3EPOCH-016,A,60804.58166331,155.48228330141362,-44.18101768305768,JPL Horizons,,,158.27436,-12.82092,113224.93207657227,NO_MATCH,"Checked against 19 named major planets/dwarf planets/TNOs only, NOT the full minor-planet catalogue (nearest body: Orcus, 113224.9"")"
3EPOCH-016,C,60822.30895912,155.4674963575856,-44.18770050953945,Gaia DR3,Gaia DR3 5415664318121090304,star (Gaia point source),155.46735317114704,-44.187974475864344,1.053264922954537,MATCH,"Static catalogue; search radius 8.0""; 'known' radius 4.0"""
3EPOCH-016,C,60822.30895912,155.4674963575856,-44.18770050953945,SIMBAD,,,,,,NO_MATCH,"No SIMBAD object within 8.0"""
3EPOCH-016,C,60822.30895912,155.4674963575856,-44.18770050953945,SkyBoT (IMCCE),,,,,,SERVICE_UNAVAILABLE,"Connectivity pre-test failed for this run: ConnectTimeout: HTTPSConnectionPool(host='ssp.imcce.fr', port=443): Max retries exceeded with url: /webservices/skybot/api/conesearch.php?-ra=155.53526111642586&-dec=-42.9632336981278&-rd=0.005555555555555556&-ep=2460805.08166331&-loc=500&-filter=120.0&-objFilter=111&-refsys=EQJ2000&-output=all&-mime=votable (Caused by ConnectTimeoutError(<HTTPSConnection(host='ssp.imcce.fr', port=443) at 0x22378784e10>, 'Connection to ssp.imcce.fr timed out. (connect timeout=300)')). Not re-attempted per candidate/epoch to avoid repeated long timeouts against an already-confirmed-down host."
3EPOCH-016,C,60822.30895912,155.4674963575856,-44.18770050953945,MPC Checker,,,,,,SERVICE_UNAVAILABLE,"Connectivity pre-test failed for this run: ConnectTimeout: HTTPSConnectionPool(host='minorplanetcenter.net', port=443): Max retries exceeded with url: /cgi-bin/checkmp.cgi (Caused by ConnectTimeoutError(<HTTPSConnection(host='minorplanetcenter.net', port=443) at 0x22378784690>, 'Connection to minorplanetcenter.net timed out. (connect timeout=15)')). Not re-attempted per candidate/epoch (no working reverse position-search endpoint available via astroquery for MPC; would require the raw web form, also unreachable)."
3EPOCH-016,C,60822.30895912,155.4674963575856,-44.18770050953945,JPL Horizons,,,158.25793,-12.68922,113721.56654585122,NO_MATCH,"Checked against 19 named major planets/dwarf planets/TNOs only, NOT the full minor-planet catalogue (nearest body: Orcus, 113721.6"")"
3EPOCH-016,B,60835.420874722,155.4548627570017,-44.19154546265009,Gaia DR3,Gaia DR3 5415662840652339200,star (Gaia point source),155.45512280237955,-44.19152570754802,0.674998851813241,MATCH,"Static catalogue; search radius 8.0""; 'known' radius 4.0"""
3EPOCH-016,B,60835.420874722,155.4548627570017,-44.19154546265009,SIMBAD,,,,,,NO_MATCH,"No SIMBAD object within 8.0"""
3EPOCH-016,B,60835.420874722,155.4548627570017,-44.19154546265009,SkyBoT (IMCCE),,,,,,SERVICE_UNAVAILABLE,"Connectivity pre-test failed for this run: ConnectTimeout: HTTPSConnectionPool(host='ssp.imcce.fr', port=443): Max retries exceeded with url: /webservices/skybot/api/conesearch.php?-ra=155.53526111642586&-dec=-42.9632336981278&-rd=0.005555555555555556&-ep=2460805.08166331&-loc=500&-filter=120.0&-objFilter=111&-refsys=EQJ2000&-output=all&-mime=votable (Caused by ConnectTimeoutError(<HTTPSConnection(host='ssp.imcce.fr', port=443) at 0x22378784e10>, 'Connection to ssp.imcce.fr timed out. (connect timeout=300)')). Not re-attempted per candidate/epoch to avoid repeated long timeouts against an already-confirmed-down host."
3EPOCH-016,B,60835.420874722,155.4548627570017,-44.19154546265009,MPC Checker,,,,,,SERVICE_UNAVAILABLE,"Connectivity pre-test failed for this run: ConnectTimeout: HTTPSConnectionPool(host='minorplanetcenter.net', port=443): Max retries exceeded with url: /cgi-bin/checkmp.cgi (Caused by ConnectTimeoutError(<HTTPSConnection(host='minorplanetcenter.net', port=443) at 0x22378784690>, 'Connection to minorplanetcenter.net timed out. (connect timeout=15)')). Not re-attempted per candidate/epoch (no working reverse position-search endpoint available via astroquery for MPC; would require the raw web form, also unreachable)."
3EPOCH-016,B,60835.420874722,155.4548627570017,-44.19154546265009,JPL Horizons,,,158.31182,-12.61556,114015.6626531241,NO_MATCH,"Checked against 19 named major planets/dwarf planets/TNOs only, NOT the full minor-planet catalogue (nearest body: Orcus, 114015.7"")"
3EPOCH-018,A,60804.58166331,156.35881889093886,-44.78863104898323,Gaia DR3,Gaia DR3 5367546631273840512,star (Gaia point source),156.35887782910154,-44.78857382743121,0.25516803912639247,MATCH,"Static catalogue; search radius 8.0""; 'known' radius 4.0"""
3EPOCH-018,A,60804.58166331,156.35881889093886,-44.78863104898323,SIMBAD,,,,,,NO_MATCH,"No SIMBAD object within 8.0"""
3EPOCH-018,A,60804.58166331,156.35881889093886,-44.78863104898323,SkyBoT (IMCCE),,,,,,SERVICE_UNAVAILABLE,"Connectivity pre-test failed for this run: ConnectTimeout: HTTPSConnectionPool(host='ssp.imcce.fr', port=443): Max retries exceeded with url: /webservices/skybot/api/conesearch.php?-ra=155.53526111642586&-dec=-42.9632336981278&-rd=0.005555555555555556&-ep=2460805.08166331&-loc=500&-filter=120.0&-objFilter=111&-refsys=EQJ2000&-output=all&-mime=votable (Caused by ConnectTimeoutError(<HTTPSConnection(host='ssp.imcce.fr', port=443) at 0x22378784e10>, 'Connection to ssp.imcce.fr timed out. (connect timeout=300)')). Not re-attempted per candidate/epoch to avoid repeated long timeouts against an already-confirmed-down host."
3EPOCH-018,A,60804.58166331,156.35881889093886,-44.78863104898323,MPC Checker,,,,,,SERVICE_UNAVAILABLE,"Connectivity pre-test failed for this run: ConnectTimeout: HTTPSConnectionPool(host='minorplanetcenter.net', port=443): Max retries exceeded with url: /cgi-bin/checkmp.cgi (Caused by ConnectTimeoutError(<HTTPSConnection(host='minorplanetcenter.net', port=443) at 0x22378784690>, 'Connection to minorplanetcenter.net timed out. (connect timeout=15)')). Not re-attempted per candidate/epoch (no working reverse position-search endpoint available via astroquery for MPC; would require the raw web form, also unreachable)."
3EPOCH-018,A,60804.58166331,156.35881889093886,-44.78863104898323,JPL Horizons,,,158.27436,-12.82092,115234.32928828472,NO_MATCH,"Checked against 19 named major planets/dwarf planets/TNOs only, NOT the full minor-planet catalogue (nearest body: Orcus, 115234.3"")"
3EPOCH-018,C,60822.30895912,156.3774930029326,-44.79515518408688,Gaia DR3,Gaia DR3 5367546562554364800,star (Gaia point source),156.37762515929043,-44.79537452615135,0.8587792339918501,MATCH,"Static catalogue; search radius 8.0""; 'known' radius 4.0"""
3EPOCH-018,C,60822.30895912,156.3774930029326,-44.79515518408688,SIMBAD,,,,,,NO_MATCH,"No SIMBAD object within 8.0"""
3EPOCH-018,C,60822.30895912,156.3774930029326,-44.79515518408688,SkyBoT (IMCCE),,,,,,SERVICE_UNAVAILABLE,"Connectivity pre-test failed for this run: ConnectTimeout: HTTPSConnectionPool(host='ssp.imcce.fr', port=443): Max retries exceeded with url: /webservices/skybot/api/conesearch.php?-ra=155.53526111642586&-dec=-42.9632336981278&-rd=0.005555555555555556&-ep=2460805.08166331&-loc=500&-filter=120.0&-objFilter=111&-refsys=EQJ2000&-output=all&-mime=votable (Caused by ConnectTimeoutError(<HTTPSConnection(host='ssp.imcce.fr', port=443) at 0x22378784e10>, 'Connection to ssp.imcce.fr timed out. (connect timeout=300)')). Not re-attempted per candidate/epoch to avoid repeated long timeouts against an already-confirmed-down host."
3EPOCH-018,C,60822.30895912,156.3774930029326,-44.79515518408688,MPC Checker,,,,,,SERVICE_UNAVAILABLE,"Connectivity pre-test failed for this run: ConnectTimeout: HTTPSConnectionPool(host='minorplanetcenter.net', port=443): Max retries exceeded with url: /cgi-bin/checkmp.cgi (Caused by ConnectTimeoutError(<HTTPSConnection(host='minorplanetcenter.net', port=443) at 0x22378784690>, 'Connection to minorplanetcenter.net timed out. (connect timeout=15)')). Not re-attempted per candidate/epoch (no working reverse position-search endpoint available via astroquery for MPC; would require the raw web form, also unreachable)."
3EPOCH-018,C,60822.30895912,156.3774930029326,-44.79515518408688,JPL Horizons,,,158.25793,-12.68922,115725.97291156542,NO_MATCH,"Checked against 19 named major planets/dwarf planets/TNOs only, NOT the full minor-planet catalogue (nearest body: Orcus, 115726.0"")"
3EPOCH-018,B,60835.420874722,156.39369976881684,-44.80024259543229,Gaia DR3,Gaia DR3 5367546180297669248,star (Gaia point source),156.39383026619151,-44.80039351401671,0.6374191240538996,MATCH,"Static catalogue; search radius 8.0""; 'known' radius 4.0"""
3EPOCH-018,B,60835.420874722,156.39369976881684,-44.80024259543229,SIMBAD,,,,,,NO_MATCH,"No SIMBAD object within 8.0"""
3EPOCH-018,B,60835.420874722,156.39369976881684,-44.80024259543229,SkyBoT (IMCCE),,,,,,SERVICE_UNAVAILABLE,"Connectivity pre-test failed for this run: ConnectTimeout: HTTPSConnectionPool(host='ssp.imcce.fr', port=443): Max retries exceeded with url: /webservices/skybot/api/conesearch.php?-ra=155.53526111642586&-dec=-42.9632336981278&-rd=0.005555555555555556&-ep=2460805.08166331&-loc=500&-filter=120.0&-objFilter=111&-refsys=EQJ2000&-output=all&-mime=votable (Caused by ConnectTimeoutError(<HTTPSConnection(host='ssp.imcce.fr', port=443) at 0x22378784e10>, 'Connection to ssp.imcce.fr timed out. (connect timeout=300)')). Not re-attempted per candidate/epoch to avoid repeated long timeouts against an already-confirmed-down host."
3EPOCH-018,B,60835.420874722,156.39369976881684,-44.80024259543229,MPC Checker,,,,,,SERVICE_UNAVAILABLE,"Connectivity pre-test failed for this run: ConnectTimeout: HTTPSConnectionPool(host='minorplanetcenter.net', port=443): Max retries exceeded with url: /cgi-bin/checkmp.cgi (Caused by ConnectTimeoutError(<HTTPSConnection(host='minorplanetcenter.net', port=443) at 0x22378784690>, 'Connection to minorplanetcenter.net timed out. (connect timeout=15)')). Not re-attempted per candidate/epoch (no working reverse position-search endpoint available via astroquery for MPC; would require the raw web form, also unreachable)."
3EPOCH-018,B,60835.420874722,156.39369976881684,-44.80024259543229,JPL Horizons,,,158.31182,-12.61556,116015.01525007465,NO_MATCH,"Checked against 19 named major planets/dwarf planets/TNOs only, NOT the full minor-planet catalogue (nearest body: Orcus, 116015.0"")"
3EPOCH-023,A,60804.58166331,155.8634733443359,-41.61877673161999,Gaia DR3,Gaia DR3 5416487611811863296,star (Gaia point source),155.86306479489568,-41.61866984722734,1.1649101210819377,MATCH,"Static catalogue; search radius 8.0""; 'known' radius 4.0"""
3EPOCH-023,A,60804.58166331,155.8634733443359,-41.61877673161999,SIMBAD,,,,,,NO_MATCH,"No SIMBAD object within 8.0"""
3EPOCH-023,A,60804.58166331,155.8634733443359,-41.61877673161999,SkyBoT (IMCCE),,,,,,SERVICE_UNAVAILABLE,"Connectivity pre-test failed for this run: ConnectTimeout: HTTPSConnectionPool(host='ssp.imcce.fr', port=443): Max retries exceeded with url: /webservices/skybot/api/conesearch.php?-ra=155.53526111642586&-dec=-42.9632336981278&-rd=0.005555555555555556&-ep=2460805.08166331&-loc=500&-filter=120.0&-objFilter=111&-refsys=EQJ2000&-output=all&-mime=votable (Caused by ConnectTimeoutError(<HTTPSConnection(host='ssp.imcce.fr', port=443) at 0x22378784e10>, 'Connection to ssp.imcce.fr timed out. (connect timeout=300)')). Not re-attempted per candidate/epoch to avoid repeated long timeouts against an already-confirmed-down host."
3EPOCH-023,A,60804.58166331,155.8634733443359,-41.61877673161999,MPC Checker,,,,,,SERVICE_UNAVAILABLE,"Connectivity pre-test failed for this run: ConnectTimeout: HTTPSConnectionPool(host='minorplanetcenter.net', port=443): Max retries exceeded with url: /cgi-bin/checkmp.cgi (Caused by ConnectTimeoutError(<HTTPSConnection(host='minorplanetcenter.net', port=443) at 0x22378784690>, 'Connection to minorplanetcenter.net timed out. (connect timeout=15)')). Not re-attempted per candidate/epoch (no working reverse position-search endpoint available via astroquery for MPC; would require the raw web form, also unreachable)."
3EPOCH-023,A,60804.58166331,155.8634733443359,-41.61877673161999,JPL Horizons,,,158.27436,-12.82092,103948.22058747563,NO_MATCH,"Checked against 19 named major planets/dwarf planets/TNOs only, NOT the full minor-planet catalogue (nearest body: Orcus, 103948.2"")"
3EPOCH-023,C,60822.30895912,155.86438218309567,-41.6057966528261,Gaia DR3,Gaia DR3 5416487611811865088,star (Gaia point source),155.8642950612167,-41.60609002982606,1.081880858514219,MATCH,"Static catalogue; search radius 8.0""; 'known' radius 4.0"""
3EPOCH-023,C,60822.30895912,155.86438218309567,-41.6057966528261,SIMBAD,,,,,,NO_MATCH,"No SIMBAD object within 8.0"""
3EPOCH-023,C,60822.30895912,155.86438218309567,-41.6057966528261,SkyBoT (IMCCE),,,,,,SERVICE_UNAVAILABLE,"Connectivity pre-test failed for this run: ConnectTimeout: HTTPSConnectionPool(host='ssp.imcce.fr', port=443): Max retries exceeded with url: /webservices/skybot/api/conesearch.php?-ra=155.53526111642586&-dec=-42.9632336981278&-rd=0.005555555555555556&-ep=2460805.08166331&-loc=500&-filter=120.0&-objFilter=111&-refsys=EQJ2000&-output=all&-mime=votable (Caused by ConnectTimeoutError(<HTTPSConnection(host='ssp.imcce.fr', port=443) at 0x22378784e10>, 'Connection to ssp.imcce.fr timed out. (connect timeout=300)')). Not re-attempted per candidate/epoch to avoid repeated long timeouts against an already-confirmed-down host."
3EPOCH-023,C,60822.30895912,155.86438218309567,-41.6057966528261,MPC Checker,,,,,,SERVICE_UNAVAILABLE,"Connectivity pre-test failed for this run: ConnectTimeout: HTTPSConnectionPool(host='minorplanetcenter.net', port=443): Max retries exceeded with url: /cgi-bin/checkmp.cgi (Caused by ConnectTimeoutError(<HTTPSConnection(host='minorplanetcenter.net', port=443) at 0x22378784690>, 'Connection to minorplanetcenter.net timed out. (connect timeout=15)')). Not re-attempted per candidate/epoch (no working reverse position-search endpoint available via astroquery for MPC; would require the raw web form, also unreachable)."
3EPOCH-023,C,60822.30895912,155.86438218309567,-41.6057966528261,JPL Horizons,,,158.25793,-12.68922,104370.84023116295,NO_MATCH,"Checked against 19 named major planets/dwarf planets/TNOs only, NOT the full minor-planet catalogue (nearest body: Orcus, 104370.8"")"
3EPOCH-023,B,60835.420874722,155.8671630998505,-41.59510165637065,Gaia DR3,Gaia DR3 5416487714887518208,star (Gaia point source),155.86690769932312,-41.5950177660804,0.7510085956257672,MATCH,"Static catalogue; search radius 8.0""; 'known' radius 4.0"""
3EPOCH-023,B,60835.420874722,155.8671630998505,-41.59510165637065,SIMBAD,,,,,,NO_MATCH,"No SIMBAD object within 8.0"""
3EPOCH-023,B,60835.420874722,155.8671630998505,-41.59510165637065,SkyBoT (IMCCE),,,,,,SERVICE_UNAVAILABLE,"Connectivity pre-test failed for this run: ConnectTimeout: HTTPSConnectionPool(host='ssp.imcce.fr', port=443): Max retries exceeded with url: /webservices/skybot/api/conesearch.php?-ra=155.53526111642586&-dec=-42.9632336981278&-rd=0.005555555555555556&-ep=2460805.08166331&-loc=500&-filter=120.0&-objFilter=111&-refsys=EQJ2000&-output=all&-mime=votable (Caused by ConnectTimeoutError(<HTTPSConnection(host='ssp.imcce.fr', port=443) at 0x22378784e10>, 'Connection to ssp.imcce.fr timed out. (connect timeout=300)')). Not re-attempted per candidate/epoch to avoid repeated long timeouts against an already-confirmed-down host."
3EPOCH-023,B,60835.420874722,155.8671630998505,-41.59510165637065,MPC Checker,,,,,,SERVICE_UNAVAILABLE,"Connectivity pre-test failed for this run: ConnectTimeout: HTTPSConnectionPool(host='minorplanetcenter.net', port=443): Max retries exceeded with url: /cgi-bin/checkmp.cgi (Caused by ConnectTimeoutError(<HTTPSConnection(host='minorplanetcenter.net', port=443) at 0x22378784690>, 'Connection to minorplanetcenter.net timed out. (connect timeout=15)')). Not re-attempted per candidate/epoch (no working reverse position-search endpoint available via astroquery for MPC; would require the raw web form, also unreachable)."
3EPOCH-023,B,60835.420874722,155.8671630998505,-41.59510165637065,JPL Horizons,,,158.31182,-12.61556,104608.77019653688,NO_MATCH,"Checked against 19 named major planets/dwarf planets/TNOs only, NOT the full minor-planet catalogue (nearest body: Orcus, 104608.8"")"
