candidate_id,epoch,mjd,candidate_ra,candidate_dec,sigma_obs_arcsec,catalogue,matched_object,object_type,matched_ra,matched_dec,separation_arcsec,match_status,expected_ra_at_epoch,expected_dec_at_epoch,sigma_cat_arcsec,sigma_total_arcsec,chi2,n_consistent_sources,p_chance,pmra_mas_yr,pmdec_mas_yr,gaia_g_mag,mag_residual,notes
3EPOCH-001,A,60804.58166331,155.53526111642586,-42.9632336981278,1.08,Gaia DR3,Gaia DR3 5416036124850176512,star (Gaia DR3 point source),155.53591500651572,-42.963336980901026,1.7623083911444026,MATCH,155.53591500651572,-42.963336980901026,0.00033048576737041286,1.0800000505652037,2.6626633870710172,1.0,0.03641659453393464,-3.319764990326091,3.110419285910137,15.826557159423828,0.46880232644109476,Propagated J2016.0 -> J2025.353 (catalogue PM); chi2=2.66 (accept <= 13.816); 1 consistent source(s); local density 13.7/arcmin^2; P_chance=0.0364; flux-vs-G residual +0.47 mag (scatter 0.66)
3EPOCH-001,A,60804.58166331,155.53526111642586,-42.9632336981278,1.08,SIMBAD,,,,,,NO_MATCH,,,,,,,,,,,,"cone 15"""
3EPOCH-001,A,60804.58166331,155.53526111642586,-42.9632336981278,1.08,JPL Small-Body Identification (sb_ident),,,156.32195,-41.96184,4166.6311248884995,NO_MATCH,156.32195,-41.96184,,,14853525.049079869,,,,,,,Full-field epoch-aware search of all known asteroids/comets at 2025-05-09_13:57:35 UTC; 6 object(s) in field; nearest 313052 (2000 RL52) at 69.4' (Horizons from SPHEREx)
3EPOCH-001,A,60804.58166331,155.53526111642586,-42.9632336981278,1.08,JPL Horizons (planets),,,132.23565,19.69771,238427.34830571926,NO_MATCH,,,,,,,,,,,,8 planets + Pluto from SPHEREx; nearest Mars at 66.2 deg
3EPOCH-001,A,60804.58166331,155.53526111642586,-42.9632336981278,1.08,SkyBoT (IMCCE),,,,,,SERVICE_UNAVAILABLE,,,,,,,,,,,,Not required: the equivalent MPC-orbit small-body search was performed with JPL sb_ident. Unreachable this run (ConnectTimeout).
3EPOCH-001,A,60804.58166331,155.53526111642586,-42.9632336981278,1.08,MPC Checker,,,,,,SERVICE_UNAVAILABLE,,,,,,,,,,,,Not required: the equivalent MPC-orbit small-body search was performed with JPL sb_ident. Unreachable this run (ConnectTimeout).
3EPOCH-001,C,60822.30895912,155.520540286242,-42.971889572220135,0.71,Gaia DR3,Gaia DR3 5416036090490435712,star (Gaia DR3 point source),155.52062133339794,-42.97175543338897,0.5279847902283804,MATCH,155.52062133339794,-42.97175543338897,0.0003558083220452579,0.7100000891546155,0.5530011281547436,1.0,0.003401365899700304,-7.990196182988216,10.588435245111274,14.750879287719727,0.8223111231572049,Propagated J2016.0 -> J2025.401 (catalogue PM); chi2=0.55 (accept <= 13.816); 1 consistent source(s); local density 14.0/arcmin^2; P_chance=0.0034; flux-vs-G residual +0.82 mag (scatter 0.66)
3EPOCH-001,C,60822.30895912,155.520540286242,-42.971889572220135,0.71,SIMBAD,,,,,,NO_MATCH,,,,,,,,,,,,"cone 15"""
3EPOCH-001,C,60822.30895912,155.520540286242,-42.971889572220135,0.71,JPL Small-Body Identification (sb_ident),,,152.51583333333332,-42.23405555555556,8392.745265911646,NO_MATCH,152.51583333333332,-42.23405555555556,,,139730555.64071086,,,,,,,Full-field epoch-aware search of all known asteroids/comets at 2025-05-27_07:24:54 UTC; 3 object(s) in field; nearest (2025 EF) at 139.9' (geocentric)
3EPOCH-001,C,60822.30895912,155.520540286242,-42.971889572220135,0.71,JPL Horizons (planets),,,141.15262,16.81887,220437.89765700855,NO_MATCH,,,,,,,,,,,,8 planets + Pluto from SPHEREx; nearest Mars at 61.2 deg
3EPOCH-001,C,60822.30895912,155.520540286242,-42.971889572220135,0.71,SkyBoT (IMCCE),,,,,,SERVICE_UNAVAILABLE,,,,,,,,,,,,Not required: the equivalent MPC-orbit small-body search was performed with JPL sb_ident. Unreachable this run (ConnectTimeout).
3EPOCH-001,C,60822.30895912,155.520540286242,-42.971889572220135,0.71,MPC Checker,,,,,,SERVICE_UNAVAILABLE,,,,,,,,,,,,Not required: the equivalent MPC-orbit small-body search was performed with JPL sb_ident. Unreachable this run (ConnectTimeout).
3EPOCH-001,B,60835.420874722,155.509196136213,-42.97844332704641,0.71,Gaia DR3,Gaia DR3 5416036056130695808,star (Gaia DR3 point source),155.50896012224584,-42.97833834063445,0.7274958511948186,MATCH,155.50896012224584,-42.97833834063445,0.0003569505995290669,0.7100000897279736,1.0498910528370125,1.0,0.0065937925815644505,-11.49316296270947,6.437486657869905,14.753236770629883,1.182385861633293,Propagated J2016.0 -> J2025.437 (catalogue PM); chi2=1.05 (accept <= 13.816); 1 consistent source(s); local density 14.3/arcmin^2; P_chance=0.0066; flux-vs-G residual +1.18 mag (scatter 0.66)
3EPOCH-001,B,60835.420874722,155.509196136213,-42.97844332704641,0.71,SIMBAD,,,,,,NO_MATCH,,,,,,,,,,,,"cone 15"""
3EPOCH-001,B,60835.420874722,155.509196136213,-42.97844332704641,0.71,JPL Small-Body Identification (sb_ident),,,155.47962499999997,-42.17225,2903.354447351295,NO_MATCH,155.47962499999997,-42.17225,,,16721815.2091937,,,,,,,Full-field epoch-aware search of all known asteroids/comets at 2025-06-09_10:06:03 UTC; 2 object(s) in field; nearest (2010 HK) at 48.4' (geocentric)
3EPOCH-001,B,60835.420874722,155.509196136213,-42.97844332704641,0.71,JPL Horizons (planets),,,147.98478,14.34834,207868.5128555768,NO_MATCH,,,,,,,,,,,,8 planets + Pluto from SPHEREx; nearest Mars at 57.7 deg
3EPOCH-001,B,60835.420874722,155.509196136213,-42.97844332704641,0.71,SkyBoT (IMCCE),,,,,,SERVICE_UNAVAILABLE,,,,,,,,,,,,Not required: the equivalent MPC-orbit small-body search was performed with JPL sb_ident. Unreachable this run (ConnectTimeout).
3EPOCH-001,B,60835.420874722,155.509196136213,-42.97844332704641,0.71,MPC Checker,,,,,,SERVICE_UNAVAILABLE,,,,,,,,,,,,Not required: the equivalent MPC-orbit small-body search was performed with JPL sb_ident. Unreachable this run (ConnectTimeout).
3EPOCH-004,A,60804.58166331,155.87025563989727,-44.22316218656735,0.59,Gaia DR3,Gaia DR3 5415634906185248512,star (Gaia DR3 point source),155.8703744937534,-44.22300513541844,0.6431791443543798,MATCH,155.8703744937534,-44.22300513541844,0.0005999222444873073,0.5900003050055986,1.1883912209780816,1.0,0.004700267860795471,-7.070371604827648,1.63725075079525,15.378063201904297,-0.23331751071853812,Propagated J2016.0 -> J2025.353 (catalogue PM); chi2=1.19 (accept <= 13.816); 1 consistent source(s); local density 13.1/arcmin^2; P_chance=0.0047; flux-vs-G residual -0.23 mag (scatter 0.66)
3EPOCH-004,A,60804.58166331,155.87025563989727,-44.22316218656735,0.59,SIMBAD,,,,,,NO_MATCH,,,,,,,,,,,,"cone 15"""
3EPOCH-004,A,60804.58166331,155.87025563989727,-44.22316218656735,0.59,JPL Small-Body Identification (sb_ident),,,152.76487499999996,-44.15738888888889,8018.950038094499,NO_MATCH,152.76487499999996,-44.15738888888889,,,184727261.45778733,,,,,,,Full-field epoch-aware search of all known asteroids/comets at 2025-05-09_13:57:35 UTC; 6 object(s) in field; nearest (2003 YS1) at 133.6' (geocentric)
3EPOCH-004,A,60804.58166331,155.87025563989727,-44.22316218656735,0.59,JPL Horizons (planets),,,132.23565,19.69771,242925.04482397248,NO_MATCH,,,,,,,,,,,,8 planets + Pluto from SPHEREx; nearest Mars at 67.5 deg
3EPOCH-004,A,60804.58166331,155.87025563989727,-44.22316218656735,0.59,SkyBoT (IMCCE),,,,,,SERVICE_UNAVAILABLE,,,,,,,,,,,,Not required: the equivalent MPC-orbit small-body search was performed with JPL sb_ident. Unreachable this run (ConnectTimeout).
3EPOCH-004,A,60804.58166331,155.87025563989727,-44.22316218656735,0.59,MPC Checker,,,,,,SERVICE_UNAVAILABLE,,,,,,,,,,,,Not required: the equivalent MPC-orbit small-body search was performed with JPL sb_ident. Unreachable this run (ConnectTimeout).
3EPOCH-004,C,60822.30895912,155.87091209247012,-44.23429985352987,0.71,Gaia DR3,Gaia DR3 5415633222559688064,star (Gaia DR3 point source),155.87158307406074,-44.23486137396705,2.661145501301179,MATCH,155.87158307406074,-44.23486137396705,0.18802868393352642,0.7344758579979154,13.127504960786032,1.0,0.07929884980048418,,,17.92959213256836,-2.0969022541199336,Propagated J2016.0 -> J2025.401 (no PM; +/-20 mas/yr allowance); chi2=13.13 (accept <= 13.816); 1 consistent source(s); local density 13.4/arcmin^2; P_chance=0.0793; flux-vs-G residual -2.10 mag (scatter 0.66)
3EPOCH-004,C,60822.30895912,155.87091209247012,-44.23429985352987,0.71,SIMBAD,,,,,,NO_MATCH,,,,,,,,,,,,"cone 15"""
3EPOCH-004,C,60822.30895912,155.87091209247012,-44.23429985352987,0.71,JPL Small-Body Identification (sb_ident),,,152.51583333333332,-42.23405555555556,11368.784788220513,NO_MATCH,152.51583333333332,-42.23405555555556,,,256396087.2066537,,,,,,,Full-field epoch-aware search of all known asteroids/comets at 2025-05-27_07:24:54 UTC; 3 object(s) in field; nearest (2025 EF) at 189.5' (geocentric)
3EPOCH-004,C,60822.30895912,155.87091209247012,-44.23429985352987,0.71,JPL Horizons (planets),,,141.15262,16.81887,225059.44904627846,NO_MATCH,,,,,,,,,,,,8 planets + Pluto from SPHEREx; nearest Mars at 62.5 deg
3EPOCH-004,C,60822.30895912,155.87091209247012,-44.23429985352987,0.71,SkyBoT (IMCCE),,,,,,SERVICE_UNAVAILABLE,,,,,,,,,,,,Not required: the equivalent MPC-orbit small-body search was performed with JPL sb_ident. Unreachable this run (ConnectTimeout).
3EPOCH-004,C,60822.30895912,155.87091209247012,-44.23429985352987,0.71,MPC Checker,,,,,,SERVICE_UNAVAILABLE,,,,,,,,,,,,Not required: the equivalent MPC-orbit small-body search was performed with JPL sb_ident. Unreachable this run (ConnectTimeout).
3EPOCH-004,B,60835.420874722,155.87088997672618,-44.24294988350937,0.59,Gaia DR3,Gaia DR3 5415633188198500992,star (Gaia DR3 point source),155.87083456356186,-44.243178285695976,0.8345746502184511,MATCH,155.87083456356186,-44.243178285695976,0.00021345842406994453,0.5900000386139808,2.0009042103333887,1.0,0.0079011507095752,-3.446208908129926,2.3332256826716185,15.33122444152832,-0.15464842371439103,Propagated J2016.0 -> J2025.437 (catalogue PM); chi2=2.00 (accept <= 13.816); 1 consistent source(s); local density 13.1/arcmin^2; P_chance=0.0079; flux-vs-G residual -0.15 mag (scatter 0.66)
3EPOCH-004,B,60835.420874722,155.87088997672618,-44.24294988350937,0.59,SIMBAD,,,,,,NO_MATCH,,,,,,,,,,,,"cone 15"""
3EPOCH-004,B,60835.420874722,155.87088997672618,-44.24294988350937,0.59,JPL Small-Body Identification (sb_ident),,,155.47962499999997,-42.17225,7524.857486508598,NO_MATCH,155.47962499999997,-42.17225,,,162664407.33198652,,,,,,,Full-field epoch-aware search of all known asteroids/comets at 2025-06-09_10:06:03 UTC; 2 object(s) in field; nearest (2010 HK) at 125.4' (geocentric)
3EPOCH-004,B,60835.420874722,155.87088997672618,-44.24294988350937,0.59,JPL Horizons (planets),,,147.98478,14.34834,212511.25496390247,NO_MATCH,,,,,,,,,,,,8 planets + Pluto from SPHEREx; nearest Mars at 59.0 deg
3EPOCH-004,B,60835.420874722,155.87088997672618,-44.24294988350937,0.59,SkyBoT (IMCCE),,,,,,SERVICE_UNAVAILABLE,,,,,,,,,,,,Not required: the equivalent MPC-orbit small-body search was performed with JPL sb_ident. Unreachable this run (ConnectTimeout).
3EPOCH-004,B,60835.420874722,155.87088997672618,-44.24294988350937,0.59,MPC Checker,,,,,,SERVICE_UNAVAILABLE,,,,,,,,,,,,Not required: the equivalent MPC-orbit small-body search was performed with JPL sb_ident. Unreachable this run (ConnectTimeout).
3EPOCH-003,A,60804.58166331,155.87275501351874,-43.336724313859605,1.08,Gaia DR3,Gaia DR3 5415805674084266752,star (Gaia DR3 point source),155.87216522414832,-43.33673128027045,1.5445073715698157,MATCH,155.87216522414832,-43.33673128027045,0.0004079372560096468,1.0800000770429625,2.0451840539169113,1.0,0.025511878456820902,-3.584804656285539,0.4946362686015779,15.454400062561035,0.8152972950837729,Propagated J2016.0 -> J2025.353 (catalogue PM); chi2=2.05 (accept <= 13.816); 1 consistent source(s); local density 12.4/arcmin^2; P_chance=0.0255; flux-vs-G residual +0.82 mag (scatter 0.66)
3EPOCH-003,A,60804.58166331,155.87275501351874,-43.336724313859605,1.08,SIMBAD,,,,,,NO_MATCH,,,,,,,,,,,,"cone 15"""
3EPOCH-003,A,60804.58166331,155.87275501351874,-43.336724313859605,1.08,JPL Small-Body Identification (sb_ident),,,156.32195,-41.96184,5090.462698616477,NO_MATCH,156.32195,-41.96184,,,22170421.214565814,,,,,,,Full-field epoch-aware search of all known asteroids/comets at 2025-05-09_13:57:35 UTC; 6 object(s) in field; nearest 313052 (2000 RL52) at 84.8' (Horizons from SPHEREx)
3EPOCH-003,A,60804.58166331,155.87275501351874,-43.336724313859605,1.08,JPL Horizons (planets),,,132.23565,19.69771,240016.8481691415,NO_MATCH,,,,,,,,,,,,8 planets + Pluto from SPHEREx; nearest Mars at 66.7 deg
3EPOCH-003,A,60804.58166331,155.87275501351874,-43.336724313859605,1.08,SkyBoT (IMCCE),,,,,,SERVICE_UNAVAILABLE,,,,,,,,,,,,Not required: the equivalent MPC-orbit small-body search was performed with JPL sb_ident. Unreachable this run (ConnectTimeout).
3EPOCH-003,A,60804.58166331,155.87275501351874,-43.336724313859605,1.08,MPC Checker,,,,,,SERVICE_UNAVAILABLE,,,,,,,,,,,,Not required: the equivalent MPC-orbit small-body search was performed with JPL sb_ident. Unreachable this run (ConnectTimeout).
3EPOCH-003,C,60822.30895912,155.8804275832888,-43.32045052731959,1.08,Gaia DR3,Gaia DR3 5415805708444008448,star (Gaia DR3 point source),155.88082287471923,-43.320309435244035,1.1531953465861027,MATCH,155.88082287471923,-43.320309435244035,0.0006036761947118138,1.0800001687152405,1.1401398250106696,1.0,0.017938028826211982,-12.591658407099969,5.133780876567137,16.302080154418945,0.4033763154330495,Propagated J2016.0 -> J2025.401 (catalogue PM); chi2=1.14 (accept <= 13.816); 1 consistent source(s); local density 15.6/arcmin^2; P_chance=0.0179; flux-vs-G residual +0.40 mag (scatter 0.66)
3EPOCH-003,C,60822.30895912,155.8804275832888,-43.32045052731959,1.08,SIMBAD,,,,,,NO_MATCH,,,,,,,,,,,,"cone 15"""
3EPOCH-003,C,60822.30895912,155.8804275832888,-43.32045052731959,1.08,JPL Small-Body Identification (sb_ident),,,152.51583333333332,-42.23405555555556,9711.843465153084,NO_MATCH,152.51583333333332,-42.23405555555556,,,80864114.79049782,,,,,,,Full-field epoch-aware search of all known asteroids/comets at 2025-05-27_07:24:54 UTC; 3 object(s) in field; nearest (2025 EF) at 161.9' (geocentric)
3EPOCH-003,C,60822.30895912,155.8804275832888,-43.32045052731959,1.08,JPL Horizons (planets),,,141.15262,16.81887,221903.55772027024,NO_MATCH,,,,,,,,,,,,8 planets + Pluto from SPHEREx; nearest Mars at 61.6 deg
3EPOCH-003,C,60822.30895912,155.8804275832888,-43.32045052731959,1.08,SkyBoT (IMCCE),,,,,,SERVICE_UNAVAILABLE,,,,,,,,,,,,Not required: the equivalent MPC-orbit small-body search was performed with JPL sb_ident. Unreachable this run (ConnectTimeout).
3EPOCH-003,C,60822.30895912,155.8804275832888,-43.32045052731959,1.08,MPC Checker,,,,,,SERVICE_UNAVAILABLE,,,,,,,,,,,,Not required: the equivalent MPC-orbit small-body search was performed with JPL sb_ident. Unreachable this run (ConnectTimeout).
3EPOCH-003,B,60835.420874722,155.8860996996873,-43.30885217761553,1.08,Gaia DR3,Gaia DR3 5415805811523226368,star (Gaia DR3 point source),155.88594833072045,-43.30887386064108,0.40413632852963666,MATCH,155.88594833072045,-43.30887386064108,0.0003650520067467943,1.0800000616958165,0.14002585166079723,1.0,0.0022205815278206753,-5.460234057190548,6.0572251980230645,15.959820747375488,1.1917560901967446,Propagated J2016.0 -> J2025.437 (catalogue PM); chi2=0.14 (accept <= 13.816); 1 consistent source(s); local density 15.6/arcmin^2; P_chance=0.0022; flux-vs-G residual +1.19 mag (scatter 0.66)
3EPOCH-003,B,60835.420874722,155.8860996996873,-43.30885217761553,1.08,SIMBAD,,,,,,NO_MATCH,,,,,,,,,,,,"cone 15"""
3EPOCH-003,B,60835.420874722,155.8860996996873,-43.30885217761553,1.08,JPL Small-Body Identification (sb_ident),,,155.47962499999997,-42.17225,4230.533844610948,NO_MATCH,155.47962499999997,-42.17225,,,15344150.043208754,,,,,,,Full-field epoch-aware search of all known asteroids/comets at 2025-06-09_10:06:03 UTC; 2 object(s) in field; nearest (2010 HK) at 70.5' (geocentric)
3EPOCH-003,B,60835.420874722,155.8860996996873,-43.30885217761553,1.08,JPL Horizons (planets),,,147.98478,14.34834,209195.80305624066,NO_MATCH,,,,,,,,,,,,8 planets + Pluto from SPHEREx; nearest Mars at 58.1 deg
3EPOCH-003,B,60835.420874722,155.8860996996873,-43.30885217761553,1.08,SkyBoT (IMCCE),,,,,,SERVICE_UNAVAILABLE,,,,,,,,,,,,Not required: the equivalent MPC-orbit small-body search was performed with JPL sb_ident. Unreachable this run (ConnectTimeout).
3EPOCH-003,B,60835.420874722,155.8860996996873,-43.30885217761553,1.08,MPC Checker,,,,,,SERVICE_UNAVAILABLE,,,,,,,,,,,,Not required: the equivalent MPC-orbit small-body search was performed with JPL sb_ident. Unreachable this run (ConnectTimeout).
3EPOCH-002,A,60804.58166331,154.58258160930131,-42.33310069876902,0.71,Gaia DR3,Gaia DR3 5416104706886845952,star (Gaia DR3 point source),154.58279402854052,-42.33347287921813,1.454223235010597,MATCH,154.58279402854052,-42.33347287921813,0.00034938265461864116,0.7100000859635436,4.195129349638232,1.0,0.024943338828138928,-2.0816561876210176,0.6459860923530658,15.937461853027344,0.3064145603466206,Propagated J2016.0 -> J2025.353 (catalogue PM); chi2=4.20 (accept <= 13.816); 1 consistent source(s); local density 13.7/arcmin^2; P_chance=0.0249; flux-vs-G residual +0.31 mag (scatter 0.66)
3EPOCH-002,A,60804.58166331,154.58258160930131,-42.33310069876902,0.71,SIMBAD,,,,,,NO_MATCH,,,,,,,,,,,,"cone 15"""
3EPOCH-002,A,60804.58166331,154.58258160930131,-42.33310069876902,0.71,JPL Small-Body Identification (sb_ident),,,156.32195,-41.96184,4831.0230667897185,NO_MATCH,156.32195,-41.96184,,,46078455.66317607,,,,,,,Full-field epoch-aware search of all known asteroids/comets at 2025-05-09_13:57:35 UTC; 6 object(s) in field; nearest 313052 (2000 RL52) at 80.5' (Horizons from SPHEREx)
3EPOCH-002,A,60804.58166331,154.58258160930131,-42.33310069876902,0.71,JPL Horizons (planets),,,132.23565,19.69771,235338.70477850645,NO_MATCH,,,,,,,,,,,,8 planets + Pluto from SPHEREx; nearest Mars at 65.4 deg
3EPOCH-002,A,60804.58166331,154.58258160930131,-42.33310069876902,0.71,SkyBoT (IMCCE),,,,,,SERVICE_UNAVAILABLE,,,,,,,,,,,,Not required: the equivalent MPC-orbit small-body search was performed with JPL sb_ident. Unreachable this run (ConnectTimeout).
3EPOCH-002,A,60804.58166331,154.58258160930131,-42.33310069876902,0.71,MPC Checker,,,,,,SERVICE_UNAVAILABLE,,,,,,,,,,,,Not required: the equivalent MPC-orbit small-body search was performed with JPL sb_ident. Unreachable this run (ConnectTimeout).
3EPOCH-002,C,60822.30895912,154.56274671125126,-42.337466113123774,1.08,Gaia DR3,Gaia DR3 5416104736947534592,star (Gaia DR3 point source),154.56325958033665,-42.33721063497802,1.6457656806162482,MATCH,154.56325958033665,-42.33721063497802,0.0012601767342389348,1.0800007352059542,2.3221373352492676,1.0,0.02525628574631622,-9.728488033374433,-5.063154457846701,18.47272491455078,-0.8933381262509597,Propagated J2016.0 -> J2025.401 (catalogue PM); chi2=2.32 (accept <= 13.816); 1 consistent source(s); local density 10.8/arcmin^2; P_chance=0.0253; flux-vs-G residual -0.89 mag (scatter 0.66)
3EPOCH-002,C,60822.30895912,154.56274671125126,-42.337466113123774,1.08,SIMBAD,,,,,,NO_MATCH,,,,,,,,,,,,"cone 15"""
3EPOCH-002,C,60822.30895912,154.56274671125126,-42.337466113123774,1.08,JPL Small-Body Identification (sb_ident),,,152.51583333333332,-42.23405555555556,5464.054137264875,NO_MATCH,152.51583333333332,-42.23405555555556,,,25596611.466873623,,,,,,,Full-field epoch-aware search of all known asteroids/comets at 2025-05-27_07:24:54 UTC; 3 object(s) in field; nearest (2025 EF) at 91.1' (geocentric)
3EPOCH-002,C,60822.30895912,154.56274671125126,-42.337466113123774,1.08,JPL Horizons (planets),,,141.15262,16.81887,217567.26215687115,NO_MATCH,,,,,,,,,,,,8 planets + Pluto from SPHEREx; nearest Mars at 60.4 deg
3EPOCH-002,C,60822.30895912,154.56274671125126,-42.337466113123774,1.08,SkyBoT (IMCCE),,,,,,SERVICE_UNAVAILABLE,,,,,,,,,,,,Not required: the equivalent MPC-orbit small-body search was performed with JPL sb_ident. Unreachable this run (ConnectTimeout).
3EPOCH-002,C,60822.30895912,154.56274671125126,-42.337466113123774,1.08,MPC Checker,,,,,,SERVICE_UNAVAILABLE,,,,,,,,,,,,Not required: the equivalent MPC-orbit small-body search was performed with JPL sb_ident. Unreachable this run (ConnectTimeout).
3EPOCH-002,B,60835.420874722,154.54799304090884,-42.3410598516556,1.08,Gaia DR3,Gaia DR3 5416104569447889408,star (Gaia DR3 point source),154.54836297203877,-42.34095948774031,1.0485782859666983,MATCH,154.54836297203877,-42.34095948774031,0.00046159684053489206,1.0800000986442748,0.9426579397695325,1.0,0.01184076767848563,-13.005682419251578,-1.86266375896286,16.116064071655273,0.8662161554734917,Propagated J2016.0 -> J2025.437 (catalogue PM); chi2=0.94 (accept <= 13.816); 1 consistent source(s); local density 12.4/arcmin^2; P_chance=0.0118; flux-vs-G residual +0.87 mag (scatter 0.66)
3EPOCH-002,B,60835.420874722,154.54799304090884,-42.3410598516556,1.08,SIMBAD,,,,,,NO_MATCH,,,,,,,,,,,,"cone 15"""
3EPOCH-002,B,60835.420874722,154.54799304090884,-42.3410598516556,1.08,JPL Small-Body Identification (sb_ident),,,155.47962499999997,-42.17225,2555.6288918552227,NO_MATCH,155.47962499999997,-42.17225,,,5599484.767562717,,,,,,,Full-field epoch-aware search of all known asteroids/comets at 2025-06-09_10:06:03 UTC; 2 object(s) in field; nearest (2010 HK) at 42.6' (geocentric)
3EPOCH-002,B,60835.420874722,154.54799304090884,-42.3410598516556,1.08,JPL Horizons (planets),,,147.98478,14.34834,205238.02280479722,NO_MATCH,,,,,,,,,,,,8 planets + Pluto from SPHEREx; nearest Mars at 57.0 deg
3EPOCH-002,B,60835.420874722,154.54799304090884,-42.3410598516556,1.08,SkyBoT (IMCCE),,,,,,SERVICE_UNAVAILABLE,,,,,,,,,,,,Not required: the equivalent MPC-orbit small-body search was performed with JPL sb_ident. Unreachable this run (ConnectTimeout).
3EPOCH-002,B,60835.420874722,154.54799304090884,-42.3410598516556,1.08,MPC Checker,,,,,,SERVICE_UNAVAILABLE,,,,,,,,,,,,Not required: the equivalent MPC-orbit small-body search was performed with JPL sb_ident. Unreachable this run (ConnectTimeout).
3EPOCH-005,A,60804.58166331,153.78713081959637,-41.282016748846885,1.08,Gaia DR3,Gaia DR3 5416976860125656576,star (Gaia DR3 point source),153.7869366717729,-41.28205117516323,0.539651298311242,MATCH,153.7869366717729,-41.28205117516323,0.0005137654900905583,1.0800001222013722,0.24967717581059284,1.0,0.0024239202475865307,-6.923533457330355,-2.8685627997345784,15.670868873596191,0.7250314432734872,Propagated J2016.0 -> J2025.353 (catalogue PM); chi2=0.25 (accept <= 13.816); 1 consistent source(s); local density 9.5/arcmin^2; P_chance=0.0024; flux-vs-G residual +0.73 mag (scatter 0.66)
3EPOCH-005,A,60804.58166331,153.78713081959637,-41.282016748846885,1.08,SIMBAD,,,,,,NO_MATCH,,,,,,,,,,,,"cone 15"""
3EPOCH-005,A,60804.58166331,153.78713081959637,-41.282016748846885,1.08,JPL Small-Body Identification (sb_ident),,,151.87362499999998,-41.146388888888886,5204.819902399621,NO_MATCH,151.87362499999998,-41.146388888888886,,,23225437.428339507,,,,,,,Full-field epoch-aware search of all known asteroids/comets at 2025-05-09_13:57:35 UTC; 6 object(s) in field; nearest (2023 RW3) at 86.7' (geocentric)
3EPOCH-005,A,60804.58166331,153.78713081959637,-41.282016748846885,1.08,JPL Horizons (planets),,,132.23565,19.69771,231022.55869960348,NO_MATCH,,,,,,,,,,,,8 planets + Pluto from SPHEREx; nearest Mars at 64.2 deg
3EPOCH-005,A,60804.58166331,153.78713081959637,-41.282016748846885,1.08,SkyBoT (IMCCE),,,,,,SERVICE_UNAVAILABLE,,,,,,,,,,,,Not required: the equivalent MPC-orbit small-body search was performed with JPL sb_ident. Unreachable this run (ConnectTimeout).
3EPOCH-005,A,60804.58166331,153.78713081959637,-41.282016748846885,1.08,MPC Checker,,,,,,SERVICE_UNAVAILABLE,,,,,,,,,,,,Not required: the equivalent MPC-orbit small-body search was performed with JPL sb_ident. Unreachable this run (ConnectTimeout).
3EPOCH-005,C,60822.30895912,153.8095774655685,-41.28113459731972,0.71,Gaia DR3,Gaia DR3 5416976688327112192,star (Gaia DR3 point source),153.81005290534074,-41.281570809795234,2.029877912837707,MATCH,153.81005290534074,-41.281570809795234,0.000501903388377892,0.7100001773992816,8.173779571501655,1.0,0.03375388795161238,-5.471143139476174,-3.436528176383549,15.052889823913574,0.8565100719427683,Propagated J2016.0 -> J2025.401 (catalogue PM); chi2=8.17 (accept <= 13.816); 1 consistent source(s); local density 9.5/arcmin^2; P_chance=0.0338; flux-vs-G residual +0.86 mag (scatter 0.66)
3EPOCH-005,C,60822.30895912,153.8095774655685,-41.28113459731972,0.71,SIMBAD,,,,,,NO_MATCH,,,,,,,,,,,,"cone 15"""
3EPOCH-005,C,60822.30895912,153.8095774655685,-41.28113459731972,0.71,JPL Small-Body Identification (sb_ident),,,152.32520833333334,-41.97836111111111,4717.272047384264,NO_MATCH,152.32520833333334,-41.97836111111111,,,44143335.78463186,,,,,,,Full-field epoch-aware search of all known asteroids/comets at 2025-05-27_07:24:54 UTC; 3 object(s) in field; nearest (2019 TY6) at 78.6' (geocentric)
3EPOCH-005,C,60822.30895912,153.8095774655685,-41.28113459731972,0.71,JPL Horizons (planets),,,141.15262,16.81887,213380.41841577244,NO_MATCH,,,,,,,,,,,,8 planets + Pluto from SPHEREx; nearest Mars at 59.3 deg
3EPOCH-005,C,60822.30895912,153.8095774655685,-41.28113459731972,0.71,SkyBoT (IMCCE),,,,,,SERVICE_UNAVAILABLE,,,,,,,,,,,,Not required: the equivalent MPC-orbit small-body search was performed with JPL sb_ident. Unreachable this run (ConnectTimeout).
3EPOCH-005,C,60822.30895912,153.8095774655685,-41.28113459731972,0.71,MPC Checker,,,,,,SERVICE_UNAVAILABLE,,,,,,,,,,,,Not required: the equivalent MPC-orbit small-body search was performed with JPL sb_ident. Unreachable this run (ConnectTimeout).
3EPOCH-005,B,60835.420874722,153.82526469187323,-41.28053594687157,1.08,Gaia DR3,Gaia DR3 5416976722686852096,star (Gaia DR3 point source),153.825331876053,-41.280435566565394,0.40450386510499425,MATCH,153.825331876053,-41.280435566565394,0.0005354935856412696,1.0800001327561863,0.14028063842501043,1.0,0.001271816819265692,-11.293033122108994,5.678468855110272,15.589950561523438,0.8616168892405246,Propagated J2016.0 -> J2025.437 (catalogue PM); chi2=0.14 (accept <= 13.816); 1 consistent source(s); local density 8.9/arcmin^2; P_chance=0.0013; flux-vs-G residual +0.86 mag (scatter 0.66)
3EPOCH-005,B,60835.420874722,153.82526469187323,-41.28053594687157,1.08,SIMBAD,,,,,,NO_MATCH,,,,,,,,,,,,"cone 15"""
3EPOCH-005,B,60835.420874722,153.82526469187323,-41.28053594687157,1.08,JPL Small-Body Identification (sb_ident),,,155.47962499999997,-42.17225,5482.7546257653985,NO_MATCH,155.47962499999997,-42.17225,,,25772117.87238672,,,,,,,Full-field epoch-aware search of all known asteroids/comets at 2025-06-09_10:06:03 UTC; 2 object(s) in field; nearest (2010 HK) at 91.4' (geocentric)
3EPOCH-005,B,60835.420874722,153.82526469187323,-41.28053594687157,1.08,JPL Horizons (planets),,,147.98478,14.34834,201206.90767655303,NO_MATCH,,,,,,,,,,,,8 planets + Pluto from SPHEREx; nearest Mars at 55.9 deg
3EPOCH-005,B,60835.420874722,153.82526469187323,-41.28053594687157,1.08,SkyBoT (IMCCE),,,,,,SERVICE_UNAVAILABLE,,,,,,,,,,,,Not required: the equivalent MPC-orbit small-body search was performed with JPL sb_ident. Unreachable this run (ConnectTimeout).
3EPOCH-005,B,60835.420874722,153.82526469187323,-41.28053594687157,1.08,MPC Checker,,,,,,SERVICE_UNAVAILABLE,,,,,,,,,,,,Not required: the equivalent MPC-orbit small-body search was performed with JPL sb_ident. Unreachable this run (ConnectTimeout).
3EPOCH-006,A,60804.58166331,155.31832452955058,-42.97462771182811,1.08,Gaia DR3,Gaia DR3 5416016264921191808,star (Gaia DR3 point source),155.31697020129752,-42.973305045844036,5.9496499864628225,NO_MATCH,155.31697020129752,-42.973305045844036,0.0014642087170949958,1.0800009925491583,30.3483109546088,0.0,0.2911777426928369,-16.170991308740664,11.666452490218369,18.12928581237793,-1.3406260363253446,Propagated J2016.0 -> J2025.353 (catalogue PM); chi2=30.35 (accept <= 13.816); 0 consistent source(s); local density 11.1/arcmin^2; P_chance=0.2912; flux-vs-G residual -1.34 mag (scatter 0.66)
3EPOCH-006,A,60804.58166331,155.31832452955058,-42.97462771182811,1.08,SIMBAD,,,,,,NO_MATCH,,,,,,,,,,,,"cone 15"""
3EPOCH-006,A,60804.58166331,155.31832452955058,-42.97462771182811,1.08,JPL Small-Body Identification (sb_ident),,,156.32195,-41.96184,4516.192734061038,NO_MATCH,156.32195,-41.96184,,,17450358.796053145,,,,,,,Full-field epoch-aware search of all known asteroids/comets at 2025-05-09_13:57:35 UTC; 6 object(s) in field; nearest 313052 (2000 RL52) at 75.3' (Horizons from SPHEREx)
3EPOCH-006,A,60804.58166331,155.31832452955058,-42.97462771182811,1.08,JPL Horizons (planets),,,132.23565,19.69771,238233.29077783483,NO_MATCH,,,,,,,,,,,,8 planets + Pluto from SPHEREx; nearest Mars at 66.2 deg
3EPOCH-006,A,60804.58166331,155.31832452955058,-42.97462771182811,1.08,SkyBoT (IMCCE),,,,,,SERVICE_UNAVAILABLE,,,,,,,,,,,,Not required: the equivalent MPC-orbit small-body search was performed with JPL sb_ident. Unreachable this run (ConnectTimeout).
3EPOCH-006,A,60804.58166331,155.31832452955058,-42.97462771182811,1.08,MPC Checker,,,,,,SERVICE_UNAVAILABLE,,,,,,,,,,,,Not required: the equivalent MPC-orbit small-body search was performed with JPL sb_ident. Unreachable this run (ConnectTimeout).
3EPOCH-006,C,60822.30895912,155.3024299953377,-42.98253708341632,1.08,Gaia DR3,Gaia DR3 5416014959251130240,star (Gaia DR3 point source),155.3021903673052,-42.98210873700985,1.666189043566289,MATCH,155.3021903673052,-42.98210873700985,0.002860272955054676,1.0800037875680704,2.380115275028449,1.0,0.02962758440288915,-4.194716960314124,0.9975411937086671,15.536959648132324,0.7890913606273748,Propagated J2016.0 -> J2025.401 (catalogue PM); chi2=2.38 (accept <= 13.816); 1 consistent source(s); local density 12.4/arcmin^2; P_chance=0.0296; flux-vs-G residual +0.79 mag (scatter 0.66)
3EPOCH-006,C,60822.30895912,155.3024299953377,-42.98253708341632,1.08,SIMBAD,,,,,,NO_MATCH,,,,,,,,,,,,"cone 15"""
3EPOCH-006,C,60822.30895912,155.3024299953377,-42.98253708341632,1.08,JPL Small-Body Identification (sb_ident),,,152.51583333333332,-42.23405555555556,7859.186076586741,NO_MATCH,152.51583333333332,-42.23405555555556,,,52955080.4067343,,,,,,,Full-field epoch-aware search of all known asteroids/comets at 2025-05-27_07:24:54 UTC; 3 object(s) in field; nearest (2025 EF) at 131.0' (geocentric)
3EPOCH-006,C,60822.30895912,155.3024299953377,-42.98253708341632,1.08,JPL Horizons (planets),,,141.15262,16.81887,220320.280923338,NO_MATCH,,,,,,,,,,,,8 planets + Pluto from SPHEREx; nearest Mars at 61.2 deg
3EPOCH-006,C,60822.30895912,155.3024299953377,-42.98253708341632,1.08,SkyBoT (IMCCE),,,,,,SERVICE_UNAVAILABLE,,,,,,,,,,,,Not required: the equivalent MPC-orbit small-body search was performed with JPL sb_ident. Unreachable this run (ConnectTimeout).
3EPOCH-006,C,60822.30895912,155.3024299953377,-42.98253708341632,1.08,MPC Checker,,,,,,SERVICE_UNAVAILABLE,,,,,,,,,,,,Not required: the equivalent MPC-orbit small-body search was performed with JPL sb_ident. Unreachable this run (ConnectTimeout).
3EPOCH-006,B,60835.420874722,155.29156369933588,-42.98759376116567,0.71,Gaia DR3,Gaia DR3 5416014959251127168,star (Gaia DR3 point source),155.2915643715632,-42.9875854210442,0.030076579059666143,MATCH,155.2915643715632,-42.9875854210442,0.0003189357498523046,0.7100000716338081,0.001794486065060906,1.0,1.0553618069342185e-05,-7.4896560237364405,-0.42788252012183353,15.061802864074707,0.6342065744843808,Propagated J2016.0 -> J2025.437 (catalogue PM); chi2=0.00 (accept <= 13.816); 1 consistent source(s); local density 13.4/arcmin^2; P_chance=0.0000; flux-vs-G residual +0.63 mag (scatter 0.66)
3EPOCH-006,B,60835.420874722,155.29156369933588,-42.98759376116567,0.71,SIMBAD,,,,,,NO_MATCH,,,,,,,,,,,,"cone 15"""
3EPOCH-006,B,60835.420874722,155.29156369933588,-42.98759376116567,0.71,JPL Small-Body Identification (sb_ident),,,155.47962499999997,-42.17225,2977.2672396694684,NO_MATCH,155.47962499999997,-42.17225,,,17584051.212872557,,,,,,,Full-field epoch-aware search of all known asteroids/comets at 2025-06-09_10:06:03 UTC; 2 object(s) in field; nearest (2010 HK) at 49.6' (geocentric)
3EPOCH-006,B,60835.420874722,155.29156369933588,-42.98759376116567,0.71,JPL Horizons (planets),,,147.98478,14.34834,207816.3368649885,NO_MATCH,,,,,,,,,,,,8 planets + Pluto from SPHEREx; nearest Mars at 57.7 deg
3EPOCH-006,B,60835.420874722,155.29156369933588,-42.98759376116567,0.71,SkyBoT (IMCCE),,,,,,SERVICE_UNAVAILABLE,,,,,,,,,,,,Not required: the equivalent MPC-orbit small-body search was performed with JPL sb_ident. Unreachable this run (ConnectTimeout).
3EPOCH-006,B,60835.420874722,155.29156369933588,-42.98759376116567,0.71,MPC Checker,,,,,,SERVICE_UNAVAILABLE,,,,,,,,,,,,Not required: the equivalent MPC-orbit small-body search was performed with JPL sb_ident. Unreachable this run (ConnectTimeout).
3EPOCH-008,A,60804.58166331,156.20032299474047,-43.586015959345566,1.08,Gaia DR3,Gaia DR3 5415749598991774208,star (Gaia DR3 point source),156.20024238299686,-43.5859272370008,0.38236490035597415,MATCH,156.20024238299686,-43.5859272370008,0.000791542393656727,1.08000029006448,0.12534536907615446,1.0,0.0013798524544027524,-10.144895806704895,7.710497530057898,17.072546005249023,-0.3136607625442124,Propagated J2016.0 -> J2025.353 (catalogue PM); chi2=0.13 (accept <= 13.816); 1 consistent source(s); local density 10.8/arcmin^2; P_chance=0.0014; flux-vs-G residual -0.31 mag (scatter 0.66)
3EPOCH-008,A,60804.58166331,156.20032299474047,-43.586015959345566,1.08,SIMBAD,,,,,,NO_MATCH,,,,,,,,,,,,"cone 15"""
3EPOCH-008,A,60804.58166331,156.20032299474047,-43.586015959345566,1.08,JPL Small-Body Identification (sb_ident),,,156.32195,-41.96184,5855.858280964857,NO_MATCH,156.32195,-41.96184,,,29338678.018537525,,,,,,,Full-field epoch-aware search of all known asteroids/comets at 2025-05-09_13:57:35 UTC; 6 object(s) in field; nearest 313052 (2000 RL52) at 97.6' (Horizons from SPHEREx)
3EPOCH-008,A,60804.58166331,156.20032299474047,-43.586015959345566,1.08,JPL Horizons (planets),,,132.23565,19.69771,241187.8042534101,NO_MATCH,,,,,,,,,,,,8 planets + Pluto from SPHEREx; nearest Mars at 67.0 deg
3EPOCH-008,A,60804.58166331,156.20032299474047,-43.586015959345566,1.08,SkyBoT (IMCCE),,,,,,SERVICE_UNAVAILABLE,,,,,,,,,,,,Not required: the equivalent MPC-orbit small-body search was performed with JPL sb_ident. Unreachable this run (ConnectTimeout).
3EPOCH-008,A,60804.58166331,156.20032299474047,-43.586015959345566,1.08,MPC Checker,,,,,,SERVICE_UNAVAILABLE,,,,,,,,,,,,Not required: the equivalent MPC-orbit small-body search was performed with JPL sb_ident. Unreachable this run (ConnectTimeout).
3EPOCH-008,C,60822.30895912,156.20732170147673,-43.60227009314847,0.71,Gaia DR3,Gaia DR3 5415749152315172224,star (Gaia DR3 point source),156.2074667001845,-43.602428918567064,0.6854242039960861,MATCH,156.2074667001845,-43.602428918567064,0.0010804175973644023,0.7100008220433162,0.9319683624974461,1.0,0.004427230665146609,-20.821726048561327,10.274224740721912,16.433029174804688,-0.14695339116591088,Propagated J2016.0 -> J2025.401 (catalogue PM); chi2=0.93 (accept <= 13.816); 1 consistent source(s); local density 10.8/arcmin^2; P_chance=0.0044; flux-vs-G residual -0.15 mag (scatter 0.66)
3EPOCH-008,C,60822.30895912,156.20732170147673,-43.60227009314847,0.71,SIMBAD,,,,,,NO_MATCH,,,,,,,,,,,,"cone 15"""
3EPOCH-008,C,60822.30895912,156.20732170147673,-43.60227009314847,0.71,JPL Small-Body Identification (sb_ident),,,152.51583333333332,-42.23405555555556,10906.18020651359,NO_MATCH,152.51583333333332,-42.23405555555556,,,235954704.81441942,,,,,,,Full-field epoch-aware search of all known asteroids/comets at 2025-05-27_07:24:54 UTC; 3 object(s) in field; nearest (2025 EF) at 181.8' (geocentric)
3EPOCH-008,C,60822.30895912,156.20732170147673,-43.60227009314847,0.71,JPL Horizons (planets),,,141.15262,16.81887,223116.1909149114,NO_MATCH,,,,,,,,,,,,8 planets + Pluto from SPHEREx; nearest Mars at 62.0 deg
3EPOCH-008,C,60822.30895912,156.20732170147673,-43.60227009314847,0.71,SkyBoT (IMCCE),,,,,,SERVICE_UNAVAILABLE,,,,,,,,,,,,Not required: the equivalent MPC-orbit small-body search was performed with JPL sb_ident. Unreachable this run (ConnectTimeout).
3EPOCH-008,C,60822.30895912,156.20732170147673,-43.60227009314847,0.71,MPC Checker,,,,,,SERVICE_UNAVAILABLE,,,,,,,,,,,,Not required: the equivalent MPC-orbit small-body search was performed with JPL sb_ident. Unreachable this run (ConnectTimeout).
3EPOCH-008,B,60835.420874722,156.21330566376477,-43.61319739160443,0.71,Gaia DR3,Gaia DR3 5415749152315170304,star (Gaia DR3 point source),156.21289451203506,-43.61321570359838,1.0736706885527099,MATCH,156.21289451203506,-43.61321570359838,0.0002769567208307983,0.7100000540176213,2.286785502974232,2.0,0.011777991004307542,-1.8775562503488321,1.0732878493779818,15.60960578918457,0.36273210594741423,Propagated J2016.0 -> J2025.437 (catalogue PM); chi2=2.29 (accept <= 13.816); 2 consistent source(s); local density 11.8/arcmin^2; P_chance=0.0118; flux-vs-G residual +0.36 mag (scatter 0.66)
3EPOCH-008,B,60835.420874722,156.21330566376477,-43.61319739160443,0.71,SIMBAD,,,,,,NO_MATCH,,,,,,,,,,,,"cone 15"""
3EPOCH-008,B,60835.420874722,156.21330566376477,-43.61319739160443,0.71,JPL Small-Body Identification (sb_ident),,,155.47962499999997,-42.17225,5536.510127382015,NO_MATCH,155.47962499999997,-42.17225,,,60807269.173980586,,,,,,,Full-field epoch-aware search of all known asteroids/comets at 2025-06-09_10:06:03 UTC; 2 object(s) in field; nearest (2010 HK) at 92.3' (geocentric)
3EPOCH-008,B,60835.420874722,156.21330566376477,-43.61319739160443,0.71,JPL Horizons (planets),,,147.98478,14.34834,210413.98207112277,NO_MATCH,,,,,,,,,,,,8 planets + Pluto from SPHEREx; nearest Mars at 58.4 deg
3EPOCH-008,B,60835.420874722,156.21330566376477,-43.61319739160443,0.71,SkyBoT (IMCCE),,,,,,SERVICE_UNAVAILABLE,,,,,,,,,,,,Not required: the equivalent MPC-orbit small-body search was performed with JPL sb_ident. Unreachable this run (ConnectTimeout).
3EPOCH-008,B,60835.420874722,156.21330566376477,-43.61319739160443,0.71,MPC Checker,,,,,,SERVICE_UNAVAILABLE,,,,,,,,,,,,Not required: the equivalent MPC-orbit small-body search was performed with JPL sb_ident. Unreachable this run (ConnectTimeout).
3EPOCH-007,A,60804.58166331,153.02083978678817,-42.949156703104535,0.59,Gaia DR3,Gaia DR3 5415288834901987712,star (Gaia DR3 point source),153.02074297640988,-42.94919312055043,0.2868171217486873,MATCH,153.02074297640988,-42.94919312055043,0.0005294604564468578,0.5900002375663715,0.23632288158630269,1.0,0.0008223023372588845,-11.894514184380357,6.763832397966979,13.972576141357422,0.568246171702985,Propagated J2016.0 -> J2025.353 (catalogue PM); chi2=0.24 (accept <= 13.816); 1 consistent source(s); local density 11.5/arcmin^2; P_chance=0.0008; flux-vs-G residual +0.57 mag (scatter 0.66)
3EPOCH-007,A,60804.58166331,153.02083978678817,-42.949156703104535,0.59,SIMBAD,,,,,,NO_MATCH,,,,,,,,,,,,"cone 15"""
3EPOCH-007,A,60804.58166331,153.02083978678817,-42.949156703104535,0.59,JPL Small-Body Identification (sb_ident),,,151.74420833333332,-43.08925,3397.7610238318466,NO_MATCH,151.74420833333332,-43.08925,,,33165124.892475836,,,,,,,Full-field epoch-aware search of all known asteroids/comets at 2025-05-09_13:57:35 UTC; 6 object(s) in field; nearest (2024 YL17) at 56.6' (geocentric)
3EPOCH-007,A,60804.58166331,153.02083978678817,-42.949156703104535,0.59,JPL Horizons (planets),,,132.23565,19.69771,235815.86674316117,NO_MATCH,,,,,,,,,,,,8 planets + Pluto from SPHEREx; nearest Mars at 65.5 deg
3EPOCH-007,A,60804.58166331,153.02083978678817,-42.949156703104535,0.59,SkyBoT (IMCCE),,,,,,SERVICE_UNAVAILABLE,,,,,,,,,,,,Not required: the equivalent MPC-orbit small-body search was performed with JPL sb_ident. Unreachable this run (ConnectTimeout).
3EPOCH-007,A,60804.58166331,153.02083978678817,-42.949156703104535,0.59,MPC Checker,,,,,,SERVICE_UNAVAILABLE,,,,,,,,,,,,Not required: the equivalent MPC-orbit small-body search was performed with JPL sb_ident. Unreachable this run (ConnectTimeout).
3EPOCH-007,C,60822.30895912,153.03544118320826,-42.93626993330314,0.59,Gaia DR3,Gaia DR3 5415288869262300800,star (Gaia DR3 point source),153.0352359909818,-42.936450606960705,0.8458854939764011,MATCH,153.0352359909818,-42.936450606960705,0.0009667335498907882,0.5900007920111264,2.0555022921608774,1.0,0.007721525913683136,-33.88961107177005,4.393853670357142,14.123908042907715,0.3853629944276391,Propagated J2016.0 -> J2025.401 (catalogue PM); chi2=2.06 (accept <= 13.816); 1 consistent source(s); local density 12.4/arcmin^2; P_chance=0.0077; flux-vs-G residual +0.39 mag (scatter 0.66)
3EPOCH-007,C,60822.30895912,153.03544118320826,-42.93626993330314,0.59,SIMBAD,,,,,,NO_MATCH,,,,,,,,,,,,"cone 15"""
3EPOCH-007,C,60822.30895912,153.03544118320826,-42.93626993330314,0.59,JPL Small-Body Identification (sb_ident),,,152.51583333333332,-42.23405555555556,2878.7850018660115,NO_MATCH,152.51583333333332,-42.23405555555556,,,23807535.440875303,,,,,,,Full-field epoch-aware search of all known asteroids/comets at 2025-05-27_07:24:54 UTC; 3 object(s) in field; nearest (2025 EF) at 48.0' (geocentric)
3EPOCH-007,C,60822.30895912,153.03544118320826,-42.93626993330314,0.59,JPL Horizons (planets),,,141.15262,16.81887,218686.3505265604,NO_MATCH,,,,,,,,,,,,8 planets + Pluto from SPHEREx; nearest Mars at 60.7 deg
3EPOCH-007,C,60822.30895912,153.03544118320826,-42.93626993330314,0.59,SkyBoT (IMCCE),,,,,,SERVICE_UNAVAILABLE,,,,,,,,,,,,Not required: the equivalent MPC-orbit small-body search was performed with JPL sb_ident. Unreachable this run (ConnectTimeout).
3EPOCH-007,C,60822.30895912,153.03544118320826,-42.93626993330314,0.59,MPC Checker,,,,,,SERVICE_UNAVAILABLE,,,,,,,,,,,,Not required: the equivalent MPC-orbit small-body search was performed with JPL sb_ident. Unreachable this run (ConnectTimeout).
3EPOCH-007,B,60835.420874722,153.0477975161164,-42.92635696375952,0.59,Gaia DR3,Gaia DR3 5415277217009577216,star (Gaia DR3 point source),153.04769870669978,-42.92657484864489,0.8264999383107039,MATCH,153.04769870669978,-42.92657484864489,0.00031820342250175816,0.5900000858079751,1.9623727357961807,1.0,0.006807743088268703,-5.02548766381133,2.8227107601898274,15.27522087097168,0.04066815292534409,Propagated J2016.0 -> J2025.437 (catalogue PM); chi2=1.96 (accept <= 13.816); 1 consistent source(s); local density 11.5/arcmin^2; P_chance=0.0068; flux-vs-G residual +0.04 mag (scatter 0.66)
3EPOCH-007,B,60835.420874722,153.0477975161164,-42.92635696375952,0.59,SIMBAD,,,,,,NO_MATCH,,,,,,,,,,,,"cone 15"""
3EPOCH-007,B,60835.420874722,153.0477975161164,-42.92635696375952,0.59,JPL Small-Body Identification (sb_ident),,,151.75033333333332,-42.23594444444444,4243.273551621301,NO_MATCH,151.75033333333332,-42.23594444444444,,,51724706.79083265,,,,,,,Full-field epoch-aware search of all known asteroids/comets at 2025-06-09_10:06:03 UTC; 2 object(s) in field; nearest C/2017 Y2 (PANSTARRS) at 70.7' (geocentric)
3EPOCH-007,B,60835.420874722,153.0477975161164,-42.92635696375952,0.59,JPL Horizons (planets),,,147.98478,14.34834,206866.82620388962,NO_MATCH,,,,,,,,,,,,8 planets + Pluto from SPHEREx; nearest Mars at 57.5 deg
3EPOCH-007,B,60835.420874722,153.0477975161164,-42.92635696375952,0.59,SkyBoT (IMCCE),,,,,,SERVICE_UNAVAILABLE,,,,,,,,,,,,Not required: the equivalent MPC-orbit small-body search was performed with JPL sb_ident. Unreachable this run (ConnectTimeout).
3EPOCH-007,B,60835.420874722,153.0477975161164,-42.92635696375952,0.59,MPC Checker,,,,,,SERVICE_UNAVAILABLE,,,,,,,,,,,,Not required: the equivalent MPC-orbit small-body search was performed with JPL sb_ident. Unreachable this run (ConnectTimeout).
3EPOCH-012,A,60804.58166331,155.59239947543267,-44.19580680556235,1.08,Gaia DR3,Gaia DR3 5415660779070075648,star (Gaia DR3 point source),155.59243878713067,-44.19568984055558,0.43312664227593645,MATCH,155.59243878713067,-44.19568984055558,0.00039584055635138445,1.0800000725415466,0.16083561646770841,1.0,0.002134259837883734,-8.150903245296668,2.804459469843202,16.116008758544922,0.3511547042523906,Propagated J2016.0 -> J2025.353 (catalogue PM); chi2=0.16 (accept <= 13.816); 1 consistent source(s); local density 13.1/arcmin^2; P_chance=0.0021; flux-vs-G residual +0.35 mag (scatter 0.66)
3EPOCH-012,A,60804.58166331,155.59239947543267,-44.19580680556235,1.08,SIMBAD,,,,,,NO_MATCH,,,,,,,,,,,,"cone 15"""
3EPOCH-012,A,60804.58166331,155.59239947543267,-44.19580680556235,1.08,JPL Small-Body Identification (sb_ident),,,152.76487499999996,-44.15738888888889,7301.34386590981,NO_MATCH,152.76487499999996,-44.15738888888889,,,45704408.649055906,,,,,,,Full-field epoch-aware search of all known asteroids/comets at 2025-05-09_13:57:35 UTC; 6 object(s) in field; nearest (2003 YS1) at 121.7' (geocentric)
3EPOCH-012,A,60804.58166331,155.59239947543267,-44.19580680556235,1.08,JPL Horizons (planets),,,132.23565,19.69771,242543.61419643406,NO_MATCH,,,,,,,,,,,,8 planets + Pluto from SPHEREx; nearest Mars at 67.4 deg
3EPOCH-012,A,60804.58166331,155.59239947543267,-44.19580680556235,1.08,SkyBoT (IMCCE),,,,,,SERVICE_UNAVAILABLE,,,,,,,,,,,,Not required: the equivalent MPC-orbit small-body search was performed with JPL sb_ident. Unreachable this run (ConnectTimeout).
3EPOCH-012,A,60804.58166331,155.59239947543267,-44.19580680556235,1.08,MPC Checker,,,,,,SERVICE_UNAVAILABLE,,,,,,,,,,,,Not required: the equivalent MPC-orbit small-body search was performed with JPL sb_ident. Unreachable this run (ConnectTimeout).
3EPOCH-012,C,60822.30895912,155.61795832570888,-44.19367676043392,0.71,Gaia DR3,Gaia DR3 5415660675988834304,star (Gaia DR3 point source),155.61831018823648,-44.1937016359828,0.912615932762113,MATCH,155.61831018823648,-44.1937016359828,0.0005772739375092861,0.7100002346796788,1.6521866497678888,1.0,0.008294091054227848,-7.752926330316287,1.4716669336739283,16.247190475463867,0.00834677731879907,Propagated J2016.0 -> J2025.401 (catalogue PM); chi2=1.65 (accept <= 13.816); 1 consistent source(s); local density 11.5/arcmin^2; P_chance=0.0083; flux-vs-G residual +0.01 mag (scatter 0.66)
3EPOCH-012,C,60822.30895912,155.61795832570888,-44.19367676043392,0.71,SIMBAD,,,,,,NO_MATCH,,,,,,,,,,,,"cone 15"""
3EPOCH-012,C,60822.30895912,155.61795832570888,-44.19367676043392,0.71,JPL Small-Body Identification (sb_ident),,,152.51583333333332,-42.23405555555556,10769.41644907737,NO_MATCH,152.51583333333332,-42.23405555555556,,,230074054.0639917,,,,,,,Full-field epoch-aware search of all known asteroids/comets at 2025-05-27_07:24:54 UTC; 3 object(s) in field; nearest (2025 EF) at 179.5' (geocentric)
3EPOCH-012,C,60822.30895912,155.61795832570888,-44.19367676043392,0.71,JPL Horizons (planets),,,141.15262,16.81887,224741.22470815002,NO_MATCH,,,,,,,,,,,,8 planets + Pluto from SPHEREx; nearest Mars at 62.4 deg
3EPOCH-012,C,60822.30895912,155.61795832570888,-44.19367676043392,0.71,SkyBoT (IMCCE),,,,,,SERVICE_UNAVAILABLE,,,,,,,,,,,,Not required: the equivalent MPC-orbit small-body search was performed with JPL sb_ident. Unreachable this run (ConnectTimeout).
3EPOCH-012,C,60822.30895912,155.61795832570888,-44.19367676043392,0.71,MPC Checker,,,,,,SERVICE_UNAVAILABLE,,,,,,,,,,,,Not required: the equivalent MPC-orbit small-body search was performed with JPL sb_ident. Unreachable this run (ConnectTimeout).
3EPOCH-012,B,60835.420874722,155.6350143596353,-44.19152817971182,1.08,Gaia DR3,Gaia DR3 5415660710348574208,star (Gaia DR3 point source),155.63516118294444,-44.19141882800952,0.5464474872014835,MATCH,155.63516118294444,-44.19141882800952,0.00029552589235625057,1.0800000404331256,0.2560055160411799,1.0,0.0030642898068928837,-7.293535698212242,5.685525673248006,15.55081844329834,0.6942927362497295,Propagated J2016.0 -> J2025.437 (catalogue PM); chi2=0.26 (accept <= 13.816); 1 consistent source(s); local density 11.8/arcmin^2; P_chance=0.0031; flux-vs-G residual +0.69 mag (scatter 0.66)
3EPOCH-012,B,60835.420874722,155.6350143596353,-44.19152817971182,1.08,SIMBAD,,,,,,NO_MATCH,,,,,,,,,,,,"cone 15"""
3EPOCH-012,B,60835.420874722,155.6350143596353,-44.19152817971182,1.08,JPL Small-Body Identification (sb_ident),,,155.47962499999997,-42.17225,7280.832575425185,NO_MATCH,155.47962499999997,-42.17225,,,45447979.24500388,,,,,,,Full-field epoch-aware search of all known asteroids/comets at 2025-06-09_10:06:03 UTC; 2 object(s) in field; nearest (2010 HK) at 121.3' (geocentric)
3EPOCH-012,B,60835.420874722,155.6350143596353,-44.19152817971182,1.08,JPL Horizons (planets),,,147.98478,14.34834,212235.32974701084,NO_MATCH,,,,,,,,,,,,8 planets + Pluto from SPHEREx; nearest Mars at 59.0 deg
3EPOCH-012,B,60835.420874722,155.6350143596353,-44.19152817971182,1.08,SkyBoT (IMCCE),,,,,,SERVICE_UNAVAILABLE,,,,,,,,,,,,Not required: the equivalent MPC-orbit small-body search was performed with JPL sb_ident. Unreachable this run (ConnectTimeout).
3EPOCH-012,B,60835.420874722,155.6350143596353,-44.19152817971182,1.08,MPC Checker,,,,,,SERVICE_UNAVAILABLE,,,,,,,,,,,,Not required: the equivalent MPC-orbit small-body search was performed with JPL sb_ident. Unreachable this run (ConnectTimeout).
3EPOCH-009,A,60804.58166331,152.8276332817303,-43.27938326175982,0.59,Gaia DR3,Gaia DR3 5415255402876092416,star (Gaia DR3 point source),152.82777091349817,-43.279350080411284,0.379979422927757,MATCH,152.82777091349817,-43.279350080411284,0.0012612508006567442,0.5900013480947159,0.41477650686956935,1.0,0.001522896367518789,-8.14748978576831,13.489739541733375,14.966635704040527,-0.13155866928007498,Propagated J2016.0 -> J2025.353 (catalogue PM); chi2=0.41 (accept <= 13.816); 1 consistent source(s); local density 12.1/arcmin^2; P_chance=0.0015; flux-vs-G residual -0.13 mag (scatter 0.66)
3EPOCH-009,A,60804.58166331,152.8276332817303,-43.27938326175982,0.59,SIMBAD,,,,,,NO_MATCH,,,,,,,,,,,,"cone 15"""
3EPOCH-009,A,60804.58166331,152.8276332817303,-43.27938326175982,0.59,JPL Small-Body Identification (sb_ident),,,151.74420833333332,-43.08925,2925.1354511199725,NO_MATCH,151.74420833333332,-43.08925,,,24580343.026138596,,,,,,,Full-field epoch-aware search of all known asteroids/comets at 2025-05-09_13:57:35 UTC; 6 object(s) in field; nearest (2024 YL17) at 48.8' (geocentric)
3EPOCH-009,A,60804.58166331,152.8276332817303,-43.27938326175982,0.59,JPL Horizons (planets),,,132.23565,19.69771,236737.1948936264,NO_MATCH,,,,,,,,,,,,8 planets + Pluto from SPHEREx; nearest Mars at 65.8 deg
3EPOCH-009,A,60804.58166331,152.8276332817303,-43.27938326175982,0.59,SkyBoT (IMCCE),,,,,,SERVICE_UNAVAILABLE,,,,,,,,,,,,Not required: the equivalent MPC-orbit small-body search was performed with JPL sb_ident. Unreachable this run (ConnectTimeout).
3EPOCH-009,A,60804.58166331,152.8276332817303,-43.27938326175982,0.59,MPC Checker,,,,,,SERVICE_UNAVAILABLE,,,,,,,,,,,,Not required: the equivalent MPC-orbit small-body search was performed with JPL sb_ident. Unreachable this run (ConnectTimeout).
3EPOCH-009,C,60822.30895912,152.83447775777682,-43.26315234662986,0.59,Gaia DR3,Gaia DR3 5415255505955208320,star (Gaia DR3 point source),152.8349268190528,-43.263368175743636,1.4105342115834867,MATCH,152.8349268190528,-43.263368175743636,0.00036924407016644494,0.5900001155433644,5.7156161527537455,2.0,0.021864178500083153,-10.928318033142569,6.012894147985427,14.35046100616455,0.620876955354916,Propagated J2016.0 -> J2025.401 (catalogue PM); chi2=5.72 (accept <= 13.816); 2 consistent source(s); local density 12.7/arcmin^2; P_chance=0.0219; flux-vs-G residual +0.62 mag (scatter 0.66)
3EPOCH-009,C,60822.30895912,152.83447775777682,-43.26315234662986,0.59,SIMBAD,,,,,,NO_MATCH,,,,,,,,,,,,"cone 15"""
3EPOCH-009,C,60822.30895912,152.83447775777682,-43.26315234662986,0.59,JPL Small-Body Identification (sb_ident),,,151.77224999999999,-43.07766666666667,2867.7442503507286,NO_MATCH,151.77224999999999,-43.07766666666667,,,23625271.719102737,,,,,,,Full-field epoch-aware search of all known asteroids/comets at 2025-05-27_07:24:54 UTC; 3 object(s) in field; nearest C/2017 Y2 (PANSTARRS) at 47.8' (geocentric)
3EPOCH-009,C,60822.30895912,152.83447775777682,-43.26315234662986,0.59,JPL Horizons (planets),,,141.15262,16.81887,219715.1164108822,NO_MATCH,,,,,,,,,,,,8 planets + Pluto from SPHEREx; nearest Mars at 61.0 deg
3EPOCH-009,C,60822.30895912,152.83447775777682,-43.26315234662986,0.59,SkyBoT (IMCCE),,,,,,SERVICE_UNAVAILABLE,,,,,,,,,,,,Not required: the equivalent MPC-orbit small-body search was performed with JPL sb_ident. Unreachable this run (ConnectTimeout).
3EPOCH-009,C,60822.30895912,152.83447775777682,-43.26315234662986,0.59,MPC Checker,,,,,,SERVICE_UNAVAILABLE,,,,,,,,,,,,Not required: the equivalent MPC-orbit small-body search was performed with JPL sb_ident. Unreachable this run (ConnectTimeout).
3EPOCH-009,B,60835.420874722,152.83827856091713,-43.25200468491431,0.71,Gaia DR3,Gaia DR3 5415255540314948736,star (Gaia DR3 point source),152.83789435375525,-43.25196204965967,1.0190358213427593,MATCH,152.83789435375525,-43.25196204965967,0.0002681386944875235,0.7100000506326457,2.059975911665986,1.0,0.013181235452640383,-4.192828070480861,1.7428386341809978,15.647356986999512,-0.1140689333435716,Propagated J2016.0 -> J2025.437 (catalogue PM); chi2=2.06 (accept <= 13.816); 1 consistent source(s); local density 14.6/arcmin^2; P_chance=0.0132; flux-vs-G residual -0.11 mag (scatter 0.66)
3EPOCH-009,B,60835.420874722,152.83827856091713,-43.25200468491431,0.71,SIMBAD,,,,,,NO_MATCH,,,,,,,,,,,,"cone 15"""
3EPOCH-009,B,60835.420874722,152.83827856091713,-43.25200468491431,0.71,JPL Small-Body Identification (sb_ident),,,151.75033333333332,-42.23594444444444,4653.171700536889,NO_MATCH,151.75033333333332,-42.23594444444444,,,42951808.91624155,,,,,,,Full-field epoch-aware search of all known asteroids/comets at 2025-06-09_10:06:03 UTC; 2 object(s) in field; nearest C/2017 Y2 (PANSTARRS) at 77.6' (geocentric)
3EPOCH-009,B,60835.420874722,152.83827856091713,-43.25200468491431,0.71,JPL Horizons (planets),,,147.98478,14.34834,207978.7608853466,NO_MATCH,,,,,,,,,,,,8 planets + Pluto from SPHEREx; nearest Mars at 57.8 deg
3EPOCH-009,B,60835.420874722,152.83827856091713,-43.25200468491431,0.71,SkyBoT (IMCCE),,,,,,SERVICE_UNAVAILABLE,,,,,,,,,,,,Not required: the equivalent MPC-orbit small-body search was performed with JPL sb_ident. Unreachable this run (ConnectTimeout).
3EPOCH-009,B,60835.420874722,152.83827856091713,-43.25200468491431,0.71,MPC Checker,,,,,,SERVICE_UNAVAILABLE,,,,,,,,,,,,Not required: the equivalent MPC-orbit small-body search was performed with JPL sb_ident. Unreachable this run (ConnectTimeout).
3EPOCH-020,A,60804.58166331,154.1558958945717,-43.46500210904643,0.71,Gaia DR3,Gaia DR3 5415950500381452160,star (Gaia DR3 point source),154.1562915406715,-43.465490860545714,2.040717365974312,MATCH,154.1562915406715,-43.465490860545714,0.000293284131114515,0.7100000605743506,8.261310567720098,1.0,0.046322141861876664,-3.84954597444632,2.419001031631538,15.699801445007324,-0.17399245796777962,Propagated J2016.0 -> J2025.353 (catalogue PM); chi2=8.26 (accept <= 13.816); 1 consistent source(s); local density 13.1/arcmin^2; P_chance=0.0463; flux-vs-G residual -0.17 mag (scatter 0.66)
3EPOCH-020,A,60804.58166331,154.1558958945717,-43.46500210904643,0.71,SIMBAD,,,,,,NO_MATCH,,,,,,,,,,,,"cone 15"""
3EPOCH-020,A,60804.58166331,154.1558958945717,-43.46500210904643,0.71,JPL Small-Body Identification (sb_ident),,,152.76487499999996,-44.15738888888889,4389.837763987254,NO_MATCH,152.76487499999996,-44.15738888888889,,,38227882.55133627,,,,,,,Full-field epoch-aware search of all known asteroids/comets at 2025-05-09_13:57:35 UTC; 6 object(s) in field; nearest (2003 YS1) at 73.2' (geocentric)
3EPOCH-020,A,60804.58166331,154.1558958945717,-43.46500210904643,0.71,JPL Horizons (planets),,,132.23565,19.69771,238655.3934072049,NO_MATCH,,,,,,,,,,,,8 planets + Pluto from SPHEREx; nearest Mars at 66.3 deg
3EPOCH-020,A,60804.58166331,154.1558958945717,-43.46500210904643,0.71,SkyBoT (IMCCE),,,,,,SERVICE_UNAVAILABLE,,,,,,,,,,,,Not required: the equivalent MPC-orbit small-body search was performed with JPL sb_ident. Unreachable this run (ConnectTimeout).
3EPOCH-020,A,60804.58166331,154.1558958945717,-43.46500210904643,0.71,MPC Checker,,,,,,SERVICE_UNAVAILABLE,,,,,,,,,,,,Not required: the equivalent MPC-orbit small-body search was performed with JPL sb_ident. Unreachable this run (ConnectTimeout).
3EPOCH-020,C,60822.30895912,154.1541733465575,-43.47957976518533,0.59,Gaia DR3,Gaia DR3 5415950259863468160,star (Gaia DR3 point source),154.15461726020206,-43.47964008129813,1.1797588902772185,MATCH,154.15461726020206,-43.47964008129813,0.006477021653706038,0.5900355513098363,3.9978837136804497,1.0,0.0183866124589388,-4.980086462118429,8.538313449012637,15.631786346435547,-0.3183120366392038,Propagated J2016.0 -> J2025.401 (catalogue PM); chi2=4.00 (accept <= 13.816); 1 consistent source(s); local density 15.3/arcmin^2; P_chance=0.0184; flux-vs-G residual -0.32 mag (scatter 0.66)
3EPOCH-020,C,60822.30895912,154.1541733465575,-43.47957976518533,0.59,SIMBAD,,,,,,NO_MATCH,,,,,,,,,,,,"cone 15"""
3EPOCH-020,C,60822.30895912,154.1541733465575,-43.47957976518533,0.59,JPL Small-Body Identification (sb_ident),,,152.51583333333332,-42.23405555555556,6228.592471956123,NO_MATCH,152.51583333333332,-42.23405555555556,,,111448906.00892988,,,,,,,Full-field epoch-aware search of all known asteroids/comets at 2025-05-27_07:24:54 UTC; 3 object(s) in field; nearest (2025 EF) at 103.8' (geocentric)
3EPOCH-020,C,60822.30895912,154.1541733465575,-43.47957976518533,0.59,JPL Horizons (planets),,,141.15262,16.81887,221278.60996093816,NO_MATCH,,,,,,,,,,,,8 planets + Pluto from SPHEREx; nearest Mars at 61.5 deg
3EPOCH-020,C,60822.30895912,154.1541733465575,-43.47957976518533,0.59,SkyBoT (IMCCE),,,,,,SERVICE_UNAVAILABLE,,,,,,,,,,,,Not required: the equivalent MPC-orbit small-body search was performed with JPL sb_ident. Unreachable this run (ConnectTimeout).
3EPOCH-020,C,60822.30895912,154.1541733465575,-43.47957976518533,0.59,MPC Checker,,,,,,SERVICE_UNAVAILABLE,,,,,,,,,,,,Not required: the equivalent MPC-orbit small-body search was performed with JPL sb_ident. Unreachable this run (ConnectTimeout).
3EPOCH-020,B,60835.420874722,154.1553597642622,-43.49041441967437,0.71,Gaia DR3,Gaia DR3 5415948782394530432,star (Gaia DR3 point source),154.15525342436908,-43.49049553584086,0.4030024686596337,MATCH,154.15525342436908,-43.49049553584086,0.00036008554163323306,0.7100000913109782,0.32218001978056543,1.0,0.002253165993036821,-10.046933983318764,6.492252373749896,14.68895149230957,0.7801106773238238,Propagated J2016.0 -> J2025.437 (catalogue PM); chi2=0.32 (accept <= 13.816); 1 consistent source(s); local density 15.9/arcmin^2; P_chance=0.0023; flux-vs-G residual +0.78 mag (scatter 0.66)
3EPOCH-020,B,60835.420874722,154.1553597642622,-43.49041441967437,0.71,SIMBAD,,,,,,NO_MATCH,,,,,,,,,,,,"cone 15"""
3EPOCH-020,B,60835.420874722,154.1553597642622,-43.49041441967437,0.71,JPL Small-Body Identification (sb_ident),,,155.47962499999997,-42.17225,5894.050371925115,NO_MATCH,155.47962499999997,-42.17225,,,68914560.1801043,,,,,,,Full-field epoch-aware search of all known asteroids/comets at 2025-06-09_10:06:03 UTC; 2 object(s) in field; nearest (2010 HK) at 98.2' (geocentric)
3EPOCH-020,B,60835.420874722,154.1553597642622,-43.49041441967437,0.71,JPL Horizons (planets),,,147.98478,14.34834,209210.21647315606,NO_MATCH,,,,,,,,,,,,8 planets + Pluto from SPHEREx; nearest Mars at 58.1 deg
3EPOCH-020,B,60835.420874722,154.1553597642622,-43.49041441967437,0.71,SkyBoT (IMCCE),,,,,,SERVICE_UNAVAILABLE,,,,,,,,,,,,Not required: the equivalent MPC-orbit small-body search was performed with JPL sb_ident. Unreachable this run (ConnectTimeout).
3EPOCH-020,B,60835.420874722,154.1553597642622,-43.49041441967437,0.71,MPC Checker,,,,,,SERVICE_UNAVAILABLE,,,,,,,,,,,,Not required: the equivalent MPC-orbit small-body search was performed with JPL sb_ident. Unreachable this run (ConnectTimeout).
3EPOCH-013,A,60804.58166331,153.01408189374678,-43.29444356783956,1.08,Gaia DR3,Gaia DR3 5415266290611976704,star (Gaia DR3 point source),153.01406875233928,-43.29489311588512,1.618739231824759,MATCH,153.01406875233928,-43.29489311588512,0.0006062121813610272,1.0800001701357314,2.2464985211554027,1.0,0.027987645544225392,-0.31658916951982835,1.6307178085469878,17.286834716796875,-0.43355898701742657,Propagated J2016.0 -> J2025.353 (catalogue PM); chi2=2.25 (accept <= 13.816); 1 consistent source(s); local density 12.4/arcmin^2; P_chance=0.0280; flux-vs-G residual -0.43 mag (scatter 0.66)
3EPOCH-013,A,60804.58166331,153.01408189374678,-43.29444356783956,1.08,SIMBAD,,,,,,NO_MATCH,,,,,,,,,,,,"cone 15"""
3EPOCH-013,A,60804.58166331,153.01408189374678,-43.29444356783956,1.08,JPL Small-Body Identification (sb_ident),,,152.76487499999996,-44.15738888888889,3173.5279174520156,NO_MATCH,152.76487499999996,-44.15738888888889,,,8634498.836460328,,,,,,,Full-field epoch-aware search of all known asteroids/comets at 2025-05-09_13:57:35 UTC; 6 object(s) in field; nearest (2003 YS1) at 52.9' (geocentric)
3EPOCH-013,A,60804.58166331,153.01408189374678,-43.29444356783956,1.08,JPL Horizons (planets),,,132.23565,19.69771,236965.8351946715,NO_MATCH,,,,,,,,,,,,8 planets + Pluto from SPHEREx; nearest Mars at 65.8 deg
3EPOCH-013,A,60804.58166331,153.01408189374678,-43.29444356783956,1.08,SkyBoT (IMCCE),,,,,,SERVICE_UNAVAILABLE,,,,,,,,,,,,Not required: the equivalent MPC-orbit small-body search was performed with JPL sb_ident. Unreachable this run (ConnectTimeout).
3EPOCH-013,A,60804.58166331,153.01408189374678,-43.29444356783956,1.08,MPC Checker,,,,,,SERVICE_UNAVAILABLE,,,,,,,,,,,,Not required: the equivalent MPC-orbit small-body search was performed with JPL sb_ident. Unreachable this run (ConnectTimeout).
3EPOCH-013,C,60822.30895912,153.03739340125546,-43.29153233206265,1.08,Gaia DR3,Gaia DR3 5415263374335894272,star (Gaia DR3 point source),153.03729463081862,-43.292212473188926,2.4621484536720897,MATCH,153.03729463081862,-43.292212473188926,0.0006109773053420129,1.0800001728209434,5.197336306403643,1.0,0.0698499042656624,5.787718158351135,-20.250593688955746,16.92255973815918,-0.3899842591795668,Propagated J2016.0 -> J2025.401 (catalogue PM); chi2=5.20 (accept <= 13.816); 1 consistent source(s); local density 13.7/arcmin^2; P_chance=0.0698; flux-vs-G residual -0.39 mag (scatter 0.66)
3EPOCH-013,C,60822.30895912,153.03739340125546,-43.29153233206265,1.08,SIMBAD,,,,,,NO_MATCH,,,,,,,,,,,,"cone 15"""
3EPOCH-013,C,60822.30895912,153.03739340125546,-43.29153233206265,1.08,JPL Small-Body Identification (sb_ident),,,151.77224999999999,-43.07766666666667,3408.979276707297,NO_MATCH,151.77224999999999,-43.07766666666667,,,9963254.208693247,,,,,,,Full-field epoch-aware search of all known asteroids/comets at 2025-05-27_07:24:54 UTC; 3 object(s) in field; nearest C/2017 Y2 (PANSTARRS) at 56.8' (geocentric)
3EPOCH-013,C,60822.30895912,153.03739340125546,-43.29153233206265,1.08,JPL Horizons (planets),,,141.15262,16.81887,219933.4950135294,NO_MATCH,,,,,,,,,,,,8 planets + Pluto from SPHEREx; nearest Mars at 61.1 deg
3EPOCH-013,C,60822.30895912,153.03739340125546,-43.29153233206265,1.08,SkyBoT (IMCCE),,,,,,SERVICE_UNAVAILABLE,,,,,,,,,,,,Not required: the equivalent MPC-orbit small-body search was performed with JPL sb_ident. Unreachable this run (ConnectTimeout).
3EPOCH-013,C,60822.30895912,153.03739340125546,-43.29153233206265,1.08,MPC Checker,,,,,,SERVICE_UNAVAILABLE,,,,,,,,,,,,Not required: the equivalent MPC-orbit small-body search was performed with JPL sb_ident. Unreachable this run (ConnectTimeout).
3EPOCH-013,B,60835.420874722,153.0528645592934,-43.28851909418008,0.71,Gaia DR3,Gaia DR3 5415263408695634304,star (Gaia DR3 point source),153.0524289689848,-43.288871299107385,1.7060411133987787,MATCH,153.0524289689848,-43.288871299107385,0.0007495559421471694,0.710000395657714,5.773800905948519,1.0,0.031039317296459368,-5.108910223178431,2.5077740490308766,17.34867286682129,-0.9534646863542864,Propagated J2016.0 -> J2025.437 (catalogue PM); chi2=5.77 (accept <= 13.816); 1 consistent source(s); local density 12.4/arcmin^2; P_chance=0.0310; flux-vs-G residual -0.95 mag (scatter 0.66)
3EPOCH-013,B,60835.420874722,153.0528645592934,-43.28851909418008,0.71,SIMBAD,,,,,,NO_MATCH,,,,,,,,,,,,"cone 15"""
3EPOCH-013,B,60835.420874722,153.0528645592934,-43.28851909418008,0.71,JPL Small-Body Identification (sb_ident),,,151.75033333333332,-42.23594444444444,5119.4640503982755,NO_MATCH,151.75033333333332,-42.23594444444444,,,51991494.0752238,,,,,,,Full-field epoch-aware search of all known asteroids/comets at 2025-06-09_10:06:03 UTC; 2 object(s) in field; nearest C/2017 Y2 (PANSTARRS) at 85.3' (geocentric)
3EPOCH-013,B,60835.420874722,153.0528645592934,-43.28851909418008,0.71,JPL Horizons (planets),,,147.98478,14.34834,208165.25641528043,NO_MATCH,,,,,,,,,,,,8 planets + Pluto from SPHEREx; nearest Mars at 57.8 deg
3EPOCH-013,B,60835.420874722,153.0528645592934,-43.28851909418008,0.71,SkyBoT (IMCCE),,,,,,SERVICE_UNAVAILABLE,,,,,,,,,,,,Not required: the equivalent MPC-orbit small-body search was performed with JPL sb_ident. Unreachable this run (ConnectTimeout).
3EPOCH-013,B,60835.420874722,153.0528645592934,-43.28851909418008,0.71,MPC Checker,,,,,,SERVICE_UNAVAILABLE,,,,,,,,,,,,Not required: the equivalent MPC-orbit small-body search was performed with JPL sb_ident. Unreachable this run (ConnectTimeout).
3EPOCH-015,A,60804.58166331,156.56980005763,-44.68810846012959,0.59,Gaia DR3,Gaia DR3 5367559997212680192,star (Gaia DR3 point source),156.5701608932334,-44.68796508006072,1.0579831031271454,MATCH,156.5701608932334,-44.68796508006072,0.000551892108896123,0.59000025812274,3.2155336601538234,1.0,0.01481356008547241,6.949981817226987,2.94993255674669,15.382484436035156,-0.15320640237695704,Propagated J2016.0 -> J2025.353 (catalogue PM); chi2=3.22 (accept <= 13.816); 1 consistent source(s); local density 15.3/arcmin^2; P_chance=0.0148; flux-vs-G residual -0.15 mag (scatter 0.66)
3EPOCH-015,A,60804.58166331,156.56980005763,-44.68810846012959,0.59,SIMBAD,,,,,,NO_MATCH,,,,,,,,,,,,"cone 15"""
3EPOCH-015,A,60804.58166331,156.56980005763,-44.68810846012959,0.59,JPL Small-Body Identification (sb_ident),,,156.32195,-41.96184,9835.992486784835,NO_MATCH,156.32195,-41.96184,,,276024171.6859231,,,,,,,Full-field epoch-aware search of all known asteroids/comets at 2025-05-09_13:57:35 UTC; 6 object(s) in field; nearest 313052 (2000 RL52) at 163.9' (Horizons from SPHEREx)
3EPOCH-015,A,60804.58166331,156.56980005763,-44.68810846012959,0.59,JPL Horizons (planets),,,132.23565,19.69771,245192.18406015838,NO_MATCH,,,,,,,,,,,,8 planets + Pluto from SPHEREx; nearest Mars at 68.1 deg
3EPOCH-015,A,60804.58166331,156.56980005763,-44.68810846012959,0.59,SkyBoT (IMCCE),,,,,,SERVICE_UNAVAILABLE,,,,,,,,,,,,Not required: the equivalent MPC-orbit small-body search was performed with JPL sb_ident. Unreachable this run (ConnectTimeout).
3EPOCH-015,A,60804.58166331,156.56980005763,-44.68810846012959,0.59,MPC Checker,,,,,,SERVICE_UNAVAILABLE,,,,,,,,,,,,Not required: the equivalent MPC-orbit small-body search was performed with JPL sb_ident. Unreachable this run (ConnectTimeout).
3EPOCH-015,C,60822.30895912,156.5615622736618,-44.69590112783155,0.71,Gaia DR3,Gaia DR3 5367559894133462912,star (Gaia DR3 point source),156.56171682925896,-44.696053297151956,0.6756689561653172,MATCH,156.56171682925896,-44.696053297151956,0.0008415743429364197,0.7100004987655816,0.905629630858403,1.0,0.006068558638559929,-36.819918271793576,7.736108702810801,16.41164779663086,-0.7276856154005096,Propagated J2016.0 -> J2025.401 (catalogue PM); chi2=0.91 (accept <= 13.816); 1 consistent source(s); local density 15.3/arcmin^2; P_chance=0.0061; flux-vs-G residual -0.73 mag (scatter 0.66)
3EPOCH-015,C,60822.30895912,156.5615622736618,-44.69590112783155,0.71,SIMBAD,,,,,,NO_MATCH,,,,,,,,,,,,"cone 15"""
3EPOCH-015,C,60822.30895912,156.5615622736618,-44.69590112783155,0.71,JPL Small-Body Identification (sb_ident),,,151.77224999999999,-43.07766666666667,13720.988586390335,NO_MATCH,151.77224999999999,-43.07766666666667,,,373468612.9495216,,,,,,,Full-field epoch-aware search of all known asteroids/comets at 2025-05-27_07:24:54 UTC; 3 object(s) in field; nearest C/2017 Y2 (PANSTARRS) at 228.7' (geocentric)
3EPOCH-015,C,60822.30895912,156.5615622736618,-44.69590112783155,0.71,JPL Horizons (planets),,,141.15262,16.81887,227151.15451933027,NO_MATCH,,,,,,,,,,,,8 planets + Pluto from SPHEREx; nearest Mars at 63.1 deg
3EPOCH-015,C,60822.30895912,156.5615622736618,-44.69590112783155,0.71,SkyBoT (IMCCE),,,,,,SERVICE_UNAVAILABLE,,,,,,,,,,,,Not required: the equivalent MPC-orbit small-body search was performed with JPL sb_ident. Unreachable this run (ConnectTimeout).
3EPOCH-015,C,60822.30895912,156.5615622736618,-44.69590112783155,0.71,MPC Checker,,,,,,SERVICE_UNAVAILABLE,,,,,,,,,,,,Not required: the equivalent MPC-orbit small-body search was performed with JPL sb_ident. Unreachable this run (ConnectTimeout).
3EPOCH-015,B,60835.420874722,156.55696979411718,-44.70287439767328,0.71,Gaia DR3,Gaia DR3 5367559894133461632,star (Gaia DR3 point source),156.55693700568156,-44.70306409269498,0.6880363409524519,MATCH,156.55693700568156,-44.70306409269498,0.00046279301103098914,0.7100001508291185,0.9390870964888577,1.0,0.005507706735895734,-8.946618228623107,10.531432366532101,15.33216381072998,0.18384091511220269,Propagated J2016.0 -> J2025.437 (catalogue PM); chi2=0.94 (accept <= 13.816); 1 consistent source(s); local density 13.4/arcmin^2; P_chance=0.0055; flux-vs-G residual +0.18 mag (scatter 0.66)
3EPOCH-015,B,60835.420874722,156.55696979411718,-44.70287439767328,0.71,SIMBAD,,,,,,NO_MATCH,,,,,,,,,,,,"cone 15"""
3EPOCH-015,B,60835.420874722,156.55696979411718,-44.70287439767328,0.71,JPL Small-Body Identification (sb_ident),,,155.47962499999997,-42.17225,9535.349808949028,NO_MATCH,155.47962499999997,-42.17225,,,180366784.32657066,,,,,,,Full-field epoch-aware search of all known asteroids/comets at 2025-06-09_10:06:03 UTC; 2 object(s) in field; nearest (2010 HK) at 158.9' (geocentric)
3EPOCH-015,B,60835.420874722,156.55696979411718,-44.70287439767328,0.71,JPL Horizons (planets),,,147.98478,14.34834,214429.51428554513,NO_MATCH,,,,,,,,,,,,8 planets + Pluto from SPHEREx; nearest Mars at 59.6 deg
3EPOCH-015,B,60835.420874722,156.55696979411718,-44.70287439767328,0.71,SkyBoT (IMCCE),,,,,,SERVICE_UNAVAILABLE,,,,,,,,,,,,Not required: the equivalent MPC-orbit small-body search was performed with JPL sb_ident. Unreachable this run (ConnectTimeout).
3EPOCH-015,B,60835.420874722,156.55696979411718,-44.70287439767328,0.71,MPC Checker,,,,,,SERVICE_UNAVAILABLE,,,,,,,,,,,,Not required: the equivalent MPC-orbit small-body search was performed with JPL sb_ident. Unreachable this run (ConnectTimeout).
3EPOCH-011,A,60804.58166331,156.67173495996485,-44.09391610353882,0.71,Gaia DR3,Gaia DR3 5367685341536496128,star (Gaia DR3 point source),156.67161977086727,-44.09411052513839,0.7606468228592073,MATCH,156.67161977086727,-44.09411052513839,0.0008374050546850602,0.7100004938359026,1.1477539858490537,1.0,0.005609326873360687,4.988862466233891,-0.48181122251263425,16.377552032470703,-0.13770658808284342,Propagated J2016.0 -> J2025.353 (catalogue PM); chi2=1.15 (accept <= 13.816); 1 consistent source(s); local density 11.1/arcmin^2; P_chance=0.0056; flux-vs-G residual -0.14 mag (scatter 0.66)
3EPOCH-011,A,60804.58166331,156.67173495996485,-44.09391610353882,0.71,SIMBAD,,,,,,NO_MATCH,,,,,,,,,,,,"cone 15"""
3EPOCH-011,A,60804.58166331,156.67173495996485,-44.09391610353882,0.71,JPL Small-Body Identification (sb_ident),,,156.32195,-41.96184,7730.453154192169,NO_MATCH,156.32195,-41.96184,,,117985761.07285011,,,,,,,Full-field epoch-aware search of all known asteroids/comets at 2025-05-09_13:57:35 UTC; 6 object(s) in field; nearest 313052 (2000 RL52) at 128.8' (Horizons from SPHEREx)
3EPOCH-011,A,60804.58166331,156.67173495996485,-44.09391610353882,0.71,JPL Horizons (planets),,,132.23565,19.69771,243360.62983976904,NO_MATCH,,,,,,,,,,,,8 planets + Pluto from SPHEREx; nearest Mars at 67.6 deg
3EPOCH-011,A,60804.58166331,156.67173495996485,-44.09391610353882,0.71,SkyBoT (IMCCE),,,,,,SERVICE_UNAVAILABLE,,,,,,,,,,,,Not required: the equivalent MPC-orbit small-body search was performed with JPL sb_ident. Unreachable this run (ConnectTimeout).
3EPOCH-011,A,60804.58166331,156.67173495996485,-44.09391610353882,0.71,MPC Checker,,,,,,SERVICE_UNAVAILABLE,,,,,,,,,,,,Not required: the equivalent MPC-orbit small-body search was performed with JPL sb_ident. Unreachable this run (ConnectTimeout).
3EPOCH-011,C,60822.30895912,156.67929283628675,-44.08046886670004,1.08,Gaia DR3,Gaia DR3 5367685371597409024,star (Gaia DR3 point source),156.6793457989618,-44.080531385342105,0.263467656026023,MATCH,156.6793457989618,-44.080531385342105,0.0005595393265849696,1.080000144946406,0.05951233465318213,1.0,0.0007324476900626431,-16.701380708521736,-0.8302397577519303,16.52593421936035,0.5717070182097213,Propagated J2016.0 -> J2025.401 (catalogue PM); chi2=0.06 (accept <= 13.816); 1 consistent source(s); local density 12.1/arcmin^2; P_chance=0.0007; flux-vs-G residual +0.57 mag (scatter 0.66)
3EPOCH-011,C,60822.30895912,156.67929283628675,-44.08046886670004,1.08,SIMBAD,,,,,,NO_MATCH,,,,,,,,,,,,"cone 15"""
3EPOCH-011,C,60822.30895912,156.67929283628675,-44.08046886670004,1.08,JPL Small-Body Identification (sb_ident),,,152.51583333333332,-42.23405555555556,12793.306928418691,NO_MATCH,152.51583333333332,-42.23405555555556,,,140319532.03422984,,,,,,,Full-field epoch-aware search of all known asteroids/comets at 2025-05-27_07:24:54 UTC; 3 object(s) in field; nearest (2025 EF) at 213.2' (geocentric)
3EPOCH-011,C,60822.30895912,156.67929283628675,-44.08046886670004,1.08,JPL Horizons (planets),,,141.15262,16.81887,225115.7272543729,NO_MATCH,,,,,,,,,,,,8 planets + Pluto from SPHEREx; nearest Mars at 62.5 deg
3EPOCH-011,C,60822.30895912,156.67929283628675,-44.08046886670004,1.08,SkyBoT (IMCCE),,,,,,SERVICE_UNAVAILABLE,,,,,,,,,,,,Not required: the equivalent MPC-orbit small-body search was performed with JPL sb_ident. Unreachable this run (ConnectTimeout).
3EPOCH-011,C,60822.30895912,156.67929283628675,-44.08046886670004,1.08,MPC Checker,,,,,,SERVICE_UNAVAILABLE,,,,,,,,,,,,Not required: the equivalent MPC-orbit small-body search was performed with JPL sb_ident. Unreachable this run (ConnectTimeout).
3EPOCH-011,B,60835.420874722,156.68464524875952,-44.069204389050746,1.08,Gaia DR3,Gaia DR3 5367685753853361792,star (Gaia DR3 point source),156.68521586729284,-44.068569273442286,2.721431118262459,MATCH,156.68521586729284,-44.068569273442286,0.0008561276133516049,1.0800003393307294,6.349607919644734,1.0,0.07329421476409215,-5.607100543682629,2.296194708367169,16.918468475341797,-0.19042602852704638,Propagated J2016.0 -> J2025.437 (catalogue PM); chi2=6.35 (accept <= 13.816); 1 consistent source(s); local density 11.8/arcmin^2; P_chance=0.0733; flux-vs-G residual -0.19 mag (scatter 0.66)
3EPOCH-011,B,60835.420874722,156.68464524875952,-44.069204389050746,1.08,SIMBAD,,,,,,NO_MATCH,,,,,,,,,,,,"cone 15"""
3EPOCH-011,B,60835.420874722,156.68464524875952,-44.069204389050746,1.08,JPL Small-Body Identification (sb_ident),,,155.47962499999997,-42.17225,7527.182542518184,NO_MATCH,155.47962499999997,-42.17225,,,48575511.855616,,,,,,,Full-field epoch-aware search of all known asteroids/comets at 2025-06-09_10:06:03 UTC; 2 object(s) in field; nearest (2010 HK) at 125.5' (geocentric)
3EPOCH-011,B,60835.420874722,156.68464524875952,-44.069204389050746,1.08,JPL Horizons (planets),,,147.98478,14.34834,212236.81493116848,NO_MATCH,,,,,,,,,,,,8 planets + Pluto from SPHEREx; nearest Mars at 59.0 deg
3EPOCH-011,B,60835.420874722,156.68464524875952,-44.069204389050746,1.08,SkyBoT (IMCCE),,,,,,SERVICE_UNAVAILABLE,,,,,,,,,,,,Not required: the equivalent MPC-orbit small-body search was performed with JPL sb_ident. Unreachable this run (ConnectTimeout).
3EPOCH-011,B,60835.420874722,156.68464524875952,-44.069204389050746,1.08,MPC Checker,,,,,,SERVICE_UNAVAILABLE,,,,,,,,,,,,Not required: the equivalent MPC-orbit small-body search was performed with JPL sb_ident. Unreachable this run (ConnectTimeout).
3EPOCH-019,A,60804.58166331,156.3740805767124,-44.41091500186948,0.71,Gaia DR3,Gaia DR3 5367583911590445184,star (Gaia DR3 point source),156.373464750075,-44.4103871721897,2.4736114167902756,MATCH,156.373464750075,-44.4103871721897,0.00044454648891000404,0.7100001391701136,12.137970725154203,1.0,0.06572658621600957,-10.907589043429136,1.2722427604450917,16.065303802490234,-0.04522890121828782,Propagated J2016.0 -> J2025.353 (catalogue PM); chi2=12.14 (accept <= 13.816); 1 consistent source(s); local density 12.7/arcmin^2; P_chance=0.0657; flux-vs-G residual -0.05 mag (scatter 0.66)
3EPOCH-019,A,60804.58166331,156.3740805767124,-44.41091500186948,0.71,SIMBAD,,,,,,NO_MATCH,,,,,,,,,,,,"cone 15"""
3EPOCH-019,A,60804.58166331,156.3740805767124,-44.41091500186948,0.71,JPL Small-Body Identification (sb_ident),,,156.32195,-41.96184,8817.731213229643,NO_MATCH,156.32195,-41.96184,,,153508845.4884873,,,,,,,Full-field epoch-aware search of all known asteroids/comets at 2025-05-09_13:57:35 UTC; 6 object(s) in field; nearest 313052 (2000 RL52) at 147.0' (Horizons from SPHEREx)
3EPOCH-019,A,60804.58166331,156.3740805767124,-44.41091500186948,0.71,JPL Horizons (planets),,,132.23565,19.69771,244075.80688853172,NO_MATCH,,,,,,,,,,,,8 planets + Pluto from SPHEREx; nearest Mars at 67.8 deg
3EPOCH-019,A,60804.58166331,156.3740805767124,-44.41091500186948,0.71,SkyBoT (IMCCE),,,,,,SERVICE_UNAVAILABLE,,,,,,,,,,,,Not required: the equivalent MPC-orbit small-body search was performed with JPL sb_ident. Unreachable this run (ConnectTimeout).
3EPOCH-019,A,60804.58166331,156.3740805767124,-44.41091500186948,0.71,MPC Checker,,,,,,SERVICE_UNAVAILABLE,,,,,,,,,,,,Not required: the equivalent MPC-orbit small-body search was performed with JPL sb_ident. Unreachable this run (ConnectTimeout).
3EPOCH-019,C,60822.30895912,156.3871235297908,-44.397592983371325,0.71,Gaia DR3,Gaia DR3 5367584323907307520,star (Gaia DR3 point source),156.3867642477284,-44.39777137848347,1.1253872843974722,MATCH,156.3867642477284,-44.39777137848347,0.0006098203970500672,0.7100002618879211,2.5123896162939174,1.0,0.01743642477163887,-5.539274668940484,5.204538632196349,15.822936058044434,-0.15622844907534428,Propagated J2016.0 -> J2025.401 (catalogue PM); chi2=2.51 (accept <= 13.816); 1 consistent source(s); local density 15.9/arcmin^2; P_chance=0.0174; flux-vs-G residual -0.16 mag (scatter 0.66)
3EPOCH-019,C,60822.30895912,156.3871235297908,-44.397592983371325,0.71,SIMBAD,,,,,,NO_MATCH,,,,,,,,,,,,"cone 15"""
3EPOCH-019,C,60822.30895912,156.3871235297908,-44.397592983371325,0.71,JPL Small-Body Identification (sb_ident),,,152.51583333333332,-42.23405555555556,12783.669043699767,NO_MATCH,152.51583333333332,-42.23405555555556,,,324186062.7233639,,,,,,,Full-field epoch-aware search of all known asteroids/comets at 2025-05-27_07:24:54 UTC; 3 object(s) in field; nearest (2025 EF) at 213.1' (geocentric)
3EPOCH-019,C,60822.30895912,156.3871235297908,-44.397592983371325,0.71,JPL Horizons (planets),,,141.15262,16.81887,225994.35698340918,NO_MATCH,,,,,,,,,,,,8 planets + Pluto from SPHEREx; nearest Mars at 62.8 deg
3EPOCH-019,C,60822.30895912,156.3871235297908,-44.397592983371325,0.71,SkyBoT (IMCCE),,,,,,SERVICE_UNAVAILABLE,,,,,,,,,,,,Not required: the equivalent MPC-orbit small-body search was performed with JPL sb_ident. Unreachable this run (ConnectTimeout).
3EPOCH-019,C,60822.30895912,156.3871235297908,-44.397592983371325,0.71,MPC Checker,,,,,,SERVICE_UNAVAILABLE,,,,,,,,,,,,Not required: the equivalent MPC-orbit small-body search was performed with JPL sb_ident. Unreachable this run (ConnectTimeout).
3EPOCH-019,B,60835.420874722,156.3979779275211,-44.38623974428349,0.71,Gaia DR3,Gaia DR3 5367583602346865024,star (Gaia DR3 point source),156.396938164379,-44.38628674850326,2.680351065235674,NO_MATCH,156.396938164379,-44.38628674850326,0.005042501393103301,0.7100179059856867,14.250980908112222,0.0,0.10216074271046083,-4.1977871466009145,5.447863667315773,20.36124610900879,-4.047478441858181,Propagated J2016.0 -> J2025.437 (catalogue PM); chi2=14.25 (accept <= 13.816); 0 consistent source(s); local density 17.2/arcmin^2; P_chance=0.1022; flux-vs-G residual -4.05 mag (scatter 0.66)
3EPOCH-019,B,60835.420874722,156.3979779275211,-44.38623974428349,0.71,SIMBAD,,,,,,NO_MATCH,,,,,,,,,,,,"cone 15"""
3EPOCH-019,B,60835.420874722,156.3979779275211,-44.38623974428349,0.71,JPL Small-Body Identification (sb_ident),,,155.47962499999997,-42.17225,8325.689554065093,NO_MATCH,155.47962499999997,-42.17225,,,137506658.5016239,,,,,,,Full-field epoch-aware search of all known asteroids/comets at 2025-06-09_10:06:03 UTC; 2 object(s) in field; nearest (2010 HK) at 138.8' (geocentric)
3EPOCH-019,B,60835.420874722,156.3979779275211,-44.38623974428349,0.71,JPL Horizons (planets),,,147.98478,14.34834,213237.67973840208,NO_MATCH,,,,,,,,,,,,8 planets + Pluto from SPHEREx; nearest Mars at 59.2 deg
3EPOCH-019,B,60835.420874722,156.3979779275211,-44.38623974428349,0.71,SkyBoT (IMCCE),,,,,,SERVICE_UNAVAILABLE,,,,,,,,,,,,Not required: the equivalent MPC-orbit small-body search was performed with JPL sb_ident. Unreachable this run (ConnectTimeout).
3EPOCH-019,B,60835.420874722,156.3979779275211,-44.38623974428349,0.71,MPC Checker,,,,,,SERVICE_UNAVAILABLE,,,,,,,,,,,,Not required: the equivalent MPC-orbit small-body search was performed with JPL sb_ident. Unreachable this run (ConnectTimeout).
3EPOCH-021,A,60804.58166331,154.96753438608815,-41.514346203505056,0.59,Gaia DR3,Gaia DR3 5416527778345274368,star (Gaia DR3 point source),154.96733600759768,-41.51433874248963,0.5354317894009849,MATCH,154.96733600759768,-41.51433874248963,0.00035752528010269573,0.5900001083256899,0.8235768337488856,1.0,0.0028627664577500767,-3.1139981701717856,0.13544319361467597,14.249734878540039,0.8576767886227756,Propagated J2016.0 -> J2025.353 (catalogue PM); chi2=0.82 (accept <= 13.816); 1 consistent source(s); local density 11.5/arcmin^2; P_chance=0.0029; flux-vs-G residual +0.86 mag (scatter 0.66)
3EPOCH-021,A,60804.58166331,154.96753438608815,-41.514346203505056,0.59,SIMBAD,,,,,,NO_MATCH,,,,,,,,,,,,"cone 15"""
3EPOCH-021,A,60804.58166331,154.96753438608815,-41.514346203505056,0.59,JPL Small-Body Identification (sb_ident),,,156.32195,-41.96184,3979.008138659123,NO_MATCH,156.32195,-41.96184,,,45171071.601837195,,,,,,,Full-field epoch-aware search of all known asteroids/comets at 2025-05-09_13:57:35 UTC; 6 object(s) in field; nearest 313052 (2000 RL52) at 66.3' (Horizons from SPHEREx)
3EPOCH-021,A,60804.58166331,154.96753438608815,-41.514346203505056,0.59,JPL Horizons (planets),,,132.23565,19.69771,233045.16491553726,NO_MATCH,,,,,,,,,,,,8 planets + Pluto from SPHEREx; nearest Mars at 64.7 deg
3EPOCH-021,A,60804.58166331,154.96753438608815,-41.514346203505056,0.59,SkyBoT (IMCCE),,,,,,SERVICE_UNAVAILABLE,,,,,,,,,,,,Not required: the equivalent MPC-orbit small-body search was performed with JPL sb_ident. Unreachable this run (ConnectTimeout).
3EPOCH-021,A,60804.58166331,154.96753438608815,-41.514346203505056,0.59,MPC Checker,,,,,,SERVICE_UNAVAILABLE,,,,,,,,,,,,Not required: the equivalent MPC-orbit small-body search was performed with JPL sb_ident. Unreachable this run (ConnectTimeout).
3EPOCH-021,C,60822.30895912,154.981408612914,-41.498953049991485,0.59,Gaia DR3,Gaia DR3 5416527812705014272,star (Gaia DR3 point source),154.98107353883202,-41.49879240198585,1.072707657060873,MATCH,154.98107353883202,-41.49879240198585,0.0009663000436534613,0.590000791300973,3.3056553602653254,1.0,0.008276185749594878,-27.0967845433303,5.474464219337827,15.323263168334961,-0.13386139394818075,Propagated J2016.0 -> J2025.401 (catalogue PM); chi2=3.31 (accept <= 13.816); 1 consistent source(s); local density 8.3/arcmin^2; P_chance=0.0083; flux-vs-G residual -0.13 mag (scatter 0.66)
3EPOCH-021,C,60822.30895912,154.981408612914,-41.498953049991485,0.59,SIMBAD,,,,,,NO_MATCH,,,,,,,,,,,,"cone 15"""
3EPOCH-021,C,60822.30895912,154.981408612914,-41.498953049991485,0.59,JPL Small-Body Identification (sb_ident),,,152.51583333333332,-42.23405555555556,7119.738149760495,NO_MATCH,152.51583333333332,-42.23405555555556,,,145621003.508058,,,,,,,Full-field epoch-aware search of all known asteroids/comets at 2025-05-27_07:24:54 UTC; 3 object(s) in field; nearest (2025 EF) at 118.7' (geocentric)
3EPOCH-021,C,60822.30895912,154.981408612914,-41.498953049991485,0.59,JPL Horizons (planets),,,141.15262,16.81887,214944.21885767818,NO_MATCH,,,,,,,,,,,,8 planets + Pluto from SPHEREx; nearest Mars at 59.7 deg
3EPOCH-021,C,60822.30895912,154.981408612914,-41.498953049991485,0.59,SkyBoT (IMCCE),,,,,,SERVICE_UNAVAILABLE,,,,,,,,,,,,Not required: the equivalent MPC-orbit small-body search was performed with JPL sb_ident. Unreachable this run (ConnectTimeout).
3EPOCH-021,C,60822.30895912,154.981408612914,-41.498953049991485,0.59,MPC Checker,,,,,,SERVICE_UNAVAILABLE,,,,,,,,,,,,Not required: the equivalent MPC-orbit small-body search was performed with JPL sb_ident. Unreachable this run (ConnectTimeout).
3EPOCH-021,B,60835.420874722,154.98949755607802,-41.48835434550812,0.59,Gaia DR3,Gaia DR3 5416527915784230912,star (Gaia DR3 point source),154.98938632701646,-41.48848437111389,0.5559520230194712,MATCH,154.98938632701646,-41.48848437111389,0.18877290436870797,0.6194636465716107,0.805458150070591,1.0,0.002229773949529279,,,16.529239654541016,-1.4151101420699979,Propagated J2016.0 -> J2025.437 (no PM; +/-20 mas/yr allowance); chi2=0.81 (accept <= 13.816); 1 consistent source(s); local density 8.3/arcmin^2; P_chance=0.0022; flux-vs-G residual -1.42 mag (scatter 0.66)
3EPOCH-021,B,60835.420874722,154.98949755607802,-41.48835434550812,0.59,SIMBAD,,,,,,NO_MATCH,,,,,,,,,,,,"cone 15"""
3EPOCH-021,B,60835.420874722,154.98949755607802,-41.48835434550812,0.59,JPL Small-Body Identification (sb_ident),,,155.47962499999997,-42.17225,2791.0624104130416,NO_MATCH,155.47962499999997,-42.17225,,,22378711.229016542,,,,,,,Full-field epoch-aware search of all known asteroids/comets at 2025-06-09_10:06:03 UTC; 2 object(s) in field; nearest (2010 HK) at 46.5' (geocentric)
3EPOCH-021,B,60835.420874722,154.98949755607802,-41.48835434550812,0.59,JPL Horizons (planets),,,147.98478,14.34834,202359.40628818306,NO_MATCH,,,,,,,,,,,,8 planets + Pluto from SPHEREx; nearest Mars at 56.2 deg
3EPOCH-021,B,60835.420874722,154.98949755607802,-41.48835434550812,0.59,SkyBoT (IMCCE),,,,,,SERVICE_UNAVAILABLE,,,,,,,,,,,,Not required: the equivalent MPC-orbit small-body search was performed with JPL sb_ident. Unreachable this run (ConnectTimeout).
3EPOCH-021,B,60835.420874722,154.98949755607802,-41.48835434550812,0.59,MPC Checker,,,,,,SERVICE_UNAVAILABLE,,,,,,,,,,,,Not required: the equivalent MPC-orbit small-body search was performed with JPL sb_ident. Unreachable this run (ConnectTimeout).
3EPOCH-014,A,60804.58166331,156.3426742158269,-42.90912773918416,0.71,Gaia DR3,Gaia DR3 5416167001092829440,star (Gaia DR3 point source),156.34280135653583,-42.9092676102067,0.6049246353346781,MATCH,156.34280135653583,-42.9092676102067,0.0003130807050970654,0.7100000690278332,0.7259149836955947,1.0,0.00426012763679795,-6.271237381955997,2.096370908513666,14.685194969177246,1.1275890653028497,Propagated J2016.0 -> J2025.353 (catalogue PM); chi2=0.73 (accept <= 13.816); 1 consistent source(s); local density 13.4/arcmin^2; P_chance=0.0043; flux-vs-G residual +1.13 mag (scatter 0.66)
3EPOCH-014,A,60804.58166331,156.3426742158269,-42.90912773918416,0.71,SIMBAD,,,,,,NO_MATCH,,,,,,,,,,,,"cone 15"""
3EPOCH-014,A,60804.58166331,156.3426742158269,-42.90912773918416,0.71,JPL Small-Body Identification (sb_ident),,,156.32195,-41.96184,3410.6803293388098,NO_MATCH,156.32195,-41.96184,,,22966865.433510877,,,,,,,Full-field epoch-aware search of all known asteroids/comets at 2025-05-09_13:57:35 UTC; 6 object(s) in field; nearest 313052 (2000 RL52) at 56.8' (Horizons from SPHEREx)
3EPOCH-014,A,60804.58166331,156.3426742158269,-42.90912773918416,0.71,JPL Horizons (planets),,,132.23565,19.69771,239129.38158383357,NO_MATCH,,,,,,,,,,,,8 planets + Pluto from SPHEREx; nearest Mars at 66.4 deg
3EPOCH-014,A,60804.58166331,156.3426742158269,-42.90912773918416,0.71,SkyBoT (IMCCE),,,,,,SERVICE_UNAVAILABLE,,,,,,,,,,,,Not required: the equivalent MPC-orbit small-body search was performed with JPL sb_ident. Unreachable this run (ConnectTimeout).
3EPOCH-014,A,60804.58166331,156.3426742158269,-42.90912773918416,0.71,MPC Checker,,,,,,SERVICE_UNAVAILABLE,,,,,,,,,,,,Not required: the equivalent MPC-orbit small-body search was performed with JPL sb_ident. Unreachable this run (ConnectTimeout).
3EPOCH-014,C,60822.30895912,156.3243791360726,-42.91423122496052,0.59,Gaia DR3,Gaia DR3 5416167104172041344,star (Gaia DR3 point source),156.32434665986437,-42.91409278971643,0.5056690656649142,MATCH,156.32434665986437,-42.91409278971643,0.0002794654560396758,0.5900000661872344,0.7345623286423965,1.0,0.002270318510455782,-6.684549039355545,5.381702756484685,14.650056838989258,0.4437870738759324,Propagated J2016.0 -> J2025.401 (catalogue PM); chi2=0.73 (accept <= 13.816); 1 consistent source(s); local density 10.2/arcmin^2; P_chance=0.0023; flux-vs-G residual +0.44 mag (scatter 0.66)
3EPOCH-014,C,60822.30895912,156.3243791360726,-42.91423122496052,0.59,SIMBAD,,,,,,NO_MATCH,,,,,,,,,,,,"cone 15"""
3EPOCH-014,C,60822.30895912,156.3243791360726,-42.91423122496052,0.59,JPL Small-Body Identification (sb_ident),,,152.51583333333332,-42.23405555555556,10388.289173008805,NO_MATCH,152.51583333333332,-42.23405555555556,,,310015949.27334666,,,,,,,Full-field epoch-aware search of all known asteroids/comets at 2025-05-27_07:24:54 UTC; 3 object(s) in field; nearest (2025 EF) at 173.1' (geocentric)
3EPOCH-014,C,60822.30895912,156.3243791360726,-42.91423122496052,0.59,JPL Horizons (planets),,,141.15262,16.81887,220827.9520493602,NO_MATCH,,,,,,,,,,,,8 planets + Pluto from SPHEREx; nearest Mars at 61.3 deg
3EPOCH-014,C,60822.30895912,156.3243791360726,-42.91423122496052,0.59,SkyBoT (IMCCE),,,,,,SERVICE_UNAVAILABLE,,,,,,,,,,,,Not required: the equivalent MPC-orbit small-body search was performed with JPL sb_ident. Unreachable this run (ConnectTimeout).
3EPOCH-014,C,60822.30895912,156.3243791360726,-42.91423122496052,0.59,MPC Checker,,,,,,SERVICE_UNAVAILABLE,,,,,,,,,,,,Not required: the equivalent MPC-orbit small-body search was performed with JPL sb_ident. Unreachable this run (ConnectTimeout).
3EPOCH-014,B,60835.420874722,156.30921401751473,-42.91697102338662,0.71,Gaia DR3,Gaia DR3 5416167069809958400,star (Gaia DR3 point source),156.3098307370166,-42.91660754708205,2.087078560999578,MATCH,156.3098307370166,-42.91660754708205,0.00935782686558135,0.7100616655781709,8.639437360748818,2.0,0.0460927965651734,-5.194465486097936,2.2196576795580807,20.731468200683594,-3.982032997192344,Propagated J2016.0 -> J2025.437 (catalogue PM); chi2=8.64 (accept <= 13.816); 2 consistent source(s); local density 12.4/arcmin^2; P_chance=0.0461; flux-vs-G residual -3.98 mag (scatter 0.66)
3EPOCH-014,B,60835.420874722,156.30921401751473,-42.91697102338662,0.71,SIMBAD,,,,,,NO_MATCH,,,,,,,,,,,,"cone 15"""
3EPOCH-014,B,60835.420874722,156.30921401751473,-42.91697102338662,0.71,JPL Small-Body Identification (sb_ident),,,155.47962499999997,-42.17225,3468.2671058694796,NO_MATCH,155.47962499999997,-42.17225,,,23862084.34369422,,,,,,,Full-field epoch-aware search of all known asteroids/comets at 2025-06-09_10:06:03 UTC; 2 object(s) in field; nearest (2010 HK) at 57.8' (geocentric)
3EPOCH-014,B,60835.420874722,156.30921401751473,-42.91697102338662,0.71,JPL Horizons (planets),,,147.98478,14.34834,207982.90700935436,NO_MATCH,,,,,,,,,,,,8 planets + Pluto from SPHEREx; nearest Mars at 57.8 deg
3EPOCH-014,B,60835.420874722,156.30921401751473,-42.91697102338662,0.71,SkyBoT (IMCCE),,,,,,SERVICE_UNAVAILABLE,,,,,,,,,,,,Not required: the equivalent MPC-orbit small-body search was performed with JPL sb_ident. Unreachable this run (ConnectTimeout).
3EPOCH-014,B,60835.420874722,156.30921401751473,-42.91697102338662,0.71,MPC Checker,,,,,,SERVICE_UNAVAILABLE,,,,,,,,,,,,Not required: the equivalent MPC-orbit small-body search was performed with JPL sb_ident. Unreachable this run (ConnectTimeout).
3EPOCH-017,A,60804.58166331,154.2771667851355,-43.312633529854416,0.71,Gaia DR3,Gaia DR3 5415957509768111488,star (Gaia DR3 point source),154.277340622004,-43.3126165243979,0.4594517416932132,MATCH,154.277340622004,-43.3126165243979,0.0010604300755476185,0.7100007919093788,0.41875705623411086,1.0,0.0024597553661253047,-10.40007514633094,-1.6134853033172596,14.981609344482422,0.4355844024856188,Propagated J2016.0 -> J2025.353 (catalogue PM); chi2=0.42 (accept <= 13.816); 1 consistent source(s); local density 13.4/arcmin^2; P_chance=0.0025; flux-vs-G residual +0.44 mag (scatter 0.66)
3EPOCH-017,A,60804.58166331,154.2771667851355,-43.312633529854416,0.71,SIMBAD,,,,,,NO_MATCH,,,,,,,,,,,,"cone 15"""
3EPOCH-017,A,60804.58166331,154.2771667851355,-43.312633529854416,0.71,JPL Small-Body Identification (sb_ident),,,152.76487499999996,-44.15738888888889,4972.025859060444,NO_MATCH,152.76487499999996,-44.15738888888889,,,49039954.658134796,,,,,,,Full-field epoch-aware search of all known asteroids/comets at 2025-05-09_13:57:35 UTC; 6 object(s) in field; nearest (2003 YS1) at 82.9' (geocentric)
3EPOCH-017,A,60804.58166331,154.2771667851355,-43.312633529854416,0.71,JPL Horizons (planets),,,132.23565,19.69771,238271.31191457532,NO_MATCH,,,,,,,,,,,,8 planets + Pluto from SPHEREx; nearest Mars at 66.2 deg
3EPOCH-017,A,60804.58166331,154.2771667851355,-43.312633529854416,0.71,SkyBoT (IMCCE),,,,,,SERVICE_UNAVAILABLE,,,,,,,,,,,,Not required: the equivalent MPC-orbit small-body search was performed with JPL sb_ident. Unreachable this run (ConnectTimeout).
3EPOCH-017,A,60804.58166331,154.2771667851355,-43.312633529854416,0.71,MPC Checker,,,,,,SERVICE_UNAVAILABLE,,,,,,,,,,,,Not required: the equivalent MPC-orbit small-body search was performed with JPL sb_ident. Unreachable this run (ConnectTimeout).
3EPOCH-017,C,60822.30895912,154.25950634495993,-43.30402794293923,0.71,Gaia DR3,Gaia DR3 5415957574188439296,star (Gaia DR3 point source),154.26008681529663,-43.3040188314236,1.5210748673496117,MATCH,154.26008681529663,-43.3040188314236,0.0009954740365657108,0.7100006978648383,4.58969292569185,1.0,0.02663175230099557,-38.13476903030655,7.752034802466996,17.39644432067871,-0.9520196142376971,Propagated J2016.0 -> J2025.401 (catalogue PM); chi2=4.59 (accept <= 13.816); 1 consistent source(s); local density 13.4/arcmin^2; P_chance=0.0266; flux-vs-G residual -0.95 mag (scatter 0.66)
3EPOCH-017,C,60822.30895912,154.25950634495993,-43.30402794293923,0.71,SIMBAD,,,,,,NO_MATCH,,,,,,,,,,,,"cone 15"""
3EPOCH-017,C,60822.30895912,154.25950634495993,-43.30402794293923,0.71,JPL Small-Body Identification (sb_ident),,,152.51583333333332,-42.23405555555556,6005.719916433485,NO_MATCH,152.51583333333332,-42.23405555555556,,,71550628.27741684,,,,,,,Full-field epoch-aware search of all known asteroids/comets at 2025-05-27_07:24:54 UTC; 3 object(s) in field; nearest (2025 EF) at 100.1' (geocentric)
3EPOCH-017,C,60822.30895912,154.25950634495993,-43.30402794293923,0.71,JPL Horizons (planets),,,141.15262,16.81887,220733.95353420728,NO_MATCH,,,,,,,,,,,,8 planets + Pluto from SPHEREx; nearest Mars at 61.3 deg
3EPOCH-017,C,60822.30895912,154.25950634495993,-43.30402794293923,0.71,SkyBoT (IMCCE),,,,,,SERVICE_UNAVAILABLE,,,,,,,,,,,,Not required: the equivalent MPC-orbit small-body search was performed with JPL sb_ident. Unreachable this run (ConnectTimeout).
3EPOCH-017,C,60822.30895912,154.25950634495993,-43.30402794293923,0.71,MPC Checker,,,,,,SERVICE_UNAVAILABLE,,,,,,,,,,,,Not required: the equivalent MPC-orbit small-body search was performed with JPL sb_ident. Unreachable this run (ConnectTimeout).
3EPOCH-017,B,60835.420874722,154.24698638464247,-43.296015012727096,0.59,Gaia DR3,Gaia DR3 5415957544127850240,star (Gaia DR3 point source),154.24673247447657,-43.29599009456973,0.6713043741393512,MATCH,154.24673247447657,-43.29599009456973,0.0002045742108878198,0.5900000354666156,1.2945978413068648,1.0,0.00549279821468629,-8.067399067611525,2.0016558684485055,14.257701873779297,0.7902176919098731,Propagated J2016.0 -> J2025.437 (catalogue PM); chi2=1.29 (accept <= 13.816); 1 consistent source(s); local density 14.0/arcmin^2; P_chance=0.0055; flux-vs-G residual +0.79 mag (scatter 0.66)
3EPOCH-017,B,60835.420874722,154.24698638464247,-43.296015012727096,0.59,SIMBAD,,,,,,NO_MATCH,,,,,,,,,,,,"cone 15"""
3EPOCH-017,B,60835.420874722,154.24698638464247,-43.296015012727096,0.59,JPL Small-Body Identification (sb_ident),,,155.47962499999997,-42.17225,5195.067466228033,NO_MATCH,155.47962499999997,-42.17225,,,77531531.10790277,,,,,,,Full-field epoch-aware search of all known asteroids/comets at 2025-06-09_10:06:03 UTC; 2 object(s) in field; nearest (2010 HK) at 86.6' (geocentric)
3EPOCH-017,B,60835.420874722,154.24698638464247,-43.296015012727096,0.59,JPL Horizons (planets),,,147.98478,14.34834,208545.39530048976,NO_MATCH,,,,,,,,,,,,8 planets + Pluto from SPHEREx; nearest Mars at 57.9 deg
3EPOCH-017,B,60835.420874722,154.24698638464247,-43.296015012727096,0.59,SkyBoT (IMCCE),,,,,,SERVICE_UNAVAILABLE,,,,,,,,,,,,Not required: the equivalent MPC-orbit small-body search was performed with JPL sb_ident. Unreachable this run (ConnectTimeout).
3EPOCH-017,B,60835.420874722,154.24698638464247,-43.296015012727096,0.59,MPC Checker,,,,,,SERVICE_UNAVAILABLE,,,,,,,,,,,,Not required: the equivalent MPC-orbit small-body search was performed with JPL sb_ident. Unreachable this run (ConnectTimeout).
3EPOCH-022,A,60804.58166331,156.83235440073588,-44.19391548608702,1.08,Gaia DR3,Gaia DR3 5367671971299122304,star (Gaia DR3 point source),156.83215005066316,-44.19400742358819,0.6226997826234287,MATCH,156.83215005066316,-44.19400742358819,0.0003070379527755775,1.0800000436445845,0.3324374039262905,1.0,0.00472801559206526,-4.081337301093235,3.890124573425764,15.763957023620605,0.5836079195513726,Propagated J2016.0 -> J2025.353 (catalogue PM); chi2=0.33 (accept <= 13.816); 1 consistent source(s); local density 14.0/arcmin^2; P_chance=0.0047; flux-vs-G residual +0.58 mag (scatter 0.66)
3EPOCH-022,A,60804.58166331,156.83235440073588,-44.19391548608702,1.08,SIMBAD,,,,,,NO_MATCH,,,,,,,,,,,,"cone 15"""
3EPOCH-022,A,60804.58166331,156.83235440073588,-44.19391548608702,1.08,JPL Small-Body Identification (sb_ident),,,156.32195,-41.96184,8146.734090648029,NO_MATCH,156.32195,-41.96184,,,56784068.75398529,,,,,,,Full-field epoch-aware search of all known asteroids/comets at 2025-05-09_13:57:35 UTC; 6 object(s) in field; nearest 313052 (2000 RL52) at 135.8' (Horizons from SPHEREx)
3EPOCH-022,A,60804.58166331,156.83235440073588,-44.19391548608702,1.08,JPL Horizons (planets),,,132.23565,19.69771,243862.18903381686,NO_MATCH,,,,,,,,,,,,8 planets + Pluto from SPHEREx; nearest Mars at 67.7 deg
3EPOCH-022,A,60804.58166331,156.83235440073588,-44.19391548608702,1.08,SkyBoT (IMCCE),,,,,,SERVICE_UNAVAILABLE,,,,,,,,,,,,Not required: the equivalent MPC-orbit small-body search was performed with JPL sb_ident. Unreachable this run (ConnectTimeout).
3EPOCH-022,A,60804.58166331,156.83235440073588,-44.19391548608702,1.08,MPC Checker,,,,,,SERVICE_UNAVAILABLE,,,,,,,,,,,,Not required: the equivalent MPC-orbit small-body search was performed with JPL sb_ident. Unreachable this run (ConnectTimeout).
3EPOCH-022,C,60822.30895912,156.8146451074957,-44.19310706169341,1.08,Gaia DR3,Gaia DR3 5367671941238689664,star (Gaia DR3 point source),156.81438244032702,-44.192791718012074,1.3222852351914838,MATCH,156.81438244032702,-44.192791718012074,0.0003863607475274248,1.0800000691086216,1.4990037889593326,2.0,0.01876315299492104,-2.812813234673809,1.9977838020418341,16.70604133605957,-0.10459867082364305,Propagated J2016.0 -> J2025.401 (catalogue PM); chi2=1.50 (accept <= 13.816); 2 consistent source(s); local density 12.4/arcmin^2; P_chance=0.0188; flux-vs-G residual -0.10 mag (scatter 0.66)
3EPOCH-022,C,60822.30895912,156.8146451074957,-44.19310706169341,1.08,SIMBAD,,,,,,NO_MATCH,,,,,,,,,,,,"cone 15"""
3EPOCH-022,C,60822.30895912,156.8146451074957,-44.19310706169341,1.08,JPL Small-Body Identification (sb_ident),,,152.51583333333332,-42.23405555555556,13299.518676394071,NO_MATCH,152.51583333333332,-42.23405555555556,,,151643687.43463194,,,,,,,Full-field epoch-aware search of all known asteroids/comets at 2025-05-27_07:24:54 UTC; 3 object(s) in field; nearest (2025 EF) at 221.7' (geocentric)
3EPOCH-022,C,60822.30895912,156.8146451074957,-44.19310706169341,1.08,JPL Horizons (planets),,,141.15262,16.81887,225605.17651311893,NO_MATCH,,,,,,,,,,,,8 planets + Pluto from SPHEREx; nearest Mars at 62.7 deg
3EPOCH-022,C,60822.30895912,156.8146451074957,-44.19310706169341,1.08,SkyBoT (IMCCE),,,,,,SERVICE_UNAVAILABLE,,,,,,,,,,,,Not required: the equivalent MPC-orbit small-body search was performed with JPL sb_ident. Unreachable this run (ConnectTimeout).
3EPOCH-022,C,60822.30895912,156.8146451074957,-44.19310706169341,1.08,MPC Checker,,,,,,SERVICE_UNAVAILABLE,,,,,,,,,,,,Not required: the equivalent MPC-orbit small-body search was performed with JPL sb_ident. Unreachable this run (ConnectTimeout).
3EPOCH-022,B,60835.420874722,156.799430565338,-44.191523012333306,0.71,Gaia DR3,Gaia DR3 5367672147397119360,star (Gaia DR3 point source),156.79968173218083,-44.191359982413225,0.8745205559512549,MATCH,156.79968173218083,-44.191359982413225,0.0003244362736905305,0.710000074125979,1.5171316070019727,2.0,0.009303835903450297,-2.996112882866888,-0.28300954112237375,15.33328914642334,0.48308198694114934,Propagated J2016.0 -> J2025.437 (catalogue PM); chi2=1.52 (accept <= 13.816); 2 consistent source(s); local density 14.0/arcmin^2; P_chance=0.0093; flux-vs-G residual +0.48 mag (scatter 0.66)
3EPOCH-022,B,60835.420874722,156.799430565338,-44.191523012333306,0.71,SIMBAD,,,,,,NO_MATCH,,,,,,,,,,,,"cone 15"""
3EPOCH-022,B,60835.420874722,156.799430565338,-44.191523012333306,0.71,JPL Small-Body Identification (sb_ident),,,155.47962499999997,-42.17225,8052.480669137603,NO_MATCH,155.47962499999997,-42.17225,,,128630122.84632967,,,,,,,Full-field epoch-aware search of all known asteroids/comets at 2025-06-09_10:06:03 UTC; 2 object(s) in field; nearest (2010 HK) at 134.2' (geocentric)
3EPOCH-022,B,60835.420874722,156.799430565338,-44.191523012333306,0.71,JPL Horizons (planets),,,147.98478,14.34834,212721.6222637465,NO_MATCH,,,,,,,,,,,,8 planets + Pluto from SPHEREx; nearest Mars at 59.1 deg
3EPOCH-022,B,60835.420874722,156.799430565338,-44.191523012333306,0.71,SkyBoT (IMCCE),,,,,,SERVICE_UNAVAILABLE,,,,,,,,,,,,Not required: the equivalent MPC-orbit small-body search was performed with JPL sb_ident. Unreachable this run (ConnectTimeout).
3EPOCH-022,B,60835.420874722,156.799430565338,-44.191523012333306,0.71,MPC Checker,,,,,,SERVICE_UNAVAILABLE,,,,,,,,,,,,Not required: the equivalent MPC-orbit small-body search was performed with JPL sb_ident. Unreachable this run (ConnectTimeout).
3EPOCH-016,A,60804.58166331,155.48228330141362,-44.18101768305768,0.59,Gaia DR3,Gaia DR3 5415661397543331968,star (Gaia DR3 point source),155.48233239966862,-44.18097829264055,0.1902005732824664,MATCH,155.48233239966862,-44.18097829264055,0.00019592491881296835,0.5900000325309939,0.10392488965141747,1.0,0.0005424966665970032,-3.637440804592462,2.0485375942960293,15.030742645263672,-0.34141058873313623,Propagated J2016.0 -> J2025.353 (catalogue PM); chi2=0.10 (accept <= 13.816); 1 consistent source(s); local density 17.2/arcmin^2; P_chance=0.0005; flux-vs-G residual -0.34 mag (scatter 0.66)
3EPOCH-016,A,60804.58166331,155.48228330141362,-44.18101768305768,0.59,SIMBAD,,,,,,NO_MATCH,,,,,,,,,,,,"cone 15"""
3EPOCH-016,A,60804.58166331,155.48228330141362,-44.18101768305768,0.59,JPL Small-Body Identification (sb_ident),,,152.76487499999996,-44.15738888888889,7017.16072987293,NO_MATCH,152.76487499999996,-44.15738888888889,,,141455170.09155643,,,,,,,Full-field epoch-aware search of all known asteroids/comets at 2025-05-09_13:57:35 UTC; 6 object(s) in field; nearest (2003 YS1) at 117.0' (geocentric)
3EPOCH-016,A,60804.58166331,155.48228330141362,-44.18101768305768,0.59,JPL Horizons (planets),,,132.23565,19.69771,242380.19170365008,NO_MATCH,,,,,,,,,,,,8 planets + Pluto from SPHEREx; nearest Mars at 67.3 deg
3EPOCH-016,A,60804.58166331,155.48228330141362,-44.18101768305768,0.59,SkyBoT (IMCCE),,,,,,SERVICE_UNAVAILABLE,,,,,,,,,,,,Not required: the equivalent MPC-orbit small-body search was performed with JPL sb_ident. Unreachable this run (ConnectTimeout).
3EPOCH-016,A,60804.58166331,155.48228330141362,-44.18101768305768,0.59,MPC Checker,,,,,,SERVICE_UNAVAILABLE,,,,,,,,,,,,Not required: the equivalent MPC-orbit small-body search was performed with JPL sb_ident. Unreachable this run (ConnectTimeout).
3EPOCH-016,C,60822.30895912,155.4674963575856,-44.18770050953945,0.49,Gaia DR3,Gaia DR3 5415664318121090304,star (Gaia DR3 point source),155.46729917110306,-44.18795868671641,1.0596959213319173,MATCH,155.46729917110306,-44.18795868671641,0.000508094815664681,0.4900002634288493,4.677027231422543,1.0,0.016703259131913728,-14.827377293847722,6.0460994966065105,13.44282054901123,0.14124808653362209,Propagated J2016.0 -> J2025.401 (catalogue PM); chi2=4.68 (accept <= 13.816); 1 consistent source(s); local density 17.2/arcmin^2; P_chance=0.0167; flux-vs-G residual +0.14 mag (scatter 0.66)
3EPOCH-016,C,60822.30895912,155.4674963575856,-44.18770050953945,0.49,SIMBAD,,,,,,NO_MATCH,,,,,,,,,,,,"cone 15"""
3EPOCH-016,C,60822.30895912,155.4674963575856,-44.18770050953945,0.49,JPL Small-Body Identification (sb_ident),,,151.77224999999999,-43.07766666666667,10423.42762676964,NO_MATCH,151.77224999999999,-43.07766666666667,,,452510801.7097234,,,,,,,Full-field epoch-aware search of all known asteroids/comets at 2025-05-27_07:24:54 UTC; 3 object(s) in field; nearest C/2017 Y2 (PANSTARRS) at 173.7' (geocentric)
3EPOCH-016,C,60822.30895912,155.4674963575856,-44.18770050953945,0.49,JPL Horizons (planets),,,141.15262,16.81887,224616.2520696648,NO_MATCH,,,,,,,,,,,,8 planets + Pluto from SPHEREx; nearest Mars at 62.4 deg
3EPOCH-016,C,60822.30895912,155.4674963575856,-44.18770050953945,0.49,SkyBoT (IMCCE),,,,,,SERVICE_UNAVAILABLE,,,,,,,,,,,,Not required: the equivalent MPC-orbit small-body search was performed with JPL sb_ident. Unreachable this run (ConnectTimeout).
3EPOCH-016,C,60822.30895912,155.4674963575856,-44.18770050953945,0.49,MPC Checker,,,,,,SERVICE_UNAVAILABLE,,,,,,,,,,,,Not required: the equivalent MPC-orbit small-body search was performed with JPL sb_ident. Unreachable this run (ConnectTimeout).
3EPOCH-016,B,60835.420874722,155.4548627570017,-44.19154546265009,0.59,Gaia DR3,Gaia DR3 5415662840652339200,star (Gaia DR3 point source),155.45514568596369,-44.19150840586885,0.7423945782751379,MATCH,155.45514568596369,-44.19150840586885,0.0010111286330884847,0.5900008664240355,1.5833039101186634,1.0,0.007473691968808427,6.259114840513792,6.600087081245064,15.041802406311035,-0.21853301178083084,Propagated J2016.0 -> J2025.437 (catalogue PM); chi2=1.58 (accept <= 13.816); 1 consistent source(s); local density 15.6/arcmin^2; P_chance=0.0075; flux-vs-G residual -0.22 mag (scatter 0.66)
3EPOCH-016,B,60835.420874722,155.4548627570017,-44.19154546265009,0.59,SIMBAD,,,,,,NO_MATCH,,,,,,,,,,,,"cone 15"""
3EPOCH-016,B,60835.420874722,155.4548627570017,-44.19154546265009,0.59,JPL Small-Body Identification (sb_ident),,,155.47962499999997,-42.17225,7269.75417176628,NO_MATCH,155.47962499999997,-42.17225,,,151822251.41601044,,,,,,,Full-field epoch-aware search of all known asteroids/comets at 2025-06-09_10:06:03 UTC; 2 object(s) in field; nearest (2010 HK) at 121.2' (geocentric)
3EPOCH-016,B,60835.420874722,155.4548627570017,-44.19154546265009,0.59,JPL Horizons (planets),,,147.98478,14.34834,212166.2019395201,NO_MATCH,,,,,,,,,,,,8 planets + Pluto from SPHEREx; nearest Mars at 58.9 deg
3EPOCH-016,B,60835.420874722,155.4548627570017,-44.19154546265009,0.59,SkyBoT (IMCCE),,,,,,SERVICE_UNAVAILABLE,,,,,,,,,,,,Not required: the equivalent MPC-orbit small-body search was performed with JPL sb_ident. Unreachable this run (ConnectTimeout).
3EPOCH-016,B,60835.420874722,155.4548627570017,-44.19154546265009,0.59,MPC Checker,,,,,,SERVICE_UNAVAILABLE,,,,,,,,,,,,Not required: the equivalent MPC-orbit small-body search was performed with JPL sb_ident. Unreachable this run (ConnectTimeout).
3EPOCH-018,A,60804.58166331,156.35881889093886,-44.78863104898323,0.71,Gaia DR3,Gaia DR3 5367546631273840512,star (Gaia DR3 point source),156.3588535081872,-44.78857368015715,0.22466943654832675,MATCH,156.3588535081872,-44.78857368015715,0.0003419510748835818,0.7100000823454442,0.10013160882860499,2.0,0.0006167429723844542,-6.643945557194754,0.05668794717238945,15.969717979431152,0.275061643772216,Propagated J2016.0 -> J2025.353 (catalogue PM); chi2=0.10 (accept <= 13.816); 2 consistent source(s); local density 14.0/arcmin^2; P_chance=0.0006; flux-vs-G residual +0.28 mag (scatter 0.66)
3EPOCH-018,A,60804.58166331,156.35881889093886,-44.78863104898323,0.71,SIMBAD,,,,,,NO_MATCH,,,,,,,,,,,,"cone 15"""
3EPOCH-018,A,60804.58166331,156.35881889093886,-44.78863104898323,0.71,JPL Small-Body Identification (sb_ident),,,152.76487499999996,-44.15738888888889,9507.108915267718,NO_MATCH,152.76487499999996,-44.15738888888889,,,179299980.0173833,,,,,,,Full-field epoch-aware search of all known asteroids/comets at 2025-05-09_13:57:35 UTC; 6 object(s) in field; nearest (2003 YS1) at 158.5' (geocentric)
3EPOCH-018,A,60804.58166331,156.35881889093886,-44.78863104898323,0.71,JPL Horizons (planets),,,132.23565,19.69771,245296.58167564086,NO_MATCH,,,,,,,,,,,,8 planets + Pluto from SPHEREx; nearest Mars at 68.1 deg
3EPOCH-018,A,60804.58166331,156.35881889093886,-44.78863104898323,0.71,SkyBoT (IMCCE),,,,,,SERVICE_UNAVAILABLE,,,,,,,,,,,,Not required: the equivalent MPC-orbit small-body search was performed with JPL sb_ident. Unreachable this run (ConnectTimeout).
3EPOCH-018,A,60804.58166331,156.35881889093886,-44.78863104898323,0.71,MPC Checker,,,,,,SERVICE_UNAVAILABLE,,,,,,,,,,,,Not required: the equivalent MPC-orbit small-body search was performed with JPL sb_ident. Unreachable this run (ConnectTimeout).
3EPOCH-018,C,60822.30895912,156.3774930029326,-44.79515518408688,0.59,Gaia DR3,Gaia DR3 5367546562554364800,star (Gaia DR3 point source),156.37753959458115,-44.79538487273781,0.8354018845751752,MATCH,156.37753959458115,-44.79538487273781,0.0072860285450090335,0.5900449866001394,2.0045673480742003,1.0,0.009262123936768507,-23.25100797908896,-3.9619928485887796,15.99280071258545,-0.5227441596305895,Propagated J2016.0 -> J2025.401 (catalogue PM); chi2=2.00 (accept <= 13.816); 1 consistent source(s); local density 15.3/arcmin^2; P_chance=0.0093; flux-vs-G residual -0.52 mag (scatter 0.66)
3EPOCH-018,C,60822.30895912,156.3774930029326,-44.79515518408688,0.59,SIMBAD,,,,,,NO_MATCH,,,,,,,,,,,,"cone 15"""
3EPOCH-018,C,60822.30895912,156.3774930029326,-44.79515518408688,0.59,JPL Small-Body Identification (sb_ident),,,151.77224999999999,-43.07766666666667,13441.80960464227,NO_MATCH,151.77224999999999,-43.07766666666667,,,519052701.65887165,,,,,,,Full-field epoch-aware search of all known asteroids/comets at 2025-05-27_07:24:54 UTC; 3 object(s) in field; nearest C/2017 Y2 (PANSTARRS) at 224.0' (geocentric)
3EPOCH-018,C,60822.30895912,156.3774930029326,-44.79515518408688,0.59,JPL Horizons (planets),,,141.15262,16.81887,227360.39905516006,NO_MATCH,,,,,,,,,,,,8 planets + Pluto from SPHEREx; nearest Mars at 63.2 deg
3EPOCH-018,C,60822.30895912,156.3774930029326,-44.79515518408688,0.59,SkyBoT (IMCCE),,,,,,SERVICE_UNAVAILABLE,,,,,,,,,,,,Not required: the equivalent MPC-orbit small-body search was performed with JPL sb_ident. Unreachable this run (ConnectTimeout).
3EPOCH-018,C,60822.30895912,156.3774930029326,-44.79515518408688,0.59,MPC Checker,,,,,,SERVICE_UNAVAILABLE,,,,,,,,,,,,Not required: the equivalent MPC-orbit small-body search was performed with JPL sb_ident. Unreachable this run (ConnectTimeout).
3EPOCH-018,B,60835.420874722,156.39369976881684,-44.80024259543229,0.71,Gaia DR3,Gaia DR3 5367546180297669248,star (Gaia DR3 point source),156.39381054438994,-44.800389077673714,0.5984606425919242,MATCH,156.39381054438994,-44.800389077673714,0.0004053305284577249,0.7100001156991718,0.710484078563963,2.0,0.004764017773311369,-5.33827239174237,1.6923357448607517,16.515628814697266,-0.22146232442633895,Propagated J2016.0 -> J2025.437 (catalogue PM); chi2=0.71 (accept <= 13.816); 2 consistent source(s); local density 15.3/arcmin^2; P_chance=0.0048; flux-vs-G residual -0.22 mag (scatter 0.66)
3EPOCH-018,B,60835.420874722,156.39369976881684,-44.80024259543229,0.71,SIMBAD,,,,,,NO_MATCH,,,,,,,,,,,,"cone 15"""
3EPOCH-018,B,60835.420874722,156.39369976881684,-44.80024259543229,0.71,JPL Small-Body Identification (sb_ident),,,155.47962499999997,-42.17225,9757.186353132744,NO_MATCH,155.47962499999997,-42.17225,,,188856745.7444155,,,,,,,Full-field epoch-aware search of all known asteroids/comets at 2025-06-09_10:06:03 UTC; 2 object(s) in field; nearest (2010 HK) at 162.6' (geocentric)
3EPOCH-018,B,60835.420874722,156.39369976881684,-44.80024259543229,0.71,JPL Horizons (planets),,,147.98478,14.34834,214705.9621136501,NO_MATCH,,,,,,,,,,,,8 planets + Pluto from SPHEREx; nearest Mars at 59.6 deg
3EPOCH-018,B,60835.420874722,156.39369976881684,-44.80024259543229,0.71,SkyBoT (IMCCE),,,,,,SERVICE_UNAVAILABLE,,,,,,,,,,,,Not required: the equivalent MPC-orbit small-body search was performed with JPL sb_ident. Unreachable this run (ConnectTimeout).
3EPOCH-018,B,60835.420874722,156.39369976881684,-44.80024259543229,0.71,MPC Checker,,,,,,SERVICE_UNAVAILABLE,,,,,,,,,,,,Not required: the equivalent MPC-orbit small-body search was performed with JPL sb_ident. Unreachable this run (ConnectTimeout).
3EPOCH-023,A,60804.58166331,155.8634733443359,-41.61877673161999,1.08,Gaia DR3,Gaia DR3 5416487611811863296,star (Gaia DR3 point source),155.86302635655142,-41.618658562836586,1.2759779866857235,MATCH,155.86302635655142,-41.618658562836586,0.00026603655224375906,1.0800000327664103,1.3958502432395636,1.0,0.01034796421699613,-11.060832635699038,4.343527719763914,15.669770240783691,1.1679892674290384,Propagated J2016.0 -> J2025.353 (catalogue PM); chi2=1.40 (accept <= 13.816); 1 consistent source(s); local density 7.3/arcmin^2; P_chance=0.0103; flux-vs-G residual +1.17 mag (scatter 0.66)
3EPOCH-023,A,60804.58166331,155.8634733443359,-41.61877673161999,1.08,SIMBAD,,,,,,NO_MATCH,,,,,,,,,,,,"cone 15"""
3EPOCH-023,A,60804.58166331,155.8634733443359,-41.61877673161999,1.08,JPL Small-Body Identification (sb_ident),,,156.32195,-41.96184,1743.4637971043596,NO_MATCH,156.32195,-41.96184,,,2600670.2696297755,,,,,,,Full-field epoch-aware search of all known asteroids/comets at 2025-05-09_13:57:35 UTC; 6 object(s) in field; nearest 313052 (2000 RL52) at 29.1' (Horizons from SPHEREx)
3EPOCH-023,A,60804.58166331,155.8634733443359,-41.61877673161999,1.08,JPL Horizons (planets),,,132.23565,19.69771,234375.5739223041,NO_MATCH,,,,,,,,,,,,8 planets + Pluto from SPHEREx; nearest Mars at 65.1 deg
3EPOCH-023,A,60804.58166331,155.8634733443359,-41.61877673161999,1.08,SkyBoT (IMCCE),,,,,,SERVICE_UNAVAILABLE,,,,,,,,,,,,Not required: the equivalent MPC-orbit small-body search was performed with JPL sb_ident. Unreachable this run (ConnectTimeout).
3EPOCH-023,A,60804.58166331,155.8634733443359,-41.61877673161999,1.08,MPC Checker,,,,,,SERVICE_UNAVAILABLE,,,,,,,,,,,,Not required: the equivalent MPC-orbit small-body search was performed with JPL sb_ident. Unreachable this run (ConnectTimeout).
3EPOCH-023,C,60822.30895912,155.86438218309567,-41.6057966528261,0.71,Gaia DR3,Gaia DR3 5416487611811865088,star (Gaia DR3 point source),155.8642602346737,-41.60607896783714,1.0680318548062313,MATCH,155.8642602346737,-41.60607896783714,0.0006355075040492323,0.7100002844152865,2.2628270759637927,1.0,0.008204489366293588,-9.971725756042227,4.235940149328335,15.05545711517334,0.7840907951553582,Propagated J2016.0 -> J2025.401 (catalogue PM); chi2=2.26 (accept <= 13.816); 1 consistent source(s); local density 8.3/arcmin^2; P_chance=0.0082; flux-vs-G residual +0.78 mag (scatter 0.66)
3EPOCH-023,C,60822.30895912,155.86438218309567,-41.6057966528261,0.71,SIMBAD,,,,,,NO_MATCH,,,,,,,,,,,,"cone 15"""
3EPOCH-023,C,60822.30895912,155.86438218309567,-41.6057966528261,0.71,JPL Small-Body Identification (sb_ident),,,152.51583333333332,-42.23405555555556,9249.76345971879,NO_MATCH,152.51583333333332,-42.23405555555556,,,169724507.16276318,,,,,,,Full-field epoch-aware search of all known asteroids/comets at 2025-05-27_07:24:54 UTC; 3 object(s) in field; nearest (2025 EF) at 154.2' (geocentric)
3EPOCH-023,C,60822.30895912,155.86438218309567,-41.6057966528261,0.71,JPL Horizons (planets),,,141.15262,16.81887,215963.34413200393,NO_MATCH,,,,,,,,,,,,8 planets + Pluto from SPHEREx; nearest Mars at 60.0 deg
3EPOCH-023,C,60822.30895912,155.86438218309567,-41.6057966528261,0.71,SkyBoT (IMCCE),,,,,,SERVICE_UNAVAILABLE,,,,,,,,,,,,Not required: the equivalent MPC-orbit small-body search was performed with JPL sb_ident. Unreachable this run (ConnectTimeout).
3EPOCH-023,C,60822.30895912,155.86438218309567,-41.6057966528261,0.71,MPC Checker,,,,,,SERVICE_UNAVAILABLE,,,,,,,,,,,,Not required: the equivalent MPC-orbit small-body search was performed with JPL sb_ident. Unreachable this run (ConnectTimeout).
3EPOCH-023,B,60835.420874722,155.8671630998505,-41.59510165637065,1.08,Gaia DR3,Gaia DR3 5416487714887518208,star (Gaia DR3 point source),155.866800858608,-41.59500461749876,1.0359343853903202,MATCH,155.866800858608,-41.59500461749876,0.0026780264256133805,1.0800033202844963,0.9200561148423193,1.0,0.010084210398617843,-30.480078097462638,5.0158012428882515,17.952035903930664,-1.049451168637796,Propagated J2016.0 -> J2025.437 (catalogue PM); chi2=0.92 (accept <= 13.816); 1 consistent source(s); local density 10.8/arcmin^2; P_chance=0.0101; flux-vs-G residual -1.05 mag (scatter 0.66)
3EPOCH-023,B,60835.420874722,155.8671630998505,-41.59510165637065,1.08,SIMBAD,,,,,,NO_MATCH,,,,,,,,,,,,"cone 15"""
3EPOCH-023,B,60835.420874722,155.8671630998505,-41.59510165637065,1.08,JPL Small-Body Identification (sb_ident),,,155.47962499999997,-42.17225,2322.8874902566135,NO_MATCH,155.47962499999997,-42.17225,,,4626034.201295154,,,,,,,Full-field epoch-aware search of all known asteroids/comets at 2025-06-09_10:06:03 UTC; 2 object(s) in field; nearest (2010 HK) at 38.7' (geocentric)
3EPOCH-023,B,60835.420874722,155.8671630998505,-41.59510165637065,1.08,JPL Horizons (planets),,,147.98478,14.34834,203095.99045317207,NO_MATCH,,,,,,,,,,,,8 planets + Pluto from SPHEREx; nearest Mars at 56.4 deg
3EPOCH-023,B,60835.420874722,155.8671630998505,-41.59510165637065,1.08,SkyBoT (IMCCE),,,,,,SERVICE_UNAVAILABLE,,,,,,,,,,,,Not required: the equivalent MPC-orbit small-body search was performed with JPL sb_ident. Unreachable this run (ConnectTimeout).
3EPOCH-023,B,60835.420874722,155.8671630998505,-41.59510165637065,1.08,MPC Checker,,,,,,SERVICE_UNAVAILABLE,,,,,,,,,,,,Not required: the equivalent MPC-orbit small-body search was performed with JPL sb_ident. Unreachable this run (ConnectTimeout).
